,Bacteroides,Bifidobacterium,Phocaeicola,Fusicatenibacter,Roseburia,Hominilimicola,Blautia,Faecalibacterium,GGB4605,Ruminococcus,Anaerostipes,Collinsella,Agathobacter,Alistipes,GGB3612,Faecalibacillus,Dorea,Simiaoa,Hominenteromicrobium,Mediterraneibacter,Waltera,Parabacteroides,Candidatus Cibionibacter,Streptococcus,Escherichia,Coprococcus,Clostridium,Agathobaculum,Anaerobutyricum,Ruthenibacterium,Anaerotignum,Phascolarctobacterium,Eubacterium,Odoribacter,Lentihominibacter,Flavonifractor,Gallintestinimicrobium,Dysosmobacter,Lachnospira,Thomasclavelia,Veillonella,Haemophilus,Intestinibacter,Enterococcus,GGB51491,Actinomyces,Prevotella,Segatella,GGB3277,GGB4585,GGB4710,GGB4266,GGB3345,Holdemanella,Catenibacterium,Sarcina,Paratractidigestivibacter,Anthropogastromicrobium,GGB4564,Oscillibacter,Oliverpabstia,GGB4644,GGB82047,Pseudoflavonifractor,Vescimonas,GGB3862,Leyella,GGB9730,GGB51647,Butyricicoccus,GGB3118,GGB58067,GGB3478,GGB4604,GGB4682,GGB9642,GGB9715,GGB1495,GGB9627,GGB3636,GGB81330,GGB9634,Ellagibacter,GGB1239,GGB4552,Romboutsia,GGB9737,GGB51431,Slackia,GGB101072,GGB99810,GGB3189,Ligilactobacillus,GGB2983,GGB143455,GGB3256,GGB4642,GGB35068,GGB4723,Senegalimassilia,GGB9712,GGB3429,GGB9760,GGB9766,GGB49409,GGB4704,GGB9603,GGB4888,GGB9370,Pilosibacter,Faecalicatena,GGB9708,Rothia,GGB9290,GGB3588,GGB13404,Eshraghiella,Parolsenella,GGB9690,GGB9758,GGB9774,GGB9790,GGB4456,GGB1247,GGB3304,GGB3730,GGB9380,GGB4672,GGB9759,GGB115571,Jutongia,Mogibacterium,GGB9590,Akkermansia,GGB34797,GGB3109,GGB4611,Brotocaccenecus,GGB4591,Methanobrevibacter,GGB3623,GGB1627,GGB3306,GGB9342,GGB4699,GGB9691,GGB9677,GGB9636,GGB9602,GGB31460,GGB143497,GGB3653,Kineothrix,GGB9707,GGB4603,GGB9699,GGB13493,GGB4578,GGB1266,GGB4684,Wujia,GGB3619,GGB9747,GGB9293,GGB3321,GGB82668,GGB9618,GGB4584,GGB2958,GGB9778,GGB9608,GGB49418,GGB49284,GGB9786,GGB34228,Butyricimonas,GGB9302,GGB74412,GGB9383,GGB4884,GGB9767,Paraprevotella,Barnesiella,GGB9502,Bilophila,Hominiventricola,Holdemania,Lawsonibacter,GGB9522,GGB4599,Phoenicibacter,GGB9420,GGB9347,Treponema,GGB9762,GGB9345,GGB9787,Hominifimenecus,GGB9189,otros
36703_3#10,32.4393034,11.2000934,10.1730434,6.6152334,5.2507234,4.1556334,3.9277334,3.5588034000000004,3.3923933999999996,2.8648134,2.3346634,2.1192334,1.5203834,0.9865834,0.8595334,0.8292033999999999,0.8282334,0.8190334,0.6534334,0.6472334000000001,0.4478534,0.43078340000000004,0.3275933999999999,0.3145734,0.2618634,0.2595933999999999,0.25915340000000003,0.1686234,0.1515534,0.1256034,0.1013434,0.1009934,0.0807934,0.0729734,0.0728634,0.037353399999999995,0.0367034,0.0362734,0.0232734,0.0192834,0.0126434,0.0061234,0.0045334,0.0043234,0.0038734,0.0012234,0.0008933999999999,8.400000000000001e-06,8.400000000000001e-06,8.400000000000001e-06,8.400000000000001e-06,8.400000000000001e-06,8.400000000000001e-06,8.400000000000001e-06,8.400000000000001e-06,8.400000000000001e-06,8.400000000000001e-06,8.400000000000001e-06,8.400000000000001e-06,8.400000000000001e-06,8.400000000000001e-06,8.400000000000001e-06,8.400000000000001e-06,8.400000000000001e-06,8.400000000000001e-06,8.400000000000001e-06,8.400000000000001e-06,8.400000000000001e-06,8.400000000000001e-06,8.400000000000001e-06,8.400000000000001e-06,8.400000000000001e-06,8.400000000000001e-06,8.400000000000001e-06,8.400000000000001e-06,8.400000000000001e-06,8.400000000000001e-06,8.400000000000001e-06,8.400000000000001e-06,8.400000000000001e-06,8.400000000000001e-06,8.400000000000001e-06,8.400000000000001e-06,8.400000000000001e-06,8.400000000000001e-06,8.400000000000001e-06,8.400000000000001e-06,8.400000000000001e-06,8.400000000000001e-06,8.400000000000001e-06,8.400000000000001e-06,8.400000000000001e-06,8.400000000000001e-06,8.400000000000001e-06,8.400000000000001e-06,8.400000000000001e-06,8.400000000000001e-06,8.400000000000001e-06,8.400000000000001e-06,8.400000000000001e-06,8.400000000000001e-06,8.400000000000001e-06,8.400000000000001e-06,8.400000000000001e-06,8.400000000000001e-06,8.400000000000001e-06,8.400000000000001e-06,8.400000000000001e-06,8.400000000000001e-06,8.400000000000001e-06,8.400000000000001e-06,8.400000000000001e-06,8.400000000000001e-06,8.400000000000001e-06,8.400000000000001e-06,8.400000000000001e-06,8.400000000000001e-06,8.400000000000001e-06,8.400000000000001e-06,8.400000000000001e-06,8.400000000000001e-06,8.400000000000001e-06,8.400000000000001e-06,8.400000000000001e-06,8.400000000000001e-06,8.400000000000001e-06,8.400000000000001e-06,8.400000000000001e-06,8.400000000000001e-06,8.400000000000001e-06,8.400000000000001e-06,8.400000000000001e-06,8.400000000000001e-06,8.400000000000001e-06,8.400000000000001e-06,8.400000000000001e-06,8.400000000000001e-06,8.400000000000001e-06,8.400000000000001e-06,8.400000000000001e-06,8.400000000000001e-06,8.400000000000001e-06,8.400000000000001e-06,8.400000000000001e-06,8.400000000000001e-06,8.400000000000001e-06,8.400000000000001e-06,8.400000000000001e-06,8.400000000000001e-06,8.400000000000001e-06,8.400000000000001e-06,8.400000000000001e-06,8.400000000000001e-06,8.400000000000001e-06,8.400000000000001e-06,8.400000000000001e-06,8.400000000000001e-06,8.400000000000001e-06,8.400000000000001e-06,8.400000000000001e-06,8.400000000000001e-06,8.400000000000001e-06,8.400000000000001e-06,8.400000000000001e-06,8.400000000000001e-06,8.400000000000001e-06,8.400000000000001e-06,8.400000000000001e-06,8.400000000000001e-06,8.400000000000001e-06,8.400000000000001e-06,8.400000000000001e-06,8.400000000000001e-06,8.400000000000001e-06,8.400000000000001e-06,8.400000000000001e-06,8.400000000000001e-06,8.400000000000001e-06,8.400000000000001e-06,8.400000000000001e-06,8.400000000000001e-06,8.400000000000001e-06,8.400000000000001e-06,8.400000000000001e-06,8.400000000000001e-06,8.400000000000001e-06,8.400000000000001e-06,8.400000000000001e-06,8.400000000000001e-06,8.400000000000001e-06,8.400000000000001e-06,8.400000000000001e-06,8.400000000000001e-06,8.400000000000001e-06,8.400000000000001e-06,8.400000000000001e-06,8.400000000000001e-06,8.400000000000001e-06,8.400000000000001e-06,1.4607534000000295
36703_3#12,1.9074999999999996e-05,2.081464075,1.9074999999999996e-05,1.630404075,2.779344075,0.023124075,2.393414075,13.650354075000001,1.9074999999999996e-05,11.700354075,1.9074999999999996e-05,0.250434075,4.570644075000001,1.9074999999999996e-05,0.043354075,0.0615140749999999,2.875534075,0.163724075,0.080404075,1.741694075,1.9074999999999996e-05,1.9074999999999996e-05,0.091974075,0.38996407499999997,1.232364075,2.308004075,2.854384075,1.138994075,0.0527140749999999,1.9074999999999996e-05,0.017704075,1.9074999999999996e-05,1.108314075,1.9074999999999996e-05,0.009584075,1.9074999999999996e-05,0.34382407499999995,1.9074999999999996e-05,0.059914075,1.9074999999999996e-05,0.111554075,0.157864075,0.029844075,0.053834075,1.9074999999999996e-05,1.9074999999999996e-05,0.124324075,4.067214075000001,2.870244075,2.5188040750000003,2.478494075,2.1372240750000002,1.557864075,1.1655040749999999,1.082474075,0.645504075,0.594914075,0.5646740749999999,0.519794075,0.47726407499999995,0.45777407499999995,0.407924075,0.40117407499999996,0.3861540749999999,0.385874075,0.350134075,0.337974075,0.33278407499999996,0.314764075,0.30342407499999996,0.292684075,0.27011407499999995,0.2684940749999999,0.262374075,0.260644075,0.232404075,0.205974075,0.191004075,0.158834075,0.142554075,0.142004075,0.1400940749999999,0.127934075,0.1264940749999999,0.117374075,0.112104075,0.104334075,0.101294075,0.086434075,0.072524075,0.071594075,0.062844075,0.057084075,0.049544075,0.046704075,0.039754075,0.037764075,0.033404075,0.033244075,0.030284075,0.028714075,0.027774075,0.024584075,0.024444075,0.024274075,0.023744075,0.023334075,0.022184075,0.0194540749999999,0.016764075,0.0157040749999999,0.015484075,0.012524075,0.011754075,0.007574075,0.007184075,0.006524075,0.005774075,0.005404075,0.0044440750000000005,0.002694075,0.002334075,0.000934075,1.9074999999999996e-05,1.9074999999999996e-05,1.9074999999999996e-05,1.9074999999999996e-05,1.9074999999999996e-05,1.9074999999999996e-05,1.9074999999999996e-05,1.9074999999999996e-05,1.9074999999999996e-05,1.9074999999999996e-05,1.9074999999999996e-05,1.9074999999999996e-05,1.9074999999999996e-05,1.9074999999999996e-05,1.9074999999999996e-05,1.9074999999999996e-05,1.9074999999999996e-05,1.9074999999999996e-05,1.9074999999999996e-05,1.9074999999999996e-05,1.9074999999999996e-05,1.9074999999999996e-05,1.9074999999999996e-05,1.9074999999999996e-05,1.9074999999999996e-05,1.9074999999999996e-05,1.9074999999999996e-05,1.9074999999999996e-05,1.9074999999999996e-05,1.9074999999999996e-05,1.9074999999999996e-05,1.9074999999999996e-05,1.9074999999999996e-05,1.9074999999999996e-05,1.9074999999999996e-05,1.9074999999999996e-05,1.9074999999999996e-05,1.9074999999999996e-05,1.9074999999999996e-05,1.9074999999999996e-05,1.9074999999999996e-05,1.9074999999999996e-05,1.9074999999999996e-05,1.9074999999999996e-05,1.9074999999999996e-05,1.9074999999999996e-05,1.9074999999999996e-05,1.9074999999999996e-05,1.9074999999999996e-05,1.9074999999999996e-05,1.9074999999999996e-05,1.9074999999999996e-05,1.9074999999999996e-05,1.9074999999999996e-05,1.9074999999999996e-05,1.9074999999999996e-05,1.9074999999999996e-05,1.9074999999999996e-05,1.9074999999999996e-05,1.9074999999999996e-05,1.9074999999999996e-05,1.9074999999999996e-05,1.9074999999999996e-05,1.9074999999999996e-05,1.9074999999999996e-05,1.9074999999999996e-05,1.9074999999999996e-05,1.9074999999999996e-05,1.9074999999999996e-05,1.9074999999999996e-05,1.9074999999999996e-05,1.9074999999999996e-05,1.9074999999999996e-05,1.9074999999999996e-05,1.9074999999999996e-05,1.9074999999999996e-05,17.297894075000038
36703_3#13,0.01496865,1.2632386500000001,1.365e-05,0.055958649999999895,3.73620865,1.365e-05,0.46369864999999993,20.11005865,1.365e-05,6.141458650000001,1.365e-05,0.11550864999999999,7.22299865,1.365e-05,0.12002865,0.038268649999999994,0.2478986499999999,3.4351986500000002,1.365e-05,0.36089864999999993,0.75463865,1.365e-05,1.365e-05,0.36059865,0.00717865,0.99553865,1.75430865,0.37185865,0.00899865,1.365e-05,1.365e-05,0.47769865,0.75339865,1.365e-05,1.365e-05,0.0076386499999999006,0.22556865,0.07479865,0.7513786499999999,1.365e-05,0.055008649999999895,0.54139865,0.05463865,1.365e-05,0.00012864999999999998,1.365e-05,1.5206286500000001,22.62534865,1.365e-05,1.365e-05,1.365e-05,2.9968186500000003,1.365e-05,0.16287864999999999,0.33632865,1.365e-05,0.49351865,0.08185864999999999,1.365e-05,0.10558864999999999,1.365e-05,0.74450865,1.365e-05,1.365e-05,1.365e-05,1.365e-05,0.6912186499999999,0.16314865,1.365e-05,1.365e-05,0.13469865,0.01508865,0.05654865,0.06800864999999999,1.365e-05,1.365e-05,1.365e-05,0.69968865,1.365e-05,1.365e-05,0.24381865,1.365e-05,0.00511865,0.34976865,1.365e-05,0.059418649999999996,1.365e-05,1.365e-05,0.01078865,1.365e-05,0.00480865,1.365e-05,1.365e-05,1.365e-05,0.14767865,1.365e-05,0.07300865,1.365e-05,1.365e-05,0.02445865,1.365e-05,0.01216865,0.03823865,0.03258865,1.365e-05,1.365e-05,1.365e-05,0.055868649999999895,1.365e-05,0.11396864999999999,0.032788649999999996,0.5004286499999999,0.00430865,1.365e-05,1.365e-05,0.01701865,1.365e-05,0.01619865,1.365e-05,1.365e-05,1.365e-05,1.365e-05,0.11375864999999989,1.0394386500000001,0.18389865,0.17104865,0.11797864999999999,0.07990865,0.050208649999999994,0.02645865,0.02465865,0.01407865,0.01377865,1.365e-05,1.365e-05,1.365e-05,1.365e-05,1.365e-05,1.365e-05,1.365e-05,1.365e-05,1.365e-05,1.365e-05,1.365e-05,1.365e-05,1.365e-05,1.365e-05,1.365e-05,1.365e-05,1.365e-05,1.365e-05,1.365e-05,1.365e-05,1.365e-05,1.365e-05,1.365e-05,1.365e-05,1.365e-05,1.365e-05,1.365e-05,1.365e-05,1.365e-05,1.365e-05,1.365e-05,1.365e-05,1.365e-05,1.365e-05,1.365e-05,1.365e-05,1.365e-05,1.365e-05,1.365e-05,1.365e-05,1.365e-05,1.365e-05,1.365e-05,1.365e-05,1.365e-05,1.365e-05,1.365e-05,1.365e-05,1.365e-05,1.365e-05,1.365e-05,1.365e-05,1.365e-05,1.365e-05,1.365e-05,1.365e-05,1.365e-05,1.365e-05,1.365e-05,1.365e-05,1.365e-05,1.365e-05,1.365e-05,1.365e-05,1.365e-05,1.365e-05,15.00362865
36703_3#14,0.011266375,3.932666375,0.025556375,0.32467637499999996,0.164686375,0.086936375,1.646296375,0.5079363750000001,0.089446375,2.7504663750000002,1.1375000000000002e-05,0.878466375,0.5036763750000001,1.1375000000000002e-05,1.1375000000000002e-05,0.124476375,1.120686375,0.010446375,0.0641063749999999,0.638526375,1.1375000000000002e-05,1.1375000000000002e-05,0.078576375,5.611956375,0.039356375,0.6795363750000001,8.497266374999999,0.065076375,0.174076375,1.1375000000000002e-05,1.1375000000000002e-05,0.034726375000000004,0.016976375000000002,1.1375000000000002e-05,0.021336375,1.1375000000000002e-05,0.001236375,1.1375000000000002e-05,1.1375000000000002e-05,1.1375000000000002e-05,1.1375000000000002e-05,0.0962163749999999,0.197096375,1.1375000000000002e-05,1.1375000000000002e-05,0.246556375,1.1375000000000002e-05,33.006366375000006,1.1375000000000002e-05,1.1375000000000002e-05,1.1375000000000002e-05,1.1375000000000002e-05,1.1375000000000002e-05,3.8821763750000002,2.026186375,1.880806375,1.1375000000000002e-05,0.048716375,1.1375000000000002e-05,1.1375000000000002e-05,0.835826375,1.1375000000000002e-05,1.1375000000000002e-05,1.1375000000000002e-05,1.1375000000000002e-05,1.1375000000000002e-05,1.715276375,0.600816375,0.035326375,0.011676375000000001,1.1375000000000002e-05,1.1375000000000002e-05,0.001876375,0.0086863749999999,0.014336375,0.074576375,1.1375000000000002e-05,0.0038763749999999996,1.1375000000000002e-05,1.1375000000000002e-05,1.1375000000000002e-05,1.1375000000000002e-05,1.0201963749999998,1.151256375,1.1375000000000002e-05,2.613666375,1.1375000000000002e-05,1.1375000000000002e-05,0.736166375,1.1375000000000002e-05,1.1375000000000002e-05,1.1375000000000002e-05,0.812986375,1.1375000000000002e-05,1.1375000000000002e-05,1.1375000000000002e-05,1.1375000000000002e-05,1.1375000000000002e-05,1.1375000000000002e-05,1.6127663749999999,1.1375000000000002e-05,0.0600563749999999,1.1375000000000002e-05,1.1375000000000002e-05,1.1375000000000002e-05,1.1375000000000002e-05,1.1375000000000002e-05,1.1375000000000002e-05,1.1375000000000002e-05,1.1375000000000002e-05,0.034086375,1.1375000000000002e-05,0.1564863749999999,1.1375000000000002e-05,1.1375000000000002e-05,1.1375000000000002e-05,0.034106375,1.1375000000000002e-05,1.1375000000000002e-05,1.1375000000000002e-05,1.1375000000000002e-05,1.1375000000000002e-05,0.091136375,1.1375000000000002e-05,1.1375000000000002e-05,1.1375000000000002e-05,1.1375000000000002e-05,1.1375000000000002e-05,0.002296375,0.001616375,1.1375000000000002e-05,1.1375000000000002e-05,1.1375000000000002e-05,0.301266375,0.2115963749999999,0.059776375,0.043456375,0.0008963749999999,1.1375000000000002e-05,1.1375000000000002e-05,1.1375000000000002e-05,1.1375000000000002e-05,1.1375000000000002e-05,1.1375000000000002e-05,1.1375000000000002e-05,1.1375000000000002e-05,1.1375000000000002e-05,1.1375000000000002e-05,1.1375000000000002e-05,1.1375000000000002e-05,1.1375000000000002e-05,1.1375000000000002e-05,1.1375000000000002e-05,1.1375000000000002e-05,1.1375000000000002e-05,1.1375000000000002e-05,1.1375000000000002e-05,1.1375000000000002e-05,1.1375000000000002e-05,1.1375000000000002e-05,1.1375000000000002e-05,1.1375000000000002e-05,1.1375000000000002e-05,1.1375000000000002e-05,1.1375000000000002e-05,1.1375000000000002e-05,1.1375000000000002e-05,1.1375000000000002e-05,1.1375000000000002e-05,1.1375000000000002e-05,1.1375000000000002e-05,1.1375000000000002e-05,1.1375000000000002e-05,1.1375000000000002e-05,1.1375000000000002e-05,1.1375000000000002e-05,1.1375000000000002e-05,1.1375000000000002e-05,1.1375000000000002e-05,1.1375000000000002e-05,1.1375000000000002e-05,1.1375000000000002e-05,1.1375000000000002e-05,1.1375000000000002e-05,1.1375000000000002e-05,1.1375000000000002e-05,1.1375000000000002e-05,1.1375000000000002e-05,1.1375000000000002e-05,1.1375000000000002e-05,1.1375000000000002e-05,1.1375000000000002e-05,1.1375000000000002e-05,1.1375000000000002e-05,1.1375000000000002e-05,1.1375000000000002e-05,1.1375000000000002e-05,1.1375000000000002e-05,1.1375000000000002e-05,18.26781637500001
36703_3#15,9.274999999999998e-06,14.905114274999999,9.274999999999998e-06,0.606574275,0.094224275,1.449734275,3.141794275,0.485864275,0.102104275,4.457564274999999,0.722214275,1.563524275,44.217824275,9.274999999999998e-06,9.274999999999998e-06,0.443524275,0.8797042749999999,9.274999999999998e-06,0.208604275,0.333994275,9.274999999999998e-06,9.274999999999998e-06,1.3896642750000001,2.421454275,9.274999999999998e-06,0.43311427499999994,3.363424275,9.274999999999998e-06,0.161074275,9.274999999999998e-06,9.274999999999998e-06,9.274999999999998e-06,0.039584275,9.274999999999998e-06,0.010604275,9.274999999999998e-06,0.022954275,9.274999999999998e-06,0.003234275,0.011174275,9.274999999999998e-06,9.274999999999998e-06,0.0544142749999999,9.274999999999998e-06,0.0012442749999998998,0.044434275,9.274999999999998e-06,0.400594275,9.274999999999998e-06,9.274999999999998e-06,9.274999999999998e-06,9.274999999999998e-06,9.274999999999998e-06,9.274999999999998e-06,9.274999999999998e-06,0.297144275,9.274999999999998e-06,0.002374275,9.274999999999998e-06,9.274999999999998e-06,0.453714275,9.274999999999998e-06,9.274999999999998e-06,9.274999999999998e-06,0.028024274999999998,9.274999999999998e-06,9.274999999999998e-06,4.887884274999999,9.274999999999998e-06,9.274999999999998e-06,9.274999999999998e-06,9.274999999999998e-06,9.274999999999998e-06,9.274999999999998e-06,0.208254275,9.274999999999998e-06,0.061244275,9.274999999999998e-06,0.0057542749999999,9.274999999999998e-06,9.274999999999998e-06,9.274999999999998e-06,9.274999999999998e-06,9.274999999999998e-06,0.0040742750000000005,0.589824275,9.274999999999998e-06,9.274999999999998e-06,1.545624275,9.274999999999998e-06,0.019834275,9.274999999999998e-06,0.023524275,9.274999999999998e-06,9.274999999999998e-06,2.494014275,1.490184275,9.274999999999998e-06,9.274999999999998e-06,9.274999999999998e-06,9.274999999999998e-06,9.274999999999998e-06,0.2309442749999999,9.274999999999998e-06,0.052124275000000005,9.274999999999998e-06,9.274999999999998e-06,9.274999999999998e-06,9.274999999999998e-06,9.274999999999998e-06,9.274999999999998e-06,9.274999999999998e-06,0.09460427499999989,9.274999999999998e-06,0.044754275,9.274999999999998e-06,9.274999999999998e-06,9.274999999999998e-06,9.274999999999998e-06,9.274999999999998e-06,9.274999999999998e-06,0.009924275,0.076684275,9.274999999999998e-06,9.274999999999998e-06,9.274999999999998e-06,9.274999999999998e-06,9.274999999999998e-06,0.13445427499999998,9.274999999999998e-06,9.274999999999998e-06,9.274999999999998e-06,9.274999999999998e-06,9.274999999999998e-06,9.274999999999998e-06,9.274999999999998e-06,9.274999999999998e-06,9.274999999999998e-06,0.419754275,9.274999999999998e-06,9.274999999999998e-06,9.274999999999998e-06,9.274999999999998e-06,9.274999999999998e-06,9.274999999999998e-06,9.274999999999998e-06,9.274999999999998e-06,9.274999999999998e-06,9.274999999999998e-06,9.274999999999998e-06,9.274999999999998e-06,9.274999999999998e-06,9.274999999999998e-06,9.274999999999998e-06,9.274999999999998e-06,9.274999999999998e-06,9.274999999999998e-06,9.274999999999998e-06,9.274999999999998e-06,9.274999999999998e-06,9.274999999999998e-06,9.274999999999998e-06,9.274999999999998e-06,9.274999999999998e-06,9.274999999999998e-06,9.274999999999998e-06,9.274999999999998e-06,9.274999999999998e-06,9.274999999999998e-06,9.274999999999998e-06,9.274999999999998e-06,9.274999999999998e-06,9.274999999999998e-06,9.274999999999998e-06,9.274999999999998e-06,9.274999999999998e-06,9.274999999999998e-06,9.274999999999998e-06,9.274999999999998e-06,9.274999999999998e-06,9.274999999999998e-06,9.274999999999998e-06,9.274999999999998e-06,9.274999999999998e-06,9.274999999999998e-06,9.274999999999998e-06,9.274999999999998e-06,9.274999999999998e-06,9.274999999999998e-06,9.274999999999998e-06,9.274999999999998e-06,9.274999999999998e-06,9.274999999999998e-06,9.274999999999998e-06,9.274999999999998e-06,9.274999999999998e-06,9.274999999999998e-06,9.274999999999998e-06,9.274999999999998e-06,4.854584275000022
36703_3#16,0.023610549999999998,1.52978055,2.5549999999999998e-05,0.19065055,0.8994505500000001,2.5549999999999998e-05,0.30917055,4.48350055,2.5549999999999998e-05,8.43932055,2.5549999999999998e-05,0.09878055000000001,3.3552205500000003,0.01429055,0.20153055,0.00325055,0.18913055,4.54984055,0.09318055,0.09174055,0.62353055,0.01009055,0.12211055000000001,0.10495055,0.004640549999999999,1.55650055,0.99809055,0.048860549999999996,0.08874055,2.5549999999999998e-05,0.00457055,0.00475055,0.26465055,2.5549999999999998e-05,0.01082055,2.5549999999999998e-05,0.33461054999999995,0.31370054999999997,0.19536055,2.5549999999999998e-05,0.12119055000000001,0.0206505499999999,2.5549999999999998e-05,0.02125055,2.5549999999999998e-05,0.00510055,0.18602055,9.65019055,0.60399055,0.02374055,0.14412055000000001,2.43037055,0.05536055,0.23523055,1.08036055,2.5549999999999998e-05,0.004490549999999999,0.08207055,0.1713505499999999,1.47583055,2.5549999999999998e-05,0.28996055,2.5549999999999998e-05,0.2631605499999999,0.23352055,0.03317055,0.24282055,0.0985205499999999,1.54395055,0.05684055,0.04812055,0.0149605499999999,0.0037105500000000004,0.04146055,0.71232055,0.05045055,1.82134055,0.99673055,0.08091055000000001,0.14225055,0.93227055,1.5539005499999998,2.5549999999999998e-05,0.08373055,0.31250055,2.5549999999999998e-05,0.08962055000000001,0.0027105499999999,2.5549999999999998e-05,2.5549999999999998e-05,0.015860549999999998,0.028460549999999998,2.5549999999999998e-05,0.01073055,0.58921055,2.5549999999999998e-05,0.18723055,0.00243055,0.02010055,2.5549999999999998e-05,0.11640054999999991,0.015340550000000001,0.12411055,0.08655055,0.00030055,2.5549999999999998e-05,0.25182055,0.03795055,2.5549999999999998e-05,0.04559055,2.5549999999999998e-05,0.28179055,0.10681055,0.01720055,2.5549999999999998e-05,0.13917055,1.87438055,0.02142055,0.15970055,0.2671605499999999,0.07273055,0.06708055,2.5549999999999998e-05,2.5549999999999998e-05,1.78331055,0.01527055,0.0115505499999999,0.02143055,0.022490549999999998,0.15977055,2.5549999999999998e-05,2.5549999999999998e-05,0.03471055,2.5549999999999998e-05,2.5549999999999998e-05,2.5549999999999998e-05,2.5549999999999998e-05,0.1372705499999999,2.5549999999999998e-05,2.33540055,1.67416055,1.53610055,1.2765705499999997,0.61903055,0.61483055,0.5245005500000001,0.46686055,0.35451055,0.29210054999999996,0.17976055000000002,0.15463055,0.10663055,0.10626055000000001,0.08901055000000001,0.06645055000000001,0.06538055000000001,0.06291055000000001,0.06237055,0.05313055,0.04570055,0.042720549999999996,0.04032055,0.03593055,0.02639055,0.02305055,0.02196055,0.021570549999999997,0.020970549999999998,0.01464055,0.01379055,0.013040550000000001,0.010540550000000001,0.01004055,0.00774055,0.006300549999999999,0.00280055,0.00264055,0.00040055,2.5549999999999998e-05,2.5549999999999998e-05,2.5549999999999998e-05,2.5549999999999998e-05,2.5549999999999998e-05,2.5549999999999998e-05,2.5549999999999998e-05,2.5549999999999998e-05,2.5549999999999998e-05,2.5549999999999998e-05,2.5549999999999998e-05,2.5549999999999998e-05,2.5549999999999998e-05,2.5549999999999998e-05,2.5549999999999998e-05,2.5549999999999998e-05,2.5549999999999998e-05,2.5549999999999998e-05,2.5549999999999998e-05,2.5549999999999998e-05,2.5549999999999998e-05,27.153450550000027
36703_3#17,1.2424999999999997e-05,1.088347425,1.2424999999999997e-05,1.758327425,0.058957425,1.2424999999999997e-05,6.059477425,7.9465474249999986,0.016787424999999998,1.6504174249999999,0.059747425,2.326557425,0.021937425,1.2424999999999997e-05,1.2424999999999997e-05,0.982377425,2.760607425,1.2424999999999997e-05,0.059277425,0.204377425,1.2424999999999997e-05,1.2424999999999997e-05,1.2424999999999997e-05,17.655117425,0.085617425,0.618257425,5.869507425,0.829677425,1.279727425,1.2424999999999997e-05,1.2424999999999997e-05,1.2424999999999997e-05,0.2019774249999999,0.0083074249999999,0.0005474249999999999,1.2424999999999997e-05,0.025217424999999998,1.2424999999999997e-05,0.193107425,1.2424999999999997e-05,0.193437425,3.189167425,0.163757425,10.338577425,0.009017424999999999,1.2424999999999997e-05,0.001947425,4.665437425,1.2424999999999997e-05,0.530467425,1.2424999999999997e-05,1.2424999999999997e-05,0.064017425,13.034247425,1.2424999999999997e-05,1.2424999999999997e-05,1.2424999999999997e-05,0.591907425,1.2424999999999997e-05,0.038737425000000006,0.107087425,0.023487425,1.2424999999999997e-05,1.2424999999999997e-05,0.188007425,1.2424999999999997e-05,1.2424999999999997e-05,0.198457425,0.7612674249999999,1.2424999999999997e-05,0.027777424999999998,0.071747425,1.2424999999999997e-05,0.11479742500000001,1.2424999999999997e-05,0.1499374249999999,0.4258974249999999,1.2424999999999997e-05,0.191267425,1.2424999999999997e-05,1.2424999999999997e-05,0.008447425,1.2424999999999997e-05,1.2424999999999997e-05,0.26321742499999995,1.009547425,1.2424999999999997e-05,1.2424999999999997e-05,0.092757425,1.2424999999999997e-05,0.0308674249999999,1.2424999999999997e-05,1.2424999999999997e-05,1.2424999999999997e-05,1.2424999999999997e-05,0.049397425,0.1751374249999999,1.2424999999999997e-05,1.2424999999999997e-05,0.191227425,1.2424999999999997e-05,1.2424999999999997e-05,0.129147425,1.2424999999999997e-05,0.0031874250000000002,1.2424999999999997e-05,1.2424999999999997e-05,0.2233474249999999,0.084857425,1.2424999999999997e-05,0.008847424999999999,1.2424999999999997e-05,0.189857425,1.2424999999999997e-05,0.049007425,1.2424999999999997e-05,1.2424999999999997e-05,1.2424999999999997e-05,1.2424999999999997e-05,1.2424999999999997e-05,1.2424999999999997e-05,0.002327425,0.156717425,1.2424999999999997e-05,1.2424999999999997e-05,1.2424999999999997e-05,1.2424999999999997e-05,1.2424999999999997e-05,0.0570674249999999,1.2424999999999997e-05,1.2424999999999997e-05,1.2424999999999997e-05,1.2424999999999997e-05,1.2424999999999997e-05,1.2424999999999997e-05,1.2424999999999997e-05,1.2424999999999997e-05,1.2424999999999997e-05,0.088427425,1.2424999999999997e-05,1.2424999999999997e-05,1.2424999999999997e-05,1.2424999999999997e-05,1.2424999999999997e-05,1.2424999999999997e-05,1.2424999999999997e-05,1.2424999999999997e-05,1.2424999999999997e-05,1.2424999999999997e-05,1.2424999999999997e-05,1.2424999999999997e-05,1.2424999999999997e-05,1.2424999999999997e-05,1.2424999999999997e-05,0.007097424999999999,0.075087425,1.2424999999999997e-05,1.2424999999999997e-05,1.2424999999999997e-05,1.2424999999999997e-05,0.005497424999999999,1.2424999999999997e-05,1.2424999999999997e-05,1.2424999999999997e-05,1.2424999999999997e-05,1.2424999999999997e-05,1.2424999999999997e-05,1.2424999999999997e-05,1.2424999999999997e-05,1.2424999999999997e-05,1.2424999999999997e-05,1.2424999999999997e-05,1.2424999999999997e-05,1.2424999999999997e-05,1.2424999999999997e-05,1.2424999999999997e-05,1.2424999999999997e-05,1.2424999999999997e-05,1.2424999999999997e-05,1.2424999999999997e-05,1.2424999999999997e-05,1.2424999999999997e-05,1.2424999999999997e-05,1.2424999999999997e-05,1.2424999999999997e-05,1.2424999999999997e-05,1.2424999999999997e-05,1.2424999999999997e-05,1.2424999999999997e-05,1.2424999999999997e-05,1.2424999999999997e-05,1.2424999999999997e-05,1.2424999999999997e-05,1.2424999999999997e-05,1.2424999999999997e-05,1.2424999999999997e-05,1.2424999999999997e-05,1.2424999999999997e-05,1.2424999999999997e-05,10.256067425000012
36703_3#18,0.025070575,6.479170575,1.5575e-05,0.1300405749999999,0.629100575,1.5575e-05,1.0015305749999999,35.750400575,0.0227005749999999,2.1040705749999997,1.5575e-05,2.260120575,0.4849005749999999,1.5575e-05,1.5575e-05,0.014040575,2.669520575,0.001440575,0.005850575,2.983670575,1.5575e-05,1.5575e-05,0.806260575,4.377820575,1.309850575,0.534400575,0.876880575,0.093520575,0.067280575,1.5575e-05,0.033030575000000006,1.5575e-05,0.000390575,1.5575e-05,0.2463005749999999,1.5575e-05,0.097940575,1.5575e-05,1.5575e-05,1.5575e-05,0.023170575,1.779220575,0.314860575,1.5575e-05,1.5575e-05,0.38867057499999996,0.1136605749999999,2.0586705750000003,0.972830575,0.169650575,1.5575e-05,0.312230575,1.5575e-05,7.128980575,3.5014105750000004,1.5575e-05,1.162030575,0.083730575,1.5575e-05,0.027830575,0.33477057499999996,1.5575e-05,0.12960057500000002,0.035890574999999994,0.218190575,1.5575e-05,0.235010575,0.407690575,0.5486905750000001,1.5575e-05,0.5014605750000001,0.007180575,1.5575e-05,1.5575e-05,1.5575e-05,0.065040575,0.5002205750000001,1.5575e-05,0.006140575,1.5575e-05,0.042360575,0.18202057500000002,0.378210575,0.044420575000000004,1.5575e-05,2.116370575,0.053240575,1.5575e-05,0.154390575,1.5575e-05,1.5575e-05,1.5575e-05,0.239770575,1.5575e-05,1.5575e-05,0.069100575,0.614830575,1.5575e-05,1.5575e-05,0.08076057499999989,0.035470575000000004,0.003480575,0.4457205749999999,0.050960574999999994,1.5575e-05,1.5575e-05,1.5575e-05,0.237490575,0.021320575,1.5575e-05,1.5575e-05,1.5575e-05,0.771960575,1.5575e-05,1.5575e-05,1.5575e-05,1.5575e-05,0.45395057499999997,0.001410575,0.014670575,0.10674057499999999,0.128450575,0.018740575,1.5575e-05,1.5575e-05,0.006610575,1.5575e-05,1.5575e-05,0.1240405749999999,1.5575e-05,1.5575e-05,0.12565057500000001,1.5575e-05,1.5575e-05,0.007850575,1.5575e-05,1.5575e-05,1.5575e-05,1.5575e-05,1.5575e-05,1.5575e-05,0.012720575,1.5575e-05,1.5575e-05,1.5575e-05,1.5575e-05,1.5575e-05,1.5575e-05,1.5575e-05,1.5575e-05,1.5575e-05,1.5575e-05,1.5575e-05,0.000470575,1.5575e-05,1.5575e-05,1.5575e-05,0.066800575,0.09618057499999999,1.5575e-05,1.5575e-05,1.5575e-05,1.5575e-05,1.5575e-05,1.5575e-05,1.5575e-05,1.5575e-05,1.5575e-05,1.5575e-05,1.5575e-05,1.5575e-05,1.5575e-05,1.5575e-05,0.012670575,1.5575e-05,1.5575e-05,1.5575e-05,1.5575e-05,0.4999505749999999,0.222230575,0.025110575,1.5575e-05,1.5575e-05,1.5575e-05,1.5575e-05,1.5575e-05,1.5575e-05,1.5575e-05,1.5575e-05,1.5575e-05,1.5575e-05,1.5575e-05,1.5575e-05,1.5575e-05,1.5575e-05,1.5575e-05,1.5575e-05,1.5575e-05,1.5575e-05,8.500000575000042
36703_3#19,0.00574725,12.16544725,0.024237250000000002,0.87526725,1.14598725,0.04072725,3.2709372500000002,1.61799725,1.225e-05,1.8523872499999998,0.14954725000000002,1.225e-05,0.94569725,1.225e-05,1.225e-05,0.4645672499999999,8.26079725,0.23655725000000002,1.225e-05,0.54089725,1.225e-05,1.225e-05,6.13635725,8.40753725,0.35378725,0.42924724999999997,1.4761672499999998,0.00212725,1.2841272499999998,1.225e-05,1.225e-05,0.04790725,0.06177725,1.225e-05,0.68825725,1.225e-05,0.01181725,0.01269725,1.225e-05,1.225e-05,1.225e-05,0.08160724999999999,0.0006872499999999,15.277367250000001,0.00083725,0.049147249999999996,1.225e-05,1.68582725,1.225e-05,1.225e-05,0.00672725,1.225e-05,0.038517249999999996,1.225e-05,1.225e-05,0.97994725,1.225e-05,1.225e-05,1.225e-05,0.00313725,0.005117249999999999,0.14405724999999991,1.225e-05,1.225e-05,1.225e-05,1.225e-05,1.225e-05,11.37731725,1.225e-05,1.225e-05,1.225e-05,1.225e-05,1.225e-05,0.1027872499999999,1.225e-05,0.028377250000000003,0.15885725,1.225e-05,1.225e-05,1.225e-05,1.225e-05,1.225e-05,1.225e-05,1.225e-05,0.09751725,0.15355725,1.225e-05,0.020457250000000003,1.58352725,1.225e-05,0.00034725,1.225e-05,0.6130572500000001,1.225e-05,1.225e-05,3.87077725,1.225e-05,0.00155725,0.03240725,0.03240725,1.225e-05,1.225e-05,0.017227250000000003,1.225e-05,1.225e-05,1.225e-05,1.225e-05,1.225e-05,0.64811725,1.225e-05,0.26431725,1.225e-05,0.01840725,1.225e-05,0.12958725000000001,1.225e-05,1.225e-05,1.225e-05,1.225e-05,0.0027472499999999997,1.225e-05,0.22820725,0.028387250000000003,1.225e-05,1.225e-05,1.225e-05,1.225e-05,1.225e-05,0.023207250000000002,1.225e-05,1.225e-05,0.023357250000000003,1.225e-05,1.225e-05,0.053697249999999995,1.225e-05,1.225e-05,1.225e-05,1.225e-05,1.225e-05,1.225e-05,1.225e-05,1.225e-05,1.225e-05,1.225e-05,1.225e-05,1.225e-05,1.225e-05,1.225e-05,1.225e-05,1.225e-05,0.034687249999999996,0.01542725,1.225e-05,1.225e-05,1.225e-05,1.225e-05,1.225e-05,0.01005725,0.3528972499999999,0.05022725,1.225e-05,1.225e-05,1.225e-05,1.225e-05,1.225e-05,1.225e-05,1.225e-05,1.225e-05,1.225e-05,1.225e-05,1.225e-05,1.225e-05,1.225e-05,1.225e-05,1.225e-05,1.225e-05,1.225e-05,1.225e-05,1.225e-05,1.225e-05,1.225e-05,1.225e-05,1.225e-05,1.225e-05,1.225e-05,1.225e-05,1.225e-05,1.225e-05,1.225e-05,1.225e-05,1.225e-05,1.225e-05,1.225e-05,1.225e-05,1.225e-05,1.225e-05,1.225e-05,1.225e-05,11.243317249999972
36703_3#1,5.269479,1.3999999999999998e-05,5.297028999999999,1.141629,5.992419,0.417649,0.899949,15.333328999999999,1.3999999999999998e-05,1.228519,0.5164289999999999,0.418609,12.222259,1.9736289999999999,0.303989,0.339279,1.3483990000000001,0.047699,0.11899900000000001,2.812749,1.865989,0.911249,0.055999,0.010149,1.3999999999999998e-05,11.044058999999999,1.094369,0.379959,0.015479,0.166219,0.984729,2.2243890000000004,3.475549,0.133209,0.156069,0.09540900000000001,0.15257900000000002,0.319859,2.462689,0.1647589999999999,1.3999999999999998e-05,1.3999999999999998e-05,1.3999999999999998e-05,1.3999999999999998e-05,0.006679,1.3999999999999998e-05,1.3999999999999998e-05,1.3999999999999998e-05,1.3999999999999998e-05,1.3999999999999998e-05,1.3999999999999998e-05,1.3999999999999998e-05,1.3999999999999998e-05,1.3999999999999998e-05,1.3999999999999998e-05,1.3999999999999998e-05,1.3999999999999998e-05,0.732729,1.3999999999999998e-05,2.899699,1.037779,1.3999999999999998e-05,1.3999999999999998e-05,0.151539,0.141579,1.3999999999999998e-05,2.948939,0.216729,1.3999999999999998e-05,1.3999999999999998e-05,1.3999999999999998e-05,0.037679,1.3999999999999998e-05,1.3999999999999998e-05,1.3999999999999998e-05,1.3999999999999998e-05,0.520509,1.3999999999999998e-05,0.938059,1.3999999999999998e-05,0.025818999999999998,0.554209,1.3999999999999998e-05,1.3999999999999998e-05,1.3999999999999998e-05,0.029609,0.046739,1.3999999999999998e-05,1.3999999999999998e-05,1.3999999999999998e-05,1.3999999999999998e-05,1.3999999999999998e-05,1.3999999999999998e-05,1.3999999999999998e-05,1.3999999999999998e-05,1.3999999999999998e-05,1.3999999999999998e-05,0.0002089999999999,1.3999999999999998e-05,1.3999999999999998e-05,1.3999999999999998e-05,1.3999999999999998e-05,0.08076900000000001,1.3999999999999998e-05,0.022719,1.3999999999999998e-05,0.057629,1.3999999999999998e-05,1.3999999999999998e-05,1.3999999999999998e-05,1.3999999999999998e-05,0.0624189999999999,1.3999999999999998e-05,1.3999999999999998e-05,1.3999999999999998e-05,1.3999999999999998e-05,1.3999999999999998e-05,1.3999999999999998e-05,1.3999999999999998e-05,1.3999999999999998e-05,1.3999999999999998e-05,1.3999999999999998e-05,1.3999999999999998e-05,1.3999999999999998e-05,0.18429900000000002,1.3999999999999998e-05,1.3999999999999998e-05,1.3999999999999998e-05,0.037609,0.105019,1.3999999999999998e-05,1.3999999999999998e-05,1.3999999999999998e-05,1.185549,1.3999999999999998e-05,0.09127900000000001,1.3999999999999998e-05,1.3999999999999998e-05,1.3999999999999998e-05,1.3999999999999998e-05,1.3999999999999998e-05,1.3999999999999998e-05,1.3999999999999998e-05,1.3999999999999998e-05,1.3999999999999998e-05,1.3999999999999998e-05,1.3999999999999998e-05,1.3999999999999998e-05,0.048679,1.3999999999999998e-05,1.3999999999999998e-05,0.000799,1.3999999999999998e-05,0.208119,1.3999999999999998e-05,0.12360899999999991,1.3999999999999998e-05,1.3999999999999998e-05,1.3999999999999998e-05,1.3999999999999998e-05,1.3999999999999998e-05,1.3999999999999998e-05,1.3999999999999998e-05,1.3999999999999998e-05,0.048749,1.3999999999999998e-05,0.030739,1.3999999999999998e-05,1.3999999999999998e-05,1.3999999999999998e-05,1.3999999999999998e-05,1.3999999999999998e-05,1.3999999999999998e-05,1.3999999999999998e-05,0.0028789999999999996,0.019559,1.3999999999999998e-05,1.339739,1.3999999999999998e-05,1.3999999999999998e-05,1.3999999999999998e-05,0.6878489999999999,0.1907889999999999,0.06991900000000001,0.051839,0.0401189999999999,0.019299,0.006249,0.0020789999999999997,1.3999999999999998e-05,1.3999999999999998e-05,1.3999999999999998e-05,1.3999999999999998e-05,1.3999999999999998e-05,1.3999999999999998e-05,1.3999999999999998e-05,1.3999999999999998e-05,1.3999999999999998e-05,1.3999999999999998e-05,3.5967589999999845
36703_3#21,2.5724999999999995e-05,2.516760725,2.5724999999999995e-05,0.026060725,0.3105607249999999,0.029650725,0.782470725,1.082590725,0.004200725,1.581480725,0.009920725,0.667610725,0.7810807249999999,2.5724999999999995e-05,2.5724999999999995e-05,2.5724999999999995e-05,0.213830725,0.015830725,0.102780725,0.08352072499999999,0.208190725,2.5724999999999995e-05,0.873530725,0.015090725000000001,0.0042707249999999995,0.267170725,0.461400725,0.078060725,0.167290725,2.5724999999999995e-05,0.006540725,0.123810725,2.2256907249999998,2.5724999999999995e-05,0.049240725,2.5724999999999995e-05,0.031740725,0.3695607249999999,0.40908072500000003,2.5724999999999995e-05,2.5724999999999995e-05,2.5724999999999995e-05,0.031920725,2.5724999999999995e-05,0.028540725,2.5724999999999995e-05,2.5724999999999995e-05,1.389800725,2.5724999999999995e-05,0.107030725,2.5724999999999995e-05,2.5724999999999995e-05,0.005000724999999999,0.40365072499999993,0.480940725,0.005450724999999999,0.008380725,0.32421072500000003,2.5724999999999995e-05,1.030080725,0.012980725,0.032440725,2.5724999999999995e-05,0.199740725,0.12778072499999998,2.5724999999999995e-05,2.5724999999999995e-05,0.1201507249999999,2.5724999999999995e-05,2.5724999999999995e-05,0.010850725,0.008650725,2.5724999999999995e-05,0.0235607249999999,2.5724999999999995e-05,0.161670725,1.490590725,0.018780725,0.040620724999999996,0.009510725000000001,0.046930724999999895,10.073430725,0.1799507249999999,0.07994072499999999,0.033450724999999994,0.018410725,0.049100725,2.5724999999999995e-05,0.037350724999999994,0.001650725,0.007150724999999999,0.453410725,0.043870725,2.5724999999999995e-05,0.028600725,0.018150725,0.7202407249999999,0.000140725,0.011730725000000001,0.023340725,0.634840725,2.5724999999999995e-05,0.460510725,0.0588207249999999,0.024220725000000002,2.5724999999999995e-05,0.015570725,0.025300725,0.006850724999999999,2.5724999999999995e-05,0.013870725,0.608800725,0.009200725,2.5724999999999995e-05,2.5724999999999995e-05,0.002800725,0.029990725,0.176340725,0.07973072499999989,0.06827072499999999,0.043600725,0.037450725,0.056710725,2.5724999999999995e-05,1.6177607250000001,0.003150725,0.118870725,0.07897072499999999,0.0226007249999999,0.008620725000000001,0.009960725,0.07937072499999989,0.000900725,2.5724999999999995e-05,0.005280724999999899,2.5724999999999995e-05,2.5724999999999995e-05,0.29874072500000004,2.5724999999999995e-05,7.631460724999999,0.7967907249999999,12.546090724999999,1.685960725,2.560340725,0.120660725,0.9972207249999999,0.310600725,0.087470725,0.055630724999999895,2.5724999999999995e-05,0.107340725,0.033800725,0.072120725,0.029960725,2.5724999999999995e-05,0.09143072499999999,0.18348072499999998,0.0007007249999999,2.5724999999999995e-05,2.5724999999999995e-05,2.5724999999999995e-05,0.051200724999999996,2.5724999999999995e-05,0.001610725,0.063320725,0.07743072499999999,0.177110725,0.004290725,0.7500307249999999,0.039600724999999996,0.293940725,0.040340724999999994,0.012490725000000001,0.011260725000000001,0.007340724999999999,2.5724999999999995e-05,0.070430725,2.5724999999999995e-05,0.024700725,0.004490724999999999,0.497580725,2.5724999999999995e-05,2.5724999999999995e-05,2.5724999999999995e-05,2.5724999999999995e-05,2.5724999999999995e-05,2.5724999999999995e-05,2.5724999999999995e-05,0.055180724999999896,0.124140725,0.066200725,0.035990724999999994,1.792760725,0.994270725,0.35035072500000003,0.051220724999999995,0.046870724999999995,0.005650725,0.0025307249999999,31.039910724999988
36703_3#22,2.59e-05,4.4670009,2.59e-05,0.9066509,2.9868308999999997,0.0516709,1.7462209,2.8466309,2.59e-05,6.0961609,0.023420899999999998,0.9182409,1.2615109,2.59e-05,0.0985609,0.0411609,1.4827909,0.3059409,0.1775409,1.6096709,1.1895209,2.59e-05,0.7348909,2.2248009,0.0063809,0.2834409,1.1280409,0.10081090000000001,0.24932089999999998,2.59e-05,0.007390900000000001,0.1193309,2.4508408999999998,2.59e-05,0.0633909,2.59e-05,0.0736709,0.049720900000000005,1.4368709,2.59e-05,0.16864089999999998,0.0142409,0.0153809,2.59e-05,0.0662309,2.59e-05,0.21990089999999998,8.5380409,2.59e-05,0.09770090000000001,0.12915089999999999,0.6124609,2.59e-05,3.8447209,6.0920009,0.0157909,0.0733309,0.3995809,2.59e-05,0.5638209000000001,0.0005909,1.7697109000000002,0.1503609,0.0449709,0.3332309,2.59e-05,0.26195089999999993,1.2687109,2.59e-05,2.59e-05,0.0224309,0.0983209,0.033970900000000005,0.30607090000000003,2.59e-05,0.0521208999999999,0.24257089999999998,0.24399089999999998,0.0029509,0.0433309,0.25522090000000003,0.3518309,0.2013809,0.0617308999999999,0.3185509,2.59e-05,0.0224309,2.59e-05,0.1166008999999999,0.0273209,0.0135108999999999,2.59e-05,0.23552089999999998,2.59e-05,0.0744409,2.59e-05,0.8938109000000001,0.0169409,0.0997109,0.15626089999999998,0.0529409,0.0999309,0.19710089999999988,0.0574208999999999,0.1086809,0.022250899999999997,0.19423089999999998,0.09351090000000001,0.0009108999999999,0.006650899999999901,0.0018009,0.25095090000000003,0.0355509,0.0074709,0.023080899999999998,0.0069109,0.1651309,1.0190409,0.17022089999999998,0.0258608999999999,0.1263609,0.1065109,0.0746309,0.21441089999999988,0.1278509,2.59e-05,0.15705089999999988,0.13025089999999998,0.0678509,2.59e-05,0.0072208999999999,0.028030899999999997,2.59e-05,2.59e-05,0.0314308999999999,2.59e-05,2.59e-05,0.022990899999999998,2.59e-05,6.0294809,0.0410209,0.3812709,0.14918089999999998,2.59e-05,2.59e-05,0.0603509,0.12768089999999999,0.0043809,0.0017109,0.0057708999999999,0.005600900000000001,0.0273808999999999,0.0870409,2.59e-05,2.59e-05,2.59e-05,2.59e-05,0.7037909,0.3129809,0.3438809,0.0139709,0.1708208999999999,0.0122409,0.0018209,0.0732609,0.0145409,0.0135608999999999,0.0383109,2.59e-05,0.0644709,0.0940809,0.0122209,0.0198209,0.0329209,2.59e-05,2.59e-05,0.0070209,2.59e-05,0.1227008999999999,2.59e-05,0.0005809000000000001,2.59e-05,2.59e-05,2.59e-05,2.59e-05,2.59e-05,2.59e-05,2.59e-05,0.0012009,1.2807709,0.0466209,0.0674609,2.59e-05,2.59e-05,0.0654009,0.0671109,0.0177608999999999,2.59e-05,2.59e-05,22.134250899999984
36703_3#23,1.155e-05,0.0036665499999999,1.155e-05,3.26634655,0.24517655,0.12749655,11.14494655,0.0823665499999999,0.13504655,3.24916655,1.1434565499999998,0.5676665499999999,0.94446655,1.155e-05,1.155e-05,2.29019655,1.26774655,1.155e-05,0.00044655,0.33699655,1.155e-05,1.155e-05,0.96338655,0.59003655,0.11813654999999991,0.32637655000000004,0.80688655,0.0133465499999999,0.33041655000000003,1.155e-05,1.155e-05,1.155e-05,0.03929655,1.155e-05,1.155e-05,1.155e-05,0.08711655,1.155e-05,0.040846549999999995,0.36534655,1.155e-05,1.155e-05,1.155e-05,19.571056549999998,1.155e-05,0.03280655,1.155e-05,1.155e-05,1.155e-05,1.155e-05,1.155e-05,1.155e-05,1.155e-05,16.33146655,0.11627655,1.39586655,0.48963655,0.21201655,0.006136549999999999,1.155e-05,0.01233655,1.155e-05,1.155e-05,0.00977655,0.009456550000000001,1.155e-05,1.155e-05,7.641206550000001,1.155e-05,0.25318655,1.155e-05,1.155e-05,1.155e-05,0.09632655000000001,1.155e-05,1.155e-05,1.155e-05,1.155e-05,1.155e-05,1.155e-05,1.155e-05,1.155e-05,1.05743655,1.155e-05,0.021986549999999997,1.155e-05,1.155e-05,1.155e-05,0.07818655000000001,1.155e-05,0.04532655,1.155e-05,1.155e-05,1.155e-05,0.00074655,1.155e-05,0.21170655,0.02202655,0.00258655,0.15245655,1.155e-05,0.00096655,0.0733065499999999,0.00925655,0.0268465499999999,0.40768655000000004,1.155e-05,1.155e-05,1.155e-05,1.155e-05,0.01180655,1.155e-05,0.0541665499999999,1.155e-05,0.06556655,1.155e-05,1.155e-05,1.155e-05,1.155e-05,0.12291655,1.155e-05,0.013926550000000001,1.155e-05,1.155e-05,1.155e-05,1.155e-05,1.155e-05,1.155e-05,0.0430165499999999,5.32357655,0.00083655,1.155e-05,1.155e-05,0.18413654999999998,1.155e-05,1.155e-05,1.155e-05,1.155e-05,1.155e-05,1.155e-05,1.155e-05,1.155e-05,1.155e-05,1.155e-05,1.155e-05,1.155e-05,1.155e-05,1.155e-05,1.155e-05,1.155e-05,1.155e-05,1.155e-05,1.155e-05,1.155e-05,1.155e-05,1.155e-05,1.155e-05,1.155e-05,1.155e-05,1.155e-05,1.155e-05,1.155e-05,1.155e-05,1.155e-05,1.155e-05,1.155e-05,1.155e-05,1.155e-05,1.155e-05,1.155e-05,1.155e-05,1.155e-05,1.155e-05,1.155e-05,1.155e-05,1.155e-05,1.155e-05,1.155e-05,1.155e-05,1.155e-05,1.155e-05,1.155e-05,1.155e-05,1.155e-05,1.155e-05,1.155e-05,1.155e-05,1.155e-05,1.155e-05,1.62619655,1.155e-05,1.155e-05,1.155e-05,1.155e-05,1.155e-05,1.155e-05,0.01008655,1.155e-05,1.155e-05,15.767766550000003
36703_3#24,1.4349999999999996e-05,1.4349999999999996e-05,1.4349999999999996e-05,5.43154935,0.062079350000000005,1.4349999999999996e-05,2.0305893499999996,0.4815193499999999,1.4349999999999996e-05,1.18103935,0.00097935,0.18510934999999998,0.03579935,1.4349999999999996e-05,0.007869349999999999,0.9192293500000001,0.8874893500000001,1.4349999999999996e-05,0.10243935,1.52847935,1.4349999999999996e-05,1.4349999999999996e-05,0.12007935,62.007459350000005,3.28742935,0.00162935,6.67754935,0.0253993499999999,0.16716935,1.4349999999999996e-05,1.4349999999999996e-05,0.016789349999999998,0.16672935,1.4349999999999996e-05,0.0149993499999999,1.4349999999999996e-05,0.0019293499999999998,1.4349999999999996e-05,0.0274693499999999,1.4349999999999996e-05,0.00242935,0.68032935,1.4349999999999996e-05,0.97675935,1.4349999999999996e-05,0.21659934999999989,1.4349999999999996e-05,0.55262935,1.4349999999999996e-05,0.23232935,1.4349999999999996e-05,0.00311935,0.00234935,3.8487893499999997,0.41520935,0.02336935,0.25506935,0.30661935,1.4349999999999996e-05,1.4349999999999996e-05,0.20457935,1.4349999999999996e-05,1.4349999999999996e-05,0.00023935,0.015019349999999999,0.14786934999999998,0.2387493499999999,0.46085935,1.4349999999999996e-05,0.01141935,0.00742935,0.03321935,0.028199349999999998,0.04098935,1.4349999999999996e-05,1.4349999999999996e-05,1.4349999999999996e-05,1.4349999999999996e-05,0.0052093499999999,1.4349999999999996e-05,0.00148935,1.4349999999999996e-05,0.13343934999999998,0.00985935,1.4349999999999996e-05,0.04980935,1.4349999999999996e-05,0.02739935,0.02720935,1.4349999999999996e-05,0.00022935000000000002,1.4349999999999996e-05,1.4349999999999996e-05,1.4349999999999996e-05,1.4349999999999996e-05,0.01099935,0.0017793499999999999,1.4349999999999996e-05,0.028029349999999998,0.01241935,1.4349999999999996e-05,0.02000935,0.04007935,1.4349999999999996e-05,0.00546935,0.11340934999999991,1.4349999999999996e-05,0.40933935,0.06388935,1.4349999999999996e-05,1.4349999999999996e-05,1.4349999999999996e-05,1.4349999999999996e-05,1.4349999999999996e-05,0.060259349999999906,1.4349999999999996e-05,1.4349999999999996e-05,0.02225935,1.4349999999999996e-05,1.4349999999999996e-05,1.4349999999999996e-05,0.00400935,1.4349999999999996e-05,0.011279349999999999,1.4349999999999996e-05,0.02677935,1.4349999999999996e-05,0.02663935,0.01961935,1.4349999999999996e-05,1.4349999999999996e-05,0.07462935,1.4349999999999996e-05,1.4349999999999996e-05,1.4349999999999996e-05,1.4349999999999996e-05,1.4349999999999996e-05,1.4349999999999996e-05,1.4349999999999996e-05,0.01163935,1.4349999999999996e-05,1.4349999999999996e-05,1.4349999999999996e-05,1.4349999999999996e-05,1.4349999999999996e-05,1.4349999999999996e-05,1.4349999999999996e-05,1.4349999999999996e-05,1.4349999999999996e-05,1.4349999999999996e-05,1.4349999999999996e-05,1.4349999999999996e-05,1.4349999999999996e-05,1.4349999999999996e-05,0.01022935,1.4349999999999996e-05,1.4349999999999996e-05,1.4349999999999996e-05,1.4349999999999996e-05,1.4349999999999996e-05,1.4349999999999996e-05,1.4349999999999996e-05,1.4349999999999996e-05,1.4349999999999996e-05,1.4349999999999996e-05,1.4349999999999996e-05,1.4349999999999996e-05,0.08143935000000001,1.4349999999999996e-05,1.4349999999999996e-05,1.4349999999999996e-05,1.4349999999999996e-05,1.4349999999999996e-05,1.4349999999999996e-05,1.4349999999999996e-05,1.4349999999999996e-05,1.4349999999999996e-05,1.4349999999999996e-05,1.4349999999999996e-05,0.1776093499999999,1.4349999999999996e-05,1.4349999999999996e-05,1.4349999999999996e-05,1.4349999999999996e-05,1.4349999999999996e-05,1.4349999999999996e-05,1.4349999999999996e-05,1.4349999999999996e-05,1.4349999999999996e-05,1.4349999999999996e-05,0.09197935,0.0111593499999999,1.4349999999999996e-05,1.4349999999999996e-05,1.4349999999999996e-05,1.4349999999999996e-05,1.4349999999999996e-05,1.4349999999999996e-05,1.4349999999999996e-05,4.335729349999962
36703_3#25,1.2599999999999998e-05,1.9835076,1.2599999999999998e-05,1.8399676,5.9560076,1.2599999999999998e-05,0.9504976,5.2307176,1.2599999999999998e-05,0.39930760000000004,0.0205076,1.3056776,1.0428876,1.2599999999999998e-05,0.0473776,0.0427976,2.9525976,0.0039476,0.0292675999999999,0.8078876,0.0006575999999999,1.2599999999999998e-05,0.0598376,24.8548876,20.606797600000004,0.2463475999999999,0.6872176,0.3720876,0.08700759999999999,1.2599999999999998e-05,1.2599999999999998e-05,0.022177600000000002,0.050657600000000004,1.2599999999999998e-05,1.2599999999999998e-05,1.2599999999999998e-05,0.0528376,1.2599999999999998e-05,0.8102676,1.2599999999999998e-05,0.40673760000000003,3.4779176,1.2599999999999998e-05,1.2599999999999998e-05,1.2599999999999998e-05,1.2599999999999998e-05,0.023107600000000002,7.664657600000001,1.2599999999999998e-05,0.2286176,1.2599999999999998e-05,0.5366076000000001,1.2599999999999998e-05,4.7508876,4.9038376,1.2599999999999998e-05,0.11467759999999999,0.0407876,1.2599999999999998e-05,0.0712776,0.07047759999999999,1.2599999999999998e-05,0.08213759999999999,1.2599999999999998e-05,1.2599999999999998e-05,0.0511176,0.1501576,0.0383676,0.021577600000000002,1.2599999999999998e-05,0.7250976,0.0357776,1.2599999999999998e-05,0.019967600000000002,1.2599999999999998e-05,0.0017576,1.2599999999999998e-05,1.2599999999999998e-05,1.2599999999999998e-05,0.0580276,1.2599999999999998e-05,1.2599999999999998e-05,0.0607276,0.056437600000000004,0.016807600000000002,1.2599999999999998e-05,1.2599999999999998e-05,0.0077375999999999,0.1454576,1.2599999999999998e-05,1.2599999999999998e-05,1.2599999999999998e-05,1.2599999999999998e-05,0.0007976,1.2599999999999998e-05,0.0200076,1.2599999999999998e-05,1.2599999999999998e-05,1.2599999999999998e-05,0.0321675999999999,1.2599999999999998e-05,1.2599999999999998e-05,1.2599999999999998e-05,1.2599999999999998e-05,1.2599999999999998e-05,1.2599999999999998e-05,1.2599999999999998e-05,0.0402176,1.2599999999999998e-05,0.019777600000000003,1.2599999999999998e-05,1.2599999999999998e-05,0.0369876,1.2599999999999998e-05,0.007017600000000001,1.2599999999999998e-05,1.2599999999999998e-05,0.0227976,1.2599999999999998e-05,1.2599999999999998e-05,1.2599999999999998e-05,1.2599999999999998e-05,1.2599999999999998e-05,0.1770176,0.006547600000000001,0.0845575999999999,0.2409375999999999,0.0370076,1.2599999999999998e-05,0.10540759999999999,1.2599999999999998e-05,0.0310675999999999,1.2599999999999998e-05,1.2599999999999998e-05,1.2599999999999998e-05,1.2599999999999998e-05,1.2599999999999998e-05,1.2599999999999998e-05,1.2599999999999998e-05,0.0070276,1.2599999999999998e-05,1.2599999999999998e-05,1.2599999999999998e-05,1.2599999999999998e-05,1.2599999999999998e-05,1.2599999999999998e-05,1.2599999999999998e-05,1.2599999999999998e-05,1.2599999999999998e-05,1.2599999999999998e-05,1.2599999999999998e-05,1.2599999999999998e-05,1.2599999999999998e-05,1.2599999999999998e-05,1.2599999999999998e-05,1.2599999999999998e-05,1.2599999999999998e-05,1.2599999999999998e-05,1.2599999999999998e-05,1.2599999999999998e-05,1.2599999999999998e-05,1.2599999999999998e-05,1.2599999999999998e-05,1.2599999999999998e-05,1.2599999999999998e-05,1.2599999999999998e-05,1.2599999999999998e-05,1.2599999999999998e-05,1.2599999999999998e-05,1.2599999999999998e-05,1.2599999999999998e-05,1.2599999999999998e-05,1.2599999999999998e-05,1.2599999999999998e-05,1.2599999999999998e-05,1.2599999999999998e-05,1.2599999999999998e-05,1.2599999999999998e-05,0.020967600000000003,1.2599999999999998e-05,1.2599999999999998e-05,1.2599999999999998e-05,1.2599999999999998e-05,1.2599999999999998e-05,1.2599999999999998e-05,1.2599999999999998e-05,1.2599999999999998e-05,1.2599999999999998e-05,1.2599999999999998e-05,1.2599999999999998e-05,1.2599999999999998e-05,1.2599999999999998e-05,1.2599999999999998e-05,1.2599999999999998e-05,1.2599999999999998e-05,1.2599999999999998e-05,1.2599999999999998e-05,1.2599999999999998e-05,1.2599999999999998e-05,4.883597599999968
36703_3#26,1.9775e-05,0.21120477499999998,1.9775e-05,1.1710347749999999,3.466484775,1.9775e-05,0.700754775,9.324084775,1.9775e-05,1.224274775,0.003954775,0.9698947750000001,5.150624775,1.9775e-05,0.053374775,0.27277477499999997,0.943904775,5.4639547749999995,0.07221477499999991,0.327524775,1.1513747749999999,1.9775e-05,0.163264775,0.511904775,0.763694775,11.956834774999999,1.433494775,0.052884775,0.023214775,1.9775e-05,0.019034775,0.018734775,0.09469477500000001,1.9775e-05,0.24614477499999998,1.9775e-05,0.043214775,0.028894775,1.9775e-05,1.9775e-05,0.006934775,0.029604775,0.015444774999999999,0.000334775,1.9775e-05,1.9775e-05,0.8334947750000001,21.944104775000003,1.9775e-05,1.9775e-05,1.9775e-05,0.067184775,0.086334775,1.604084775,4.240954775,1.9775e-05,0.361484775,1.9775e-05,1.9775e-05,0.514824775,0.050584775,1.9775e-05,1.9775e-05,0.042954775,0.095204775,0.7007947750000001,0.241324775,0.346004775,0.240224775,1.9775e-05,0.0254947749999999,1.9775e-05,0.029314774999999998,1.9775e-05,1.9775e-05,0.046474774999999996,0.431214775,0.3170047749999999,0.043814775,0.196034775,0.048234775,0.6788147750000001,0.23315477499999998,1.149894775,1.9775e-05,0.086864775,0.009124775,1.9775e-05,0.060104775,1.9775e-05,1.9775e-05,1.9775e-05,0.010834775,0.073524775,0.026094775,0.318854775,1.9775e-05,0.014664775,1.9775e-05,0.026494774999999998,0.11144477499999991,0.08771477499999991,0.17021477499999998,0.056294775,0.010414775,1.9775e-05,0.066044775,0.077244775,0.016724775,1.9775e-05,1.9775e-05,1.9775e-05,1.9775e-05,0.004414775,0.0023547750000000004,0.000454775,0.08094477500000001,0.057014775,1.9775e-05,0.051534775,1.9775e-05,0.034354775,0.026844774999999998,0.1193147749999999,0.195234775,0.132224775,0.018084775,0.19199477499999998,0.08638477500000001,1.9775e-05,0.072444775,0.268804775,0.037184774999999996,1.9775e-05,1.9775e-05,1.9775e-05,1.9775e-05,1.9775e-05,1.9775e-05,1.9775e-05,1.9775e-05,0.545504775,1.9775e-05,1.9775e-05,1.9775e-05,1.9775e-05,1.9775e-05,1.9775e-05,1.9775e-05,1.9775e-05,0.0031747749999999,1.9775e-05,0.329484775,0.001584775,1.9775e-05,0.025764775,1.9775e-05,1.9775e-05,1.9775e-05,1.9775e-05,0.4394547749999999,0.06325477500000001,0.0578147749999999,0.0408247749999999,0.114784775,1.9775e-05,0.015944774999999998,1.9775e-05,0.010344774999999999,1.9775e-05,1.9775e-05,0.092094775,1.9775e-05,1.9775e-05,1.9775e-05,1.9775e-05,1.9775e-05,1.9775e-05,0.067214775,0.0020447750000000004,0.0141447749999999,1.9775e-05,1.9775e-05,1.9775e-05,1.9775e-05,1.9775e-05,1.9775e-05,1.9775e-05,0.014464775,1.9775e-05,1.9775e-05,0.09243477500000001,1.9775e-05,1.9775e-05,1.9775e-05,1.9775e-05,0.023934775,1.9775e-05,1.9775e-05,14.956974774999974
36703_3#27,2.31e-05,2.7127681,2.31e-05,0.0856281,0.06913810000000001,2.31e-05,0.4943381,6.8238181,2.31e-05,3.9472281,0.0195681,1.4916181,0.5648581,2.31e-05,2.31e-05,2.31e-05,1.3466181,0.015638100000000002,0.0983281,1.2633680999999999,0.044478099999999895,2.31e-05,0.1455881,0.1629381,0.0017580999999998999,2.3382880999999998,0.5631781,0.040768099999999995,0.22680809999999998,2.31e-05,2.31e-05,0.0319881,0.2335381,2.31e-05,0.024998100000000002,2.31e-05,0.046688099999999996,0.0432681,2.31e-05,2.31e-05,0.0489381,0.4527481,2.31e-05,0.057328099999999896,2.31e-05,2.31e-05,0.4428681,8.0852981,4.0324881,0.050808099999999995,2.31e-05,0.7478781,2.31e-05,2.3174281,2.4601181,0.0078281,0.14351809999999998,0.16216809999999998,2.31e-05,0.3523080999999999,0.2384681,2.31e-05,2.8549881,0.053368099999999995,0.1852181,1.6785381,0.4553881,0.036918099999999995,10.8928281,2.31e-05,0.0042881,0.0431781,0.0175381,0.020988100000000003,0.5492081,0.2908781,0.2618381,0.1419281,2.31e-05,2.31e-05,0.0043581,1.3297681,0.0849180999999999,0.1985581,0.0556680999999999,0.2591080999999999,0.0361581,0.0236881,0.0371781,0.0061881,0.010818099999999999,2.31e-05,2.31e-05,0.0069281,0.0536281,0.06773810000000001,0.22155809999999998,2.31e-05,2.31e-05,0.0318981,0.1177581,2.31e-05,0.062278099999999996,0.10302810000000001,0.0039481,0.0088381,2.31e-05,2.31e-05,0.0051381000000000005,2.31e-05,2.31e-05,0.13382809999999998,2.31e-05,2.31e-05,0.0203681,2.31e-05,1.9502781,0.0119381,0.0010881,1.8926781,0.1568781,0.1155980999999999,2.31e-05,0.3120481,0.1572181,0.0098980999999999,0.0232281,0.09762810000000001,0.0192581,0.0221381,2.31e-05,0.028048100000000003,2.31e-05,2.31e-05,2.31e-05,2.31e-05,2.31e-05,0.0015881,2.31e-05,8.732218099999999,2.31e-05,3.7129681,0.5104481000000001,0.3807581,2.31e-05,0.0257780999999999,0.1014381,0.08359810000000001,0.0057781,2.31e-05,0.0107581,2.31e-05,2.31e-05,0.0047981000000000005,2.31e-05,0.0097781,0.0285281,2.31e-05,0.1078481,0.0762781,2.31e-05,0.017148099999999902,0.0209581,0.0146281,2.31e-05,0.0118480999999999,0.0382181,0.0103581,0.0330581,0.0833881,2.31e-05,0.054798099999999995,2.31e-05,0.027028099999999902,0.0007781,2.31e-05,0.1293181,2.31e-05,0.0218781,2.31e-05,0.1459981,2.31e-05,2.31e-05,2.31e-05,2.31e-05,2.31e-05,2.31e-05,2.31e-05,0.021248100000000002,2.31e-05,2.31e-05,0.0026780999999999,2.31e-05,0.3433381,0.19416809999999998,0.0121980999999999,0.018188100000000002,0.0102581,0.0010581,17.387578100000017
36703_3#28,2.065e-05,1.50030565,2.065e-05,0.47408565,4.81511565,2.065e-05,1.18437565,13.719695649999998,0.03080565,1.17254565,2.065e-05,1.43063565,3.0133556500000003,0.00029565,0.0032256499999999996,0.2222956499999999,0.71984565,0.32733565,0.03093565,1.54869565,0.10315565,0.00935565,0.14587565,19.44067565,0.2883056499999999,0.9078756499999999,0.31037565,0.05582565,0.19277565,2.065e-05,0.06244565,2.065e-05,0.2352056499999999,2.065e-05,0.07534565,2.065e-05,0.17890565,0.050805649999999994,2.065e-05,2.065e-05,0.35604565,2.8447756500000003,0.02922565,0.34022565,2.065e-05,0.01688565,0.02351565,5.8412856500000006,0.07622565,2.065e-05,2.065e-05,2.6407256500000003,2.065e-05,2.02164565,5.116575650000001,2.065e-05,1.0342356499999998,0.07979565000000001,2.065e-05,0.9038256499999999,0.00944565,0.034495649999999996,1.04592565,0.033655649999999995,0.51486565,1.98037565,0.19209565,0.09939565,0.12511565,0.03111565,0.09390565000000001,0.02413565,0.00158565,0.7760556499999999,2.065e-05,0.2480556499999999,0.05535565,0.08937565,0.0067056500000000005,0.00153565,0.07700565000000001,0.34692565000000003,0.40587565,0.22826565000000001,0.38606565,2.065e-05,0.00930565,2.065e-05,0.10292565000000001,2.065e-05,0.00254565,0.11938565000000001,3.9903156500000003,2.065e-05,0.02367565,2.065e-05,0.01409565,0.00871565,0.01647565,0.14866565,0.05456564999999999,0.02691565,0.11499564999999991,0.10773565,0.02447565,2.065e-05,0.01352565,0.17151565,2.065e-05,2.065e-05,2.065e-05,0.06512565000000001,2.87897565,0.0035956499999999997,0.08124565,0.0051956500000000004,0.05109565,0.19948565000000001,0.00892565,0.048295649999999996,0.0003256499999999,0.08732565,0.0298556499999999,0.04451565,2.065e-05,2.065e-05,0.4825256499999999,0.09861565,0.02526565,2.065e-05,2.065e-05,0.01468565,2.065e-05,2.065e-05,2.065e-05,2.065e-05,0.02994565,2.065e-05,2.065e-05,0.08712565,2.065e-05,0.7228656499999999,2.065e-05,2.065e-05,2.065e-05,2.065e-05,2.065e-05,2.065e-05,2.065e-05,0.038865649999999995,2.065e-05,2.065e-05,2.065e-05,0.02520565,2.065e-05,2.065e-05,2.065e-05,2.065e-05,0.88078565,2.065e-05,0.01342565,0.00579565,2.065e-05,2.065e-05,2.065e-05,0.09363565,2.065e-05,2.065e-05,2.065e-05,2.065e-05,2.065e-05,2.065e-05,0.049405649999999995,2.065e-05,2.065e-05,2.065e-05,2.065e-05,2.065e-05,0.05242565,0.35076565,0.00179565,2.065e-05,2.065e-05,2.065e-05,2.065e-05,2.065e-05,2.065e-05,2.065e-05,2.065e-05,2.065e-05,0.16846565,2.065e-05,2.065e-05,1.18372565,2.065e-05,2.065e-05,2.065e-05,2.065e-05,2.065e-05,6.83637564999997
36703_3#29,1.7675e-05,1.7675e-05,1.7675e-05,0.24387267499999998,0.583682675,1.7675e-05,0.17351267499999998,15.413932675,1.7675e-05,0.909072675,1.7675e-05,0.37634267499999996,0.358282675,1.7675e-05,0.011732675,0.043942675,0.6646626750000001,0.038012675,0.026322675,0.570732675,0.140782675,1.7675e-05,0.168752675,2.5329026750000003,0.3511426749999999,0.087112675,11.026742675,0.224962675,0.020852675,1.7675e-05,0.0042726749999998995,1.652792675,1.5018926750000001,1.7675e-05,0.001352675,1.7675e-05,1.4550526750000001,1.7675e-05,0.18234267499999998,1.7675e-05,1.072072675,4.749462675,0.8041926750000001,1.7675e-05,1.7675e-05,1.7675e-05,0.663062675,15.718072675,0.904522675,0.745912675,1.7675e-05,0.43369267499999997,0.004462674999999999,1.178942675,0.460842675,0.0086926749999999,0.013692675,0.0124426749999999,1.7675e-05,0.312602675,0.019832675,0.3558026749999999,0.017342675000000002,0.043462675,1.7675e-05,0.264372675,1.496492675,0.13447267499999999,0.0066426749999999,0.003622675,0.035242675,0.002562675,1.7675e-05,0.267182675,1.7675e-05,0.2412526749999999,1.7675e-05,0.024592675,1.7675e-05,0.086822675,0.14529267499999998,0.23010267499999998,0.055412674999999904,0.5323426750000001,0.0512726749999999,0.7598826750000001,1.7675e-05,1.7675e-05,0.020782675,1.7675e-05,1.7675e-05,0.004182674999999999,1.7675e-05,1.7675e-05,0.420012675,0.073072675,0.038462675,1.7675e-05,1.7675e-05,0.012962675,0.018312675,0.002802675,0.057002675,0.011762675,1.7675e-05,1.7675e-05,0.051302675,1.7675e-05,1.7675e-05,1.7675e-05,0.037112675000000005,0.18642267499999998,0.020022675,1.7675e-05,1.7675e-05,1.7675e-05,1.7675e-05,1.7675e-05,0.009502675,0.054552675,1.7675e-05,0.003872675,0.10413267500000001,0.3889926749999999,0.0362726749999999,0.030212675,1.7675e-05,0.13840267499999998,0.0040526749999999995,1.7675e-05,1.7675e-05,1.7675e-05,1.7675e-05,1.7675e-05,1.7675e-05,1.7675e-05,1.7675e-05,1.7675e-05,1.7675e-05,0.351132675,0.002762675,0.138032675,1.7675e-05,1.7675e-05,1.7675e-05,1.7675e-05,1.7675e-05,0.045732675,0.007262675,1.7675e-05,1.7675e-05,1.7675e-05,0.370812675,0.004062674999999899,1.7675e-05,1.7675e-05,1.7675e-05,1.7675e-05,0.963352675,1.7675e-05,1.7675e-05,0.034002675,1.7675e-05,1.7675e-05,1.7675e-05,1.7675e-05,1.7675e-05,1.7675e-05,1.7675e-05,1.7675e-05,1.7675e-05,1.7675e-05,1.7675e-05,1.7675e-05,1.7675e-05,1.7675e-05,1.7675e-05,1.7675e-05,1.7675e-05,1.094852675,1.7675e-05,1.7675e-05,1.7675e-05,1.7675e-05,1.7675e-05,1.7675e-05,1.7675e-05,1.7675e-05,1.7675e-05,1.7675e-05,1.7675e-05,1.7675e-05,0.019022675000000003,0.5467926750000001,0.004662675,0.034292675,1.7675e-05,1.7675e-05,1.7675e-05,24.035522675000053
36703_3#2,2.3462432250000003,0.700543225,13.023593224999999,0.307573225,3.6270132250000002,0.467213225,0.9773432249999999,22.023463225,8.225e-06,0.4581132249999999,0.1340832249999999,0.515123225,2.2492132250000005,0.10236322499999999,8.225e-06,0.223313225,0.1582032249999999,8.225e-06,0.0369432249999999,0.36561322500000004,8.225e-06,0.137723225,0.0141932249999999,0.07810322499999989,1.058673225,1.934333225,4.363563225,0.12055322499999989,0.005953225,0.058133225000000004,0.0290132249999999,0.3775932249999999,0.040663225,8.225e-06,8.225e-06,0.013123225,0.020463225,0.034123225,5.6579432249999995,8.225e-06,0.010293225,0.0117032249999999,8.225e-06,8.225e-06,8.225e-06,8.225e-06,8.225e-06,27.964093225000003,8.225e-06,8.225e-06,8.225e-06,8.225e-06,8.225e-06,8.225e-06,8.225e-06,8.225e-06,8.225e-06,0.003523225,8.225e-06,8.225e-06,8.225e-06,8.225e-06,8.225e-06,8.225e-06,0.33753322499999994,8.225e-06,8.225e-06,0.10347322499999999,8.225e-06,8.225e-06,8.225e-06,8.225e-06,8.225e-06,8.225e-06,8.225e-06,8.225e-06,8.225e-06,8.225e-06,8.225e-06,8.225e-06,8.225e-06,8.225e-06,8.225e-06,8.225e-06,8.225e-06,8.225e-06,8.225e-06,8.225e-06,8.225e-06,8.225e-06,8.225e-06,8.225e-06,8.225e-06,8.225e-06,8.225e-06,4.158603225,8.225e-06,8.225e-06,8.225e-06,8.225e-06,8.225e-06,8.225e-06,8.225e-06,8.225e-06,8.225e-06,8.225e-06,8.225e-06,8.225e-06,8.225e-06,0.442243225,0.100293225,8.225e-06,8.225e-06,8.225e-06,8.225e-06,8.225e-06,8.225e-06,8.225e-06,8.225e-06,8.225e-06,8.225e-06,8.225e-06,8.225e-06,8.225e-06,8.225e-06,8.225e-06,8.225e-06,8.225e-06,8.225e-06,8.225e-06,8.225e-06,8.225e-06,8.225e-06,8.225e-06,8.225e-06,0.036993225,8.225e-06,8.225e-06,8.225e-06,8.225e-06,8.225e-06,8.225e-06,8.225e-06,8.225e-06,8.225e-06,8.225e-06,8.225e-06,8.225e-06,8.225e-06,8.225e-06,8.225e-06,8.225e-06,8.225e-06,8.225e-06,8.225e-06,8.225e-06,8.225e-06,8.225e-06,8.225e-06,8.225e-06,8.225e-06,8.225e-06,8.225e-06,8.225e-06,8.225e-06,8.225e-06,8.225e-06,8.225e-06,8.225e-06,8.225e-06,8.225e-06,8.225e-06,8.225e-06,8.225e-06,8.225e-06,8.225e-06,8.225e-06,8.225e-06,8.225e-06,8.225e-06,8.225e-06,8.225e-06,0.015823225,8.225e-06,8.225e-06,0.074673225,8.225e-06,0.046203225,8.225e-06,8.225e-06,8.225e-06,8.225e-06,8.225e-06,8.225e-06,8.225e-06,8.225e-06,8.225e-06,8.225e-06,8.225e-06,5.033183224999993
36703_3#30,0.127270025,0.025370025,2.5025e-05,0.041250024999999996,1.035260025,0.12686002500000002,0.402860025,2.248450025,0.009860025,1.515250025,2.5025e-05,0.300020025,0.925590025,0.001540025,0.013440025,2.5025e-05,0.323440025,0.426870025,0.049120025,0.256050025,0.0532200249999999,0.001460025,0.234530025,0.157740025,1.372200025,0.362430025,0.8656100250000001,0.140640025,0.0272100249999999,2.5025e-05,2.5025e-05,2.5025e-05,4.1982900249999995,2.5025e-05,0.116980025,2.5025e-05,2.5025e-05,0.068980025,0.111170025,2.5025e-05,2.5025e-05,0.040280025,0.040190025,2.5025e-05,0.014500024999999899,2.5025e-05,0.246270025,21.072660024999998,0.105480025,0.159620025,0.042030025,0.096280025,0.013830025,0.466360025,0.633940025,2.5025e-05,0.129810025,0.020940025,2.5025e-05,0.571880025,0.016600025,0.694100025,4.086370025,0.085860025,0.0744700249999999,1.0691500250000001,0.018090025000000003,0.436770025,0.017020025,0.002790025,2.5025e-05,0.015990025,0.072830025,0.054600024999999996,2.5025e-05,0.13996002500000002,5.798850025,0.442140025,0.020300024999999902,0.278030025,0.062150025,2.010680025,0.157460025,0.4204600249999999,0.278670025,2.5025e-05,2.5025e-05,0.019100025,0.025010025,0.021980025,0.0149600249999999,0.536390025,0.004680025,2.5025e-05,0.0042000250000000005,0.2097600249999999,0.662460025,0.006580025000000001,0.009430025,0.077570025,0.032990025,0.018790025000000002,0.217090025,0.062520025,0.018930025,2.5025e-05,0.217300025,0.0043700249999999,0.0040700249999999,2.5025e-05,2.5025e-05,0.663270025,2.5025e-05,0.087300025,2.5025e-05,0.023830025,0.251780025,0.092560025,0.018570025,0.567300025,2.5025e-05,0.078740025,0.010250025,2.5025e-05,1.453650025,0.057160024999999996,0.158950025,0.122710025,0.0064000249999999,2.5025e-05,0.004040025,0.120240025,0.017480025,2.5025e-05,0.024220025000000003,2.5025e-05,2.5025e-05,0.095470025,0.002550025,1.642490025,0.020050024999999902,2.5025e-05,0.483990025,0.072590025,2.5025e-05,0.032840024999999995,2.5025e-05,0.229190025,2.5025e-05,0.022150025,0.007310025,0.207140025,0.12144002500000001,0.022810025,0.0098500249999999,2.5025e-05,0.194470025,1.703750025,2.5025e-05,0.018050025,0.344700025,0.000900025,0.007390025000000001,0.001800025,0.193410025,0.013330024999999999,0.019950025,2.5025e-05,2.5025e-05,2.5025e-05,0.021470025,0.020700025,0.012740024999999999,0.018550025,2.5025e-05,2.5025e-05,0.016510025,0.030320025,0.012180024999999999,2.5025e-05,0.078570025,2.5025e-05,2.5025e-05,2.5025e-05,2.5025e-05,2.5025e-05,2.5025e-05,2.5025e-05,0.045700025,2.5025e-05,0.009990025,2.5025e-05,2.5025e-05,2.5025e-05,0.053460024999999994,0.0135600249999999,2.5025e-05,2.5025e-05,2.5025e-05,32.82420002499995
36703_3#31,1.4524999999999997e-05,1.4108795250000001,1.4524999999999997e-05,0.153219525,0.202499525,0.152569525,1.688259525,0.2927995249999999,0.051389525,3.258499525,1.4524999999999997e-05,0.807499525,0.018609525000000002,1.4524999999999997e-05,1.4524999999999997e-05,0.10498952499999989,1.0448595250000001,0.009329525,0.08905952499999989,0.792939525,1.4524999999999997e-05,1.4524999999999997e-05,0.149019525,68.92688952499999,0.10192952499999999,0.06252952499999999,0.431509525,0.009449524999999999,0.143769525,1.4524999999999997e-05,1.4524999999999997e-05,1.4524999999999997e-05,0.038569525,1.4524999999999997e-05,1.4524999999999997e-05,1.4524999999999997e-05,1.4524999999999997e-05,1.4524999999999997e-05,1.4524999999999997e-05,1.4524999999999997e-05,1.4524999999999997e-05,0.040699525,1.4524999999999997e-05,0.019499525,1.4524999999999997e-05,0.08975952499999999,1.4524999999999997e-05,0.24310952500000002,1.4524999999999997e-05,0.021759525000000002,1.4524999999999997e-05,0.011819524999999999,1.4524999999999997e-05,2.886169525,2.861999525,0.288129525,2.2378095250000003,0.000619525,0.13852952500000001,0.007219525,0.021929525000000002,0.016599525,1.4524999999999997e-05,0.0014995249999998999,1.4524999999999997e-05,1.7609095250000002,0.0127395249999999,0.765629525,0.07051952499999989,1.4524999999999997e-05,1.4524999999999997e-05,0.0072295250000000005,1.4524999999999997e-05,0.10611952499999999,1.4524999999999997e-05,0.017269525,1.4524999999999997e-05,1.4524999999999997e-05,0.046929525,1.4524999999999997e-05,0.058629525,1.4524999999999997e-05,0.529539525,0.007769525,0.002609525,0.032909525,0.0050595249999999,1.4524999999999997e-05,0.056309525,1.4524999999999997e-05,0.046109525,1.4524999999999997e-05,0.6015495249999999,1.4524999999999997e-05,1.4524999999999997e-05,1.4524999999999997e-05,0.08958952499999999,1.4524999999999997e-05,1.4524999999999997e-05,0.052829525,1.4524999999999997e-05,0.058129525,0.032339525,1.4524999999999997e-05,0.034169525,0.031979525,1.4524999999999997e-05,0.1353395249999999,0.110149525,1.4524999999999997e-05,1.4524999999999997e-05,1.4524999999999997e-05,0.1067895249999999,1.4524999999999997e-05,0.041009525,1.4524999999999997e-05,0.057999525,0.42230952499999996,1.4524999999999997e-05,1.4524999999999997e-05,1.4524999999999997e-05,0.020429525,1.4524999999999997e-05,1.4524999999999997e-05,1.4524999999999997e-05,0.274019525,0.07126952499999989,0.428159525,0.0313695249999999,1.4524999999999997e-05,1.4524999999999997e-05,0.082339525,1.4524999999999997e-05,0.0031495250000000002,0.039519525,1.4524999999999997e-05,1.4524999999999997e-05,1.4524999999999997e-05,1.4524999999999997e-05,1.4524999999999997e-05,1.4524999999999997e-05,1.4524999999999997e-05,1.4524999999999997e-05,1.4524999999999997e-05,1.4524999999999997e-05,1.4524999999999997e-05,1.4524999999999997e-05,1.4524999999999997e-05,1.4524999999999997e-05,1.4524999999999997e-05,1.4524999999999997e-05,1.4524999999999997e-05,0.008799524999999999,1.4524999999999997e-05,1.4524999999999997e-05,1.4524999999999997e-05,1.4524999999999997e-05,1.4524999999999997e-05,1.4524999999999997e-05,0.022779525000000002,1.4524999999999997e-05,1.4524999999999997e-05,1.4524999999999997e-05,1.4524999999999997e-05,1.4524999999999997e-05,0.073389525,1.4524999999999997e-05,0.056529525000000004,1.4524999999999997e-05,1.4524999999999997e-05,1.4524999999999997e-05,1.4524999999999997e-05,0.013529524999999999,1.4524999999999997e-05,1.4524999999999997e-05,1.4524999999999997e-05,1.4524999999999997e-05,1.4524999999999997e-05,1.4524999999999997e-05,1.4524999999999997e-05,1.4524999999999997e-05,1.4524999999999997e-05,1.4524999999999997e-05,1.4524999999999997e-05,1.4524999999999997e-05,1.4524999999999997e-05,1.4524999999999997e-05,1.4524999999999997e-05,1.4524999999999997e-05,1.4524999999999997e-05,1.4524999999999997e-05,0.10032952499999999,1.4524999999999997e-05,1.4524999999999997e-05,1.4524999999999997e-05,1.4524999999999997e-05,1.4524999999999997e-05,1.4524999999999997e-05,1.4524999999999997e-05,4.643999525000039
36703_3#32,1.6275e-05,0.014091274999999999,1.6275e-05,1.2016112749999999,0.188391275,1.6275e-05,5.052391275,2.392811275,0.0040612749999999,1.345881275,0.1083912749999999,3.188911275,1.2613212749999998,1.6275e-05,0.0923212749999999,0.637761275,1.874621275,0.11820127500000001,0.027731275,2.572121275,0.0636112749999999,1.6275e-05,0.326941275,19.156211275,1.6275e-05,1.459201275,0.0403712749999999,0.3134512749999999,0.5381412750000001,1.6275e-05,1.6275e-05,0.025181275,0.060701275000000006,1.6275e-05,0.024411275,1.6275e-05,1.6275e-05,1.6275e-05,0.014091274999999999,1.6275e-05,1.6275e-05,0.086891275,0.001131275,8.212261275,0.0101412749999999,0.057811274999999905,0.130881275,5.021041274999999,1.6275e-05,0.730301275,1.6275e-05,0.568221275,0.060961274999999905,6.247571274999999,11.627201275,1.6275e-05,0.814111275,0.005681275,1.5208112749999998,1.6275e-05,0.123521275,1.6275e-05,0.180421275,1.6275e-05,1.6275e-05,0.372401275,0.318981275,0.8618912750000001,0.039131275,0.014391274999999999,1.6275e-05,1.6275e-05,1.6275e-05,0.614181275,1.6275e-05,0.000971275,1.6275e-05,1.6275e-05,1.6275e-05,0.040211275000000005,0.004091275,1.6275e-05,0.8236512750000001,0.400301275,0.447241275,0.163831275,1.6275e-05,1.6275e-05,0.21741127500000001,1.6275e-05,1.6275e-05,1.6275e-05,0.360681275,1.6275e-05,0.000351275,1.6275e-05,2.073651275,0.021451275,0.156121275,0.274361275,1.6275e-05,0.026991275,0.007581275,1.6275e-05,0.009721275,1.6275e-05,0.011751274999999999,0.762781275,0.205431275,1.6275e-05,1.6275e-05,1.6275e-05,1.2745812749999998,1.6275e-05,0.102481275,1.6275e-05,1.6275e-05,1.6275e-05,1.6275e-05,1.6275e-05,1.6275e-05,0.040721275,1.6275e-05,0.0362212749999999,1.6275e-05,0.1365112749999999,0.331911275,0.151151275,0.024871274999999998,1.6275e-05,1.6275e-05,0.383331275,1.6275e-05,1.6275e-05,0.005991275,1.6275e-05,1.6275e-05,1.6275e-05,0.091181275,0.026711275,1.6275e-05,1.6275e-05,1.6275e-05,1.6275e-05,1.6275e-05,1.6275e-05,1.6275e-05,1.6275e-05,1.6275e-05,1.6275e-05,1.6275e-05,1.6275e-05,0.944041275,1.6275e-05,1.6275e-05,1.6275e-05,1.6275e-05,0.489861275,1.6275e-05,0.031461275000000004,0.289591275,1.6275e-05,1.6275e-05,1.6275e-05,1.6275e-05,0.375071275,1.6275e-05,0.161451275,1.6275e-05,1.6275e-05,1.6275e-05,1.6275e-05,1.6275e-05,1.6275e-05,1.6275e-05,1.6275e-05,1.6275e-05,1.6275e-05,0.026681275,0.054911274999999905,1.6275e-05,1.6275e-05,1.6275e-05,1.6275e-05,1.6275e-05,1.6275e-05,1.6275e-05,1.6275e-05,1.6275e-05,1.6275e-05,1.6275e-05,0.011741274999999999,1.6275e-05,0.029811274999999998,1.6275e-05,1.6275e-05,1.6275e-05,1.6275e-05,1.6275e-05,9.246511275000014
36703_3#3,0.188860225,0.032330225,0.306620225,0.063380225,0.8710302249999999,1.5225e-05,0.143950225,6.229960225,1.5225e-05,1.613890225,0.0413202249999999,0.2129002249999999,2.222390225,0.098000225,0.019490225,0.6967802249999999,0.760030225,0.4175702249999999,0.006870225000000001,0.7960902249999999,1.5225e-05,0.011510225,0.086790225,0.117150225,1.5225e-05,3.186010225,0.393110225,0.881930225,0.027860225,1.5225e-05,0.024760225,1.5225e-05,0.055820225,0.0539702249999999,1.5225e-05,1.5225e-05,0.139790225,0.085970225,1.2651802250000002,1.5225e-05,0.018560225,0.041710225000000004,1.5225e-05,1.5225e-05,1.5225e-05,1.5225e-05,1.5225e-05,57.747550225000005,1.5225e-05,0.7151202249999999,1.5225e-05,4.112350224999999,1.5225e-05,0.559840225,1.5225e-05,1.5225e-05,0.100350225,0.017110225,1.5225e-05,0.6815602249999999,0.004290225,1.5225e-05,1.5225e-05,0.056740225,0.048390225,1.5225e-05,1.5225e-05,0.313170225,3.235750225,1.5225e-05,0.042210225,1.5225e-05,1.5225e-05,0.744360225,1.5225e-05,0.1570402249999999,0.746510225,0.5545302249999999,0.062240225,0.002100225,1.5225e-05,0.143150225,0.064390225,1.5225e-05,1.5225e-05,0.025060225000000002,0.040340225,1.5225e-05,0.0279802249999999,1.5225e-05,1.5225e-05,1.5225e-05,0.041700225,0.019400225,0.015660225,1.5225e-05,0.016790225,1.5225e-05,1.5225e-05,1.5225e-05,1.5225e-05,1.5225e-05,1.5225e-05,0.002160225,1.5225e-05,1.5225e-05,0.008480225000000001,1.5225e-05,1.5225e-05,0.067390225,0.072400225,1.5225e-05,1.5225e-05,1.5225e-05,1.5225e-05,1.5225e-05,1.196010225,1.5225e-05,1.5225e-05,0.003590225,1.5225e-05,1.5225e-05,1.5225e-05,1.5225e-05,0.013330225000000001,1.5225e-05,1.5225e-05,1.5225e-05,1.5225e-05,1.5225e-05,1.5225e-05,1.5225e-05,0.004720225000000001,1.5225e-05,1.5225e-05,0.0144002249999999,1.5225e-05,0.249390225,1.5225e-05,1.5225e-05,1.5225e-05,1.5225e-05,1.5225e-05,1.5225e-05,1.5225e-05,1.5225e-05,1.5225e-05,1.5225e-05,1.5225e-05,1.5225e-05,0.0015202249999999998,0.0064702250000000005,0.026460225,0.010530225,1.5225e-05,0.032150225,0.0007402249999999,1.5225e-05,1.5225e-05,1.5225e-05,1.435690225,1.5225e-05,0.0144002249999999,1.5225e-05,0.0024002249999999998,1.5225e-05,0.008410225,1.5225e-05,1.5225e-05,1.5225e-05,1.5225e-05,1.5225e-05,1.5225e-05,1.5225e-05,1.5225e-05,0.0019002249999999,1.5225e-05,1.5225e-05,1.5225e-05,1.5225e-05,1.5225e-05,0.254040225,0.025200225,1.5225e-05,0.007970225000000001,0.034400225,1.5225e-05,1.5225e-05,1.5225e-05,1.5225e-05,1.5225e-05,1.5225e-05,1.5225e-05,1.5225e-05,1.5225e-05,1.5225e-05,1.5225e-05,1.5225e-05,1.5225e-05,5.096850224999969
36703_3#5,0.597414975,4.016064975,0.074624975,9.974999999999999e-06,0.3512949749999999,9.974999999999999e-06,1.548364975,0.13393497499999998,0.0229449749999999,2.7676249750000004,0.000394975,3.6667349750000002,0.097974975,0.098524975,9.974999999999999e-06,0.177234975,0.850024975,9.974999999999999e-06,9.974999999999999e-06,4.265124975,9.974999999999999e-06,0.020654975,9.974999999999999e-06,0.6544149749999999,0.691784975,0.42446497499999997,0.6975149749999999,9.974999999999999e-06,0.056344975000000005,0.48308497499999997,9.974999999999999e-06,0.0032149749999999997,0.765334975,0.012214975,0.036194975000000004,9.974999999999999e-06,9.974999999999999e-06,0.008374975,0.029524975,0.033984975,9.974999999999999e-06,9.974999999999999e-06,9.974999999999999e-06,0.157864975,9.974999999999999e-06,0.023704975,9.974999999999999e-06,0.17868497499999988,9.974999999999999e-06,9.974999999999999e-06,9.974999999999999e-06,9.974999999999999e-06,9.974999999999999e-06,9.974999999999999e-06,9.974999999999999e-06,9.974999999999999e-06,9.974999999999999e-06,9.974999999999999e-06,9.974999999999999e-06,0.031974975,9.974999999999999e-06,9.974999999999999e-06,9.974999999999999e-06,9.974999999999999e-06,0.280494975,9.974999999999999e-06,9.974999999999999e-06,9.974999999999999e-06,3.779594975,9.974999999999999e-06,9.974999999999999e-06,9.974999999999999e-06,9.974999999999999e-06,9.974999999999999e-06,9.974999999999999e-06,9.974999999999999e-06,0.163394975,9.974999999999999e-06,9.974999999999999e-06,9.974999999999999e-06,9.974999999999999e-06,9.974999999999999e-06,9.974999999999999e-06,9.974999999999999e-06,9.974999999999999e-06,9.974999999999999e-06,9.974999999999999e-06,9.974999999999999e-06,9.974999999999999e-06,9.974999999999999e-06,9.974999999999999e-06,9.974999999999999e-06,9.974999999999999e-06,9.974999999999999e-06,9.974999999999999e-06,0.0427449749999999,9.974999999999999e-06,9.974999999999999e-06,9.974999999999999e-06,9.974999999999999e-06,0.024274974999999997,9.974999999999999e-06,9.974999999999999e-06,9.974999999999999e-06,9.974999999999999e-06,9.974999999999999e-06,9.974999999999999e-06,9.974999999999999e-06,9.974999999999999e-06,9.974999999999999e-06,0.300064975,0.0032449749999999998,9.974999999999999e-06,9.974999999999999e-06,9.974999999999999e-06,9.974999999999999e-06,9.974999999999999e-06,9.974999999999999e-06,9.974999999999999e-06,0.1233849749999999,9.974999999999999e-06,9.974999999999999e-06,9.974999999999999e-06,9.974999999999999e-06,9.974999999999999e-06,9.974999999999999e-06,9.974999999999999e-06,9.974999999999999e-06,9.974999999999999e-06,9.974999999999999e-06,0.036484975,0.016734975,9.974999999999999e-06,0.093154975,9.974999999999999e-06,0.016824975,9.974999999999999e-06,9.974999999999999e-06,9.974999999999999e-06,9.974999999999999e-06,9.974999999999999e-06,9.974999999999999e-06,9.974999999999999e-06,0.679074975,0.665764975,9.974999999999999e-06,0.791074975,9.974999999999999e-06,9.974999999999999e-06,9.974999999999999e-06,9.974999999999999e-06,0.525384975,0.000524975,9.974999999999999e-06,9.974999999999999e-06,0.010654975,9.974999999999999e-06,9.974999999999999e-06,9.974999999999999e-06,9.974999999999999e-06,9.974999999999999e-06,9.974999999999999e-06,0.066634975,0.104254975,9.974999999999999e-06,9.974999999999999e-06,9.974999999999999e-06,9.974999999999999e-06,9.974999999999999e-06,9.974999999999999e-06,9.974999999999999e-06,9.974999999999999e-06,9.974999999999999e-06,9.974999999999999e-06,9.974999999999999e-06,9.974999999999999e-06,0.009934975,9.974999999999999e-06,9.974999999999999e-06,9.974999999999999e-06,9.974999999999999e-06,9.974999999999999e-06,0.001204975,9.974999999999999e-06,9.974999999999999e-06,9.974999999999999e-06,9.974999999999999e-06,9.974999999999999e-06,9.974999999999999e-06,9.974999999999999e-06,9.974999999999999e-06,9.974999999999999e-06,9.974999999999999e-06,9.974999999999999e-06,9.974999999999999e-06,0.382624975,9.974999999999999e-06,9.974999999999999e-06,9.974999999999999e-06,68.90341497499999
36703_3#6,9.274999999999998e-06,5.175454275,0.012464274999999999,0.362814275,2.555804275,0.005294275,3.535624275,0.25143427500000004,9.274999999999998e-06,9.014084275,0.354854275,4.822584275,14.080374274999999,9.274999999999998e-06,9.274999999999998e-06,0.49672427500000005,2.578794275,9.274999999999998e-06,0.177534275,0.6946642749999999,0.004514275,9.274999999999998e-06,0.022064274999999998,27.180684275,0.28135427500000004,4.143684274999999,0.30521427500000003,0.193724275,0.09306427499999989,9.274999999999998e-06,9.274999999999998e-06,0.0231842749999999,0.134934275,9.274999999999998e-06,0.097934275,9.274999999999998e-06,0.050734275,9.274999999999998e-06,0.016174275,9.274999999999998e-06,9.274999999999998e-06,9.274999999999998e-06,9.274999999999998e-06,0.13953427499999999,9.274999999999998e-06,9.274999999999998e-06,9.274999999999998e-06,1.006054275,0.074604275,9.274999999999998e-06,9.274999999999998e-06,9.274999999999998e-06,9.274999999999998e-06,0.043884275,0.058974275,9.274999999999998e-06,9.274999999999998e-06,0.0288942749999999,9.274999999999998e-06,0.017064275,0.061784275,9.274999999999998e-06,9.274999999999998e-06,9.274999999999998e-06,9.274999999999998e-06,9.274999999999998e-06,9.274999999999998e-06,0.036164275,0.036074275,9.274999999999998e-06,9.274999999999998e-06,9.274999999999998e-06,9.274999999999998e-06,9.274999999999998e-06,9.274999999999998e-06,9.274999999999998e-06,9.274999999999998e-06,9.274999999999998e-06,9.274999999999998e-06,9.274999999999998e-06,9.274999999999998e-06,0.0229342749999999,0.032374275,9.274999999999998e-06,9.274999999999998e-06,9.274999999999998e-06,9.274999999999998e-06,9.274999999999998e-06,9.274999999999998e-06,9.274999999999998e-06,9.274999999999998e-06,9.274999999999998e-06,9.274999999999998e-06,9.274999999999998e-06,9.274999999999998e-06,9.274999999999998e-06,9.274999999999998e-06,9.274999999999998e-06,9.274999999999998e-06,9.274999999999998e-06,9.274999999999998e-06,9.274999999999998e-06,9.274999999999998e-06,9.274999999999998e-06,9.274999999999998e-06,9.274999999999998e-06,9.274999999999998e-06,9.274999999999998e-06,9.274999999999998e-06,9.274999999999998e-06,0.018404274999999998,0.034724275000000006,9.274999999999998e-06,9.274999999999998e-06,9.274999999999998e-06,9.274999999999998e-06,0.024134275,0.005914275,9.274999999999998e-06,9.274999999999998e-06,9.274999999999998e-06,9.274999999999998e-06,9.274999999999998e-06,9.274999999999998e-06,0.0014542749999999999,9.274999999999998e-06,9.274999999999998e-06,0.013674275,9.274999999999998e-06,9.274999999999998e-06,9.274999999999998e-06,9.274999999999998e-06,9.274999999999998e-06,9.274999999999998e-06,9.274999999999998e-06,9.274999999999998e-06,0.153264275,9.274999999999998e-06,9.274999999999998e-06,0.016254275,9.274999999999998e-06,9.274999999999998e-06,9.274999999999998e-06,0.0033442750000000003,9.274999999999998e-06,9.274999999999998e-06,9.274999999999998e-06,9.274999999999998e-06,9.274999999999998e-06,9.274999999999998e-06,9.274999999999998e-06,0.09098427499999999,0.004874275,9.274999999999998e-06,9.274999999999998e-06,9.274999999999998e-06,9.274999999999998e-06,9.274999999999998e-06,9.274999999999998e-06,9.274999999999998e-06,9.274999999999998e-06,9.274999999999998e-06,9.274999999999998e-06,9.274999999999998e-06,9.274999999999998e-06,9.274999999999998e-06,9.274999999999998e-06,9.274999999999998e-06,9.274999999999998e-06,9.274999999999998e-06,9.274999999999998e-06,9.274999999999998e-06,9.274999999999998e-06,9.274999999999998e-06,9.274999999999998e-06,9.274999999999998e-06,9.274999999999998e-06,9.274999999999998e-06,9.274999999999998e-06,9.274999999999998e-06,9.274999999999998e-06,9.274999999999998e-06,9.274999999999998e-06,9.274999999999998e-06,9.274999999999998e-06,9.274999999999998e-06,9.274999999999998e-06,9.274999999999998e-06,9.274999999999998e-06,0.055394275,9.274999999999998e-06,9.274999999999998e-06,9.274999999999998e-06,9.274999999999998e-06,9.274999999999998e-06,9.274999999999998e-06,9.274999999999998e-06,9.274999999999998e-06,9.274999999999998e-06,21.352104275000027
36703_3#7,4.4109618,0.7481018,6.926221799999999,0.5097818000000001,0.5165718,0.004181799999999999,0.8370818,3.3547618000000003,1.68e-05,1.5545918,0.6423318,1.8711118,0.1251018,1.8349618,1.68e-05,0.3478618,1.5220918,0.1048718,0.053071799999999995,1.3653418,0.11845180000000001,1.3368218,0.7260218,0.0220518,0.5822818000000001,0.2879618,0.8007118000000001,0.0632318,0.055901799999999995,1.7632118,0.0676518,0.45397179999999987,0.5772318000000001,0.1849117999999999,0.3282518,0.0733418,0.0725617999999999,1.3238818,0.0984018,0.8932918000000001,0.042831799999999996,0.0798218,1.68e-05,1.68e-05,1.68e-05,1.68e-05,1.68e-05,5.255551799999999,1.68e-05,1.68e-05,0.033941799999999994,1.68e-05,1.68e-05,1.68e-05,1.68e-05,1.68e-05,1.68e-05,0.0758418,0.049561799999999996,2.3165718,0.49092179999999996,0.0323418,1.68e-05,0.038471799999999896,1.1290018,1.68e-05,1.68e-05,0.33571179999999995,1.68e-05,1.68e-05,1.68e-05,1.68e-05,1.68e-05,1.68e-05,1.68e-05,1.68e-05,1.1197318,1.68e-05,0.6213318,1.68e-05,0.1932018,1.8261218000000001,1.68e-05,1.68e-05,1.68e-05,1.68e-05,1.68e-05,1.68e-05,1.68e-05,1.68e-05,1.68e-05,1.68e-05,1.68e-05,1.68e-05,1.68e-05,0.26772179999999995,0.0496618,1.68e-05,1.68e-05,1.68e-05,0.5869218,1.68e-05,1.68e-05,1.68e-05,0.0357218,0.0288618,1.68e-05,1.68e-05,1.68e-05,1.68e-05,1.2978117999999998,1.6586518000000001,1.68e-05,1.68e-05,0.12613180000000002,0.0187818,0.7394018,1.68e-05,1.68e-05,1.68e-05,1.68e-05,1.68e-05,1.68e-05,1.68e-05,1.4086018,1.68e-05,1.68e-05,1.68e-05,1.68e-05,0.0335918,0.005481799999999999,1.68e-05,1.68e-05,1.68e-05,1.68e-05,0.060811799999999895,1.68e-05,1.5265318,1.68e-05,1.0152018,1.68e-05,1.68e-05,1.68e-05,1.68e-05,3.1790618,1.68e-05,1.68e-05,1.68e-05,0.0180017999999999,1.68e-05,0.0244618,0.2092118,1.4312518,0.07872180000000001,1.68e-05,1.68e-05,1.68e-05,1.68e-05,3.8861418,0.0895918,0.2472518,1.68e-05,0.2808518,1.68e-05,0.0243718,1.68e-05,0.005361799999999899,1.68e-05,1.68e-05,1.68e-05,0.0309118,1.68e-05,1.68e-05,1.68e-05,1.68e-05,0.0687618,0.1033418,1.68e-05,1.68e-05,1.68e-05,1.68e-05,0.3469218,0.0186017999999999,1.68e-05,0.0643518,0.0367418,0.0667918,0.0094118,0.0226718,1.68e-05,1.68e-05,1.68e-05,1.68e-05,1.68e-05,1.68e-05,1.68e-05,0.25251179999999995,0.0194718,0.12602180000000002,30.297461800000022
36703_3#8,4.3494800499999995,0.35887005,1.73403005,2.32388005,5.2581700499999995,0.39066005000000004,0.58073005,18.67820005,1.505e-05,12.13633005,0.48576005,0.09271004999999989,5.43165005,2.3288700500000004,1.505e-05,0.25670005,0.1852400499999999,0.009720050000000001,0.23726005,0.74513005,0.05194005,0.33245005,1.72236005,0.02012005,0.0015900500000000002,3.19496005,3.72858005,0.11817005,0.005800049999999999,0.004690049999999999,0.28517005,0.08589005,0.5131900500000001,0.12814005,1.505e-05,0.020690049999999998,1.48058005,0.42559005,1.26452005,0.03279005,0.006120049999999999,0.01658005,1.505e-05,1.505e-05,1.505e-05,1.505e-05,1.505e-05,1.505e-05,1.505e-05,1.505e-05,1.505e-05,1.505e-05,1.6704700500000005,1.505e-05,1.505e-05,1.505e-05,1.505e-05,0.35651005,1.505e-05,0.77323005,1.505e-05,1.505e-05,1.505e-05,0.0031700499999999,0.03136005,1.505e-05,1.505e-05,0.012270050000000001,1.505e-05,1.505e-05,1.505e-05,1.505e-05,0.18508005,1.505e-05,1.505e-05,1.505e-05,0.75037005,1.505e-05,1.505e-05,1.505e-05,1.505e-05,1.51419005,1.505e-05,1.505e-05,0.45440005,1.505e-05,1.505e-05,1.505e-05,1.505e-05,1.505e-05,1.505e-05,1.505e-05,1.505e-05,1.505e-05,0.011630050000000001,1.62367005,1.505e-05,1.505e-05,0.19542005,1.505e-05,1.505e-05,1.505e-05,0.06554004999999999,1.505e-05,1.505e-05,1.505e-05,1.505e-05,1.505e-05,1.505e-05,0.44511005000000003,0.21208005000000002,0.44108005,1.505e-05,0.00632005,1.505e-05,1.505e-05,1.505e-05,1.505e-05,1.505e-05,5.24249005,1.505e-05,1.505e-05,1.505e-05,1.505e-05,1.505e-05,1.505e-05,1.505e-05,1.505e-05,1.505e-05,0.76150005,0.0150000499999999,1.505e-05,1.505e-05,1.505e-05,1.505e-05,0.08170005,1.53134005,0.26300005,1.505e-05,1.505e-05,1.505e-05,1.505e-05,1.505e-05,0.011210050000000001,1.505e-05,0.01183005,0.00139005,1.505e-05,0.15129005,1.505e-05,0.06484005,0.15628005,0.40555005,0.08747005,1.505e-05,0.21548005,0.0278700499999999,1.30587005,1.505e-05,0.47929005,1.505e-05,1.505e-05,0.24381005,1.505e-05,1.505e-05,1.505e-05,1.505e-05,1.505e-05,1.505e-05,1.505e-05,0.0036800500000000002,1.505e-05,1.505e-05,1.505e-05,1.505e-05,0.03148005,1.505e-05,0.39735005,1.505e-05,1.505e-05,1.505e-05,1.505e-05,0.47398005,0.1685100499999999,0.06250005,0.8589400500000001,0.00387005,0.0586100499999999,1.505e-05,1.505e-05,1.505e-05,1.505e-05,1.505e-05,1.505e-05,1.505e-05,1.505e-05,1.505e-05,1.505e-05,1.505e-05,9.106940049999965
36703_3#9,3.96289005,0.31298005,4.73883005,0.46309005000000003,5.552900049999999,0.25931005,0.71089005,8.22551005,1.505e-05,19.15701005,0.04285005,0.14425005000000002,6.61316005,1.33971005,0.02378005,0.04396005,0.10205004999999999,0.02541005,0.21617005,0.6056500499999999,3.36594005,0.29797005,0.68894005,0.01928005,1.505e-05,2.99138005,0.59895005,0.1305400499999999,0.021890049999999998,0.00858005,0.02511005,0.51184005,0.3612900499999999,0.23107005,1.505e-05,0.01354005,0.73456005,0.4565700499999999,2.61979005,1.505e-05,0.03505005,0.050590050000000004,0.0308700499999999,1.505e-05,1.505e-05,1.505e-05,1.505e-05,1.505e-05,1.505e-05,0.37175005,1.505e-05,1.505e-05,1.505e-05,1.505e-05,1.505e-05,1.505e-05,1.505e-05,0.1408900499999999,1.505e-05,0.58742005,1.505e-05,1.505e-05,1.505e-05,1.505e-05,0.63825005,1.505e-05,1.505e-05,0.1428900499999999,0.72632005,1.505e-05,1.505e-05,1.505e-05,0.09652005,0.19023005,1.505e-05,1.505e-05,1.79864005,1.505e-05,1.505e-05,1.505e-05,0.13483005,1.505e-05,1.505e-05,1.505e-05,0.44499005,0.00423005,0.11389004999999999,1.505e-05,1.505e-05,1.505e-05,1.505e-05,1.3264000500000002,1.505e-05,0.00930005,0.06080005,1.505e-05,1.505e-05,1.505e-05,1.505e-05,1.505e-05,1.505e-05,1.505e-05,0.02396005,1.505e-05,1.505e-05,1.505e-05,1.505e-05,1.505e-05,1.505e-05,0.1353400499999999,0.10072004999999999,0.04281005,1.505e-05,1.505e-05,1.505e-05,0.0110400499999999,2.95701005,1.505e-05,1.505e-05,2.27482005,1.505e-05,0.0065400499999999995,1.505e-05,1.505e-05,1.505e-05,1.505e-05,1.505e-05,1.505e-05,0.01237005,5.06681005,1.505e-05,1.505e-05,1.505e-05,0.10583005,0.01446005,1.505e-05,1.505e-05,1.505e-05,1.505e-05,1.505e-05,1.505e-05,0.0036700499999999,1.505e-05,1.505e-05,1.505e-05,1.505e-05,1.505e-05,1.505e-05,1.505e-05,1.505e-05,0.08097004999999989,0.07759005,0.19703005,0.02406005,0.43503005,0.17797005000000002,1.505e-05,1.505e-05,1.505e-05,1.505e-05,0.00647005,1.505e-05,1.505e-05,1.505e-05,0.07472005,1.505e-05,1.505e-05,1.505e-05,1.505e-05,1.505e-05,1.505e-05,1.505e-05,1.505e-05,1.505e-05,1.505e-05,0.006060049999999899,1.505e-05,1.0728000500000001,1.505e-05,1.505e-05,1.505e-05,1.7007700500000003,0.22073005,1.505e-05,0.08126004999999989,0.23329005,0.00195005,0.004310049999999999,1.505e-05,1.505e-05,1.505e-05,1.505e-05,1.505e-05,1.505e-05,1.505e-05,1.505e-05,1.505e-05,0.011880050000000001,1.505e-05,12.314510049999981
37035_1#10,1.9775e-05,0.012174774999999999,1.9775e-05,0.041144775,0.0437547749999999,1.9775e-05,1.007724775,0.001844775,0.018424775,0.337004775,1.9775e-05,0.171614775,1.9775e-05,1.9775e-05,1.9775e-05,0.031444775,0.1768647749999999,0.008834775,0.039644775,0.11012477500000001,0.0004647749999999,1.9775e-05,0.106774775,0.048304775,0.476014775,0.0616747749999999,0.974134775,1.9775e-05,0.08556477499999991,1.9775e-05,1.9775e-05,1.9775e-05,0.117334775,1.9775e-05,0.164644775,1.9775e-05,1.9775e-05,1.9775e-05,1.9775e-05,1.9775e-05,1.9775e-05,0.014084774999999999,0.07400477500000001,0.5318147750000001,1.9775e-05,0.0036347750000000002,1.9775e-05,0.228584775,1.9775e-05,0.08233477500000001,1.9775e-05,0.004984775,1.9775e-05,0.351344775,0.344624775,0.033214775,0.066904775,1.9775e-05,0.16796477499999998,0.087334775,0.042204775,0.179274775,0.004934775000000001,1.9775e-05,0.001794775,0.09161477499999991,1.9775e-05,0.054204775,0.030014775,1.9775e-05,1.9775e-05,1.9775e-05,1.9775e-05,0.031734775,2.254044775,0.006714775,0.0560147749999999,1.9775e-05,1.9775e-05,0.003244775,1.9775e-05,0.211214775,0.312834775,1.9775e-05,0.0146947749999999,0.034514775,1.9775e-05,0.006774775,0.026314775,1.9775e-05,1.9775e-05,1.9775e-05,1.9775e-05,1.9775e-05,1.9775e-05,0.005324775,0.378154775,0.005464775,0.003094775,0.055434775,0.0024847750000000003,0.0290747749999999,0.019404775,1.9775e-05,1.9775e-05,0.053364774999999996,1.9775e-05,0.136334775,0.037984775,1.9775e-05,1.9775e-05,0.0062147749999999,1.9775e-05,1.9775e-05,0.06504477500000001,1.9775e-05,0.023594775,0.10010477500000001,1.9775e-05,0.012334775,1.9775e-05,0.123014775,0.039474775,1.9775e-05,0.14762477499999999,0.001884775,0.037244775,0.2998547749999999,0.011064774999999999,0.035864775,0.000334775,0.0333747749999999,1.9775e-05,1.9775e-05,0.021514775,1.9775e-05,1.9775e-05,1.9775e-05,0.1022747749999999,1.922134775,0.003074775,0.049764775,0.017374775,0.014874775,1.9775e-05,0.001554775,1.9775e-05,1.9775e-05,1.9775e-05,0.0252547749999999,1.9775e-05,1.9775e-05,0.0044247749999999,0.000344775,0.000654775,1.9775e-05,1.9775e-05,0.279724775,0.00011477499999999998,1.2233347749999999,1.9775e-05,0.007424775000000001,0.0026447750000000003,1.9775e-05,0.017034775,0.025544775,1.9775e-05,1.9775e-05,0.004014775,0.015104774999999898,1.9775e-05,0.001394775,1.9775e-05,0.015564775,1.9775e-05,1.9775e-05,1.9775e-05,1.9775e-05,0.056054775,0.169734775,1.9775e-05,1.9775e-05,1.9775e-05,1.9775e-05,1.9775e-05,1.9775e-05,1.9775e-05,1.9775e-05,1.9775e-05,0.40859477499999997,0.030304775,0.070334775,0.001594775,0.471344775,0.002284775,0.004154775,0.007604775,1.9775e-05,1.9775e-05,83.96947477500001
37035_1#11,1.085e-05,1.085e-05,1.085e-05,0.006525850000000001,0.005885850000000001,1.085e-05,0.28843585,0.01953585,1.085e-05,0.21932585,1.085e-05,0.2136458499999999,0.01680585,1.085e-05,1.085e-05,0.004735850000000001,0.11631585,1.085e-05,0.00143585,0.14982585,1.085e-05,1.085e-05,0.13143585,2.6202458500000003,1.97769585,1.085e-05,0.01006585,1.085e-05,0.06563585,1.085e-05,1.085e-05,1.085e-05,1.085e-05,1.085e-05,0.01466585,1.085e-05,1.085e-05,1.085e-05,1.085e-05,1.085e-05,1.085e-05,0.21546585,1.085e-05,0.01227585,1.085e-05,1.085e-05,0.01056585,0.19313585,1.085e-05,1.085e-05,1.085e-05,1.085e-05,1.085e-05,0.34510585,0.5090658499999999,1.085e-05,0.08625585,1.085e-05,1.085e-05,1.085e-05,0.0009958499999999,1.085e-05,1.085e-05,1.085e-05,1.085e-05,0.00886585,0.03302585,0.32450585,0.00872585,1.085e-05,1.085e-05,1.085e-05,1.085e-05,0.0063858499999999005,1.085e-05,1.085e-05,1.085e-05,1.085e-05,1.085e-05,1.085e-05,1.085e-05,0.00698585,0.10424585,0.004505849999999901,1.085e-05,1.085e-05,1.085e-05,1.085e-05,0.0104358499999999,1.085e-05,1.085e-05,1.085e-05,1.085e-05,1.085e-05,1.085e-05,1.085e-05,0.02482585,1.085e-05,0.00489585,0.01592585,1.085e-05,1.085e-05,0.0022458499999999998,1.085e-05,1.085e-05,1.085e-05,1.085e-05,0.0299158499999999,0.05013585,1.085e-05,1.085e-05,1.085e-05,1.085e-05,1.085e-05,0.00504585,1.085e-05,1.085e-05,0.09934585,1.085e-05,1.085e-05,1.085e-05,0.0068858499999999,1.085e-05,0.00342585,0.00170585,0.00580585,0.08251585,0.03677585,1.085e-05,1.085e-05,1.085e-05,0.04622585,1.085e-05,1.085e-05,0.0010658500000000001,1.085e-05,1.14458585,1.085e-05,0.048075849999999996,0.01321585,1.085e-05,1.085e-05,1.085e-05,1.085e-05,1.085e-05,1.085e-05,1.085e-05,1.085e-05,1.085e-05,1.085e-05,1.085e-05,1.085e-05,0.0022258499999999997,1.085e-05,1.085e-05,1.085e-05,1.085e-05,0.00766585,1.085e-05,0.0619058499999999,1.085e-05,1.085e-05,1.085e-05,1.085e-05,1.085e-05,1.085e-05,1.085e-05,1.085e-05,1.085e-05,1.085e-05,1.085e-05,1.085e-05,0.009745849999999999,1.085e-05,1.085e-05,1.085e-05,1.085e-05,1.085e-05,0.0020658499999999997,0.01056585,1.085e-05,1.085e-05,1.085e-05,1.085e-05,1.085e-05,1.085e-05,1.085e-05,1.085e-05,1.085e-05,1.085e-05,0.01486585,0.05083585,1.085e-05,1.085e-05,1.085e-05,1.085e-05,1.085e-05,1.085e-05,1.085e-05,90.47323585
37035_1#12,0.059821249999999895,0.027141250000000002,2.6249999999999998e-05,0.04001125,0.84739125,0.17064125,0.60605125,1.6969812500000003,0.01738125,1.48476125,2.6249999999999998e-05,0.22307125,0.72819125,0.00317125,0.01779125,0.00099125,0.27782125,0.7466612499999999,0.06594124999999999,0.26325125,0.15944125,0.00244125,0.30948125,0.1547512499999999,1.4354012500000002,0.37398125,1.1565512500000001,0.19928125,0.04795125,2.6249999999999998e-05,0.00860125,2.6249999999999998e-05,6.5577612499999995,2.6249999999999998e-05,0.07586125,2.6249999999999998e-05,2.6249999999999998e-05,0.09460125,0.10692125,2.6249999999999998e-05,2.6249999999999998e-05,0.05186125,0.09463125,2.6249999999999998e-05,0.01454125,2.6249999999999998e-05,0.25392125,13.898251250000001,0.09323125,0.21765125,0.07858124999999999,0.09965125,0.02487125,0.41909124999999997,0.58234125,2.6249999999999998e-05,0.13671125,0.02138125,0.00648125,0.70339125,0.05614125,0.83405125,2.73007125,0.10563125,0.07828125,0.97670125,0.00180125,0.68000125,0.01789125,0.0075212499999998995,2.6249999999999998e-05,0.03008125,0.01134125,0.07956125,2.6249999999999998e-05,0.11163125,5.680961249999999,0.4438812499999999,0.030181249999999903,0.17434125,0.07136125,2.58147125,0.26581125,0.55088125,0.38033125,0.00751125,2.6249999999999998e-05,0.01926125,0.01402125,0.00807125,0.00714125,0.51078125,0.00046124999999999996,2.6249999999999998e-05,0.024421250000000002,0.17566125,1.20291125,0.01062125,0.02036125,0.08526125,0.07430125,0.01073125,0.30038125,0.10076125,0.028841250000000002,2.6249999999999998e-05,0.15490125,0.00390125,0.00278125,2.6249999999999998e-05,2.6249999999999998e-05,0.84218125,2.6249999999999998e-05,0.10276125,0.00076125,0.03591125,0.23378125,0.08111125,0.02343125,0.80976125,0.00508125,0.11714125,0.07074124999999999,2.6249999999999998e-05,1.6650112500000003,0.03910125,0.1287512499999999,0.13058125,0.01748125,2.6249999999999998e-05,0.00589125,0.09284125,0.02418125,2.6249999999999998e-05,0.051831249999999995,2.6249999999999998e-05,2.6249999999999998e-05,0.10679125,0.00812125,1.86855125,0.030191250000000003,2.6249999999999998e-05,0.51236125,0.07592125,2.6249999999999998e-05,0.05703125,2.6249999999999998e-05,0.32573124999999997,2.6249999999999998e-05,0.030621250000000003,0.049181249999999996,0.14353125,0.1592212499999999,0.04815125,0.0290112499999999,2.6249999999999998e-05,0.1201512499999999,2.18453125,2.6249999999999998e-05,0.039051249999999996,0.25252125,0.00269125,0.00532125,0.00106125,0.29569125,0.01227125,0.016331250000000002,2.6249999999999998e-05,2.6249999999999998e-05,2.6249999999999998e-05,0.035151249999999995,0.018291250000000002,0.025331250000000003,0.030891250000000002,0.00069125,2.6249999999999998e-05,0.027211249999999902,0.02777125,0.00593125,2.6249999999999998e-05,0.12149125,2.6249999999999998e-05,2.6249999999999998e-05,2.6249999999999998e-05,2.6249999999999998e-05,2.6249999999999998e-05,2.6249999999999998e-05,2.6249999999999998e-05,0.05633125,2.6249999999999998e-05,0.01619125,2.6249999999999998e-05,2.6249999999999998e-05,2.6249999999999998e-05,0.18323124999999998,0.02360125,2.6249999999999998e-05,2.6249999999999998e-05,2.6249999999999998e-05,35.25449125000001
37035_1#13,2.1349999999999997e-05,0.00120635,2.1349999999999997e-05,0.045566350000000005,2.33994635,2.1349999999999997e-05,0.1317163499999999,4.32945635,0.00422635,5.602406350000001,2.1349999999999997e-05,0.02066635,3.46883635,2.1349999999999997e-05,0.16325635,2.1349999999999997e-05,0.14277635,0.03148635,0.0132563499999999,0.4242763499999999,0.06642635,2.1349999999999997e-05,0.00180635,0.99357635,1.91590635,1.23104635,0.65848635,0.024036349999999998,0.00027635,2.1349999999999997e-05,0.02972635,0.040446350000000006,0.02725635,2.1349999999999997e-05,2.1349999999999997e-05,2.1349999999999997e-05,0.0543163499999999,0.09616635,2.1349999999999997e-05,2.1349999999999997e-05,2.1349999999999997e-05,2.1349999999999997e-05,2.1349999999999997e-05,2.1349999999999997e-05,2.1349999999999997e-05,2.1349999999999997e-05,1.1333463499999998,37.07385635,0.13738635,0.1234463499999999,2.1349999999999997e-05,0.84332635,0.22261635,0.060406350000000004,0.23616635,2.1349999999999997e-05,0.00178635,0.34747635000000004,2.1349999999999997e-05,0.76452635,2.1349999999999997e-05,0.033716350000000006,2.46988635,0.47304635,0.031446350000000005,0.16640635,0.92953635,0.00905635,0.0147463499999999,0.02661635,0.10513634999999999,0.08273635,0.01833635,0.4680763499999999,0.01576635,0.10215634999999999,2.60275635,0.23899635,2.1349999999999997e-05,0.2386463499999999,0.13280635,0.34609635,2.1349999999999997e-05,1.9502163499999998,0.0269563499999999,0.07794635,0.00318635,0.02219635,2.1349999999999997e-05,0.006666349999999901,2.1349999999999997e-05,0.04210635,0.02696635,0.005386350000000001,0.07789634999999999,0.22034635,0.05966635,2.1349999999999997e-05,0.08733635,2.1349999999999997e-05,0.0425263499999999,2.1349999999999997e-05,0.01020635,0.00219635,2.1349999999999997e-05,2.1349999999999997e-05,0.11579634999999999,0.009706349999999999,2.1349999999999997e-05,0.00811635,0.0016063499999999999,0.74755635,2.1349999999999997e-05,0.00342635,2.1349999999999997e-05,0.0267763499999999,0.80872635,2.1349999999999997e-05,0.0214963499999999,0.00605635,0.08975635,0.0003663499999999,2.1349999999999997e-05,0.39192635000000003,0.27864634999999993,0.04784635,2.1349999999999997e-05,0.0017763499999999999,0.00612635,0.01578635,0.0307763499999999,2.1349999999999997e-05,2.1349999999999997e-05,2.1349999999999997e-05,2.1349999999999997e-05,2.1349999999999997e-05,0.08707635,0.03721635,2.1349999999999997e-05,0.50783635,0.05049635,0.47187635,0.1335163499999999,0.059016349999999905,0.0051563500000000005,0.20312634999999998,0.00893635,2.1349999999999997e-05,0.06881635,0.006236350000000001,0.09117634999999999,2.1349999999999997e-05,0.00876635,0.05024635,2.1349999999999997e-05,2.1349999999999997e-05,0.19530635,0.12950635,0.48496635000000005,2.1349999999999997e-05,0.03804635,0.04416635,0.01523635,2.1349999999999997e-05,0.0153063499999999,2.1349999999999997e-05,2.1349999999999997e-05,0.09037635,2.1349999999999997e-05,2.1349999999999997e-05,2.1349999999999997e-05,2.1349999999999997e-05,2.1349999999999997e-05,2.1349999999999997e-05,0.00437635,2.1349999999999997e-05,2.1349999999999997e-05,2.1349999999999997e-05,2.1349999999999997e-05,2.1349999999999997e-05,2.1349999999999997e-05,2.1349999999999997e-05,2.1349999999999997e-05,2.1349999999999997e-05,2.1349999999999997e-05,2.1349999999999997e-05,2.1349999999999997e-05,2.1349999999999997e-05,2.1349999999999997e-05,0.45608635000000003,2.1349999999999997e-05,2.1349999999999997e-05,0.00108635,3.7617563499999997,0.01724635,2.1349999999999997e-05,2.1349999999999997e-05,2.1349999999999997e-05,2.1349999999999997e-05,16.37244635
37035_1#14,2.5724999999999995e-05,2.5724999999999995e-05,2.5724999999999995e-05,0.050690725,0.006430725,0.060220724999999996,0.962760725,0.329860725,0.0139107249999999,1.187650725,2.5724999999999995e-05,0.130620725,0.021700725,2.5724999999999995e-05,2.5724999999999995e-05,0.001600725,0.187650725,0.015250725,0.155730725,0.415440725,0.024980725,2.5724999999999995e-05,0.178050725,0.031300724999999995,2.5724999999999995e-05,0.235070725,0.226280725,0.061930724999999895,0.0585707249999999,2.5724999999999995e-05,2.5724999999999995e-05,0.013230725,0.148720725,2.5724999999999995e-05,0.016820725,2.5724999999999995e-05,0.010540725,0.18126072499999998,2.5724999999999995e-05,2.5724999999999995e-05,2.5724999999999995e-05,0.026970725,0.0141107249999999,2.5724999999999995e-05,2.5724999999999995e-05,2.5724999999999995e-05,0.033070724999999995,1.2690907249999999,2.5724999999999995e-05,0.020090725,0.424870725,0.041490725,0.077010725,0.258310725,0.960840725,2.5724999999999995e-05,0.048820724999999995,0.044830724999999995,0.06262072499999989,1.156690725,0.002080725,0.161680725,0.044670724999999994,0.055230724999999994,0.395400725,2.023220725,0.0052507249999999995,0.118260725,0.251800725,2.5724999999999995e-05,0.005260725,0.030410725,0.000790725,0.001520725,0.346770725,0.26238072500000004,0.822850725,0.115030725,0.052540724999999996,2.5724999999999995e-05,0.104090725,2.2328107249999998,0.29995072500000003,0.024950725,0.014990725,0.006660724999999999,0.001370725,0.047590725,0.006380724999999999,2.5724999999999995e-05,0.006920724999999899,2.5724999999999995e-05,2.5724999999999995e-05,2.5724999999999995e-05,0.015250725,0.150890725,1.2037807249999999,2.5724999999999995e-05,0.021170725,2.5724999999999995e-05,0.145500725,0.024610725,0.22844072499999998,0.09880072499999999,0.012270725,0.002570725,0.033450724999999994,0.037620724999999994,0.0075507249999999,2.5724999999999995e-05,2.5724999999999995e-05,1.426090725,0.004770724999999899,0.084010725,2.5724999999999995e-05,2.5724999999999995e-05,2.5724999999999995e-05,0.019420725,0.062110725,0.299720725,0.052160725,0.063690725,0.051020724999999996,0.139280725,0.513090725,0.023480725,0.013920725,0.099850725,0.069930725,0.0050807249999999995,2.5724999999999995e-05,0.096850725,0.017940725,2.5724999999999995e-05,2.5724999999999995e-05,2.5724999999999995e-05,14.007020725,0.192230725,2.5724999999999995e-05,4.783550725,0.033280725,5.174850725,0.49579072500000004,0.028690725,0.244990725,0.229290725,0.150190725,1.0073207249999998,0.247930725,0.021520725,0.020520725,0.1457007249999999,0.001700725,2.5724999999999995e-05,2.5724999999999995e-05,0.044740724999999995,0.016570725,0.011870725,2.5724999999999995e-05,1.1903907249999999,0.042870725,0.105080725,1.180550725,0.09479072499999999,0.243430725,2.5724999999999995e-05,0.113380725,0.0023807249999999,0.030910725,0.219790725,0.006460725,0.0310807249999999,0.028940725,0.027790725,0.019270725,2.5724999999999995e-05,0.031890724999999995,2.5724999999999995e-05,0.050310724999999994,0.0183507249999999,0.32161072499999993,2.5724999999999995e-05,2.5724999999999995e-05,0.0013507249999999,2.5724999999999995e-05,2.5724999999999995e-05,2.5724999999999995e-05,2.5724999999999995e-05,0.056930724999999995,2.5724999999999995e-05,0.0075507249999999,0.026700725,0.565660725,1.023560725,0.317240725,0.854080725,0.041020724999999994,2.5724999999999995e-05,2.5724999999999995e-05,44.857190725
37035_1#15,1.0499999999999998e-05,1.0499999999999998e-05,1.0499999999999998e-05,1.7389854999999999,0.2139655,1.0499999999999998e-05,15.6407055,30.796015500000003,1.0499999999999998e-05,4.942785499999999,1.0499999999999998e-05,1.0499999999999998e-05,1.2078855,1.0499999999999998e-05,1.0499999999999998e-05,1.0499999999999998e-05,1.8701854999999998,1.0499999999999998e-05,1.0499999999999998e-05,2.0248755000000003,0.1281655,1.0499999999999998e-05,0.0785855,1.1380955,0.5432955,0.5187055,1.0499999999999998e-05,0.0369454999999999,0.7079955,1.0499999999999998e-05,1.0499999999999998e-05,1.0499999999999998e-05,0.20644549999999998,1.0499999999999998e-05,0.15069549999999998,1.0499999999999998e-05,1.5689454999999999,0.0136855,1.0499999999999998e-05,0.054325500000000006,0.052145500000000004,1.0499999999999998e-05,1.0499999999999998e-05,1.0499999999999998e-05,1.0499999999999998e-05,1.0499999999999998e-05,0.4697655,4.9708355,11.0056155,1.0499999999999998e-05,1.0499999999999998e-05,1.0499999999999998e-05,1.0499999999999998e-05,7.442615499999999,0.1915555,1.0499999999999998e-05,1.0499999999999998e-05,0.0083655,1.0499999999999998e-05,1.0499999999999998e-05,1.0499999999999998e-05,1.0499999999999998e-05,1.0499999999999998e-05,1.0499999999999998e-05,0.3686855,0.06926550000000001,0.4150955,0.0467155,0.0307355,1.0499999999999998e-05,1.0499999999999998e-05,0.0793155,1.0499999999999998e-05,1.0499999999999998e-05,1.0499999999999998e-05,1.0499999999999998e-05,0.0138655,1.0499999999999998e-05,1.0499999999999998e-05,1.0499999999999998e-05,0.1813955,0.3359955,1.0499999999999998e-05,0.5585654999999999,1.0499999999999998e-05,1.0499999999999998e-05,1.0499999999999998e-05,1.0499999999999998e-05,1.0499999999999998e-05,0.0437654999999999,1.0499999999999998e-05,1.0499999999999998e-05,1.0499999999999998e-05,1.0499999999999998e-05,1.0499999999999998e-05,1.0499999999999998e-05,1.0499999999999998e-05,1.0499999999999998e-05,1.0499999999999998e-05,1.0499999999999998e-05,0.1006655,1.0499999999999998e-05,0.1503155,0.1169555,1.0499999999999998e-05,1.0499999999999998e-05,0.052125500000000005,0.1879455,1.0499999999999998e-05,1.0499999999999998e-05,1.0499999999999998e-05,0.0318555,1.0499999999999998e-05,1.0499999999999998e-05,1.0499999999999998e-05,1.0499999999999998e-05,1.0499999999999998e-05,1.0499999999999998e-05,0.034155500000000005,1.0499999999999998e-05,1.0499999999999998e-05,1.0499999999999998e-05,1.0499999999999998e-05,0.4977355,0.0003154999999999,1.0499999999999998e-05,1.0499999999999998e-05,0.0104755,1.0499999999999998e-05,1.0499999999999998e-05,1.0499999999999998e-05,0.0038655,1.0499999999999998e-05,1.0499999999999998e-05,1.0499999999999998e-05,1.0499999999999998e-05,1.0499999999999998e-05,0.28169549999999993,1.0499999999999998e-05,0.6962555,1.0499999999999998e-05,0.3361855,1.0499999999999998e-05,1.0499999999999998e-05,1.0499999999999998e-05,0.0041455,1.0499999999999998e-05,0.0003355,0.0017555,1.0499999999999998e-05,0.0489655,1.0499999999999998e-05,1.0499999999999998e-05,1.0499999999999998e-05,1.0499999999999998e-05,1.0499999999999998e-05,1.0499999999999998e-05,1.0499999999999998e-05,1.0499999999999998e-05,1.0499999999999998e-05,1.0499999999999998e-05,1.0499999999999998e-05,1.0499999999999998e-05,1.0499999999999998e-05,1.0499999999999998e-05,1.0499999999999998e-05,1.0499999999999998e-05,1.0499999999999998e-05,0.0107055,1.0499999999999998e-05,1.0499999999999998e-05,1.0499999999999998e-05,1.0499999999999998e-05,1.0499999999999998e-05,1.0499999999999998e-05,1.0499999999999998e-05,1.0499999999999998e-05,1.0499999999999998e-05,1.0499999999999998e-05,0.5062655,1.0499999999999998e-05,1.0499999999999998e-05,1.0499999999999998e-05,1.0499999999999998e-05,1.0499999999999998e-05,1.0499999999999998e-05,1.0499999999999998e-05,1.0499999999999998e-05,0.0396455,1.0499999999999998e-05,1.0499999999999998e-05,1.0499999999999998e-05,1.0499999999999998e-05,1.0499999999999998e-05,1.0499999999999998e-05,1.0499999999999998e-05,1.0499999999999998e-05,1.0499999999999998e-05,1.0499999999999998e-05,7.020575500000015
37035_1#16,2.2924999999999998e-05,2.2924999999999998e-05,2.2924999999999998e-05,0.092187925,0.526597925,2.2924999999999998e-05,0.166647925,3.522097925,0.0025279249999999,3.676207925,2.2924999999999998e-05,0.0039179249999998994,0.657407925,2.2924999999999998e-05,0.130727925,2.2924999999999998e-05,0.167647925,2.2924999999999998e-05,0.014947924999999999,0.111247925,0.284097925,2.2924999999999998e-05,0.054257925,0.251337925,0.214117925,0.366857925,0.762727925,0.231167925,0.037067925,2.2924999999999998e-05,2.2924999999999998e-05,0.5163679250000001,0.159777925,2.2924999999999998e-05,2.2924999999999998e-05,2.2924999999999998e-05,0.065027925,0.592787925,0.0778679249999999,2.2924999999999998e-05,0.232987925,0.254207925,0.175087925,2.2924999999999998e-05,2.2924999999999998e-05,2.2924999999999998e-05,0.788257925,9.621767924999999,0.0706679249999999,0.312907925,0.230767925,0.939017925,0.021417925,0.020977925,0.140227925,2.2924999999999998e-05,0.004787924999999999,0.123457925,0.101217925,1.434937925,2.2924999999999998e-05,0.037877925,5.030417925,1.403757925,0.287767925,0.227637925,0.5042179250000001,0.035057925,0.039787925,0.207027925,0.203467925,0.088047925,0.133577925,0.005317924999999999,0.161007925,0.024277925,0.151837925,0.0791179249999999,0.040097925,0.113337925,0.491197925,1.118667925,2.2924999999999998e-05,0.308077925,0.198277925,0.094257925,0.230497925,0.032897925,2.2924999999999998e-05,0.0819179249999999,2.2924999999999998e-05,0.032277925,2.2924999999999998e-05,0.045987925,0.001717925,0.195287925,0.016707925,0.007347924999999899,0.198307925,2.2924999999999998e-05,0.037907925,0.003147925,0.023877925,0.0033279249999999,0.004347925,2.2924999999999998e-05,0.6786679250000001,0.0038179249999999,2.2924999999999998e-05,2.2924999999999998e-05,0.023677925,1.884837925,2.2924999999999998e-05,0.005397925,2.2924999999999998e-05,2.2924999999999998e-05,2.255937925,2.2924999999999998e-05,0.037327925,0.2295579249999999,0.095677925,2.2924999999999998e-05,0.160487925,0.0585279249999999,0.536727925,2.2924999999999998e-05,2.2924999999999998e-05,0.0223579249999999,2.2924999999999998e-05,0.086657925,0.0272279249999999,2.2924999999999998e-05,0.014017925,2.2924999999999998e-05,2.2924999999999998e-05,2.2924999999999998e-05,2.2924999999999998e-05,0.311207925,2.2924999999999998e-05,0.383047925,0.173457925,0.635587925,0.132157925,0.579107925,2.2924999999999998e-05,0.021827924999999998,0.632657925,0.816777925,0.588107925,2.2924999999999998e-05,0.176277925,0.106177925,0.257617925,0.032747925,2.2924999999999998e-05,0.006487924999999999,0.311157925,0.062707925,0.012727925,2.2924999999999998e-05,0.061457925,0.232627925,0.034397925,0.0523179249999999,0.1088479249999999,2.2924999999999998e-05,0.062147925,0.013627924999999999,0.214637925,0.012347925,2.2924999999999998e-05,2.2924999999999998e-05,2.2924999999999998e-05,2.2924999999999998e-05,0.039907925,2.2924999999999998e-05,2.2924999999999998e-05,2.2924999999999998e-05,2.2924999999999998e-05,0.006327925,2.2924999999999998e-05,2.2924999999999998e-05,2.2924999999999998e-05,2.2924999999999998e-05,2.2924999999999998e-05,2.2924999999999998e-05,2.2924999999999998e-05,2.2924999999999998e-05,2.2924999999999998e-05,2.2924999999999998e-05,2.2924999999999998e-05,2.2924999999999998e-05,0.057147925,4.465507925,0.094597925,0.101307925,2.2924999999999998e-05,2.2924999999999998e-05,0.013157925,44.009297925
37035_1#17,2.4149999999999997e-05,0.0280591499999999,2.4149999999999997e-05,0.36170915,0.03489915,0.02466915,0.79854915,1.54213915,2.4149999999999997e-05,7.42366915,0.00473915,0.19943914999999998,0.12863914999999998,2.4149999999999997e-05,0.0007091500000000001,0.02766915,0.64413915,0.0894691499999999,0.04943915,0.30244915,0.01719915,2.4149999999999997e-05,0.10383914999999999,7.64830915,1.19769915,0.60576915,0.77429915,0.02912915,0.08924915,2.4149999999999997e-05,2.4149999999999997e-05,2.4149999999999997e-05,0.14333915,2.4149999999999997e-05,0.03474915,2.4149999999999997e-05,0.08050914999999999,0.01028915,0.01609915,2.4149999999999997e-05,0.02214915,1.19033915,0.06208915,0.09599914999999999,2.4149999999999997e-05,0.02239915,0.01672915,0.84960915,0.94923915,0.11545915,0.79235915,0.0045591500000000005,2.4149999999999997e-05,1.24204915,1.18555915,2.4149999999999997e-05,0.01880915,2.4149999999999997e-05,0.33033914999999997,0.1496191499999999,0.01700915,0.64383915,2.4149999999999997e-05,0.1099491499999999,0.25513915,0.62403915,0.0199591499999999,0.19458915,0.09038914999999999,0.02998915,0.0027791499999999998,0.00390915,0.13317915,0.2143091499999999,0.55678915,0.00991915,0.40976914999999997,0.00552915,2.4149999999999997e-05,2.4149999999999997e-05,0.32379915,0.56343915,0.23678915,0.02010915,0.04469915,0.00761915,0.048699150000000004,2.4149999999999997e-05,0.02603915,2.4149999999999997e-05,0.02552915,0.19259915,2.4149999999999997e-05,2.4149999999999997e-05,0.38347915,0.0505791499999999,0.68617915,0.02268915,0.39416914999999997,0.05528915,0.0051991500000000005,0.00826915,0.1549191499999999,0.11283915,0.0111691499999999,0.06667914999999999,0.02198915,0.3519091499999999,0.01933915,2.4149999999999997e-05,0.00599915,0.02710915,0.07936914999999989,2.4149999999999997e-05,0.03169915,2.4149999999999997e-05,2.4149999999999997e-05,0.02409915,0.03297915,0.16971914999999999,2.4149999999999997e-05,0.05449915,0.02338915,0.00660915,2.4149999999999997e-05,2.4149999999999997e-05,0.01362915,0.16951914999999998,0.10536915,0.02863915,0.00761915,0.15922914999999999,2.4149999999999997e-05,2.4149999999999997e-05,2.4149999999999997e-05,2.4149999999999997e-05,0.13637915,0.01496915,0.37148915,0.41346915,0.10541914999999999,0.07685914999999999,0.01841915,0.00973915,2.4149999999999997e-05,2.4149999999999997e-05,0.01732915,0.0945191499999999,2.4149999999999997e-05,0.02113915,0.0002291499999999,2.4149999999999997e-05,0.02301915,2.4149999999999997e-05,2.4149999999999997e-05,2.4149999999999997e-05,2.4149999999999997e-05,0.35166915,0.00533915,0.32147915,2.4149999999999997e-05,2.4149999999999997e-05,0.00234915,0.00610915,0.01169915,0.00939915,2.4149999999999997e-05,0.00099915,2.4149999999999997e-05,0.00673915,2.4149999999999997e-05,0.00247915,2.4149999999999997e-05,0.01213915,2.4149999999999997e-05,2.4149999999999997e-05,2.4149999999999997e-05,2.4149999999999997e-05,0.04125915,0.06951914999999999,0.01693915,2.4149999999999997e-05,2.4149999999999997e-05,2.4149999999999997e-05,2.4149999999999997e-05,2.4149999999999997e-05,2.4149999999999997e-05,2.4149999999999997e-05,0.00712915,2.4149999999999997e-05,0.03883915,0.03145915,2.4149999999999997e-05,0.00443915,0.00350915,0.0056891500000000005,0.02969915,2.4149999999999997e-05,2.4149999999999997e-05,60.16388914999999
37035_1#18,2.2224999999999998e-05,0.002637225,2.2224999999999998e-05,0.1405672249999999,0.120577225,0.036247225,4.796237225,1.476037225,0.5392072250000001,8.970607225,0.004677225,0.910367225,0.115877225,2.2224999999999998e-05,2.2224999999999998e-05,2.220647225,0.945397225,0.077157225,0.11715722499999999,1.4933972249999998,2.2224999999999998e-05,2.2224999999999998e-05,1.813347225,13.305967224999998,3.739647225,1.437737225,3.300137225,0.035337225,0.264277225,2.2224999999999998e-05,2.2224999999999998e-05,0.0598172249999999,0.670437225,2.2224999999999998e-05,0.014267225,2.2224999999999998e-05,0.013247225,0.004657225,0.12020722499999999,2.2224999999999998e-05,2.2224999999999998e-05,0.352247225,0.192317225,2.2224999999999998e-05,0.004637225,0.057337225,0.103887225,4.905957225,0.09187722499999999,0.24727722500000002,2.2224999999999998e-05,0.07437722499999999,0.008947225,4.1072372249999995,0.359107225,1.695357225,0.3316072249999999,0.066377225,2.2224999999999998e-05,0.22032722500000002,0.13595722500000001,0.270317225,0.09676722499999989,0.052957225000000004,0.013537225,4.6671572249999995,0.2241072249999999,2.0657172249999998,0.002937225,0.078257225,0.07761722499999989,2.2224999999999998e-05,2.2224999999999998e-05,0.5197172250000001,2.2224999999999998e-05,0.044857225,0.652267225,0.022787225,2.2224999999999998e-05,0.017467225,0.018217225,0.07496722499999989,0.552757225,0.621547225,0.512597225,0.661947225,0.021067225000000002,2.2224999999999998e-05,0.140107225,0.016507225,0.021297225,0.126377225,0.011327225,2.2224999999999998e-05,0.012397225,2.2224999999999998e-05,0.39251722499999997,0.0016772249999998999,0.036667225,0.06735722499999999,0.0006772249999999999,0.503107225,0.144187225,0.033787225,0.232027225,0.210747225,2.2224999999999998e-05,1.7502672249999998,0.140697225,2.2224999999999998e-05,2.2224999999999998e-05,2.2224999999999998e-05,0.31369722499999997,2.2224999999999998e-05,0.0561272249999999,2.2224999999999998e-05,0.165777225,0.06725722499999999,2.2224999999999998e-05,0.036747225,2.2224999999999998e-05,0.1856672249999999,0.1907472249999999,0.160677225,0.017677225,0.043537225,0.29286722499999995,1.440977225,0.093057225,0.0787672249999999,2.2224999999999998e-05,0.14153722500000002,2.2224999999999998e-05,2.2224999999999998e-05,0.004447225000000001,2.2224999999999998e-05,2.2224999999999998e-05,2.2224999999999998e-05,0.014887225,0.4416072249999999,0.2159072249999999,0.0578672249999999,0.010587225,2.2224999999999998e-05,0.085207225,2.2224999999999998e-05,2.2224999999999998e-05,2.2224999999999998e-05,2.2224999999999998e-05,2.2224999999999998e-05,2.2224999999999998e-05,0.017987225,2.2224999999999998e-05,2.2224999999999998e-05,0.274867225,2.2224999999999998e-05,2.2224999999999998e-05,0.117887225,0.126057225,0.851217225,2.2224999999999998e-05,0.128397225,2.2224999999999998e-05,2.2224999999999998e-05,0.031747225,0.025007225,2.2224999999999998e-05,0.002137225,0.0017572249999998999,0.009207225000000001,2.2224999999999998e-05,2.2224999999999998e-05,0.08147722499999989,0.019217225,2.2224999999999998e-05,2.2224999999999998e-05,2.2224999999999998e-05,2.2224999999999998e-05,0.021547225,0.170027225,2.2224999999999998e-05,2.2224999999999998e-05,2.2224999999999998e-05,2.2224999999999998e-05,2.2224999999999998e-05,2.2224999999999998e-05,2.2224999999999998e-05,2.2224999999999998e-05,2.2224999999999998e-05,2.2224999999999998e-05,2.2224999999999998e-05,2.2224999999999998e-05,2.2224999999999998e-05,0.865327225,2.2224999999999998e-05,0.013237225,0.0214972249999999,2.2224999999999998e-05,2.2224999999999998e-05,18.29213722500004
37035_1#1,0.619948975,0.4455089749999999,2.3974999999999997e-05,0.080488975,1.930248975,2.3974999999999997e-05,0.561658975,3.313788975,2.3974999999999997e-05,6.272938975,0.043708975000000004,0.232278975,1.1907989749999999,2.3974999999999997e-05,0.102668975,0.062658975,0.5953289749999999,0.016428975,0.059828975,0.433748975,0.192648975,2.3974999999999997e-05,0.054088975000000004,0.053458975,0.150558975,1.1001989749999999,0.6908589749999999,0.461768975,0.062958975,2.3974999999999997e-05,0.063828975,0.7169589749999999,0.168448975,2.3974999999999997e-05,0.003418975,2.3974999999999997e-05,0.058348975000000004,0.775818975,2.3974999999999997e-05,2.3974999999999997e-05,0.455618975,0.140278975,0.081068975,2.3974999999999997e-05,2.3974999999999997e-05,2.3974999999999997e-05,0.9276389749999999,9.386448975,2.798458975,0.331148975,2.3974999999999997e-05,2.1278789750000002,2.3974999999999997e-05,0.816348975,0.420208975,2.3974999999999997e-05,2.3974999999999997e-05,0.081378975,2.3974999999999997e-05,4.180898975,0.003108975,2.3974999999999997e-05,2.3974999999999997e-05,0.079078975,1.683558975,0.3531989749999999,0.337388975,0.034558975,0.421398975,0.0534789749999999,0.078668975,0.076678975,0.035978975,2.3974999999999997e-05,0.648938975,0.300028975,0.338998975,0.297478975,0.057148975000000005,0.084438975,0.167458975,4.483038975,0.003188975,0.065248975,0.304538975,0.027518974999999998,0.337588975,2.3974999999999997e-05,0.011998975,0.0132589749999999,2.3974999999999997e-05,0.018778975,2.3974999999999997e-05,0.067428975,0.206418975,2.3974999999999997e-05,0.323328975,0.010628975,0.019638975,0.011338975000000001,0.194018975,0.063598975,0.060138975000000004,0.0345789749999999,2.3974999999999997e-05,2.3974999999999997e-05,0.0285589749999999,0.0053089750000000005,2.3974999999999997e-05,0.004898975000000001,2.3974999999999997e-05,0.644748975,0.005928975,0.025018975,0.0049689750000000005,0.036948975,1.7505289750000002,2.3974999999999997e-05,0.261398975,0.068898975,0.013888975,0.028918975,0.017868975,0.257288975,5.351468975,0.099548975,2.3974999999999997e-05,0.058338975,0.017108975,0.0516189749999999,2.3974999999999997e-05,0.017608975,2.3974999999999997e-05,2.3974999999999997e-05,2.3974999999999997e-05,2.3974999999999997e-05,2.3974999999999997e-05,0.053778975,0.047398975,2.3974999999999997e-05,0.481548975,0.255148975,2.3974999999999997e-05,2.3974999999999997e-05,0.674188975,0.376518975,6.132358975,0.0041389750000000005,0.010888975,2.3974999999999997e-05,0.11341897499999991,0.051248975,0.186098975,0.251158975,2.3974999999999997e-05,0.0059189749999999,0.006948974999999901,0.023078974999999998,0.218678975,2.3974999999999997e-05,0.283108975,0.6533389749999999,0.117408975,0.048178975,1.035078975,0.009208975000000001,0.243718975,2.3974999999999997e-05,2.3974999999999997e-05,2.3974999999999997e-05,0.0104489749999999,0.032218975000000004,2.3974999999999997e-05,2.3974999999999997e-05,0.034748975,2.3974999999999997e-05,0.036328975,2.3974999999999997e-05,2.3974999999999997e-05,0.018488974999999998,0.023408975,2.3974999999999997e-05,2.3974999999999997e-05,0.006808975,2.3974999999999997e-05,2.3974999999999997e-05,2.3974999999999997e-05,2.3974999999999997e-05,0.020188974999999998,2.3974999999999997e-05,2.3974999999999997e-05,2.3974999999999997e-05,2.3974999999999997e-05,2.3974999999999997e-05,0.043908975,2.3974999999999997e-05,0.007718975,0.005338975,0.027718975,26.127078974999996
37035_1#20,1.82e-05,1.7094232,1.82e-05,1.4348931999999999,0.0560432,1.82e-05,11.631123200000001,0.2874932,0.0532532,4.4968432,0.6838232,3.7753632,0.17062319999999997,1.82e-05,0.17992319999999998,15.6690532,7.3883832,0.0056832,0.1154232,6.5140732,0.27531320000000004,1.82e-05,0.2998732,0.0941732,0.0302731999999999,0.9620331999999999,4.0492032,0.034273200000000004,1.5504932,1.82e-05,1.82e-05,1.82e-05,0.10879319999999991,1.82e-05,1.8917732,1.82e-05,1.82e-05,0.1497932,0.2008732,1.82e-05,1.82e-05,1.82e-05,0.1378132,0.0095132,0.0842432,0.0686432,0.0010332,0.6666732,1.82e-05,1.82e-05,1.82e-05,0.0041732,0.009523199999999999,5.8940232,6.7795032,0.3070531999999999,1.2355232,0.0072232,0.2090732,0.0373432,0.6747831999999999,1.1976832,1.82e-05,1.82e-05,0.0332032,1.82e-05,0.0403632,0.24060319999999988,1.0891232,0.0039032,1.82e-05,1.82e-05,1.82e-05,1.82e-05,2.0313332,0.0069232,0.1172832,1.82e-05,1.82e-05,1.82e-05,1.82e-05,0.0168332,1.8698932,0.0808232,0.015273199999999999,0.0113032,1.82e-05,1.82e-05,0.3477632,1.82e-05,0.0140132,0.0007532,0.013833199999999999,1.82e-05,1.82e-05,0.029733199999999998,1.82e-05,0.0844232,0.0089931999999999,0.5077132,1.82e-05,0.20621319999999999,0.0365532,0.0009332,0.1077032,1.82e-05,1.82e-05,0.5406632,0.7563432,0.0183431999999999,1.82e-05,1.82e-05,0.0047132,1.82e-05,0.2162632,1.82e-05,1.82e-05,0.2660732,1.82e-05,1.82e-05,1.82e-05,0.0159232,0.0156532,0.0049131999999999,1.82e-05,1.82e-05,0.1975832,0.15197319999999997,1.82e-05,1.82e-05,0.0573532,0.5232832,1.82e-05,1.82e-05,0.1100332,1.82e-05,0.0675832,1.82e-05,1.82e-05,0.0025632,1.82e-05,0.027103199999999997,1.82e-05,1.82e-05,1.82e-05,1.82e-05,1.82e-05,0.0039232,1.82e-05,1.82e-05,1.82e-05,1.82e-05,1.82e-05,1.82e-05,0.10438320000000001,1.82e-05,1.82e-05,0.0396132,1.82e-05,1.82e-05,1.82e-05,1.82e-05,1.82e-05,1.82e-05,1.82e-05,0.2921732,1.82e-05,1.82e-05,0.0073032,0.0772132,1.82e-05,0.10195320000000001,0.6726132,0.0610932,0.0338731999999999,1.82e-05,1.82e-05,0.017973199999999998,0.0044632,0.6699031999999999,1.82e-05,1.82e-05,1.82e-05,1.82e-05,1.82e-05,1.82e-05,1.82e-05,1.82e-05,1.82e-05,1.82e-05,0.14476319999999998,1.82e-05,1.82e-05,1.82e-05,1.82e-05,0.0395732,0.0320232,1.82e-05,1.82e-05,6.6614431999999715
37035_1#21,7.875000000000002e-06,3.032322875,7.875000000000002e-06,1.4454128750000002,0.067302875,7.875000000000002e-06,18.451532875,7.875000000000002e-06,7.875000000000002e-06,0.535972875,0.183192875,1.7809928750000001,0.065082875,7.875000000000002e-06,7.875000000000002e-06,10.115402875,2.759572875,7.875000000000002e-06,7.875000000000002e-06,2.409262875,0.192982875,7.875000000000002e-06,0.015682875,22.369182875,0.030482875,1.654752875,11.657192875,0.105972875,0.359652875,7.875000000000002e-06,0.127912875,7.875000000000002e-06,0.1057828749999999,7.875000000000002e-06,0.056362874999999896,7.875000000000002e-06,0.011292875,7.875000000000002e-06,7.875000000000002e-06,0.26171287499999996,7.875000000000002e-06,7.875000000000002e-06,0.031772875,0.994012875,7.875000000000002e-06,7.875000000000002e-06,7.875000000000002e-06,0.012902875000000001,7.875000000000002e-06,7.875000000000002e-06,7.875000000000002e-06,7.875000000000002e-06,7.875000000000002e-06,7.875000000000002e-06,7.875000000000002e-06,7.875000000000002e-06,7.875000000000002e-06,0.019652875,7.875000000000002e-06,7.875000000000002e-06,0.175032875,15.940022874999999,7.875000000000002e-06,7.875000000000002e-06,7.875000000000002e-06,7.875000000000002e-06,7.875000000000002e-06,0.030782875,7.875000000000002e-06,0.0057128749999998995,7.875000000000002e-06,7.875000000000002e-06,7.875000000000002e-06,7.875000000000002e-06,7.875000000000002e-06,7.875000000000002e-06,7.875000000000002e-06,7.875000000000002e-06,7.875000000000002e-06,7.875000000000002e-06,7.875000000000002e-06,7.875000000000002e-06,7.875000000000002e-06,7.875000000000002e-06,0.010232875,0.2300828749999999,7.875000000000002e-06,7.875000000000002e-06,7.875000000000002e-06,7.875000000000002e-06,7.875000000000002e-06,7.875000000000002e-06,0.078372875,7.875000000000002e-06,7.875000000000002e-06,0.330792875,7.875000000000002e-06,7.875000000000002e-06,7.875000000000002e-06,0.859212875,7.875000000000002e-06,0.136182875,7.875000000000002e-06,0.010902875000000001,7.875000000000002e-06,7.875000000000002e-06,7.875000000000002e-06,7.875000000000002e-06,7.875000000000002e-06,7.875000000000002e-06,7.875000000000002e-06,7.875000000000002e-06,0.001602875,7.875000000000002e-06,0.018112875,7.875000000000002e-06,7.875000000000002e-06,7.875000000000002e-06,7.875000000000002e-06,7.875000000000002e-06,7.875000000000002e-06,7.875000000000002e-06,0.052462874999999895,7.875000000000002e-06,7.875000000000002e-06,7.875000000000002e-06,7.875000000000002e-06,7.875000000000002e-06,7.875000000000002e-06,7.875000000000002e-06,7.875000000000002e-06,7.875000000000002e-06,7.875000000000002e-06,7.875000000000002e-06,0.08282287499999999,7.875000000000002e-06,7.875000000000002e-06,7.875000000000002e-06,7.875000000000002e-06,7.875000000000002e-06,7.875000000000002e-06,7.875000000000002e-06,7.875000000000002e-06,7.875000000000002e-06,7.875000000000002e-06,7.875000000000002e-06,7.875000000000002e-06,7.875000000000002e-06,7.875000000000002e-06,7.875000000000002e-06,7.875000000000002e-06,0.043792874999999995,7.875000000000002e-06,7.875000000000002e-06,7.875000000000002e-06,7.875000000000002e-06,7.875000000000002e-06,7.875000000000002e-06,7.875000000000002e-06,7.875000000000002e-06,7.875000000000002e-06,7.875000000000002e-06,7.875000000000002e-06,7.875000000000002e-06,7.875000000000002e-06,7.875000000000002e-06,7.875000000000002e-06,7.875000000000002e-06,7.875000000000002e-06,7.875000000000002e-06,7.875000000000002e-06,7.875000000000002e-06,7.875000000000002e-06,7.875000000000002e-06,7.875000000000002e-06,7.875000000000002e-06,7.875000000000002e-06,7.875000000000002e-06,7.875000000000002e-06,7.875000000000002e-06,7.875000000000002e-06,7.875000000000002e-06,7.875000000000002e-06,7.875000000000002e-06,7.875000000000002e-06,7.875000000000002e-06,7.875000000000002e-06,7.875000000000002e-06,7.875000000000002e-06,7.875000000000002e-06,7.875000000000002e-06,7.875000000000002e-06,7.875000000000002e-06,7.875000000000002e-06,7.875000000000002e-06,7.875000000000002e-06,7.875000000000002e-06,7.875000000000002e-06,7.875000000000002e-06,3.1392928750000073
37035_1#22,1.8724999999999998e-05,0.059163724999999896,1.8724999999999998e-05,0.0028237249999999,1.021523725,1.8724999999999998e-05,20.902193725,0.446543725,1.8724999999999998e-05,4.479723725,0.018203725,1.7866337250000002,1.8724999999999998e-05,1.8724999999999998e-05,1.6231937250000001,0.011493725,5.8235437249999995,0.24640372499999988,0.077173725,0.014513725,0.184603725,1.8724999999999998e-05,0.020723725000000002,0.0214937249999999,1.8724999999999998e-05,0.4323737249999999,0.618293725,0.071253725,0.297113725,1.8724999999999998e-05,0.042043725,0.012103725000000001,0.067293725,1.8724999999999998e-05,6.065463725,1.8724999999999998e-05,0.004753725,0.12494372499999991,0.035303724999999994,1.8724999999999998e-05,1.8724999999999998e-05,1.8724999999999998e-05,0.190893725,1.8724999999999998e-05,0.070363725,0.07346372499999991,0.21559372499999999,3.641353725,0.021923725,1.8724999999999998e-05,1.8724999999999998e-05,1.8724999999999998e-05,1.8724999999999998e-05,0.10052372500000001,2.286243725,4.458673725,0.052283724999999996,0.087613725,1.8724999999999998e-05,0.182933725,0.069013725,1.8724999999999998e-05,0.32606372499999997,0.485493725,0.050303724999999994,1.8724999999999998e-05,0.312973725,7.828733725,1.8724999999999998e-05,1.8724999999999998e-05,1.8724999999999998e-05,1.8724999999999998e-05,1.8724999999999998e-05,1.8724999999999998e-05,1.224753725,0.265373725,0.3936037249999999,1.8724999999999998e-05,0.056963724999999896,0.007223725,0.12919372499999998,0.183763725,4.390323725,0.038293724999999994,1.8724999999999998e-05,0.024703725,0.003433725,1.8724999999999998e-05,0.267923725,1.8724999999999998e-05,1.8724999999999998e-05,0.042563725,1.8724999999999998e-05,1.8724999999999998e-05,1.8724999999999998e-05,0.050173724999999995,0.342783725,1.8724999999999998e-05,1.8724999999999998e-05,0.996703725,0.060803724999999996,0.502813725,0.23835372499999988,0.006243725,0.0754637249999999,1.8724999999999998e-05,0.647493725,0.148583725,0.386633725,1.8724999999999998e-05,0.031743724999999993,0.343523725,1.8724999999999998e-05,1.8724999999999998e-05,0.1192437249999999,1.8724999999999998e-05,0.017673725,0.5453437250000001,0.011783725,0.093603725,1.8724999999999998e-05,1.8724999999999998e-05,0.375083725,0.514063725,0.500473725,1.8724999999999998e-05,1.8724999999999998e-05,1.8724999999999998e-05,0.0033737249999999997,0.423283725,1.8724999999999998e-05,0.515293725,1.8724999999999998e-05,1.8724999999999998e-05,0.837743725,1.8724999999999998e-05,1.8724999999999998e-05,0.653813725,1.8724999999999998e-05,1.8724999999999998e-05,1.8724999999999998e-05,1.8724999999999998e-05,0.006663724999999901,1.8724999999999998e-05,1.8724999999999998e-05,0.2320937249999999,0.014263725,1.8724999999999998e-05,0.390403725,1.8724999999999998e-05,1.8724999999999998e-05,1.8724999999999998e-05,1.8724999999999998e-05,1.8724999999999998e-05,1.8724999999999998e-05,0.031353725,0.015223725,1.8724999999999998e-05,1.8724999999999998e-05,1.8724999999999998e-05,0.013483725,1.8724999999999998e-05,1.8724999999999998e-05,0.0285537249999999,1.8724999999999998e-05,1.8724999999999998e-05,0.007023725000000001,1.8724999999999998e-05,1.8724999999999998e-05,0.001483725,0.363883725,0.0014437249999999999,1.672253725,0.016683725,0.012853725,1.8724999999999998e-05,0.054043724999999994,1.8724999999999998e-05,1.8724999999999998e-05,1.8724999999999998e-05,0.0305237249999999,1.8724999999999998e-05,1.8724999999999998e-05,1.8724999999999998e-05,1.8724999999999998e-05,1.8724999999999998e-05,1.8724999999999998e-05,1.8724999999999998e-05,1.8724999999999998e-05,1.8724999999999998e-05,1.8724999999999998e-05,1.8724999999999998e-05,0.114173725,1.8724999999999998e-05,0.033613725,1.8724999999999998e-05,0.064273725,0.101823725,1.8724999999999998e-05,16.356583724999993
37035_1#23,1.5575e-05,19.423450574999997,0.10552057499999999,0.5122605750000001,0.19468057500000002,1.5575e-05,1.044960575,0.2836405749999999,1.5575e-05,0.175230575,0.006070575,0.527790575,0.10158057499999999,1.5575e-05,1.5575e-05,1.5575e-05,0.8567605749999999,0.011720575,0.0229405749999999,2.414350575,0.0038205749999999,1.5575e-05,0.085280575,31.278710574999998,1.025550575,0.501450575,10.139290575,0.058930575,0.2073005749999999,1.5575e-05,1.5575e-05,0.011750575,0.052890574999999995,1.5575e-05,0.074490575,1.5575e-05,1.5575e-05,0.001150575,0.14991057500000002,1.5575e-05,0.226270575,0.6019605750000001,1.127220575,1.435390575,1.5575e-05,0.065160575,0.324580575,4.070400575000001,0.12726057500000001,1.5575e-05,1.5575e-05,0.120420575,1.5575e-05,8.492160575000002,0.7586305750000001,0.014710575,0.275260575,0.07141057499999999,1.5575e-05,0.038430574999999995,0.238520575,1.5575e-05,1.5575e-05,1.5575e-05,1.5575e-05,0.04971057500000001,0.823970575,0.056780575,0.11219057499999989,0.017850575,0.002190575,0.004160575,1.5575e-05,1.5575e-05,1.5575e-05,0.080980575,1.5575e-05,1.5575e-05,1.5575e-05,1.5575e-05,1.5575e-05,0.013090575,0.565190575,0.057010574999999994,1.5575e-05,0.331300575,1.5575e-05,0.009660575,0.27405057499999996,1.5575e-05,1.5575e-05,1.5575e-05,0.227420575,1.5575e-05,1.5575e-05,0.003990575,1.5575e-05,1.5575e-05,1.5575e-05,0.209400575,1.5575e-05,0.013020575,0.015850575,1.5575e-05,0.033850574999999994,1.5575e-05,1.5575e-05,0.40071057499999996,0.09736057499999999,1.5575e-05,1.5575e-05,1.5575e-05,0.086000575,1.5575e-05,0.038910575,1.5575e-05,1.5575e-05,0.185200575,1.5575e-05,1.5575e-05,1.5575e-05,0.020980575,0.151980575,1.5575e-05,1.5575e-05,1.5575e-05,0.460590575,0.152220575,0.018800575,1.5575e-05,1.5575e-05,0.16473057500000002,1.5575e-05,1.5575e-05,0.017790575,1.5575e-05,1.5575e-05,0.0009505749999999,1.5575e-05,0.044020574999999895,1.5575e-05,0.007150575,1.5575e-05,1.5575e-05,1.5575e-05,1.5575e-05,1.5575e-05,1.5575e-05,1.5575e-05,1.5575e-05,1.5575e-05,1.5575e-05,1.5575e-05,1.5575e-05,1.5575e-05,1.5575e-05,1.5575e-05,1.5575e-05,0.06747057499999999,1.5575e-05,1.5575e-05,1.5575e-05,1.5575e-05,1.5575e-05,1.5575e-05,0.10971057499999999,1.5575e-05,1.5575e-05,1.5575e-05,1.5575e-05,0.0073405749999999,1.5575e-05,0.002500575,1.5575e-05,1.5575e-05,1.5575e-05,1.5575e-05,0.078980575,0.028210575,0.035070574999999896,1.5575e-05,1.5575e-05,1.5575e-05,1.5575e-05,1.5575e-05,1.5575e-05,1.5575e-05,1.5575e-05,1.5575e-05,1.5575e-05,0.038350575,0.071680575,1.5575e-05,0.057530575,1.5575e-05,1.5575e-05,1.5575e-05,1.5575e-05,1.5575e-05,7.493080574999995
37035_1#24,0.013874425,0.090394425,1.9424999999999998e-05,0.9699144249999999,1.0895144250000002,0.0365244249999999,11.916184424999999,1.9424999999999998e-05,0.048474425,1.202484425,0.324964425,2.1346344250000002,1.9424999999999998e-05,1.9424999999999998e-05,0.6559844249999999,2.273114425,1.892594425,1.298794425,1.9424999999999998e-05,0.09414442499999999,1.7757444249999998,1.9424999999999998e-05,1.071364425,0.340584425,1.9424999999999998e-05,0.472664425,0.913334425,0.092834425,2.499164425,1.9424999999999998e-05,0.136184425,1.9424999999999998e-05,0.188444425,1.9424999999999998e-05,0.433084425,1.9424999999999998e-05,0.106854425,0.136634425,0.022454425,1.9424999999999998e-05,1.9424999999999998e-05,1.9424999999999998e-05,0.16737442500000002,1.9424999999999998e-05,1.9424999999999998e-05,1.9424999999999998e-05,0.0038144249999999,1.318384425,1.9424999999999998e-05,1.9424999999999998e-05,1.9424999999999998e-05,0.001014425,0.163064425,2.3014644250000003,1.8829944250000001,2.2616244250000004,2.792144425,0.008474424999999999,0.34037442500000004,0.615594425,1.016344425,0.010674425,1.9424999999999998e-05,1.9424999999999998e-05,0.4491044249999999,1.9424999999999998e-05,1.9424999999999998e-05,0.091034425,1.9424999999999998e-05,0.059124425,1.9424999999999998e-05,1.9424999999999998e-05,0.561454425,1.9424999999999998e-05,1.9424999999999998e-05,0.48513442500000004,0.581124425,0.029344425,1.9424999999999998e-05,0.049114425,1.9424999999999998e-05,0.8987144249999999,2.159164425,1.9424999999999998e-05,0.056634425,0.040884425,1.9424999999999998e-05,0.007924424999999999,0.2086444249999999,1.9424999999999998e-05,0.011114424999999999,1.9424999999999998e-05,0.190634425,1.9424999999999998e-05,0.033224425,0.130364425,3.342084425,1.9424999999999998e-05,0.141194425,2.413624425,0.007024425,1.9424999999999998e-05,0.382244425,0.087134425,0.036854425,1.9424999999999998e-05,0.006534425,1.3628944250000001,0.0523644249999999,1.9424999999999998e-05,1.9424999999999998e-05,0.37178442500000003,1.9424999999999998e-05,1.9424999999999998e-05,0.421384425,1.9424999999999998e-05,0.08433442499999999,0.2696544249999999,1.9424999999999998e-05,1.9424999999999998e-05,1.9424999999999998e-05,0.5363244249999999,0.158094425,1.9424999999999998e-05,0.2126544249999999,1.9424999999999998e-05,0.098644425,1.9424999999999998e-05,0.005644425,0.07627442499999999,1.9424999999999998e-05,1.9424999999999998e-05,1.9424999999999998e-05,3.446184425,0.782594425,1.9424999999999998e-05,1.9424999999999998e-05,0.145874425,1.9424999999999998e-05,1.0965644250000002,1.303324425,1.9424999999999998e-05,0.061404425000000006,1.9424999999999998e-05,1.9424999999999998e-05,0.037094425,0.7406244249999999,0.005964425,0.009604425,0.016594425,0.004744425,0.708904425,1.9424999999999998e-05,1.9424999999999998e-05,1.9424999999999998e-05,0.012594425,0.178204425,1.9424999999999998e-05,1.9424999999999998e-05,2.769734425,0.5880844249999999,0.09861442499999999,1.9424999999999998e-05,1.9424999999999998e-05,0.083534425,1.9424999999999998e-05,0.133394425,1.9424999999999998e-05,0.220004425,1.9424999999999998e-05,0.1804444249999999,0.0022144250000000003,0.452534425,1.9424999999999998e-05,0.018134425,1.9424999999999998e-05,1.9424999999999998e-05,0.032584425,0.029844425,1.9424999999999998e-05,1.9424999999999998e-05,1.9424999999999998e-05,1.9424999999999998e-05,1.9424999999999998e-05,1.9424999999999998e-05,1.9424999999999998e-05,1.9424999999999998e-05,1.9424999999999998e-05,1.9424999999999998e-05,1.9424999999999998e-05,1.9424999999999998e-05,1.9424999999999998e-05,0.385934425,1.9424999999999998e-05,0.282514425,0.011824425,1.9424999999999998e-05,1.9424999999999998e-05,1.9424999999999998e-05,24.934824425000013
37035_1#25,2.3799999999999996e-05,1.8244188,2.3799999999999996e-05,0.1117388,0.2980888,0.0042288,4.1197588,0.0128488,2.3799999999999996e-05,13.0033188,0.0706088,0.6387488,0.08748879999999999,2.3799999999999996e-05,0.0989588,2.3799999999999996e-05,0.7911888,0.0414388,0.0185987999999999,0.3674388,0.0212488,2.3799999999999996e-05,0.4641188,0.2590888,2.3799999999999996e-05,0.1437088,4.2834288,0.0019387999999999999,0.5431888,2.3799999999999996e-05,2.3799999999999996e-05,0.0006188000000000001,2.3799999999999996e-05,2.3799999999999996e-05,2.9590288000000005,2.3799999999999996e-05,0.024818800000000002,0.0080988,0.0338988,2.3799999999999996e-05,2.3799999999999996e-05,2.3799999999999996e-05,0.6696188000000001,0.3938688,0.0173688,0.0365488,0.018948800000000002,0.2061888,0.1466888,0.0271788,2.3799999999999996e-05,0.0139488,0.0290188,1.8256888,1.2725388,0.0301588,0.4712287999999999,0.0152788,2.3799999999999996e-05,0.2178688,1.5953988,3.2503188,2.3799999999999996e-05,0.0430488,0.1117188,0.3366688,0.0025287999999999,0.8953088000000001,0.3002188,2.3799999999999996e-05,2.3799999999999996e-05,0.0042888,0.0310688,2.3799999999999996e-05,0.3938688,0.0220588,0.2223388,2.3799999999999996e-05,0.0527488,2.3799999999999996e-05,0.1267888,1.4811488,0.4590088,0.0068788,2.3799999999999996e-05,0.2070587999999999,2.3799999999999996e-05,0.0877888,0.12912880000000002,2.3799999999999996e-05,0.1076588,0.0299287999999999,0.0736188,2.3799999999999996e-05,0.006768799999999999,2.3799999999999996e-05,0.7424888000000001,0.0130788,2.3799999999999996e-05,0.0200487999999999,0.0560988,0.0041588,1.5427388,0.060688799999999994,0.08218879999999999,2.3799999999999996e-05,0.0218188,0.4353088,0.0443388,2.3799999999999996e-05,2.3799999999999996e-05,0.1583988,0.0024988000000000002,0.0877988,0.1423187999999999,2.3799999999999996e-05,2.3799999999999996e-05,0.0849688,0.0085888,0.2682788,2.3799999999999996e-05,0.3033188,0.21327880000000002,2.3799999999999996e-05,0.2751788,0.0206188,0.1819987999999999,1.0606288,0.037578799999999996,0.10470879999999999,2.3799999999999996e-05,0.10627879999999999,2.3799999999999996e-05,2.3799999999999996e-05,0.0010888,2.3799999999999996e-05,20.7258188,0.0178088,2.3799999999999996e-05,0.2521588,0.0804688,1.1300088,0.4896488,0.5044388,2.3799999999999996e-05,0.1341488,2.3799999999999996e-05,0.0111988,0.0210588,2.3799999999999996e-05,2.3799999999999996e-05,2.3799999999999996e-05,0.0208688,0.0024488,2.3799999999999996e-05,0.0249388,2.3799999999999996e-05,0.039438799999999996,2.3799999999999996e-05,1.0233587999999998,0.09940879999999999,0.0166988,0.0230488,0.0252487999999999,2.3799999999999996e-05,0.8052788,0.0354188,2.3799999999999996e-05,0.014838800000000001,0.038428799999999895,0.6158888,0.09439879999999999,0.0004888000000000001,0.3429488,0.0246487999999999,2.3799999999999996e-05,0.1066288,2.3799999999999996e-05,0.0535388,1.1694487999999998,0.0262787999999999,2.3799999999999996e-05,2.3799999999999996e-05,2.3799999999999996e-05,2.3799999999999996e-05,2.3799999999999996e-05,2.3799999999999996e-05,2.3799999999999996e-05,0.0096488,2.3799999999999996e-05,0.0961088,0.2874688,0.041948799999999994,0.6888088,2.3799999999999996e-05,0.1167788,0.1726088,2.3799999999999996e-05,2.3799999999999996e-05,18.932608799999965
37035_1#26,1.4524999999999997e-05,0.348359525,1.4524999999999997e-05,1.4571095250000001,0.048229525,1.4524999999999997e-05,2.489469525,0.510039525,1.4524999999999997e-05,0.13741952500000001,0.066059525,1.095389525,0.588879525,1.4524999999999997e-05,1.4524999999999997e-05,7.184909525,0.766979525,1.4524999999999997e-05,1.4524999999999997e-05,0.397419525,0.064089525,1.4524999999999997e-05,0.07329952499999999,61.217749525,0.012759524999999999,0.211919525,0.024009525,1.4524999999999997e-05,0.188659525,1.4524999999999997e-05,1.4524999999999997e-05,1.4524999999999997e-05,1.4524999999999997e-05,1.4524999999999997e-05,0.032339525,1.4524999999999997e-05,1.4524999999999997e-05,0.001729525,0.046089525,1.4524999999999997e-05,1.4524999999999997e-05,1.4524999999999997e-05,1.4524999999999997e-05,0.268919525,1.4524999999999997e-05,0.008969524999999999,1.4524999999999997e-05,0.313859525,1.4524999999999997e-05,1.4524999999999997e-05,1.4524999999999997e-05,1.4524999999999997e-05,0.000269525,4.277419525,3.698909525,1.4524999999999997e-05,0.7874695249999999,0.015759525,1.4524999999999997e-05,0.026639525,0.016759525,1.8523195250000002,1.4524999999999997e-05,1.4524999999999997e-05,0.004729525,0.052899525,0.0100095249999999,0.968289525,1.4524999999999997e-05,1.4524999999999997e-05,1.4524999999999997e-05,1.4524999999999997e-05,1.4524999999999997e-05,1.4524999999999997e-05,1.4524999999999997e-05,0.021529525,0.010049525,1.4524999999999997e-05,1.4524999999999997e-05,1.4524999999999997e-05,0.019609525000000003,0.129639525,0.187619525,1.4524999999999997e-05,1.4524999999999997e-05,1.4524999999999997e-05,1.4524999999999997e-05,1.4524999999999997e-05,0.010659525,1.4524999999999997e-05,1.4524999999999997e-05,1.4524999999999997e-05,0.40643952499999997,1.4524999999999997e-05,0.011509525,0.037099525,1.973159525,1.4524999999999997e-05,1.4524999999999997e-05,0.049859525,1.4524999999999997e-05,1.4524999999999997e-05,0.17721952500000002,1.4524999999999997e-05,0.0059095249999999,1.4524999999999997e-05,0.002919525,0.29091952499999996,0.066579525,1.4524999999999997e-05,1.4524999999999997e-05,0.005949525,0.019249525,1.4524999999999997e-05,0.016889524999999902,1.4524999999999997e-05,1.4524999999999997e-05,0.237319525,1.4524999999999997e-05,1.4524999999999997e-05,1.4524999999999997e-05,0.1481095249999999,1.4524999999999997e-05,0.014729524999999999,1.4524999999999997e-05,0.125419525,0.099019525,0.302869525,0.030959525,1.4524999999999997e-05,1.4524999999999997e-05,0.46893952499999997,1.4524999999999997e-05,1.4524999999999997e-05,1.4524999999999997e-05,1.4524999999999997e-05,0.5093795249999999,1.4524999999999997e-05,1.4524999999999997e-05,0.0115895249999999,1.4524999999999997e-05,0.07107952499999999,0.015299524999999899,1.4524999999999997e-05,1.4524999999999997e-05,0.018269525000000002,0.017669525000000002,1.4524999999999997e-05,1.4524999999999997e-05,1.4524999999999997e-05,1.4524999999999997e-05,1.4524999999999997e-05,1.4524999999999997e-05,1.4524999999999997e-05,1.4524999999999997e-05,1.4524999999999997e-05,1.4524999999999997e-05,1.4524999999999997e-05,0.046099525,1.4524999999999997e-05,0.0033095249999999,1.4524999999999997e-05,1.4524999999999997e-05,1.4524999999999997e-05,1.4524999999999997e-05,0.125609525,1.4524999999999997e-05,1.4524999999999997e-05,1.4524999999999997e-05,1.4524999999999997e-05,1.4524999999999997e-05,0.0009995249999998998,0.0081395249999999,1.4524999999999997e-05,1.4524999999999997e-05,1.4524999999999997e-05,1.4524999999999997e-05,1.4524999999999997e-05,1.4524999999999997e-05,0.13206952500000002,0.007009525,1.4524999999999997e-05,1.4524999999999997e-05,1.4524999999999997e-05,1.4524999999999997e-05,1.4524999999999997e-05,1.4524999999999997e-05,1.4524999999999997e-05,1.4524999999999997e-05,1.4524999999999997e-05,0.0100095249999999,0.016939525,1.4524999999999997e-05,0.014429524999999999,1.4524999999999997e-05,0.020929525,0.007919524999999998,1.4524999999999997e-05,1.4524999999999997e-05,4.8252395249999465
37035_1#27,1.6275e-05,0.308361275,1.6275e-05,1.7983412749999999,0.102251275,1.6275e-05,3.9949212750000003,0.322041275,1.6275e-05,0.158221275,0.069371275,1.3950112749999999,0.786801275,1.6275e-05,1.6275e-05,8.470801275,0.960361275,0.004451275,1.6275e-05,0.766611275,0.130081275,1.6275e-05,0.149961275,50.405201275,0.0007112749999999999,0.311601275,0.056561275,0.0020312750000000004,0.2513912749999999,1.6275e-05,1.6275e-05,1.6275e-05,1.6275e-05,1.6275e-05,0.037211275,1.6275e-05,0.006491274999999901,0.015081275,0.115131275,1.6275e-05,1.6275e-05,1.6275e-05,1.6275e-05,0.222341275,1.6275e-05,0.003291275,0.0036112749999999,0.645821275,1.6275e-05,1.6275e-05,1.6275e-05,1.6275e-05,0.009331275,4.543631275,5.282511275,1.6275e-05,1.010191275,0.037961275,1.6275e-05,0.0620112749999999,0.024411275,2.1393712750000002,1.6275e-05,1.6275e-05,0.015671275,0.054341275,0.030931274999999998,1.439301275,1.6275e-05,1.6275e-05,1.6275e-05,1.6275e-05,1.6275e-05,1.6275e-05,1.6275e-05,0.051351275,0.020821275,1.6275e-05,1.6275e-05,1.6275e-05,0.029701275,0.1488612749999999,0.102981275,1.6275e-05,1.6275e-05,1.6275e-05,1.6275e-05,1.6275e-05,0.006661274999999901,1.6275e-05,1.6275e-05,1.6275e-05,0.495021275,1.6275e-05,0.011001275,0.019841275,2.206671275,1.6275e-05,1.6275e-05,0.073541275,0.0008812749999999999,0.000311275,0.261461275,1.6275e-05,0.015651275,1.6275e-05,0.001701275,0.339771275,0.079661275,1.6275e-05,1.6275e-05,0.0155512749999999,0.040891275000000005,1.6275e-05,0.026591275,1.6275e-05,1.6275e-05,0.303381275,1.6275e-05,1.6275e-05,1.6275e-05,0.214721275,1.6275e-05,0.023061275,1.6275e-05,0.114401275,0.1877412749999999,0.3561912749999999,0.022871275,0.005161275,1.6275e-05,0.3357512749999999,1.6275e-05,1.6275e-05,1.6275e-05,1.6275e-05,0.526921275,1.6275e-05,1.6275e-05,1.6275e-05,1.6275e-05,0.055381275,0.018671274999999998,1.6275e-05,1.6275e-05,0.031951275,0.031741275,0.006561275,1.6275e-05,1.6275e-05,1.6275e-05,1.6275e-05,1.6275e-05,1.6275e-05,1.6275e-05,1.6275e-05,0.006001275,1.6275e-05,0.134021275,1.6275e-05,0.012651275,1.6275e-05,1.6275e-05,1.6275e-05,1.6275e-05,0.147701275,1.6275e-05,0.0012512749999998999,1.6275e-05,1.6275e-05,1.6275e-05,0.000561275,0.0028312750000000003,1.6275e-05,0.005341275,1.6275e-05,1.6275e-05,1.6275e-05,1.6275e-05,0.1178412749999999,0.003391275,1.6275e-05,1.6275e-05,1.6275e-05,1.6275e-05,1.6275e-05,1.6275e-05,1.6275e-05,1.6275e-05,1.6275e-05,0.005261275,0.031261275000000005,1.6275e-05,0.034931275000000005,1.6275e-05,0.030541275,0.0135012749999999,1.6275e-05,1.6275e-05,7.124001274999988
37035_1#29,4.786037225,4.321687225,2.347137225,0.4707572249999999,0.382097225,0.015517225,2.779487225,7.791247225,2.2224999999999998e-05,2.188757225,0.140247225,0.806417225,2.290717225,1.7532172249999998,0.004047225000000001,0.009087225,1.7312172249999997,0.072427225,0.148267225,3.165037225,0.015207225,1.2111372249999999,2.820227225,0.060077225,1.695977225,2.425897225,0.053637225000000004,0.041507225,0.040487225,1.7167572249999998,0.041697225,0.45322722499999996,0.9347972250000001,0.227357225,0.063127225,2.2224999999999998e-05,0.133557225,0.076147225,0.000577225,0.706147225,0.012167225,0.013927225,2.2224999999999998e-05,2.2224999999999998e-05,0.008067225,2.2224999999999998e-05,0.25441722499999997,0.5909972250000001,2.2224999999999998e-05,2.2224999999999998e-05,2.2224999999999998e-05,2.2224999999999998e-05,2.2224999999999998e-05,1.038327225,0.7109172250000001,2.2224999999999998e-05,2.2224999999999998e-05,0.019667225,0.0452272249999999,0.712147225,0.06310722499999999,2.2224999999999998e-05,2.2224999999999998e-05,0.002197225,1.599237225,2.2224999999999998e-05,2.2224999999999998e-05,0.323867225,2.2224999999999998e-05,2.2224999999999998e-05,2.2224999999999998e-05,2.2224999999999998e-05,2.2224999999999998e-05,0.032737225,0.003057225,0.196067225,1.357137225,2.2224999999999998e-05,0.0406072249999999,2.2224999999999998e-05,0.049137225,0.39634722499999997,0.095597225,2.2224999999999998e-05,0.005247225,0.008457225,0.034897225,2.2224999999999998e-05,2.2224999999999998e-05,2.2224999999999998e-05,0.0007972249999999999,2.2224999999999998e-05,2.2224999999999998e-05,2.2224999999999998e-05,0.0033672249999999,2.2224999999999998e-05,0.6054172250000001,0.0185972249999999,0.026927225,0.059327225,0.134397225,0.001317225,0.170967225,0.055687225,0.001197225,2.2224999999999998e-05,0.017077225,2.2224999999999998e-05,2.2224999999999998e-05,2.2224999999999998e-05,0.153067225,1.003697225,2.2224999999999998e-05,0.032777225,2.2224999999999998e-05,2.2224999999999998e-05,2.2224999999999998e-05,2.2224999999999998e-05,0.003277225,1.6892672249999998,0.043327225,2.2224999999999998e-05,0.030597225,2.2224999999999998e-05,4.338667225,0.084717225,2.2224999999999998e-05,2.2224999999999998e-05,0.024787225,2.2224999999999998e-05,0.004377225,2.2224999999999998e-05,2.2224999999999998e-05,2.2224999999999998e-05,0.014837225,2.2224999999999998e-05,0.224317225,0.499937225,2.2224999999999998e-05,7.805987225,1.1474172249999999,2.2224999999999998e-05,2.2224999999999998e-05,0.20703722500000002,2.2224999999999998e-05,2.2224999999999998e-05,0.030927225,2.315147225,0.236247225,2.595057225,0.11246722499999999,0.1122472249999999,0.009997225,0.012877225,2.2224999999999998e-05,0.061627225,0.004077225,0.681517225,2.2224999999999998e-05,0.037187225,2.2224999999999998e-05,0.047757225,0.042447225,0.022217225,0.035017225,2.2224999999999998e-05,0.068737225,2.2224999999999998e-05,2.2224999999999998e-05,2.2224999999999998e-05,0.056357225000000004,0.010527225000000001,2.2224999999999998e-05,0.141377225,0.001287225,0.007927225,0.024467225,0.014637225,2.2224999999999998e-05,2.2224999999999998e-05,2.2224999999999998e-05,0.060297225,0.542977225,2.2224999999999998e-05,0.018247225,2.2224999999999998e-05,0.060427225,2.2224999999999998e-05,0.042007225,0.014977225,2.2224999999999998e-05,2.2224999999999998e-05,1.469617225,2.2224999999999998e-05,2.2224999999999998e-05,1.123207225,2.2224999999999998e-05,0.027147225,0.0304772249999999,15.989177225000013
37035_1#2,0.16787915,0.06424914999999999,0.04083915,0.12499914999999989,0.13527915,0.23710914999999988,1.53233915,1.60048915,0.024389150000000002,8.49341915,0.03538915,0.42197914999999997,0.02444915,0.15139914999999998,2.4149999999999997e-05,0.32622914999999997,1.17095915,0.03902915,0.09138914999999999,0.67066915,0.4587091499999999,0.0372091499999999,0.23366915,0.01220915,2.4149999999999997e-05,1.04392915,0.15005915,0.1899691499999999,0.05764915,2.4149999999999997e-05,0.14154914999999998,0.01933915,9.215189149999999,0.04077915,0.07724914999999999,2.4149999999999997e-05,0.19774914999999998,0.22438914999999998,0.21980914999999998,2.4149999999999997e-05,0.03563915,0.0505091499999999,2.4149999999999997e-05,2.4149999999999997e-05,2.4149999999999997e-05,2.4149999999999997e-05,2.4149999999999997e-05,1.37789915,2.4149999999999997e-05,2.4149999999999997e-05,0.09039915,0.11686914999999999,2.4149999999999997e-05,0.96092915,3.1104991500000003,2.4149999999999997e-05,0.1413191499999999,0.14618915,0.15995915,1.82853915,0.1970991499999999,0.26524915,2.4149999999999997e-05,0.28460915,1.63271915,2.4149999999999997e-05,2.4149999999999997e-05,0.22744915,0.70821915,0.00131915,0.09181914999999999,0.0294291499999999,0.02426915,0.08809914999999999,0.13876914999999998,0.18745915,0.18604915,2.4149999999999997e-05,0.04755915,0.15428914999999999,0.02789915,6.162719150000001,0.07454915,2.4149999999999997e-05,0.04083915,0.00663915,0.02553915,0.03496915,0.01713915,0.01270915,0.01894915,0.05081915,2.4149999999999997e-05,0.02389915,2.4149999999999997e-05,2.4149999999999997e-05,0.5079091499999999,0.00365915,0.19069914999999998,0.02038915,0.33002915,0.31797915,0.1637991499999999,0.04479915,0.01685915,0.0413091499999999,0.43202915,2.4149999999999997e-05,2.4149999999999997e-05,2.4149999999999997e-05,2.4149999999999997e-05,0.70534915,0.0063991499999999,0.05328915,0.00901915,0.00705915,2.4149999999999997e-05,2.4149999999999997e-05,0.0277091499999999,0.23047915,0.13443914999999998,0.08798914999999999,2.4149999999999997e-05,2.4149999999999997e-05,0.38776915,2.4149999999999997e-05,2.4149999999999997e-05,2.4149999999999997e-05,0.01987915,2.4149999999999997e-05,2.4149999999999997e-05,2.4149999999999997e-05,0.00480915,2.4149999999999997e-05,0.00756915,2.4149999999999997e-05,2.4149999999999997e-05,2.4149999999999997e-05,0.1114491499999999,2.4149999999999997e-05,0.21473915,2.4149999999999997e-05,3.0334191500000003,2.4149999999999997e-05,4.10710915,0.06665914999999999,0.15059915,0.38468915,0.40993915,0.24622914999999998,0.17220915,0.29045915,0.14597915,0.08660915,2.4149999999999997e-05,0.08064914999999999,0.02495915,0.1212991499999999,0.35763915,0.6261791499999999,2.4149999999999997e-05,0.29304915,0.68338915,2.4149999999999997e-05,0.28189915,0.01996915,0.18881915,0.53761915,2.4149999999999997e-05,2.4149999999999997e-05,0.03693915,0.07950914999999999,2.4149999999999997e-05,0.03076915,2.4149999999999997e-05,0.00923915,2.4149999999999997e-05,2.4149999999999997e-05,0.02626915,2.4149999999999997e-05,0.08659915,2.4149999999999997e-05,0.05784915,0.03207915,2.4149999999999997e-05,2.4149999999999997e-05,2.4149999999999997e-05,2.4149999999999997e-05,0.01769915,2.4149999999999997e-05,2.4149999999999997e-05,2.4149999999999997e-05,0.78939915,2.4149999999999997e-05,0.07750915,0.40694915,0.01405915,0.00441915,0.01582915,35.47483914999998
37035_1#30,0.821939875,0.008829875000000001,2.209159875,0.049899874999999996,8.880179875,0.523179875,0.22060987499999998,8.149439875,1.4874999999999996e-05,1.251839875,1.4874999999999996e-05,0.134329875,5.242779875,1.3972998749999999,1.4874999999999996e-05,0.09149987500000001,0.29984987499999993,0.025289875,0.312859875,0.8895098749999999,0.281389875,0.37560987500000004,0.166329875,0.012499875,1.4874999999999996e-05,2.5672498750000003,3.263709875,0.126899875,0.020029875,0.005599875,0.265299875,0.182709875,0.2767498749999999,0.027429875,0.001039875,0.037049874999999996,0.043009874999999996,0.371639875,1.329879875,1.4874999999999996e-05,1.4874999999999996e-05,1.4874999999999996e-05,1.4874999999999996e-05,1.4874999999999996e-05,1.4874999999999996e-05,1.4874999999999996e-05,1.4874999999999996e-05,29.287769875000002,1.4874999999999996e-05,1.4874999999999996e-05,1.4874999999999996e-05,1.4874999999999996e-05,1.827049875,0.31182987500000003,1.4874999999999996e-05,1.4874999999999996e-05,1.4874999999999996e-05,0.16903987499999998,1.4874999999999996e-05,1.3373098749999999,0.005009875,1.4874999999999996e-05,1.4874999999999996e-05,0.005009875,0.804159875,1.4874999999999996e-05,3.2172198750000005,0.013529875,1.168539875,1.4874999999999996e-05,1.4874999999999996e-05,1.4874999999999996e-05,1.4874999999999996e-05,1.4874999999999996e-05,1.4874999999999996e-05,1.4874999999999996e-05,0.897839875,1.4812198749999999,0.25592987500000003,1.4874999999999996e-05,0.027679875,0.8775598749999999,1.4874999999999996e-05,1.4874999999999996e-05,1.4874999999999996e-05,1.4874999999999996e-05,1.4874999999999996e-05,1.4874999999999996e-05,1.4874999999999996e-05,0.017509875,0.0008998749999999,1.4874999999999996e-05,1.4874999999999996e-05,1.4874999999999996e-05,1.4874999999999996e-05,1.246369875,1.4874999999999996e-05,1.4874999999999996e-05,1.4874999999999996e-05,1.4874999999999996e-05,0.0686198749999999,1.4874999999999996e-05,0.057149874999999996,1.4874999999999996e-05,0.003829875,1.4874999999999996e-05,0.06264987500000001,1.4874999999999996e-05,1.4874999999999996e-05,0.321249875,1.4874999999999996e-05,0.162199875,1.4874999999999996e-05,1.4874999999999996e-05,1.4874999999999996e-05,1.4874999999999996e-05,1.4874999999999996e-05,1.4874999999999996e-05,1.4874999999999996e-05,0.168249875,1.4874999999999996e-05,1.4874999999999996e-05,1.4874999999999996e-05,1.4874999999999996e-05,0.367299875,0.040219874999999995,1.4874999999999996e-05,1.4874999999999996e-05,1.4874999999999996e-05,1.4874999999999996e-05,1.4874999999999996e-05,1.4874999999999996e-05,0.008299875,0.056649874999999995,1.4874999999999996e-05,1.4874999999999996e-05,1.4874999999999996e-05,0.23129987499999988,1.4874999999999996e-05,1.4874999999999996e-05,1.4874999999999996e-05,1.4874999999999996e-05,1.4874999999999996e-05,1.4874999999999996e-05,0.107549875,1.4874999999999996e-05,1.4874999999999996e-05,1.4874999999999996e-05,0.18216987499999998,1.4874999999999996e-05,1.4874999999999996e-05,1.4874999999999996e-05,0.074339875,0.11336987500000001,1.4874999999999996e-05,0.267689875,1.4874999999999996e-05,1.4874999999999996e-05,1.4874999999999996e-05,1.4874999999999996e-05,0.870579875,1.4874999999999996e-05,1.4874999999999996e-05,1.4874999999999996e-05,0.090129875,1.4874999999999996e-05,0.037329875,1.4874999999999996e-05,1.4874999999999996e-05,1.4874999999999996e-05,1.4874999999999996e-05,0.0007298750000000001,1.4874999999999996e-05,1.4874999999999996e-05,1.4874999999999996e-05,0.004489875,1.4874999999999996e-05,4.847539875,1.4874999999999996e-05,1.4874999999999996e-05,1.4874999999999996e-05,0.056279875,1.4874999999999996e-05,0.095919875,0.089039875,0.161899875,0.010929875,0.061899875,1.4874999999999996e-05,1.4874999999999996e-05,1.4874999999999996e-05,1.4874999999999996e-05,1.4874999999999996e-05,1.4874999999999996e-05,1.4874999999999996e-05,1.4874999999999996e-05,1.4874999999999996e-05,1.4874999999999996e-05,0.038579875,8.525999875000034
37035_1#31,0.162804625,2.1161846250000003,2.634854625,3.4122146250000003,31.567534625,0.7245946249999999,0.8403946250000001,20.358354625,9.625e-06,2.8860646250000004,0.2214446249999999,0.10234462500000001,9.708214625,0.0367146249999999,0.003554625,0.566604625,0.1001546249999999,0.001944625,0.0196946249999999,1.2730746249999998,1.2632246249999999,0.009874625000000001,1.7989046249999998,0.046754625,0.017464624999999998,0.666764625,1.6777546249999997,0.328574625,0.048284625,9.625e-06,0.0106846249999999,0.508554625,0.480224625,9.625e-06,9.625e-06,9.625e-06,1.861624625,9.625e-06,2.5492946250000004,9.625e-06,0.052584624999999996,0.081034625,9.625e-06,9.625e-06,9.625e-06,9.625e-06,9.625e-06,9.625e-06,9.625e-06,9.625e-06,9.625e-06,0.006144625,9.625e-06,9.625e-06,9.625e-06,9.625e-06,9.625e-06,0.363924625,9.625e-06,9.625e-06,0.030224624999999998,9.625e-06,9.625e-06,9.625e-06,0.07585462499999991,9.625e-06,9.625e-06,0.128304625,0.9474646250000001,9.625e-06,9.625e-06,9.625e-06,9.625e-06,0.318694625,9.625e-06,9.625e-06,0.204854625,9.625e-06,9.625e-06,9.625e-06,9.625e-06,9.625e-06,9.625e-06,9.625e-06,9.625e-06,0.08812462500000001,9.625e-06,9.625e-06,9.625e-06,9.625e-06,9.625e-06,9.625e-06,9.625e-06,9.625e-06,9.625e-06,9.625e-06,9.625e-06,9.625e-06,9.625e-06,9.625e-06,9.625e-06,9.625e-06,0.023894625,9.625e-06,9.625e-06,9.625e-06,9.625e-06,9.625e-06,9.625e-06,0.524694625,0.176954625,9.625e-06,9.625e-06,9.625e-06,9.625e-06,9.625e-06,9.625e-06,9.625e-06,9.625e-06,0.279814625,9.625e-06,9.625e-06,9.625e-06,9.625e-06,9.625e-06,9.625e-06,9.625e-06,9.625e-06,9.625e-06,9.625e-06,9.625e-06,9.625e-06,9.625e-06,9.625e-06,9.625e-06,0.032534625,9.625e-06,9.625e-06,9.625e-06,9.625e-06,9.625e-06,9.625e-06,9.625e-06,9.625e-06,9.625e-06,9.625e-06,9.625e-06,9.625e-06,9.625e-06,9.625e-06,9.625e-06,9.625e-06,9.625e-06,9.625e-06,9.625e-06,9.625e-06,9.625e-06,9.625e-06,9.625e-06,9.625e-06,0.001044625,9.625e-06,9.625e-06,9.625e-06,9.625e-06,9.625e-06,9.625e-06,9.625e-06,9.625e-06,9.625e-06,9.625e-06,9.625e-06,9.625e-06,9.625e-06,9.625e-06,9.625e-06,9.625e-06,3.797974625,9.625e-06,9.625e-06,9.625e-06,0.194484625,9.625e-06,9.625e-06,9.625e-06,0.126384625,9.625e-06,9.625e-06,9.625e-06,0.038334625,9.625e-06,9.625e-06,9.625e-06,9.625e-06,9.625e-06,9.625e-06,9.625e-06,9.625e-06,9.625e-06,4.500544625000026
37035_1#32,1.0461195,0.47621949999999996,0.1547295,0.1304195,3.0156194999999997,0.0263295,0.34499949999999996,12.5376595,0.1474795,2.5342395,2.45e-05,0.1072194999999999,4.8001195,0.33944949999999996,2.45e-05,2.45e-05,0.5055795,0.28671949999999996,0.0804595,0.8481194999999999,0.5274895,0.2486094999999999,0.2348795,2.45e-05,0.048059500000000005,1.4393395,1.3457195000000002,0.1959295,0.0215295,2.45e-05,0.1189495,0.0128895,0.0690395,0.0326595,2.45e-05,2.45e-05,0.1423994999999999,0.1996995,1.3160895000000001,2.45e-05,0.0140195,0.0254094999999999,2.45e-05,2.45e-05,2.45e-05,2.45e-05,0.7096095,13.6153395,0.1875795,0.2579494999999999,2.45e-05,3.7746494999999998,1.5915595000000002,0.1216195,1.5534895000000002,2.45e-05,2.45e-05,2.45e-05,0.0604195,1.4273995000000002,0.0164495,0.1061595,2.45e-05,0.0792595,0.42808949999999996,2.45e-05,2.45e-05,0.1708395,2.2093195,2.45e-05,0.1539795,0.0200395,0.0005395,2.45e-05,0.1012295,0.037449500000000004,1.5993595000000003,1.1546595000000002,0.0025195,2.45e-05,0.2183495,1.8572695000000001,0.1202595,2.45e-05,0.1632595,2.45e-05,0.0291195,0.0066295,0.0258395,0.0113295,2.45e-05,0.2024395,0.0701095,0.0224395,0.0103595,1.5855495000000002,0.30768949999999995,0.0096495,0.1420694999999999,2.45e-05,0.1159395,2.45e-05,0.2057995,0.0413395,0.0269495,0.0094795,0.2268395,2.45e-05,2.45e-05,0.059999500000000004,0.10030950000000001,2.3307295,0.0053995,0.0219795,2.45e-05,0.0028395,0.9666195,0.0094095,0.0263495,0.0681795,0.34072949999999996,0.0026995,2.45e-05,2.45e-05,0.9791995,2.45e-05,2.45e-05,2.45e-05,0.0118494999999999,2.45e-05,0.0181895,0.0130295,0.0102295,2.45e-05,2.45e-05,2.45e-05,2.45e-05,0.5202294999999999,0.0093095,0.1871195,0.0934895,2.45e-05,1.3645295000000002,0.3788395,0.1021795,0.054169499999999905,0.0195095,0.13762950000000002,0.0981595,0.0611195,0.7231695,0.0060195,0.2601594999999999,0.1955395,0.06673950000000001,0.1797795,0.0299395,0.8746295,2.45e-05,2.45e-05,0.5886495,0.11964949999999991,0.8253694999999999,0.0389595,0.0653695,2.45e-05,0.1679295,2.45e-05,0.0208094999999999,2.45e-05,0.032039500000000005,0.0136295,2.45e-05,2.45e-05,0.0022195,2.45e-05,2.45e-05,0.2588295,2.45e-05,2.45e-05,0.0277395,0.03328950000000001,2.45e-05,0.0813595,0.0039295,0.06376949999999991,2.45e-05,2.45e-05,2.45e-05,0.8279194999999999,2.45e-05,2.45e-05,0.2166795,2.45e-05,0.0900695,0.38490949999999996,2.45e-05,0.0744395,0.0640695,17.504489500000055
37035_1#3,8.3541039,0.1706939,0.0430139,0.0671638999999999,0.1948639,0.0364439,0.5941239,3.3450839,1.89e-05,3.7629539000000003,1.89e-05,0.0689239,7.1058639,0.5212939000000001,1.89e-05,1.89e-05,1.7860539,0.8455739,0.3052039,5.4708039,0.0014139,0.006573900000000001,0.39816389999999996,0.0335538999999999,0.8082739,3.0082539,0.1210139,1.8622739,0.0425439,0.1078638999999999,0.6854339,0.0394639,0.1152139,0.0525939,0.2374039,0.0328139,1.89e-05,0.025313899999999997,0.0582239,0.0392239,0.0031039,0.0039739,1.89e-05,1.89e-05,0.0034439,1.89e-05,1.89e-05,1.6323739,0.07599389999999999,0.16917390000000002,1.89e-05,1.89e-05,0.12206389999999999,4.3801939,1.89e-05,0.0058239,1.89e-05,0.0471639,1.89e-05,2.6263439,0.1678939,0.07682389999999989,1.89e-05,0.0115239,1.4340339,1.89e-05,1.89e-05,0.1838239,1.89e-05,1.89e-05,0.1426438999999999,0.0329039,1.89e-05,1.89e-05,9.9155139,0.26134389999999996,5.500063900000001,1.89e-05,1.3329138999999999,1.89e-05,0.0055138999999999,10.8340139,1.89e-05,1.89e-05,0.12577390000000002,0.008903900000000001,1.89e-05,1.89e-05,1.89e-05,0.0474339,0.0037239,1.89e-05,1.89e-05,0.0032039000000000004,1.89e-05,0.6472639,1.89e-05,1.89e-05,1.89e-05,0.1009939,1.89e-05,0.09080389999999999,0.0490439,0.042253900000000004,0.019513899999999997,1.89e-05,0.025533899999999998,1.89e-05,0.021393899999999997,0.044613900000000005,0.0510738999999999,1.4142439,0.0009739,1.89e-05,0.5956139,0.0875739,0.0781639,1.89e-05,1.89e-05,1.89e-05,1.89e-05,0.10928389999999999,1.89e-05,1.89e-05,1.89e-05,0.09403389999999999,1.89e-05,1.89e-05,1.89e-05,1.89e-05,1.89e-05,1.89e-05,0.0036138999999999,1.89e-05,0.0109639,1.89e-05,0.0381139,1.89e-05,0.3139839,1.89e-05,1.89e-05,1.89e-05,1.89e-05,1.89e-05,1.89e-05,1.89e-05,1.89e-05,1.89e-05,1.89e-05,1.89e-05,0.0767339,0.1964239,1.89e-05,0.26429389999999997,1.89e-05,0.22962390000000002,1.89e-05,1.2682239,1.89e-05,0.6423839,0.0055738999999999,0.038083900000000004,0.1592938999999999,1.89e-05,0.2559438999999999,1.89e-05,0.0393439,1.89e-05,1.89e-05,1.89e-05,0.0255839,0.06916389999999989,1.89e-05,1.89e-05,0.0609738999999999,1.89e-05,0.0578238999999999,1.89e-05,1.89e-05,1.89e-05,0.34088389999999996,0.0019739000000000002,1.89e-05,1.89e-05,1.89e-05,1.89e-05,0.0088939,0.0034039,1.89e-05,1.89e-05,1.89e-05,1.89e-05,1.89e-05,1.89e-05,0.13717390000000002,1.89e-05,1.89e-05,0.012353900000000001,0.09836389999999999,12.6612139
37035_1#4,1.6975e-05,0.004721975000000001,1.6975e-05,0.742151975,1.6975e-05,1.6975e-05,1.6981919749999999,0.06346197499999999,1.6975e-05,0.852171975,0.002531975,0.658501975,0.0367019749999999,1.6975e-05,1.6975e-05,0.062111975,0.5517819749999999,1.6975e-05,0.136631975,0.196691975,1.6975e-05,1.6975e-05,0.433131975,10.557471975,1.840581975,0.0035619749999999998,6.072681975,1.6975e-05,0.241771975,1.6975e-05,0.062621975,1.6975e-05,1.2030819750000001,1.6975e-05,0.27064197500000003,1.6975e-05,1.6975e-05,0.000541975,0.0090419749999999,1.6975e-05,1.6975e-05,0.007481975,0.065481975,0.093501975,1.6975e-05,1.6975e-05,0.019551975,0.4530719749999999,1.6975e-05,0.037681975,1.6975e-05,0.0151019749999999,0.003481975,1.0629619750000001,1.302911975,1.6975e-05,0.34109197499999994,1.6975e-05,1.6975e-05,0.07832197499999989,0.047701975,0.119651975,1.6975e-05,0.015411975,0.028081975,1.294141975,0.027361975,0.597211975,0.0049119749999999,1.6975e-05,1.6975e-05,1.6975e-05,1.6975e-05,1.6975e-05,1.6975e-05,0.023521974999999997,0.158971975,1.6975e-05,1.6975e-05,1.6975e-05,0.011781975,1.6975e-05,0.670861975,0.003901975,1.6975e-05,0.08647197499999999,1.6975e-05,0.006251975000000001,0.070431975,1.6975e-05,1.6975e-05,1.6975e-05,1.6975e-05,1.6975e-05,1.6975e-05,0.159671975,0.893841975,1.6975e-05,0.007011975,0.11433197499999999,0.055571975,0.001481975,0.448681975,0.236431975,0.022751974999999997,1.6975e-05,1.6975e-05,0.066091975,0.076281975,1.6975e-05,1.6975e-05,0.009491975,1.6975e-05,0.047961975000000004,0.0321019749999999,1.6975e-05,1.6975e-05,0.193501975,1.6975e-05,0.12533197499999998,1.6975e-05,0.352781975,0.018641974999999998,0.036861975000000005,0.708261975,1.6975e-05,1.6975e-05,0.965501975,0.297531975,1.6975e-05,1.6975e-05,0.2265919749999999,1.6975e-05,1.6975e-05,0.030391974999999998,1.6975e-05,1.6975e-05,1.6975e-05,1.6975e-05,0.878701975,0.032831975,0.042581975,0.004801975,1.6975e-05,1.6975e-05,0.008261975,0.23612197499999998,0.5167719749999999,1.6975e-05,1.6975e-05,1.6975e-05,1.6975e-05,0.033491975,1.6975e-05,1.6975e-05,1.6975e-05,1.6975e-05,1.6975e-05,1.6975e-05,0.979041975,1.6975e-05,1.6975e-05,1.6975e-05,1.6975e-05,0.017771975,0.335901975,1.6975e-05,0.0046619750000000005,1.6975e-05,0.1188919749999999,1.6975e-05,0.003581975,0.027671974999999998,0.10158197499999999,1.6975e-05,1.6975e-05,1.6975e-05,1.6975e-05,0.031961975000000004,0.0283219749999999,0.28047197500000004,1.6975e-05,1.6975e-05,1.6975e-05,1.6975e-05,1.6975e-05,1.6975e-05,1.6975e-05,1.6975e-05,1.6975e-05,1.6975e-05,0.37483197500000004,1.6975e-05,1.6975e-05,0.008591975,1.6975e-05,1.6975e-05,1.6975e-05,1.6975e-05,58.456191975
37035_1#5,1.8724999999999998e-05,3.768313725,1.8724999999999998e-05,3.370813725,0.677403725,0.011883725000000001,3.915203725,1.001593725,1.8724999999999998e-05,1.633513725,1.8724999999999998e-05,2.207373725,1.8836037250000002,1.8724999999999998e-05,1.8724999999999998e-05,0.286003725,1.310373725,0.035143724999999994,1.8724999999999998e-05,1.641113725,1.8724999999999998e-05,1.8724999999999998e-05,0.644473725,0.163513725,0.16002372499999998,1.448453725,2.802923725,1.8724999999999998e-05,0.22463372499999998,1.8724999999999998e-05,0.025793725,1.8724999999999998e-05,0.004293725,1.8724999999999998e-05,0.089983725,1.8724999999999998e-05,0.028683725,1.8724999999999998e-05,0.072153725,1.8724999999999998e-05,1.8724999999999998e-05,1.8724999999999998e-05,0.334113725,0.032403724999999994,0.011983725,1.8724999999999998e-05,0.24367372499999998,3.6235337249999997,2.277173725,1.8724999999999998e-05,1.8724999999999998e-05,0.1146437249999999,0.1009837249999999,11.944453725,6.940783725,0.259873725,1.0170437250000002,0.0836637249999999,1.8724999999999998e-05,0.010323725,0.063953725,0.8319137249999999,1.8724999999999998e-05,0.068403725,0.003253725,5.692473725,0.2573937249999999,2.121403725,0.704613725,0.031683724999999996,1.8724999999999998e-05,0.002993725,1.8724999999999998e-05,0.6150637250000001,1.966933725,0.051103724999999996,0.062943725,0.010873725,1.8724999999999998e-05,0.083353725,0.024923725,0.115723725,1.6648837250000001,1.8724999999999998e-05,1.8724999999999998e-05,1.1380037250000001,0.0010937249999998999,0.306533725,0.4384237249999999,1.8724999999999998e-05,0.022013725,1.8724999999999998e-05,5.906503725,1.8724999999999998e-05,1.8724999999999998e-05,0.006383725000000001,0.944783725,0.011613725,0.114673725,0.17451372499999998,1.8724999999999998e-05,1.8724999999999998e-05,0.393093725,0.079883725,0.037323724999999995,0.007653725,0.026053725,0.3427537249999999,0.09454372500000001,1.8724999999999998e-05,1.8724999999999998e-05,1.8724999999999998e-05,1.8724999999999998e-05,1.8724999999999998e-05,0.303483725,1.8724999999999998e-05,1.8724999999999998e-05,7.551113725,0.028883725,0.090943725,0.004143725,0.2240037249999999,0.029843725,1.8724999999999998e-05,1.8724999999999998e-05,0.20976372499999998,0.4946737249999999,0.8357737249999999,0.157153725,1.8724999999999998e-05,0.0069637250000000005,0.058703725,1.8724999999999998e-05,1.8724999999999998e-05,0.053073724999999995,1.8724999999999998e-05,1.8724999999999998e-05,1.8724999999999998e-05,1.8724999999999998e-05,1.8724999999999998e-05,1.8724999999999998e-05,1.8724999999999998e-05,1.8724999999999998e-05,1.8724999999999998e-05,1.8724999999999998e-05,1.8724999999999998e-05,1.8724999999999998e-05,1.8724999999999998e-05,1.8724999999999998e-05,1.8724999999999998e-05,1.8724999999999998e-05,0.021383725,1.8724999999999998e-05,1.8724999999999998e-05,0.014073725,1.8724999999999998e-05,1.8724999999999998e-05,0.097023725,0.029683725,1.8724999999999998e-05,0.073613725,1.8724999999999998e-05,1.8724999999999998e-05,1.8724999999999998e-05,0.083533725,0.401893725,1.8724999999999998e-05,0.0063237250000000005,1.8724999999999998e-05,1.8724999999999998e-05,1.8724999999999998e-05,0.035073724999999896,0.108023725,0.085033725,1.8724999999999998e-05,1.8724999999999998e-05,1.8724999999999998e-05,0.041703725,1.8724999999999998e-05,0.17210372499999999,1.8724999999999998e-05,1.8724999999999998e-05,1.8724999999999998e-05,1.8724999999999998e-05,1.8724999999999998e-05,1.8724999999999998e-05,1.8724999999999998e-05,1.8724999999999998e-05,1.8724999999999998e-05,1.8724999999999998e-05,0.155953725,1.8724999999999998e-05,1.8724999999999998e-05,0.375313725,0.007163725,1.8724999999999998e-05,0.000883725,1.8724999999999998e-05,1.8724999999999998e-05,9.419293725000006
37035_1#6,1.3474999999999999e-05,1.3474999999999999e-05,1.3474999999999999e-05,1.4605084750000001,0.132018475,0.008068475,4.902298474999999,0.022898474999999998,0.0214984749999999,0.5332384750000001,0.195958475,2.5200784749999996,0.807428475,1.3474999999999999e-05,1.3474999999999999e-05,5.565698475,1.246438475,0.157258475,0.018828474999999997,1.290468475,0.000878475,1.3474999999999999e-05,0.502008475,1.3069684750000001,23.843988475,0.952268475,0.6319984750000001,1.3474999999999999e-05,0.377818475,1.3474999999999999e-05,0.0998684749999999,1.3474999999999999e-05,0.025638474999999997,1.3474999999999999e-05,1.3474999999999999e-05,1.3474999999999999e-05,0.0015384749999999999,1.3474999999999999e-05,1.3474999999999999e-05,1.3474999999999999e-05,1.3474999999999999e-05,1.3474999999999999e-05,0.002958475,23.984778475,0.0087384749999999,0.062708475,0.21640847500000002,2.0298584749999997,1.3474999999999999e-05,1.3474999999999999e-05,1.3474999999999999e-05,1.3474999999999999e-05,1.3474999999999999e-05,10.704328475,0.075438475,0.232378475,0.47664847499999996,0.014818475000000001,1.3474999999999999e-05,1.3474999999999999e-05,0.20130847500000001,1.3474999999999999e-05,0.049778474999999996,1.3474999999999999e-05,1.3474999999999999e-05,1.3474999999999999e-05,0.112448475,0.734808475,1.3474999999999999e-05,0.9260784750000001,1.3474999999999999e-05,1.3474999999999999e-05,1.3474999999999999e-05,0.014678475,1.3474999999999999e-05,1.3474999999999999e-05,0.017968474999999998,1.3474999999999999e-05,0.0015384749999999999,1.3474999999999999e-05,1.3474999999999999e-05,1.3474999999999999e-05,1.093728475,1.3474999999999999e-05,0.12049847500000001,0.421738475,1.3474999999999999e-05,1.3474999999999999e-05,0.1083584749999999,1.3474999999999999e-05,0.08530847499999991,1.3474999999999999e-05,3.297718475,1.3474999999999999e-05,1.3474999999999999e-05,1.3474999999999999e-05,0.860388475,0.012198475,1.3474999999999999e-05,0.36425847499999997,1.3474999999999999e-05,1.3474999999999999e-05,0.113458475,1.3474999999999999e-05,0.019148474999999998,0.034688474999999996,1.3474999999999999e-05,0.897918475,1.3474999999999999e-05,1.3474999999999999e-05,0.000468475,1.3474999999999999e-05,0.046608474999999996,1.3474999999999999e-05,0.015418475000000001,1.3474999999999999e-05,0.021218474999999997,0.42613847499999996,1.3474999999999999e-05,1.3474999999999999e-05,1.3474999999999999e-05,0.121338475,1.3474999999999999e-05,0.038498475,1.3474999999999999e-05,1.3474999999999999e-05,0.791348475,0.226138475,0.06829847500000001,1.3474999999999999e-05,1.3474999999999999e-05,0.0070384749999999,1.3474999999999999e-05,0.048028475,0.011948475,1.3474999999999999e-05,0.0707684749999999,1.3474999999999999e-05,1.3474999999999999e-05,1.3474999999999999e-05,1.3474999999999999e-05,1.3474999999999999e-05,1.3474999999999999e-05,1.3474999999999999e-05,1.3474999999999999e-05,1.3474999999999999e-05,1.3474999999999999e-05,1.3474999999999999e-05,1.3474999999999999e-05,1.3474999999999999e-05,1.3474999999999999e-05,1.3474999999999999e-05,1.3474999999999999e-05,1.3474999999999999e-05,1.3474999999999999e-05,1.3474999999999999e-05,1.3474999999999999e-05,1.3474999999999999e-05,1.3474999999999999e-05,1.3474999999999999e-05,1.3474999999999999e-05,1.3474999999999999e-05,1.3474999999999999e-05,1.3474999999999999e-05,1.3474999999999999e-05,0.0075084749999999,1.3474999999999999e-05,0.019628475,1.3474999999999999e-05,1.3474999999999999e-05,1.3474999999999999e-05,1.3474999999999999e-05,0.030038475,1.3474999999999999e-05,1.3474999999999999e-05,1.3474999999999999e-05,1.3474999999999999e-05,1.3474999999999999e-05,1.3474999999999999e-05,1.3474999999999999e-05,1.3474999999999999e-05,1.3474999999999999e-05,1.3474999999999999e-05,1.3474999999999999e-05,1.3474999999999999e-05,1.3474999999999999e-05,1.3474999999999999e-05,1.3474999999999999e-05,1.3474999999999999e-05,0.808948475,0.043908474999999995,1.3474999999999999e-05,1.3474999999999999e-05,1.3474999999999999e-05,1.3474999999999999e-05,1.3474999999999999e-05,1.3474999999999999e-05,1.3474999999999999e-05,1.3474999999999999e-05,3.2723084749999596
37035_1#7,1.6975e-05,1.221981975,1.6975e-05,0.128401975,0.169741975,0.09764197499999999,1.094601975,0.088601975,0.16202197499999998,0.5089719749999999,1.6975e-05,1.428931975,0.157171975,1.6975e-05,1.6975e-05,0.080021975,0.459451975,0.063951975,1.6975e-05,0.1020619749999999,1.6975e-05,1.6975e-05,1.485091975,21.023911975,0.165231975,0.145051975,5.348041975,1.6975e-05,0.22119197499999999,1.6975e-05,0.006091975,1.6975e-05,1.6975e-05,1.6975e-05,0.026111975,1.6975e-05,1.6975e-05,1.6975e-05,0.0006619749999999,1.6975e-05,0.026061974999999998,0.137671975,0.201751975,0.375401975,1.6975e-05,0.0194419749999999,1.6975e-05,1.756681975,0.015241975,0.042541975,1.6975e-05,0.049921975,1.6975e-05,3.443121975,1.3275419750000002,0.078221975,2.441371975,0.004691975,1.6975e-05,1.6975e-05,0.185791975,1.6975e-05,0.285591975,1.6975e-05,1.6975e-05,1.4048519750000001,0.0264219749999999,0.284821975,1.6975e-05,0.010911975,1.6975e-05,0.000401975,1.6975e-05,0.041351975,0.244731975,1.6975e-05,0.003601975,1.6975e-05,1.6975e-05,0.00041197499999999997,1.6975e-05,1.6975e-05,3.831831975,0.10598197499999999,0.020581975,0.568401975,0.0055119749999999,1.6975e-05,0.16743197499999998,1.6975e-05,1.6975e-05,1.6975e-05,0.44721197500000004,0.012501975,1.6975e-05,0.042251975000000004,0.133681975,0.002321975,1.6975e-05,0.337271975,1.6975e-05,0.0214919749999999,0.175221975,0.012371975,0.0022219749999999997,1.6975e-05,1.6975e-05,0.489411975,0.052871975,1.6975e-05,1.6975e-05,1.6975e-05,0.007711975,1.6975e-05,0.021871975,1.6975e-05,0.008551975,3.307071975,1.6975e-05,0.0061319750000000004,1.6975e-05,0.207111975,0.137631975,0.023241974999999998,1.6975e-05,0.085131975,1.046711975,0.056221975,0.028161975,1.6975e-05,1.6975e-05,0.151601975,1.6975e-05,1.6975e-05,0.041471975,1.6975e-05,1.6975e-05,1.6975e-05,1.6975e-05,0.43356197500000004,1.6975e-05,0.039311975,1.6975e-05,1.6975e-05,1.6975e-05,1.6975e-05,1.6975e-05,1.6975e-05,1.6975e-05,1.6975e-05,1.6975e-05,0.00026197499999999996,0.0041719750000000005,1.6975e-05,0.046281975,1.6975e-05,1.6975e-05,0.014711975,0.012341975,0.089041975,1.6975e-05,1.6975e-05,1.6975e-05,1.6975e-05,1.6975e-05,0.27347197500000003,1.6975e-05,0.001491975,1.6975e-05,1.6975e-05,1.6975e-05,1.6975e-05,0.170331975,1.6975e-05,1.6975e-05,1.6975e-05,1.6975e-05,1.6975e-05,0.001301975,0.10670197499999999,1.6975e-05,1.6975e-05,1.6975e-05,1.6975e-05,1.6975e-05,1.6975e-05,1.6975e-05,1.6975e-05,1.6975e-05,1.6975e-05,0.2276519749999999,1.6975e-05,1.6975e-05,0.1498619749999999,1.6975e-05,0.003651975,1.6975e-05,1.6975e-05,1.6975e-05,40.27339197499995
37035_1#8,2.0124999999999998e-05,2.0124999999999998e-05,2.0124999999999998e-05,0.055615125,3.002915125,2.0124999999999998e-05,0.5189451250000001,6.373865125000001,2.0124999999999998e-05,17.683545125,2.0124999999999998e-05,0.042345125000000004,2.6725451249999996,2.0124999999999998e-05,2.0124999999999998e-05,0.047205125,0.16787512500000001,0.090485125,0.013535125,0.232015125,0.0862751249999999,2.0124999999999998e-05,0.054555125,2.904175125,0.011785125,0.5164651250000001,1.002635125,0.17492512500000001,0.035665125000000006,2.0124999999999998e-05,0.042105125,0.1251651249999999,0.3531951249999999,2.0124999999999998e-05,0.010535125000000001,2.0124999999999998e-05,0.155945125,0.0920751249999999,0.081575125,2.0124999999999998e-05,2.0124999999999998e-05,1.0554851250000001,2.0124999999999998e-05,0.068655125,2.0124999999999998e-05,2.0124999999999998e-05,0.666625125,20.173605124999998,0.188515125,1.322425125,0.0095951249999999,0.253705125,0.121905125,0.29932512499999997,0.12627512500000002,2.0124999999999998e-05,2.0124999999999998e-05,0.112875125,2.0124999999999998e-05,1.227415125,0.015435125000000001,2.0124999999999998e-05,0.613185125,0.217895125,0.157825125,0.141675125,1.048595125,0.033815125,2.0124999999999998e-05,2.0124999999999998e-05,0.17825512500000001,0.022285125,0.0326251249999999,2.0124999999999998e-05,2.0124999999999998e-05,0.242135125,0.053045125000000005,0.353415125,2.0124999999999998e-05,2.0124999999999998e-05,0.081435125,1.410015125,0.004225125,3.296635125,0.039355125000000005,0.179355125,0.048225125,2.0124999999999998e-05,0.090305125,0.023995125,2.0124999999999998e-05,2.0124999999999998e-05,2.0124999999999998e-05,0.0101951249999999,0.103335125,0.098135125,1.100375125,0.008925125,2.0124999999999998e-05,0.44634512499999995,0.0602251249999999,0.007965125,0.0062151249999998995,0.009885125000000002,2.0124999999999998e-05,2.0124999999999998e-05,0.1049951249999999,2.0124999999999998e-05,2.0124999999999998e-05,0.020435125,2.0124999999999998e-05,0.342125125,0.008915125000000001,0.0019151250000000002,2.0124999999999998e-05,2.0124999999999998e-05,0.026745124999999998,2.0124999999999998e-05,0.010305125,0.004375125,0.030335124999999998,2.0124999999999998e-05,2.0124999999999998e-05,0.9310351250000001,0.001205125,2.0124999999999998e-05,2.0124999999999998e-05,0.040445125000000005,2.0124999999999998e-05,0.1120451249999999,0.022875125,2.0124999999999998e-05,0.006205125,2.0124999999999998e-05,0.029615125,2.0124999999999998e-05,2.0124999999999998e-05,0.002215125,2.0124999999999998e-05,0.031975125,2.0124999999999998e-05,0.26845512499999996,0.013735125,2.0124999999999998e-05,0.014315125000000001,2.0124999999999998e-05,0.0112951249999999,0.083925125,0.036625125,0.0012651250000000002,0.030035125,2.0124999999999998e-05,0.046445125000000004,0.088375125,2.0124999999999998e-05,2.0124999999999998e-05,2.0124999999999998e-05,0.174365125,0.720125125,0.018045125,0.024815125,0.058035125,0.025885125,2.0124999999999998e-05,0.213255125,2.0124999999999998e-05,0.012025125000000001,2.0124999999999998e-05,2.0124999999999998e-05,2.0124999999999998e-05,2.0124999999999998e-05,0.006165125,2.0124999999999998e-05,2.0124999999999998e-05,0.004115125,2.0124999999999998e-05,2.0124999999999998e-05,0.092705125,2.0124999999999998e-05,0.1183951249999999,2.0124999999999998e-05,2.0124999999999998e-05,2.0124999999999998e-05,2.0124999999999998e-05,2.0124999999999998e-05,2.0124999999999998e-05,2.0124999999999998e-05,2.0124999999999998e-05,2.0124999999999998e-05,2.0124999999999998e-05,2.0124999999999998e-05,2.0124999999999998e-05,0.017195125,1.289085125,2.0124999999999998e-05,2.0124999999999998e-05,2.0124999999999998e-05,2.0124999999999998e-05,2.0124999999999998e-05,22.592135125000002
37035_1#9,1.3300000000000001e-05,2.1181083,1.3300000000000001e-05,0.0501183,0.14822829999999998,1.3300000000000001e-05,6.150758300000001,0.2518882999999999,0.1609483,0.5757483,0.6030783,3.4622283,0.0258883,1.3300000000000001e-05,1.3300000000000001e-05,0.1045582999999999,1.6076683,1.3300000000000001e-05,1.3300000000000001e-05,0.1427183,1.3300000000000001e-05,1.3300000000000001e-05,0.13888829999999988,21.9850283,0.0044883,0.1578783,1.3300000000000001e-05,1.3300000000000001e-05,0.4215182999999999,1.3300000000000001e-05,0.34315829999999997,1.3300000000000001e-05,0.3897483,1.3300000000000001e-05,0.4669682999999999,1.3300000000000001e-05,1.3300000000000001e-05,0.0030182999999999,1.3300000000000001e-05,1.3300000000000001e-05,1.3300000000000001e-05,0.0616682999999999,0.0036582999999999,1.3300000000000001e-05,1.3300000000000001e-05,1.3300000000000001e-05,1.3300000000000001e-05,0.6667183,1.3300000000000001e-05,0.0749383,0.0735183,0.0200283,1.3300000000000001e-05,3.4540383,11.0532883,1.3300000000000001e-05,0.6412583000000001,1.3300000000000001e-05,1.3300000000000001e-05,1.3300000000000001e-05,0.0656283,1.3300000000000001e-05,0.005818299999999999,1.3300000000000001e-05,1.3300000000000001e-05,1.3300000000000001e-05,1.3300000000000001e-05,0.1181083,1.3300000000000001e-05,1.3300000000000001e-05,1.3300000000000001e-05,1.3300000000000001e-05,0.0064483,0.1059483,1.8860883,0.0153382999999999,0.0083882999999999,1.3300000000000001e-05,1.3300000000000001e-05,0.0284383,1.3300000000000001e-05,0.0647683,3.1314083,0.0037783,1.3300000000000001e-05,1.3300000000000001e-05,1.3300000000000001e-05,1.3300000000000001e-05,0.3345283,1.3300000000000001e-05,1.3300000000000001e-05,0.0150982999999999,5.1173383,1.3300000000000001e-05,1.3300000000000001e-05,0.0917082999999999,5.8205483000000005,1.3300000000000001e-05,1.3300000000000001e-05,1.0720783,1.3300000000000001e-05,1.3300000000000001e-05,0.2281383,0.006498299999999999,1.3300000000000001e-05,1.3300000000000001e-05,1.3300000000000001e-05,0.3072283,0.2713383,1.3300000000000001e-05,1.3300000000000001e-05,1.3300000000000001e-05,1.3300000000000001e-05,1.3300000000000001e-05,0.19321829999999998,1.3300000000000001e-05,1.3300000000000001e-05,0.8187783,1.3300000000000001e-05,1.3300000000000001e-05,1.3300000000000001e-05,0.2633483,1.3300000000000001e-05,1.3300000000000001e-05,1.3300000000000001e-05,1.3300000000000001e-05,0.3065483,0.0200382999999999,0.19160829999999998,0.6389682999999999,1.3300000000000001e-05,0.5679983,1.3300000000000001e-05,1.3300000000000001e-05,0.0129482999999999,1.3300000000000001e-05,1.3300000000000001e-05,1.3300000000000001e-05,1.3300000000000001e-05,1.3300000000000001e-05,1.3300000000000001e-05,0.0115283,1.3300000000000001e-05,1.3300000000000001e-05,0.0202483,1.3300000000000001e-05,1.3300000000000001e-05,1.3300000000000001e-05,1.3300000000000001e-05,0.0124583,1.3300000000000001e-05,1.3300000000000001e-05,1.3300000000000001e-05,1.3300000000000001e-05,1.3300000000000001e-05,1.3300000000000001e-05,1.3300000000000001e-05,1.3300000000000001e-05,1.3300000000000001e-05,1.3300000000000001e-05,0.31606829999999997,1.3300000000000001e-05,1.3300000000000001e-05,1.3300000000000001e-05,1.3300000000000001e-05,0.6395282999999999,1.3300000000000001e-05,1.3300000000000001e-05,1.3300000000000001e-05,0.0323783,1.3300000000000001e-05,1.3300000000000001e-05,0.31422829999999996,1.3300000000000001e-05,1.3300000000000001e-05,1.3300000000000001e-05,1.3300000000000001e-05,0.0068683,0.0792883,0.9076983,1.3300000000000001e-05,1.3300000000000001e-05,1.3300000000000001e-05,1.3300000000000001e-05,1.3300000000000001e-05,1.3300000000000001e-05,1.3300000000000001e-05,1.3300000000000001e-05,1.3300000000000001e-05,2.2178983,1.3994883,1.3300000000000001e-05,1.3300000000000001e-05,0.3138183,1.3300000000000001e-05,1.3300000000000001e-05,1.3300000000000001e-05,1.3300000000000001e-05,1.3300000000000001e-05,16.6469883
37035_2#10,3.90486355,0.0401035499999999,3.24841355,0.07506354999999999,2.92229355,1.03404355,0.8203535500000001,7.319773549999999,0.08084355,5.7547735499999995,0.17020355,0.05619355,2.13962355,2.08650355,1.855e-05,1.855e-05,0.8501935500000001,12.01946355,0.09983355,0.56232355,0.40046355,0.72287355,0.43180355,0.18417355,1.855e-05,1.03749355,1.6568035500000002,0.0070335499999999995,0.00708355,1.855e-05,0.17557355,1.06723355,0.23728355,0.40491355,1.855e-05,1.855e-05,0.06613355,1.1414635499999999,1.75159355,0.00444355,0.00668355,0.06632355,1.855e-05,0.00803355,1.855e-05,1.855e-05,3.3395635500000003,15.02606355,1.855e-05,1.855e-05,1.855e-05,1.855e-05,1.855e-05,0.60337355,0.12708355,1.855e-05,1.855e-05,0.21919355,1.855e-05,1.7114035500000002,0.10201355,1.855e-05,1.855e-05,1.855e-05,0.35708354999999997,1.855e-05,1.855e-05,0.00200355,1.855e-05,1.855e-05,1.855e-05,0.022993549999999998,1.855e-05,1.855e-05,1.855e-05,0.0075035499999999995,0.6154135500000001,1.855e-05,0.39242355,1.855e-05,0.010403550000000001,1.47917355,1.855e-05,1.855e-05,1.855e-05,0.02098355,0.34292355,1.855e-05,1.855e-05,0.00685355,0.00072355,1.855e-05,0.00960355,1.855e-05,0.02056355,1.855e-05,1.855e-05,1.855e-05,1.855e-05,1.855e-05,0.05819355,1.855e-05,0.10210355,0.00438355,0.00244355,1.855e-05,1.855e-05,1.855e-05,1.855e-05,0.09399355,0.28211355,0.1314635499999999,1.855e-05,1.855e-05,1.855e-05,0.038173549999999896,0.8707935500000001,1.855e-05,0.15839355,0.06082355,0.02526355,0.026653549999999998,1.855e-05,1.855e-05,0.15515355,1.855e-05,1.855e-05,1.855e-05,1.855e-05,0.39332355,1.855e-05,1.855e-05,0.01175355,1.855e-05,1.855e-05,0.00994355,0.01429355,0.7743935500000001,1.855e-05,1.855e-05,1.855e-05,2.24094355,0.11319354999999989,1.855e-05,1.855e-05,1.855e-05,0.03133355,0.99167355,1.855e-05,1.855e-05,0.09249355,0.14332355,0.55253355,0.02179355,0.10649354999999999,0.05134355,1.855e-05,1.855e-05,1.855e-05,1.855e-05,2.0107235500000002,0.28699355,0.05254355,0.10700355,1.855e-05,1.855e-05,0.04309355,1.855e-05,0.00280355,1.855e-05,0.00084355,1.855e-05,1.855e-05,1.855e-05,0.01898355,0.03071355,1.855e-05,1.855e-05,1.855e-05,1.855e-05,0.005633549999999999,0.16277355,0.11308355,0.01497355,0.07338355,0.11222355,1.855e-05,1.855e-05,1.855e-05,1.855e-05,1.855e-05,1.855e-05,1.855e-05,1.855e-05,1.855e-05,0.0133435499999999,1.855e-05,0.00034355000000000003,0.00628355,12.404113549999982
37035_2#11,4.154341475,0.430731475,6.570931475,6.4750000000000015e-06,1.950551475,0.325221475,0.520811475,17.571921475,6.4750000000000015e-06,6.515711475,0.1884814749999999,0.128721475,6.4750000000000015e-06,11.017521475,6.4750000000000015e-06,0.616511475,6.4750000000000015e-06,6.4750000000000015e-06,6.4750000000000015e-06,1.408991475,6.4750000000000015e-06,6.4750000000000015e-06,6.4750000000000015e-06,0.009671475,0.015651474999999998,0.029191474999999998,2.4503014750000003,0.056831475,0.051161475,0.221651475,0.380391475,6.4750000000000015e-06,0.408381475,0.28197147499999997,6.4750000000000015e-06,0.590261475,6.4750000000000015e-06,1.018511475,19.356871475,0.055961475,0.089081475,0.007861475,6.4750000000000015e-06,6.4750000000000015e-06,6.4750000000000015e-06,6.4750000000000015e-06,6.4750000000000015e-06,6.4750000000000015e-06,6.4750000000000015e-06,6.4750000000000015e-06,6.4750000000000015e-06,6.4750000000000015e-06,6.4750000000000015e-06,6.4750000000000015e-06,6.4750000000000015e-06,6.4750000000000015e-06,6.4750000000000015e-06,6.4750000000000015e-06,6.4750000000000015e-06,6.4750000000000015e-06,6.4750000000000015e-06,6.4750000000000015e-06,6.4750000000000015e-06,0.013681475,6.4750000000000015e-06,6.4750000000000015e-06,6.4750000000000015e-06,6.4750000000000015e-06,6.4750000000000015e-06,6.4750000000000015e-06,6.4750000000000015e-06,6.4750000000000015e-06,6.4750000000000015e-06,6.4750000000000015e-06,6.4750000000000015e-06,6.4750000000000015e-06,6.4750000000000015e-06,6.4750000000000015e-06,6.4750000000000015e-06,6.4750000000000015e-06,6.4750000000000015e-06,6.4750000000000015e-06,6.4750000000000015e-06,6.4750000000000015e-06,6.4750000000000015e-06,6.4750000000000015e-06,6.4750000000000015e-06,6.4750000000000015e-06,6.4750000000000015e-06,6.4750000000000015e-06,6.4750000000000015e-06,6.4750000000000015e-06,6.4750000000000015e-06,6.4750000000000015e-06,6.4750000000000015e-06,6.4750000000000015e-06,6.4750000000000015e-06,6.4750000000000015e-06,6.4750000000000015e-06,6.4750000000000015e-06,6.4750000000000015e-06,6.4750000000000015e-06,6.4750000000000015e-06,6.4750000000000015e-06,6.4750000000000015e-06,6.4750000000000015e-06,6.4750000000000015e-06,6.4750000000000015e-06,6.4750000000000015e-06,0.199941475,6.4750000000000015e-06,6.4750000000000015e-06,6.4750000000000015e-06,6.4750000000000015e-06,6.4750000000000015e-06,6.4750000000000015e-06,6.4750000000000015e-06,6.4750000000000015e-06,6.4750000000000015e-06,6.4750000000000015e-06,6.4750000000000015e-06,6.4750000000000015e-06,6.4750000000000015e-06,6.4750000000000015e-06,6.4750000000000015e-06,6.4750000000000015e-06,6.4750000000000015e-06,6.4750000000000015e-06,6.4750000000000015e-06,6.4750000000000015e-06,6.4750000000000015e-06,6.4750000000000015e-06,6.4750000000000015e-06,3.5805314750000004,6.4750000000000015e-06,0.0532114749999999,6.4750000000000015e-06,6.4750000000000015e-06,6.4750000000000015e-06,6.4750000000000015e-06,6.4750000000000015e-06,6.4750000000000015e-06,6.4750000000000015e-06,6.4750000000000015e-06,6.4750000000000015e-06,6.4750000000000015e-06,6.4750000000000015e-06,6.4750000000000015e-06,6.4750000000000015e-06,6.4750000000000015e-06,6.4750000000000015e-06,6.4750000000000015e-06,6.4750000000000015e-06,6.4750000000000015e-06,6.4750000000000015e-06,1.936151475,6.4750000000000015e-06,6.4750000000000015e-06,6.4750000000000015e-06,6.4750000000000015e-06,6.4750000000000015e-06,6.4750000000000015e-06,6.4750000000000015e-06,6.4750000000000015e-06,6.4750000000000015e-06,6.4750000000000015e-06,6.4750000000000015e-06,6.4750000000000015e-06,6.4750000000000015e-06,6.4750000000000015e-06,6.4750000000000015e-06,6.4750000000000015e-06,6.4750000000000015e-06,6.4750000000000015e-06,6.4750000000000015e-06,6.4750000000000015e-06,6.4750000000000015e-06,6.4750000000000015e-06,6.4750000000000015e-06,6.4750000000000015e-06,6.4750000000000015e-06,6.4750000000000015e-06,1.559561475,6.4750000000000015e-06,6.4750000000000015e-06,6.4750000000000015e-06,0.15815147499999999,6.4750000000000015e-06,6.4750000000000015e-06,6.4750000000000015e-06,6.4750000000000015e-06,6.4750000000000015e-06,6.4750000000000015e-06,6.4750000000000015e-06,6.4750000000000015e-06,6.4750000000000015e-06,6.4750000000000015e-06,6.4750000000000015e-06,6.4750000000000015e-06,16.073511474999986
37035_2#12,0.43066775,0.22551775000000002,0.5985577499999999,0.75863775,4.92853775,0.75615775,1.3403977500000002,10.09354775,2.2749999999999997e-05,2.5335777499999996,0.0064977499999999,0.13562775000000002,6.17595775,0.6521177499999999,0.04231775,0.69313775,1.23764775,0.06256774999999999,0.15064775,0.81503775,0.9506477499999999,0.07983775,0.23204775,0.0035477499999999997,0.00210775,1.79170775,4.38368775,0.07963775,0.05357775,0.013077749999999999,0.02382775,0.17946775,1.94192775,0.016477750000000003,2.2749999999999997e-05,0.00851775,0.31963775,0.20790775,2.3391177499999998,0.02835775,0.13143775000000002,0.01485775,0.01062775,0.05932775,0.010907749999999999,2.2749999999999997e-05,2.2749999999999997e-05,1.40687775,2.2749999999999997e-05,2.6052277499999996,2.2749999999999997e-05,2.2749999999999997e-05,0.23562775,2.2749999999999997e-05,2.2749999999999997e-05,2.2749999999999997e-05,2.2749999999999997e-05,0.13725775,0.09135775,0.94591775,0.0149977499999999,2.2749999999999997e-05,2.2749999999999997e-05,5.24167775,0.09794775,2.2749999999999997e-05,2.2749999999999997e-05,0.59946775,2.2749999999999997e-05,2.2749999999999997e-05,2.2749999999999997e-05,2.2749999999999997e-05,0.0348277499999999,0.08561774999999999,2.2749999999999997e-05,0.018777750000000003,0.84568775,2.2749999999999997e-05,0.04475775,2.2749999999999997e-05,0.23591775,1.88166775,2.2749999999999997e-05,2.2749999999999997e-05,0.76074775,0.04431775,2.2749999999999997e-05,2.2749999999999997e-05,2.2749999999999997e-05,2.2749999999999997e-05,2.2749999999999997e-05,2.2749999999999997e-05,0.0014277500000000002,0.0124477499999999,0.05545775,2.2749999999999997e-05,0.10211775,0.00040775,0.4748577499999999,2.2749999999999997e-05,0.14677775,0.00409775,0.2197977499999999,0.036207750000000004,0.018267750000000003,0.00953775,0.23132775,2.2749999999999997e-05,2.2749999999999997e-05,0.052297750000000004,0.6727577499999999,0.93638775,2.2749999999999997e-05,2.2749999999999997e-05,2.2749999999999997e-05,0.01242775,4.5063077499999995,2.2749999999999997e-05,0.03421775,1.2682377500000002,2.2749999999999997e-05,0.0142077499999999,2.2749999999999997e-05,2.2749999999999997e-05,0.52904775,2.2749999999999997e-05,2.2749999999999997e-05,2.2749999999999997e-05,0.07049775,0.0473777499999999,0.00184775,2.2749999999999997e-05,0.01483775,2.2749999999999997e-05,2.2749999999999997e-05,0.06331774999999999,0.0011077499999999998,0.68171775,0.38086775,2.2749999999999997e-05,2.2749999999999997e-05,2.2749999999999997e-05,2.2749999999999997e-05,2.2749999999999997e-05,0.12096774999999989,2.2749999999999997e-05,2.2749999999999997e-05,0.06219775,0.19847775,0.11796775,0.35441775000000003,0.026797750000000002,0.016807749999999903,0.19907775,0.19418775000000002,2.2749999999999997e-05,0.0291777499999999,3.5441177500000003,2.2749999999999997e-05,0.6632177499999999,0.06638775,0.00748775,0.33472775,0.00859775,0.1362677499999999,2.2749999999999997e-05,0.026457750000000002,0.6080277499999999,0.019197749999999902,2.2749999999999997e-05,0.012097749999999999,0.01030775,2.2749999999999997e-05,2.2749999999999997e-05,0.0006677499999999,0.0011377499999999999,0.01110775,2.2749999999999997e-05,2.2749999999999997e-05,2.2749999999999997e-05,0.05185775,2.2749999999999997e-05,0.14553775000000002,0.09001775,2.2749999999999997e-05,0.0495777499999999,0.01391775,0.00071775,0.0212577499999999,5.86499775,2.2749999999999997e-05,2.2749999999999997e-05,0.02452775,2.2749999999999997e-05,2.2749999999999997e-05,0.0515277499999999,2.2749999999999997e-05,0.00556775,0.00878775,16.45192775000007
37035_2#13,2.563634625,0.070074625,4.955004625000001,0.0223346249999999,4.584534625,0.329504625,0.076474625,5.743484625,9.625e-06,9.625e-06,9.625e-06,0.003584625,1.7169146249999998,1.8069146249999999,0.087974625,0.018674625,0.008034625,9.625e-06,0.0493646249999999,0.115164625,0.306514625,0.5524846250000001,0.022704625,0.0257446249999999,0.010624625,0.035384624999999996,0.356574625,0.0071546249999999995,9.625e-06,0.036214624999999896,0.3664446249999999,0.174794625,9.625e-06,0.077524625,9.625e-06,0.237484625,0.014584625,0.156204625,1.6874046249999999,9.625e-06,0.028374625,0.051094625,9.625e-06,9.625e-06,9.625e-06,9.625e-06,9.625e-06,62.492194625,9.625e-06,9.625e-06,9.625e-06,9.625e-06,9.625e-06,0.196324625,9.625e-06,9.625e-06,9.625e-06,0.177094625,9.625e-06,0.893204625,9.625e-06,9.625e-06,9.625e-06,0.0033246250000000003,0.421464625,9.625e-06,9.625e-06,0.023974625,9.625e-06,9.625e-06,9.625e-06,9.625e-06,9.625e-06,9.625e-06,9.625e-06,9.625e-06,0.165814625,1.0235046249999997,9.625e-06,9.625e-06,9.625e-06,9.625e-06,0.003954625,9.625e-06,9.625e-06,0.0016446249999999,9.625e-06,9.625e-06,9.625e-06,9.625e-06,9.625e-06,9.625e-06,0.051684625,9.625e-06,9.625e-06,0.10352462500000001,9.625e-06,9.625e-06,9.625e-06,9.625e-06,9.625e-06,9.625e-06,9.625e-06,9.625e-06,9.625e-06,9.625e-06,9.625e-06,9.625e-06,9.625e-06,0.157524625,9.625e-06,9.625e-06,9.625e-06,9.625e-06,9.625e-06,9.625e-06,9.625e-06,9.625e-06,9.625e-06,9.625e-06,9.625e-06,9.625e-06,9.625e-06,9.625e-06,9.625e-06,9.625e-06,9.625e-06,9.625e-06,9.625e-06,9.625e-06,9.625e-06,9.625e-06,9.625e-06,9.625e-06,9.625e-06,9.625e-06,9.625e-06,9.625e-06,9.625e-06,9.625e-06,9.625e-06,9.625e-06,9.625e-06,9.625e-06,9.625e-06,9.625e-06,9.625e-06,9.625e-06,9.625e-06,9.625e-06,9.625e-06,9.625e-06,9.625e-06,9.625e-06,9.625e-06,0.466314625,9.625e-06,9.625e-06,9.625e-06,9.625e-06,9.625e-06,9.625e-06,9.625e-06,9.625e-06,9.625e-06,9.625e-06,9.625e-06,9.625e-06,9.625e-06,9.625e-06,9.625e-06,9.625e-06,9.625e-06,9.625e-06,9.625e-06,0.028524624999999998,9.625e-06,9.625e-06,9.625e-06,9.625e-06,9.625e-06,9.625e-06,0.344354625,9.625e-06,0.0775646249999999,0.095764625,9.625e-06,0.036884625,9.625e-06,9.625e-06,9.625e-06,9.625e-06,9.625e-06,9.625e-06,9.625e-06,9.625e-06,9.625e-06,9.625e-06,9.625e-06,6.9349746250000095
37035_2#14,0.8834349499999999,1.9949999999999997e-05,0.01950495,0.22621495,0.90634495,0.04481495,0.62017495,2.59778495,1.9949999999999997e-05,4.50152495,0.25215495,0.16165495000000002,0.00019495000000000002,0.56266495,1.9949999999999997e-05,0.01488495,0.31999495,1.59117495,0.041944949999999995,0.02492495,0.10524494999999989,0.5572749499999999,0.03205495,1.9949999999999997e-05,0.00034495,0.63500495,0.28328495,0.71594495,0.07070495,0.08341494999999989,0.02462495,0.83876495,0.07064495,0.12155495,0.011824949999999999,1.9949999999999997e-05,0.00499495,0.81724495,0.47276494999999996,1.9949999999999997e-05,1.9949999999999997e-05,1.9949999999999997e-05,1.9949999999999997e-05,1.9949999999999997e-05,1.9949999999999997e-05,1.9949999999999997e-05,0.42591494999999996,3.20411495,1.9949999999999997e-05,0.040564949999999995,1.9949999999999997e-05,1.9949999999999997e-05,1.0143649499999998,0.061954949999999995,1.9949999999999997e-05,1.9949999999999997e-05,1.9949999999999997e-05,0.00338495,0.22424495,2.62225495,1.9949999999999997e-05,1.9949999999999997e-05,1.9949999999999997e-05,0.3438049499999999,0.46381495,1.9949999999999997e-05,0.98324495,0.018094950000000002,1.9949999999999997e-05,1.9949999999999997e-05,1.9949999999999997e-05,1.9949999999999997e-05,1.9949999999999997e-05,1.9949999999999997e-05,1.9949999999999997e-05,0.01713495,0.50804495,1.9949999999999997e-05,1.9949999999999997e-05,1.9949999999999997e-05,0.027114950000000002,5.844914950000001,1.9949999999999997e-05,0.71671495,1.9949999999999997e-05,1.9949999999999997e-05,1.9949999999999997e-05,1.9949999999999997e-05,0.02786495,1.9949999999999997e-05,0.05908495,1.9949999999999997e-05,1.9949999999999997e-05,0.02884495,0.07576495,0.25511495,0.06282494999999999,1.9949999999999997e-05,1.9949999999999997e-05,0.04674495,1.56503495,1.9949999999999997e-05,0.10883495,1.9949999999999997e-05,0.00438495,1.9949999999999997e-05,1.9949999999999997e-05,0.008334949999999999,1.9949999999999997e-05,0.01752495,0.058604949999999996,1.70905495,1.9949999999999997e-05,0.03045495,1.9949999999999997e-05,0.0045749499999999,11.73273495,1.9949999999999997e-05,1.9949999999999997e-05,0.11909494999999999,0.50590495,1.9949999999999997e-05,1.9949999999999997e-05,1.9949999999999997e-05,1.50228495,1.9949999999999997e-05,1.9949999999999997e-05,1.9949999999999997e-05,0.02211495,1.9949999999999997e-05,0.01705495,1.9949999999999997e-05,1.9949999999999997e-05,1.9949999999999997e-05,1.9949999999999997e-05,1.9949999999999997e-05,1.9949999999999997e-05,0.50991495,1.9949999999999997e-05,0.22952495,1.9949999999999997e-05,1.9949999999999997e-05,1.9949999999999997e-05,0.18798495,1.9949999999999997e-05,1.11913495,0.32345494999999996,0.47849495,0.08614495,1.9949999999999997e-05,1.0908649499999998,0.70986495,2.02767495,0.06809495,1.9949999999999997e-05,0.06079495,0.28238494999999997,1.9949999999999997e-05,0.02169495,0.07322495,1.9949999999999997e-05,0.30314494999999997,0.29376494999999997,0.44338495,0.13137495000000002,1.9949999999999997e-05,0.49265495,1.9949999999999997e-05,0.97971495,1.9949999999999997e-05,0.07977495,0.00631495,1.9949999999999997e-05,0.04934495,0.13920495000000002,0.00607495,1.9949999999999997e-05,0.3894949499999999,1.9949999999999997e-05,1.9949999999999997e-05,0.13186495,0.023614950000000003,0.15737495,0.0276249499999999,0.16885495,0.05752495,0.0073649499999999,0.09529495,1.9949999999999997e-05,1.9949999999999997e-05,1.9949999999999997e-05,1.9949999999999997e-05,0.14335495,1.9949999999999997e-05,1.9949999999999997e-05,2.57369495,0.058714949999999995,0.032474949999999995,0.08324495,33.75676495000004
37035_2#15,34.233787774999996,1.294657775,3.911437775,3.487857775,2.815527775,0.40352777500000003,0.995367775,10.866937775,0.6572577749999999,0.702937775,0.32481777500000003,1.2774999999999999e-05,4.039507775,0.885487775,0.022057774999999998,0.5635077749999999,1.029297775,1.2774999999999999e-05,0.201927775,2.2366677750000004,0.083787775,0.824597775,0.204457775,0.0045677749999999,0.0141377749999999,0.609707775,0.8631077749999999,0.197577775,0.0338677749999999,0.129767775,1.2774999999999999e-05,0.987577775,0.4816677749999999,0.133997775,0.005817775,0.238787775,0.057267775,0.524737775,1.017627775,1.2774999999999999e-05,1.2774999999999999e-05,1.2774999999999999e-05,1.2774999999999999e-05,1.2774999999999999e-05,1.2774999999999999e-05,1.2774999999999999e-05,0.0031677749999999,1.2774999999999999e-05,1.2774999999999999e-05,3.593437775,1.2774999999999999e-05,1.2774999999999999e-05,1.2774999999999999e-05,1.2774999999999999e-05,1.2774999999999999e-05,1.2774999999999999e-05,1.2774999999999999e-05,0.31715777500000003,1.2774999999999999e-05,0.620677775,0.225097775,1.2774999999999999e-05,1.2774999999999999e-05,1.2774999999999999e-05,0.664137775,1.2774999999999999e-05,1.2774999999999999e-05,1.2774999999999999e-05,1.2774999999999999e-05,1.2774999999999999e-05,1.2774999999999999e-05,0.004537775,0.344447775,1.3500477750000002,1.2774999999999999e-05,1.2774999999999999e-05,1.2938177750000002,1.2774999999999999e-05,0.4207677749999999,1.2774999999999999e-05,1.2774999999999999e-05,1.723697775,1.2774999999999999e-05,1.2774999999999999e-05,1.2774999999999999e-05,1.2774999999999999e-05,1.2774999999999999e-05,1.2774999999999999e-05,1.2774999999999999e-05,1.2774999999999999e-05,1.2774999999999999e-05,1.2774999999999999e-05,1.2774999999999999e-05,1.2774999999999999e-05,1.2774999999999999e-05,1.2774999999999999e-05,1.2774999999999999e-05,1.2774999999999999e-05,1.2774999999999999e-05,1.2774999999999999e-05,1.2774999999999999e-05,1.2774999999999999e-05,1.2774999999999999e-05,0.041937775,0.003067775,1.2774999999999999e-05,1.2774999999999999e-05,1.2774999999999999e-05,1.2774999999999999e-05,0.105067775,1.2774999999999999e-05,0.8546177749999999,1.2774999999999999e-05,0.040717775,1.2774999999999999e-05,1.2774999999999999e-05,1.2774999999999999e-05,1.2774999999999999e-05,1.2774999999999999e-05,0.009067775,1.2774999999999999e-05,1.2774999999999999e-05,1.2774999999999999e-05,1.2774999999999999e-05,1.2774999999999999e-05,1.2774999999999999e-05,1.2774999999999999e-05,1.2774999999999999e-05,1.2774999999999999e-05,1.2774999999999999e-05,1.2774999999999999e-05,1.2774999999999999e-05,1.2774999999999999e-05,1.2774999999999999e-05,1.2774999999999999e-05,0.034037775,1.2774999999999999e-05,1.2774999999999999e-05,3.2809877750000003,1.2774999999999999e-05,1.2774999999999999e-05,1.2774999999999999e-05,1.2774999999999999e-05,1.2774999999999999e-05,1.2774999999999999e-05,1.2774999999999999e-05,1.2774999999999999e-05,1.2774999999999999e-05,1.2774999999999999e-05,1.2774999999999999e-05,0.5944677749999999,0.013617774999999999,1.2774999999999999e-05,0.027387775,1.2774999999999999e-05,0.309867775,1.2774999999999999e-05,1.2774999999999999e-05,1.2774999999999999e-05,1.2774999999999999e-05,1.2774999999999999e-05,1.2774999999999999e-05,1.2774999999999999e-05,1.2774999999999999e-05,0.027097774999999998,1.2774999999999999e-05,1.2774999999999999e-05,0.675157775,1.2774999999999999e-05,1.2774999999999999e-05,0.010517775,1.2774999999999999e-05,1.2774999999999999e-05,1.2774999999999999e-05,1.2774999999999999e-05,1.2774999999999999e-05,1.2774999999999999e-05,0.837497775,1.2774999999999999e-05,1.2774999999999999e-05,1.2774999999999999e-05,1.2774999999999999e-05,0.7999977749999999,0.070787775,0.15736777500000002,0.1607877749999999,0.034887774999999996,0.39842777500000004,1.2774999999999999e-05,1.2774999999999999e-05,1.2774999999999999e-05,1.2774999999999999e-05,1.2774999999999999e-05,1.2774999999999999e-05,1.2774999999999999e-05,1.2774999999999999e-05,1.2774999999999999e-05,0.193027775,0.059067774999999996,5.612287775000043
37035_2#16,2.238145675,0.265215675,3.421125675,1.7970856749999997,6.351605675,0.0298456749999999,0.391495675,13.079645675,1.0674999999999999e-05,5.545955675,0.0306956749999999,0.15576567500000002,16.480325675000003,0.723735675,1.2668056749999999,0.1099356749999999,0.250875675,1.0674999999999999e-05,0.306885675,3.595515675,0.668655675,0.512735675,1.0674999999999999e-05,0.026035675,1.0674999999999999e-05,0.233645675,2.6278656750000002,0.018935675000000003,0.004395675,0.0065356749999999995,0.088785675,1.337195675,1.162365675,1.0674999999999999e-05,0.0126856749999999,0.11524567499999999,0.442695675,0.188545675,4.203855675000001,0.017915675000000002,0.034255675,0.160125675,1.0674999999999999e-05,1.0674999999999999e-05,1.0674999999999999e-05,1.0674999999999999e-05,1.0674999999999999e-05,1.0674999999999999e-05,1.0674999999999999e-05,0.41823567500000003,1.0674999999999999e-05,1.0674999999999999e-05,3.889845675,1.0674999999999999e-05,1.0674999999999999e-05,1.0674999999999999e-05,1.0674999999999999e-05,1.0674999999999999e-05,1.0674999999999999e-05,0.488585675,0.027665675,1.0674999999999999e-05,1.0674999999999999e-05,0.004345674999999999,0.204265675,1.0674999999999999e-05,1.0674999999999999e-05,1.0674999999999999e-05,1.0674999999999999e-05,1.0674999999999999e-05,1.0674999999999999e-05,1.0674999999999999e-05,1.0674999999999999e-05,1.0674999999999999e-05,1.0674999999999999e-05,1.0674999999999999e-05,0.602575675,1.0674999999999999e-05,1.0674999999999999e-05,1.0674999999999999e-05,1.0674999999999999e-05,1.0674999999999999e-05,1.0674999999999999e-05,1.0674999999999999e-05,1.0674999999999999e-05,0.046545675,1.0674999999999999e-05,1.0674999999999999e-05,1.0674999999999999e-05,1.0674999999999999e-05,1.0674999999999999e-05,1.0674999999999999e-05,1.0674999999999999e-05,1.0674999999999999e-05,1.0674999999999999e-05,3.046215675,1.0674999999999999e-05,1.0674999999999999e-05,1.0674999999999999e-05,1.0674999999999999e-05,1.0674999999999999e-05,1.0674999999999999e-05,0.043315675,1.0674999999999999e-05,1.0674999999999999e-05,1.0674999999999999e-05,1.0674999999999999e-05,1.0674999999999999e-05,1.0674999999999999e-05,0.218055675,0.0384656749999999,1.0674999999999999e-05,1.0674999999999999e-05,1.0674999999999999e-05,1.0674999999999999e-05,1.0674999999999999e-05,1.0674999999999999e-05,1.0674999999999999e-05,1.0674999999999999e-05,2.269395675,1.0674999999999999e-05,1.0674999999999999e-05,1.0674999999999999e-05,1.0674999999999999e-05,1.0674999999999999e-05,1.0674999999999999e-05,1.0674999999999999e-05,1.0674999999999999e-05,1.0674999999999999e-05,0.286415675,1.0674999999999999e-05,1.0674999999999999e-05,1.0674999999999999e-05,1.0674999999999999e-05,1.0674999999999999e-05,0.014295674999999999,1.0674999999999999e-05,1.0674999999999999e-05,1.0674999999999999e-05,1.0674999999999999e-05,1.0674999999999999e-05,1.0674999999999999e-05,1.0674999999999999e-05,1.0674999999999999e-05,1.0674999999999999e-05,1.0674999999999999e-05,1.0674999999999999e-05,1.0674999999999999e-05,1.0674999999999999e-05,1.0674999999999999e-05,1.0674999999999999e-05,0.011905675,1.0674999999999999e-05,1.0674999999999999e-05,1.0674999999999999e-05,1.0674999999999999e-05,1.0674999999999999e-05,1.0674999999999999e-05,1.0674999999999999e-05,1.0674999999999999e-05,6.732395674999999,1.0674999999999999e-05,1.0674999999999999e-05,1.0674999999999999e-05,1.0674999999999999e-05,1.0674999999999999e-05,1.0674999999999999e-05,1.0674999999999999e-05,1.0674999999999999e-05,1.0674999999999999e-05,1.0674999999999999e-05,1.0674999999999999e-05,1.0674999999999999e-05,1.0674999999999999e-05,1.0674999999999999e-05,1.0674999999999999e-05,1.0674999999999999e-05,1.0674999999999999e-05,1.0674999999999999e-05,1.0674999999999999e-05,1.0674999999999999e-05,1.0674999999999999e-05,0.305435675,1.0674999999999999e-05,0.0568156749999999,0.228295675,0.011545675,0.0076856749999999995,1.0674999999999999e-05,5.651425675,1.0674999999999999e-05,1.0674999999999999e-05,1.0674999999999999e-05,1.0674999999999999e-05,1.0674999999999999e-05,1.0674999999999999e-05,1.0674999999999999e-05,1.0674999999999999e-05,1.0674999999999999e-05,7.4916456750000044
37035_2#17,3.6533839,0.5980139000000001,2.5488139000000003,0.3543038999999999,6.1271639,0.2246439,0.6677739,6.5234139,0.0427639,5.8827539,0.0452238999999999,0.0866339,6.0883339,3.7804139,1.5474839,0.24943390000000001,0.1781339,2.4845739000000004,0.0212639,0.8847739,0.9136139000000001,0.36241389999999996,0.8490939000000001,0.0431539,0.0392339,2.0507739000000003,2.3933139000000003,0.040443900000000005,0.0085839,0.0072639,0.6159839,0.1725638999999999,0.43303389999999997,0.2211038999999999,1.89e-05,0.018663899999999997,0.054663899999999904,0.6272439000000001,1.9585639,0.0072939,0.0508939,0.06449389999999999,1.89e-05,1.89e-05,0.0060939,1.89e-05,3.6471339,1.89e-05,1.89e-05,0.2596339,0.7513939000000001,1.89e-05,0.2617739,1.89e-05,1.89e-05,1.89e-05,1.89e-05,0.1854938999999999,0.1232239,0.4378238999999999,0.015753899999999998,0.0442038999999999,1.89e-05,1.89e-05,0.0271339,1.89e-05,1.89e-05,1.89e-05,1.89e-05,1.89e-05,1.89e-05,1.89e-05,1.89e-05,0.0597339,1.89e-05,1.89e-05,0.23561390000000001,1.89e-05,0.09474389999999999,1.89e-05,0.2031639,1.0014938999999998,1.89e-05,1.89e-05,0.2127939,0.0006739,0.09972389999999999,1.89e-05,1.89e-05,1.89e-05,1.89e-05,1.89e-05,1.89e-05,1.89e-05,1.89e-05,0.0023339000000000003,1.89e-05,1.89e-05,0.1413138999999999,1.89e-05,0.0037939000000000002,1.89e-05,0.0818539,1.89e-05,1.89e-05,1.89e-05,1.89e-05,1.89e-05,1.89e-05,0.1808139,0.08716389999999999,0.34104389999999996,0.0002339,1.89e-05,1.89e-05,1.89e-05,14.1398439,1.89e-05,1.89e-05,0.7938439,1.89e-05,1.89e-05,1.89e-05,1.89e-05,0.2412939,0.0154839,1.89e-05,1.89e-05,1.89e-05,1.8581638999999999,0.06837389999999989,1.89e-05,0.021223899999999997,0.11529389999999999,1.89e-05,1.89e-05,1.89e-05,0.9302539000000001,1.89e-05,1.89e-05,1.89e-05,1.89e-05,1.89e-05,1.89e-05,0.0043239,1.89e-05,1.89e-05,1.89e-05,0.1891739,0.06861389999999999,1.89e-05,0.0405139,0.18718390000000001,1.89e-05,1.89e-05,0.43691389999999997,0.0006039,1.89e-05,1.89e-05,0.07306389999999989,0.0650239,0.0254439,0.0689939,0.016693899999999998,0.0443039,1.89e-05,0.1441938999999999,1.89e-05,0.0586638999999999,1.89e-05,1.89e-05,1.89e-05,1.89e-05,1.89e-05,0.0187039,0.030243899999999997,0.0018139,1.89e-05,1.89e-05,1.89e-05,0.011203900000000001,0.0072939,0.0344539,0.026063899999999997,0.0225239,0.2080439,0.006493899999999901,0.0645439,0.0022639,1.89e-05,1.89e-05,1.89e-05,1.89e-05,1.89e-05,1.89e-05,0.0182039,1.89e-05,0.0092539,0.025643899999999997,18.476183899999977
37035_2#18,8.173539175,0.096449175,16.423459174999998,1.154359175,0.996489175,0.079079175,0.612959175,16.096429175,1.4174999999999999e-05,9.690639175,1.4174999999999999e-05,0.044079175,4.097369175,2.223799175,1.279709175,0.231429175,0.309369175,2.599009175,0.156569175,1.638929175,0.534019175,1.176629175,0.282939175,1.4174999999999999e-05,0.1328391749999999,0.461539175,1.117489175,0.009199175,1.4174999999999999e-05,0.065459175,0.16803917499999999,1.657769175,0.287599175,0.443649175,1.4174999999999999e-05,0.052549175,0.126439175,0.557029175,0.527059175,0.004339175,1.4174999999999999e-05,1.4174999999999999e-05,1.4174999999999999e-05,1.4174999999999999e-05,1.4174999999999999e-05,1.4174999999999999e-05,1.4174999999999999e-05,1.4174999999999999e-05,1.4174999999999999e-05,0.283519175,1.4174999999999999e-05,1.4174999999999999e-05,1.4174999999999999e-05,0.16592917499999998,1.4174999999999999e-05,1.4174999999999999e-05,1.4174999999999999e-05,0.329579175,1.4174999999999999e-05,1.416429175,0.085279175,1.4174999999999999e-05,1.4174999999999999e-05,1.4174999999999999e-05,0.150079175,1.4174999999999999e-05,1.4174999999999999e-05,0.1708091749999999,2.063839175,1.4174999999999999e-05,1.4174999999999999e-05,1.4174999999999999e-05,0.082129175,0.139659175,0.088739175,1.4174999999999999e-05,0.202379175,1.4174999999999999e-05,0.103219175,1.4174999999999999e-05,1.4174999999999999e-05,1.092709175,1.4174999999999999e-05,1.4174999999999999e-05,1.697609175,0.000509175,1.4174999999999999e-05,1.4174999999999999e-05,1.4174999999999999e-05,1.4174999999999999e-05,1.4174999999999999e-05,1.4174999999999999e-05,1.4174999999999999e-05,1.4174999999999999e-05,1.4174999999999999e-05,1.4174999999999999e-05,1.4174999999999999e-05,1.4174999999999999e-05,1.4174999999999999e-05,1.4174999999999999e-05,0.050279174999999995,1.4174999999999999e-05,0.009779175,1.4174999999999999e-05,1.4174999999999999e-05,1.4174999999999999e-05,1.4174999999999999e-05,1.4174999999999999e-05,1.4174999999999999e-05,0.09156917499999989,0.106469175,0.179699175,1.4174999999999999e-05,1.4174999999999999e-05,1.4174999999999999e-05,1.4174999999999999e-05,2.204289175,1.4174999999999999e-05,1.4174999999999999e-05,0.191979175,1.4174999999999999e-05,1.4174999999999999e-05,1.4174999999999999e-05,1.4174999999999999e-05,1.4174999999999999e-05,1.4174999999999999e-05,1.4174999999999999e-05,1.4174999999999999e-05,0.159359175,1.4174999999999999e-05,1.4174999999999999e-05,1.4174999999999999e-05,0.027439175,0.982079175,0.008429174999999999,0.002549175,1.4174999999999999e-05,1.4174999999999999e-05,0.7933191749999999,1.4174999999999999e-05,1.4174999999999999e-05,1.4174999999999999e-05,1.4174999999999999e-05,1.4174999999999999e-05,1.4174999999999999e-05,1.4174999999999999e-05,1.4174999999999999e-05,1.4174999999999999e-05,1.4174999999999999e-05,1.4174999999999999e-05,0.035639174999999995,1.4174999999999999e-05,1.4174999999999999e-05,0.033189175,1.4174999999999999e-05,0.406189175,1.4174999999999999e-05,1.4174999999999999e-05,1.4174999999999999e-05,1.4174999999999999e-05,0.998839175,1.4174999999999999e-05,0.004659175,0.013939175,0.005839174999999999,1.4174999999999999e-05,1.4174999999999999e-05,1.4174999999999999e-05,1.4174999999999999e-05,1.4174999999999999e-05,1.4174999999999999e-05,1.4174999999999999e-05,1.4174999999999999e-05,1.4174999999999999e-05,1.4174999999999999e-05,0.1580391749999999,1.4174999999999999e-05,0.48268917499999997,1.4174999999999999e-05,1.4174999999999999e-05,1.4174999999999999e-05,1.4174999999999999e-05,0.780489175,0.028499175,0.124759175,0.212669175,1.4174999999999999e-05,0.342569175,1.4174999999999999e-05,1.4174999999999999e-05,1.4174999999999999e-05,1.4174999999999999e-05,1.4174999999999999e-05,1.4174999999999999e-05,1.4174999999999999e-05,1.4174999999999999e-05,1.4174999999999999e-05,0.745499175,0.006119174999999999,9.230779175000048
37035_2#19,25.916483924999998,8.925e-06,7.834453925,0.612483925,12.391793925,0.126413925,0.740383925,10.594513925000001,0.15442392500000002,4.193953925000001,0.15787392500000003,8.925e-06,8.925e-06,0.178533925,8.925e-06,0.25777392499999996,0.271613925,8.925e-06,8.925e-06,2.992763925,0.054393925,1.872613925,8.925e-06,8.925e-06,8.925e-06,0.917103925,1.0121339249999999,0.050853925,0.012273925,0.141863925,0.524303925,0.9040739250000001,1.014373925,0.594063925,0.005143925,0.379253925,2.277223925,0.730333925,0.23096392500000001,0.0525539249999999,8.925e-06,8.925e-06,8.925e-06,8.925e-06,8.925e-06,8.925e-06,8.925e-06,8.925e-06,0.48774392499999997,8.925e-06,8.925e-06,8.925e-06,8.925e-06,8.925e-06,8.925e-06,8.925e-06,8.925e-06,0.105583925,8.925e-06,8.925e-06,0.165263925,8.925e-06,8.925e-06,0.0194339249999999,0.8666739250000001,8.925e-06,8.925e-06,8.925e-06,8.925e-06,8.925e-06,8.925e-06,8.925e-06,8.925e-06,8.925e-06,8.925e-06,8.925e-06,0.26299392499999996,8.925e-06,8.925e-06,8.925e-06,8.925e-06,8.925e-06,8.925e-06,8.925e-06,1.752913925,8.925e-06,8.925e-06,8.925e-06,8.925e-06,8.925e-06,8.925e-06,8.925e-06,8.925e-06,8.925e-06,8.925e-06,8.925e-06,8.925e-06,8.925e-06,8.925e-06,8.925e-06,8.925e-06,8.925e-06,8.925e-06,8.925e-06,8.925e-06,8.925e-06,8.925e-06,8.925e-06,8.925e-06,0.15109392500000002,8.925e-06,8.925e-06,8.925e-06,8.925e-06,8.925e-06,8.925e-06,8.925e-06,8.925e-06,8.925e-06,8.925e-06,8.925e-06,8.925e-06,8.925e-06,8.925e-06,8.925e-06,8.925e-06,8.925e-06,8.925e-06,8.925e-06,8.925e-06,8.925e-06,8.925e-06,8.925e-06,0.108513925,8.925e-06,0.054093925,8.925e-06,8.925e-06,8.925e-06,8.925e-06,8.925e-06,8.925e-06,8.925e-06,8.925e-06,8.925e-06,8.925e-06,8.925e-06,8.925e-06,8.925e-06,8.925e-06,8.925e-06,0.007173924999999999,8.925e-06,0.074033925,8.925e-06,0.0857639249999999,8.925e-06,8.925e-06,8.925e-06,8.925e-06,8.925e-06,8.925e-06,8.925e-06,8.925e-06,8.925e-06,8.925e-06,8.925e-06,8.925e-06,8.925e-06,8.925e-06,8.925e-06,8.925e-06,8.925e-06,8.925e-06,8.925e-06,8.925e-06,8.925e-06,0.366193925,8.925e-06,8.925e-06,8.925e-06,4.3864539250000005,1.710513925,8.925e-06,0.392503925,0.069973925,8.925e-06,0.4772939249999999,8.925e-06,8.925e-06,8.925e-06,8.925e-06,8.925e-06,8.925e-06,8.925e-06,8.925e-06,8.925e-06,8.925e-06,8.925e-06,11.25746392500002
37035_2#1,0.803281275,0.055541275,0.258691275,2.2074412750000003,0.744001275,0.177561275,1.688231275,20.454741275,1.6275e-05,3.186461275,0.377871275,1.6275e-05,9.018671274999999,0.448231275,0.143841275,1.6275e-05,1.4042512749999998,1.6275e-05,0.251191275,0.649811275,0.009131275,0.164981275,1.6275e-05,0.020031274999999998,0.013881274999999998,2.0114012750000003,0.223761275,0.6442212749999999,0.030711275,0.130301275,0.250471275,2.007841275,0.780761275,1.6275e-05,0.097251275,0.1338412749999999,0.012001274999999999,0.058221275,0.040261275000000006,0.265931275,1.6275e-05,1.6275e-05,0.000521275,1.6275e-05,1.6275e-05,1.6275e-05,0.306661275,2.0778312750000003,1.6275e-05,0.593601275,0.358191275,1.6275e-05,1.6275e-05,1.6275e-05,1.6275e-05,1.6275e-05,1.6275e-05,1.6275e-05,1.6275e-05,0.514811275,0.063941275,1.6275e-05,1.6275e-05,0.098321275,1.683201275,1.6275e-05,1.6275e-05,0.060771275,2.4320212750000003,1.6275e-05,0.073501275,1.6275e-05,1.6275e-05,1.6275e-05,2.069671275,0.010471274999999999,0.480141275,2.155191275,0.953551275,1.6275e-05,1.6275e-05,1.5738212749999998,1.6275e-05,1.6275e-05,0.264631275,1.6275e-05,1.6275e-05,1.6275e-05,0.086571275,1.6275e-05,1.6275e-05,1.6275e-05,1.6275e-05,1.6275e-05,0.667731275,0.211041275,1.5133612749999998,0.017891274999999998,1.6275e-05,1.6275e-05,1.6275e-05,1.6275e-05,0.202761275,1.6275e-05,0.018761275,1.6275e-05,1.6275e-05,1.6275e-05,1.6275e-05,0.019901275,0.0070612749999999,0.067061275,1.6275e-05,1.6275e-05,1.6275e-05,1.6275e-05,0.439091275,1.6275e-05,1.6275e-05,2.9541112750000003,1.6275e-05,0.091871275,1.6275e-05,1.6275e-05,0.4140712749999999,1.6275e-05,1.6275e-05,1.6275e-05,1.6275e-05,1.6275e-05,1.6275e-05,1.6275e-05,0.055931275,1.6275e-05,1.6275e-05,0.06923127500000001,1.6275e-05,0.444741275,1.6275e-05,1.6275e-05,1.6275e-05,1.6275e-05,2.243311275,0.060961274999999905,1.3353912749999999,1.6275e-05,0.3366512749999999,1.6275e-05,0.026581274999999998,0.762351275,1.6275e-05,1.6275e-05,1.6275e-05,0.008981274999999999,1.6275e-05,0.064481275,1.6275e-05,1.6275e-05,1.6275e-05,4.573271275,0.274851275,1.6275e-05,0.048331275,0.031261275000000005,0.017271275,1.6275e-05,0.21322127500000002,1.6275e-05,1.6275e-05,1.6275e-05,1.6275e-05,1.6275e-05,1.6275e-05,1.6275e-05,0.088361275,1.6275e-05,0.031151275,1.6275e-05,1.6275e-05,1.6275e-05,1.6275e-05,1.6275e-05,1.6275e-05,0.153141275,0.031381275,0.022581274999999998,0.131111275,0.008851274999999999,1.6275e-05,1.6275e-05,1.6275e-05,1.6275e-05,1.6275e-05,1.6275e-05,1.6275e-05,0.0042712749999999,1.6275e-05,1.6275e-05,1.6275e-05,17.713621274999984
37035_2#20,14.113503750000001,1.59436375,24.019723749999997,8.75e-06,0.17705374999999998,0.19820374999999998,0.72574375,15.618813750000001,8.75e-06,1.4571137500000002,0.35574374999999997,8.75e-06,8.687533750000002,2.8014537500000003,1.83961375,0.47809375,0.03836375,8.75e-06,0.10921375,1.6885137500000003,8.75e-06,1.58198375,0.84957375,0.16276374999999998,0.01880375,0.8448137499999999,1.4479637500000002,0.06255374999999999,0.017763750000000002,0.01301375,8.75e-06,8.75e-06,0.0882037499999999,0.53133375,8.75e-06,0.14904375,8.75e-06,0.8381537499999999,4.10816375,0.0510637499999999,0.46555375,0.28054375,8.75e-06,8.75e-06,8.75e-06,8.75e-06,0.00737375,8.75e-06,8.75e-06,8.75e-06,8.75e-06,8.75e-06,8.75e-06,8.75e-06,8.75e-06,8.75e-06,8.75e-06,8.75e-06,8.75e-06,8.75e-06,8.75e-06,8.75e-06,8.75e-06,0.030433750000000002,0.21160375,8.75e-06,8.75e-06,8.75e-06,8.75e-06,8.75e-06,8.75e-06,8.75e-06,8.75e-06,8.75e-06,8.75e-06,8.75e-06,8.75e-06,8.75e-06,8.75e-06,8.75e-06,8.75e-06,8.75e-06,8.75e-06,8.75e-06,8.75e-06,8.75e-06,8.75e-06,8.75e-06,8.75e-06,8.75e-06,8.75e-06,8.75e-06,8.75e-06,8.75e-06,8.75e-06,0.38632375,8.75e-06,8.75e-06,8.75e-06,8.75e-06,8.75e-06,8.75e-06,8.75e-06,8.75e-06,8.75e-06,8.75e-06,8.75e-06,8.75e-06,8.75e-06,0.20598375,8.75e-06,8.75e-06,8.75e-06,8.75e-06,8.75e-06,8.75e-06,8.75e-06,8.75e-06,8.75e-06,0.0256137499999999,8.75e-06,8.75e-06,8.75e-06,8.75e-06,8.75e-06,8.75e-06,8.75e-06,8.75e-06,8.75e-06,0.0109837499999999,8.75e-06,8.75e-06,8.75e-06,8.75e-06,8.75e-06,0.03606375,8.75e-06,8.75e-06,8.75e-06,8.75e-06,8.75e-06,8.75e-06,8.75e-06,8.75e-06,8.75e-06,8.75e-06,8.75e-06,8.75e-06,8.75e-06,8.75e-06,8.75e-06,8.75e-06,8.75e-06,8.75e-06,8.75e-06,0.056273750000000004,8.75e-06,8.75e-06,8.75e-06,8.75e-06,8.75e-06,8.75e-06,8.75e-06,8.75e-06,8.75e-06,8.75e-06,8.75e-06,8.75e-06,8.75e-06,8.75e-06,8.75e-06,8.75e-06,8.75e-06,8.75e-06,8.75e-06,8.75e-06,8.75e-06,0.03956375,8.75e-06,8.75e-06,8.75e-06,1.05934375,1.6026537500000002,8.75e-06,0.13439375,0.31092375,0.0018937499999999,0.00722375,8.75e-06,8.75e-06,8.75e-06,8.75e-06,8.75e-06,8.75e-06,8.75e-06,8.75e-06,8.75e-06,8.75e-06,8.75e-06,10.457693749999969
37035_2#21,2.79319005,0.56968005,3.89999005,0.56953005,14.29236005,0.11973004999999999,0.37869005,12.591170049999999,1.505e-05,8.38784005,0.04322005,0.10376004999999999,0.29406005,3.21835005,1.505e-05,0.13342005,0.58922005,1.505e-05,0.01854005,1.9496300500000001,1.8070400500000001,0.24532005,0.47628005,0.06144005,1.505e-05,2.72934005,0.71580005,0.05242005,0.0129900499999999,0.0124400499999999,0.42839005,1.505e-05,0.27904005,0.4524200499999999,0.00528005,0.03268005,0.51439005,1.59898005,1.41762005,0.029200049999999998,0.01322005,0.01936005,1.505e-05,1.505e-05,1.505e-05,1.505e-05,1.505e-05,2.23336005,1.505e-05,1.505e-05,1.505e-05,1.505e-05,1.505e-05,1.505e-05,1.505e-05,1.505e-05,1.505e-05,0.17057005,0.18985005000000002,1.88932005,0.00485005,1.505e-05,1.505e-05,1.505e-05,0.35337005,1.505e-05,1.505e-05,0.21381005,1.505e-05,1.505e-05,1.505e-05,1.505e-05,1.505e-05,1.505e-05,0.35521005,1.505e-05,0.54186005,1.505e-05,0.2188500499999999,1.505e-05,1.505e-05,0.5733400500000001,1.505e-05,1.505e-05,1.505e-05,1.505e-05,1.505e-05,1.505e-05,1.505e-05,1.505e-05,1.505e-05,1.505e-05,1.505e-05,1.505e-05,0.71233005,1.505e-05,1.89677005,1.505e-05,1.505e-05,1.505e-05,0.30772005,1.505e-05,0.022500049999999997,0.05915005,0.00496005,1.505e-05,1.505e-05,1.505e-05,1.505e-05,0.22603005,0.00136005,1.505e-05,0.009210050000000001,1.505e-05,1.505e-05,1.505e-05,1.505e-05,1.505e-05,1.505e-05,1.28625005,1.505e-05,1.505e-05,1.505e-05,1.505e-05,2.79703005,1.505e-05,1.505e-05,1.505e-05,0.024960049999999998,0.09897004999999999,0.16215005000000002,1.505e-05,0.06057005,1.24840005,1.505e-05,0.03930005,1.505e-05,0.55628005,1.505e-05,1.505e-05,1.505e-05,1.505e-05,1.505e-05,4.03868005,1.505e-05,1.505e-05,0.02187005,1.505e-05,0.0155900499999999,1.505e-05,1.505e-05,0.0624200499999999,1.505e-05,0.038310050000000005,1.505e-05,0.00265005,1.505e-05,1.505e-05,1.505e-05,2.68764005,0.7568400500000001,1.505e-05,0.38678005,1.505e-05,0.00154005,1.505e-05,0.13338005,1.505e-05,1.505e-05,1.505e-05,1.505e-05,1.505e-05,1.505e-05,1.505e-05,1.505e-05,1.505e-05,1.505e-05,0.20319005,1.505e-05,1.505e-05,1.505e-05,1.505e-05,0.78708005,1.505e-05,0.07785004999999999,1.505e-05,0.00892005,0.0118400499999999,1.505e-05,1.505e-05,1.505e-05,1.505e-05,0.29079005,1.505e-05,1.505e-05,0.6364100500000001,1.505e-05,1.505e-05,0.0318700499999999,12.690270050000043
37035_2#23,4.563916175,1.018696175,2.973836175,0.1390961749999999,0.13945617500000002,0.2334561749999999,0.286286175,1.671586175,2.1175e-05,0.967616175,2.1175e-05,0.233156175,0.154326175,1.5635461750000001,2.1175e-05,2.1175e-05,0.606006175,0.161946175,0.318616175,0.3916061749999999,0.033486175,1.556826175,0.16637617500000002,2.1175e-05,2.4995561750000004,0.650136175,0.103616175,0.024796175,2.1175e-05,0.056226174999999996,0.023536175000000003,0.0050361749999999995,0.0568761749999999,0.31790617499999996,0.005266175,0.18505617500000002,0.074666175,0.476246175,0.076556175,2.1175e-05,0.003596175,0.008606174999999999,2.1175e-05,2.1175e-05,2.1175e-05,2.1175e-05,2.1175e-05,2.082466175,2.1175e-05,2.1175e-05,2.1175e-05,1.939996175,0.27355617499999996,0.7077261749999999,2.1175e-05,2.1175e-05,0.037676174999999895,0.064716175,2.1175e-05,2.111966175,0.009836174999999999,2.1175e-05,2.1175e-05,0.086016175,2.341546175,2.1175e-05,0.467866175,0.018176175000000003,1.6202561750000002,2.1175e-05,2.1175e-05,2.1175e-05,0.003376175,2.1175e-05,0.0920761749999999,0.043706175,1.879106175,1.0066461750000002,0.024336175,2.1175e-05,2.1175e-05,10.773106175,0.056756175,2.1175e-05,0.07017617500000001,2.1175e-05,0.063816175,2.1175e-05,0.068516175,2.1175e-05,0.009096175,0.027776175,0.133066175,2.1175e-05,0.208956175,1.031576175,0.052296175,2.1175e-05,2.1175e-05,0.067296175,0.743136175,2.1175e-05,0.122266175,0.077136175,2.1175e-05,2.1175e-05,2.1175e-05,2.1175e-05,2.1175e-05,2.1175e-05,0.050556174999999995,2.603416175,2.1175e-05,0.025476175,2.1175e-05,2.1175e-05,4.388456175,0.068826175,0.079396175,2.1175e-05,2.1175e-05,0.0018261749999999,2.1175e-05,2.1175e-05,2.125476175,0.035996175,2.1175e-05,2.1175e-05,0.017146174999999902,2.1175e-05,0.0036961750000000003,2.1175e-05,0.008816174999999999,6.844246175,0.149436175,2.1175e-05,2.1175e-05,0.780186175,2.1175e-05,0.989786175,2.1175e-05,2.1175e-05,0.586946175,0.577666175,2.1175e-05,0.173106175,2.1175e-05,0.27583617499999996,0.132716175,0.016306174999999902,0.249556175,0.029486175,0.090566175,0.117616175,2.1175e-05,0.028376175,0.514016175,2.1175e-05,0.559736175,2.1175e-05,0.230546175,0.042236175,0.833096175,0.0978761749999999,0.393436175,2.1175e-05,0.06984617500000001,2.1175e-05,0.005986175,2.1175e-05,2.1175e-05,0.0006661749999999,2.1175e-05,0.011746175,0.313426175,0.22557617500000002,0.145316175,2.1175e-05,2.1175e-05,2.1175e-05,0.1761461749999999,0.301946175,0.019986175000000002,2.1175e-05,0.17528617500000002,2.1175e-05,2.1175e-05,0.016086175,0.0020261749999999,2.1175e-05,2.1175e-05,2.1175e-05,1.279876175,2.1175e-05,2.1175e-05,0.238916175,2.1175e-05,0.024866175,0.025356175,23.779876174999995
37035_2#24,5.851736175,0.029866175000000002,6.179296175,0.046356175,0.174216175,0.015646175000000002,0.343566175,0.813176175,2.1175e-05,1.582076175,0.044206174999999896,0.259276175,0.132266175,1.366226175,2.1175e-05,0.007176175,0.5041261749999999,2.1175e-05,0.005976174999999999,0.711466175,0.013696175,0.985766175,0.07714617500000001,2.1175e-05,2.1175e-05,0.232946175,0.211376175,0.078676175,0.020396175000000002,0.013696175,0.019756175,2.1175e-05,0.36119617499999995,0.273796175,0.0058461749999999995,0.010526175,0.003066175,0.776436175,2.1175e-05,0.027786175,2.1175e-05,2.1175e-05,2.1175e-05,2.1175e-05,2.1175e-05,2.1175e-05,0.002256175,0.7638761749999999,2.1175e-05,2.1175e-05,2.1175e-05,0.325986175,2.1175e-05,0.28781617499999995,0.010046175,2.1175e-05,0.017146174999999902,0.036906175,0.099046175,1.3695461750000002,0.017386175,2.1175e-05,2.1175e-05,0.09368617500000001,0.459686175,2.1175e-05,2.1175e-05,0.011856175,2.1175e-05,2.1175e-05,2.1175e-05,2.1175e-05,2.1175e-05,2.1175e-05,2.1175e-05,2.1175e-05,0.156986175,2.1175e-05,0.177426175,2.1175e-05,0.00047617499999999996,0.989396175,0.015286174999999999,2.1175e-05,0.048676174999999995,2.1175e-05,0.0918261749999999,2.1175e-05,0.0257761749999999,2.1175e-05,2.1175e-05,2.1175e-05,2.1175e-05,0.0017861749999999999,2.1175e-05,2.1175e-05,0.064006175,2.1175e-05,2.1175e-05,0.031476174999999995,0.015756175,2.1175e-05,0.024346175,0.0130061749999999,0.014246175,2.1175e-05,0.023586175,2.1175e-05,2.1175e-05,2.1175e-05,0.0036561750000000002,0.48221617499999997,2.1175e-05,0.072756175,2.1175e-05,0.064096175,0.49132617499999987,2.1175e-05,2.1175e-05,0.393576175,0.09895617500000001,0.011516175,2.1175e-05,2.1175e-05,0.366996175,0.000756175,2.1175e-05,2.1175e-05,0.001586175,2.1175e-05,0.074166175,2.1175e-05,0.041536174999999995,0.41560617499999997,0.016516175,2.1175e-05,2.1175e-05,1.506626175,2.1175e-05,0.266586175,2.1175e-05,2.1175e-05,0.320666175,2.325766175,0.26768617499999997,0.644676175,0.242826175,0.41847617499999995,0.032336174999999995,0.5310761749999999,0.072936175,0.1057161749999999,0.023006175,0.059916174999999995,2.1175e-05,0.316716175,0.368946175,0.000186175,2.1175e-05,0.346196175,0.15413617500000001,0.016426175,0.502516175,0.19848617500000001,0.019506175,2.1175e-05,0.07764617500000001,2.1175e-05,0.022946174999999902,2.1175e-05,2.1175e-05,2.1175e-05,2.1175e-05,0.008176174999999999,0.019596175,0.191876175,0.007906175,2.1175e-05,2.1175e-05,2.1175e-05,0.003116175,0.133746175,0.163726175,0.018336175000000003,0.119666175,0.009566175,0.000196175,0.041946174999999995,0.008816174999999999,2.1175e-05,2.1175e-05,2.1175e-05,0.910396175,2.1175e-05,2.1175e-05,1.2547761750000002,0.018306175,0.019226175,0.063386175,59.26023617499998
37035_2#25,0.7207258249999999,0.225015825,3.032235825,0.143635825,1.071185825,0.021605825,0.394895825,10.950465825,0.14434582499999998,3.814685825,0.016115824999999997,0.086395825,7.1186758249999995,1.003555825,0.15669582499999998,2.0824999999999998e-05,0.232635825,0.054645825,0.030585824999999997,0.239535825,1.919935825,0.753625825,0.168125825,0.09915582499999999,0.047555825,0.546505825,0.309335825,0.10741582499999999,0.002585825,2.0824999999999998e-05,0.19943582499999998,2.0824999999999998e-05,0.022325824999999997,0.305035825,2.0824999999999998e-05,2.0824999999999998e-05,0.098945825,0.356945825,0.208375825,2.0824999999999998e-05,0.000315825,0.023175824999999997,2.0824999999999998e-05,0.019845824999999997,2.0824999999999998e-05,2.0824999999999998e-05,2.0824999999999998e-05,21.968675825,2.0824999999999998e-05,0.710535825,2.0824999999999998e-05,2.392745825,2.0824999999999998e-05,0.1269658249999999,0.310775825,2.0824999999999998e-05,0.06314582499999999,0.134055825,0.13543582499999998,1.285875825,0.038125825,1.041485825,2.0824999999999998e-05,0.812355825,0.419455825,2.0824999999999998e-05,2.0824999999999998e-05,0.121285825,2.0824999999999998e-05,2.0824999999999998e-05,0.110585825,2.0824999999999998e-05,0.0591158249999999,0.047865825,2.0824999999999998e-05,2.0824999999999998e-05,0.339775825,2.293855825,0.059235825,2.0824999999999998e-05,0.2201058249999999,3.260405825,2.0824999999999998e-05,2.0824999999999998e-05,0.5441458250000001,2.0824999999999998e-05,0.306235825,0.008855825,2.0824999999999998e-05,0.018075824999999997,2.0824999999999998e-05,2.0824999999999998e-05,0.094055825,2.0824999999999998e-05,0.0819158249999999,0.270395825,0.076735825,2.0824999999999998e-05,0.0007758250000000001,2.0824999999999998e-05,0.12777582499999998,2.0824999999999998e-05,0.154525825,0.022225824999999998,2.0824999999999998e-05,0.084455825,0.013685825,2.0824999999999998e-05,2.0824999999999998e-05,0.12324582499999999,2.0824999999999998e-05,1.624305825,2.0824999999999998e-05,0.012025825,2.0824999999999998e-05,0.12121582499999989,1.223235825,2.0824999999999998e-05,0.07366582499999999,0.16735582499999999,2.0824999999999998e-05,2.0824999999999998e-05,2.0824999999999998e-05,2.0824999999999998e-05,2.633985825,2.0824999999999998e-05,2.0824999999999998e-05,2.0824999999999998e-05,2.0824999999999998e-05,0.06397582499999989,0.418595825,2.0824999999999998e-05,0.028425824999999898,2.0824999999999998e-05,2.0824999999999998e-05,2.0824999999999998e-05,2.0824999999999998e-05,0.254215825,0.004235825,2.0824999999999998e-05,0.16077582499999998,2.0824999999999998e-05,2.0824999999999998e-05,2.0824999999999998e-05,0.010555825,2.0824999999999998e-05,0.272525825,0.025805824999999998,0.042595825000000004,0.158325825,0.355115825,0.060905825000000004,0.003565825,0.207215825,0.085005825,0.07939582499999999,2.0824999999999998e-05,2.0824999999999998e-05,2.0824999999999998e-05,2.0824999999999998e-05,0.280855825,0.074725825,0.512465825,0.0133058249999999,0.016285824999999997,2.0824999999999998e-05,0.031005824999999997,2.0824999999999998e-05,2.0824999999999998e-05,2.0824999999999998e-05,2.0824999999999998e-05,2.0824999999999998e-05,2.0824999999999998e-05,2.0824999999999998e-05,0.014915825,0.06611582499999999,2.0824999999999998e-05,0.2528958249999999,2.0824999999999998e-05,2.0824999999999998e-05,2.0824999999999998e-05,0.143635825,0.3864958249999999,0.036085825,0.105605825,0.15808582499999999,2.0824999999999998e-05,0.017965824999999998,2.0824999999999998e-05,1.0881158249999998,2.0824999999999998e-05,2.0824999999999998e-05,0.157395825,2.0824999999999998e-05,2.0824999999999998e-05,0.032325825,2.0824999999999998e-05,0.003745825,0.07446582499999989,15.91952582499999
37035_2#26,2.3910011,0.0394911,7.2314811,0.2326611,2.3890411,0.09138109999999999,0.1430610999999999,3.7940411,0.0435811,2.8904411,1.61e-05,0.18160110000000002,3.0769711,2.4517111,1.61e-05,1.61e-05,0.16337110000000002,2.6651011,0.057101099999999995,0.2943711,0.2815511,1.0592611,0.1476711,0.0850211,1.61e-05,1.2041611,1.0940211,0.056381099999999996,1.61e-05,1.61e-05,0.0168611,0.5443811,0.1187811,0.8414210999999999,1.61e-05,1.61e-05,0.6433210999999999,0.3815911,1.3166711,1.61e-05,1.61e-05,1.61e-05,1.61e-05,1.61e-05,1.61e-05,1.61e-05,1.61e-05,23.1501211,1.61e-05,1.61e-05,1.61e-05,1.61e-05,1.61e-05,0.14347110000000002,0.4454111,1.61e-05,1.61e-05,0.14305110000000001,1.61e-05,1.1128811,0.11254109999999999,0.3741811,1.61e-05,0.3859811,0.5406111,1.61e-05,1.61e-05,0.0482711,1.61e-05,1.61e-05,0.041941099999999995,1.61e-05,0.0050011000000000005,0.032081099999999994,1.61e-05,1.61e-05,0.8874610999999999,1.6618811,1.61e-05,1.61e-05,1.61e-05,1.7063311,1.61e-05,1.61e-05,0.1969911,1.61e-05,1.61e-05,1.61e-05,1.61e-05,0.0006411,1.61e-05,1.61e-05,1.61e-05,1.61e-05,1.61e-05,0.3234711,1.61e-05,1.61e-05,0.0457611,1.61e-05,0.0981311,1.61e-05,0.1805911,1.61e-05,1.61e-05,1.61e-05,1.61e-05,1.61e-05,1.61e-05,0.0711811,0.009321099999999999,1.3571011000000002,1.61e-05,1.61e-05,1.61e-05,0.0040011000000000005,1.61e-05,1.61e-05,0.0940611,0.6721811,1.61e-05,1.61e-05,0.0210911,1.61e-05,0.8321011,1.61e-05,1.61e-05,1.61e-05,1.61e-05,1.61e-05,0.12088109999999999,1.61e-05,0.0376511,1.61e-05,1.61e-05,1.61e-05,1.61e-05,0.0220511,0.0034511,1.61e-05,1.61e-05,1.61e-05,1.61e-05,0.3260111,1.61e-05,1.61e-05,1.61e-05,0.043621099999999996,0.2444910999999999,0.2217811,0.0534911,0.06364109999999999,1.61e-05,0.3479411,1.61e-05,0.4273111,0.0175111,1.61e-05,1.61e-05,0.4201411,1.5598711,1.61e-05,0.3849311,0.08143109999999999,0.0787711,1.61e-05,1.61e-05,0.042771099999999895,1.61e-05,1.61e-05,1.61e-05,1.61e-05,1.61e-05,1.61e-05,1.61e-05,0.032061099999999995,1.61e-05,0.13076110000000002,1.61e-05,1.61e-05,1.61e-05,1.0636411000000001,0.7019711,0.0038710999999999997,0.06328109999999999,0.0844811,1.61e-05,1.61e-05,1.61e-05,0.0769811,1.61e-05,1.61e-05,0.035771099999999896,1.61e-05,1.61e-05,0.3370611,1.61e-05,1.61e-05,0.0217011,22.32358109999997
37035_2#27,12.597305675,0.907805675,12.380685675,0.7031956749999999,2.441625675,0.011635675,1.226995675,6.452835675,0.07086567499999999,11.698515675,0.20641567500000002,1.0674999999999999e-05,0.9105456749999999,10.661875675,0.006545675,0.186925675,0.8385056749999998,0.710425675,0.9054256749999999,3.044925675,0.526685675,3.024655675,1.732635675,0.083045675,1.595315675,1.799165675,0.5847156749999999,0.342385675,0.0611656749999999,1.674525675,1.0674999999999999e-05,2.126675675,0.141455675,0.492795675,0.050455675,0.6820456749999999,1.0674999999999999e-05,0.947405675,1.148815675,1.603975675,1.0674999999999999e-05,1.0674999999999999e-05,0.006095674999999999,1.0674999999999999e-05,1.0674999999999999e-05,1.0674999999999999e-05,0.002625675,1.0674999999999999e-05,2.979975675,1.0674999999999999e-05,1.0674999999999999e-05,1.0674999999999999e-05,1.0674999999999999e-05,1.0674999999999999e-05,1.0674999999999999e-05,1.0674999999999999e-05,1.0674999999999999e-05,0.08568567499999999,1.0674999999999999e-05,1.0674999999999999e-05,0.07179567499999999,1.0674999999999999e-05,1.0674999999999999e-05,0.004815674999999999,0.959615675,1.0674999999999999e-05,1.0674999999999999e-05,1.0674999999999999e-05,1.0674999999999999e-05,1.0674999999999999e-05,1.0674999999999999e-05,1.0674999999999999e-05,1.0674999999999999e-05,1.0674999999999999e-05,1.0674999999999999e-05,1.0674999999999999e-05,1.0674999999999999e-05,1.0674999999999999e-05,1.0674999999999999e-05,1.0674999999999999e-05,0.221355675,1.0674999999999999e-05,1.0674999999999999e-05,1.0674999999999999e-05,0.15232567500000002,0.001445675,1.0674999999999999e-05,1.0674999999999999e-05,1.0674999999999999e-05,1.0674999999999999e-05,1.0674999999999999e-05,1.0674999999999999e-05,1.0674999999999999e-05,0.000295675,1.0674999999999999e-05,1.0674999999999999e-05,1.0674999999999999e-05,1.0674999999999999e-05,1.0674999999999999e-05,1.0674999999999999e-05,1.0674999999999999e-05,1.0674999999999999e-05,0.25771567500000003,1.0674999999999999e-05,1.0674999999999999e-05,1.0674999999999999e-05,1.0674999999999999e-05,1.0674999999999999e-05,1.0674999999999999e-05,0.023345675,0.000195675,1.0674999999999999e-05,1.0674999999999999e-05,1.0674999999999999e-05,1.0674999999999999e-05,1.0674999999999999e-05,1.0674999999999999e-05,1.0674999999999999e-05,1.0674999999999999e-05,1.0674999999999999e-05,1.0674999999999999e-05,1.0674999999999999e-05,1.0674999999999999e-05,1.0674999999999999e-05,1.0674999999999999e-05,1.0674999999999999e-05,1.0674999999999999e-05,1.0674999999999999e-05,1.0674999999999999e-05,0.011895675,1.0674999999999999e-05,1.0674999999999999e-05,1.0674999999999999e-05,4.029585675,1.0674999999999999e-05,0.11954567499999999,1.0674999999999999e-05,1.0674999999999999e-05,1.0674999999999999e-05,1.0674999999999999e-05,1.0674999999999999e-05,1.0674999999999999e-05,1.0674999999999999e-05,1.0674999999999999e-05,1.0674999999999999e-05,1.0674999999999999e-05,1.0674999999999999e-05,1.0674999999999999e-05,1.0674999999999999e-05,1.0674999999999999e-05,1.0674999999999999e-05,0.2406856749999999,1.0674999999999999e-05,1.0674999999999999e-05,1.0674999999999999e-05,1.0674999999999999e-05,1.0674999999999999e-05,1.0674999999999999e-05,1.0674999999999999e-05,1.0674999999999999e-05,1.0674999999999999e-05,1.0674999999999999e-05,1.0674999999999999e-05,1.0674999999999999e-05,0.015875675000000002,1.0674999999999999e-05,1.0674999999999999e-05,1.0674999999999999e-05,1.0674999999999999e-05,1.0674999999999999e-05,1.0674999999999999e-05,1.0674999999999999e-05,1.0674999999999999e-05,1.0674999999999999e-05,1.0674999999999999e-05,0.112915675,1.0674999999999999e-05,1.0674999999999999e-05,1.0674999999999999e-05,1.0674999999999999e-05,1.0674999999999999e-05,0.9885656749999999,1.0674999999999999e-05,1.0674999999999999e-05,1.0674999999999999e-05,1.0674999999999999e-05,0.09795567499999999,0.19311567500000001,1.0674999999999999e-05,1.0674999999999999e-05,1.0674999999999999e-05,1.0674999999999999e-05,1.0674999999999999e-05,1.0674999999999999e-05,1.0674999999999999e-05,1.0674999999999999e-05,1.0674999999999999e-05,1.0674999999999999e-05,1.0674999999999999e-05,4.840105675000032
37035_2#28,1.8709772249999999,0.011567225,3.022347225,0.155407225,1.160367225,0.15072722500000002,0.37190722499999995,3.972257225,2.2224999999999998e-05,8.833477225,2.2224999999999998e-05,0.148897225,1.4637772249999998,1.062897225,2.2224999999999998e-05,2.2224999999999998e-05,0.496817225,1.6887772250000002,0.198977225,0.256817225,0.227247225,0.672637225,0.283067225,0.284797225,4.837107225,2.922387225,1.2589572249999998,0.07832722499999989,0.0126972249999999,0.09817722499999999,0.036687225000000004,1.1029072249999998,1.6370372249999998,0.11650722499999999,0.005617225,0.049677225,0.008157225,0.206967225,0.427567225,2.2224999999999998e-05,2.2224999999999998e-05,2.2224999999999998e-05,2.2224999999999998e-05,2.2224999999999998e-05,0.0023772249999999,0.002617225,0.001667225,3.904407225,2.2224999999999998e-05,2.218247225,2.2224999999999998e-05,2.2224999999999998e-05,0.064547225,0.5140572250000001,0.290227225,2.2224999999999998e-05,2.2224999999999998e-05,0.08996722499999989,2.2224999999999998e-05,1.346147225,0.015887225,2.2224999999999998e-05,2.2224999999999998e-05,0.0234572249999999,0.775237225,2.2224999999999998e-05,2.2224999999999998e-05,0.288617225,0.008437225,2.2224999999999998e-05,0.022137225,2.2224999999999998e-05,0.011997225,0.8986872250000001,0.003737225,0.067997225,2.681247225,0.571267225,0.4466072249999999,2.2224999999999998e-05,2.2224999999999998e-05,1.595667225,0.060077225,2.2224999999999998e-05,2.2224999999999998e-05,2.2224999999999998e-05,2.2224999999999998e-05,2.2224999999999998e-05,0.005397225,0.003067225,2.2224999999999998e-05,0.0256272249999999,2.2224999999999998e-05,2.2224999999999998e-05,0.013917225,2.2224999999999998e-05,2.2224999999999998e-05,2.2224999999999998e-05,2.2224999999999998e-05,2.2224999999999998e-05,0.290527225,2.2224999999999998e-05,0.288057225,0.021597225,2.2224999999999998e-05,2.2224999999999998e-05,0.0226072249999999,2.2224999999999998e-05,2.2224999999999998e-05,0.053707225,0.200997225,1.7546172249999998,2.2224999999999998e-05,2.2224999999999998e-05,2.2224999999999998e-05,2.2224999999999998e-05,5.187397225,2.2224999999999998e-05,0.008537225,0.074147225,0.125427225,2.2224999999999998e-05,2.2224999999999998e-05,2.2224999999999998e-05,4.656687225,0.013647225,2.2224999999999998e-05,2.2224999999999998e-05,0.0474272249999999,0.005487225,0.255617225,2.2224999999999998e-05,0.021137225,0.48481722499999996,2.2224999999999998e-05,2.2224999999999998e-05,2.2224999999999998e-05,2.525507225,2.2224999999999998e-05,0.034467225,0.065417225,2.2224999999999998e-05,0.09790722499999999,2.747837225,2.2224999999999998e-05,0.044907225,0.010917225000000001,1.0639672249999998,0.27345722499999997,2.2224999999999998e-05,0.159737225,0.770487225,0.006237225000000001,0.08051722499999989,2.2224999999999998e-05,0.391717225,0.087177225,2.2224999999999998e-05,0.6974572250000001,2.2224999999999998e-05,0.011397225,0.2360072249999999,0.776017225,0.273807225,0.5015872250000001,2.2224999999999998e-05,0.14353722500000002,2.2224999999999998e-05,0.036907225,2.2224999999999998e-05,2.2224999999999998e-05,2.2224999999999998e-05,2.2224999999999998e-05,0.017807225,0.022437225,0.075837225,0.07366722499999999,0.45068722499999997,2.2224999999999998e-05,0.07327722499999999,0.036787225,0.012047225,0.017957225,0.049607225,0.20031722500000002,0.022167225,0.009807225000000001,0.010227225000000001,0.0019372249999999999,2.2224999999999998e-05,2.2224999999999998e-05,2.2224999999999998e-05,0.544067225,2.2224999999999998e-05,0.189337225,0.5169472250000001,0.0144972249999999,0.051287225,0.036947225,17.93545722500001
37035_2#29,3.482077775,1.2774999999999999e-05,5.810777775,0.037277775,3.951047775,0.1049877749999999,0.1055377749999999,1.2911377750000002,1.2774999999999999e-05,0.022317774999999998,0.034307775,0.336377775,0.880847775,0.251987775,1.2774999999999999e-05,0.197377775,1.3606477750000001,0.010107775,0.34152777500000003,1.708157775,0.1279577749999999,1.211007775,0.004067775,0.695527775,0.004297775,1.168867775,2.115287775,0.2740877749999999,0.000517775,0.0075277750000000004,0.544347775,2.226397775,0.2320477749999999,0.2312977749999999,1.2774999999999999e-05,0.023747775,0.043507775,0.419417775,0.6582177749999999,1.2774999999999999e-05,0.025447775,0.041867774999999996,1.2774999999999999e-05,1.2774999999999999e-05,1.2774999999999999e-05,1.2774999999999999e-05,1.2774999999999999e-05,36.707127775,1.2774999999999999e-05,1.2774999999999999e-05,1.2774999999999999e-05,1.2774999999999999e-05,1.2774999999999999e-05,0.036077775,0.797257775,1.2774999999999999e-05,1.2774999999999999e-05,0.002217775,1.2774999999999999e-05,0.490127775,0.006847775,1.2774999999999999e-05,1.2774999999999999e-05,1.2774999999999999e-05,0.0072077749999999,1.2774999999999999e-05,1.2774999999999999e-05,1.2774999999999999e-05,1.2774999999999999e-05,1.2774999999999999e-05,1.2774999999999999e-05,1.2774999999999999e-05,1.2774999999999999e-05,1.2774999999999999e-05,1.2774999999999999e-05,1.2774999999999999e-05,0.127017775,0.610847775,1.2774999999999999e-05,1.2774999999999999e-05,1.2774999999999999e-05,0.024327775,0.027517774999999998,1.2774999999999999e-05,1.2774999999999999e-05,1.2774999999999999e-05,1.2774999999999999e-05,1.2774999999999999e-05,0.027097774999999998,1.2774999999999999e-05,1.2774999999999999e-05,1.2774999999999999e-05,1.2774999999999999e-05,1.2774999999999999e-05,1.2774999999999999e-05,0.38487777500000003,1.2774999999999999e-05,1.2774999999999999e-05,1.2774999999999999e-05,1.2774999999999999e-05,1.2774999999999999e-05,1.2774999999999999e-05,1.2774999999999999e-05,1.2774999999999999e-05,1.2774999999999999e-05,1.2774999999999999e-05,1.2774999999999999e-05,1.2774999999999999e-05,1.2774999999999999e-05,0.644127775,0.111017775,0.022287775,1.2774999999999999e-05,1.2774999999999999e-05,1.2774999999999999e-05,1.2774999999999999e-05,1.2774999999999999e-05,1.2774999999999999e-05,1.2774999999999999e-05,1.2774999999999999e-05,1.2774999999999999e-05,1.2774999999999999e-05,1.2774999999999999e-05,1.2774999999999999e-05,0.095887775,0.06442777499999999,1.2774999999999999e-05,1.2774999999999999e-05,0.012227775,1.2774999999999999e-05,1.2774999999999999e-05,1.2774999999999999e-05,1.2774999999999999e-05,1.265727775,1.2774999999999999e-05,1.2774999999999999e-05,1.2774999999999999e-05,0.12964777500000002,1.2774999999999999e-05,1.2774999999999999e-05,1.2774999999999999e-05,1.2774999999999999e-05,1.2774999999999999e-05,1.2774999999999999e-05,1.2774999999999999e-05,1.2774999999999999e-05,1.2774999999999999e-05,1.2774999999999999e-05,1.2774999999999999e-05,1.2774999999999999e-05,1.2774999999999999e-05,0.015367774999999998,1.2774999999999999e-05,0.002547775,1.2774999999999999e-05,0.028207775,1.2774999999999999e-05,1.2774999999999999e-05,0.447537775,1.2774999999999999e-05,1.2774999999999999e-05,1.2774999999999999e-05,1.2774999999999999e-05,1.2774999999999999e-05,1.2774999999999999e-05,1.2774999999999999e-05,1.2774999999999999e-05,1.2774999999999999e-05,1.2774999999999999e-05,1.2774999999999999e-05,1.2774999999999999e-05,1.2774999999999999e-05,1.2774999999999999e-05,1.2774999999999999e-05,0.0045877750000000005,0.12897777500000002,1.2774999999999999e-05,1.662077775,1.2774999999999999e-05,1.2774999999999999e-05,1.2774999999999999e-05,0.073297775,1.2774999999999999e-05,1.2774999999999999e-05,0.046427775,0.136157775,0.006477775,0.0307177749999999,1.2774999999999999e-05,1.2774999999999999e-05,1.2774999999999999e-05,1.2774999999999999e-05,0.0028577750000000003,1.2774999999999999e-05,1.2774999999999999e-05,1.2774999999999999e-05,1.2774999999999999e-05,0.017447775,1.2774999999999999e-05,25.819837775000014
37035_2#2,2.99757005,12.07861005,1.34877005,3.37426005,0.44125005,0.2822000499999999,0.97767005,4.6661800499999995,0.01734005,18.64567005,0.15230005000000002,0.19125005,6.21635005,7.65716005,1.505e-05,0.35056005,1.20757005,0.11002005,1.74443005,0.41421005,0.10468005,0.50452005,1.67035005,0.30702005,0.024870049999999998,2.05517005,0.6053300500000001,0.04360005,0.16239005,0.13120005,0.2548900499999999,1.505e-05,0.43785005,0.19265005000000002,1.505e-05,0.016870049999999998,0.24737005,0.2520500499999999,3.21772005,0.05028005,1.505e-05,1.505e-05,1.505e-05,1.505e-05,0.01531005,1.505e-05,1.505e-05,1.505e-05,1.76418005,1.505e-05,1.505e-05,1.505e-05,0.80140005,1.505e-05,1.505e-05,1.505e-05,1.505e-05,0.12732005000000002,1.505e-05,1.84199005,0.1204600499999999,1.505e-05,1.505e-05,1.505e-05,0.39276005,1.505e-05,1.505e-05,1.505e-05,1.505e-05,1.505e-05,1.505e-05,1.505e-05,0.0276200499999999,1.505e-05,1.505e-05,1.505e-05,0.31613005,1.505e-05,0.16569005,1.505e-05,1.505e-05,1.94934005,1.505e-05,1.505e-05,1.505e-05,1.505e-05,1.505e-05,1.505e-05,0.06161005,1.505e-05,0.14965005,1.505e-05,0.31493005,1.505e-05,1.505e-05,1.505e-05,1.505e-05,0.0011500500000000001,0.05703005,1.505e-05,1.505e-05,1.505e-05,1.505e-05,1.505e-05,0.026840049999999997,1.505e-05,1.505e-05,1.505e-05,1.505e-05,1.505e-05,0.07541004999999999,1.57994005,1.505e-05,1.505e-05,1.505e-05,0.03617005,1.505e-05,1.505e-05,1.505e-05,3.58218005,1.505e-05,1.505e-05,1.505e-05,1.505e-05,1.22238005,1.505e-05,1.505e-05,1.505e-05,0.10825005,1.505e-05,1.505e-05,1.505e-05,1.505e-05,0.29409005,1.505e-05,0.02756005,1.505e-05,0.95320005,1.505e-05,0.3498500499999999,1.505e-05,1.505e-05,1.505e-05,1.505e-05,1.505e-05,0.21750005,1.505e-05,1.505e-05,0.44596005,1.505e-05,1.505e-05,0.03322005,1.505e-05,0.039190050000000004,1.505e-05,0.89382005,1.505e-05,0.09589004999999999,1.505e-05,1.25254005,1.505e-05,0.1152400499999999,0.7709500499999999,1.505e-05,0.14652005,1.505e-05,1.505e-05,1.505e-05,1.505e-05,1.505e-05,1.505e-05,1.505e-05,1.505e-05,1.505e-05,1.505e-05,0.01632005,0.22708005,1.505e-05,1.505e-05,1.505e-05,1.505e-05,0.33588005,0.8523600499999999,1.505e-05,0.21118005,0.005800049999999999,1.505e-05,0.04279005,0.00625005,1.505e-05,1.505e-05,1.505e-05,0.13060005000000002,1.505e-05,1.505e-05,0.24604005,1.505e-05,1.505e-05,0.025460049999999998,4.373070049999974
37035_2#30,1.0312332,0.5630232,0.5180832,0.1251832,2.7227332,0.1135732,0.5597632,10.4941232,1.82e-05,2.5431032,0.1616732,0.1087832,4.7103132,0.3434432,1.82e-05,0.21173319999999998,0.8077232,1.82e-05,0.4816432,0.0832832,0.7992332,0.2264031999999999,0.4672531999999999,0.0069732,0.0096432,4.4235132,2.2288132,0.24231319999999998,0.0644232,0.0200531999999999,0.4010532,2.5002532,0.21367319999999998,0.21675319999999998,0.0171832,1.82e-05,0.4126632,0.3906531999999999,2.4678832,1.82e-05,1.82e-05,1.82e-05,1.82e-05,1.82e-05,0.0024732,1.82e-05,1.82e-05,20.425603199999998,1.82e-05,0.7597632,1.82e-05,1.82e-05,1.82e-05,0.19288319999999998,1.82e-05,0.0244332,1.82e-05,0.3982132,1.82e-05,2.0669332,0.0008132,1.82e-05,1.82e-05,1.82e-05,0.4523332,1.82e-05,1.82e-05,0.12783319999999998,2.7506132,1.82e-05,1.82e-05,1.82e-05,1.82e-05,1.82e-05,0.2125531999999999,1.82e-05,0.14260319999999999,0.9161532,0.0891532,1.82e-05,1.82e-05,1.8679732,1.82e-05,1.82e-05,1.82e-05,1.82e-05,1.82e-05,1.82e-05,1.82e-05,0.016113199999999998,0.0011832,1.82e-05,0.5471231999999999,0.0171531999999999,0.1569532,1.82e-05,0.2335931999999999,1.82e-05,0.0468132,1.82e-05,0.7297832,1.82e-05,0.1312632,1.82e-05,0.0064032,1.82e-05,1.82e-05,1.82e-05,1.82e-05,0.13485319999999998,0.0503231999999999,2.2297932,1.82e-05,1.82e-05,1.82e-05,0.1173532,1.1027932,1.82e-05,0.11097320000000001,0.37090319999999993,1.82e-05,0.0245132,1.82e-05,1.82e-05,0.5110731999999999,1.82e-05,1.82e-05,1.82e-05,0.010253199999999999,0.008593199999999999,0.4638532,1.82e-05,0.048713200000000005,1.82e-05,1.82e-05,1.82e-05,1.82e-05,0.1185832,1.82e-05,0.5599132,1.82e-05,1.82e-05,1.82e-05,1.1908832,1.82e-05,0.8530532000000001,0.8037532,0.10629319999999991,0.0101431999999999,1.82e-05,1.82e-05,0.13327319999999998,0.7244531999999999,0.1615632,1.82e-05,0.2031932,0.4440832,1.82e-05,0.07374320000000001,0.4052332,0.1014932,0.0273032,0.29419319999999993,0.0306432,1.82e-05,1.82e-05,0.1251631999999999,1.82e-05,1.82e-05,1.82e-05,1.82e-05,1.82e-05,1.82e-05,1.82e-05,0.0354932,0.0212432,1.82e-05,0.2695431999999999,1.82e-05,1.82e-05,0.010713199999999999,0.0001832,1.82e-05,0.0099332,0.0810932,0.16568319999999997,1.82e-05,1.82e-05,1.82e-05,1.82e-05,1.82e-05,1.82e-05,1.82e-05,1.82e-05,1.82e-05,0.0375032,1.82e-05,1.82e-05,0.059043200000000004,14.752003200000003
37035_2#31,2.637249,9.228558999999999,10.326429,0.051139,0.694279,0.15379900000000002,1.039389,7.197239000000001,1.3999999999999998e-05,5.378149,2.662509,0.331999,0.8460589999999999,3.112289,0.0071889999999998995,0.609789,0.204269,1.3999999999999998e-05,0.378809,1.342419,1.135799,1.345879,1.3999999999999998e-05,0.001799,0.005979,2.726899,1.154869,0.022209,0.1471389999999999,0.002969,0.379119,0.770459,0.406979,0.21576900000000002,1.3999999999999998e-05,0.201469,1.6068989999999999,0.497639,0.450239,0.0263689999999999,1.3999999999999998e-05,0.045389,1.3999999999999998e-05,1.3999999999999998e-05,0.005599,1.3999999999999998e-05,1.3999999999999998e-05,10.670088999999999,1.3999999999999998e-05,1.3999999999999998e-05,1.3999999999999998e-05,1.3999999999999998e-05,1.3999999999999998e-05,1.3999999999999998e-05,1.3999999999999998e-05,1.3999999999999998e-05,1.3999999999999998e-05,0.020949,1.3999999999999998e-05,1.107709,1.3999999999999998e-05,1.3999999999999998e-05,1.3999999999999998e-05,0.010469,0.065359,1.3999999999999998e-05,1.3999999999999998e-05,1.3999999999999998e-05,1.3999999999999998e-05,1.3999999999999998e-05,1.3999999999999998e-05,1.3999999999999998e-05,1.3999999999999998e-05,1.3999999999999998e-05,1.3999999999999998e-05,1.3999999999999998e-05,0.211589,1.3999999999999998e-05,0.087759,1.3999999999999998e-05,1.3999999999999998e-05,3.878369,1.3999999999999998e-05,1.3999999999999998e-05,1.3999999999999998e-05,1.3999999999999998e-05,1.3999999999999998e-05,1.3999999999999998e-05,1.3999999999999998e-05,1.3999999999999998e-05,1.3999999999999998e-05,1.3999999999999998e-05,1.3999999999999998e-05,0.005948999999999999,1.3999999999999998e-05,0.298609,1.3999999999999998e-05,1.3999999999999998e-05,1.3999999999999998e-05,1.3999999999999998e-05,1.3999999999999998e-05,1.3999999999999998e-05,0.344649,1.3999999999999998e-05,0.0111589999999999,1.3999999999999998e-05,1.3999999999999998e-05,1.3999999999999998e-05,1.3999999999999998e-05,0.159079,0.00025899999999999995,0.549429,1.3999999999999998e-05,1.3999999999999998e-05,1.3999999999999998e-05,0.024489,1.3999999999999998e-05,1.3999999999999998e-05,1.3999999999999998e-05,0.050099,1.3999999999999998e-05,1.3999999999999998e-05,1.3999999999999998e-05,1.3999999999999998e-05,2.181519,1.3999999999999998e-05,1.3999999999999998e-05,1.3999999999999998e-05,1.3999999999999998e-05,1.3999999999999998e-05,1.3999999999999998e-05,1.3999999999999998e-05,1.3999999999999998e-05,2.344949,1.3999999999999998e-05,0.0179989999999999,1.3999999999999998e-05,1.3999999999999998e-05,1.3999999999999998e-05,0.016259,1.3999999999999998e-05,1.3999999999999998e-05,1.3999999999999998e-05,0.158609,1.3999999999999998e-05,1.3999999999999998e-05,0.227919,1.3999999999999998e-05,0.015198999999999999,1.3999999999999998e-05,0.135079,0.0521089999999999,1.3999999999999998e-05,0.196819,1.3999999999999998e-05,1.3999999999999998e-05,1.3999999999999998e-05,1.3999999999999998e-05,1.3999999999999998e-05,1.3999999999999998e-05,1.3999999999999998e-05,1.3999999999999998e-05,0.846599,1.3999999999999998e-05,1.3999999999999998e-05,1.3999999999999998e-05,0.015999,1.3999999999999998e-05,1.3999999999999998e-05,1.3999999999999998e-05,1.3999999999999998e-05,1.3999999999999998e-05,1.3999999999999998e-05,1.3999999999999998e-05,0.022779,0.18004900000000001,1.3999999999999998e-05,1.3999999999999998e-05,1.3999999999999998e-05,1.3999999999999998e-05,1.3999999999999998e-05,0.539029,1.1428289999999999,0.037859,0.08784900000000001,0.226159,0.010179,0.206789,0.018959,1.3999999999999998e-05,1.3999999999999998e-05,1.3999999999999998e-05,1.3999999999999998e-05,1.3999999999999998e-05,1.3999999999999998e-05,0.266079,1.3999999999999998e-05,1.3999999999999998e-05,0.037229,16.166429000000004
37035_2#32,11.135582175,4.3639321749999995,7.149322175,0.909582175,11.825902175,1.608312175,2.072142175,15.184772174999999,7.174999999999998e-06,6.1718821749999995,0.542472175,7.174999999999998e-06,12.580852175,0.084732175,7.174999999999998e-06,0.3049921749999999,0.529422175,7.174999999999998e-06,7.174999999999998e-06,0.27996217500000004,0.8291721750000001,0.857312175,7.174999999999998e-06,0.149252175,0.040022175,1.677242175,1.874372175,0.531522175,0.086612175,7.174999999999998e-06,0.394502175,7.174999999999998e-06,7.174999999999998e-06,0.145062175,0.071462175,0.793832175,7.174999999999998e-06,0.812492175,3.482972175,0.079232175,0.231112175,7.174999999999998e-06,7.174999999999998e-06,7.174999999999998e-06,7.174999999999998e-06,7.174999999999998e-06,7.174999999999998e-06,7.174999999999998e-06,0.1418821749999999,7.174999999999998e-06,7.174999999999998e-06,7.174999999999998e-06,7.174999999999998e-06,7.174999999999998e-06,7.174999999999998e-06,7.174999999999998e-06,7.174999999999998e-06,7.174999999999998e-06,7.174999999999998e-06,7.174999999999998e-06,7.174999999999998e-06,7.174999999999998e-06,7.174999999999998e-06,0.040052174999999995,7.174999999999998e-06,7.174999999999998e-06,7.174999999999998e-06,7.174999999999998e-06,7.174999999999998e-06,7.174999999999998e-06,7.174999999999998e-06,7.174999999999998e-06,7.174999999999998e-06,7.174999999999998e-06,7.174999999999998e-06,7.174999999999998e-06,7.174999999999998e-06,7.174999999999998e-06,7.174999999999998e-06,7.174999999999998e-06,7.174999999999998e-06,7.174999999999998e-06,7.174999999999998e-06,7.174999999999998e-06,7.174999999999998e-06,7.174999999999998e-06,7.174999999999998e-06,7.174999999999998e-06,7.174999999999998e-06,7.174999999999998e-06,7.174999999999998e-06,7.174999999999998e-06,7.174999999999998e-06,7.174999999999998e-06,7.174999999999998e-06,7.174999999999998e-06,7.174999999999998e-06,7.174999999999998e-06,7.174999999999998e-06,7.174999999999998e-06,7.174999999999998e-06,7.174999999999998e-06,7.174999999999998e-06,7.174999999999998e-06,0.039152175,7.174999999999998e-06,7.174999999999998e-06,7.174999999999998e-06,7.174999999999998e-06,0.289972175,0.223882175,7.174999999999998e-06,7.174999999999998e-06,7.174999999999998e-06,7.174999999999998e-06,7.174999999999998e-06,7.174999999999998e-06,7.174999999999998e-06,7.174999999999998e-06,7.174999999999998e-06,7.174999999999998e-06,7.174999999999998e-06,7.174999999999998e-06,7.174999999999998e-06,7.174999999999998e-06,7.174999999999998e-06,7.174999999999998e-06,7.174999999999998e-06,7.174999999999998e-06,7.174999999999998e-06,0.27852217500000004,7.174999999999998e-06,0.1043021749999999,7.174999999999998e-06,7.174999999999998e-06,0.073542175,7.174999999999998e-06,7.174999999999998e-06,7.174999999999998e-06,7.174999999999998e-06,7.174999999999998e-06,7.174999999999998e-06,7.174999999999998e-06,7.174999999999998e-06,7.174999999999998e-06,7.174999999999998e-06,7.174999999999998e-06,7.174999999999998e-06,7.174999999999998e-06,7.174999999999998e-06,7.174999999999998e-06,7.174999999999998e-06,7.174999999999998e-06,7.174999999999998e-06,7.174999999999998e-06,7.174999999999998e-06,7.174999999999998e-06,7.174999999999998e-06,7.174999999999998e-06,7.174999999999998e-06,7.174999999999998e-06,7.174999999999998e-06,7.174999999999998e-06,7.174999999999998e-06,7.174999999999998e-06,7.174999999999998e-06,7.174999999999998e-06,7.174999999999998e-06,7.174999999999998e-06,7.174999999999998e-06,7.174999999999998e-06,7.174999999999998e-06,7.174999999999998e-06,7.174999999999998e-06,7.174999999999998e-06,7.174999999999998e-06,7.174999999999998e-06,7.174999999999998e-06,7.174999999999998e-06,7.174999999999998e-06,7.174999999999998e-06,7.174999999999998e-06,7.174999999999998e-06,7.174999999999998e-06,7.174999999999998e-06,7.174999999999998e-06,7.174999999999998e-06,0.125012175,7.174999999999998e-06,7.174999999999998e-06,7.174999999999998e-06,7.174999999999998e-06,7.174999999999998e-06,7.174999999999998e-06,7.174999999999998e-06,7.174999999999998e-06,7.174999999999998e-06,7.174999999999998e-06,7.174999999999998e-06,11.882502175000003
37035_2#3,3.81189285,1.0294528500000002,1.11934285,0.15742285,0.79697285,0.01109285,0.7687028499999999,2.35740285,0.01932285,20.63810285,0.20155285,0.04630285,4.99633285,3.73709285,0.02078285,0.03819285,0.12844285,0.05573285,0.35334285,0.9079028499999999,0.33193285,0.16781285,2.03199285,0.0159528499999999,0.15335285,2.42829285,0.09276285000000001,0.0556628499999999,0.0265228499999999,0.08776285,0.0073428499999999,1.3583528500000002,0.12013285000000001,0.0027128499999999997,1.7849999999999997e-05,0.04458285,0.19413285,0.17704285,0.15621285000000001,0.05903285,1.7849999999999997e-05,1.7849999999999997e-05,1.7849999999999997e-05,1.7849999999999997e-05,0.00622285,1.7849999999999997e-05,1.7849999999999997e-05,1.7849999999999997e-05,1.7849999999999997e-05,0.03758285,1.7849999999999997e-05,1.7849999999999997e-05,0.007092849999999901,1.7849999999999997e-05,1.7849999999999997e-05,1.7849999999999997e-05,1.7849999999999997e-05,1.7849999999999997e-05,1.7849999999999997e-05,0.47846285,0.09714285,1.7849999999999997e-05,1.7849999999999997e-05,0.04199285,0.21753285,1.7849999999999997e-05,1.7849999999999997e-05,0.01812285,0.02700285,1.7849999999999997e-05,1.7849999999999997e-05,1.7849999999999997e-05,1.7849999999999997e-05,0.43452284999999996,1.46690285,1.7849999999999997e-05,0.5165828499999999,1.7849999999999997e-05,0.11600285,1.7849999999999997e-05,0.03824285,5.67019285,1.7849999999999997e-05,1.7849999999999997e-05,0.01317285,0.00141285,1.7849999999999997e-05,1.7849999999999997e-05,1.7849999999999997e-05,1.7849999999999997e-05,1.7849999999999997e-05,0.37269284999999996,1.7849999999999997e-05,1.7849999999999997e-05,1.7849999999999997e-05,1.7849999999999997e-05,1.7849999999999997e-05,0.00833285,1.7849999999999997e-05,1.7849999999999997e-05,0.41894285,1.7849999999999997e-05,0.00650285,0.02112285,1.7849999999999997e-05,1.7849999999999997e-05,1.7849999999999997e-05,1.7849999999999997e-05,1.7849999999999997e-05,1.7849999999999997e-05,0.01248285,3.4644328499999997,1.7849999999999997e-05,1.7849999999999997e-05,1.7849999999999997e-05,1.7849999999999997e-05,1.7849999999999997e-05,1.7849999999999997e-05,1.05034285,0.32824285,1.7849999999999997e-05,0.04741285,1.7849999999999997e-05,1.7849999999999997e-05,6.58923285,0.051412849999999996,1.7849999999999997e-05,1.7849999999999997e-05,0.01356285,1.7849999999999997e-05,1.7849999999999997e-05,1.7849999999999997e-05,0.00981285,3.40106285,1.7849999999999997e-05,1.7849999999999997e-05,0.054562849999999996,0.06700285,1.7849999999999997e-05,1.7849999999999997e-05,1.7849999999999997e-05,1.7849999999999997e-05,1.7849999999999997e-05,1.28791285,1.7849999999999997e-05,1.7849999999999997e-05,1.7403928499999999,1.7849999999999997e-05,0.37656285,1.7849999999999997e-05,0.09211284999999991,0.34306285,0.01760285,0.09020285,0.04845285,0.12943285000000002,1.7849999999999997e-05,1.7849999999999997e-05,1.7849999999999997e-05,0.65155285,1.7849999999999997e-05,0.01265285,0.8530528500000001,0.40456285,0.27135285,1.7849999999999997e-05,1.7849999999999997e-05,1.7849999999999997e-05,0.03521285,1.7849999999999997e-05,0.05246285,1.7849999999999997e-05,1.7849999999999997e-05,1.7849999999999997e-05,1.7849999999999997e-05,0.012682849999999999,0.30505285,1.7849999999999997e-05,1.7849999999999997e-05,1.7849999999999997e-05,0.16001285,1.7849999999999997e-05,0.55560285,0.0113428499999999,0.03318285,1.7849999999999997e-05,1.7849999999999997e-05,0.02936285,0.01112285,1.7849999999999997e-05,1.7849999999999997e-05,1.7849999999999997e-05,0.19537285000000001,1.7849999999999997e-05,1.7849999999999997e-05,1.83370285,1.7849999999999997e-05,0.025562849999999998,0.01137285,16.594962849999973
37035_2#4,8.606319525,0.104359525,2.872109525,0.06650952499999989,8.930049525,0.141869525,0.503229525,13.424039525000001,1.4524999999999997e-05,1.1597695250000002,0.0171495249999999,0.0320995249999999,2.829909525,1.165469525,0.24182952500000002,0.8060495249999999,0.23086952500000002,10.291469525,0.314219525,6.128499525,1.985429525,0.650439525,0.292499525,0.009899525,0.6584195249999999,1.1707795250000002,3.081949525,0.501879525,0.040909525,0.19811952500000002,0.31223952499999996,1.6029895250000001,0.945049525,0.069959525,1.4524999999999997e-05,0.6953995249999999,0.242959525,0.309489525,6.570769524999999,0.018789525,0.003769525,1.4524999999999997e-05,1.4524999999999997e-05,1.4524999999999997e-05,0.000989525,1.4524999999999997e-05,1.4524999999999997e-05,1.4524999999999997e-05,3.493219525,0.647549525,1.4524999999999997e-05,1.4524999999999997e-05,1.4524999999999997e-05,1.4524999999999997e-05,1.4524999999999997e-05,1.4524999999999997e-05,1.4524999999999997e-05,0.09666952499999999,1.4524999999999997e-05,1.807959525,0.158759525,1.4524999999999997e-05,1.4524999999999997e-05,2.789429525,0.043289525,1.4524999999999997e-05,1.4524999999999997e-05,0.44800952499999996,1.4524999999999997e-05,1.4524999999999997e-05,1.4524999999999997e-05,0.058699525,0.095179525,0.007819524999999999,1.4524999999999997e-05,1.4524999999999997e-05,1.4524999999999997e-05,1.4524999999999997e-05,0.328879525,1.4524999999999997e-05,1.4524999999999997e-05,0.022199525,1.4524999999999997e-05,1.4524999999999997e-05,0.025789525,1.4524999999999997e-05,1.4524999999999997e-05,1.4524999999999997e-05,1.4524999999999997e-05,1.4524999999999997e-05,1.4524999999999997e-05,1.4524999999999997e-05,1.4524999999999997e-05,0.054679525,1.4524999999999997e-05,1.4524999999999997e-05,1.4524999999999997e-05,1.4524999999999997e-05,1.4524999999999997e-05,1.4524999999999997e-05,1.4524999999999997e-05,1.4524999999999997e-05,0.1736395249999999,1.4524999999999997e-05,0.008419524999999999,1.4524999999999997e-05,0.028329525,1.4524999999999997e-05,1.4524999999999997e-05,0.014379524999999999,0.013829524999999999,1.4524999999999997e-05,1.4524999999999997e-05,1.4524999999999997e-05,1.4524999999999997e-05,1.4524999999999997e-05,1.4524999999999997e-05,1.4524999999999997e-05,1.4524999999999997e-05,0.011379525,1.4524999999999997e-05,1.4524999999999997e-05,1.4524999999999997e-05,1.4524999999999997e-05,1.4524999999999997e-05,1.4524999999999997e-05,1.4524999999999997e-05,1.4524999999999997e-05,1.4524999999999997e-05,1.4524999999999997e-05,0.191519525,1.4524999999999997e-05,1.4524999999999997e-05,1.209509525,1.4524999999999997e-05,0.08966952499999989,1.4524999999999997e-05,0.10598952499999999,1.4524999999999997e-05,1.4524999999999997e-05,1.4524999999999997e-05,1.4524999999999997e-05,1.4524999999999997e-05,1.4524999999999997e-05,1.4524999999999997e-05,1.4524999999999997e-05,1.4524999999999997e-05,1.4524999999999997e-05,1.4524999999999997e-05,1.4524999999999997e-05,0.011359524999999999,1.4524999999999997e-05,0.35686952499999997,1.4524999999999997e-05,1.4524999999999997e-05,0.41066952499999987,1.4524999999999997e-05,1.4524999999999997e-05,1.4524999999999997e-05,0.011419525,0.169959525,1.4524999999999997e-05,1.4524999999999997e-05,0.018919525,0.0026495250000000002,1.4524999999999997e-05,1.4524999999999997e-05,1.4524999999999997e-05,1.4524999999999997e-05,1.4524999999999997e-05,1.4524999999999997e-05,1.4524999999999997e-05,1.4524999999999997e-05,1.4524999999999997e-05,1.4524999999999997e-05,0.099519525,1.4524999999999997e-05,0.3944895249999999,1.4524999999999997e-05,1.4524999999999997e-05,1.4524999999999997e-05,0.822079525,0.448639525,0.09875952499999989,1.4524999999999997e-05,0.16855952500000002,0.092219525,0.062489525,0.0025295250000000003,1.4524999999999997e-05,1.4524999999999997e-05,1.4524999999999997e-05,1.4524999999999997e-05,1.4524999999999997e-05,1.4524999999999997e-05,1.4524999999999997e-05,1.4524999999999997e-05,0.005039525,1.4524999999999997e-05,7.668779524999963
37035_2#5,2.3416561750000002,2.392866175,1.9642361750000001,0.789206175,8.084866175,0.34094617499999996,0.6071861749999999,13.515486175,0.0018661749999999999,4.609606175,0.122816175,0.1251661749999999,5.813996175,1.967136175,0.026516175000000003,0.129196175,0.612006175,0.021186175,0.288786175,1.4709861750000002,0.1237161749999999,0.1009861749999999,2.0837961750000003,0.184896175,2.1175e-05,0.661796175,5.268866175,0.172266175,0.029966175,0.131516175,0.033916175,0.334366175,0.2544461749999999,0.039516175,2.1175e-05,2.1175e-05,0.3588561749999999,0.193026175,1.0563561750000001,0.051856175,0.188616175,0.035956175,0.0017661749999999998,2.1175e-05,0.0155561749999999,2.1175e-05,2.1175e-05,2.1175e-05,2.1175e-05,0.580756175,0.077846175,2.1175e-05,2.1175e-05,2.1175e-05,2.1175e-05,2.1175e-05,2.1175e-05,1.637456175,0.178066175,0.6580761749999999,0.148426175,0.298616175,2.1175e-05,2.5832761750000004,0.06949617500000001,2.1175e-05,2.1175e-05,0.2292061749999999,2.1175e-05,2.1175e-05,2.1175e-05,2.1175e-05,0.034316175,0.010576175,2.1175e-05,2.1175e-05,1.2121361750000001,2.1175e-05,0.019226175,2.1175e-05,2.1175e-05,0.7106261749999999,2.1175e-05,2.1175e-05,0.212376175,0.008666175,2.1175e-05,2.1175e-05,2.1175e-05,2.1175e-05,0.001646175,2.1175e-05,2.1175e-05,0.023666175,0.21641617500000002,2.8470161750000003,0.026756175,2.1175e-05,0.3335461749999999,2.1175e-05,0.288006175,2.1175e-05,0.120276175,0.010236175,0.039316174999999995,2.1175e-05,2.1175e-05,2.1175e-05,2.1175e-05,0.0633661749999999,0.157176175,0.365446175,0.003996174999999999,2.1175e-05,2.1175e-05,0.0268761749999999,2.1175e-05,2.1175e-05,2.1175e-05,5.002386175,2.1175e-05,0.018726175,0.002266175,2.1175e-05,0.034706175,2.1175e-05,2.1175e-05,2.1175e-05,0.022996175,0.089006175,1.7492861750000002,2.1175e-05,0.005756175,0.7245761749999999,0.0068461749999999995,0.083046175,2.1175e-05,0.320996175,2.1175e-05,2.1175e-05,2.1175e-05,2.1175e-05,2.1175e-05,0.079206175,2.1175e-05,0.804906175,0.0657261749999999,0.0126961749999999,1.408026175,2.1175e-05,0.140266175,0.2923061749999999,0.503536175,0.10049617500000001,2.1175e-05,0.023046175000000002,0.214546175,0.38263617499999997,2.1175e-05,2.1175e-05,0.35854617499999997,0.1491961749999999,0.015386175,0.046726174999999995,0.016336175,2.1175e-05,0.09086617499999991,0.27373617499999997,0.014636175,0.000986175,0.236826175,2.1175e-05,2.1175e-05,2.1175e-05,2.1175e-05,0.003586175,0.009486175,2.1175e-05,2.1175e-05,2.1175e-05,0.041426174999999996,2.1175e-05,0.11870617500000001,0.0734261749999999,0.059356175,0.0146561749999999,0.003886175,0.017906175,0.008286175,2.1175e-05,2.1175e-05,2.1175e-05,0.479686175,2.1175e-05,2.1175e-05,0.473696175,2.1175e-05,0.027126174999999902,2.1175e-05,15.635226174999932
37035_2#6,0.7525197,0.2527897,0.1488997,0.41973970000000005,7.4400496999999985,0.0319297,0.2319496999999999,22.3680097,1.4700000000000002e-05,0.8080897,0.0433097,0.1062797,16.206939700000003,0.1999697,1.4700000000000002e-05,0.0492397,0.7683097000000001,0.2647297,0.1631397,0.9550897,0.2225297,0.33547970000000005,0.1416396999999999,0.0507597,1.4700000000000002e-05,7.152169699999999,0.4849297,0.1808797,0.0282497,0.0478397,1.4700000000000002e-05,1.4700000000000002e-05,0.3837397,0.026839699999999998,1.4700000000000002e-05,0.0669397,0.1561797,0.1697197,0.4003897,0.0887096999999999,0.0830397,0.0190497,1.4700000000000002e-05,0.061359699999999996,0.0027397,1.4700000000000002e-05,1.4700000000000002e-05,1.7629697,5.6530397,0.36748970000000003,1.4700000000000002e-05,1.4700000000000002e-05,5.628809700000001,0.5278697,0.6508797000000001,1.4700000000000002e-05,1.4700000000000002e-05,0.1387697,1.4700000000000002e-05,1.5893597,1.4700000000000002e-05,1.4700000000000002e-05,1.4700000000000002e-05,1.4700000000000002e-05,0.5166897,1.4700000000000002e-05,1.4700000000000002e-05,1.4700000000000002e-05,1.4700000000000002e-05,1.4700000000000002e-05,1.4700000000000002e-05,1.4700000000000002e-05,1.4700000000000002e-05,1.4700000000000002e-05,1.4700000000000002e-05,1.4700000000000002e-05,1.4700000000000002e-05,0.7668597,1.4700000000000002e-05,1.4700000000000002e-05,0.1694297,0.6997397000000001,0.021129699999999998,1.4700000000000002e-05,1.4700000000000002e-05,0.0018996999999999,1.4700000000000002e-05,1.4700000000000002e-05,1.4700000000000002e-05,1.4700000000000002e-05,1.4700000000000002e-05,1.4700000000000002e-05,1.4700000000000002e-05,1.4700000000000002e-05,1.4700000000000002e-05,1.4700000000000002e-05,0.40440970000000004,1.4700000000000002e-05,1.4700000000000002e-05,1.4700000000000002e-05,1.4700000000000002e-05,1.4700000000000002e-05,0.0840597,0.1926797,0.0240797,1.4700000000000002e-05,1.4700000000000002e-05,1.4700000000000002e-05,1.4700000000000002e-05,0.0362297,1.4700000000000002e-05,1.2226196999999999,1.4700000000000002e-05,1.4700000000000002e-05,1.4700000000000002e-05,1.4700000000000002e-05,1.4700000000000002e-05,1.4700000000000002e-05,0.1865997,1.4700000000000002e-05,1.4700000000000002e-05,1.4700000000000002e-05,1.4700000000000002e-05,1.4700000000000002e-05,3.9246197,0.1132097,0.0048797,0.0570797,1.4700000000000002e-05,1.4700000000000002e-05,0.0384797,1.4700000000000002e-05,1.4700000000000002e-05,2.0712497,1.4700000000000002e-05,1.4700000000000002e-05,1.4700000000000002e-05,1.4700000000000002e-05,1.4700000000000002e-05,0.0358697,1.4700000000000002e-05,1.4700000000000002e-05,1.4700000000000002e-05,1.4700000000000002e-05,1.4700000000000002e-05,1.4700000000000002e-05,1.4700000000000002e-05,1.4700000000000002e-05,1.4700000000000002e-05,1.4700000000000002e-05,0.0466897,0.0769297,0.27946970000000004,1.4700000000000002e-05,1.4700000000000002e-05,0.32736970000000004,1.4700000000000002e-05,1.4700000000000002e-05,1.4700000000000002e-05,1.4700000000000002e-05,0.7055497000000001,1.4700000000000002e-05,0.028699699999999998,1.4700000000000002e-05,0.0099197,1.4700000000000002e-05,1.4700000000000002e-05,1.4700000000000002e-05,0.0303397,1.4700000000000002e-05,0.0337197,1.4700000000000002e-05,1.4700000000000002e-05,0.0063397,1.4700000000000002e-05,1.4700000000000002e-05,1.4700000000000002e-05,0.27436970000000005,1.4700000000000002e-05,1.4700000000000002e-05,1.4700000000000002e-05,1.4700000000000002e-05,1.4700000000000002e-05,0.0739897,0.0141996999999999,0.013119700000000001,0.0013297,0.1228697,1.4700000000000002e-05,1.4700000000000002e-05,1.4700000000000002e-05,1.4700000000000002e-05,1.4700000000000002e-05,1.4700000000000002e-05,1.4700000000000002e-05,1.4700000000000002e-05,0.0042096999999999,1.4700000000000002e-05,1.4700000000000002e-05,9.74400969999999
37035_2#7,1.099120575,2.145140575,1.071630575,0.462170575,0.5270905750000001,1.5575e-05,0.221500575,12.724130575,1.5575e-05,2.3651905749999997,0.031000575,0.002930575,4.351410575000001,2.4314905749999998,1.5575e-05,0.025830575,0.199440575,0.016950575,0.12066057499999999,0.627450575,1.224710575,0.549580575,1.361500575,0.007830575,0.162310575,1.6231005749999998,0.4619705749999999,0.09446057499999999,0.018450575,0.038810575,0.023960575,0.138910575,1.5575e-05,0.12149057499999989,1.5575e-05,0.030110575,0.146810575,0.19248057500000001,1.0665705749999999,0.007120575,0.086090575,0.069730575,0.000500575,1.5575e-05,1.5575e-05,1.5575e-05,1.5575e-05,14.304830575,1.6177205749999999,1.5575e-05,1.5575e-05,1.5575e-05,0.447660575,0.09446057499999999,1.460630575,1.5575e-05,1.5575e-05,1.5575e-05,1.5575e-05,0.7859305750000001,0.031700574999999995,1.5575e-05,1.5575e-05,1.5575e-05,0.004490575,1.5575e-05,0.508900575,0.183140575,1.5575e-05,1.5575e-05,1.5575e-05,1.5575e-05,1.5575e-05,1.5575e-05,1.5575e-05,1.5575e-05,1.339020575,1.5575e-05,1.5575e-05,1.5575e-05,0.030040575,1.607690575,1.5575e-05,1.5575e-05,0.270930575,1.5575e-05,1.5575e-05,1.5575e-05,1.5575e-05,1.5575e-05,1.5575e-05,1.5575e-05,1.5575e-05,1.5575e-05,1.5575e-05,1.5575e-05,1.5575e-05,1.5575e-05,1.5575e-05,1.5575e-05,0.824170575,1.5575e-05,0.013580575,0.049340575,0.003390575,1.5575e-05,1.5575e-05,1.5575e-05,1.5575e-05,0.004280575,1.5575e-05,0.019020575,1.5575e-05,1.5575e-05,1.5575e-05,0.020000575,1.5575e-05,1.5575e-05,1.5575e-05,1.300050575,1.5575e-05,0.012300575,1.5575e-05,1.5575e-05,2.009920575,1.5575e-05,1.5575e-05,1.5575e-05,1.5575e-05,1.5575e-05,1.5575e-05,1.5575e-05,1.5575e-05,0.812780575,1.5575e-05,0.0203005749999999,1.5575e-05,0.012870575,1.5575e-05,1.5575e-05,1.5575e-05,1.5575e-05,1.5575e-05,0.12563057500000002,1.5575e-05,1.5575e-05,0.0659105749999999,0.036380575,1.339260575,1.5575e-05,0.883930575,0.037500574999999994,1.5575e-05,1.5575e-05,1.5575e-05,0.041830574999999995,1.5575e-05,1.5575e-05,1.5575e-05,0.517470575,1.5575e-05,1.5575e-05,0.079310575,0.057090575000000005,0.0365205749999999,1.5575e-05,0.006750575,1.5575e-05,1.5575e-05,1.5575e-05,0.013310575,0.066770575,1.5575e-05,1.5575e-05,1.5575e-05,0.005770575,1.5575e-05,1.5575e-05,1.5575e-05,1.5575e-05,1.5575e-05,1.5575e-05,0.317260575,0.0478705749999999,0.016110575,0.041280575,0.005030575,0.004160575,1.5575e-05,1.5575e-05,1.5575e-05,1.5575e-05,0.815150575,1.5575e-05,1.5575e-05,0.2894005749999999,1.5575e-05,1.5575e-05,1.5575e-05,31.509770575000005
37035_2#8,0.632811275,0.061941275000000004,1.0950512749999999,0.283221275,3.906651275,0.1801112749999999,0.411611275,15.474831275,1.6275e-05,3.380181275,0.016981275,0.634971275,14.938201274999999,0.490751275,1.6275e-05,0.0103912749999999,0.8695112749999999,0.049101275,0.3511412749999999,3.766171275,1.1472812749999999,0.3548012749999999,0.5200912750000001,0.250991275,0.0217512749999999,4.512801274999999,0.942041275,0.369171275,0.0261712749999999,0.038691275000000004,0.675251275,1.6275e-05,0.807821275,0.014791275,0.013911274999999999,0.108271275,0.147011275,0.190071275,0.236931275,1.6275e-05,0.07879127500000001,0.065501275,1.6275e-05,1.6275e-05,1.6275e-05,1.6275e-05,0.054981275,4.106341274999999,3.2512912750000003,1.6275e-05,1.6275e-05,5.106151274999999,1.9150312749999998,1.6275e-05,2.256151275,1.6275e-05,1.6275e-05,0.115311275,1.6275e-05,0.630821275,1.6275e-05,1.6275e-05,1.6275e-05,0.11391127499999991,0.399971275,1.6275e-05,1.6275e-05,0.213161275,1.6275e-05,1.6275e-05,1.6275e-05,1.6275e-05,1.6275e-05,0.267371275,1.6275e-05,1.6275e-05,1.789981275,1.6275e-05,0.327891275,1.6275e-05,1.6275e-05,3.382951275,1.6275e-05,1.6275e-05,1.6275e-05,0.007811275,1.6275e-05,1.6275e-05,1.6275e-05,1.6275e-05,1.6275e-05,0.542711275,0.036881275000000005,0.0185912749999999,0.025901274999999998,1.6275e-05,1.6275e-05,0.000971275,1.6275e-05,1.6275e-05,1.6275e-05,1.6275e-05,0.065771275,1.6275e-05,0.013421275,1.6275e-05,1.6275e-05,1.6275e-05,1.6275e-05,0.2328912749999999,0.411421275,0.327781275,0.000601275,1.6275e-05,1.6275e-05,1.6275e-05,1.6275e-05,1.6275e-05,1.6275e-05,0.200711275,1.6275e-05,1.6275e-05,1.6275e-05,0.259481275,4.507291275,0.047061275,1.6275e-05,1.6275e-05,1.6275e-05,1.6275e-05,1.6275e-05,1.6275e-05,1.6275e-05,0.029951275,0.016751275,1.6275e-05,1.6275e-05,0.171211275,1.6275e-05,1.6275e-05,1.6275e-05,1.6275e-05,1.6275e-05,1.6275e-05,1.6275e-05,1.6275e-05,0.0284212749999999,1.6275e-05,0.251341275,1.6275e-05,1.6275e-05,0.0261012749999999,0.027191275,1.6275e-05,1.6275e-05,0.641671275,1.6275e-05,1.6275e-05,1.6275e-05,1.407161275,1.6275e-05,1.6275e-05,0.7164912750000001,1.6275e-05,0.266311275,1.6275e-05,0.003401275,1.6275e-05,1.6275e-05,1.6275e-05,1.6275e-05,0.032401275,1.6275e-05,1.6275e-05,1.6275e-05,1.6275e-05,1.6275e-05,0.30096127500000003,1.6275e-05,1.6275e-05,1.6275e-05,0.500981275,0.117981275,0.093721275,0.153721275,0.134921275,0.019621275,0.037241275000000004,1.6275e-05,1.6275e-05,1.6275e-05,1.6275e-05,1.6275e-05,1.6275e-05,0.021531275,1.6275e-05,1.6275e-05,0.059621275,1.6275e-05,7.233151275000001
37035_2#9,3.1001467249999997,1.970456725,1.829136725,6.217916725,0.3845967249999999,1.145206725,2.5547267249999996,3.1398067249999997,1.1725e-05,7.0167567250000005,0.530796725,1.277236725,21.342836725,0.9888167250000001,0.1632867249999999,0.512416725,3.403946725,1.1725e-05,0.692826725,2.9638867249999996,0.059926725,0.532516725,0.645196725,0.392746725,0.014656725,9.434136725,0.419706725,0.1658367249999999,0.019496725,0.159336725,0.946936725,0.360646725,1.109386725,0.09070672499999989,0.188006725,0.020916725,0.235706725,1.1725e-05,0.4210167249999999,0.297156725,1.1725e-05,1.1725e-05,1.1725e-05,1.1725e-05,1.1725e-05,0.008286725,1.1725e-05,1.1725e-05,1.1725e-05,1.051246725,1.1725e-05,1.1725e-05,1.1725e-05,1.1725e-05,1.1725e-05,1.1725e-05,1.1725e-05,0.9964767250000001,1.1725e-05,0.119126725,0.808956725,1.1725e-05,1.1725e-05,1.1725e-05,1.3261967250000002,1.1725e-05,1.1725e-05,0.118576725,7.7203767249999995,1.1725e-05,1.1725e-05,1.1725e-05,1.1725e-05,1.1725e-05,1.1725e-05,1.1725e-05,1.1725e-05,1.1725e-05,2.000956725,1.1725e-05,0.154216725,0.027826725,1.1725e-05,1.1725e-05,1.1725e-05,1.1725e-05,1.1725e-05,1.1725e-05,0.0194467249999999,1.1725e-05,1.1725e-05,1.1725e-05,1.1725e-05,0.030036725,0.017026725,1.1725e-05,1.1725e-05,1.1725e-05,0.130856725,1.1725e-05,1.1725e-05,1.1725e-05,0.293936725,1.1725e-05,1.1725e-05,1.1725e-05,1.1725e-05,1.1725e-05,1.1725e-05,0.027856725,1.420426725,1.1725e-05,1.1725e-05,1.1725e-05,1.1725e-05,1.1725e-05,1.1725e-05,1.1725e-05,1.1725e-05,0.276996725,1.1725e-05,1.1725e-05,1.1725e-05,1.1725e-05,1.1725e-05,1.1725e-05,1.1725e-05,1.1725e-05,1.1725e-05,0.020276725,1.1725e-05,1.1725e-05,1.1725e-05,1.903276725,1.1725e-05,0.160966725,1.1725e-05,1.1725e-05,1.1725e-05,1.1725e-05,1.1725e-05,1.1725e-05,1.1725e-05,1.1725e-05,1.1725e-05,1.1725e-05,1.1725e-05,1.1725e-05,1.1725e-05,1.1725e-05,1.1725e-05,1.1725e-05,1.1725e-05,0.053576725,1.1725e-05,0.694296725,1.1725e-05,1.1725e-05,1.1725e-05,1.1725e-05,1.1725e-05,1.1725e-05,1.1725e-05,1.1725e-05,1.1725e-05,1.1725e-05,1.1725e-05,1.1725e-05,1.1725e-05,1.1725e-05,1.1725e-05,1.1725e-05,1.1725e-05,1.1725e-05,1.1725e-05,1.1725e-05,1.1725e-05,1.1725e-05,1.1725e-05,1.1725e-05,1.1725e-05,1.1725e-05,0.104916725,1.1725e-05,0.069136725,0.0021967249999999,0.10336672499999999,0.004716725000000001,1.1725e-05,1.1725e-05,1.1725e-05,1.1725e-05,1.1725e-05,1.1725e-05,1.1725e-05,1.1725e-05,1.1725e-05,1.1725e-05,1.1725e-05,5.584046724999979
37035_7#10,0.17322827500000001,0.133248275,0.200578275,0.4066482749999999,0.809568275,2.3274999999999997e-05,0.3335482749999999,14.026428274999999,2.3274999999999997e-05,22.527668275,0.011458274999999999,0.10394827499999999,0.43630827499999997,0.114068275,0.0364782749999999,0.022438275,1.2541082749999999,0.573668275,0.11329827499999999,0.700368275,0.028138275,0.032328275000000004,0.07663827499999999,0.011558275,0.0258582749999999,0.589098275,0.146318275,0.030848274999999998,0.07076827499999999,2.3274999999999997e-05,0.002818275,0.39433827499999996,0.041448275,0.012048274999999999,2.3274999999999997e-05,2.3274999999999997e-05,0.291138275,0.049668275000000005,2.3274999999999997e-05,2.3274999999999997e-05,2.3274999999999997e-05,0.596088275,0.012038275,2.3274999999999997e-05,2.3274999999999997e-05,2.3274999999999997e-05,2.3274999999999997e-05,11.912798275,2.3274999999999997e-05,0.256158275,2.3274999999999997e-05,0.188978275,0.099318275,0.5007082749999999,0.002988275,2.3274999999999997e-05,0.031258275,0.277848275,0.000568275,2.442358275,0.0052182749999999,0.004298275,2.3274999999999997e-05,0.10888827499999999,0.7064582749999999,2.3274999999999997e-05,2.3274999999999997e-05,0.228248275,0.147928275,2.3274999999999997e-05,0.219568275,2.3274999999999997e-05,0.11085827499999999,2.3274999999999997e-05,0.0032782749999999998,0.219128275,0.330648275,0.28498827499999996,0.25434827499999996,2.3274999999999997e-05,0.3326082749999999,0.982888275,0.037878275,2.3274999999999997e-05,2.3274999999999997e-05,0.136908275,0.44578827499999996,2.3274999999999997e-05,0.009688275,0.07105827499999999,0.017898274999999998,2.3274999999999997e-05,2.3274999999999997e-05,0.001478275,0.755498275,0.047838275,1.409988275,0.007438275,0.128098275,2.3274999999999997e-05,0.12392827499999999,0.219268275,0.052788275,0.049648275000000006,0.001818275,2.3274999999999997e-05,0.041738275000000005,0.041748275,2.3274999999999997e-05,2.3274999999999997e-05,0.004818275,0.29221827499999997,2.3274999999999997e-05,0.0027382749999999997,0.002298275,2.3274999999999997e-05,2.3274999999999997e-05,2.3274999999999997e-05,0.028868275,0.109888275,0.0050482750000000005,0.021688275,0.012458275,0.622698275,0.066128275,0.07467827499999989,0.019908275,0.071478275,0.007698275,0.044658275000000004,2.3274999999999997e-05,2.3274999999999997e-05,0.004738275,2.3274999999999997e-05,2.3274999999999997e-05,2.3274999999999997e-05,2.473798275,0.136638275,2.3274999999999997e-05,1.473278275,0.0415582749999999,2.3274999999999997e-05,0.040248275,2.3274999999999997e-05,2.3274999999999997e-05,1.593598275,0.165778275,0.993568275,0.126368275,0.213788275,0.051958275000000005,0.33027827499999995,2.3274999999999997e-05,2.3274999999999997e-05,0.007568275,0.106228275,0.0026082749999999997,0.021608275,2.3274999999999997e-05,2.3274999999999997e-05,0.028648275,0.496668275,0.155538275,0.075758275,0.031148275,2.3274999999999997e-05,0.007888275,0.048148275000000004,0.213268275,2.3274999999999997e-05,0.0205582749999999,0.012828275,2.3274999999999997e-05,2.3274999999999997e-05,2.3274999999999997e-05,2.3274999999999997e-05,0.011858275,2.3274999999999997e-05,2.3274999999999997e-05,0.0549282749999999,0.013928274999999999,2.3274999999999997e-05,2.3274999999999997e-05,2.3274999999999997e-05,0.023218275,2.3274999999999997e-05,2.3274999999999997e-05,2.3274999999999997e-05,2.3274999999999997e-05,0.507778275,2.3274999999999997e-05,2.3274999999999997e-05,0.0012582749999999,5.493878275,0.17067827500000002,2.3274999999999997e-05,0.000268275,2.3274999999999997e-05,0.016678275,15.801598274999982
37035_7#11,1.4174999999999999e-05,1.4174999999999999e-05,1.4174999999999999e-05,0.019669175,0.985439175,1.4174999999999999e-05,0.38882917499999997,2.807819175,0.010639174999999999,0.429229175,1.4174999999999999e-05,0.001639175,5.926719175000001,1.4174999999999999e-05,0.0020191749999999,1.4174999999999999e-05,0.500389175,0.016519175,0.039959175,0.434509175,0.506179175,1.4174999999999999e-05,1.4174999999999999e-05,1.045629175,1.4174999999999999e-05,0.488689175,0.989789175,0.177599175,1.4174999999999999e-05,1.4174999999999999e-05,0.031259175,0.349069175,1.443119175,1.4174999999999999e-05,1.4174999999999999e-05,1.4174999999999999e-05,0.007729175,0.09796917499999999,0.304119175,1.4174999999999999e-05,0.997619175,0.503279175,0.058699175,1.4174999999999999e-05,1.4174999999999999e-05,1.4174999999999999e-05,1.964019175,44.431329175,0.040629175,1.4174999999999999e-05,0.0004391749999999,1.1081091749999998,0.036309175,0.2407491749999999,0.070029175,1.4174999999999999e-05,1.4174999999999999e-05,0.272049175,1.4174999999999999e-05,0.168439175,1.4174999999999999e-05,1.4174999999999999e-05,1.949299175,0.017809175,0.002929175,0.026339175000000003,5.6794191750000005,1.4174999999999999e-05,0.067709175,1.4174999999999999e-05,0.075329175,0.037139174999999996,0.003209175,0.077699175,1.4174999999999999e-05,0.068789175,1.4174999999999999e-05,0.024919175000000002,1.4174999999999999e-05,0.238979175,0.018779175000000002,1.4174999999999999e-05,1.4174999999999999e-05,1.807399175,0.003789175,0.016959175,0.138939175,1.4174999999999999e-05,0.009939175,0.0106891749999999,1.4174999999999999e-05,0.007979175,1.4174999999999999e-05,0.009939175,1.4174999999999999e-05,0.000349175,1.4174999999999999e-05,1.4174999999999999e-05,1.4174999999999999e-05,1.4174999999999999e-05,1.4174999999999999e-05,1.4174999999999999e-05,1.4174999999999999e-05,1.4174999999999999e-05,1.4174999999999999e-05,0.015809175,1.4174999999999999e-05,1.4174999999999999e-05,1.4174999999999999e-05,0.133849175,0.002779175,0.006379175,1.4174999999999999e-05,1.4174999999999999e-05,1.4174999999999999e-05,1.4174999999999999e-05,0.048739174999999996,1.4174999999999999e-05,1.4174999999999999e-05,0.008889175,1.4174999999999999e-05,1.4174999999999999e-05,1.4174999999999999e-05,0.534889175,1.4174999999999999e-05,1.4174999999999999e-05,1.4174999999999999e-05,0.000249175,1.4174999999999999e-05,0.118109175,1.4174999999999999e-05,1.4174999999999999e-05,1.4174999999999999e-05,1.4174999999999999e-05,1.4174999999999999e-05,1.4174999999999999e-05,1.4174999999999999e-05,0.021929175000000002,1.4174999999999999e-05,0.033659175,1.4174999999999999e-05,0.015689175,1.4174999999999999e-05,1.4174999999999999e-05,1.4174999999999999e-05,1.4174999999999999e-05,1.4174999999999999e-05,1.4174999999999999e-05,1.4174999999999999e-05,1.4174999999999999e-05,1.4174999999999999e-05,1.4174999999999999e-05,0.0065191749999999994,1.4174999999999999e-05,0.012679174999999999,1.4174999999999999e-05,1.4174999999999999e-05,1.4174999999999999e-05,0.136869175,1.4174999999999999e-05,1.4174999999999999e-05,0.005499174999999999,1.4174999999999999e-05,1.4174999999999999e-05,1.4174999999999999e-05,1.4174999999999999e-05,1.4174999999999999e-05,0.007749175,1.4174999999999999e-05,1.4174999999999999e-05,1.4174999999999999e-05,1.4174999999999999e-05,1.4174999999999999e-05,1.4174999999999999e-05,1.4174999999999999e-05,1.4174999999999999e-05,1.4174999999999999e-05,0.073149175,1.4174999999999999e-05,1.4174999999999999e-05,1.4174999999999999e-05,1.4174999999999999e-05,1.4174999999999999e-05,1.4174999999999999e-05,1.4174999999999999e-05,0.041739174999999996,1.4174999999999999e-05,1.4174999999999999e-05,1.4174999999999999e-05,1.4174999999999999e-05,1.4174999999999999e-05,1.4174999999999999e-05,1.4174999999999999e-05,0.740559175,1.4174999999999999e-05,1.4174999999999999e-05,1.4174999999999999e-05,1.4174999999999999e-05,1.4174999999999999e-05,20.84201917500002
37035_7#12,1.4700000000000002e-05,1.4700000000000002e-05,1.4700000000000002e-05,0.8486596999999999,1.0475097,1.4700000000000002e-05,3.8877696999999998,10.033049700000001,1.4700000000000002e-05,1.9302597,0.31192970000000003,0.1051896999999999,2.0069897,1.4700000000000002e-05,1.4700000000000002e-05,0.3938797,3.5513797,0.0373297,1.4700000000000002e-05,5.3494097,1.4700000000000002e-05,1.4700000000000002e-05,0.0884997,0.5824097,0.0318297,0.2216897,9.482279700000001,1.6533996999999998,0.1980497,1.4700000000000002e-05,1.4700000000000002e-05,1.5087497,2.2698096999999997,1.4700000000000002e-05,1.4700000000000002e-05,1.4700000000000002e-05,0.0244697,1.4700000000000002e-05,11.916679700000001,1.4700000000000002e-05,0.4051697,0.5269497,0.3669097,1.4700000000000002e-05,0.0020897,0.0020497,1.2204497,16.4340997,0.2735097,1.4700000000000002e-05,1.4700000000000002e-05,1.1733797,0.0059397,1.2735797,0.0044697,0.0244997,0.1272896999999999,0.2344897,1.4700000000000002e-05,1.4700000000000002e-05,0.0768297,1.4700000000000002e-05,1.4700000000000002e-05,1.4700000000000002e-05,1.4700000000000002e-05,0.0242197,0.7402597000000001,0.1618297,1.4700000000000002e-05,0.6802297,0.1357197,0.1193497,1.4700000000000002e-05,0.0057997,1.4700000000000002e-05,0.0079097,1.4700000000000002e-05,0.0081197,1.4700000000000002e-05,0.0172297,0.0199597,1.4700000000000002e-05,0.029219699999999998,1.3231997,1.4700000000000002e-05,3.9611997,0.0367297,0.0470897,0.1131497,0.0246496999999999,0.0116597,1.4700000000000002e-05,1.4700000000000002e-05,1.4700000000000002e-05,0.011369700000000002,1.4700000000000002e-05,1.4700000000000002e-05,0.0249797,1.4700000000000002e-05,0.1550397,1.4700000000000002e-05,0.0263897,0.0015497,1.4700000000000002e-05,1.4700000000000002e-05,1.4700000000000002e-05,0.0168097,1.4700000000000002e-05,1.4700000000000002e-05,0.0508597,0.1178896999999999,1.4700000000000002e-05,0.0011997,1.4700000000000002e-05,0.06349969999999999,1.4700000000000002e-05,0.1357596999999999,1.4700000000000002e-05,1.4700000000000002e-05,0.008399700000000001,1.4700000000000002e-05,1.4700000000000002e-05,0.1441896999999999,0.3469497,1.4700000000000002e-05,0.6409197,0.0426297,0.0076197,1.4700000000000002e-05,0.058359699999999896,1.4700000000000002e-05,1.4700000000000002e-05,1.4700000000000002e-05,1.4700000000000002e-05,0.0196097,1.4700000000000002e-05,0.0034097,1.4700000000000002e-05,1.4700000000000002e-05,1.4700000000000002e-05,1.4700000000000002e-05,1.4700000000000002e-05,1.4700000000000002e-05,1.4700000000000002e-05,1.4700000000000002e-05,1.4700000000000002e-05,1.4700000000000002e-05,1.4700000000000002e-05,1.4700000000000002e-05,1.4700000000000002e-05,1.4700000000000002e-05,1.4700000000000002e-05,1.4700000000000002e-05,1.4700000000000002e-05,0.0033696999999999998,1.4700000000000002e-05,1.4700000000000002e-05,1.4700000000000002e-05,0.0215797,1.4700000000000002e-05,1.4700000000000002e-05,1.4700000000000002e-05,1.4700000000000002e-05,1.4700000000000002e-05,1.4700000000000002e-05,1.4700000000000002e-05,1.4700000000000002e-05,1.4700000000000002e-05,1.4700000000000002e-05,1.4700000000000002e-05,1.4700000000000002e-05,1.4700000000000002e-05,1.4700000000000002e-05,1.4700000000000002e-05,1.4700000000000002e-05,1.4700000000000002e-05,1.4700000000000002e-05,0.0175797,1.4700000000000002e-05,0.0071597,1.4700000000000002e-05,1.4700000000000002e-05,1.4700000000000002e-05,1.4700000000000002e-05,1.4700000000000002e-05,1.4700000000000002e-05,1.4700000000000002e-05,1.4700000000000002e-05,1.4700000000000002e-05,1.4700000000000002e-05,1.4700000000000002e-05,1.4700000000000002e-05,1.4700000000000002e-05,0.0496497,1.4700000000000002e-05,1.4700000000000002e-05,1.4700000000000002e-05,1.4700000000000002e-05,1.4700000000000002e-05,10.921069699999983
37035_7#13,1.0674999999999999e-05,1.0674999999999999e-05,1.0674999999999999e-05,0.018395675,0.215955675,1.0674999999999999e-05,0.472185675,7.284885675000001,1.0674999999999999e-05,0.080015675,0.059085675000000004,0.131525675,0.21057567500000002,1.0674999999999999e-05,1.0674999999999999e-05,1.0674999999999999e-05,0.546955675,1.0674999999999999e-05,1.0674999999999999e-05,0.22511567500000002,1.0674999999999999e-05,1.0674999999999999e-05,0.051085675000000004,0.31827567500000004,0.0563656749999999,0.15451567500000002,0.591785675,0.12517567500000001,0.049575675,1.0674999999999999e-05,1.0674999999999999e-05,0.7692656749999999,1.0674999999999999e-05,1.0674999999999999e-05,1.0674999999999999e-05,1.0674999999999999e-05,0.002775675,0.001795675,0.023125675000000002,1.0674999999999999e-05,0.186495675,0.713255675,1.0674999999999999e-05,1.0674999999999999e-05,1.0674999999999999e-05,1.0674999999999999e-05,0.9693956749999999,62.182095675,0.049945675,0.040725675,1.0674999999999999e-05,0.954255675,1.0674999999999999e-05,0.021325675000000002,2.997385675,1.0674999999999999e-05,1.0674999999999999e-05,0.08153567499999999,1.0674999999999999e-05,0.087815675,0.0025356750000000003,1.0674999999999999e-05,1.495675675,0.09331567499999989,1.0674999999999999e-05,1.0674999999999999e-05,1.1815956749999998,0.15026567500000002,1.0674999999999999e-05,1.0674999999999999e-05,0.171825675,0.074605675,1.0674999999999999e-05,1.0674999999999999e-05,1.0674999999999999e-05,0.016875675,1.0674999999999999e-05,1.0674999999999999e-05,1.0674999999999999e-05,1.0674999999999999e-05,1.0674999999999999e-05,0.046635675,0.004955675,1.912265675,0.070135675,3.310825675,0.078425675,1.0674999999999999e-05,1.0674999999999999e-05,0.007665674999999999,1.0674999999999999e-05,1.0674999999999999e-05,1.0674999999999999e-05,1.0674999999999999e-05,1.0674999999999999e-05,1.0674999999999999e-05,1.0674999999999999e-05,1.0674999999999999e-05,1.0674999999999999e-05,1.0674999999999999e-05,1.0674999999999999e-05,1.0674999999999999e-05,1.0674999999999999e-05,1.0674999999999999e-05,1.0674999999999999e-05,1.0674999999999999e-05,0.013115675,1.0674999999999999e-05,1.0674999999999999e-05,0.029125675,1.0674999999999999e-05,1.0674999999999999e-05,0.002055675,1.0674999999999999e-05,0.009135675,1.0674999999999999e-05,1.0674999999999999e-05,1.0674999999999999e-05,1.0674999999999999e-05,1.0674999999999999e-05,1.0674999999999999e-05,1.0674999999999999e-05,1.0674999999999999e-05,0.577635675,1.0674999999999999e-05,0.069125675,0.003045675,1.0674999999999999e-05,1.0674999999999999e-05,1.0674999999999999e-05,1.0674999999999999e-05,1.0674999999999999e-05,1.0674999999999999e-05,1.0674999999999999e-05,1.0674999999999999e-05,1.0674999999999999e-05,1.0674999999999999e-05,1.0674999999999999e-05,1.0674999999999999e-05,0.006525675,1.0674999999999999e-05,0.006295675,1.0674999999999999e-05,1.0674999999999999e-05,1.0674999999999999e-05,1.0674999999999999e-05,1.0674999999999999e-05,1.0674999999999999e-05,1.0674999999999999e-05,1.0674999999999999e-05,1.0674999999999999e-05,1.0674999999999999e-05,0.004945674999999999,1.0674999999999999e-05,1.0674999999999999e-05,1.0674999999999999e-05,1.0674999999999999e-05,1.0674999999999999e-05,0.069385675,1.0674999999999999e-05,1.0674999999999999e-05,0.011635675,1.0674999999999999e-05,1.0674999999999999e-05,1.0674999999999999e-05,1.0674999999999999e-05,1.0674999999999999e-05,1.0674999999999999e-05,1.0674999999999999e-05,1.0674999999999999e-05,1.0674999999999999e-05,1.0674999999999999e-05,1.0674999999999999e-05,1.0674999999999999e-05,1.0674999999999999e-05,1.0674999999999999e-05,1.0674999999999999e-05,1.0674999999999999e-05,1.0674999999999999e-05,1.0674999999999999e-05,1.0674999999999999e-05,1.0674999999999999e-05,1.0674999999999999e-05,1.0674999999999999e-05,1.0674999999999999e-05,1.0674999999999999e-05,1.0674999999999999e-05,1.0674999999999999e-05,1.0674999999999999e-05,1.0674999999999999e-05,1.0674999999999999e-05,1.0674999999999999e-05,1.0674999999999999e-05,0.21362567500000001,1.0674999999999999e-05,1.0674999999999999e-05,1.0674999999999999e-05,1.0674999999999999e-05,1.0674999999999999e-05,10.692585674999979
37035_7#14,2.03e-05,0.8832553000000001,2.03e-05,0.0252452999999999,2.1303553,2.03e-05,0.1157452999999999,6.748235299999999,2.03e-05,3.4729353,2.03e-05,0.0331653,0.8360652999999999,2.03e-05,0.0015252999999999998,2.03e-05,0.11364529999999999,0.2794353,0.0276653,0.2426253,0.2038053,2.03e-05,0.0638353,0.09159529999999999,2.03e-05,0.2824953,0.1870653,0.1129952999999999,0.1716053,2.03e-05,0.005805299999999999,0.4262053,0.11669529999999999,2.03e-05,0.006365299999999899,2.03e-05,0.008105300000000001,0.39449529999999994,0.0510553,2.03e-05,0.0157953,0.0159153,0.0286053,2.03e-05,0.0030753,2.03e-05,2.2525853000000002,44.746775299999996,0.29051530000000003,0.2386753,2.03e-05,2.4058053000000004,0.07899529999999999,0.15175529999999998,0.3175153,2.03e-05,2.03e-05,0.0323953,2.03e-05,0.5419252999999999,2.03e-05,2.03e-05,2.03e-05,0.0856753,0.1187952999999999,0.1816053,2.0619753000000003,0.0172953,2.03e-05,0.004805299999999999,0.0406453,0.0312953,0.043165300000000004,2.03e-05,0.0099853,0.0747853,0.7354552999999999,0.1377453,0.0217953,0.0914353,0.1233253,0.3516053,2.03e-05,2.1164053000000003,0.0360753,0.0350353,0.11350529999999999,2.03e-05,2.03e-05,0.0053752999999999995,2.03e-05,0.0090153,2.03e-05,2.03e-05,0.0289252999999999,0.9269853,0.12370529999999999,2.03e-05,2.03e-05,2.03e-05,2.03e-05,2.03e-05,0.009035300000000001,0.0137153,2.03e-05,2.03e-05,0.0605753,0.0190453,2.03e-05,2.03e-05,2.03e-05,0.15780529999999998,2.03e-05,2.03e-05,2.03e-05,2.03e-05,0.7479252999999999,0.0073352999999999995,0.0379752999999999,0.0124153,0.010705300000000001,0.0028752999999999,0.0006952999999999,1.0350853,0.12058529999999999,0.12005529999999999,2.03e-05,0.0120152999999999,2.03e-05,0.0473953,2.03e-05,2.03e-05,2.03e-05,2.03e-05,2.03e-05,2.03e-05,2.03e-05,0.0226653,2.03e-05,0.3675253,0.08472529999999999,1.3470153,0.5401853,0.0241753,2.03e-05,0.10551529999999999,0.0473552999999999,0.0157153,0.06629529999999999,2.03e-05,0.0193753,2.03e-05,0.015465300000000001,0.036345300000000004,2.03e-05,2.03e-05,0.0207053,2.03e-05,0.3858453,0.029745300000000002,2.03e-05,0.0270053,0.1148853,0.010705300000000001,0.0120353,2.03e-05,0.0438053,2.03e-05,0.0028252999999999,2.03e-05,0.0114353,0.0142453,2.03e-05,2.03e-05,0.0028053,2.03e-05,2.03e-05,2.03e-05,0.0029853,2.03e-05,0.0067153,2.03e-05,2.03e-05,2.03e-05,2.03e-05,2.03e-05,2.03e-05,2.03e-05,2.03e-05,0.0047652999999998995,2.03e-05,2.03e-05,2.03e-05,6.1451253,0.0160153,0.0013053,2.03e-05,2.03e-05,2.03e-05,12.358965300000003
37035_7#15,1.2074999999999999e-05,1.0723470750000001,1.2074999999999999e-05,1.579857075,0.032467075,1.2074999999999999e-05,6.589807075,4.243507075000001,0.011967075,1.0963070750000001,0.06873707500000001,1.7649370750000002,0.004287075,1.2074999999999999e-05,1.2074999999999999e-05,1.1147570750000002,2.318857075,1.2074999999999999e-05,0.035537075,0.105087075,1.2074999999999999e-05,1.2074999999999999e-05,1.2074999999999999e-05,24.062837075,0.054747075,0.417887075,8.530147075,0.458947075,1.5121270750000002,1.2074999999999999e-05,1.2074999999999999e-05,1.2074999999999999e-05,0.20536707499999998,0.004287075,0.0062670749999999996,1.2074999999999999e-05,0.0063570749999999,1.2074999999999999e-05,0.12493707499999991,1.2074999999999999e-05,0.10462707500000001,2.5579870749999998,0.170987075,9.777607075,0.007027075,0.0005870749999999999,0.001617075,3.576467075,1.2074999999999999e-05,0.47408707499999997,1.2074999999999999e-05,1.2074999999999999e-05,0.023827075,15.938227075,1.2074999999999999e-05,1.2074999999999999e-05,1.2074999999999999e-05,0.423537075,1.2074999999999999e-05,0.010237075,0.1219570749999999,0.025117075,1.2074999999999999e-05,1.2074999999999999e-05,0.1165870749999999,1.2074999999999999e-05,1.2074999999999999e-05,0.198697075,0.574877075,1.2074999999999999e-05,0.012457075,0.06998707500000001,1.2074999999999999e-05,0.070577075,1.2074999999999999e-05,0.094777075,0.278357075,1.2074999999999999e-05,0.08984707500000001,1.2074999999999999e-05,1.2074999999999999e-05,1.2074999999999999e-05,1.2074999999999999e-05,1.2074999999999999e-05,0.242707075,1.247017075,1.2074999999999999e-05,1.2074999999999999e-05,0.177397075,1.2074999999999999e-05,0.035717075,1.2074999999999999e-05,1.2074999999999999e-05,1.2074999999999999e-05,1.2074999999999999e-05,0.069687075,0.177297075,1.2074999999999999e-05,1.2074999999999999e-05,0.182427075,1.2074999999999999e-05,1.2074999999999999e-05,0.120577075,1.2074999999999999e-05,0.0013970749999999,1.2074999999999999e-05,1.2074999999999999e-05,0.30201707499999997,0.090267075,1.2074999999999999e-05,1.2074999999999999e-05,1.2074999999999999e-05,0.163927075,1.2074999999999999e-05,0.041037075,1.2074999999999999e-05,1.2074999999999999e-05,1.2074999999999999e-05,1.2074999999999999e-05,1.2074999999999999e-05,1.2074999999999999e-05,1.2074999999999999e-05,0.187447075,1.2074999999999999e-05,1.2074999999999999e-05,1.2074999999999999e-05,1.2074999999999999e-05,1.2074999999999999e-05,0.027407075,1.2074999999999999e-05,1.2074999999999999e-05,1.2074999999999999e-05,1.2074999999999999e-05,1.2074999999999999e-05,1.2074999999999999e-05,1.2074999999999999e-05,1.2074999999999999e-05,1.2074999999999999e-05,0.073297075,1.2074999999999999e-05,1.2074999999999999e-05,1.2074999999999999e-05,1.2074999999999999e-05,1.2074999999999999e-05,1.2074999999999999e-05,1.2074999999999999e-05,1.2074999999999999e-05,1.2074999999999999e-05,1.2074999999999999e-05,1.2074999999999999e-05,1.2074999999999999e-05,1.2074999999999999e-05,1.2074999999999999e-05,1.2074999999999999e-05,0.000347075,0.036507075,1.2074999999999999e-05,1.2074999999999999e-05,1.2074999999999999e-05,1.2074999999999999e-05,0.002997075,1.2074999999999999e-05,1.2074999999999999e-05,1.2074999999999999e-05,1.2074999999999999e-05,1.2074999999999999e-05,1.2074999999999999e-05,1.2074999999999999e-05,1.2074999999999999e-05,1.2074999999999999e-05,1.2074999999999999e-05,1.2074999999999999e-05,1.2074999999999999e-05,1.2074999999999999e-05,1.2074999999999999e-05,1.2074999999999999e-05,1.2074999999999999e-05,1.2074999999999999e-05,1.2074999999999999e-05,1.2074999999999999e-05,1.2074999999999999e-05,1.2074999999999999e-05,1.2074999999999999e-05,1.2074999999999999e-05,1.2074999999999999e-05,1.2074999999999999e-05,1.2074999999999999e-05,1.2074999999999999e-05,1.2074999999999999e-05,1.2074999999999999e-05,1.2074999999999999e-05,1.2074999999999999e-05,1.2074999999999999e-05,1.2074999999999999e-05,1.2074999999999999e-05,1.2074999999999999e-05,1.2074999999999999e-05,1.2074999999999999e-05,1.2074999999999999e-05,6.676517075000044
37035_7#16,0.06717914999999999,0.01287915,0.04802915,0.17430915,0.35549915,0.0179991499999999,1.71661915,9.28006915,2.4149999999999997e-05,6.45248915,2.4149999999999997e-05,0.20903915,0.37309915,0.23552915,0.02241915,0.0027291499999999996,0.33226915,0.06555915,0.28718915,0.1335491499999999,0.39396915,0.03294915,0.94990915,0.18467915,2.4149999999999997e-05,0.37398915,0.04187915,0.42971915,2.4149999999999997e-05,2.4149999999999997e-05,0.03094915,0.25046915,0.25177915,2.4149999999999997e-05,0.09885914999999999,2.4149999999999997e-05,0.31394915,0.54149915,0.0025591499999999996,2.4149999999999997e-05,2.4149999999999997e-05,0.00870915,0.00077915,2.4149999999999997e-05,0.00552915,2.4149999999999997e-05,0.40928915,1.01107915,2.4149999999999997e-05,2.4149999999999997e-05,2.4149999999999997e-05,0.01151915,0.02179915,0.27209915,2.4149999999999997e-05,2.4149999999999997e-05,0.13059915,0.00213915,2.4149999999999997e-05,1.55258915,0.00024914999999999996,2.4149999999999997e-05,2.4149999999999997e-05,0.9278891499999999,0.25008915,0.60138915,0.49384915,1.46188915,3.0926191500000004,0.07930915,0.13521914999999998,0.0220991499999999,0.007389150000000001,2.4149999999999997e-05,2.4149999999999997e-05,0.34892914999999997,1.32650915,5.59629915,0.13637915,0.06360914999999999,0.84003915,2.6640491500000003,0.31403915,0.59752915,0.01882915,2.4149999999999997e-05,0.12592915,0.26643915,0.16060915,0.09241914999999999,0.05208915,0.05464915,2.4149999999999997e-05,2.4149999999999997e-05,0.67196915,0.47229915,2.4149999999999997e-05,0.0029191499999999997,2.4149999999999997e-05,0.10322914999999999,0.42470915,0.02741915,0.6329791499999999,0.09124914999999999,0.0294291499999999,2.4149999999999997e-05,0.05402915,2.4149999999999997e-05,2.4149999999999997e-05,2.4149999999999997e-05,0.00023915,1.03275915,0.0019591499999999998,0.10584914999999999,2.4149999999999997e-05,0.01393915,2.4149999999999997e-05,0.02244915,0.05223915,9.817199149999999,0.07425915,0.04935915,2.4149999999999997e-05,2.4149999999999997e-05,0.16348915,2.4149999999999997e-05,0.03003915,2.4149999999999997e-05,0.03766915,0.08088914999999999,0.00149915,2.4149999999999997e-05,0.07741914999999999,2.4149999999999997e-05,0.04749915,2.4149999999999997e-05,2.4149999999999997e-05,0.80218915,2.4149999999999997e-05,0.09523915,0.0410591499999999,5.49188915,0.15913915,2.4149999999999997e-05,2.4149999999999997e-05,1.0340091500000002,0.07923915,3.3272091500000003,0.04024915,2.4149999999999997e-05,2.4149999999999997e-05,0.02819915,0.08733914999999999,0.06868914999999999,2.4149999999999997e-05,0.0603191499999999,0.48563915,2.4149999999999997e-05,2.4149999999999997e-05,0.00020915000000000002,2.4149999999999997e-05,0.28491915,0.05522915,0.06169915,0.19636915,2.4149999999999997e-05,0.10312914999999999,2.4149999999999997e-05,0.03179915,2.4149999999999997e-05,0.18348915,0.01856915,0.07495914999999999,0.08876914999999999,0.02629915,0.01144915,0.0969891499999999,2.4149999999999997e-05,2.4149999999999997e-05,0.01602915,0.16621914999999998,0.00836915,2.4149999999999997e-05,2.4149999999999997e-05,2.4149999999999997e-05,2.4149999999999997e-05,2.4149999999999997e-05,2.4149999999999997e-05,0.0420791499999999,0.04498915,0.0055391500000000005,2.4149999999999997e-05,0.25056915,2.4149999999999997e-05,0.19414915,0.17558915,0.07920914999999999,0.0084491499999999,0.03511915,24.978839149999988
37035_7#17,0.012367925,2.416517925,2.2924999999999998e-05,0.203267925,0.092347925,0.3205079249999999,3.2373979250000002,0.139547925,0.205627925,2.6774079250000002,2.2924999999999998e-05,1.5210179250000002,0.074507925,2.2924999999999998e-05,2.2924999999999998e-05,2.2924999999999998e-05,3.257447925,0.272537925,0.0618179249999999,1.0853779250000002,0.024967925,0.001077925,1.1491979250000002,3.9583179250000002,0.573857925,0.513467925,0.508877925,2.2924999999999998e-05,0.6886679250000001,2.2924999999999998e-05,2.2924999999999998e-05,2.2924999999999998e-05,0.246177925,2.2924999999999998e-05,0.319727925,2.2924999999999998e-05,2.2924999999999998e-05,0.030337924999999998,0.005947925,2.2924999999999998e-05,2.2924999999999998e-05,0.078487925,0.244727925,2.2924999999999998e-05,0.012077925,0.215727925,0.110607925,4.591397925,2.2924999999999998e-05,2.2924999999999998e-05,0.090047925,0.081657925,0.008507925,5.631597925,3.5731579250000003,2.2924999999999998e-05,1.918187925,0.0005779250000000001,0.0439779249999999,0.082177925,0.275337925,3.4671079249999996,2.2924999999999998e-05,0.020197925,0.027067925,0.2249079249999999,0.334807925,0.602147925,0.2287079249999999,2.2924999999999998e-05,2.2924999999999998e-05,2.2924999999999998e-05,0.056237925,0.278337925,8.317157924999998,2.2924999999999998e-05,0.394567925,0.015637925,2.2924999999999998e-05,0.036317925,0.002647925,0.208137925,0.219697925,0.114047925,0.852577925,0.423537925,2.2924999999999998e-05,2.2924999999999998e-05,0.212827925,2.2924999999999998e-05,0.007417925,0.040947925,0.396387925,2.2924999999999998e-05,2.2924999999999998e-05,0.077027925,0.724587925,0.021307925,0.010577925,0.310047925,0.024847925,0.031487925,0.493927925,0.012977925,2.2924999999999998e-05,2.2924999999999998e-05,0.0014579249999999999,0.5464279249999999,0.1208979249999999,2.2924999999999998e-05,2.2924999999999998e-05,0.049437925,0.129527925,0.000587925,0.047147925,0.004507924999999999,0.165177925,0.718167925,0.006137925,0.0673779249999999,2.2924999999999998e-05,2.2924999999999998e-05,0.049437925,0.068247925,1.179657925,0.086867925,0.248627925,1.142097925,0.142157925,0.102207925,2.2924999999999998e-05,1.1405279250000002,2.2924999999999998e-05,2.2924999999999998e-05,0.034147925,2.2924999999999998e-05,0.541267925,0.352587925,1.403617925,6.790157925,0.0009479249999999,0.336567925,0.252367925,0.072327925,0.019467925,2.2924999999999998e-05,2.2924999999999998e-05,0.008817924999999999,2.2924999999999998e-05,0.003267925,2.2924999999999998e-05,0.025107925,0.435337925,2.2924999999999998e-05,0.028957925,2.2924999999999998e-05,2.2924999999999998e-05,0.319637925,0.033797925,2.2924999999999998e-05,2.2924999999999998e-05,0.014607924999999999,0.0168079249999999,0.003387925,0.114117925,2.2924999999999998e-05,2.2924999999999998e-05,0.11927792499999999,0.050157925,2.2924999999999998e-05,0.006197925,0.020257925,0.488217925,0.008797925,2.2924999999999998e-05,2.2924999999999998e-05,0.029227925,2.2924999999999998e-05,0.132747925,0.933197925,0.018907925,2.2924999999999998e-05,2.2924999999999998e-05,2.2924999999999998e-05,2.2924999999999998e-05,2.2924999999999998e-05,2.2924999999999998e-05,2.2924999999999998e-05,2.2924999999999998e-05,0.401947925,0.499687925,2.2924999999999998e-05,2.2924999999999998e-05,2.2924999999999998e-05,2.2924999999999998e-05,2.2924999999999998e-05,0.025537925,2.2924999999999998e-05,2.2924999999999998e-05,21.69545792499999
37035_7#19,1.1024999999999997e-05,1.1024999999999997e-05,1.1024999999999997e-05,1.389256025,0.016796024999999902,0.029216025,5.792346025,0.0040960250000000005,1.1024999999999997e-05,0.685776025,0.028296024999999902,0.433296025,0.026736025,1.1024999999999997e-05,1.1024999999999997e-05,0.9366660250000001,0.779996025,1.1024999999999997e-05,0.010826025,1.454006025,0.054996025,1.1024999999999997e-05,0.1163360249999999,2.431616025,12.338946025,0.024036024999999902,0.000756025,1.1024999999999997e-05,0.42590602499999997,1.1024999999999997e-05,1.1024999999999997e-05,1.1024999999999997e-05,0.138166025,1.1024999999999997e-05,0.036836024999999994,1.1024999999999997e-05,1.1024999999999997e-05,1.1024999999999997e-05,1.1024999999999997e-05,1.1024999999999997e-05,1.1024999999999997e-05,0.000506025,1.1024999999999997e-05,0.20264602499999998,0.013036024999999899,0.0067860249999999005,1.1024999999999997e-05,0.009456025,0.014296024999999999,1.1024999999999997e-05,0.745496025,1.1024999999999997e-05,1.1024999999999997e-05,1.836206025,1.172356025,1.1024999999999997e-05,0.020346025,1.1024999999999997e-05,0.386926025,1.1024999999999997e-05,0.31084602499999997,3.230836025,1.1024999999999997e-05,1.1024999999999997e-05,1.1024999999999997e-05,1.1024999999999997e-05,1.1024999999999997e-05,0.172496025,1.1024999999999997e-05,1.1024999999999997e-05,1.1024999999999997e-05,1.1024999999999997e-05,1.1024999999999997e-05,1.1024999999999997e-05,1.1024999999999997e-05,1.1024999999999997e-05,1.1024999999999997e-05,1.1024999999999997e-05,1.1024999999999997e-05,1.1024999999999997e-05,1.1024999999999997e-05,1.1024999999999997e-05,0.08232602500000001,1.1024999999999997e-05,0.063196025,1.1024999999999997e-05,1.1024999999999997e-05,1.1024999999999997e-05,0.016256025,1.1024999999999997e-05,1.1024999999999997e-05,1.1024999999999997e-05,0.004346025,1.1024999999999997e-05,1.1024999999999997e-05,0.41153602499999997,1.323286025,1.1024999999999997e-05,0.0059060249999999,0.003256025,1.1024999999999997e-05,0.012356025,0.0105560249999999,1.1024999999999997e-05,0.006516025,1.1024999999999997e-05,1.1024999999999997e-05,0.032436025,0.029586025000000002,1.1024999999999997e-05,1.1024999999999997e-05,1.1024999999999997e-05,0.0013460249999999998,1.1024999999999997e-05,0.037826025,1.1024999999999997e-05,1.1024999999999997e-05,1.1024999999999997e-05,1.1024999999999997e-05,1.1024999999999997e-05,1.1024999999999997e-05,1.1024999999999997e-05,1.1024999999999997e-05,1.1024999999999997e-05,1.1024999999999997e-05,0.021176025,1.1024999999999997e-05,0.150566025,1.1024999999999997e-05,1.1024999999999997e-05,1.1024999999999997e-05,0.076086025,1.1024999999999997e-05,1.1024999999999997e-05,1.1024999999999997e-05,1.1024999999999997e-05,1.1024999999999997e-05,1.1024999999999997e-05,1.1024999999999997e-05,0.051636024999999995,1.1024999999999997e-05,1.1024999999999997e-05,1.1024999999999997e-05,1.1024999999999997e-05,1.1024999999999997e-05,1.1024999999999997e-05,1.1024999999999997e-05,1.1024999999999997e-05,1.1024999999999997e-05,1.1024999999999997e-05,1.1024999999999997e-05,1.1024999999999997e-05,1.1024999999999997e-05,1.1024999999999997e-05,1.1024999999999997e-05,1.1024999999999997e-05,1.1024999999999997e-05,0.9052660250000001,1.1024999999999997e-05,0.024316025,1.1024999999999997e-05,1.1024999999999997e-05,1.1024999999999997e-05,1.1024999999999997e-05,1.1024999999999997e-05,0.0030160249999999,1.1024999999999997e-05,1.1024999999999997e-05,1.1024999999999997e-05,1.1024999999999997e-05,1.1024999999999997e-05,1.1024999999999997e-05,1.1024999999999997e-05,1.1024999999999997e-05,1.1024999999999997e-05,1.1024999999999997e-05,1.1024999999999997e-05,1.1024999999999997e-05,1.1024999999999997e-05,0.445136025,1.1024999999999997e-05,1.1024999999999997e-05,1.1024999999999997e-05,1.1024999999999997e-05,1.1024999999999997e-05,1.1024999999999997e-05,1.1024999999999997e-05,1.1024999999999997e-05,1.1024999999999997e-05,0.17800602499999998,1.1024999999999997e-05,0.011606024999999999,1.1024999999999997e-05,1.1024999999999997e-05,1.1024999999999997e-05,1.1024999999999997e-05,0.0017660249999999998,1.1024999999999997e-05,1.1024999999999997e-05,60.81204602500001
37035_7#1,1.75e-05,1.4790325,1.75e-05,0.4425225,0.0659225,1.75e-05,2.0070325,0.1734125,1.75e-05,3.1250525000000002,0.0100225,1.8634625,0.10856249999999999,1.75e-05,1.75e-05,1.75e-05,1.6070325,0.07935249999999999,0.11368249999999999,0.5059825,1.75e-05,1.75e-05,0.4847625,1.4166025,1.75e-05,0.2666925,9.5063125,1.75e-05,0.2538525,1.75e-05,1.75e-05,1.75e-05,0.0023025,1.75e-05,0.1930725,1.75e-05,1.75e-05,1.75e-05,1.75e-05,1.75e-05,1.75e-05,0.0269025,0.2930725,1.75e-05,1.75e-05,0.0056825,0.035042500000000004,2.0948625,1.75e-05,1.75e-05,1.4742325,0.0206424999999999,1.75e-05,3.6382825000000003,3.947112500000001,1.75e-05,0.1502225,0.0274625,0.0274025,0.0406325,0.2852625,0.3170125,0.2270424999999999,1.75e-05,0.0214024999999999,0.1580025,0.11390249999999999,0.5621025,0.3974425,1.75e-05,1.75e-05,1.75e-05,1.75e-05,0.1253825,1.75e-05,0.0010125000000000002,0.0662025,1.75e-05,1.75e-05,1.75e-05,1.75e-05,0.036672500000000004,0.8879525,0.0239425,0.08000249999999999,1.2924325,1.75e-05,1.75e-05,0.047462500000000005,1.75e-05,1.75e-05,0.0037925,0.9823725,1.75e-05,1.75e-05,1.75e-05,11.509482499999999,0.0025924999999999998,2.8572425000000004,0.15580249999999998,1.75e-05,0.0206524999999999,0.2106024999999999,0.0081025,0.0195525,0.1019025,1.75e-05,2.0144425000000004,0.1146225,1.75e-05,1.75e-05,1.75e-05,1.75e-05,1.75e-05,1.75e-05,1.75e-05,1.75e-05,0.1687825,1.75e-05,0.0136125,1.75e-05,0.0932525,0.1803025,0.0211325,0.0407425,0.0190525,0.24708249999999998,0.6599325,0.1445025,1.75e-05,0.0093925,0.10331249999999989,1.75e-05,1.75e-05,0.0034624999999998997,1.75e-05,7.318572499999998,1.75e-05,0.0199325,9.0365725,1.75e-05,0.0563724999999999,0.0462224999999999,0.0011325,1.75e-05,1.75e-05,0.0142525,1.75e-05,1.75e-05,1.75e-05,1.75e-05,1.75e-05,0.06965249999999999,1.75e-05,1.75e-05,1.75e-05,1.75e-05,1.75e-05,0.0340325,0.3374925,0.6042225,1.75e-05,1.75e-05,1.75e-05,1.75e-05,0.9623524999999999,1.75e-05,0.0059924999999999996,1.75e-05,0.0307825,1.75e-05,0.0113925,0.4227125,0.035882500000000005,1.75e-05,1.75e-05,1.75e-05,1.75e-05,0.1012825,0.11501249999999999,1.75e-05,1.75e-05,1.75e-05,1.75e-05,1.75e-05,1.75e-05,1.75e-05,1.75e-05,1.75e-05,1.75e-05,0.1046325,0.2385225,1.75e-05,0.2645425,1.75e-05,0.0131925,1.75e-05,1.75e-05,1.75e-05,20.3183125
37035_7#20,1.9775e-05,0.003414775,1.9775e-05,0.038634774999999996,1.631044775,1.9775e-05,0.398304775,5.649204774999999,0.045064775,2.9075747750000005,0.000574775,0.028834775,3.0208247750000004,1.9775e-05,0.005804775,0.025634775,0.20784477499999998,0.049594775,0.015854774999999998,1.0539347749999999,0.141084775,1.9775e-05,0.004434775,0.8168147750000001,0.031544775,0.133074775,1.449994775,0.06523477500000001,0.0021847750000000003,1.9775e-05,0.010294774999999999,0.110894775,0.277444775,1.9775e-05,1.9775e-05,1.9775e-05,0.026344775,0.064854775,0.574974775,1.9775e-05,0.048244775,0.216634775,1.9775e-05,0.003284775,1.9775e-05,1.9775e-05,0.9790447750000001,36.602934775,1.011814775,0.162924775,1.9775e-05,2.305364775,0.7593247750000001,0.1667647749999999,0.13896477499999998,1.9775e-05,1.9775e-05,0.035914774999999996,1.9775e-05,0.183094775,0.042494775,0.008964775,4.383094775,0.14903477499999998,0.024254775,0.605404775,2.730334775,1.9775e-05,0.505754775,1.9775e-05,0.1169847749999999,0.023014774999999998,0.023574775,0.11727477500000001,0.057204775,0.139924775,0.0203047749999999,0.071614775,1.9775e-05,0.047834774999999996,0.053364774999999996,0.20684477499999998,0.020974775,2.4971547750000003,0.22097477499999998,1.9775e-05,0.023544775,0.038294774999999996,1.9775e-05,0.011334775,1.9775e-05,1.9775e-05,1.9775e-05,0.004334775,0.0372047749999999,1.9775e-05,0.000384775,1.9775e-05,0.041794775,1.9775e-05,1.9775e-05,1.9775e-05,0.000524775,1.9775e-05,1.9775e-05,0.010044774999999999,0.0757147749999999,1.9775e-05,1.9775e-05,0.0043847750000000005,0.008214774999999999,0.033354774999999996,1.9775e-05,1.9775e-05,0.003994775,1.9775e-05,0.34210477499999997,1.9775e-05,0.001894775,0.031884775,1.9775e-05,1.9775e-05,1.9775e-05,0.24267477499999998,0.1352947749999999,0.023584775,0.000994775,0.013434775,1.9775e-05,0.015484775,1.9775e-05,1.9775e-05,1.9775e-05,1.9775e-05,1.9775e-05,1.9775e-05,1.9775e-05,0.005164775,0.1367647749999999,0.237634775,1.9775e-05,0.055474775,0.060194775,1.9775e-05,1.9775e-05,1.9775e-05,0.017694775,1.9775e-05,0.019674775,0.010024775,0.021784775,1.9775e-05,0.22205477499999998,0.011114774999999999,0.010634774999999999,1.9775e-05,1.9775e-05,0.001524775,0.429144775,1.9775e-05,0.010474774999999999,0.2312047749999999,1.9775e-05,1.9775e-05,0.012754775,0.004464775,1.9775e-05,0.051454775,1.9775e-05,1.9775e-05,1.9775e-05,1.9775e-05,1.9775e-05,1.9775e-05,0.021714775,1.9775e-05,1.9775e-05,0.000794775,1.9775e-05,1.9775e-05,1.9775e-05,1.9775e-05,1.9775e-05,1.9775e-05,1.9775e-05,0.003784775,1.9775e-05,1.9775e-05,1.9775e-05,1.9775e-05,1.9775e-05,0.011074774999999999,1.9775e-05,0.142334775,1.9775e-05,1.9775e-05,1.9775e-05,1.9775e-05,1.9775e-05,23.696834775000045
37035_7#21,1.6449999999999997e-05,0.010081449999999999,1.6449999999999997e-05,0.011111449999999998,0.0267014499999999,1.6449999999999997e-05,4.88368145,0.00544145,0.03826145,3.40722145,0.015191449999999999,0.97049145,1.6449999999999997e-05,1.6449999999999997e-05,1.6449999999999997e-05,0.32888145,0.48974144999999997,0.03508145,1.6449999999999997e-05,0.35065145,0.03974145,1.6449999999999997e-05,0.07515145,0.35155145,1.15813145,0.15540145,0.06284145,0.01670145,0.1546614499999999,1.6449999999999997e-05,0.05539145,1.6449999999999997e-05,0.00039145,1.6449999999999997e-05,0.14792144999999998,1.6449999999999997e-05,1.6449999999999997e-05,1.6449999999999997e-05,1.6449999999999997e-05,1.6449999999999997e-05,1.6449999999999997e-05,1.6449999999999997e-05,0.00075145,0.011311449999999999,0.00106145,1.6449999999999997e-05,1.6449999999999997e-05,0.07759144999999999,0.00697145,1.6449999999999997e-05,0.02829145,1.6449999999999997e-05,0.15780144999999998,3.42259145,0.26127145,0.00730145,0.00372145,1.6449999999999997e-05,0.03605145,1.6449999999999997e-05,0.02020145,0.9633814500000001,1.6449999999999997e-05,1.6449999999999997e-05,1.6449999999999997e-05,0.00294145,1.6449999999999997e-05,0.14000145,0.00349145,1.6449999999999997e-05,1.6449999999999997e-05,1.6449999999999997e-05,0.00507145,1.6449999999999997e-05,0.00556145,0.00590145,0.04814145,1.6449999999999997e-05,1.6449999999999997e-05,0.00629145,1.6449999999999997e-05,0.05864145,0.5439814500000001,1.6449999999999997e-05,1.6449999999999997e-05,1.6449999999999997e-05,1.6449999999999997e-05,1.6449999999999997e-05,0.02955145,1.6449999999999997e-05,1.6449999999999997e-05,0.00058145,0.07700145,1.6449999999999997e-05,1.6449999999999997e-05,0.08089144999999999,0.5210914500000001,1.6449999999999997e-05,0.00710145,0.11443144999999999,1.6449999999999997e-05,0.08600145,0.15728145,0.0028514499999999,1.6449999999999997e-05,0.03936145,0.00041145,0.51584145,0.10303145,1.6449999999999997e-05,1.6449999999999997e-05,1.6449999999999997e-05,0.0031714499999999,1.6449999999999997e-05,0.28577145,1.6449999999999997e-05,0.008381449999999999,0.11218144999999999,1.6449999999999997e-05,0.028721449999999902,1.6449999999999997e-05,0.05300145,1.6449999999999997e-05,1.6449999999999997e-05,1.6449999999999997e-05,1.6449999999999997e-05,1.6449999999999997e-05,0.11346144999999999,0.09683145,0.19499144999999998,0.00102145,0.058481450000000004,1.6449999999999997e-05,1.6449999999999997e-05,0.00133145,1.6449999999999997e-05,1.6449999999999997e-05,1.6449999999999997e-05,0.17562144999999998,1.4893114499999998,0.00533145,1.6449999999999997e-05,0.0014014499999999,1.6449999999999997e-05,1.6449999999999997e-05,1.6449999999999997e-05,0.01167145,0.0098414499999999,1.6449999999999997e-05,1.6449999999999997e-05,1.6449999999999997e-05,1.6449999999999997e-05,0.7184814500000001,1.6449999999999997e-05,1.6449999999999997e-05,1.6449999999999997e-05,1.6449999999999997e-05,1.6449999999999997e-05,1.6449999999999997e-05,1.08293145,1.6449999999999997e-05,1.6449999999999997e-05,1.6449999999999997e-05,1.6449999999999997e-05,1.6449999999999997e-05,0.08053144999999999,1.6449999999999997e-05,1.6449999999999997e-05,0.0505714499999999,0.053201450000000004,1.6449999999999997e-05,1.6449999999999997e-05,0.06572144999999989,0.00060145,1.6449999999999997e-05,1.6449999999999997e-05,1.6449999999999997e-05,1.6449999999999997e-05,0.028991450000000002,0.13802145,0.0212514499999999,1.6449999999999997e-05,1.6449999999999997e-05,1.6449999999999997e-05,1.6449999999999997e-05,1.6449999999999997e-05,1.6449999999999997e-05,1.6449999999999997e-05,1.6449999999999997e-05,1.6449999999999997e-05,0.012601449999999998,0.11005145,1.6449999999999997e-05,0.008641449999999998,1.6449999999999997e-05,1.6449999999999997e-05,1.6449999999999997e-05,1.6449999999999997e-05,1.6449999999999997e-05,74.63195145000002
37035_7#22,1.6624999999999998e-05,0.016081625,1.6624999999999998e-05,0.056271625,0.142041625,1.6624999999999998e-05,0.691081625,0.003921625,0.039431625,1.026011625,0.001771625,0.129131625,0.024201624999999997,1.6624999999999998e-05,0.043541625,0.074581625,0.168851625,0.005691625,1.6624999999999998e-05,0.098691625,0.119691625,1.6624999999999998e-05,0.338741625,1.492491625,1.6624999999999998e-05,0.008021625000000001,0.791351625,1.6624999999999998e-05,0.047651624999999996,1.6624999999999998e-05,1.6624999999999998e-05,1.6624999999999998e-05,0.001811625,1.6624999999999998e-05,0.09568162499999999,1.6624999999999998e-05,0.0153516249999999,0.00012162499999999999,0.002771625,1.6624999999999998e-05,1.6624999999999998e-05,1.6624999999999998e-05,0.225771625,1.6624999999999998e-05,1.6624999999999998e-05,0.001531625,1.6624999999999998e-05,0.043051624999999996,1.6624999999999998e-05,1.6624999999999998e-05,1.6624999999999998e-05,1.6624999999999998e-05,1.6624999999999998e-05,0.7919516249999999,0.030861625,0.030811625,0.075911625,1.6624999999999998e-05,0.0605116249999999,1.6624999999999998e-05,0.002531625,0.023051625,1.6624999999999998e-05,1.6624999999999998e-05,1.6624999999999998e-05,0.153871625,1.6624999999999998e-05,0.508401625,0.046061625,1.6624999999999998e-05,1.6624999999999998e-05,1.6624999999999998e-05,0.018241624999999997,0.028211625,0.029581625,0.001141625,0.003161625,0.033111625,1.6624999999999998e-05,0.035061625,1.6624999999999998e-05,0.022051625,0.278071625,0.006221625,0.211311625,0.005751625,1.6624999999999998e-05,0.019621625,0.087091625,1.6624999999999998e-05,0.0048216249999999995,1.6624999999999998e-05,1.6624999999999998e-05,1.6624999999999998e-05,1.6624999999999998e-05,0.011321625,1.6624999999999998e-05,1.6624999999999998e-05,0.027381625,0.14467162500000003,1.6624999999999998e-05,1.6624999999999998e-05,0.157751625,0.002361625,1.6624999999999998e-05,1.6624999999999998e-05,1.6624999999999998e-05,0.032501625,1.6624999999999998e-05,1.6624999999999998e-05,1.6624999999999998e-05,1.6624999999999998e-05,1.6624999999999998e-05,1.6624999999999998e-05,1.6624999999999998e-05,1.6624999999999998e-05,1.6624999999999998e-05,0.015191625,1.6624999999999998e-05,0.106531625,1.6624999999999998e-05,0.002321625,0.4687516249999999,1.6624999999999998e-05,1.6624999999999998e-05,1.6624999999999998e-05,0.022041625,1.6624999999999998e-05,0.007071625,0.086851625,0.001441625,1.6624999999999998e-05,1.6624999999999998e-05,0.0028716249999999,0.0520216249999999,1.6624999999999998e-05,1.6624999999999998e-05,1.6624999999999998e-05,1.6624999999999998e-05,0.20036162500000002,1.6624999999999998e-05,0.091971625,0.001881625,1.6624999999999998e-05,0.004941625,1.6624999999999998e-05,1.6624999999999998e-05,0.018181625,1.6624999999999998e-05,0.0525616249999999,1.6624999999999998e-05,1.6624999999999998e-05,0.001961625,1.6624999999999998e-05,0.016001625,1.6624999999999998e-05,1.6624999999999998e-05,0.006531625,1.6624999999999998e-05,0.259041625,1.6624999999999998e-05,0.013431625,1.6624999999999998e-05,1.6624999999999998e-05,0.0021716249999998998,1.6624999999999998e-05,1.6624999999999998e-05,1.6624999999999998e-05,0.007221625,1.6624999999999998e-05,0.005511624999999899,1.6624999999999998e-05,0.114041625,0.0232016249999999,1.6624999999999998e-05,1.6624999999999998e-05,0.0168916249999999,1.6624999999999998e-05,1.6624999999999998e-05,0.25284162499999996,0.005981625,1.6624999999999998e-05,1.6624999999999998e-05,1.6624999999999998e-05,1.6624999999999998e-05,1.6624999999999998e-05,1.6624999999999998e-05,1.6624999999999998e-05,1.6624999999999998e-05,0.542931625,0.110161625,1.6624999999999998e-05,1.6624999999999998e-05,1.6624999999999998e-05,0.001691625,0.0022516249999999997,0.002041625,1.6624999999999998e-05,1.6624999999999998e-05,88.89059162500001
37035_7#23,2.31e-05,0.45799809999999996,2.31e-05,0.4514780999999999,1.1502681,0.14118809999999998,2.4702281,3.5627980999999997,0.1379181,9.2789481,0.3861381,0.14620809999999998,0.4320981,2.31e-05,0.044938099999999995,0.3711581,0.4193781,0.8656881000000001,0.0742180999999999,0.28609809999999997,1.5963081000000001,2.31e-05,0.9026781,0.1634081,0.1385381,1.4750081,0.3224181,0.0832680999999999,0.2459181,2.31e-05,0.0310581,2.31e-05,4.5120481,2.31e-05,0.0231681,2.31e-05,0.1744681,0.4675881,0.7972381000000001,2.31e-05,2.31e-05,2.31e-05,2.31e-05,2.31e-05,0.0131081,2.31e-05,0.23815809999999998,15.338268099999999,2.31e-05,0.0390381,0.0409381,0.4408280999999999,1.2101480999999998,0.8979081000000001,7.3872081000000005,2.31e-05,0.0205281,0.1083680999999999,2.31e-05,0.9908681,0.20978809999999998,0.6847181000000001,0.5499381000000001,0.0736281,0.4374280999999999,2.31e-05,0.2704281,0.5732981,2.31e-05,0.030368100000000002,0.1325681,0.0423381,2.31e-05,0.056718099999999896,2.31e-05,0.1962881,0.5458881000000001,1.0430081,0.17584809999999998,2.31e-05,0.2015881,1.6928881,0.16685809999999998,2.31e-05,0.2565881,2.31e-05,0.011288099999999999,2.31e-05,0.0204281,2.31e-05,0.015108099999999899,0.7983781,0.1960881,0.007248099999999901,0.061438099999999995,0.13455809999999999,0.6616081,0.014228099999999999,0.0193281,0.0203681,0.2610181,0.0165081,2.31e-05,0.0428181,2.31e-05,2.31e-05,0.023638100000000002,0.1148281,2.31e-05,2.31e-05,2.31e-05,0.2529781,0.0173681,0.1291281,0.0129181,2.31e-05,0.1883581,0.028998100000000002,0.0088881,0.1355381,0.007578100000000001,2.31e-05,2.31e-05,2.31e-05,1.1267781,2.31e-05,2.31e-05,2.31e-05,0.0111281,0.1157581,0.4798580999999999,0.0041781000000000006,0.012558099999999999,2.31e-05,2.31e-05,2.31e-05,1.3209180999999999,0.0049881000000000005,2.31e-05,2.31e-05,0.9929781000000001,3.5029281,0.8039581,1.1825181,2.31e-05,0.050308099999999994,0.1062180999999999,0.9261281,2.31e-05,0.18134809999999998,0.012398099999999999,0.051308099999999995,0.0532881,0.037028099999999994,0.2482981,0.0306581,2.31e-05,2.31e-05,0.031118100000000003,0.2608781,2.31e-05,0.18966809999999998,0.0628181,0.0478281,0.1030781,2.31e-05,0.0241881,2.31e-05,0.10134810000000001,0.0032081,0.22145809999999988,0.0186581,0.007708100000000001,2.31e-05,2.31e-05,2.31e-05,0.0356081,2.31e-05,2.31e-05,2.31e-05,0.0127681,2.31e-05,2.31e-05,2.31e-05,2.31e-05,2.31e-05,2.31e-05,2.31e-05,0.022428100000000003,2.31e-05,0.0034481,0.0088081,0.1365681,2.31e-05,0.0311280999999999,0.19216809999999998,0.0144681,2.31e-05,2.31e-05,18.337518099999993
37035_7#24,9.449999999999996e-06,20.58006445,9.449999999999996e-06,0.05747445,0.00862445,9.449999999999996e-06,7.24470445,0.5308944499999999,0.31900445,0.9677044499999999,1.05647445,2.5322844499999997,3.01294445,9.449999999999996e-06,9.449999999999996e-06,1.29148445,0.76207445,9.449999999999996e-06,0.0101844499999999,0.0049444499999999995,9.449999999999996e-06,9.449999999999996e-06,1.0094744500000001,16.34484445,9.449999999999996e-06,0.09395445,0.25520445,0.16257444999999998,0.0275644499999999,9.449999999999996e-06,9.449999999999996e-06,9.449999999999996e-06,0.07455445,0.02384445,0.01826445,9.449999999999996e-06,9.449999999999996e-06,9.449999999999996e-06,9.449999999999996e-06,9.449999999999996e-06,0.24186444999999998,0.02632445,0.04001445,0.04159445,9.449999999999996e-06,9.449999999999996e-06,0.0508144499999999,1.05976445,9.449999999999996e-06,0.73813445,9.449999999999996e-06,0.35780445,9.449999999999996e-06,0.44550445,0.40009445,9.449999999999996e-06,9.449999999999996e-06,0.16315444999999998,9.449999999999996e-06,9.449999999999996e-06,9.449999999999996e-06,9.449999999999996e-06,9.449999999999996e-06,9.449999999999996e-06,9.449999999999996e-06,9.449999999999996e-06,0.87059445,0.75568445,9.449999999999996e-06,9.449999999999996e-06,0.00169445,9.449999999999996e-06,9.449999999999996e-06,0.44932445000000004,9.449999999999996e-06,9.449999999999996e-06,9.449999999999996e-06,9.449999999999996e-06,0.06020445,9.449999999999996e-06,9.449999999999996e-06,9.449999999999996e-06,9.449999999999996e-06,9.449999999999996e-06,0.008654450000000001,0.06895445,9.449999999999996e-06,9.449999999999996e-06,0.12537445,9.449999999999996e-06,9.449999999999996e-06,9.449999999999996e-06,29.90243445,9.449999999999996e-06,9.449999999999996e-06,9.449999999999996e-06,9.449999999999996e-06,9.449999999999996e-06,9.449999999999996e-06,0.40122445,9.449999999999996e-06,0.07927445,9.449999999999996e-06,9.449999999999996e-06,9.449999999999996e-06,0.13193444999999998,9.449999999999996e-06,9.449999999999996e-06,9.449999999999996e-06,9.449999999999996e-06,9.449999999999996e-06,0.00487445,0.15874444999999998,9.449999999999996e-06,9.449999999999996e-06,9.449999999999996e-06,9.449999999999996e-06,9.449999999999996e-06,9.449999999999996e-06,0.00845445,9.449999999999996e-06,9.449999999999996e-06,0.01639445,9.449999999999996e-06,9.449999999999996e-06,9.449999999999996e-06,9.449999999999996e-06,9.449999999999996e-06,9.449999999999996e-06,9.449999999999996e-06,9.449999999999996e-06,9.449999999999996e-06,9.449999999999996e-06,0.27520445,9.449999999999996e-06,9.449999999999996e-06,9.449999999999996e-06,0.08582445,9.449999999999996e-06,9.449999999999996e-06,9.449999999999996e-06,9.449999999999996e-06,9.449999999999996e-06,9.449999999999996e-06,9.449999999999996e-06,9.449999999999996e-06,9.449999999999996e-06,9.449999999999996e-06,9.449999999999996e-06,9.449999999999996e-06,9.449999999999996e-06,9.449999999999996e-06,9.449999999999996e-06,9.449999999999996e-06,9.449999999999996e-06,9.449999999999996e-06,9.449999999999996e-06,9.449999999999996e-06,9.449999999999996e-06,9.449999999999996e-06,9.449999999999996e-06,9.449999999999996e-06,9.449999999999996e-06,9.449999999999996e-06,9.449999999999996e-06,9.449999999999996e-06,9.449999999999996e-06,9.449999999999996e-06,9.449999999999996e-06,9.449999999999996e-06,9.449999999999996e-06,9.449999999999996e-06,9.449999999999996e-06,9.449999999999996e-06,9.449999999999996e-06,9.449999999999996e-06,9.449999999999996e-06,9.449999999999996e-06,9.449999999999996e-06,9.449999999999996e-06,9.449999999999996e-06,9.449999999999996e-06,9.449999999999996e-06,9.449999999999996e-06,9.449999999999996e-06,9.449999999999996e-06,9.449999999999996e-06,9.449999999999996e-06,9.449999999999996e-06,0.030164449999999902,9.449999999999996e-06,9.449999999999996e-06,9.449999999999996e-06,9.449999999999996e-06,9.449999999999996e-06,9.449999999999996e-06,9.449999999999996e-06,9.449999999999996e-06,9.449999999999996e-06,6.609394449999988
37035_7#25,0.5124605750000001,0.0143505749999999,0.196190575,0.650950575,0.110670575,0.113600575,1.656330575,39.544490575000005,1.5575e-05,3.531490575,0.041950575000000004,0.432530575,0.613770575,0.40594057499999997,1.5575e-05,0.834240575,1.468500575,0.038220574999999896,0.013910575,0.726650575,0.041860575,0.033710575000000007,0.515900575,2.557040575,1.0538905749999998,0.177040575,0.246030575,0.0248905749999999,0.13756057500000002,0.002630575,0.028040575,0.033210575000000006,0.040040574999999995,0.288220575,0.106430575,1.5575e-05,1.101420575,0.000330575,1.5575e-05,1.5575e-05,0.021480575,0.250930575,0.139150575,1.5575e-05,1.5575e-05,0.058840575000000006,1.5575e-05,1.652070575,0.583700575,1.5575e-05,0.233350575,0.001360575,0.021860575,5.039400575,6.214760575000001,1.5575e-05,1.5575e-05,1.5575e-05,0.10538057499999999,0.0727105749999999,0.040950575,0.027250575,1.5575e-05,1.5575e-05,0.003550575,1.5575e-05,1.5575e-05,2.537610575,1.5575e-05,1.5575e-05,1.5575e-05,1.5575e-05,1.5575e-05,1.5575e-05,1.5575e-05,1.5575e-05,1.5575e-05,0.36563057499999996,1.5575e-05,1.5575e-05,1.5575e-05,0.076830575,0.080780575,1.5575e-05,1.5575e-05,0.250770575,0.061990575000000006,1.5575e-05,0.018740575,1.5575e-05,1.5575e-05,1.5575e-05,0.027750575,1.5575e-05,0.068280575,0.40454057499999996,1.5575e-05,1.5575e-05,0.1831905749999999,0.0254905749999999,0.002570575,0.049250575000000005,0.21868057500000002,0.260880575,1.5575e-05,0.15346057500000002,0.049990574999999995,1.5575e-05,1.5575e-05,1.5575e-05,1.5575e-05,0.12563057500000002,0.020140575,0.0150405749999999,0.012460575,1.5575e-05,0.42603057499999997,1.5575e-05,1.5575e-05,0.220810575,1.5575e-05,0.364170575,0.0220005749999999,1.5575e-05,1.5575e-05,1.5575e-05,1.5575e-05,1.5575e-05,0.39394057499999996,1.5575e-05,1.5575e-05,1.5575e-05,1.5575e-05,1.5575e-05,1.5575e-05,1.5575e-05,0.269020575,1.5575e-05,1.5575e-05,1.5575e-05,1.5575e-05,0.762280575,1.5575e-05,1.5575e-05,1.5575e-05,1.5575e-05,1.5575e-05,1.5575e-05,1.5575e-05,1.5575e-05,1.5575e-05,1.5575e-05,0.003780575,0.033660575,1.5575e-05,1.5575e-05,1.5575e-05,1.5575e-05,1.5575e-05,1.5575e-05,1.5575e-05,0.061490575000000006,1.5575e-05,1.5575e-05,1.5575e-05,1.5575e-05,1.5575e-05,0.15743057500000002,1.5575e-05,1.5575e-05,1.5575e-05,1.5575e-05,1.5575e-05,0.005960575,1.5575e-05,1.5575e-05,1.5575e-05,1.5575e-05,1.5575e-05,1.5575e-05,1.5575e-05,1.5575e-05,1.5575e-05,1.5575e-05,1.5575e-05,1.5575e-05,0.035070574999999896,1.5575e-05,1.5575e-05,0.020340575,1.5575e-05,1.5575e-05,1.5575e-05,1.5575e-05,1.5575e-05,1.5575e-05,0.004260575,1.5575e-05,1.5575e-05,20.44706057500001
37035_7#2,2.4325e-05,0.115979325,2.4325e-05,0.16337932500000002,0.836229325,2.4325e-05,0.12812932500000002,6.166879325,0.048899325,6.938089325,0.014799325,0.102119325,4.543219325,2.4325e-05,2.4325e-05,2.4325e-05,0.5627693250000001,0.045029324999999995,0.021119324999999998,0.12851932500000002,0.041159325,2.4325e-05,0.321919325,0.9531893250000001,2.4325e-05,1.3697493250000001,0.196559325,0.015829324999999998,0.082059325,2.4325e-05,0.10886932499999989,0.37129932499999996,0.944979325,2.4325e-05,0.035979325,2.4325e-05,0.014639325,0.028039324999999997,0.051049325,2.4325e-05,0.201049325,0.6369593250000001,2.4325e-05,2.4325e-05,0.0021793249999999,2.4325e-05,1.6295793250000001,23.412549325,0.080339325,0.36058932499999996,2.4325e-05,4.129559324999999,0.113839325,0.46804932499999996,0.530809325,2.4325e-05,0.028319325,0.08197932499999999,2.4325e-05,0.434519325,0.012529325000000001,0.0176593249999999,5.849439325,0.024599325,0.5818993250000001,0.5041993250000001,2.6174293250000003,0.033899325,0.019059325,0.260839325,0.209789325,0.044929325,0.08007932499999999,0.016039324999999997,2.4325e-05,0.545589325,0.050049325,0.0150593249999999,0.048149325,0.015469325,0.29309932499999997,0.733009325,2.4325e-05,1.451589325,0.028319325,0.151799325,0.4491093249999999,2.4325e-05,0.024279324999999997,0.018469324999999998,0.002819325,0.023299325,0.018279325,0.021829324999999997,0.022929324999999997,1.039989325,0.1948493249999999,2.4325e-05,0.127789325,0.084979325,0.0464093249999999,0.027309325,0.020939324999999998,0.011399325,2.4325e-05,0.056409324999999996,0.096049325,0.023349324999999997,2.4325e-05,2.4325e-05,0.039769325,0.138859325,2.4325e-05,2.4325e-05,0.001209325,2.4325e-05,4.548319325,2.4325e-05,0.012299325,0.044549325,0.07002932499999989,0.017239325,0.036289325,0.359789325,2.4325e-05,0.011069325,0.0025393250000000003,0.13273932500000002,2.4325e-05,0.015179325,0.0127493249999999,2.4325e-05,0.0018493250000000002,2.4325e-05,2.4325e-05,2.4325e-05,2.4325e-05,0.199609325,0.251259325,0.773029325,0.002849325,0.487219325,0.14416932500000001,2.4325e-05,0.014229325,0.21508932500000003,0.48870932499999997,0.036849324999999995,0.022999324999999998,2.4325e-05,0.249649325,0.052909325,0.032389325,0.041539324999999995,2.4325e-05,0.0027093249999999,0.041929324999999996,0.117269325,0.49529932499999996,0.5478193250000001,0.010709325,0.047099325,0.022039325,2.4325e-05,0.018029325,2.4325e-05,0.047529325,2.4325e-05,2.4325e-05,2.4325e-05,0.004889325,0.022679324999999997,2.4325e-05,2.4325e-05,0.033799325,2.4325e-05,2.4325e-05,0.071139325,2.4325e-05,2.4325e-05,0.0053693249999999,2.4325e-05,2.4325e-05,0.008039325,2.4325e-05,2.4325e-05,2.4325e-05,2.4325e-05,2.4325e-05,2.089449325,2.4325e-05,0.011859325,2.4325e-05,0.13614932500000002,0.0298593249999999,2.4325e-05,0.018209325,2.4325e-05,0.0260293249999999,15.357819324999992
37035_7#3,0.010659875000000001,0.068279875,0.027129875,0.118829875,1.656579875,1.4874999999999996e-05,0.5396998749999999,14.671199875000001,1.4874999999999996e-05,0.176739875,0.015439875,0.001539875,3.6136698750000003,1.4874999999999996e-05,0.037509875,0.060859874999999994,0.815939875,1.845109875,1.4874999999999996e-05,0.982509875,0.312709875,1.4874999999999996e-05,1.4874999999999996e-05,1.136259875,0.009469875,0.8121498749999999,4.442329875,0.32198987500000004,0.015719875,1.4874999999999996e-05,0.025949875,0.732899875,0.024879875,1.4874999999999996e-05,1.4874999999999996e-05,1.4874999999999996e-05,0.16395987499999998,0.092509875,3.015899875,1.4874999999999996e-05,0.6670198749999999,1.0879098749999998,1.4874999999999996e-05,1.4874999999999996e-05,1.4874999999999996e-05,1.4874999999999996e-05,0.215159875,39.889929875,1.4874999999999996e-05,0.21499987499999998,0.004229875,1.401209875,1.4874999999999996e-05,0.159849875,0.001759875,1.4874999999999996e-05,1.4874999999999996e-05,0.1466398749999999,1.4874999999999996e-05,0.20803987499999999,1.4874999999999996e-05,0.039849874999999896,0.2230998749999999,0.031839875,0.003189875,1.4874999999999996e-05,1.1116498750000001,0.014859875000000002,1.4874999999999996e-05,0.0194498749999999,0.1197398749999999,0.07617987500000001,0.049619874999999994,0.22799987499999988,1.4874999999999996e-05,0.085759875,1.4874999999999996e-05,0.391349875,1.4874999999999996e-05,0.7451798749999999,0.027679875,0.011029875000000001,1.4874999999999996e-05,1.4874999999999996e-05,0.050709874999999995,0.011029875000000001,0.112359875,1.4874999999999996e-05,0.006469875,0.012909875000000001,1.4874999999999996e-05,1.4874999999999996e-05,0.005369875,0.0135998749999999,0.006369875,1.4874999999999996e-05,0.080229875,0.0030198749999999,1.4874999999999996e-05,0.1153398749999999,1.4874999999999996e-05,0.008339875,1.4874999999999996e-05,1.4874999999999996e-05,0.017359875,1.4874999999999996e-05,0.0056498749999999995,1.4874999999999996e-05,1.4874999999999996e-05,0.1420598749999999,0.208159875,1.4874999999999996e-05,1.4874999999999996e-05,1.4874999999999996e-05,1.4874999999999996e-05,1.4874999999999996e-05,0.48195987500000004,1.4874999999999996e-05,1.4874999999999996e-05,1.4874999999999996e-05,1.4874999999999996e-05,1.4874999999999996e-05,1.4874999999999996e-05,0.074619875,1.4874999999999996e-05,0.031919874999999896,1.4874999999999996e-05,1.4874999999999996e-05,1.4874999999999996e-05,0.118979875,1.4874999999999996e-05,1.4874999999999996e-05,0.015079875000000001,1.4874999999999996e-05,1.4874999999999996e-05,1.4874999999999996e-05,1.4874999999999996e-05,1.4874999999999996e-05,0.0015898750000000001,1.4874999999999996e-05,0.082779875,1.4874999999999996e-05,1.4874999999999996e-05,1.4874999999999996e-05,1.4874999999999996e-05,1.4874999999999996e-05,1.4874999999999996e-05,1.4874999999999996e-05,1.4874999999999996e-05,1.4874999999999996e-05,1.4874999999999996e-05,1.4874999999999996e-05,0.035869874999999996,1.4874999999999996e-05,1.4874999999999996e-05,1.4874999999999996e-05,1.4874999999999996e-05,1.4874999999999996e-05,1.4874999999999996e-05,1.4874999999999996e-05,0.0075398749999999,1.4874999999999996e-05,1.4874999999999996e-05,1.4874999999999996e-05,1.4874999999999996e-05,1.4874999999999996e-05,1.4874999999999996e-05,0.009989875,1.4874999999999996e-05,1.4874999999999996e-05,1.4874999999999996e-05,1.4874999999999996e-05,1.4874999999999996e-05,1.4874999999999996e-05,1.4874999999999996e-05,1.4874999999999996e-05,1.4874999999999996e-05,1.4874999999999996e-05,1.4874999999999996e-05,1.4874999999999996e-05,1.4874999999999996e-05,1.4874999999999996e-05,1.4874999999999996e-05,1.4874999999999996e-05,1.4874999999999996e-05,0.049609875,1.4874999999999996e-05,1.4874999999999996e-05,1.4874999999999996e-05,1.4874999999999996e-05,1.4874999999999996e-05,1.4874999999999996e-05,1.4874999999999996e-05,1.4874999999999996e-05,1.4874999999999996e-05,1.4874999999999996e-05,1.4874999999999996e-05,0.0006098750000000001,1.4874999999999996e-05,15.365109875000064
37035_7#4,2.5199999999999996e-05,2.5199999999999996e-05,2.5199999999999996e-05,0.0536202,0.1867802,0.0305202,0.9232602000000001,5.5958402000000005,0.0296402,3.4886702000000005,2.5199999999999996e-05,0.11742019999999989,0.0184902,2.5199999999999996e-05,2.5199999999999996e-05,2.5199999999999996e-05,0.6478302,0.0067802,0.0523701999999999,1.0241302,0.0063202,2.5199999999999996e-05,0.1899802,0.4978902,1.5322202,0.22536019999999998,1.4742902,0.4049902,0.1806201999999999,2.5199999999999996e-05,2.5199999999999996e-05,1.2286102,0.1935202,2.5199999999999996e-05,0.041970200000000006,2.5199999999999996e-05,0.043480200000000004,0.1311802,0.17138019999999998,2.5199999999999996e-05,0.0772702,0.2021001999999999,0.0228102,2.5199999999999996e-05,0.0211802,2.5199999999999996e-05,0.3557001999999999,7.3408902000000005,2.5199999999999996e-05,0.013880199999999999,2.5199999999999996e-05,1.5917302,2.5199999999999996e-05,0.6265602,0.7505402000000001,2.5199999999999996e-05,2.5199999999999996e-05,0.0377202,0.07428019999999999,0.7488202,0.0241102,0.1058602,0.6688002000000001,0.2535502,0.0875102,2.1992502000000003,0.0682602,0.07890019999999999,0.3902101999999999,0.11420019999999989,0.1781501999999999,0.0423402,0.0245202,2.5199999999999996e-05,2.5199999999999996e-05,0.4451302,0.2222501999999999,2.5199999999999996e-05,0.0035802,0.032220200000000004,0.13694019999999998,0.9175302000000001,0.0837102,0.2169702,0.0082302,0.0638502,0.0330202,0.4833902,0.0049201999999999,0.0874302,0.11320019999999989,2.5199999999999996e-05,2.5199999999999996e-05,0.0253002,0.1049402,0.0032702,0.3931802,0.0052302,0.0557502,0.0222702,0.2403902,0.0717202,0.21723019999999998,0.021650199999999998,0.0241302,2.5199999999999996e-05,0.0180202,0.0454702,2.5199999999999996e-05,2.5199999999999996e-05,0.010440199999999998,0.6975402,2.5199999999999996e-05,0.0194002,0.016120199999999998,2.5199999999999996e-05,2.5199999999999996e-05,2.5199999999999996e-05,0.3069002,0.022920199999999998,0.13064019999999998,0.0091402,0.0243101999999999,0.030340199999999998,0.054000200000000005,2.5199999999999996e-05,2.5199999999999996e-05,0.08849019999999999,0.0372602,0.0210002,0.0053202,0.0009601999999999,0.0057902,2.5199999999999996e-05,2.5199999999999996e-05,2.5199999999999996e-05,2.5199999999999996e-05,2.5199999999999996e-05,0.0157902,6.7422102,2.5199999999999996e-05,1.1275502,0.6385902,0.012900199999999999,2.5199999999999996e-05,0.07621019999999999,10.052600199999999,1.3260002,0.2346802,0.0932002,0.26001019999999997,0.4496601999999999,0.0047902,0.0051902,2.5199999999999996e-05,2.5199999999999996e-05,0.0105402,2.5199999999999996e-05,0.17682019999999998,2.5199999999999996e-05,2.5199999999999996e-05,0.0111701999999999,0.0844302,0.021560199999999998,0.1152202,0.0066902,0.0629902,0.0141501999999999,0.3810101999999999,0.1093501999999999,0.0816302,0.0156602,2.5199999999999996e-05,0.0248602,0.0177501999999999,2.5199999999999996e-05,0.0485902,2.5199999999999996e-05,0.0074302000000000005,0.2905202,0.06254019999999999,2.5199999999999996e-05,2.5199999999999996e-05,0.011590199999999998,2.5199999999999996e-05,2.5199999999999996e-05,2.5199999999999996e-05,2.5199999999999996e-05,0.0216202,0.028470199999999998,2.5199999999999996e-05,0.027010199999999998,0.17055019999999999,0.6498902000000001,0.0680802,0.3301802,0.015280199999999999,0.023700199999999998,0.0258402,35.86627019999999
37035_7#5,0.021551624999999998,0.006521625,1.6624999999999998e-05,0.011931625000000001,5.0388516249999995,0.0012516249999999,0.32900162499999996,7.7790216249999995,0.054191625,1.809871625,1.6624999999999998e-05,0.005111625,6.182871625000001,1.6624999999999998e-05,0.008791625,1.6624999999999998e-05,0.24028162500000003,0.48448162499999997,1.6624999999999998e-05,0.434231625,1.6624999999999998e-05,1.6624999999999998e-05,0.023461625,0.125701625,1.6624999999999998e-05,2.5953616250000002,2.9970716250000002,1.6624999999999998e-05,1.6624999999999998e-05,1.6624999999999998e-05,0.21644162499999992,1.774501625,0.0607216249999999,1.6624999999999998e-05,1.6624999999999998e-05,1.6624999999999998e-05,0.073531625,0.009361625,0.094471625,1.6624999999999998e-05,0.024521625,0.089531625,1.6624999999999998e-05,1.6624999999999998e-05,0.001231625,1.6624999999999998e-05,0.135821625,40.60086162499999,2.008181625,0.808551625,1.6624999999999998e-05,1.6624999999999998e-05,0.39277162499999996,0.1214916249999999,1.6624999999999998e-05,1.6624999999999998e-05,1.6624999999999998e-05,0.041861625,1.6624999999999998e-05,0.364381625,1.6624999999999998e-05,0.180541625,1.6624999999999998e-05,0.11849162499999989,0.004891625,1.6624999999999998e-05,2.322241625,0.006091625,1.6624999999999998e-05,0.135681625,0.27049162499999996,0.062101625,0.076271625,0.661621625,1.6624999999999998e-05,0.105921625,0.065891625,0.257321625,0.002211625,0.064291625,0.053191625,0.012001625,1.6624999999999998e-05,5.1753216250000005,1.470291625,0.39755162499999996,1.6624999999999998e-05,1.6624999999999998e-05,1.6624999999999998e-05,0.018451625,0.006401625,0.19235162500000003,1.6624999999999998e-05,0.0212516249999999,0.052731625,0.17003162500000002,0.215481625,1.6624999999999998e-05,1.6624999999999998e-05,1.6624999999999998e-05,1.6624999999999998e-05,1.6624999999999998e-05,1.6624999999999998e-05,1.6624999999999998e-05,1.6624999999999998e-05,1.6624999999999998e-05,0.152591625,1.6624999999999998e-05,1.6624999999999998e-05,0.084971625,0.306381625,1.6624999999999998e-05,1.6624999999999998e-05,1.6624999999999998e-05,0.042941625,0.005351625,0.587991625,1.6624999999999998e-05,1.6624999999999998e-05,0.0024316249999999998,0.011051625,1.6624999999999998e-05,1.6624999999999998e-05,1.6624999999999998e-05,0.002651625,0.057991625,0.0025816249999999997,0.019401625,1.6624999999999998e-05,0.061651625,1.6624999999999998e-05,1.6624999999999998e-05,0.042811625,1.6624999999999998e-05,0.024981625,1.6624999999999998e-05,1.6624999999999998e-05,0.022431625,1.6624999999999998e-05,0.043391624999999996,0.057241625,1.6624999999999998e-05,1.6624999999999998e-05,1.6624999999999998e-05,1.6624999999999998e-05,1.6624999999999998e-05,1.6624999999999998e-05,1.6624999999999998e-05,1.6624999999999998e-05,1.6624999999999998e-05,1.6624999999999998e-05,0.006751625,0.200051625,0.0014116250000000001,0.028841625,0.010531625000000001,1.6624999999999998e-05,0.022171625,1.6624999999999998e-05,1.6624999999999998e-05,0.020601625,0.044801625,1.6624999999999998e-05,1.6624999999999998e-05,1.6624999999999998e-05,1.6624999999999998e-05,1.6624999999999998e-05,0.080881625,1.6624999999999998e-05,1.6624999999999998e-05,1.6624999999999998e-05,1.6624999999999998e-05,1.6624999999999998e-05,1.6624999999999998e-05,0.0022716249999999998,1.6624999999999998e-05,1.6624999999999998e-05,1.6624999999999998e-05,1.6624999999999998e-05,0.0257516249999999,1.6624999999999998e-05,0.0087416249999999,1.6624999999999998e-05,1.6624999999999998e-05,1.6624999999999998e-05,1.6624999999999998e-05,1.6624999999999998e-05,1.6624999999999998e-05,1.6624999999999998e-05,0.029051624999999998,1.6624999999999998e-05,1.6624999999999998e-05,1.6624999999999998e-05,1.6624999999999998e-05,1.6624999999999998e-05,1.6624999999999998e-05,1.6624999999999998e-05,1.6624999999999998e-05,1.6624999999999998e-05,10.900621624999978
37035_7#6,0.29095935,0.57941935,0.87651935,1.6445493500000001,2.79372935,1.06319935,0.34542934999999997,31.192469350000003,1.4349999999999996e-05,2.10009935,0.0108593499999999,0.0019393499999999998,10.05425935,1.4349999999999996e-05,0.09186935,0.12688934999999998,0.44283934999999996,2.4236193499999996,0.13585935,0.23173934999999998,1.4349999999999996e-05,1.4349999999999996e-05,3.26320935,1.4349999999999996e-05,0.00942935,4.39261935,1.99356935,0.2544393499999999,0.006399350000000001,1.4349999999999996e-05,1.4349999999999996e-05,0.33953934999999996,0.12132935,1.4349999999999996e-05,1.4349999999999996e-05,1.4349999999999996e-05,0.28212935,0.0019193499999998998,0.30637935,1.4349999999999996e-05,0.08750935,0.07166935,0.00362935,1.4349999999999996e-05,1.4349999999999996e-05,1.4349999999999996e-05,1.4349999999999996e-05,1.4349999999999996e-05,1.01923935,1.4349999999999996e-05,1.4349999999999996e-05,1.4349999999999996e-05,1.4349999999999996e-05,0.48430934999999997,0.78898935,1.4349999999999996e-05,0.02168935,0.04880935,1.4349999999999996e-05,0.20120934999999998,0.00280935,1.4349999999999996e-05,1.4349999999999996e-05,0.02390935,0.008249349999999999,1.4349999999999996e-05,1.4349999999999996e-05,0.56540935,1.4349999999999996e-05,1.4349999999999996e-05,1.4349999999999996e-05,1.4349999999999996e-05,0.00104935,0.56860935,1.4349999999999996e-05,0.14725934999999998,0.09301935,1.4349999999999996e-05,0.003929350000000001,1.4349999999999996e-05,0.17753934999999998,0.15913934999999998,1.4349999999999996e-05,1.4349999999999996e-05,1.4349999999999996e-05,0.04341935,1.4349999999999996e-05,1.4349999999999996e-05,0.00547935,1.4349999999999996e-05,0.0048293500000000005,1.4349999999999996e-05,1.4349999999999996e-05,1.4349999999999996e-05,0.02703935,1.4349999999999996e-05,1.4349999999999996e-05,0.006719350000000001,1.4349999999999996e-05,0.21138934999999998,0.01582935,1.4349999999999996e-05,0.15120935,0.03298935,1.4349999999999996e-05,1.4349999999999996e-05,0.12954934999999998,1.4349999999999996e-05,1.4349999999999996e-05,1.4349999999999996e-05,1.07519935,0.0069093499999999,1.4349999999999996e-05,1.4349999999999996e-05,1.4349999999999996e-05,1.4349999999999996e-05,0.022069349999999998,1.4349999999999996e-05,0.06930934999999991,0.67893935,1.4349999999999996e-05,0.04354935,0.0246393499999999,1.4349999999999996e-05,1.4349999999999996e-05,0.24475935,1.4349999999999996e-05,1.4349999999999996e-05,0.020879349999999998,0.18892935,0.00325935,1.4349999999999996e-05,1.4349999999999996e-05,1.4349999999999996e-05,1.4349999999999996e-05,1.4349999999999996e-05,1.4349999999999996e-05,0.00672935,1.4349999999999996e-05,1.4349999999999996e-05,1.4349999999999996e-05,1.4349999999999996e-05,1.4349999999999996e-05,1.4349999999999996e-05,1.4349999999999996e-05,0.00275935,1.4349999999999996e-05,1.4349999999999996e-05,0.00636935,1.4349999999999996e-05,1.4349999999999996e-05,0.01787935,1.4349999999999996e-05,1.4349999999999996e-05,1.4349999999999996e-05,1.4349999999999996e-05,1.4349999999999996e-05,0.10196935,1.4349999999999996e-05,1.4349999999999996e-05,1.4349999999999996e-05,1.4349999999999996e-05,1.4349999999999996e-05,1.4349999999999996e-05,1.4349999999999996e-05,1.4349999999999996e-05,1.4349999999999996e-05,1.4349999999999996e-05,1.4349999999999996e-05,1.4349999999999996e-05,1.4349999999999996e-05,1.4349999999999996e-05,1.4349999999999996e-05,0.0052693499999999,1.4349999999999996e-05,1.4349999999999996e-05,1.4349999999999996e-05,1.4349999999999996e-05,1.4349999999999996e-05,1.4349999999999996e-05,0.01784935,1.4349999999999996e-05,0.02860935,1.4349999999999996e-05,1.4349999999999996e-05,1.4349999999999996e-05,1.4349999999999996e-05,1.4349999999999996e-05,0.00030935,1.4349999999999996e-05,1.4349999999999996e-05,1.4349999999999996e-05,1.4349999999999996e-05,1.4349999999999996e-05,0.03656935,1.4349999999999996e-05,1.4349999999999996e-05,0.01261935,1.4349999999999996e-05,26.89928934999995
37035_7#7,1.89e-05,1.89e-05,1.89e-05,0.1005039,1.4009439,1.89e-05,0.9621439,7.3019039,1.89e-05,7.4586539,0.0035339000000000004,0.1993639,13.1856939,1.89e-05,0.0025039000000000003,0.0641239,1.4597139,1.89e-05,0.1094339,3.4396139000000003,0.0184339,1.89e-05,0.08906389999999989,0.9912939000000001,1.89e-05,3.812763900000001,1.3580839,0.3246439,0.0471238999999999,1.89e-05,0.0115139,0.6401839,0.12851390000000001,1.89e-05,1.89e-05,1.89e-05,1.89e-05,1.89e-05,0.0360238999999999,1.89e-05,0.0955939,0.3998439,0.0566238999999999,1.89e-05,0.0048739000000000005,1.89e-05,0.1448439,19.165103900000002,5.2266139,1.89e-05,1.89e-05,4.6567339,1.89e-05,0.4586038999999999,0.2056339,1.89e-05,0.0114939,0.4076939,1.89e-05,0.4120839,0.0182939,0.0150139,2.7655439,0.1861539,0.1434339,0.4526939,0.1925639,0.0569739,1.89e-05,0.1647439,0.1818539,0.0601439,0.1341939,0.8274439000000001,1.89e-05,0.44567389999999996,1.0806539,0.0107239,1.89e-05,0.020443899999999997,0.1135539,0.0205739,1.89e-05,1.4841339,0.0570738999999999,1.2459338999999998,0.1683539,1.89e-05,0.2212038999999999,0.06446389999999999,0.020793899999999997,0.0087539,1.89e-05,0.039283900000000004,0.0295038999999999,0.1351339,0.0071239,0.0106039,1.89e-05,0.3605139,1.89e-05,0.08680389999999999,0.0216839,0.0139439,0.025823899999999997,1.89e-05,0.1056839,0.0081239,1.89e-05,1.89e-05,0.0621738999999999,0.0862539,0.020193899999999997,1.89e-05,0.0644039,1.89e-05,5.1027439,0.0196139,1.89e-05,0.0429039,0.0396539,1.89e-05,0.0087139,0.21616390000000002,0.025483899999999997,0.0750839,1.89e-05,0.048283900000000005,1.89e-05,0.0091739,1.89e-05,0.0021039,0.0146239,1.89e-05,0.016763899999999998,1.89e-05,1.89e-05,0.0121438999999999,1.89e-05,0.1391039,1.89e-05,0.2605239,0.0377639,1.89e-05,1.89e-05,1.89e-05,1.89e-05,1.89e-05,0.0011939,1.89e-05,0.016543899999999997,0.0043039,1.89e-05,0.021793899999999998,1.89e-05,1.89e-05,0.0108539,1.89e-05,0.3831139,1.89e-05,1.89e-05,1.89e-05,1.89e-05,1.89e-05,1.89e-05,1.89e-05,1.89e-05,1.89e-05,1.89e-05,1.89e-05,1.89e-05,0.0026939000000000004,1.89e-05,1.89e-05,1.89e-05,1.89e-05,1.89e-05,1.89e-05,1.89e-05,0.0259539,1.89e-05,1.89e-05,1.89e-05,1.89e-05,1.89e-05,1.89e-05,1.89e-05,1.89e-05,0.0020739,1.89e-05,1.89e-05,1.89e-05,1.89e-05,0.31630389999999997,1.89e-05,1.89e-05,1.89e-05,1.89e-05,1.89e-05,7.5124338999999996
37035_7#8,0.012331275,2.695811275,1.6275e-05,0.651181275,3.818771275,1.6275e-05,0.339981275,13.303331275,1.6275e-05,0.969941275,0.1393912749999999,0.258771275,15.837991275,1.6275e-05,0.1139912749999999,0.095951275,1.2003812749999998,0.735851275,0.050951275000000004,0.568751275,0.779741275,0.021071275,0.223231275,0.080301275,0.0016812749999999999,4.815021274999999,1.6498112749999998,0.111961275,0.026651275,1.6275e-05,0.016451274999999998,0.197941275,0.0123112749999999,1.6275e-05,0.040261275000000006,1.6275e-05,0.045701275,0.076631275,0.115331275,1.6275e-05,1.6275e-05,1.6275e-05,1.6275e-05,1.6275e-05,1.6275e-05,1.6275e-05,0.4766712749999999,24.094901274999998,4.438281275,0.002271275,1.6275e-05,1.685271275,0.168821275,1.2685812749999998,1.2356712749999998,1.6275e-05,0.521301275,0.074011275,1.6275e-05,0.086351275,0.496341275,1.6275e-05,1.6275e-05,1.6275e-05,0.049311275,0.0362212749999999,0.186221275,0.32816127500000003,1.6275e-05,1.6275e-05,1.6275e-05,1.6275e-05,1.6275e-05,0.206681275,1.6275e-05,0.047271275,1.6262912749999998,1.6275e-05,0.067811275,0.426381275,0.0720212749999999,0.054221275,0.011901275,1.6275e-05,1.6275e-05,0.013811275,1.6275e-05,1.6275e-05,0.10435127500000001,0.013941275,1.6275e-05,1.6275e-05,0.368631275,1.6275e-05,1.6275e-05,1.6275e-05,1.6275e-05,0.0042312750000000005,0.540161275,0.137881275,0.108581275,1.6275e-05,0.024151275,0.023811275,1.6275e-05,1.6275e-05,0.023891275,0.039001275,1.6275e-05,0.006681275,0.037021275,0.088971275,1.6275e-05,1.6275e-05,1.6275e-05,1.6275e-05,0.707181275,1.6275e-05,0.0018512749999999999,0.113671275,1.6275e-05,0.009491274999999999,1.6275e-05,0.246621275,1.6275e-05,0.120981275,1.6275e-05,0.034701275000000004,0.032201275,1.6275e-05,0.0238012749999999,1.6275e-05,0.0040612749999999,1.6275e-05,0.010941274999999999,1.6275e-05,1.6275e-05,1.6275e-05,1.6275e-05,0.0268512749999999,1.6275e-05,0.397421275,1.6275e-05,1.6275e-05,1.6275e-05,1.6275e-05,1.6275e-05,1.6275e-05,1.6275e-05,1.6275e-05,1.6275e-05,0.293731275,1.6275e-05,1.6275e-05,1.6275e-05,1.6275e-05,1.6275e-05,1.6275e-05,1.0194912749999998,1.6275e-05,0.016661275,1.6275e-05,0.036751275,1.6275e-05,0.078171275,1.6275e-05,1.6275e-05,1.6275e-05,1.6275e-05,1.6275e-05,0.012431274999999999,0.036391275,1.6275e-05,1.6275e-05,1.6275e-05,1.6275e-05,1.6275e-05,1.6275e-05,1.6275e-05,1.6275e-05,1.6275e-05,1.6275e-05,1.6275e-05,1.6275e-05,1.6275e-05,1.6275e-05,1.6275e-05,1.6275e-05,1.6275e-05,1.6275e-05,1.6275e-05,1.6275e-05,1.6275e-05,1.6275e-05,1.6275e-05,1.6275e-05,1.6275e-05,0.013061274999999999,1.6275e-05,8.558221274999967
37035_7#9,1.855e-05,2.08531355,0.0165535499999999,0.3141035499999999,0.36592355,1.855e-05,1.30176355,14.545233549999999,1.855e-05,3.62517355,0.11162355,0.19160355,3.80194355,1.855e-05,1.855e-05,0.36765355,1.55913355,1.855e-05,0.02066355,1.50652355,0.03071355,1.855e-05,0.3689535499999999,10.85024355,1.855e-05,0.18022355,0.66747355,0.9290335500000001,0.09567355,1.855e-05,1.855e-05,0.04278355,1.16164355,1.855e-05,1.855e-05,1.855e-05,0.09459355,1.855e-05,1.855e-05,1.855e-05,0.02874355,3.6778235500000003,0.0551635499999999,1.855e-05,1.855e-05,1.855e-05,0.17168355,19.417163549999998,0.54127355,1.4983635499999999,1.21297355,0.79127355,0.00149355,3.35670355,1.72995355,1.855e-05,1.1338435500000001,0.08863355,0.012783550000000001,0.03089355,0.19267355,0.42689355,1.855e-05,0.09878355,0.07262355,1.855e-05,1.9113335500000002,0.41083355,0.8037435500000001,0.7967235500000001,0.09184355,0.08325355,1.855e-05,0.08353355,0.37142355,0.2212035499999999,0.0552635499999999,0.26218355,1.855e-05,1.855e-05,0.10296355,0.24578355,0.13464355,0.56542355,0.11653355,1.13871355,0.16793355,0.08150355,0.15214355,1.855e-05,1.855e-05,0.02252355,0.06993355,1.855e-05,0.02821355,1.855e-05,0.022833549999999998,0.0171535499999999,0.09286354999999989,0.34276355,1.855e-05,0.027323549999999898,0.02976355,0.0181035499999999,0.01852355,0.17113355,0.01028355,0.22949355,1.855e-05,1.855e-05,1.855e-05,0.057013549999999996,0.0117135499999999,1.855e-05,0.03928355,1.855e-05,0.16779354999999999,1.855e-05,0.02866355,0.01152355,1.855e-05,0.008063550000000001,0.16902355,1.855e-05,1.855e-05,0.40595355,0.06300355,1.855e-05,0.0036835500000000003,1.855e-05,1.855e-05,1.855e-05,1.855e-05,1.855e-05,0.00223355,1.855e-05,1.855e-05,1.855e-05,0.48588355,1.855e-05,1.855e-05,0.36946355,1.855e-05,1.855e-05,0.05663355,1.855e-05,1.855e-05,0.08246355,0.01853355,0.016773549999999998,1.855e-05,0.00926355,1.855e-05,1.855e-05,0.06390355,1.855e-05,1.855e-05,0.22144355,1.855e-05,0.09818355,0.021213549999999998,1.855e-05,1.855e-05,1.855e-05,1.855e-05,1.855e-05,1.855e-05,0.28754355,1.855e-05,1.855e-05,1.855e-05,1.855e-05,1.855e-05,1.855e-05,1.855e-05,1.855e-05,1.855e-05,1.855e-05,1.855e-05,1.855e-05,1.855e-05,1.855e-05,1.855e-05,1.855e-05,1.855e-05,1.855e-05,1.855e-05,1.855e-05,1.855e-05,1.24568355,1.855e-05,1.855e-05,1.855e-05,1.855e-05,0.01289355,1.855e-05,1.855e-05,0.004143549999999999,1.855e-05,8.364103549999994
37082_1#10,0.278560575,11.957410575,0.304710575,1.239880575,2.1717905749999997,0.33016057499999996,1.223760575,1.2900305749999998,1.5575e-05,5.709650575,0.021340575,1.2301705749999998,6.216600575,0.277790575,0.030240575,0.03829057499999999,1.7633205749999998,0.291390575,0.286860575,2.780560575,0.18680057500000002,0.123050575,1.7410705750000002,0.138820575,0.975860575,2.523870575,0.452030575,0.039080575000000006,0.12898057500000001,0.17791057500000002,0.021910575,1.5575e-05,0.217830575,0.014300575,0.571670575,0.008030575,0.131990575,0.046050574999999996,0.045680575,1.5575e-05,1.5575e-05,1.5575e-05,0.021320575,0.06768057499999999,0.023720575,0.012000575,0.056970574999999996,0.355490575,1.5575e-05,1.5575e-05,1.5575e-05,1.5575e-05,0.10971057499999999,0.636900575,3.817720575,1.5575e-05,1.5575e-05,0.0135005749999999,1.5575e-05,0.33506057499999997,0.018470575,1.5575e-05,1.5575e-05,1.5575e-05,0.113400575,1.5575e-05,1.5575e-05,0.047400575,1.5575e-05,1.5575e-05,1.5575e-05,1.5575e-05,1.5575e-05,1.5575e-05,1.5575e-05,1.5575e-05,1.8749405749999999,1.5575e-05,1.5575e-05,1.5575e-05,1.5575e-05,3.311320575,1.5575e-05,1.5575e-05,1.5575e-05,0.029240575,1.5575e-05,1.5575e-05,0.040120574999999895,1.5575e-05,1.5575e-05,1.5575e-05,0.986470575,1.5575e-05,1.5575e-05,1.5575e-05,1.5575e-05,1.5575e-05,1.5575e-05,0.0078905749999999,1.5575e-05,1.5575e-05,1.5575e-05,1.5575e-05,0.017190575,1.5575e-05,1.5575e-05,1.5575e-05,1.5575e-05,1.5575e-05,0.130990575,0.0563605749999999,1.5575e-05,1.5575e-05,1.5575e-05,1.5575e-05,1.5575e-05,1.5575e-05,1.5575e-05,1.5575e-05,1.5575e-05,1.5575e-05,1.5575e-05,1.5575e-05,2.162200575,0.264930575,1.5575e-05,1.5575e-05,1.5575e-05,1.5575e-05,1.5575e-05,0.416380575,1.5575e-05,0.6452405750000001,1.5575e-05,1.5575e-05,1.5575e-05,1.5575e-05,1.5575e-05,4.405470575000001,1.5575e-05,1.5575e-05,1.667090575,0.40626057499999996,1.5575e-05,1.5575e-05,0.015220575,1.5575e-05,0.054510574999999895,1.5575e-05,1.5575e-05,0.227420575,0.8282005750000001,1.5575e-05,1.5575e-05,0.024170575,0.009410575,1.5575e-05,1.5575e-05,1.5575e-05,0.6516605750000001,0.090800575,1.5575e-05,0.068340575,0.010870575,1.5575e-05,1.5575e-05,1.5575e-05,1.5575e-05,1.5575e-05,0.055490575,0.103100575,1.5575e-05,1.5575e-05,1.5575e-05,0.001200575,0.28254057499999996,0.012160575,1.5575e-05,1.5575e-05,1.5575e-05,1.5575e-05,0.002490575,0.005040575,1.5575e-05,1.5575e-05,1.5575e-05,0.039740575,0.052410575,1.5575e-05,1.5575e-05,1.5575e-05,1.5575e-05,1.5575e-05,1.5575e-05,1.129050575,1.5575e-05,0.1175605749999999,1.5575e-05,29.17797057499999
37082_1#11,6.37105375,5.59229375,2.01004375,0.33783375,0.67532375,8.75e-06,1.00708375,0.8870137499999999,8.75e-06,21.132513749999998,0.32416375,8.75e-06,0.04812375,2.40975375,8.75e-06,0.26026375,0.64561375,8.75e-06,8.75e-06,3.88494375,0.06658375,0.24699374999999998,0.08030375,0.44406375,0.18920375,2.91701375,0.13563375,8.75e-06,0.30021375,3.10960375,8.75e-06,8.75e-06,8.75e-06,0.08841374999999989,2.02215375,0.31686375,8.75e-06,0.14071375,0.17186374999999998,0.62014375,8.75e-06,8.75e-06,0.14060375,0.0023437500000000003,8.75e-06,8.75e-06,8.75e-06,0.04693375,1.5952937500000002,8.75e-06,8.75e-06,8.75e-06,8.75e-06,8.75e-06,8.75e-06,8.75e-06,8.75e-06,0.16765375,8.75e-06,0.00075375,8.75e-06,8.75e-06,8.75e-06,8.75e-06,8.75e-06,8.75e-06,0.01453375,8.75e-06,8.75e-06,8.75e-06,8.75e-06,8.75e-06,8.75e-06,8.75e-06,8.75e-06,8.75e-06,8.75e-06,8.75e-06,8.75e-06,8.75e-06,8.75e-06,8.75e-06,8.75e-06,8.75e-06,8.75e-06,0.0003537499999999,8.75e-06,8.75e-06,8.75e-06,8.75e-06,8.75e-06,8.75e-06,8.75e-06,8.75e-06,8.75e-06,8.75e-06,8.75e-06,8.75e-06,8.75e-06,8.75e-06,8.75e-06,8.75e-06,8.75e-06,8.75e-06,8.75e-06,8.75e-06,8.75e-06,8.75e-06,8.75e-06,0.07922375,0.02350375,8.75e-06,8.75e-06,8.75e-06,8.75e-06,8.75e-06,8.75e-06,8.75e-06,8.75e-06,8.75e-06,8.75e-06,8.75e-06,8.75e-06,8.75e-06,8.75e-06,8.75e-06,8.75e-06,8.75e-06,8.75e-06,0.05702375,8.75e-06,8.75e-06,8.75e-06,2.19137375,8.75e-06,0.32871374999999997,3.20278375,8.75e-06,8.75e-06,8.75e-06,8.75e-06,0.02143375,8.75e-06,8.75e-06,8.75e-06,8.75e-06,8.75e-06,8.75e-06,8.75e-06,8.75e-06,8.75e-06,8.75e-06,8.75e-06,8.75e-06,8.75e-06,22.93645375,8.75e-06,8.75e-06,8.75e-06,8.75e-06,8.75e-06,8.75e-06,8.75e-06,8.75e-06,8.75e-06,8.75e-06,8.75e-06,8.75e-06,8.75e-06,8.75e-06,8.75e-06,8.75e-06,8.75e-06,8.75e-06,8.75e-06,8.75e-06,8.75e-06,0.01482375,8.75e-06,8.75e-06,8.75e-06,8.75e-06,8.75e-06,8.75e-06,0.00129375,8.75e-06,0.0355137499999999,8.75e-06,0.15112375,8.75e-06,8.75e-06,8.75e-06,8.75e-06,8.75e-06,8.75e-06,8.75e-06,8.75e-06,8.75e-06,8.75e-06,12.55116374999999
37082_1#12,9.756466725,1.438106725,8.665606725,1.248246725,1.3595467250000002,1.1725e-05,0.588306725,8.407696725,1.1725e-05,13.457026725,0.031816725,0.3614467249999999,6.4465867249999995,6.727676724999999,1.1725e-05,0.056456724999999895,0.319616725,0.024266725,0.493686725,2.122086725,0.3270967249999999,2.601666725,1.5286567249999998,1.1725e-05,1.531856725,1.125066725,0.7833667249999999,0.016686725,0.1192067249999999,0.162656725,0.051026724999999995,1.122296725,1.139546725,0.113976725,1.1725e-05,0.043746724999999896,0.20560672500000002,0.553866725,0.896416725,1.813776725,1.1725e-05,1.1725e-05,0.004946725,1.1725e-05,1.1725e-05,1.1725e-05,1.1725e-05,1.1725e-05,1.308876725,1.1725e-05,1.1725e-05,1.1725e-05,0.063976725,1.1725e-05,1.1725e-05,1.1725e-05,0.0214867249999999,0.081446725,1.1725e-05,1.622996725,1.1725e-05,1.1725e-05,1.1725e-05,1.1725e-05,0.058266724999999894,1.1725e-05,1.1725e-05,0.553366725,1.1725e-05,1.1725e-05,1.1725e-05,1.1725e-05,1.1725e-05,1.1725e-05,1.1725e-05,1.1725e-05,0.7979267250000001,1.1725e-05,0.012026725,1.1725e-05,1.1725e-05,1.355776725,1.1725e-05,1.1725e-05,1.1725e-05,1.1725e-05,1.1725e-05,1.1725e-05,1.1725e-05,1.1725e-05,1.1725e-05,1.1725e-05,1.1725e-05,1.1725e-05,1.1725e-05,1.1725e-05,1.1725e-05,1.1725e-05,1.1725e-05,1.1725e-05,0.08045672499999999,1.1725e-05,0.12269672499999999,1.1725e-05,1.1725e-05,1.1725e-05,1.1725e-05,1.1725e-05,1.1725e-05,0.045546724999999996,0.009496725000000001,0.377206725,1.1725e-05,1.1725e-05,1.1725e-05,0.001596725,1.1725e-05,1.1725e-05,1.1725e-05,0.081196725,1.1725e-05,1.1725e-05,1.1725e-05,1.1725e-05,1.1725e-05,1.1725e-05,1.1725e-05,1.1725e-05,1.1725e-05,1.1725e-05,1.1725e-05,1.1725e-05,1.1725e-05,2.061546725,1.1725e-05,0.096226725,1.1725e-05,1.1725e-05,1.1725e-05,1.1725e-05,1.1725e-05,1.1725e-05,1.1725e-05,1.1725e-05,1.1725e-05,1.1725e-05,1.1725e-05,1.1725e-05,1.1725e-05,1.1725e-05,1.1725e-05,0.266496725,1.1725e-05,0.081476725,1.1725e-05,0.8987467250000001,1.1725e-05,1.1725e-05,1.1725e-05,1.1725e-05,1.1725e-05,1.1725e-05,1.1725e-05,1.1725e-05,1.1725e-05,1.1725e-05,1.1725e-05,1.1725e-05,1.1725e-05,1.1725e-05,1.1725e-05,1.1725e-05,1.1725e-05,1.1725e-05,1.1725e-05,0.230426725,1.1725e-05,1.1725e-05,1.1725e-05,1.1725e-05,1.1725e-05,1.785446725,3.2081267249999996,1.1725e-05,0.06427672499999999,0.07770672499999999,0.013416725000000001,0.054996724999999996,1.1725e-05,1.1725e-05,1.1725e-05,1.1725e-05,1.1725e-05,1.1725e-05,1.1725e-05,1.1725e-05,1.1725e-05,0.009876725000000001,1.1725e-05,8.909216724999991
37082_1#13,1.672323025,2.6632430250000003,2.414293025,0.37410302500000003,1.6442630249999999,0.30906302500000005,0.467403025,6.219113025,0.035163025,9.853573025000001,0.053783025,0.053483025,8.404833025,0.885003025,1.8024999999999998e-05,0.341323025,1.0370230249999999,1.8024999999999998e-05,0.022123025,0.708733025,0.333383025,0.154613025,0.204533025,0.028253025,0.027183025,6.4616530249999995,3.0742430250000004,0.119673025,0.020353025,0.0036130249999999,0.525523025,0.11294302499999989,0.142033025,0.1091930249999999,0.002433025,0.029293025,0.737673025,0.43839302500000005,0.613773025,0.0558630249999999,1.8024999999999998e-05,0.004523025,1.8024999999999998e-05,0.016483025000000002,1.8024999999999998e-05,1.8024999999999998e-05,1.8024999999999998e-05,1.8024999999999998e-05,1.8024999999999998e-05,1.8024999999999998e-05,1.8024999999999998e-05,1.8024999999999998e-05,3.6572130250000003,0.49101302500000005,1.8024999999999998e-05,1.8024999999999998e-05,1.8024999999999998e-05,0.1620430249999999,1.8024999999999998e-05,1.799263025,0.082643025,0.0132030249999999,1.8024999999999998e-05,1.8024999999999998e-05,0.111883025,1.8024999999999998e-05,1.8024999999999998e-05,0.293053025,6.762953025,1.8024999999999998e-05,1.8024999999999998e-05,1.8024999999999998e-05,0.44426302500000003,0.111243025,1.8024999999999998e-05,1.8024999999999998e-05,0.43367302499999993,0.7381630250000001,0.047893025,1.8024999999999998e-05,0.012173024999999999,3.5478230250000005,0.011773025,1.8024999999999998e-05,1.168603025,1.8024999999999998e-05,1.8024999999999998e-05,1.8024999999999998e-05,1.8024999999999998e-05,0.015193024999999999,1.8024999999999998e-05,1.8024999999999998e-05,1.8024999999999998e-05,1.8024999999999998e-05,1.8024999999999998e-05,0.218663025,1.8024999999999998e-05,1.8024999999999998e-05,1.8024999999999998e-05,1.8024999999999998e-05,0.138123025,1.8024999999999998e-05,0.155603025,1.8024999999999998e-05,0.001743025,1.8024999999999998e-05,1.8024999999999998e-05,1.8024999999999998e-05,1.8024999999999998e-05,0.059413024999999994,0.006313025,0.534203025,1.8024999999999998e-05,1.8024999999999998e-05,1.8024999999999998e-05,0.013093025,12.884613025,1.8024999999999998e-05,1.8024999999999998e-05,0.216643025,0.099863025,0.012793025,1.8024999999999998e-05,1.8024999999999998e-05,0.018413025,1.8024999999999998e-05,1.8024999999999998e-05,1.8024999999999998e-05,1.8024999999999998e-05,1.8024999999999998e-05,0.189893025,1.8024999999999998e-05,1.8024999999999998e-05,0.261563025,1.8024999999999998e-05,0.0020030250000000003,1.8024999999999998e-05,0.045553025,1.8024999999999998e-05,0.199143025,1.8024999999999998e-05,1.8024999999999998e-05,1.8024999999999998e-05,1.8024999999999998e-05,1.8024999999999998e-05,1.8024999999999998e-05,0.056303025,1.8024999999999998e-05,1.8024999999999998e-05,1.8024999999999998e-05,0.123083025,0.129893025,1.8024999999999998e-05,0.45014302500000003,0.018373025,0.38209302500000003,1.8024999999999998e-05,1.8024999999999998e-05,1.8024999999999998e-05,0.198313025,0.005493025,0.089543025,0.964513025,0.131313025,1.8024999999999998e-05,1.8024999999999998e-05,1.8024999999999998e-05,1.8024999999999998e-05,1.8024999999999998e-05,1.8024999999999998e-05,0.048393025,1.8024999999999998e-05,1.8024999999999998e-05,1.8024999999999998e-05,1.8024999999999998e-05,0.011113024999999999,0.001053025,1.8024999999999998e-05,1.8024999999999998e-05,1.8024999999999998e-05,1.8024999999999998e-05,0.37062302500000005,0.276333025,0.021223025,0.107003025,0.007943025,1.8024999999999998e-05,0.074973025,0.001383025,0.6757130250000001,1.8024999999999998e-05,1.8024999999999998e-05,0.049853024999999995,1.8024999999999998e-05,1.8024999999999998e-05,0.275233025,1.8024999999999998e-05,1.8024999999999998e-05,0.025293025,10.16688302499998
37082_1#14,0.036233724999999994,2.274933725,0.014603725,0.24559372499999998,5.386193725,0.078463725,0.325213725,2.202053725,0.787673725,29.612043725,0.0281737249999999,0.40132372499999996,0.21428372499999998,0.050413725,1.8724999999999998e-05,0.23890372499999998,0.398173725,0.251823725,0.068643725,0.17165372499999998,0.135893725,1.8724999999999998e-05,1.9826737250000002,0.006283725,1.8724999999999998e-05,1.0399837250000001,0.7435537249999999,0.015663725,0.012513725,0.0055137249999999,0.025553725,0.049303724999999896,0.813223725,0.0007037250000000001,0.007973725000000001,1.8724999999999998e-05,0.019823725,0.004233725000000001,0.027583725,0.4939537249999999,1.8724999999999998e-05,1.8724999999999998e-05,0.046363724999999995,1.8724999999999998e-05,0.004513724999999901,1.8724999999999998e-05,1.8724999999999998e-05,1.8724999999999998e-05,1.8724999999999998e-05,2.052773725,1.8724999999999998e-05,1.8724999999999998e-05,0.048283725,0.6068737249999999,1.601063725,0.0015237249999999999,1.8724999999999998e-05,0.038473724999999896,0.037083725,0.164953725,0.019833725,1.8724999999999998e-05,1.8724999999999998e-05,0.3937037249999999,0.030443725,1.8724999999999998e-05,1.8724999999999998e-05,0.026113725,5.059993725,1.8724999999999998e-05,1.8724999999999998e-05,1.8724999999999998e-05,1.8724999999999998e-05,1.3294537250000003,1.8724999999999998e-05,1.8724999999999998e-05,0.074263725,1.8724999999999998e-05,1.8724999999999998e-05,1.8724999999999998e-05,0.062033725,0.43374372499999997,1.8724999999999998e-05,1.8724999999999998e-05,0.503003725,0.021003725,0.037153725,1.8724999999999998e-05,1.8724999999999998e-05,1.8724999999999998e-05,1.8724999999999998e-05,0.012093725,1.8724999999999998e-05,1.8724999999999998e-05,0.276293725,1.8724999999999998e-05,0.984573725,1.8724999999999998e-05,0.014543725,1.8724999999999998e-05,1.8724999999999998e-05,1.8724999999999998e-05,0.354003725,1.8724999999999998e-05,0.000583725,0.114063725,0.067353725,1.8724999999999998e-05,1.8724999999999998e-05,0.0025637249999999998,0.098093725,0.1231937249999999,1.8724999999999998e-05,1.8724999999999998e-05,1.8724999999999998e-05,1.8724999999999998e-05,4.577513725,1.8724999999999998e-05,1.8724999999999998e-05,1.6722037250000001,1.8724999999999998e-05,1.8724999999999998e-05,0.014373725,1.8724999999999998e-05,0.021873725,0.031563724999999994,1.8724999999999998e-05,1.8724999999999998e-05,0.002353725,0.048553725,1.8724999999999998e-05,1.8724999999999998e-05,1.8724999999999998e-05,0.06769372500000001,1.8724999999999998e-05,1.8724999999999998e-05,1.8724999999999998e-05,0.014613725000000001,0.0101437249999999,1.8724999999999998e-05,1.8724999999999998e-05,1.8724999999999998e-05,1.8724999999999998e-05,1.8724999999999998e-05,0.16005372499999998,1.8724999999999998e-05,0.0283237249999999,0.08609372500000001,0.309803725,0.19313372499999998,0.039343724999999996,0.151373725,1.8724999999999998e-05,0.033203724999999996,0.039783725,1.8724999999999998e-05,0.036033724999999996,0.0138037249999999,1.8724999999999998e-05,1.8724999999999998e-05,0.469093725,0.024283725,1.8724999999999998e-05,0.047543724999999995,0.012223725,1.8724999999999998e-05,1.8724999999999998e-05,0.008573725,0.012603725,1.8724999999999998e-05,1.8724999999999998e-05,1.8724999999999998e-05,1.8724999999999998e-05,1.8724999999999998e-05,1.8724999999999998e-05,1.8724999999999998e-05,0.007263725,1.8724999999999998e-05,1.8724999999999998e-05,1.8724999999999998e-05,1.8724999999999998e-05,1.8724999999999998e-05,0.013793725,0.012703725,1.8724999999999998e-05,0.012243725,0.001073725,1.8724999999999998e-05,1.8724999999999998e-05,12.743853725,1.8724999999999998e-05,1.8724999999999998e-05,1.8724999999999998e-05,1.8724999999999998e-05,0.0069637250000000005,0.029883725,1.8724999999999998e-05,0.004443725000000001,0.009393725,16.21963372499996
37082_1#15,1.1066635500000002,0.8836035500000001,0.9726335500000001,0.30930355,5.096653549999999,0.16192355,0.12168355,18.58822355,0.042193549999999996,15.15530355,1.855e-05,0.043053549999999996,6.009543549999999,2.49978355,1.855e-05,1.855e-05,0.29863355,0.17371355,0.03954355,0.37214355,0.42779355,0.49624355,0.5150835500000001,0.006213549999999899,1.9081135500000002,4.28011355,0.2018435499999999,0.010103550000000001,1.855e-05,0.06754355,0.00411355,0.26070355,0.16381355,0.08077355,1.855e-05,0.00449355,0.26717355,0.0435235499999999,0.45173355,0.0943635499999999,1.855e-05,1.855e-05,1.855e-05,1.855e-05,1.855e-05,1.855e-05,1.855e-05,3.3939535499999995,1.855e-05,1.855e-05,1.855e-05,1.855e-05,3.2134735500000002,1.855e-05,0.9452335500000001,1.855e-05,1.855e-05,0.11557355,1.855e-05,1.4165835500000001,0.01267355,3.06235355,1.855e-05,0.64972355,0.11688355,1.855e-05,1.855e-05,0.15275355,0.012063550000000001,1.855e-05,1.855e-05,1.855e-05,1.855e-05,1.855e-05,1.855e-05,1.855e-05,1.2665335500000001,1.855e-05,0.0130035499999999,1.855e-05,0.01362355,1.82558355,1.855e-05,1.855e-05,1.855e-05,0.02024355,0.0305235499999999,0.0147435499999999,1.855e-05,1.855e-05,1.855e-05,1.855e-05,0.022063549999999998,0.0006235500000000001,0.024363549999999998,0.37652355,1.855e-05,1.855e-05,1.855e-05,1.855e-05,0.1781435499999999,1.855e-05,0.00826355,0.07087355,0.0033335500000000002,1.855e-05,0.22813355,1.855e-05,0.00392355,0.008353550000000001,0.04312355,1.8859135500000002,1.855e-05,0.030843549999999997,1.855e-05,0.07141354999999999,1.855e-05,1.855e-05,1.855e-05,0.9995835500000001,1.855e-05,1.855e-05,1.855e-05,1.855e-05,2.07802355,0.0552635499999999,1.855e-05,0.07432355,0.03776355,1.855e-05,1.855e-05,1.855e-05,1.855e-05,0.5324635500000001,1.855e-05,1.855e-05,1.855e-05,1.2235235500000001,1.855e-05,0.12931355,1.855e-05,1.855e-05,1.855e-05,1.855e-05,1.855e-05,0.03420355,0.00990355,1.855e-05,0.47920355,1.855e-05,0.03871355,0.00625355,0.00626355,0.042533549999999996,1.855e-05,1.855e-05,0.004633549999999999,1.855e-05,1.855e-05,1.855e-05,2.3676935500000003,1.855e-05,0.63055355,0.03801355,0.16716355,1.855e-05,0.01258355,1.855e-05,1.855e-05,1.855e-05,1.855e-05,0.00655355,0.03366355,1.855e-05,0.042623549999999996,0.0026935500000000003,0.05138355,0.21403355,1.855e-05,1.855e-05,1.855e-05,0.27145355,0.7494635500000001,0.04190355,0.020523549999999998,0.10132355,0.0033635499999999,0.01437355,0.0045435499999999995,1.855e-05,1.855e-05,1.855e-05,1.855e-05,1.855e-05,1.855e-05,1.855e-05,0.00133355,0.023013549999999997,1.855e-05,9.058273549999974
37082_1#16,0.003125675,1.198875675,0.017985674999999902,0.181175675,4.748785675,0.5907656749999999,0.256075675,8.223775675,1.0674999999999999e-05,8.700205675,0.032235675,0.163775675,36.046885675,0.017215675,1.0674999999999999e-05,0.132325675,0.17141567500000002,1.0674999999999999e-05,0.037505675,0.138215675,0.0180956749999999,0.001945675,0.949935675,0.4127456749999999,0.300315675,1.433145675,1.6464856749999999,0.1476856749999999,0.004585675,1.0674999999999999e-05,0.001605675,1.0674999999999999e-05,0.497065675,1.0674999999999999e-05,1.0674999999999999e-05,1.0674999999999999e-05,0.12476567499999999,1.0674999999999999e-05,1.161075675,0.2235956749999999,0.7467956749999999,0.0440156749999999,1.0674999999999999e-05,1.0674999999999999e-05,1.0674999999999999e-05,0.008545674999999999,1.0674999999999999e-05,7.414275675,1.0674999999999999e-05,1.0674999999999999e-05,1.0674999999999999e-05,1.0674999999999999e-05,0.953355675,0.379175675,1.0674999999999999e-05,1.0674999999999999e-05,1.0674999999999999e-05,0.120065675,1.0674999999999999e-05,0.089285675,0.010565675,1.0674999999999999e-05,1.0674999999999999e-05,1.0674999999999999e-05,0.036035675,1.0674999999999999e-05,1.0674999999999999e-05,0.1985856749999999,1.366585675,1.0674999999999999e-05,1.0674999999999999e-05,1.0674999999999999e-05,1.0674999999999999e-05,1.0674999999999999e-05,1.0674999999999999e-05,1.0674999999999999e-05,0.8725556749999999,1.0674999999999999e-05,1.0674999999999999e-05,1.0674999999999999e-05,1.0674999999999999e-05,1.0674999999999999e-05,1.0674999999999999e-05,1.0674999999999999e-05,1.0674999999999999e-05,0.09126567499999999,1.0674999999999999e-05,1.0674999999999999e-05,1.0674999999999999e-05,1.0674999999999999e-05,0.003435675,1.0674999999999999e-05,1.0674999999999999e-05,1.0674999999999999e-05,1.0674999999999999e-05,0.040645675,1.0674999999999999e-05,1.0674999999999999e-05,1.0674999999999999e-05,1.0674999999999999e-05,1.0674999999999999e-05,1.0674999999999999e-05,0.132385675,1.0674999999999999e-05,1.0674999999999999e-05,1.0674999999999999e-05,1.0674999999999999e-05,1.0674999999999999e-05,1.0674999999999999e-05,0.278005675,0.041325675,0.025555675,1.0674999999999999e-05,1.0674999999999999e-05,1.0674999999999999e-05,1.0674999999999999e-05,1.0674999999999999e-05,1.0674999999999999e-05,1.0674999999999999e-05,1.0674999999999999e-05,1.0674999999999999e-05,1.0674999999999999e-05,1.0674999999999999e-05,1.0674999999999999e-05,1.0674999999999999e-05,1.0674999999999999e-05,1.0674999999999999e-05,1.0674999999999999e-05,1.0674999999999999e-05,1.0674999999999999e-05,0.002745675,1.0674999999999999e-05,1.0674999999999999e-05,0.144835675,1.0674999999999999e-05,0.055325675000000005,1.0674999999999999e-05,0.078795675,1.0674999999999999e-05,1.0674999999999999e-05,1.0674999999999999e-05,1.0674999999999999e-05,1.0674999999999999e-05,1.0674999999999999e-05,1.0674999999999999e-05,1.0674999999999999e-05,1.0674999999999999e-05,1.0674999999999999e-05,1.0674999999999999e-05,1.0674999999999999e-05,1.0674999999999999e-05,1.0674999999999999e-05,0.001535675,1.0674999999999999e-05,1.0674999999999999e-05,0.013625675,1.0674999999999999e-05,1.0674999999999999e-05,1.0674999999999999e-05,1.0674999999999999e-05,1.0674999999999999e-05,1.0674999999999999e-05,1.0674999999999999e-05,1.0674999999999999e-05,0.004055674999999899,1.0674999999999999e-05,1.0674999999999999e-05,1.0674999999999999e-05,1.0674999999999999e-05,1.0674999999999999e-05,1.0674999999999999e-05,1.0674999999999999e-05,1.0674999999999999e-05,1.0674999999999999e-05,1.0674999999999999e-05,1.0674999999999999e-05,1.0674999999999999e-05,1.766735675,1.0674999999999999e-05,1.0674999999999999e-05,1.0674999999999999e-05,1.0674999999999999e-05,1.0674999999999999e-05,1.0674999999999999e-05,1.0674999999999999e-05,0.10493567499999999,1.0674999999999999e-05,1.0674999999999999e-05,1.0674999999999999e-05,1.0674999999999999e-05,1.0674999999999999e-05,1.0674999999999999e-05,1.0674999999999999e-05,1.0674999999999999e-05,1.0674999999999999e-05,1.0674999999999999e-05,1.0674999999999999e-05,1.0674999999999999e-05,1.0674999999999999e-05,17.390065675
37082_1#17,1.032896875,0.5835368750000001,0.525436875,0.104936875,2.293106875,0.156776875,0.272876875,7.121686875,0.027796875000000002,4.965526875,0.063316875,0.202176875,1.909046875,0.623596875,0.395426875,0.217766875,0.739016875,1.605186875,0.09886687499999999,1.1372368750000001,0.314176875,0.359416875,0.374436875,0.236386875,0.031166875,1.632716875,1.4814068750000002,0.090226875,0.045106875,0.043376874999999995,0.09472687499999989,0.310376875,0.010876875000000001,0.042976875,2.1874999999999996e-05,2.1874999999999996e-05,1.182896875,0.123266875,0.022306875,2.1874999999999996e-05,2.1874999999999996e-05,2.1874999999999996e-05,2.1874999999999996e-05,2.1874999999999996e-05,2.1874999999999996e-05,2.1874999999999996e-05,2.1874999999999996e-05,4.927316875000001,0.12460687499999999,2.1874999999999996e-05,0.494966875,2.1874999999999996e-05,2.1874999999999996e-05,2.1874999999999996e-05,2.1874999999999996e-05,2.1874999999999996e-05,2.1874999999999996e-05,0.157596875,2.1874999999999996e-05,1.833826875,0.07438687499999999,0.7359568750000001,2.1874999999999996e-05,0.500406875,0.213586875,2.1874999999999996e-05,0.360976875,0.323376875,0.7220968750000001,2.1874999999999996e-05,0.040546874999999996,2.1874999999999996e-05,0.034696874999999995,2.1874999999999996e-05,2.1874999999999996e-05,0.023216875,2.1874999999999996e-05,2.1874999999999996e-05,2.1874999999999996e-05,2.1874999999999996e-05,0.203606875,5.126896875,2.1874999999999996e-05,2.1874999999999996e-05,0.9622368750000001,2.1874999999999996e-05,2.1874999999999996e-05,2.1874999999999996e-05,0.034906875,0.011716874999999901,2.1874999999999996e-05,2.1874999999999996e-05,2.1874999999999996e-05,0.011356875,0.12009687499999999,0.161186875,0.009136875000000001,2.1874999999999996e-05,0.5475468750000001,0.025046875,0.5632868750000001,2.1874999999999996e-05,0.1972668749999999,0.100896875,0.0004468749999999,2.1874999999999996e-05,2.1874999999999996e-05,2.1874999999999996e-05,2.1874999999999996e-05,0.143056875,0.111236875,0.649376875,2.1874999999999996e-05,0.018166875000000002,2.1874999999999996e-05,0.013816875000000001,0.8339268750000001,2.1874999999999996e-05,0.11275687499999999,0.5678968750000001,0.089476875,0.0061468749999999996,2.1874999999999996e-05,2.1874999999999996e-05,1.433376875,0.011866875,2.1874999999999996e-05,2.1874999999999996e-05,0.013706875,2.1874999999999996e-05,2.1874999999999996e-05,2.1874999999999996e-05,2.1874999999999996e-05,0.12442687499999999,2.1874999999999996e-05,2.1874999999999996e-05,2.1874999999999996e-05,0.017206875,2.1874999999999996e-05,1.037156875,2.1874999999999996e-05,2.1874999999999996e-05,0.2689868749999999,1.852676875,0.2914068749999999,0.268816875,0.6017968750000001,0.375206875,0.853286875,0.605826875,0.120256875,0.0047868749999999995,0.065896875,0.036586875,2.1874999999999996e-05,0.035456875,0.009646875000000001,2.1874999999999996e-05,0.343076875,0.319336875,1.071306875,0.042936875,0.5790468750000001,0.036276874999999896,0.0098468749999999,2.1874999999999996e-05,0.182596875,0.177586875,0.0032468749999999998,2.1874999999999996e-05,0.029226875,0.007976875000000001,2.1874999999999996e-05,2.1874999999999996e-05,0.032786875,0.054326875,0.019056875,0.324296875,2.1874999999999996e-05,2.1874999999999996e-05,0.086096875,2.1874999999999996e-05,0.017616875,0.021346875,0.0729668749999999,0.07227687499999999,2.1874999999999996e-05,2.1874999999999996e-05,2.1874999999999996e-05,2.1874999999999996e-05,2.1874999999999996e-05,2.1874999999999996e-05,0.274906875,2.1874999999999996e-05,0.1440668749999999,0.328036875,0.045606875,0.0026768749999999,0.031346874999999996,35.97898687500001
37082_1#18,0.465713575,1.953863575,0.370433575,2.323673575,6.316333575000001,0.5883835749999999,0.1655335749999999,23.805423575,0.441113575,24.496613574999998,0.076503575,1.742553575,8.692093575,8.574999999999998e-06,0.416993575,0.344053575,0.156493575,8.574999999999998e-06,8.574999999999998e-06,1.5181535750000001,8.574999999999998e-06,0.066783575,0.2787435749999999,8.574999999999998e-06,0.3088335749999999,8.574999999999998e-06,0.6207635749999999,0.020073575,0.0121835749999999,8.574999999999998e-06,8.574999999999998e-06,0.334433575,0.5251635749999999,8.574999999999998e-06,8.574999999999998e-06,0.162213575,8.574999999999998e-06,0.008883575,0.29357357500000003,0.0130435749999999,0.003823575,8.574999999999998e-06,8.574999999999998e-06,8.574999999999998e-06,8.574999999999998e-06,8.574999999999998e-06,8.574999999999998e-06,1.608763575,8.574999999999998e-06,0.8119435749999999,8.574999999999998e-06,8.574999999999998e-06,3.142943575,8.574999999999998e-06,8.574999999999998e-06,8.574999999999998e-06,8.574999999999998e-06,8.574999999999998e-06,8.574999999999998e-06,0.186353575,0.11719357500000001,8.574999999999998e-06,8.574999999999998e-06,8.574999999999998e-06,0.233033575,8.574999999999998e-06,8.574999999999998e-06,8.574999999999998e-06,9.018273575,8.574999999999998e-06,8.574999999999998e-06,8.574999999999998e-06,8.574999999999998e-06,8.574999999999998e-06,8.574999999999998e-06,8.574999999999998e-06,8.574999999999998e-06,8.574999999999998e-06,8.574999999999998e-06,8.574999999999998e-06,8.574999999999998e-06,8.574999999999998e-06,0.043383575,8.574999999999998e-06,8.574999999999998e-06,8.574999999999998e-06,8.574999999999998e-06,8.574999999999998e-06,8.574999999999998e-06,8.574999999999998e-06,8.574999999999998e-06,8.574999999999998e-06,8.574999999999998e-06,8.574999999999998e-06,8.574999999999998e-06,8.574999999999998e-06,8.574999999999998e-06,8.574999999999998e-06,8.574999999999998e-06,0.062553575,8.574999999999998e-06,8.574999999999998e-06,8.574999999999998e-06,8.574999999999998e-06,8.574999999999998e-06,8.574999999999998e-06,8.574999999999998e-06,8.574999999999998e-06,8.574999999999998e-06,0.043033575000000004,8.574999999999998e-06,8.574999999999998e-06,8.574999999999998e-06,8.574999999999998e-06,8.574999999999998e-06,8.574999999999998e-06,8.574999999999998e-06,8.574999999999998e-06,8.574999999999998e-06,8.574999999999998e-06,8.574999999999998e-06,8.574999999999998e-06,8.574999999999998e-06,8.574999999999998e-06,0.0051135749999999995,8.574999999999998e-06,8.574999999999998e-06,8.574999999999998e-06,8.574999999999998e-06,8.574999999999998e-06,8.574999999999998e-06,8.574999999999998e-06,8.574999999999998e-06,0.334443575,8.574999999999998e-06,0.042753575,8.574999999999998e-06,8.574999999999998e-06,8.574999999999998e-06,8.574999999999998e-06,8.574999999999998e-06,8.574999999999998e-06,8.574999999999998e-06,8.574999999999998e-06,8.574999999999998e-06,8.574999999999998e-06,8.574999999999998e-06,8.574999999999998e-06,8.574999999999998e-06,8.574999999999998e-06,8.574999999999998e-06,8.574999999999998e-06,8.574999999999998e-06,8.574999999999998e-06,8.574999999999998e-06,8.574999999999998e-06,8.574999999999998e-06,0.016813575,1.017943575,8.574999999999998e-06,8.574999999999998e-06,8.574999999999998e-06,8.574999999999998e-06,8.574999999999998e-06,8.574999999999998e-06,8.574999999999998e-06,8.574999999999998e-06,8.574999999999998e-06,8.574999999999998e-06,8.574999999999998e-06,8.574999999999998e-06,8.574999999999998e-06,8.574999999999998e-06,8.574999999999998e-06,8.574999999999998e-06,8.574999999999998e-06,8.574999999999998e-06,8.574999999999998e-06,8.574999999999998e-06,8.574999999999998e-06,8.574999999999998e-06,8.574999999999998e-06,8.574999999999998e-06,8.574999999999998e-06,8.574999999999998e-06,0.24410357500000002,0.0061135749999999996,0.006803575,8.574999999999998e-06,8.574999999999998e-06,8.574999999999998e-06,8.574999999999998e-06,8.574999999999998e-06,8.574999999999998e-06,8.574999999999998e-06,8.574999999999998e-06,8.574999999999998e-06,8.574999999999998e-06,8.574999999999998e-06,6.53469357500007
37082_1#19,0.21639092499999998,0.44354092500000003,0.12608092499999998,0.384950925,0.993280925,0.034750925,0.425080925,6.066480925,1.5924999999999997e-05,0.663010925,0.19377092499999998,0.179510925,7.791000925,0.483080925,0.189230925,0.570030925,0.987840925,0.09269092500000001,1.039070925,0.563560925,1.145620925,0.007290924999999999,0.026660925,0.072840925,0.327730925,1.961480925,0.541950925,0.031570925,0.0211509249999999,0.017730924999999998,0.774420925,3.4448009249999996,0.255180925,0.005150925,0.065170925,0.063570925,0.2239009249999999,0.482870925,1.585480925,1.5924999999999997e-05,0.0078909249999999,1.5924999999999997e-05,1.5924999999999997e-05,0.002930925,1.5924999999999997e-05,1.5924999999999997e-05,0.688480925,35.780490925,1.5924999999999997e-05,0.318700925,1.5924999999999997e-05,1.5924999999999997e-05,4.755020925,0.564840925,1.5924999999999997e-05,1.5924999999999997e-05,0.0053909249999999995,0.012320925,1.5924999999999997e-05,1.052030925,1.5924999999999997e-05,1.5924999999999997e-05,1.5924999999999997e-05,1.5924999999999997e-05,1.005630925,1.5924999999999997e-05,2.5182709250000004,0.008350925,0.37056092500000004,1.5924999999999997e-05,1.5924999999999997e-05,1.5924999999999997e-05,0.007860925,0.015760925,1.5924999999999997e-05,1.5924999999999997e-05,1.166530925,0.309090925,0.030390925,1.5924999999999997e-05,1.5924999999999997e-05,0.002570925,0.022880925,1.5924999999999997e-05,0.253900925,1.5924999999999997e-05,0.155850925,1.5924999999999997e-05,0.006450925,1.5924999999999997e-05,1.5924999999999997e-05,1.5924999999999997e-05,1.5924999999999997e-05,1.5924999999999997e-05,0.005590925,2.111350925,1.5924999999999997e-05,1.5924999999999997e-05,1.5924999999999997e-05,1.5924999999999997e-05,1.5924999999999997e-05,1.5924999999999997e-05,0.06749092500000001,0.0095909249999999,1.5924999999999997e-05,1.5924999999999997e-05,1.5924999999999997e-05,1.5924999999999997e-05,1.5924999999999997e-05,0.542180925,1.5924999999999997e-05,0.11133092500000001,1.5924999999999997e-05,1.5924999999999997e-05,1.5924999999999997e-05,0.005300925,1.5924999999999997e-05,0.010060925,1.5924999999999997e-05,0.009680925,1.5924999999999997e-05,1.5924999999999997e-05,1.5924999999999997e-05,1.2647509250000002,1.5924999999999997e-05,1.5924999999999997e-05,1.5924999999999997e-05,1.5924999999999997e-05,1.5924999999999997e-05,1.5924999999999997e-05,1.5924999999999997e-05,0.012830925,0.005530925,1.5924999999999997e-05,1.5924999999999997e-05,1.5924999999999997e-05,1.5924999999999997e-05,1.5924999999999997e-05,1.5924999999999997e-05,1.5924999999999997e-05,1.5924999999999997e-05,1.5924999999999997e-05,1.5924999999999997e-05,1.5924999999999997e-05,1.5924999999999997e-05,1.5924999999999997e-05,0.022530925,1.5924999999999997e-05,1.5924999999999997e-05,1.5924999999999997e-05,0.07715092500000001,0.17762092499999999,0.29767092500000003,0.044820925,1.5924999999999997e-05,0.082930925,1.5924999999999997e-05,0.010930925,1.5924999999999997e-05,0.050450925,1.532420925,1.5924999999999997e-05,1.5924999999999997e-05,1.5924999999999997e-05,1.5924999999999997e-05,1.5924999999999997e-05,1.5924999999999997e-05,1.5924999999999997e-05,1.5924999999999997e-05,1.5924999999999997e-05,1.5924999999999997e-05,1.5924999999999997e-05,1.5924999999999997e-05,1.5924999999999997e-05,1.5924999999999997e-05,0.016530925,1.5924999999999997e-05,0.398460925,1.5924999999999997e-05,1.5924999999999997e-05,1.5924999999999997e-05,0.045180925,1.5924999999999997e-05,1.5924999999999997e-05,1.5924999999999997e-05,0.258420925,0.003790925,0.004490925,1.5924999999999997e-05,1.5924999999999997e-05,1.5924999999999997e-05,1.5924999999999997e-05,1.5924999999999997e-05,1.5924999999999997e-05,1.5924999999999997e-05,1.5924999999999997e-05,1.5924999999999997e-05,1.5924999999999997e-05,0.132690925,11.126340925000079
37082_1#20,1.674262325,1.009772325,1.9384823249999998,1.4744523250000001,2.800082325,0.407592325,0.657762325,4.412182325000001,0.07872232500000001,6.343882325,0.169792325,0.376202325,11.403142325,1.041172325,1.7325e-05,0.049602324999999996,0.6801023249999999,0.2435523249999999,0.135222325,1.711212325,0.06719232500000001,0.145322325,2.635762325,1.7325e-05,0.034092325,10.635842324999999,3.797822325,0.255542325,0.0214023249999999,0.068602325,0.4088523249999999,0.006092325,1.004642325,1.7325e-05,1.7325e-05,1.7325e-05,0.156362325,0.008302325,0.680292325,0.006012325,1.7325e-05,1.7325e-05,1.7325e-05,1.7325e-05,0.000872325,0.003922325,0.016832325,0.061832325,1.7325e-05,1.025432325,1.7325e-05,1.7325e-05,1.7325e-05,1.7325e-05,6.099252325,1.7325e-05,1.7325e-05,0.102252325,1.7325e-05,0.4790723249999999,0.019612325,1.7325e-05,1.7325e-05,1.7325e-05,0.182852325,1.7325e-05,1.7325e-05,0.370162325,1.7325e-05,1.7325e-05,1.7325e-05,1.7325e-05,0.000542325,1.7325e-05,1.7325e-05,1.7325e-05,14.331772325,0.287562325,0.3774523249999999,1.7325e-05,0.059812324999999895,0.2867523249999999,1.7325e-05,1.7325e-05,0.178572325,1.7325e-05,0.006042325,1.7325e-05,1.7325e-05,1.7325e-05,1.7325e-05,1.7325e-05,0.496582325,0.0133523249999999,1.7325e-05,1.9269923249999998,1.7325e-05,1.7325e-05,1.7325e-05,1.7325e-05,0.213882325,1.7325e-05,0.060352325,1.7325e-05,0.004992325,1.7325e-05,0.046362324999999996,1.7325e-05,1.7325e-05,0.022022325,0.19343232500000002,0.377492325,1.7325e-05,0.029832325,1.7325e-05,1.7325e-05,1.7325e-05,1.7325e-05,0.043612325,2.377822325,0.0836223249999999,1.7325e-05,1.7325e-05,1.7325e-05,0.582142325,1.7325e-05,1.7325e-05,1.7325e-05,0.010052325,1.7325e-05,1.7325e-05,1.7325e-05,1.7325e-05,0.015572325,0.020492325,0.045502324999999996,1.7325e-05,0.258642325,1.7325e-05,0.10295232500000001,1.7325e-05,1.7325e-05,1.7325e-05,1.7325e-05,1.7325e-05,0.106162325,1.7325e-05,1.7325e-05,0.073042325,1.7325e-05,0.132082325,0.9548323249999999,1.7325e-05,0.073002325,0.420262325,0.137532325,1.7325e-05,1.7325e-05,1.7325e-05,0.036302324999999996,1.7325e-05,1.7325e-05,0.0049123249999999,1.7325e-05,0.011282325,1.7325e-05,1.7325e-05,1.7325e-05,1.7325e-05,1.7325e-05,0.022492324999999997,1.7325e-05,1.7325e-05,1.7325e-05,1.7325e-05,1.7325e-05,0.019022325,0.012762325,1.7325e-05,1.7325e-05,0.021032324999999998,0.076672325,0.114322325,0.084142325,0.008462325,0.019832324999999998,0.0059323250000000004,1.7325e-05,0.0032023250000000002,1.7325e-05,1.7325e-05,1.7325e-05,1.7325e-05,1.7325e-05,1.7325e-05,1.7325e-05,0.011432325,0.036722324999999896,1.7325e-05,10.257162324999975
37082_1#21,3.957805325,2.708045325,13.593275324999999,0.246585325,1.905855325,0.279435325,2.6426353249999996,10.623505325,1.0325e-05,1.744305325,0.126895325,0.119105325,11.730495325,3.110195325,0.009815325,0.6541153249999999,1.791695325,1.0325e-05,1.0325e-05,3.5162253249999997,1.0325e-05,1.7516153250000002,0.48744532499999993,0.306245325,0.041675325,1.982205325,0.774805325,0.596005325,0.642095325,0.143315325,0.947355325,0.008045325,0.430905325,0.290385325,0.041595324999999995,0.1731353249999999,1.0325e-05,0.224655325,0.32269532500000003,0.038845325,0.008805325,0.075685325,1.0325e-05,0.195195325,1.0325e-05,1.0325e-05,1.0325e-05,7.052105325,1.0325e-05,1.0325e-05,1.0325e-05,2.303725325,1.0325e-05,1.0325e-05,1.0325e-05,1.0325e-05,1.0325e-05,1.0325e-05,1.0325e-05,1.834335325,1.0325e-05,1.0325e-05,1.0325e-05,1.0325e-05,1.028205325,1.0325e-05,1.0325e-05,1.0325e-05,5.784805325000001,1.0325e-05,1.0325e-05,1.0325e-05,1.0325e-05,1.0325e-05,1.0325e-05,1.0325e-05,1.0325e-05,1.0325e-05,0.799025325,1.0325e-05,1.0325e-05,0.889185325,1.0325e-05,1.0325e-05,1.0325e-05,1.0325e-05,1.0325e-05,1.0325e-05,1.0325e-05,1.0325e-05,1.0325e-05,1.0325e-05,1.0325e-05,1.0325e-05,1.0325e-05,1.0325e-05,1.0325e-05,1.0325e-05,1.0325e-05,0.015845325,1.0325e-05,1.0325e-05,0.1224353249999999,1.0325e-05,1.0325e-05,1.0325e-05,1.0325e-05,1.0325e-05,1.0325e-05,0.09538532499999999,1.0325e-05,1.0325e-05,0.001935325,1.0325e-05,1.0325e-05,1.0325e-05,1.0325e-05,1.0325e-05,1.0325e-05,1.0325e-05,1.0325e-05,1.0325e-05,1.0325e-05,1.0325e-05,1.0325e-05,1.0325e-05,1.0325e-05,1.0325e-05,1.0325e-05,1.0325e-05,1.0325e-05,1.0325e-05,1.0325e-05,1.0325e-05,1.0325e-05,0.038325325,1.0325e-05,1.0325e-05,1.0325e-05,1.0325e-05,1.0325e-05,1.0325e-05,1.0325e-05,1.0325e-05,1.0325e-05,1.0325e-05,1.0325e-05,1.0325e-05,1.0325e-05,1.0325e-05,1.0325e-05,1.0325e-05,1.0325e-05,1.0325e-05,1.0325e-05,0.0767053249999999,1.0325e-05,1.0325e-05,1.0325e-05,1.0325e-05,1.0325e-05,1.0325e-05,1.0325e-05,1.0325e-05,1.0325e-05,1.0325e-05,1.0325e-05,1.0325e-05,1.0325e-05,1.0325e-05,1.0325e-05,1.0325e-05,1.0325e-05,1.0325e-05,1.0325e-05,0.010605325,1.0325e-05,1.0325e-05,1.0325e-05,1.0325e-05,1.0325e-05,0.37516532500000005,0.940795325,1.0325e-05,0.047525325,0.25692532500000004,0.067885325,0.016645324999999902,1.0325e-05,1.0325e-05,1.0325e-05,1.0325e-05,1.0325e-05,1.0325e-05,1.0325e-05,1.0325e-05,1.0325e-05,1.0325e-05,1.0325e-05,9.998275324999986
37082_1#22,0.5740755000000001,6.1659055,0.1921355,0.6338755,1.9876455,0.2525954999999999,0.7176355000000001,0.4014055,1.0499999999999998e-05,23.759905500000002,0.1403354999999999,5.7257055,25.379905500000003,0.3335155,1.0499999999999998e-05,2.2282055,1.3333154999999999,1.0499999999999998e-05,0.47395550000000003,1.9143755,1.0499999999999998e-05,0.0018654999999999,0.21335549999999998,0.0379654999999999,0.0399655,1.0236455,0.07427550000000001,0.0256654999999999,0.1088854999999999,0.2663255,0.1844354999999999,1.0499999999999998e-05,1.4120655,0.0080455,0.0776855,0.0100355,1.0499999999999998e-05,0.0147055,0.0005255,0.5682655,1.0499999999999998e-05,1.0499999999999998e-05,0.018235499999999998,1.0499999999999998e-05,0.0036855000000000004,1.0499999999999998e-05,1.0499999999999998e-05,1.0499999999999998e-05,1.0499999999999998e-05,1.0499999999999998e-05,1.0499999999999998e-05,1.0499999999999998e-05,1.0499999999999998e-05,1.0499999999999998e-05,1.0499999999999998e-05,1.0499999999999998e-05,1.0499999999999998e-05,0.008085499999999999,1.0499999999999998e-05,0.0702155,0.0061955,1.0499999999999998e-05,1.0499999999999998e-05,1.0499999999999998e-05,0.0189755,1.0499999999999998e-05,1.0499999999999998e-05,0.0839655,17.802225500000002,1.0499999999999998e-05,1.0499999999999998e-05,1.0499999999999998e-05,1.0499999999999998e-05,1.0499999999999998e-05,1.0499999999999998e-05,1.0499999999999998e-05,0.1999455,1.0499999999999998e-05,0.1860455,1.0499999999999998e-05,1.0499999999999998e-05,1.0499999999999998e-05,1.0499999999999998e-05,1.0499999999999998e-05,1.0499999999999998e-05,0.032275500000000006,1.0499999999999998e-05,1.0499999999999998e-05,1.0499999999999998e-05,1.0499999999999998e-05,1.0499999999999998e-05,1.0499999999999998e-05,0.7334455,1.0499999999999998e-05,1.0499999999999998e-05,1.0499999999999998e-05,1.0499999999999998e-05,1.0499999999999998e-05,1.0499999999999998e-05,1.0499999999999998e-05,1.0499999999999998e-05,1.0499999999999998e-05,0.38487550000000004,1.0499999999999998e-05,1.0499999999999998e-05,1.0499999999999998e-05,1.0499999999999998e-05,1.0499999999999998e-05,1.0499999999999998e-05,1.0499999999999998e-05,0.2688355,1.0499999999999998e-05,1.0499999999999998e-05,1.0499999999999998e-05,1.0499999999999998e-05,1.0499999999999998e-05,1.0499999999999998e-05,1.0499999999999998e-05,1.0499999999999998e-05,0.0128155,1.0499999999999998e-05,1.0499999999999998e-05,1.0499999999999998e-05,1.0499999999999998e-05,1.0499999999999998e-05,1.0499999999999998e-05,1.0499999999999998e-05,1.0499999999999998e-05,1.0499999999999998e-05,1.0499999999999998e-05,1.0499999999999998e-05,1.0499999999999998e-05,1.0499999999999998e-05,1.0499999999999998e-05,1.0499999999999998e-05,0.0777355,1.0499999999999998e-05,1.0499999999999998e-05,1.0499999999999998e-05,1.0499999999999998e-05,1.0499999999999998e-05,1.0499999999999998e-05,1.0499999999999998e-05,1.0499999999999998e-05,1.0499999999999998e-05,1.0499999999999998e-05,1.0499999999999998e-05,1.0499999999999998e-05,1.0499999999999998e-05,1.0499999999999998e-05,1.0499999999999998e-05,1.0499999999999998e-05,1.0499999999999998e-05,1.0499999999999998e-05,1.0499999999999998e-05,0.0711355,1.0499999999999998e-05,1.0499999999999998e-05,1.0499999999999998e-05,1.0499999999999998e-05,1.0499999999999998e-05,1.0499999999999998e-05,1.0499999999999998e-05,1.0499999999999998e-05,1.0499999999999998e-05,1.0499999999999998e-05,1.0499999999999998e-05,1.0499999999999998e-05,1.0499999999999998e-05,1.0499999999999998e-05,0.006095499999999999,1.0499999999999998e-05,1.0499999999999998e-05,1.0499999999999998e-05,1.0499999999999998e-05,0.0042355,1.0499999999999998e-05,0.2102454999999999,1.0499999999999998e-05,1.0499999999999998e-05,1.0499999999999998e-05,1.0499999999999998e-05,0.0645555,0.0216055,1.0499999999999998e-05,0.007755499999999999,0.0066155,1.0499999999999998e-05,0.013405499999999999,1.0499999999999998e-05,1.0499999999999998e-05,1.0499999999999998e-05,1.0499999999999998e-05,1.0499999999999998e-05,1.0499999999999998e-05,1.0499999999999998e-05,1.0499999999999998e-05,1.0499999999999998e-05,1.0499999999999998e-05,3.403115499999996
37082_1#23,3.02247515,2.87467515,4.636395149999999,1.57369515,0.6530351500000001,0.44327515,1.02519515,4.35473515,1.015e-05,11.50558515,0.10860514999999989,0.4502651499999999,37.422205149999996,0.5431351500000001,1.015e-05,0.45733514999999997,0.35047514999999996,1.015e-05,0.91642515,0.46753514999999995,0.10903514999999989,0.16529515,2.74564515,0.19497515,0.5592251500000001,1.9540951500000001,0.64352515,0.05522515,0.01659515,0.11046515,0.03210515,1.015e-05,0.61348515,1.015e-05,0.00785515,0.30576515,0.23117515,0.8996951500000001,0.87206515,0.3457451499999999,0.0129451499999999,0.00041515000000000004,0.01020515,1.015e-05,1.015e-05,1.015e-05,0.0199451499999999,1.015e-05,1.53924515,1.015e-05,1.015e-05,1.015e-05,1.015e-05,0.13735515,1.015e-05,1.015e-05,1.015e-05,1.015e-05,1.015e-05,1.015e-05,0.07714515,1.015e-05,1.015e-05,1.015e-05,0.09829515,1.015e-05,1.015e-05,1.015e-05,1.015e-05,1.015e-05,1.015e-05,1.015e-05,1.015e-05,1.015e-05,1.015e-05,1.015e-05,1.015e-05,1.015e-05,1.015e-05,1.015e-05,1.015e-05,1.015e-05,1.015e-05,1.015e-05,1.015e-05,0.03717515,1.015e-05,1.015e-05,0.04609515,1.015e-05,1.015e-05,1.015e-05,1.015e-05,1.015e-05,1.015e-05,1.015e-05,1.015e-05,1.015e-05,1.015e-05,1.015e-05,1.015e-05,1.015e-05,0.11039515,1.015e-05,1.015e-05,1.015e-05,1.015e-05,1.015e-05,1.015e-05,0.1023851499999999,1.015e-05,1.015e-05,1.015e-05,1.015e-05,1.015e-05,1.015e-05,1.015e-05,1.015e-05,1.015e-05,1.015e-05,1.015e-05,1.015e-05,1.015e-05,1.015e-05,1.015e-05,1.015e-05,1.015e-05,1.015e-05,1.015e-05,1.015e-05,1.015e-05,1.015e-05,1.015e-05,1.31044515,1.015e-05,0.41386514999999996,1.015e-05,1.43957515,1.015e-05,1.015e-05,1.015e-05,1.015e-05,1.015e-05,1.015e-05,1.015e-05,1.015e-05,1.015e-05,1.015e-05,1.015e-05,1.015e-05,1.015e-05,0.00374515,1.015e-05,1.015e-05,1.015e-05,0.36145515,1.015e-05,1.015e-05,1.015e-05,1.015e-05,1.015e-05,1.015e-05,1.015e-05,1.015e-05,1.015e-05,1.015e-05,1.015e-05,1.015e-05,1.015e-05,1.015e-05,1.015e-05,1.015e-05,1.015e-05,1.015e-05,1.015e-05,1.015e-05,1.015e-05,0.05992515,1.015e-05,1.015e-05,1.015e-05,1.015e-05,1.015e-05,1.015e-05,0.09109515,0.08371514999999999,0.08981515,0.05467515,1.015e-05,1.015e-05,1.015e-05,1.015e-05,1.015e-05,1.015e-05,1.015e-05,1.015e-05,1.015e-05,1.015e-05,1.015e-05,13.231625149999996
37082_1#24,0.068918125,3.0390481250000003,0.085668125,1.0720081249999998,1.927218125,0.995548125,0.490048125,2.993778125,1.3125e-05,37.251558124999995,0.10688812499999989,0.1610381249999999,6.558218125,0.08650812499999999,1.3125e-05,0.1005581249999999,0.9077881250000001,1.3125e-05,0.7711381250000001,0.6722981250000001,1.3125e-05,0.028678125,0.31927812499999997,0.559618125,0.123148125,5.363728125,0.982198125,0.010828125000000001,0.025698125,0.07555812499999999,0.0042081249999998994,0.076728125,1.439018125,1.3125e-05,0.014288125,0.001268125,1.3125e-05,0.001488125,1.3125e-05,0.028358124999999998,0.002318125,1.3125e-05,1.3125e-05,1.3125e-05,1.3125e-05,0.016418125,1.3125e-05,1.3354081249999998,1.3125e-05,1.3125e-05,1.3125e-05,1.3125e-05,0.606608125,1.3125e-05,8.215858125,1.3125e-05,1.3125e-05,0.069918125,1.3125e-05,0.2336381249999999,0.459998125,1.3125e-05,1.3125e-05,1.3125e-05,0.306748125,1.3125e-05,1.3125e-05,0.238508125,0.812168125,1.3125e-05,1.3125e-05,1.3125e-05,1.3125e-05,1.3125e-05,1.3125e-05,0.016478125,0.463078125,1.3125e-05,0.015308125,1.3125e-05,1.3125e-05,0.0023681249999999,1.3125e-05,1.3125e-05,1.3125e-05,1.3125e-05,1.3125e-05,1.3125e-05,1.3125e-05,1.3125e-05,1.3125e-05,1.3125e-05,1.3125e-05,1.3125e-05,1.3125e-05,3.748868125,1.3125e-05,1.3125e-05,1.3125e-05,1.3125e-05,0.165738125,1.3125e-05,0.060518125,0.019038125,1.3125e-05,1.3125e-05,1.3125e-05,1.3125e-05,1.3125e-05,0.443738125,1.3125e-05,1.3125e-05,1.3125e-05,1.3125e-05,1.3125e-05,1.3125e-05,1.3125e-05,1.3125e-05,1.3125e-05,1.3125e-05,1.3125e-05,1.3125e-05,1.3125e-05,1.3125e-05,1.3125e-05,0.11160812499999999,1.3125e-05,1.3125e-05,0.003628125,1.3125e-05,1.3125e-05,1.3125e-05,0.0011681250000000001,0.045498125,1.3125e-05,1.3125e-05,1.3125e-05,0.013138125,1.3125e-05,1.3125e-05,1.3125e-05,1.3125e-05,1.3125e-05,1.3125e-05,1.3125e-05,1.3125e-05,1.3125e-05,1.3125e-05,0.149318125,1.3125e-05,1.3125e-05,0.044308125000000004,1.3125e-05,0.000538125,1.3125e-05,1.3125e-05,1.3125e-05,0.0030481249999999996,0.143238125,0.0194481249999999,0.019568125,1.3125e-05,1.3125e-05,1.3125e-05,1.3125e-05,1.3125e-05,1.3125e-05,1.3125e-05,1.3125e-05,1.3125e-05,1.3125e-05,0.0585181249999999,1.3125e-05,1.3125e-05,1.3125e-05,1.3125e-05,1.3125e-05,0.036628125000000004,1.3125e-05,1.3125e-05,1.3125e-05,0.0214881249999999,1.3125e-05,0.10035812499999999,0.000188125,0.6132881250000001,0.0120081249999999,1.3125e-05,1.3125e-05,1.3125e-05,1.3125e-05,1.3125e-05,1.3125e-05,1.3125e-05,1.3125e-05,1.3125e-05,1.3125e-05,0.040478125000000004,0.19301812499999998,14.792838125000035
37082_1#25,5.3468102250000005,3.288230225,4.230230225,0.522440225,0.8129802249999999,0.8950202249999999,0.187950225,13.832720225,1.5225e-05,0.8291102249999999,0.161440225,0.060170225,0.9714902249999999,3.111630225,1.5225e-05,0.052550225,0.285710225,0.401260225,0.143790225,0.345160225,0.078060225,0.737790225,0.421730225,0.043700225,1.5225e-05,4.3153502249999995,1.416890225,0.2381902249999999,0.0227002249999999,0.000510225,0.408710225,0.0946102249999999,0.296470225,0.341430225,1.5225e-05,1.5225e-05,0.088000225,0.252430225,0.652780225,1.5225e-05,0.331430225,0.041110225,1.5225e-05,1.5225e-05,0.0012702249999999998,1.5225e-05,1.5225e-05,37.580500225,1.5225e-05,1.5225e-05,1.5225e-05,1.5225e-05,1.5225e-05,1.5225e-05,1.5225e-05,1.5225e-05,1.5225e-05,0.0946102249999999,1.5225e-05,0.8807702249999999,1.5225e-05,1.5225e-05,1.5225e-05,0.0120102249999999,0.076540225,1.5225e-05,1.5225e-05,0.2189002249999999,1.5225e-05,1.5225e-05,1.5225e-05,1.5225e-05,1.5225e-05,1.5225e-05,1.5225e-05,1.5225e-05,0.303510225,1.5225e-05,0.163580225,1.5225e-05,0.0239502249999999,0.088760225,0.025170225,1.5225e-05,1.5225e-05,0.020980225,0.034700225,1.5225e-05,1.5225e-05,1.5225e-05,1.5225e-05,1.5225e-05,0.156170225,0.044280225,1.5225e-05,1.5225e-05,1.5225e-05,1.5225e-05,1.5225e-05,1.5225e-05,0.050790225,1.5225e-05,0.071260225,1.5225e-05,1.5225e-05,1.5225e-05,0.072230225,1.5225e-05,1.5225e-05,0.283740225,0.090910225,0.027270225,1.5225e-05,1.5225e-05,1.5225e-05,0.0946102249999999,1.5225e-05,1.5225e-05,1.5225e-05,0.092770225,0.080730225,1.5225e-05,1.5225e-05,1.5225e-05,0.148480225,0.0510702249999999,1.5225e-05,1.5225e-05,0.022510225000000002,1.5225e-05,1.5225e-05,1.5225e-05,1.5225e-05,1.5225e-05,0.001660225,1.5225e-05,1.5225e-05,0.1554102249999999,1.5225e-05,1.5225e-05,1.5225e-05,1.5225e-05,1.5225e-05,1.5225e-05,1.5225e-05,0.0022402249999999998,1.5225e-05,1.5225e-05,0.010040225,1.5225e-05,0.001660225,1.5225e-05,1.5225e-05,0.224740225,1.5225e-05,0.1323402249999999,1.5225e-05,1.5225e-05,1.5225e-05,0.812820225,0.874730225,1.5225e-05,0.024200225,1.5225e-05,0.045910225,1.5225e-05,0.006660224999999901,1.5225e-05,1.5225e-05,1.5225e-05,1.5225e-05,1.5225e-05,1.5225e-05,1.5225e-05,0.001890225,0.0773602249999999,1.5225e-05,1.5225e-05,1.5225e-05,1.5225e-05,1.5225e-05,0.6056702249999999,0.265090225,0.0078902249999999,0.021680225,0.150800225,1.5225e-05,0.009830225,1.5225e-05,1.5225e-05,1.5225e-05,1.5225e-05,1.5225e-05,1.5225e-05,1.5225e-05,1.5225e-05,1.5225e-05,0.086730225,0.0369502249999999,10.369310225000053
37082_1#26,2.8274069,2.3562069,1.4782568999999999,1.0276969,0.4937569,0.0647369,0.9083268999999999,4.2435369000000005,0.4305069,18.330896900000003,0.016776899999999997,0.1932169,7.9321369,3.2574369,1.1899999999999998e-05,0.3509569,0.5845869,0.0019268999999999998,0.7309068999999999,1.1726169,1.1899999999999998e-05,0.2552269,1.1899999999999998e-05,0.030366899999999898,1.1899999999999998e-05,1.1736669,0.8662969,0.0064969,0.0831168999999999,0.6652369,0.12066690000000001,1.0275069,0.0749069,0.1829769,0.0137869,1.1899999999999998e-05,0.27775690000000003,0.0570369,1.7659169000000001,0.1735969,1.1899999999999998e-05,1.1899999999999998e-05,0.0013368999999998998,1.1899999999999998e-05,1.1899999999999998e-05,1.1899999999999998e-05,1.1899999999999998e-05,1.1899999999999998e-05,1.1899999999999998e-05,1.1899999999999998e-05,1.1899999999999998e-05,1.1899999999999998e-05,0.1272169,1.1899999999999998e-05,1.1899999999999998e-05,1.1899999999999998e-05,1.1899999999999998e-05,0.0829469,1.1899999999999998e-05,0.0740469,0.020706899999999997,1.1899999999999998e-05,1.1899999999999998e-05,1.1899999999999998e-05,1.0038469,1.1899999999999998e-05,1.1899999999999998e-05,1.1899999999999998e-05,1.1899999999999998e-05,1.1899999999999998e-05,1.1899999999999998e-05,1.1899999999999998e-05,1.1899999999999998e-05,1.1899999999999998e-05,1.1899999999999998e-05,1.1899999999999998e-05,0.2742569,1.1899999999999998e-05,0.0512069,1.1899999999999998e-05,1.1899999999999998e-05,1.1899999999999998e-05,1.1899999999999998e-05,1.1899999999999998e-05,1.1899999999999998e-05,1.1899999999999998e-05,1.1899999999999998e-05,1.1899999999999998e-05,0.0807469,1.1899999999999998e-05,1.1899999999999998e-05,1.1899999999999998e-05,1.1899999999999998e-05,1.1899999999999998e-05,1.1899999999999998e-05,1.1899999999999998e-05,1.1899999999999998e-05,1.1899999999999998e-05,1.1899999999999998e-05,0.07559690000000001,1.1899999999999998e-05,1.1899999999999998e-05,0.1488169,1.1899999999999998e-05,1.1899999999999998e-05,1.1899999999999998e-05,1.1899999999999998e-05,1.1899999999999998e-05,1.1899999999999998e-05,1.1899999999999998e-05,0.022376899999999998,5.4722569000000005,1.1899999999999998e-05,1.1899999999999998e-05,1.1899999999999998e-05,1.1899999999999998e-05,1.1899999999999998e-05,1.1899999999999998e-05,1.1899999999999998e-05,1.1899999999999998e-05,1.1899999999999998e-05,1.1899999999999998e-05,1.1899999999999998e-05,1.1899999999999998e-05,11.6505869,1.1899999999999998e-05,1.1899999999999998e-05,1.1899999999999998e-05,1.1899999999999998e-05,1.1899999999999998e-05,1.1899999999999998e-05,1.1899999999999998e-05,1.1899999999999998e-05,0.7972469,1.1899999999999998e-05,0.4697369,1.1899999999999998e-05,1.1899999999999998e-05,1.1899999999999998e-05,1.1899999999999998e-05,1.1899999999999998e-05,1.1899999999999998e-05,1.1899999999999998e-05,6.3415368999999995,1.1899999999999998e-05,1.1899999999999998e-05,1.1899999999999998e-05,1.1899999999999998e-05,1.1899999999999998e-05,1.1899999999999998e-05,1.1899999999999998e-05,0.4870869,1.1899999999999998e-05,1.1899999999999998e-05,1.1899999999999998e-05,0.3256669,1.1899999999999998e-05,1.1899999999999998e-05,0.0070469,2.2549969,0.8735868999999999,1.1899999999999998e-05,1.1899999999999998e-05,0.6853769,1.1899999999999998e-05,1.1899999999999998e-05,1.1899999999999998e-05,1.1899999999999998e-05,1.1899999999999998e-05,1.1899999999999998e-05,1.1899999999999998e-05,1.1899999999999998e-05,1.1899999999999998e-05,1.1899999999999998e-05,1.1899999999999998e-05,1.1899999999999998e-05,1.1899999999999998e-05,1.1899999999999998e-05,1.1899999999999998e-05,1.1899999999999998e-05,1.1899999999999998e-05,0.0293269,1.1720969,0.1409369,0.0347668999999999,0.0717169,0.0372369,0.2507869,1.1899999999999998e-05,1.1899999999999998e-05,1.1899999999999998e-05,1.1899999999999998e-05,1.1899999999999998e-05,1.1899999999999998e-05,1.1899999999999998e-05,4.6266769,1.1899999999999998e-05,1.1899999999999998e-05,0.0789869,9.05121689999999
37082_1#27,0.82902145,0.30659145,2.15504145,0.7824914500000001,5.26193145,0.21967145,0.48087145,22.19885145,0.0384714499999999,18.47333145,0.03302145,0.22796144999999998,4.09739145,0.52945145,0.00643145,0.10100144999999999,1.3499514499999998,0.06941144999999989,0.07958145,0.34039145,0.7861414500000001,0.37562144999999997,0.12435144999999999,0.06870145,1.6449999999999997e-05,1.70383145,1.3675514500000001,0.05494145,0.03835145,0.01592145,0.1057914499999999,0.26875145,0.7604114500000001,0.038811450000000004,1.6449999999999997e-05,0.009061449999999999,0.052181450000000004,0.6466114500000001,0.08247144999999999,1.6449999999999997e-05,1.6449999999999997e-05,1.6449999999999997e-05,1.6449999999999997e-05,1.6449999999999997e-05,1.6449999999999997e-05,1.6449999999999997e-05,1.6449999999999997e-05,4.59613145,1.6449999999999997e-05,1.6449999999999997e-05,1.6449999999999997e-05,1.6449999999999997e-05,0.97376145,0.9873814500000001,1.6449999999999997e-05,1.6449999999999997e-05,1.6449999999999997e-05,0.042481450000000004,1.6449999999999997e-05,1.02926145,0.17127145,1.6449999999999997e-05,1.6449999999999997e-05,1.6449999999999997e-05,0.1300414499999999,1.6449999999999997e-05,1.6449999999999997e-05,0.20432145,1.6449999999999997e-05,1.6449999999999997e-05,1.6449999999999997e-05,1.6449999999999997e-05,0.1145914499999999,0.00531145,1.6449999999999997e-05,0.0066614499999999004,0.76753145,1.6449999999999997e-05,0.05438145,1.6449999999999997e-05,0.04061145,1.14132145,1.6449999999999997e-05,1.6449999999999997e-05,0.42168145,1.6449999999999997e-05,0.015961450000000002,1.6449999999999997e-05,1.6449999999999997e-05,1.6449999999999997e-05,1.6449999999999997e-05,1.6449999999999997e-05,0.34505145,1.6449999999999997e-05,0.06188145,4.48525145,1.6449999999999997e-05,1.6449999999999997e-05,1.6449999999999997e-05,0.04962145,1.6449999999999997e-05,1.6449999999999997e-05,0.02374145,1.6449999999999997e-05,1.6449999999999997e-05,1.6449999999999997e-05,1.6449999999999997e-05,1.6449999999999997e-05,1.6449999999999997e-05,0.10074145,0.08789145,1.6449999999999997e-05,1.6449999999999997e-05,1.6449999999999997e-05,0.019031450000000002,1.6449999999999997e-05,1.6449999999999997e-05,1.6449999999999997e-05,1.6449999999999997e-05,1.6449999999999997e-05,1.6449999999999997e-05,1.6449999999999997e-05,1.6449999999999997e-05,1.6449999999999997e-05,0.12047145,1.6449999999999997e-05,1.6449999999999997e-05,1.6449999999999997e-05,1.6449999999999997e-05,0.00365145,1.6449999999999997e-05,1.6449999999999997e-05,0.00938145,0.33228145,1.6449999999999997e-05,0.05419145,1.6449999999999997e-05,0.72635145,1.6449999999999997e-05,0.05216145,0.14427145,1.6449999999999997e-05,1.6449999999999997e-05,1.6449999999999997e-05,1.6449999999999997e-05,1.6449999999999997e-05,1.6449999999999997e-05,1.6449999999999997e-05,0.05132145,1.6449999999999997e-05,0.57571145,0.19450145,0.56761145,1.6449999999999997e-05,1.6449999999999997e-05,0.10251144999999999,0.05992145,1.1572314499999998,0.46873145,1.6449999999999997e-05,2.89863145,0.0004614499999999,0.2871414499999999,1.6449999999999997e-05,1.6449999999999997e-05,1.6449999999999997e-05,1.6449999999999997e-05,1.6449999999999997e-05,0.14626145,1.6449999999999997e-05,1.6449999999999997e-05,0.00329145,1.6449999999999997e-05,1.6449999999999997e-05,1.6449999999999997e-05,0.00574145,1.6449999999999997e-05,0.35522145,1.6449999999999997e-05,1.6449999999999997e-05,1.6449999999999997e-05,0.0616714499999999,0.03888145,0.0263714499999999,0.04843145,0.23519145,1.6449999999999997e-05,0.01232145,1.6449999999999997e-05,1.6449999999999997e-05,1.6449999999999997e-05,1.6449999999999997e-05,1.6449999999999997e-05,1.6449999999999997e-05,1.6449999999999997e-05,1.6449999999999997e-05,1.6449999999999997e-05,0.16225145,0.07970145,11.060091450000044
37082_1#28,1.350936725,0.985796725,3.771016725,0.645716725,9.601056725,0.7618867250000001,1.247056725,9.822416725,1.1725e-05,3.3115867249999997,0.07316672499999989,0.20419672500000002,26.377196725,1.060186725,0.043346724999999996,0.270636725,0.146176725,2.188976725,0.123616725,2.273846725,0.070946725,0.336556725,0.034776724999999994,0.017726725,0.021316725,0.849856725,1.536636725,0.090906725,0.012716725,0.036326725,0.06757672499999999,0.491556725,0.499846725,0.045266724999999994,1.1725e-05,0.062316724999999996,0.246026725,0.012226725,0.995366725,0.039696724999999995,0.000306725,1.1725e-05,1.1725e-05,1.1725e-05,1.1725e-05,1.1725e-05,1.1725e-05,0.302076725,1.1725e-05,0.0058267250000000005,1.1725e-05,0.08031672499999999,1.1725e-05,1.1725e-05,0.06492672499999999,0.0022267249999999997,1.1725e-05,0.007796725000000001,1.1725e-05,0.083056725,1.1725e-05,1.1725e-05,1.1725e-05,0.003256725,0.1798567249999999,1.1725e-05,1.1725e-05,1.1725e-05,0.2523867249999999,1.1725e-05,1.1725e-05,1.1725e-05,1.1725e-05,1.1725e-05,1.1725e-05,1.1725e-05,0.206336725,1.1725e-05,0.032636725,1.1725e-05,1.1725e-05,0.031646724999999994,1.1725e-05,1.1725e-05,1.1725e-05,1.1725e-05,1.1725e-05,1.1725e-05,1.1725e-05,1.1725e-05,1.1725e-05,1.1725e-05,1.1725e-05,1.1725e-05,1.1725e-05,25.698286725,1.1725e-05,1.1725e-05,1.1725e-05,0.028426725,1.1725e-05,1.1725e-05,0.025166725,1.1725e-05,1.1725e-05,1.1725e-05,1.1725e-05,1.1725e-05,1.1725e-05,1.1725e-05,0.0004367249999999,1.1725e-05,1.1725e-05,1.1725e-05,1.1725e-05,1.1725e-05,1.1725e-05,1.1725e-05,1.1725e-05,0.018156725000000002,1.1725e-05,1.1725e-05,1.1725e-05,1.1725e-05,1.1725e-05,1.1725e-05,1.1725e-05,1.1725e-05,1.1725e-05,1.1725e-05,0.087106725,1.1725e-05,1.1725e-05,1.1725e-05,1.1725e-05,0.171936725,1.1725e-05,1.1725e-05,1.1725e-05,1.1725e-05,1.1725e-05,1.1725e-05,1.1725e-05,1.1725e-05,1.1725e-05,1.1725e-05,1.1725e-05,1.1725e-05,1.1725e-05,1.1725e-05,1.1725e-05,0.009956725,1.1725e-05,1.1725e-05,1.1725e-05,0.006976724999999901,1.1725e-05,1.1725e-05,1.1725e-05,1.1725e-05,1.1725e-05,1.1725e-05,1.1725e-05,1.1725e-05,1.1725e-05,1.1725e-05,1.1725e-05,1.1725e-05,1.1725e-05,1.1725e-05,1.1725e-05,1.1725e-05,1.1725e-05,1.1725e-05,1.1725e-05,0.018536725,1.1725e-05,1.1725e-05,1.1725e-05,1.1725e-05,1.1725e-05,0.011666725000000001,0.5741267250000001,1.1725e-05,1.1725e-05,0.18123672500000002,0.072436725,1.1725e-05,1.1725e-05,1.1725e-05,1.1725e-05,1.1725e-05,1.1725e-05,1.1725e-05,1.1725e-05,1.1725e-05,1.1725e-05,1.1725e-05,1.1725e-05,2.114866724999992
37082_1#29,0.028016,2.1e-05,0.035706,0.6158060000000001,17.007066,0.110876,2.623766,5.773176,0.652076,2.886066,0.0522759999999999,1.908356,10.489856,2.1e-05,2.1e-05,1.2498060000000002,3.534676,1.4685460000000001,0.087636,2.3507059999999997,0.6514960000000001,0.0367059999999999,0.269136,0.005286,0.218336,2.9976059999999998,3.7854259999999997,0.206236,0.2050059999999999,0.013646,0.057966,0.224536,0.357716,0.007776,0.077456,0.028766,0.13781600000000002,0.15757600000000002,0.063126,2.1e-05,2.1e-05,0.0132059999999999,2.1e-05,0.019216,0.017986,2.1e-05,2.1e-05,1.206696,2.1e-05,0.17996600000000001,2.1e-05,0.500036,0.154566,2.4240359999999996,0.067596,2.1e-05,0.102526,0.31262599999999996,2.1e-05,0.8717360000000001,0.7510460000000001,2.1e-05,2.1e-05,0.177516,0.068486,2.1e-05,0.27649599999999996,0.613276,2.1e-05,2.1e-05,0.013236,2.1e-05,0.396236,2.1e-05,2.1e-05,2.1e-05,0.255596,0.148126,0.010616,2.1e-05,0.024156,0.039296,0.071916,2.1e-05,2.1e-05,0.007256,0.072386,2.1e-05,2.1e-05,0.002306,0.0049559999999999995,2.1e-05,2.1e-05,2.1e-05,2.1e-05,10.189385999999999,2.1e-05,0.005656,0.031836,0.041226,0.002486,0.023256,0.817566,0.106706,0.0304759999999999,2.1e-05,0.265376,2.1e-05,2.1e-05,0.039556,0.151346,0.39244599999999996,2.1e-05,2.1e-05,2.1e-05,2.1e-05,0.241096,2.1e-05,0.019926,0.013436,0.048666,0.001706,2.1e-05,2.1e-05,0.14580600000000002,0.066366,2.1e-05,0.0535159999999999,0.281396,2.1e-05,2.1e-05,2.1e-05,2.1e-05,2.1e-05,0.077036,2.1e-05,0.9667760000000001,0.21838600000000002,0.2255059999999999,0.226946,2.1e-05,0.14846600000000001,0.022436,2.1e-05,2.1e-05,2.1e-05,0.020596,0.018526,0.068896,2.1e-05,0.0595659999999999,0.3780059999999999,0.018886,0.060865999999999996,0.001216,0.009026,0.030806,0.011755999999999999,2.1e-05,2.1e-05,2.641326,0.0033259999999998998,0.054646,2.1e-05,0.033496,2.1e-05,2.1e-05,2.1e-05,0.330346,2.1e-05,2.1e-05,0.023096,2.1e-05,2.1e-05,2.1e-05,2.1e-05,2.1e-05,0.066326,2.1e-05,2.1e-05,2.1e-05,0.003496,2.1e-05,0.0028859999999999997,2.1e-05,0.088586,2.1e-05,2.1e-05,0.031846,2.1e-05,2.1e-05,2.1e-05,2.1e-05,2.1e-05,2.1e-05,0.0007959999999999999,2.1e-05,0.127926,0.027216,11.850955999999936
37082_1#30,3.793846375,0.012596375,7.085406375000001,1.2963963749999998,2.137356375,1.3899163749999999,1.1037163749999999,10.545156375,1.1375000000000002e-05,11.755056374999999,0.078146375,1.1375000000000002e-05,7.381626375,1.1375000000000002e-05,0.0130363749999999,0.167826375,0.913686375,1.1375000000000002e-05,5.584406375,2.234126375,0.978616375,1.453276375,2.3231363750000003,0.592366375,1.9106263749999999,1.9063563749999999,2.802456375,0.048086375,0.042986375,0.635426375,0.0526063749999999,3.5029063750000002,0.2237863749999999,0.359106375,1.1375000000000002e-05,0.29037637499999996,0.816326375,0.061956374999999904,1.1375000000000002e-05,0.0097063749999999,0.057576375,0.003486375,0.013266375,1.1375000000000002e-05,1.1375000000000002e-05,1.1375000000000002e-05,1.1375000000000002e-05,4.215396375,1.1375000000000002e-05,1.1375000000000002e-05,1.1375000000000002e-05,1.1375000000000002e-05,1.1375000000000002e-05,1.1375000000000002e-05,1.1375000000000002e-05,1.1375000000000002e-05,1.1375000000000002e-05,0.090446375,1.1375000000000002e-05,0.010486375000000001,1.1375000000000002e-05,1.1375000000000002e-05,1.1375000000000002e-05,1.1375000000000002e-05,0.794966375,1.1375000000000002e-05,1.1375000000000002e-05,0.304616375,1.1375000000000002e-05,1.1375000000000002e-05,1.1375000000000002e-05,1.1375000000000002e-05,1.1375000000000002e-05,1.1375000000000002e-05,1.1375000000000002e-05,1.1375000000000002e-05,1.821566375,1.1375000000000002e-05,1.1375000000000002e-05,1.1375000000000002e-05,1.1375000000000002e-05,1.1375000000000002e-05,1.1375000000000002e-05,1.1375000000000002e-05,1.1375000000000002e-05,0.004046375,1.1375000000000002e-05,1.1375000000000002e-05,1.1375000000000002e-05,1.1375000000000002e-05,1.1375000000000002e-05,1.1375000000000002e-05,1.1375000000000002e-05,1.1375000000000002e-05,1.1375000000000002e-05,0.880366375,1.1375000000000002e-05,1.1375000000000002e-05,0.939136375,1.1375000000000002e-05,1.1375000000000002e-05,1.1375000000000002e-05,0.264376375,1.1375000000000002e-05,1.1375000000000002e-05,1.1375000000000002e-05,1.1375000000000002e-05,1.1375000000000002e-05,1.1375000000000002e-05,0.066436375,0.33733637499999997,3.674526375,1.1375000000000002e-05,1.1375000000000002e-05,1.1375000000000002e-05,0.009006375,1.1375000000000002e-05,1.1375000000000002e-05,1.1375000000000002e-05,1.1375000000000002e-05,1.1375000000000002e-05,1.1375000000000002e-05,1.1375000000000002e-05,1.1375000000000002e-05,2.6116663750000004,1.1375000000000002e-05,1.1375000000000002e-05,1.1375000000000002e-05,1.1375000000000002e-05,1.1375000000000002e-05,1.1375000000000002e-05,1.1375000000000002e-05,0.050586375,1.1375000000000002e-05,1.1375000000000002e-05,0.3558463749999999,1.1375000000000002e-05,1.1375000000000002e-05,1.1375000000000002e-05,1.1375000000000002e-05,1.1375000000000002e-05,1.1375000000000002e-05,1.1375000000000002e-05,1.1375000000000002e-05,1.1375000000000002e-05,1.1375000000000002e-05,1.1375000000000002e-05,1.1375000000000002e-05,1.1375000000000002e-05,1.1375000000000002e-05,0.7350563750000001,0.052116375,1.1375000000000002e-05,1.1375000000000002e-05,1.1375000000000002e-05,1.1375000000000002e-05,1.1375000000000002e-05,1.1375000000000002e-05,1.1375000000000002e-05,1.1375000000000002e-05,1.722536375,1.1375000000000002e-05,1.1375000000000002e-05,1.1375000000000002e-05,1.1375000000000002e-05,1.1375000000000002e-05,1.1375000000000002e-05,1.1375000000000002e-05,1.1375000000000002e-05,1.1375000000000002e-05,1.1375000000000002e-05,1.1375000000000002e-05,1.1375000000000002e-05,1.1375000000000002e-05,1.1375000000000002e-05,1.1375000000000002e-05,1.1375000000000002e-05,0.28527637499999997,1.1375000000000002e-05,1.1375000000000002e-05,1.1375000000000002e-05,0.215026375,1.1375000000000002e-05,0.062466375,1.1375000000000002e-05,0.1100863749999999,0.015576375,0.013486375,1.1375000000000002e-05,1.1375000000000002e-05,1.1375000000000002e-05,1.1375000000000002e-05,1.1375000000000002e-05,1.1375000000000002e-05,1.1375000000000002e-05,1.1375000000000002e-05,1.1375000000000002e-05,0.033126375,1.1375000000000002e-05,6.746166374999988
37082_1#31,5.6609976,0.3609776,9.430877599999999,2.9462976,0.36804760000000003,1.0751476000000002,3.1315275999999996,4.6109176000000005,0.1767576,13.358857599999999,1.1029476,0.0441176,0.1492576,0.9930676,1.2599999999999998e-05,2.8382775999999996,1.9201676,0.009097599999999999,0.1027776,11.1826376,0.0733976,0.4569675999999999,0.3246376,1.2599999999999998e-05,0.0344676,2.8521275999999998,0.5268876,0.31798760000000004,0.4475576,0.0651476,0.2645076,1.3496576,2.0961276,0.4985076,0.1216875999999999,1.2599999999999998e-05,0.3044676,0.0150076,0.1151976,0.0026076,1.2599999999999998e-05,1.2599999999999998e-05,1.2599999999999998e-05,1.2599999999999998e-05,1.2599999999999998e-05,1.2599999999999998e-05,1.2599999999999998e-05,1.2599999999999998e-05,10.2910176,0.8346876000000001,1.2599999999999998e-05,1.2599999999999998e-05,0.060377600000000003,1.2599999999999998e-05,1.2599999999999998e-05,1.2599999999999998e-05,1.2599999999999998e-05,0.2475576,1.2599999999999998e-05,0.7296976000000001,0.1718875999999999,1.2599999999999998e-05,1.2599999999999998e-05,0.0395176,1.2599999999999998e-05,1.2599999999999998e-05,1.2599999999999998e-05,2.2225875999999998,3.7749775999999997,1.2599999999999998e-05,1.2599999999999998e-05,1.2599999999999998e-05,1.2599999999999998e-05,0.0139676,1.2599999999999998e-05,1.2599999999999998e-05,0.0054476,1.2599999999999998e-05,0.021487599999999902,1.2599999999999998e-05,1.2599999999999998e-05,0.0674476,1.2599999999999998e-05,1.2599999999999998e-05,0.5862676,1.2599999999999998e-05,1.2599999999999998e-05,1.2599999999999998e-05,1.2599999999999998e-05,1.2599999999999998e-05,1.2599999999999998e-05,0.0210076,1.2599999999999998e-05,1.2599999999999998e-05,1.2599999999999998e-05,1.2599999999999998e-05,0.0916876,1.2599999999999998e-05,1.2599999999999998e-05,1.2599999999999998e-05,1.2599999999999998e-05,1.2599999999999998e-05,0.11675759999999999,1.2599999999999998e-05,1.2599999999999998e-05,1.2599999999999998e-05,1.2599999999999998e-05,1.2599999999999998e-05,1.2599999999999998e-05,0.08740759999999999,0.018687600000000002,1.2599999999999998e-05,1.2599999999999998e-05,1.2599999999999998e-05,1.2599999999999998e-05,1.2599999999999998e-05,1.2599999999999998e-05,1.2599999999999998e-05,1.2599999999999998e-05,1.2599999999999998e-05,1.2599999999999998e-05,1.2599999999999998e-05,1.2599999999999998e-05,1.2599999999999998e-05,1.2599999999999998e-05,1.2599999999999998e-05,1.2599999999999998e-05,1.2599999999999998e-05,1.2599999999999998e-05,1.2599999999999998e-05,1.2599999999999998e-05,1.2599999999999998e-05,1.2599999999999998e-05,1.2599999999999998e-05,1.2599999999999998e-05,0.1307776,1.2599999999999998e-05,0.0140576,0.0040176000000000005,1.2599999999999998e-05,1.2599999999999998e-05,1.2599999999999998e-05,1.2599999999999998e-05,1.2599999999999998e-05,1.2599999999999998e-05,1.2599999999999998e-05,1.2599999999999998e-05,1.2599999999999998e-05,1.2599999999999998e-05,1.2599999999999998e-05,1.2599999999999998e-05,0.0014176000000000002,1.2599999999999998e-05,0.0025775999999999998,1.2599999999999998e-05,0.3513876,1.2599999999999998e-05,1.2599999999999998e-05,1.2599999999999998e-05,0.0877376,1.2599999999999998e-05,1.2599999999999998e-05,1.2599999999999998e-05,1.2599999999999998e-05,1.2599999999999998e-05,1.2599999999999998e-05,1.2599999999999998e-05,1.2599999999999998e-05,1.2599999999999998e-05,1.2599999999999998e-05,1.2599999999999998e-05,1.2599999999999998e-05,1.2599999999999998e-05,1.2599999999999998e-05,1.2599999999999998e-05,0.1523676,1.2599999999999998e-05,1.2599999999999998e-05,1.2599999999999998e-05,1.2599999999999998e-05,1.2599999999999998e-05,0.11939759999999999,0.7321776,0.0255976,0.0468576,0.15646759999999998,0.005227600000000001,1.2599999999999998e-05,1.2599999999999998e-05,1.2599999999999998e-05,1.2599999999999998e-05,1.2599999999999998e-05,1.2599999999999998e-05,1.2599999999999998e-05,1.2599999999999998e-05,1.2599999999999998e-05,1.2599999999999998e-05,0.0149176,1.2599999999999998e-05,9.421227599999964
37082_1#32,3.3773649500000005,1.64400495,5.0150349499999995,1.09610495,0.83219495,0.02946495,1.47860495,3.45464495,0.4921749499999999,3.1316749500000003,0.35093494999999997,0.31809495,1.53241495,2.64448495,1.9949999999999997e-05,0.43544495,2.13755495,1.55353495,0.07507495,1.22201495,0.27717495,0.63136495,1.27939495,1.9949999999999997e-05,1.13066495,4.87174495,0.23506495000000002,0.07624494999999999,0.14105495,0.12550495,0.12326495,0.56144495,0.10095495,0.2081949499999999,1.9949999999999997e-05,0.00181495,0.017064950000000002,0.4361749499999999,0.20582495,0.0121449499999999,1.9949999999999997e-05,1.9949999999999997e-05,1.9949999999999997e-05,1.9949999999999997e-05,0.0044449500000000005,1.9949999999999997e-05,1.9949999999999997e-05,4.48086495,0.2312549499999999,1.9949999999999997e-05,1.9949999999999997e-05,0.5956049499999999,1.9949999999999997e-05,0.3372049499999999,1.9949999999999997e-05,1.9949999999999997e-05,1.9949999999999997e-05,0.10672495,1.9949999999999997e-05,1.81893495,0.00733495,1.9949999999999997e-05,1.9949999999999997e-05,1.9949999999999997e-05,0.18009495,1.9949999999999997e-05,0.66499495,0.19906495000000002,0.015054949999999899,1.9949999999999997e-05,1.9949999999999997e-05,1.9949999999999997e-05,1.9949999999999997e-05,1.9949999999999997e-05,0.32826495,0.02008495,0.31782495,1.58895495,0.34139495,1.9949999999999997e-05,1.9949999999999997e-05,2.79344495,0.12070494999999999,1.9949999999999997e-05,1.06282495,1.9949999999999997e-05,1.9949999999999997e-05,0.00514495,0.07084495,1.9949999999999997e-05,0.00357495,1.9949999999999997e-05,1.9949999999999997e-05,0.01840495,1.9949999999999997e-05,3.04587495,0.24373495,0.00700495,0.0037049500000000003,0.0304749499999999,0.8658649499999999,1.9949999999999997e-05,0.78455495,1.9949999999999997e-05,0.013014949999999999,1.9949999999999997e-05,1.9949999999999997e-05,1.9949999999999997e-05,1.9949999999999997e-05,0.02043495,0.17962495,0.28233495,1.9949999999999997e-05,0.15465495,0.08746495,0.01546495,1.9949999999999997e-05,1.9949999999999997e-05,1.9949999999999997e-05,0.37118494999999996,0.17843495,0.14535495,1.9949999999999997e-05,1.9949999999999997e-05,5.376164950000001,0.10282495,1.9949999999999997e-05,1.9949999999999997e-05,0.17528495000000002,1.9949999999999997e-05,1.9949999999999997e-05,1.9949999999999997e-05,1.9949999999999997e-05,0.00079495,0.024734950000000002,1.9949999999999997e-05,1.9949999999999997e-05,5.50988495,1.9949999999999997e-05,1.73378495,1.9949999999999997e-05,1.9949999999999997e-05,1.9949999999999997e-05,1.9949999999999997e-05,1.9949999999999997e-05,1.9949999999999997e-05,1.25183495,1.9949999999999997e-05,1.9949999999999997e-05,1.76532495,0.16181495,0.12573495,0.31258495,0.00179495,1.9949999999999997e-05,0.013704949999999999,1.9949999999999997e-05,1.9949999999999997e-05,1.9949999999999997e-05,0.94958495,2.52320495,0.04179495,0.43264495,0.35606495,0.054924949999999896,1.9949999999999997e-05,1.9949999999999997e-05,1.9949999999999997e-05,1.9949999999999997e-05,1.9949999999999997e-05,1.9949999999999997e-05,0.03522495,1.9949999999999997e-05,1.9949999999999997e-05,0.00305495,0.01377495,1.9949999999999997e-05,0.09661494999999999,1.9949999999999997e-05,1.9949999999999997e-05,0.07045495,0.08763495,1.9949999999999997e-05,0.05009495,0.13001495000000002,0.08659495,0.00081495,0.14939495,0.014394949999999998,1.9949999999999997e-05,1.9949999999999997e-05,1.9949999999999997e-05,1.9949999999999997e-05,1.9949999999999997e-05,1.9949999999999997e-05,1.06229495,0.08221495,1.9949999999999997e-05,0.02196495,14.181094949999972
37082_1#9,0.7419134,8.2583434,1.3319634,3.8917734,5.4065534,0.4416834,5.7498234,20.206073399999998,8.400000000000001e-06,9.2642334,3.9729234,0.36972340000000004,9.3797434,0.2500834,8.400000000000001e-06,0.7211734,1.4521334,8.400000000000001e-06,1.9520034,2.5200234,8.400000000000001e-06,0.18023340000000002,8.400000000000001e-06,0.1320134,0.0005134,3.7368734,1.9401634,0.3477234,0.1579833999999999,0.0698134,0.0011933999999999998,1.4243834,1.1206434,8.400000000000001e-06,0.030583399999999997,0.0443534,4.4598334,0.0043634,2.6292234,0.0105334,3.4332134,0.8601934000000001,8.400000000000001e-06,8.400000000000001e-06,8.400000000000001e-06,0.0176834,8.400000000000001e-06,0.0105434,8.400000000000001e-06,8.400000000000001e-06,8.400000000000001e-06,8.400000000000001e-06,8.400000000000001e-06,8.400000000000001e-06,8.400000000000001e-06,8.400000000000001e-06,8.400000000000001e-06,1.7007634000000003,8.400000000000001e-06,8.400000000000001e-06,8.400000000000001e-06,8.400000000000001e-06,8.400000000000001e-06,0.0268534,8.400000000000001e-06,8.400000000000001e-06,8.400000000000001e-06,8.400000000000001e-06,8.400000000000001e-06,8.400000000000001e-06,8.400000000000001e-06,8.400000000000001e-06,8.400000000000001e-06,8.400000000000001e-06,8.400000000000001e-06,8.400000000000001e-06,8.400000000000001e-06,8.400000000000001e-06,8.400000000000001e-06,8.400000000000001e-06,8.400000000000001e-06,8.400000000000001e-06,8.400000000000001e-06,8.400000000000001e-06,8.400000000000001e-06,0.12334339999999999,8.400000000000001e-06,8.400000000000001e-06,8.400000000000001e-06,8.400000000000001e-06,8.400000000000001e-06,8.400000000000001e-06,8.400000000000001e-06,8.400000000000001e-06,8.400000000000001e-06,8.400000000000001e-06,8.400000000000001e-06,8.400000000000001e-06,8.400000000000001e-06,8.400000000000001e-06,8.400000000000001e-06,8.400000000000001e-06,8.400000000000001e-06,8.400000000000001e-06,8.400000000000001e-06,8.400000000000001e-06,8.400000000000001e-06,8.400000000000001e-06,8.400000000000001e-06,0.1801934,8.400000000000001e-06,8.400000000000001e-06,0.07648339999999999,8.400000000000001e-06,8.400000000000001e-06,8.400000000000001e-06,8.400000000000001e-06,8.400000000000001e-06,8.400000000000001e-06,8.400000000000001e-06,8.400000000000001e-06,8.400000000000001e-06,8.400000000000001e-06,8.400000000000001e-06,8.400000000000001e-06,8.400000000000001e-06,8.400000000000001e-06,8.400000000000001e-06,8.400000000000001e-06,8.400000000000001e-06,8.400000000000001e-06,0.0026633999999999,8.400000000000001e-06,0.1686734,8.400000000000001e-06,0.2144634,8.400000000000001e-06,8.400000000000001e-06,8.400000000000001e-06,8.400000000000001e-06,8.400000000000001e-06,8.400000000000001e-06,8.400000000000001e-06,8.400000000000001e-06,8.400000000000001e-06,8.400000000000001e-06,8.400000000000001e-06,8.400000000000001e-06,8.400000000000001e-06,8.400000000000001e-06,8.400000000000001e-06,8.400000000000001e-06,8.400000000000001e-06,8.400000000000001e-06,8.400000000000001e-06,8.400000000000001e-06,8.400000000000001e-06,8.400000000000001e-06,8.400000000000001e-06,8.400000000000001e-06,8.400000000000001e-06,8.400000000000001e-06,8.400000000000001e-06,8.400000000000001e-06,8.400000000000001e-06,8.400000000000001e-06,8.400000000000001e-06,8.400000000000001e-06,8.400000000000001e-06,8.400000000000001e-06,8.400000000000001e-06,8.400000000000001e-06,8.400000000000001e-06,8.400000000000001e-06,8.400000000000001e-06,8.400000000000001e-06,8.400000000000001e-06,8.400000000000001e-06,8.400000000000001e-06,8.400000000000001e-06,8.400000000000001e-06,8.400000000000001e-06,0.06475339999999989,8.400000000000001e-06,8.400000000000001e-06,8.400000000000001e-06,8.400000000000001e-06,8.400000000000001e-06,8.400000000000001e-06,8.400000000000001e-06,8.400000000000001e-06,8.400000000000001e-06,8.400000000000001e-06,8.400000000000001e-06,8.400000000000001e-06,8.400000000000001e-06,8.400000000000001e-06,8.400000000000001e-06,8.400000000000001e-06,0.918303399999963
37082_2#10,6.825e-06,2.4353618249999998,6.825e-06,0.881481825,17.142471824999998,0.536981825,3.8914918249999997,1.561551825,6.825e-06,31.094781825,0.7515718250000001,6.825e-06,5.6553018250000004,6.825e-06,6.825e-06,2.420591825,3.544561825,0.026041825,6.825e-06,1.2027018250000001,6.825e-06,6.825e-06,3.480501825,6.825e-06,6.825e-06,0.163181825,1.377401825,0.08804182499999999,0.769781825,0.047921825,6.825e-06,0.09931182499999999,0.8144918250000001,6.825e-06,0.235701825,6.825e-06,0.233351825,6.825e-06,6.825e-06,0.45798182499999995,6.825e-06,6.825e-06,6.825e-06,6.825e-06,6.825e-06,6.825e-06,6.825e-06,6.825e-06,6.825e-06,6.825e-06,6.825e-06,6.825e-06,6.825e-06,6.825e-06,6.825e-06,6.825e-06,6.825e-06,6.825e-06,6.825e-06,0.058381825,6.825e-06,6.825e-06,6.825e-06,6.825e-06,6.825e-06,6.825e-06,6.825e-06,6.825e-06,6.825e-06,6.825e-06,6.825e-06,6.825e-06,6.825e-06,6.825e-06,6.825e-06,6.825e-06,6.825e-06,6.825e-06,0.005471825,6.825e-06,6.825e-06,0.011891825,6.825e-06,6.825e-06,6.825e-06,6.825e-06,6.825e-06,6.825e-06,6.825e-06,6.825e-06,6.825e-06,6.825e-06,6.825e-06,6.825e-06,6.825e-06,12.884261825,6.825e-06,6.825e-06,6.825e-06,6.825e-06,0.107811825,6.825e-06,0.043841825,6.825e-06,0.000911825,6.825e-06,6.825e-06,6.825e-06,6.825e-06,6.825e-06,0.074891825,6.825e-06,6.825e-06,6.825e-06,6.825e-06,6.825e-06,6.825e-06,6.825e-06,6.825e-06,6.825e-06,6.825e-06,6.825e-06,6.825e-06,6.825e-06,0.872581825,6.825e-06,6.825e-06,6.825e-06,6.825e-06,6.825e-06,6.825e-06,6.825e-06,6.825e-06,6.825e-06,6.825e-06,6.825e-06,6.825e-06,6.825e-06,6.825e-06,6.825e-06,6.825e-06,6.825e-06,6.825e-06,6.825e-06,6.825e-06,6.825e-06,6.825e-06,6.825e-06,6.825e-06,6.825e-06,6.825e-06,6.825e-06,6.825e-06,6.825e-06,6.825e-06,6.825e-06,6.825e-06,6.825e-06,6.825e-06,6.825e-06,6.825e-06,6.825e-06,6.825e-06,6.825e-06,6.825e-06,6.825e-06,6.825e-06,6.825e-06,6.825e-06,6.825e-06,6.825e-06,6.825e-06,6.825e-06,6.825e-06,6.825e-06,6.825e-06,6.825e-06,0.034011825,6.825e-06,6.825e-06,6.825e-06,6.825e-06,6.825e-06,0.025801825,6.825e-06,6.825e-06,0.0037518249999999,6.825e-06,0.028231825000000002,6.825e-06,6.825e-06,6.825e-06,6.825e-06,6.825e-06,6.825e-06,6.825e-06,6.825e-06,0.035701825,6.825e-06,6.898791824999971
37082_2#11,1.286409175,0.463089175,2.020789175,0.638959175,4.088759175,0.034669174999999997,8.576759175,2.294209175,1.4174999999999999e-05,13.292669175,0.6009191749999999,1.4174999999999999e-05,10.475149175,2.369749175,1.4174999999999999e-05,0.514329175,0.995849175,1.4174999999999999e-05,0.068929175,2.001169175,0.331869175,0.361699175,1.415259175,0.1919591749999999,0.0382191749999999,6.712679175,0.445759175,0.445139175,1.348709175,0.074979175,0.183809175,0.186849175,0.355589175,0.12220917499999989,0.351669175,0.10373917499999989,1.4174999999999999e-05,0.104249175,0.079909175,0.069989175,1.4174999999999999e-05,1.4174999999999999e-05,1.4174999999999999e-05,1.4174999999999999e-05,1.4174999999999999e-05,1.4174999999999999e-05,0.158179175,1.272079175,1.4174999999999999e-05,0.706759175,1.4174999999999999e-05,1.4174999999999999e-05,1.4174999999999999e-05,4.388049175,1.4174999999999999e-05,1.4174999999999999e-05,1.4174999999999999e-05,0.6673691749999999,1.4174999999999999e-05,1.062449175,1.4174999999999999e-05,1.4174999999999999e-05,1.4174999999999999e-05,0.0060291749999999995,0.4746191749999999,1.4174999999999999e-05,1.4174999999999999e-05,0.203739175,4.828059175,1.4174999999999999e-05,1.4174999999999999e-05,1.4174999999999999e-05,0.008019175,0.049209175,1.4174999999999999e-05,1.4174999999999999e-05,0.595169175,1.4174999999999999e-05,0.090929175,1.4174999999999999e-05,1.4174999999999999e-05,0.550349175,1.4174999999999999e-05,1.4174999999999999e-05,1.4174999999999999e-05,1.4174999999999999e-05,1.4174999999999999e-05,1.4174999999999999e-05,1.4174999999999999e-05,1.4174999999999999e-05,1.4174999999999999e-05,1.4174999999999999e-05,1.4174999999999999e-05,1.4174999999999999e-05,1.4174999999999999e-05,1.4174999999999999e-05,1.4174999999999999e-05,1.4174999999999999e-05,1.4174999999999999e-05,1.4174999999999999e-05,0.205559175,1.4174999999999999e-05,0.084059175,1.4174999999999999e-05,1.4174999999999999e-05,1.4174999999999999e-05,1.4174999999999999e-05,1.4174999999999999e-05,1.4174999999999999e-05,0.080839175,0.029339175000000002,0.048489174999999995,1.4174999999999999e-05,1.4174999999999999e-05,1.4174999999999999e-05,0.002389175,1.4174999999999999e-05,1.4174999999999999e-05,1.4174999999999999e-05,1.218609175,1.4174999999999999e-05,1.4174999999999999e-05,1.4174999999999999e-05,1.4174999999999999e-05,1.4174999999999999e-05,1.4174999999999999e-05,1.4174999999999999e-05,1.4174999999999999e-05,0.022179175000000002,1.4174999999999999e-05,0.034079174999999996,1.4174999999999999e-05,1.4174999999999999e-05,0.275509175,1.4174999999999999e-05,0.013369175,1.4174999999999999e-05,0.009199175,0.7943191749999999,1.4174999999999999e-05,1.4174999999999999e-05,1.4174999999999999e-05,1.4174999999999999e-05,1.4174999999999999e-05,1.4174999999999999e-05,1.4174999999999999e-05,0.050039175,1.4174999999999999e-05,1.4174999999999999e-05,1.4174999999999999e-05,0.026999175,0.455039175,1.4174999999999999e-05,1.4174999999999999e-05,0.026029175,0.305319175,1.4174999999999999e-05,1.364749175,1.4174999999999999e-05,1.4174999999999999e-05,1.280979175,1.4174999999999999e-05,0.199239175,0.089249175,1.4174999999999999e-05,1.4174999999999999e-05,0.052809174999999896,1.4174999999999999e-05,1.4174999999999999e-05,1.4174999999999999e-05,1.4174999999999999e-05,1.4174999999999999e-05,1.4174999999999999e-05,1.4174999999999999e-05,1.4174999999999999e-05,1.4174999999999999e-05,1.4174999999999999e-05,6.470869175,1.4174999999999999e-05,1.4174999999999999e-05,1.4174999999999999e-05,0.2275391749999999,0.407179175,0.000429175,0.012229175,1.4174999999999999e-05,0.007799175,1.4174999999999999e-05,1.4174999999999999e-05,1.4174999999999999e-05,1.4174999999999999e-05,1.4174999999999999e-05,1.4174999999999999e-05,1.4174999999999999e-05,1.4174999999999999e-05,1.4174999999999999e-05,1.4174999999999999e-05,1.4174999999999999e-05,0.001619175,8.49455917500002
37082_2#12,3.4820432250000004,8.225e-06,10.594063225,8.225e-06,23.884513225000003,8.225e-06,0.421493225,5.805023224999999,8.225e-06,17.074893225000004,0.154593225,8.225e-06,0.015633225,0.062363225,0.4922632249999999,8.225e-06,0.198323225,8.225e-06,8.225e-06,2.406603225,0.178033225,0.724473225,0.539663225,0.021793225,0.200053225,1.694253225,1.229033225,0.030253225,8.225e-06,0.1957832249999999,0.001053225,8.225e-06,0.301763225,8.225e-06,0.025603225,0.255453225,0.4972132249999999,0.110573225,1.7210332249999998,0.715503225,0.045813225,8.225e-06,8.225e-06,8.225e-06,0.008233225,8.225e-06,8.225e-06,9.887763225,8.225e-06,8.225e-06,8.225e-06,8.225e-06,8.225e-06,8.225e-06,8.225e-06,8.225e-06,8.225e-06,8.225e-06,8.225e-06,0.458223225,8.225e-06,8.225e-06,8.225e-06,0.028423225,8.225e-06,8.225e-06,8.225e-06,0.073533225,6.528933224999999,8.225e-06,8.225e-06,8.225e-06,8.225e-06,8.225e-06,8.225e-06,0.034543225,0.5268132249999999,8.225e-06,0.07272322499999999,8.225e-06,8.225e-06,8.225e-06,8.225e-06,8.225e-06,8.225e-06,8.225e-06,8.225e-06,8.225e-06,8.225e-06,8.225e-06,8.225e-06,8.225e-06,8.225e-06,8.225e-06,8.225e-06,0.012823225,8.225e-06,8.225e-06,8.225e-06,8.225e-06,8.225e-06,8.225e-06,8.225e-06,8.225e-06,8.225e-06,8.225e-06,8.225e-06,8.225e-06,8.225e-06,0.011213225,8.225e-06,8.225e-06,8.225e-06,8.225e-06,8.225e-06,8.225e-06,8.225e-06,8.225e-06,8.225e-06,8.225e-06,8.225e-06,8.225e-06,8.225e-06,8.225e-06,8.225e-06,8.225e-06,8.225e-06,8.225e-06,8.225e-06,8.225e-06,8.225e-06,8.225e-06,8.225e-06,2.176953225,8.225e-06,8.225e-06,8.225e-06,8.225e-06,8.225e-06,8.225e-06,8.225e-06,8.225e-06,8.225e-06,8.225e-06,8.225e-06,8.225e-06,8.225e-06,8.225e-06,8.225e-06,8.225e-06,8.225e-06,8.225e-06,8.225e-06,8.225e-06,8.225e-06,8.225e-06,8.225e-06,8.225e-06,8.225e-06,8.225e-06,8.225e-06,8.225e-06,8.225e-06,8.225e-06,8.225e-06,8.225e-06,8.225e-06,8.225e-06,8.225e-06,8.225e-06,8.225e-06,8.225e-06,8.225e-06,8.225e-06,8.225e-06,0.1463832249999999,8.225e-06,8.225e-06,8.225e-06,8.225e-06,8.225e-06,0.359713225,8.225e-06,8.225e-06,0.047243225,8.225e-06,8.225e-06,0.074783225,8.225e-06,8.225e-06,8.225e-06,8.225e-06,8.225e-06,8.225e-06,8.225e-06,8.225e-06,8.225e-06,8.225e-06,8.225e-06,6.4712832249999614
37082_2#13,0.5452383000000001,7.6840683,0.23750829999999998,2.4612283,1.3123983,0.48258829999999997,4.065958300000001,0.22544829999999988,1.3300000000000001e-05,38.13121830000001,1.4927683,1.3300000000000001e-05,3.2893783,0.2532983,0.0022883,4.0230883,1.3495283,1.3300000000000001e-05,0.0014982999999999,3.7196583,0.0032283,0.0025983,0.4702283,0.0934983,0.0270883,2.0805283,0.31972829999999997,0.0333682999999999,0.6087783,0.6266083,1.3300000000000001e-05,0.0106283,0.6417783,0.0344383,0.18230829999999998,1.3300000000000001e-05,0.0297482999999999,1.3300000000000001e-05,0.34825829999999997,0.1211083,1.3300000000000001e-05,1.3300000000000001e-05,0.0048683,0.0434183,1.3300000000000001e-05,1.3300000000000001e-05,0.0302883,1.3300000000000001e-05,1.3300000000000001e-05,0.0821283,1.3300000000000001e-05,1.3300000000000001e-05,1.3300000000000001e-05,1.3300000000000001e-05,1.3300000000000001e-05,1.3300000000000001e-05,1.3300000000000001e-05,0.0487383,1.3300000000000001e-05,0.0567283,0.8611983000000001,0.1436683,1.3300000000000001e-05,1.3300000000000001e-05,1.3300000000000001e-05,1.3300000000000001e-05,1.3300000000000001e-05,0.1978983,1.3300000000000001e-05,1.3300000000000001e-05,1.3300000000000001e-05,1.3300000000000001e-05,1.3300000000000001e-05,1.3300000000000001e-05,1.3300000000000001e-05,1.3300000000000001e-05,0.8541883,1.3300000000000001e-05,0.0700483,1.3300000000000001e-05,1.3300000000000001e-05,0.1034882999999999,1.3300000000000001e-05,1.3300000000000001e-05,0.0240482999999999,1.3300000000000001e-05,1.3300000000000001e-05,1.3300000000000001e-05,1.3300000000000001e-05,1.3300000000000001e-05,1.3300000000000001e-05,1.3300000000000001e-05,1.3300000000000001e-05,1.3300000000000001e-05,1.3300000000000001e-05,7.5301483000000005,1.3300000000000001e-05,1.3300000000000001e-05,1.3300000000000001e-05,1.3300000000000001e-05,0.1611683,1.3300000000000001e-05,0.0114683,1.3300000000000001e-05,0.0268083,1.3300000000000001e-05,1.3300000000000001e-05,1.3300000000000001e-05,1.3300000000000001e-05,1.3300000000000001e-05,0.15896829999999998,0.0098983,1.3300000000000001e-05,1.3300000000000001e-05,1.3300000000000001e-05,1.3300000000000001e-05,1.3300000000000001e-05,1.3300000000000001e-05,1.3300000000000001e-05,1.3300000000000001e-05,1.3300000000000001e-05,1.3300000000000001e-05,1.3300000000000001e-05,1.3300000000000001e-05,1.3300000000000001e-05,1.3300000000000001e-05,1.3300000000000001e-05,1.3300000000000001e-05,1.3300000000000001e-05,1.3300000000000001e-05,1.3300000000000001e-05,1.3300000000000001e-05,1.3300000000000001e-05,0.2629382999999999,0.2812982999999999,0.1884882999999999,1.3300000000000001e-05,0.0179683,1.3300000000000001e-05,1.3300000000000001e-05,1.3300000000000001e-05,1.3300000000000001e-05,1.3300000000000001e-05,0.1857083,1.3300000000000001e-05,1.3300000000000001e-05,1.3300000000000001e-05,1.3300000000000001e-05,1.3300000000000001e-05,1.3300000000000001e-05,1.3300000000000001e-05,1.9484683,1.3300000000000001e-05,0.0092983,1.3300000000000001e-05,0.0311383,1.3300000000000001e-05,1.3300000000000001e-05,1.3300000000000001e-05,0.5105483,0.006138299999999999,1.3300000000000001e-05,0.0044683,0.1131383,0.0133382999999999,1.3300000000000001e-05,1.3300000000000001e-05,1.3300000000000001e-05,1.3300000000000001e-05,1.3300000000000001e-05,0.0251883,1.3300000000000001e-05,1.3300000000000001e-05,1.3300000000000001e-05,1.3300000000000001e-05,1.3300000000000001e-05,1.3300000000000001e-05,0.0344783,1.3300000000000001e-05,1.3300000000000001e-05,1.3300000000000001e-05,0.0540383,0.15110829999999997,0.0212683,1.3300000000000001e-05,1.3300000000000001e-05,0.007008299999999999,1.3300000000000001e-05,1.3300000000000001e-05,1.3300000000000001e-05,1.3300000000000001e-05,1.3300000000000001e-05,0.0104083,1.3300000000000001e-05,1.3300000000000001e-05,0.0012083,0.1321383,1.3300000000000001e-05,1.3300000000000001e-05,10.658318300000035
37082_2#14,1.12190585,5.09442585,0.37364585,4.01665585,4.06101585,0.15252585,1.26400585,7.60527585,1.085e-05,4.84891585,0.20282585,2.8291058500000004,5.449525850000001,0.38545585,1.085e-05,2.39639585,3.45658585,1.085e-05,2.4945958500000005,1.2126758499999999,1.085e-05,0.01136585,4.66214585,0.09456584999999999,0.18852585,5.42394585,1.11816585,0.03636585,0.28291585,0.47335585,1.085e-05,0.00419585,0.39124585,1.085e-05,0.00951585,1.085e-05,0.05417585,1.085e-05,0.31651585,0.10312585,1.085e-05,1.085e-05,0.00423585,0.009445849999999999,1.085e-05,1.085e-05,1.085e-05,1.085e-05,1.085e-05,7.99789585,1.085e-05,1.085e-05,1.085e-05,1.085e-05,1.085e-05,1.085e-05,1.085e-05,1.085e-05,1.085e-05,0.02187585,1.21394585,1.085e-05,1.085e-05,0.11243584999999989,1.085e-05,1.085e-05,1.085e-05,0.48643585,1.085e-05,1.085e-05,1.085e-05,1.085e-05,1.085e-05,0.11886585,0.0819058499999999,1.085e-05,0.009485849999999999,1.085e-05,1.085e-05,1.085e-05,1.085e-05,0.02168585,1.085e-05,1.085e-05,0.04853585,0.10340585,1.085e-05,1.085e-05,1.085e-05,1.085e-05,0.11807585,1.085e-05,1.085e-05,1.085e-05,1.085e-05,1.085e-05,0.0006858499999998999,1.085e-05,1.085e-05,1.085e-05,1.085e-05,1.085e-05,0.2077958499999999,1.085e-05,0.02115585,0.15469585,1.085e-05,1.085e-05,1.085e-05,1.085e-05,0.0028858499999999997,1.085e-05,0.004245850000000001,1.085e-05,1.085e-05,1.085e-05,1.085e-05,1.085e-05,1.085e-05,0.20334585,1.085e-05,0.01377585,1.085e-05,1.085e-05,1.085e-05,1.085e-05,1.085e-05,1.085e-05,1.085e-05,1.085e-05,1.085e-05,1.085e-05,1.085e-05,1.085e-05,1.085e-05,0.03798585,1.085e-05,1.085e-05,1.085e-05,1.085e-05,1.085e-05,1.085e-05,1.085e-05,1.085e-05,1.085e-05,1.085e-05,1.085e-05,1.085e-05,1.085e-05,0.01856585,1.085e-05,0.15304585,1.085e-05,1.085e-05,0.39977585,1.085e-05,1.085e-05,1.085e-05,1.085e-05,1.085e-05,1.085e-05,1.085e-05,1.085e-05,1.085e-05,1.085e-05,1.085e-05,1.085e-05,1.085e-05,1.085e-05,1.085e-05,1.085e-05,1.085e-05,1.085e-05,1.085e-05,1.085e-05,1.085e-05,1.085e-05,1.085e-05,1.085e-05,1.085e-05,1.085e-05,1.085e-05,0.0261158499999999,0.0174858499999999,1.085e-05,1.085e-05,0.16290585,1.085e-05,1.085e-05,1.085e-05,1.085e-05,1.085e-05,1.085e-05,1.085e-05,1.085e-05,1.085e-05,1.085e-05,1.085e-05,1.085e-05,28.09013585000001
37082_2#15,0.09377672499999999,0.0120067249999999,0.020056725,2.5819867249999997,0.040056724999999994,0.780986725,9.152986725,0.083986725,0.472986725,18.972466725,6.404726725,2.4259467249999997,0.017596725,0.020116725000000002,1.1725e-05,5.0302967249999995,3.010236725,1.1725e-05,1.269436725,2.437296725,1.1725e-05,0.010596725,2.090696725,0.303266725,1.1725e-05,0.728766725,0.08131672499999999,1.1725e-05,0.8777867250000001,0.039716724999999994,1.1725e-05,1.1725e-05,2.846546725,0.0015867250000000002,0.19966672500000002,1.1725e-05,0.015436725,1.1725e-05,1.1725e-05,3.7174067249999996,1.1725e-05,1.1725e-05,0.027386725,0.017026725,0.016276725,0.004896725,1.1725e-05,0.11568672499999999,1.1725e-05,1.1725e-05,1.1725e-05,1.1725e-05,1.1725e-05,1.1725e-05,1.1725e-05,1.1725e-05,1.1725e-05,1.1725e-05,1.1725e-05,1.1725e-05,0.026256725,12.881776725,1.1725e-05,1.1725e-05,1.1725e-05,1.1725e-05,1.1725e-05,0.2389367249999999,1.433076725,1.1725e-05,1.1725e-05,1.1725e-05,1.1725e-05,0.037186725,1.1725e-05,1.1725e-05,0.116226725,1.1725e-05,1.1725e-05,1.1725e-05,1.1725e-05,0.007366725,1.1725e-05,1.1725e-05,1.1725e-05,0.045156724999999995,1.1725e-05,1.1725e-05,1.1725e-05,1.1725e-05,0.063546725,1.1725e-05,1.1725e-05,1.1725e-05,1.1725e-05,1.1725e-05,1.1725e-05,1.1725e-05,1.1725e-05,1.1725e-05,1.1725e-05,1.1725e-05,0.474476725,1.1725e-05,1.1725e-05,0.646816725,1.1725e-05,1.1725e-05,1.1725e-05,1.1725e-05,1.1725e-05,0.000786725,0.026816725,1.1725e-05,1.1725e-05,1.1725e-05,1.1725e-05,1.1725e-05,1.1725e-05,0.017016725,1.1725e-05,1.1725e-05,0.004286725,1.1725e-05,1.1725e-05,1.1725e-05,1.1725e-05,1.1725e-05,1.1725e-05,1.1725e-05,1.1725e-05,1.1725e-05,1.1725e-05,0.8885067249999999,0.078036725,0.064836725,1.1725e-05,1.1725e-05,1.1725e-05,1.1725e-05,1.1725e-05,1.1725e-05,1.1725e-05,1.1725e-05,0.06500672499999989,1.1725e-05,1.1725e-05,1.1725e-05,0.08006672499999999,2.628746725,1.1725e-05,0.0038167249999999,1.1725e-05,1.1725e-05,0.334726725,0.000926725,1.1725e-05,0.09310672499999989,1.1725e-05,1.1725e-05,0.003916725,1.1725e-05,1.1725e-05,1.1725e-05,1.1725e-05,1.1725e-05,1.1725e-05,0.733776725,1.1725e-05,1.1725e-05,1.1725e-05,1.1725e-05,1.1725e-05,0.009426725,1.1725e-05,0.006426725,1.1725e-05,1.1725e-05,1.1725e-05,0.322556725,1.1725e-05,1.1725e-05,0.031656725,1.1725e-05,1.1725e-05,1.1725e-05,1.1725e-05,1.1725e-05,1.1725e-05,1.1725e-05,1.1725e-05,1.1725e-05,1.1725e-05,1.1725e-05,1.1725e-05,1.1725e-05,1.1725e-05,1.1725e-05,1.1725e-05,14.712156725000021
37082_2#16,2.5549999999999998e-05,2.5549999999999998e-05,2.5549999999999998e-05,0.05975055,0.08486055,0.0211505499999999,0.84369055,1.38165055,0.00626055,1.56913055,2.5549999999999998e-05,0.01397055,0.8999405500000001,2.5549999999999998e-05,0.0080205499999999,0.00867055,0.36103055,2.5549999999999998e-05,0.20659055,0.14978055,2.5549999999999998e-05,2.5549999999999998e-05,0.04996055,0.00903055,1.51273055,0.69473055,0.15543055,0.07061055000000001,0.13822055,2.5549999999999998e-05,2.5549999999999998e-05,0.02367055,0.15000055,2.5549999999999998e-05,0.09849055000000001,2.5549999999999998e-05,0.00688055,0.11757054999999991,0.39948055,2.5549999999999998e-05,0.029560549999999998,2.5549999999999998e-05,2.5549999999999998e-05,0.02099055,0.01477055,2.5549999999999998e-05,0.01078055,0.36732054999999997,2.5549999999999998e-05,2.5549999999999998e-05,2.5549999999999998e-05,0.14253055,0.07568055,0.30612055,0.96164055,2.5549999999999998e-05,0.031410549999999995,0.048860549999999996,0.15076055,0.8855605500000001,2.5549999999999998e-05,0.8500105500000001,0.06417055,0.04377055,0.28619055,2.6541705500000004,2.5549999999999998e-05,0.18988055,11.81355055,0.54092055,0.08581055,0.07485055,2.5549999999999998e-05,0.02432055,0.02434055,0.024200549999999998,0.18483055,0.011040550000000001,0.04773055,0.0025405500000000004,0.00179055,2.69135055,0.03136055,0.0056705499999999,0.02170055,2.5549999999999998e-05,0.008490550000000001,0.23802055,0.024640549999999997,0.00139055,0.11937055,0.033770549999999996,0.0034805500000000002,0.0396105499999999,2.5549999999999998e-05,2.5549999999999998e-05,0.85464055,0.04289055,0.0301105499999999,0.005130549999999999,0.04910055,0.15708055,0.18029055,0.07205055,0.022230549999999998,0.02882055,0.16146055,0.10348055,0.0014405499999999999,2.5549999999999998e-05,0.006110549999999999,0.19693055,2.5549999999999998e-05,0.10580054999999991,0.0036605500000000003,2.5549999999999998e-05,0.00015055,0.006640549999999999,0.04422055,0.00961055,0.03500055,0.00440055,0.02989055,2.5549999999999998e-05,0.59611055,0.012710550000000001,0.0058305499999999994,0.25568054999999995,0.02192055,0.015140550000000001,0.0139005499999999,0.038640549999999996,2.5549999999999998e-05,2.5549999999999998e-05,2.5549999999999998e-05,2.5549999999999998e-05,2.04707055,0.18251055,2.5549999999999998e-05,3.42779055,0.01397055,0.46925055,3.5306605500000003,0.09826055,0.1411005499999999,0.09712055,0.09582055,0.14087055,0.0338305499999999,0.33712054999999996,0.022660549999999998,0.16873055,0.06449055000000001,2.5549999999999998e-05,0.0005005499999998999,0.036760549999999996,0.00326055,0.14093055000000002,2.5549999999999998e-05,0.5676505500000001,2.5549999999999998e-05,0.15086055,0.04377055,2.5549999999999998e-05,0.01140055,0.044760549999999996,0.01794055,0.03594055,0.22133055000000001,0.06455055000000001,2.5549999999999998e-05,0.02373055,2.5549999999999998e-05,0.01235055,0.00706055,2.5549999999999998e-05,0.025630549999999898,2.5549999999999998e-05,2.5549999999999998e-05,0.94333055,0.01131055,2.5549999999999998e-05,2.5549999999999998e-05,2.5549999999999998e-05,2.5549999999999998e-05,2.5549999999999998e-05,2.5549999999999998e-05,2.5549999999999998e-05,2.5549999999999998e-05,2.5549999999999998e-05,0.0174105499999999,0.0023405500000000003,0.05461055,1.40995055,0.01340055,0.11729055000000001,0.015760549999999998,0.007130549999999999,2.5549999999999998e-05,49.785050550000044
37082_2#17,2.6775e-05,0.049861775,2.6775e-05,0.900491775,0.194511775,2.6775e-05,1.596391775,1.236841775,0.077511775,2.6577717749999996,0.005241775000000001,0.201111775,0.496921775,2.6775e-05,0.0009317749999999999,0.146831775,0.9853217750000001,2.6775e-05,0.175191775,0.727881775,0.116021775,2.6775e-05,0.188161775,2.855011775,3.373021775,0.680101775,0.856931775,0.119591775,0.017251775,2.6775e-05,0.0042017750000000005,0.079471775,0.424811775,2.6775e-05,0.087891775,2.6775e-05,0.0942717749999999,0.003361775,0.505461775,2.6775e-05,0.001041775,0.140361775,0.073201775,0.13691177499999999,2.6775e-05,2.6775e-05,0.061611775,2.1983717749999996,2.6775e-05,2.6775e-05,2.6775e-05,0.076861775,0.103461775,1.0567717749999999,1.274551775,0.132151775,0.079141775,0.044601774999999996,2.6775e-05,0.450021775,0.036561775,0.5914417750000001,0.216471775,0.148531775,0.377821775,4.995201775,0.004421775,0.271401775,0.42003177499999994,0.012741774999999999,0.046921775,0.012001775,2.6775e-05,2.6775e-05,0.109261775,0.057711775,0.677281775,0.120681775,0.028221775,2.6775e-05,0.153061775,0.8871517750000001,0.303251775,0.128781775,0.513531775,0.037491775,0.023291775,0.178501775,0.068851775,0.009411774999999999,0.016981775,2.6775e-05,2.6775e-05,0.021311774999999998,0.015021775,0.2340117749999999,1.411081775,0.0147017749999999,0.42012177500000003,0.062351775,0.094721775,2.6775e-05,0.224681775,0.185891775,0.035271775,0.107531775,0.037581775,0.084211775,0.0174117749999999,2.6775e-05,2.6775e-05,0.248851775,2.6775e-05,0.024481775,0.044361775,2.6775e-05,2.6775e-05,0.121371775,0.350731775,0.559311775,0.027431775,0.025481774999999998,0.137891775,0.082191775,0.023991775,0.090591775,0.054261775,0.199131775,0.025991774999999998,0.00031177500000000003,0.045741775,0.0357617749999999,0.008251775,0.012981775,0.039241775,2.6775e-05,0.142551775,0.115301775,0.006261775000000001,1.288631775,0.003501775,1.1853117750000002,0.143581775,0.064091775,2.6775e-05,0.033841775,0.132041775,0.073101775,0.089421775,0.268911775,0.053251775,0.0029417749999999998,0.023821775,2.6775e-05,0.0519817749999999,0.005131775,0.081511775,0.1096217749999999,2.6775e-05,0.133231775,0.073341775,0.0126217749999999,0.048401775,2.6775e-05,0.093701775,0.136301775,2.6775e-05,0.048681775,0.029401774999999998,0.0293317749999999,2.6775e-05,0.019131775,2.6775e-05,0.040251775,2.6775e-05,2.6775e-05,0.0030917749999999997,2.6775e-05,0.000261775,0.7088017750000001,0.081971775,2.6775e-05,2.6775e-05,2.6775e-05,2.6775e-05,2.6775e-05,2.6775e-05,2.6775e-05,0.006251775,0.0189617749999999,0.110881775,0.0603717749999999,0.0891817749999999,0.643931775,0.06913177499999999,0.26609177500000003,0.031711775,2.6775e-05,2.6775e-05,53.110141774999946
37082_2#18,2.3449999999999997e-05,2.3449999999999997e-05,2.3449999999999997e-05,0.3496484499999999,2.3449999999999997e-05,0.02214845,5.07139845,1.51004845,2.3449999999999997e-05,4.53910845,0.053638450000000004,0.64475845,0.0095484499999999,2.3449999999999997e-05,0.0141084499999999,0.91790845,0.8546684499999999,0.015798450000000002,0.01352845,1.37612845,2.3449999999999997e-05,2.3449999999999997e-05,0.11752845,0.02868845,2.3449999999999997e-05,0.11536845,5.823968450000001,2.3449999999999997e-05,0.58870845,2.3449999999999997e-05,0.01854845,2.3449999999999997e-05,0.24006845,2.3449999999999997e-05,0.7204884500000001,2.3449999999999997e-05,0.00626845,0.008688449999999999,0.020568450000000002,2.3449999999999997e-05,2.3449999999999997e-05,0.00271845,2.3449999999999997e-05,0.12363845,0.00563845,0.02454845,0.84632845,0.55147845,0.15672845,0.04650845,0.04108845,0.009108449999999999,2.3449999999999997e-05,3.52219845,0.12803845,0.0734284499999999,0.0355284499999999,0.008608449999999998,2.3449999999999997e-05,0.14437845,0.010978449999999999,0.5365184500000001,2.3449999999999997e-05,0.01931845,0.10939845,0.42318845,0.08268845,0.67833845,2.3449999999999997e-05,2.3449999999999997e-05,2.3449999999999997e-05,0.02066845,2.3449999999999997e-05,0.031838450000000004,6.79928845,0.15159845,0.22394845,2.3449999999999997e-05,0.0033684499999999,0.00540845,0.01929845,0.2448084499999999,1.12029845,0.04349845,0.07086845,0.11043845000000001,2.3449999999999997e-05,0.015878450000000002,0.13285845,2.3449999999999997e-05,0.00645845,0.00123845,2.3449999999999997e-05,2.3449999999999997e-05,0.018438450000000002,0.04891845,2.10017845,2.3449999999999997e-05,0.04647845,0.05804845,0.00248845,0.13812845,0.26166845,0.04833845,0.03557845,0.08270845,2.3449999999999997e-05,0.9873884500000001,0.23099845,2.3449999999999997e-05,2.3449999999999997e-05,0.07612845,0.00026845,2.3449999999999997e-05,0.43436844999999996,2.3449999999999997e-05,2.3449999999999997e-05,2.3449999999999997e-05,2.3449999999999997e-05,0.01628845,2.3449999999999997e-05,0.0652284499999999,2.3449999999999997e-05,2.3449999999999997e-05,0.00835845,0.01666845,0.02323845,1.37451845,0.1030684499999999,0.08786845,0.00268845,0.32552844999999997,2.3449999999999997e-05,2.3449999999999997e-05,0.045388450000000004,2.3449999999999997e-05,0.0005084499999999999,0.00540845,0.09979845,2.02081845,2.3449999999999997e-05,0.08157845,0.11212845,0.011288449999999998,0.48622844999999987,0.00903845,0.48625844999999995,0.0038284499999999,0.010168449999999999,0.5638184500000001,2.3449999999999997e-05,2.3449999999999997e-05,0.008048449999999999,2.3449999999999997e-05,2.3449999999999997e-05,2.3449999999999997e-05,0.00151845,0.0518684499999999,2.3449999999999997e-05,2.20301845,2.3449999999999997e-05,0.03858845,2.3449999999999997e-05,2.3449999999999997e-05,0.05209845,0.19496845,0.0044484500000000005,0.0050684499999999,0.00891845,0.10062845,0.6422684500000001,0.00718845,2.3449999999999997e-05,0.05873845,0.00304845,2.3449999999999997e-05,0.023448449999999902,2.3449999999999997e-05,0.04041845,0.69195845,0.00409845,2.3449999999999997e-05,2.3449999999999997e-05,2.3449999999999997e-05,2.3449999999999997e-05,2.3449999999999997e-05,2.3449999999999997e-05,2.3449999999999997e-05,0.02333845,0.5679684500000001,0.23873845,0.38808845,2.3449999999999997e-05,0.03306845,0.02812845,0.00745845,0.02399845,0.00298845,2.3449999999999997e-05,44.35100845000003
37082_2#19,1.7149999999999997e-05,1.7149999999999997e-05,1.7149999999999997e-05,1.26483215,0.00227215,0.20886215,4.62143215,0.05087215,0.02998215,1.40664215,0.04286215,0.62246215,0.02384215,1.7149999999999997e-05,1.7149999999999997e-05,0.8455521500000001,1.0184621499999997,0.14325215,1.7149999999999997e-05,1.04741215,0.11826215,1.7149999999999997e-05,3.7016021500000003,20.01789215,0.63316215,1.3236621499999999,5.88435215,1.7149999999999997e-05,2.02849215,1.7149999999999997e-05,1.7149999999999997e-05,1.7149999999999997e-05,0.03585215,1.7149999999999997e-05,0.0092921499999999,1.7149999999999997e-05,1.7149999999999997e-05,1.7149999999999997e-05,0.23446214999999998,1.7149999999999997e-05,1.7149999999999997e-05,1.7149999999999997e-05,0.08414215,0.40598215000000004,1.7149999999999997e-05,0.01692215,0.0100121499999999,0.76061215,1.7149999999999997e-05,1.7149999999999997e-05,0.47989215,0.0063821500000000005,1.7149999999999997e-05,9.049122149999999,2.71274215,4.79997215,1.10737215,0.13769214999999999,0.00116215,1.7149999999999997e-05,0.03986215,1.5590821499999998,0.02400215,1.7149999999999997e-05,0.0021721499999999,1.7149999999999997e-05,0.007422150000000001,3.1349721500000003,1.7149999999999997e-05,1.7149999999999997e-05,1.7149999999999997e-05,0.06053215,1.7149999999999997e-05,0.3171021499999999,1.63785215,1.7149999999999997e-05,1.7149999999999997e-05,1.7149999999999997e-05,1.7149999999999997e-05,0.02147215,1.7149999999999997e-05,0.01377215,0.81842215,0.03339215,0.05850215,0.99350215,1.7149999999999997e-05,1.7149999999999997e-05,0.10507215,1.7149999999999997e-05,1.7149999999999997e-05,1.7149999999999997e-05,1.7149999999999997e-05,1.7149999999999997e-05,1.7149999999999997e-05,1.7149999999999997e-05,0.4512721499999999,0.00602215,0.21704215,0.24607215,1.7149999999999997e-05,0.004932150000000001,0.16808214999999999,1.7149999999999997e-05,0.02648215,0.0340721499999999,1.7149999999999997e-05,0.78668215,0.02813215,1.7149999999999997e-05,0.0013521499999999999,1.7149999999999997e-05,0.015612150000000002,1.7149999999999997e-05,0.03386215,1.7149999999999997e-05,1.7149999999999997e-05,0.66336215,0.01081215,0.02230215,1.7149999999999997e-05,1.7149999999999997e-05,0.38907215,1.7149999999999997e-05,1.7149999999999997e-05,1.7149999999999997e-05,0.04626215,0.15336214999999997,0.0372221499999999,0.09948215,1.7149999999999997e-05,0.01573215,1.7149999999999997e-05,1.7149999999999997e-05,0.08297215,1.7149999999999997e-05,5.61434215,1.7149999999999997e-05,0.10718215,0.00690215,1.7149999999999997e-05,1.7149999999999997e-05,0.0010921499999998999,1.7149999999999997e-05,0.00166215,1.7149999999999997e-05,1.7149999999999997e-05,1.7149999999999997e-05,1.7149999999999997e-05,0.36918215,1.7149999999999997e-05,1.7149999999999997e-05,0.32776215000000003,1.7149999999999997e-05,0.18890215,1.7149999999999997e-05,1.7149999999999997e-05,0.01997215,1.7149999999999997e-05,0.36027215,1.7149999999999997e-05,1.7149999999999997e-05,1.7149999999999997e-05,1.7149999999999997e-05,1.7149999999999997e-05,0.0054021500000000005,1.7149999999999997e-05,1.7149999999999997e-05,0.01554215,0.0639721499999999,1.7149999999999997e-05,1.7149999999999997e-05,0.14157214999999998,1.7149999999999997e-05,1.7149999999999997e-05,1.7149999999999997e-05,1.7149999999999997e-05,1.7149999999999997e-05,0.00798215,0.0333221499999999,1.7149999999999997e-05,1.7149999999999997e-05,1.7149999999999997e-05,1.7149999999999997e-05,1.7149999999999997e-05,1.7149999999999997e-05,1.7149999999999997e-05,1.7149999999999997e-05,1.7149999999999997e-05,2.72138215,0.19672214999999998,0.12976215,1.7149999999999997e-05,0.01034215,1.7149999999999997e-05,0.0633621499999999,1.7149999999999997e-05,1.7149999999999997e-05,1.7149999999999997e-05,12.356502150000013
37082_2#1,4.547032675,2.642392675,6.135962675,1.5365626749999999,2.326922675,0.113612675,0.4398726749999999,10.401092675,0.009922674999999999,0.862082675,0.056492675,0.080532675,4.362832675,0.621492675,1.7675e-05,0.124022675,0.490262675,0.18879267499999988,0.328812675,1.750802675,0.962392675,0.39489267499999997,0.497642675,0.0020426750000000003,10.469902675,1.574532675,1.451602675,0.042632675,0.098582675,1.7675e-05,0.3037926749999999,1.607802675,0.826062675,0.5688126750000001,1.7675e-05,1.7675e-05,0.175082675,0.482942675,2.087552675,1.7675e-05,0.042662675000000004,0.001022675,1.7675e-05,1.7675e-05,1.7675e-05,1.7675e-05,0.851962675,1.7675e-05,1.7675e-05,1.7675e-05,1.7675e-05,1.7675e-05,1.7675e-05,0.45611267499999997,1.7675e-05,1.7675e-05,1.7675e-05,0.034862675,0.23830267499999988,1.577462675,0.074542675,1.7675e-05,1.7675e-05,0.310482675,0.125842675,1.7675e-05,1.7675e-05,0.0507726749999999,1.7675e-05,0.325792675,0.049612675,1.7675e-05,1.7675e-05,1.7675e-05,1.7675e-05,1.7675e-05,0.6686926750000001,1.7675e-05,0.20307267499999998,1.7675e-05,0.096582675,1.622112675,1.7675e-05,1.7675e-05,1.7675e-05,1.7675e-05,1.7675e-05,1.7675e-05,1.7675e-05,1.7675e-05,1.7675e-05,1.7675e-05,0.015972675000000002,1.7675e-05,0.0875626749999999,1.565292675,1.7675e-05,1.7675e-05,1.7675e-05,1.7675e-05,0.22465267499999989,1.7675e-05,0.0149926749999999,1.7675e-05,1.7675e-05,1.7675e-05,1.7675e-05,1.7675e-05,1.7675e-05,0.142502675,1.7675e-05,0.584872675,1.7675e-05,0.012152675,1.7675e-05,0.0075226749999999995,6.419952674999999,1.7675e-05,1.7675e-05,1.208022675,1.7675e-05,1.7675e-05,1.7675e-05,1.7675e-05,1.7675e-05,0.020482675000000002,1.7675e-05,1.7675e-05,0.023842675,0.372102675,0.007932675,1.7675e-05,1.7675e-05,0.0841226749999999,1.7675e-05,1.7675e-05,1.7675e-05,0.182932675,0.915702675,0.011202675,1.7675e-05,1.7675e-05,1.7675e-05,0.371642675,0.8752426750000001,1.7675e-05,0.082272675,1.7675e-05,0.017812675,0.051662675,0.193782675,0.0070126749999999995,0.5001426750000001,0.12854267499999988,1.7675e-05,0.145912675,0.0410726749999999,0.033812675,1.7675e-05,0.7842526750000001,0.624932675,0.049212675000000004,0.295392675,0.005752675,0.12520267499999999,1.7675e-05,0.033462675000000004,1.7675e-05,1.7675e-05,1.7675e-05,1.7675e-05,1.7675e-05,1.7675e-05,1.7675e-05,1.7675e-05,1.7675e-05,1.7675e-05,1.7675e-05,1.7675e-05,1.7675e-05,1.7675e-05,0.486112675,1.7675e-05,0.044602675,0.036162675,0.338232675,1.7675e-05,0.034862675,1.7675e-05,0.1205626749999999,1.7675e-05,1.7675e-05,0.110052675,1.7675e-05,1.7675e-05,0.055322675,1.7675e-05,0.1039926749999999,0.121382675,16.98235267500001
37082_2#20,2.0124999999999998e-05,0.007305125,2.0124999999999998e-05,0.114405125,2.0124999999999998e-05,2.0124999999999998e-05,3.322245125,0.011885125000000002,2.0124999999999998e-05,8.172705125,0.019635125,0.490555125,0.113275125,2.0124999999999998e-05,0.010895125,0.42643512499999997,0.38917512499999996,0.5710151250000001,0.005825125,1.451935125,2.0124999999999998e-05,2.0124999999999998e-05,0.37664512499999997,1.491775125,0.085685125,0.44219512499999997,13.076955125,0.0071951249999998995,0.5158351250000001,2.0124999999999998e-05,0.007135125,2.0124999999999998e-05,0.048895125000000005,2.0124999999999998e-05,0.059455125000000004,2.0124999999999998e-05,0.021905124999999998,0.052935125,2.0124999999999998e-05,2.0124999999999998e-05,2.0124999999999998e-05,2.0124999999999998e-05,0.0528151249999999,2.0124999999999998e-05,0.022545125,0.015525125,0.075005125,0.25547512499999997,2.0124999999999998e-05,2.0124999999999998e-05,0.0021751249999999,2.0124999999999998e-05,2.0124999999999998e-05,1.919795125,1.027495125,0.26213512499999997,0.046685125,0.0895651249999999,2.0124999999999998e-05,0.056725125,0.578375125,0.546745125,0.011385125000000001,0.195675125,0.045805125,0.148735125,2.0124999999999998e-05,1.887395125,2.0124999999999998e-05,2.0124999999999998e-05,2.0124999999999998e-05,2.0124999999999998e-05,2.0124999999999998e-05,0.007855125000000001,2.0124999999999998e-05,0.045965125,0.072335125,2.0124999999999998e-05,0.030055125,0.016345125,0.066575125,0.087085125,1.425125125,0.008255125,0.012945125,0.134325125,2.0124999999999998e-05,0.010485125000000001,0.231655125,2.0124999999999998e-05,0.014525125000000002,2.0124999999999998e-05,2.0124999999999998e-05,2.0124999999999998e-05,0.122125125,2.0124999999999998e-05,1.910195125,2.0124999999999998e-05,0.019285125,0.517335125,0.0034051249999999997,0.018055124999999998,0.213885125,0.067365125,0.066855125,0.001935125,2.0124999999999998e-05,0.36397512499999995,0.165805125,0.003945125,0.0011651250000000001,0.037175125,2.0124999999999998e-05,2.0124999999999998e-05,0.130155125,2.0124999999999998e-05,0.34970512499999995,0.155285125,2.0124999999999998e-05,2.0124999999999998e-05,2.0124999999999998e-05,0.107135125,0.149075125,2.0124999999999998e-05,0.017055124999999997,2.0124999999999998e-05,0.1079451249999999,0.478515125,0.133675125,0.0091651249999999,2.0124999999999998e-05,0.059955125000000005,2.0124999999999998e-05,2.0124999999999998e-05,0.032165125,2.0124999999999998e-05,14.824425125,0.051885125000000004,2.0124999999999998e-05,2.0124999999999998e-05,2.0124999999999998e-05,0.107675125,2.0124999999999998e-05,2.0124999999999998e-05,0.105005125,2.0124999999999998e-05,0.019405125,0.001805125,2.0124999999999998e-05,0.35658512499999995,2.0124999999999998e-05,2.0124999999999998e-05,0.07170512500000001,0.041335125,2.0124999999999998e-05,2.0124999999999998e-05,0.043655125,0.012865125000000002,2.0124999999999998e-05,0.0035151249999999,0.0240551249999999,2.0124999999999998e-05,2.0124999999999998e-05,2.0124999999999998e-05,2.0124999999999998e-05,0.143695125,0.016325125,2.0124999999999998e-05,2.0124999999999998e-05,0.009605125,0.144795125,0.009955125,0.176125125,0.0046351249999999995,0.015145125,2.0124999999999998e-05,2.0124999999999998e-05,2.0124999999999998e-05,0.008835125000000001,0.056765125,2.0124999999999998e-05,2.0124999999999998e-05,2.0124999999999998e-05,2.0124999999999998e-05,2.0124999999999998e-05,0.003135125,2.0124999999999998e-05,2.0124999999999998e-05,2.0124999999999998e-05,0.002125125,2.0124999999999998e-05,2.0124999999999998e-05,2.0124999999999998e-05,1.108135125,0.038595125,2.0124999999999998e-05,0.001945125,2.0124999999999998e-05,2.0124999999999998e-05,36.654725125000034
37082_2#21,0.000830725,2.5724999999999995e-05,2.5724999999999995e-05,0.4963807249999999,0.065640725,0.146560725,4.5124807250000005,1.1055907249999999,2.5724999999999995e-05,1.110920725,0.008580725,0.093420725,0.303760725,2.5724999999999995e-05,0.11348072499999999,0.279410725,0.543140725,0.024070725,0.041590724999999995,1.421690725,0.2199107249999999,2.5724999999999995e-05,5.711340725,21.114810725,0.5602507250000001,0.47431072499999993,0.083790725,2.5724999999999995e-05,0.161760725,2.5724999999999995e-05,2.5724999999999995e-05,2.5724999999999995e-05,0.536460725,2.5724999999999995e-05,0.119520725,2.5724999999999995e-05,0.221980725,0.141930725,0.043740724999999994,2.5724999999999995e-05,2.5724999999999995e-05,2.5724999999999995e-05,0.135760725,0.002320725,0.000550725,0.0007007249999999,0.313590725,1.862190725,0.065850725,0.021210725,0.9696507249999999,0.036520725,2.5724999999999995e-05,1.434650725,2.039910725,2.5724999999999995e-05,0.010160725,0.000520725,0.004630725,0.475100725,0.061330724999999996,0.5488407249999999,2.5724999999999995e-05,0.033640724999999996,0.001630725,1.065000725,0.025520725,0.674670725,0.0049307249999999995,2.5724999999999995e-05,0.009670725,2.5724999999999995e-05,2.5724999999999995e-05,2.5724999999999995e-05,0.006900724999999899,0.056920724999999894,0.23746072499999998,0.054330724999999996,2.5724999999999995e-05,0.044860725,0.537000725,0.39837072500000004,0.442300725,0.613940725,0.038740725,0.001040725,2.5724999999999995e-05,0.07811072499999999,0.029220725,2.5724999999999995e-05,0.11573072499999999,2.5724999999999995e-05,0.033170725,0.000840725,0.09415072499999999,0.008840725,0.31322072500000003,0.022680725,0.000720725,0.076190725,0.019570725,0.117080725,0.1734007249999999,0.075310725,0.080700725,2.5724999999999995e-05,0.109910725,0.315590725,0.025130725,2.5724999999999995e-05,0.029840725000000002,0.31285072499999994,0.011430725000000001,0.003650725,0.023340725,0.004450725,0.040860724999999994,2.5724999999999995e-05,0.016740725,0.1050507249999999,2.5724999999999995e-05,0.119930725,0.056490725,2.5724999999999995e-05,0.042370725,2.5724999999999995e-05,0.000890725,0.6610807249999999,0.090520725,0.014720725,2.5724999999999995e-05,0.046640724999999994,2.5724999999999995e-05,0.010260725,2.5724999999999995e-05,2.5724999999999995e-05,0.7134307249999999,0.003150725,0.222770725,1.1333707249999998,0.6119307249999999,1.4367207249999998,0.370710725,0.052780724999999994,0.771370725,0.0142007249999999,0.335130725,0.185660725,0.049480724999999996,0.07779072499999999,0.0077407249999999995,0.021320725,0.038320725,0.027660725,0.022120725,2.5724999999999995e-05,0.048520724999999994,0.495250725,2.5724999999999995e-05,0.023260725,0.011080725,0.111160725,0.024280725,0.024800725,2.5724999999999995e-05,0.141230725,0.046700725,0.045860725,0.027240725,0.06687072499999999,0.137540725,0.011150725,0.095750725,0.016200725,2.5724999999999995e-05,2.5724999999999995e-05,0.011450725,2.5724999999999995e-05,2.5724999999999995e-05,3.482530725,0.002080725,2.5724999999999995e-05,2.5724999999999995e-05,2.5724999999999995e-05,2.5724999999999995e-05,2.5724999999999995e-05,2.5724999999999995e-05,2.5724999999999995e-05,0.000870725,2.5724999999999995e-05,0.188660725,0.027400725,2.5724999999999995e-05,2.956630725,0.232080725,0.31078072500000004,0.045250725,2.5724999999999995e-05,2.5724999999999995e-05,30.149850724999972
37082_2#22,1.8724999999999998e-05,5.360273725,1.8724999999999998e-05,2.437623725,0.001563725,0.755433725,5.220733725,0.015623725000000002,0.097703725,1.029183725,0.020953725,1.1942437250000002,0.017883725,1.8724999999999998e-05,1.8724999999999998e-05,1.8724999999999998e-05,0.6531737249999999,0.0043237250000000005,0.0637237249999999,1.1418737250000002,1.8724999999999998e-05,1.8724999999999998e-05,2.177583725,6.119783725,0.171973725,0.118113725,6.389313725,1.8724999999999998e-05,0.969153725,1.8724999999999998e-05,1.8724999999999998e-05,1.8724999999999998e-05,1.0579137250000001,1.8724999999999998e-05,0.14734372499999998,1.8724999999999998e-05,1.8724999999999998e-05,1.8724999999999998e-05,0.088953725,1.8724999999999998e-05,1.8724999999999998e-05,0.004953725,0.242293725,0.033643725,1.8724999999999998e-05,1.8724999999999998e-05,0.006013725,0.2281537249999999,1.8724999999999998e-05,0.644893725,0.009723725,1.8724999999999998e-05,1.8724999999999998e-05,2.766483725,3.257623725,0.7457537249999999,0.966713725,0.007183725,1.8724999999999998e-05,0.0056437250000000005,0.445763725,0.542863725,0.014393725,1.8724999999999998e-05,0.030943725000000002,1.8670937250000001,0.008923725,2.815813725,0.08434372500000001,1.8724999999999998e-05,1.8724999999999998e-05,1.8724999999999998e-05,1.8724999999999998e-05,0.591613725,0.0011137249999999999,1.8724999999999998e-05,0.0090437249999999,1.8724999999999998e-05,1.8724999999999998e-05,1.8724999999999998e-05,1.8724999999999998e-05,0.5455737249999999,0.559123725,0.0015237249999999999,0.151823725,0.308643725,1.8724999999999998e-05,0.16038372499999998,0.374023725,1.8724999999999998e-05,0.002963725,1.8724999999999998e-05,0.030253725,1.8724999999999998e-05,0.000543725,0.0275737249999999,1.024143725,0.002903725,1.0955337250000001,0.720513725,1.8724999999999998e-05,0.239973725,0.862883725,0.106903725,0.180403725,1.8724999999999998e-05,1.8724999999999998e-05,1.9538237250000001,0.22891372499999998,1.8724999999999998e-05,1.8724999999999998e-05,1.8724999999999998e-05,1.8724999999999998e-05,1.8724999999999998e-05,0.08398372500000001,1.8724999999999998e-05,1.8724999999999998e-05,0.9180037249999999,1.8724999999999998e-05,0.035913724999999994,1.8724999999999998e-05,0.25334372499999996,1.1510637250000002,1.8724999999999998e-05,1.8724999999999998e-05,1.8724999999999998e-05,0.41398372499999997,1.2346437250000002,0.175273725,1.8724999999999998e-05,0.007203725,0.070793725,1.8724999999999998e-05,1.8724999999999998e-05,1.312473725,1.8724999999999998e-05,0.4173037249999999,1.8724999999999998e-05,1.8724999999999998e-05,4.1409937249999995,0.038713725,0.064703725,0.07600372500000001,1.8724999999999998e-05,1.8724999999999998e-05,1.8724999999999998e-05,1.8724999999999998e-05,1.8724999999999998e-05,0.0068937249999999,0.6632437250000001,1.8724999999999998e-05,0.066033725,1.8724999999999998e-05,1.8724999999999998e-05,0.0294237249999999,1.8724999999999998e-05,1.8724999999999998e-05,0.005373725,0.002813725,1.8724999999999998e-05,1.8724999999999998e-05,1.8724999999999998e-05,1.8724999999999998e-05,1.8724999999999998e-05,1.8724999999999998e-05,0.39810372499999996,1.8724999999999998e-05,0.002923725,1.8724999999999998e-05,0.25101372499999997,0.11287372500000001,0.004773725,0.48247372499999996,0.074663725,1.8724999999999998e-05,1.8724999999999998e-05,1.8724999999999998e-05,1.8724999999999998e-05,0.0830137249999999,0.152463725,0.050773724999999895,1.8724999999999998e-05,1.8724999999999998e-05,1.8724999999999998e-05,1.8724999999999998e-05,1.8724999999999998e-05,1.8724999999999998e-05,1.8724999999999998e-05,1.8724999999999998e-05,1.8724999999999998e-05,0.426533725,0.32250372499999996,1.8724999999999998e-05,1.638443725,1.8724999999999998e-05,0.080773725,0.004103725000000001,1.8724999999999998e-05,1.8724999999999998e-05,25.58077372500002
37082_2#23,0.22577757499999998,1.669937575,0.028567575,1.372507575,1.171517575,0.069437575,2.115787575,8.780237575000001,2.2575e-05,7.268557574999998,0.013777575,0.059697574999999996,0.493607575,0.005907575,0.027647575,0.245297575,1.218857575,2.2575e-05,0.147337575,1.624657575,0.151967575,0.019337575,0.236497575,0.8682075750000001,2.2575e-05,0.737327575,0.8644675749999999,0.281107575,0.081097575,2.2575e-05,2.2575e-05,2.2575e-05,1.104427575,0.0831275749999999,0.108097575,2.2575e-05,2.2575e-05,0.030187575,0.035737574999999994,2.2575e-05,2.2575e-05,0.044827574999999995,0.17601757499999998,0.014537575,0.001187575,0.0009575749999998999,2.2575e-05,1.299987575,2.2575e-05,0.293567575,2.2575e-05,0.013767575,1.912747575,2.889037575,0.9646775750000001,0.233417575,2.2575e-05,0.411777575,4.192057574999999,0.089387575,2.2575e-05,0.1879175749999999,2.2575e-05,1.189147575,0.997447575,2.2575e-05,0.082937575,2.0279475750000002,0.4821275749999999,0.013677575,0.051577574999999994,0.034477574999999996,0.022487575,0.131817575,0.6459875749999999,0.166647575,0.595587575,2.2575e-05,0.1657975749999999,0.024427575,0.230037575,2.142957575,2.2575e-05,2.2575e-05,2.2575e-05,2.2575e-05,0.075477575,0.005837575,0.009797575,0.008267575,0.325237575,0.0021775749999999,2.2575e-05,2.2575e-05,0.200947575,0.122847575,2.480567575,2.2575e-05,2.2575e-05,0.020777575,0.124317575,0.154597575,0.32959757500000003,0.103917575,0.135697575,0.278567575,0.789437575,0.058887575,0.004507575,2.2575e-05,2.2575e-05,0.42851757500000004,2.2575e-05,0.008337575,0.010187575,2.2575e-05,2.2575e-05,2.2575e-05,0.004787575,1.447127575,2.2575e-05,0.058757575,0.214877575,2.2575e-05,2.2575e-05,2.2575e-05,2.2575e-05,0.230237575,0.109887575,2.2575e-05,0.013777575,2.2575e-05,0.006247575,0.578487575,2.2575e-05,2.2575e-05,2.2575e-05,0.017087575,0.375757575,2.203417575,2.603287575,0.743287575,0.018127575,2.2575e-05,2.399127575,0.025187575,2.2575e-05,0.273077575,0.021327575,1.422287575,0.021647575,0.040727574999999995,2.2575e-05,0.010227575000000001,2.2575e-05,0.000897575,2.2575e-05,2.2575e-05,2.2575e-05,0.946957575,2.2575e-05,2.2575e-05,0.064687575,0.037197575,0.021827575,2.2575e-05,2.2575e-05,0.008277575,0.029047575,2.2575e-05,0.039077574999999996,0.026297575,0.040137574999999995,2.2575e-05,2.2575e-05,0.017067575,0.009997575,2.2575e-05,2.2575e-05,2.2575e-05,0.048777575,2.2575e-05,2.2575e-05,2.2575e-05,2.2575e-05,2.2575e-05,2.2575e-05,2.2575e-05,0.014617575,0.05490757499999999,0.046667574999999996,2.2575e-05,0.078927575,2.2575e-05,2.2575e-05,2.2575e-05,0.044577574999999994,0.001647575,2.2575e-05,27.077867575000028
37082_2#24,1.3125e-05,0.128398125,1.3125e-05,7.864008125,0.045768125,1.3125e-05,8.527548125,0.013618125,1.3125e-05,2.3564181250000003,0.666578125,1.759818125,0.0561581249999999,1.3125e-05,0.093908125,5.287098125,2.734358125,1.3125e-05,1.3125e-05,5.951738125,0.017418125,1.3125e-05,0.391228125,11.659288125,0.115698125,1.007028125,4.044328125,1.3125e-05,17.644808124999997,1.3125e-05,1.3125e-05,1.3125e-05,0.091928125,1.3125e-05,0.007408125,1.3125e-05,1.3125e-05,1.3125e-05,0.006268124999999999,1.3125e-05,1.3125e-05,1.3125e-05,0.093138125,1.3125e-05,0.008198125,0.009188125,1.3125e-05,0.28386812499999997,0.145358125,1.3125e-05,1.3125e-05,1.3125e-05,1.3125e-05,3.306368125,1.3125e-05,0.329188125,1.224228125,1.3125e-05,0.1526581249999999,1.3125e-05,1.908268125,1.103668125,1.3125e-05,1.3125e-05,1.3125e-05,1.3125e-05,0.0428181249999999,0.239538125,0.058208125,1.3125e-05,1.3125e-05,1.3125e-05,1.3125e-05,0.167628125,0.034488125,1.3125e-05,1.3125e-05,1.3125e-05,1.3125e-05,0.022578124999999998,1.3125e-05,0.000678125,1.3125e-05,1.3125e-05,1.3125e-05,0.20028812499999998,1.3125e-05,1.3125e-05,0.334788125,1.3125e-05,0.103068125,1.3125e-05,1.722078125,1.3125e-05,1.3125e-05,0.007398125,0.251708125,0.056858124999999905,0.1468881249999999,0.327128125,1.3125e-05,0.465678125,0.043878125000000004,1.3125e-05,0.029238125,1.3125e-05,1.3125e-05,3.5279881250000003,0.135688125,1.3125e-05,1.3125e-05,1.3125e-05,0.215978125,1.3125e-05,0.6052581250000001,1.3125e-05,0.137028125,1.3125e-05,1.3125e-05,1.3125e-05,1.3125e-05,0.005518125,0.405378125,1.3125e-05,1.3125e-05,1.3125e-05,0.498488125,0.6115781250000001,0.036208125,0.246038125,1.3125e-05,1.3125e-05,1.3125e-05,1.3125e-05,1.3125e-05,1.3125e-05,0.092618125,1.3125e-05,1.3125e-05,1.3125e-05,1.3125e-05,1.3125e-05,1.3125e-05,1.3125e-05,0.010578125,1.3125e-05,1.3125e-05,1.3125e-05,1.3125e-05,1.3125e-05,1.3125e-05,1.3125e-05,0.003278125,1.3125e-05,0.060728125,1.3125e-05,1.3125e-05,6.135288125,1.3125e-05,1.3125e-05,1.3125e-05,1.3125e-05,1.3125e-05,1.3125e-05,1.3125e-05,0.21768812499999998,1.3125e-05,1.3125e-05,1.3125e-05,1.3125e-05,1.3125e-05,1.3125e-05,0.053298125,1.3125e-05,1.3125e-05,1.3125e-05,1.3125e-05,1.3125e-05,1.3125e-05,0.221138125,1.3125e-05,1.3125e-05,1.3125e-05,1.3125e-05,1.3125e-05,1.3125e-05,1.3125e-05,1.3125e-05,1.3125e-05,0.017238125,0.115308125,1.3125e-05,1.3125e-05,1.3125e-05,1.3125e-05,1.3125e-05,1.3125e-05,1.3125e-05,1.3125e-05,3.3561681250000865
37082_2#25,1.9775e-05,1.9775e-05,1.9775e-05,0.0223447749999999,0.097644775,1.9775e-05,1.6872347749999999,0.020194774999999998,0.008474774999999999,0.147554775,0.011044774999999899,0.641604775,0.015624775,1.9775e-05,0.151554775,0.24120477499999998,0.11434477499999991,0.014984774999999999,0.042844775,0.0021547750000000003,0.005054775,1.9775e-05,0.0561147749999999,1.9775e-05,1.9775e-05,0.002574775,0.427964775,1.9775e-05,0.20798477499999998,1.9775e-05,1.9775e-05,0.004844775,0.0160447749999999,1.9775e-05,0.3879447749999999,1.9775e-05,1.9775e-05,0.000564775,0.003064775,1.9775e-05,1.9775e-05,1.9775e-05,0.004454775,0.049024775,1.9775e-05,1.9775e-05,0.0052747749999999,0.079894775,1.9775e-05,0.004374775,1.9775e-05,0.018234774999999998,1.9775e-05,0.836124775,0.09838477500000001,0.06788477500000001,0.007124775,1.9775e-05,0.110314775,0.037394775,0.394504775,0.587784775,0.003054775,1.9775e-05,0.013614774999999999,0.083654775,1.9775e-05,0.138554775,0.07289477500000001,1.9775e-05,1.9775e-05,1.9775e-05,1.9775e-05,0.012044774999999999,1.9775e-05,0.0350047749999999,0.033954775,0.000144775,0.009374775,0.0022147750000000004,0.000144775,0.0870247749999999,0.334224775,1.9775e-05,1.9775e-05,0.033274775,1.9775e-05,0.006434775,0.051584775,1.9775e-05,0.007814775,1.9775e-05,1.9775e-05,1.9775e-05,1.9775e-05,1.9775e-05,0.643524775,1.9775e-05,0.0037047750000000004,0.069624775,0.000164775,1.9775e-05,0.011374775,1.9775e-05,0.0258747749999999,1.9775e-05,0.06348477500000001,0.41542477499999997,0.014574775,1.9775e-05,1.9775e-05,0.030244774999999998,1.9775e-05,1.9775e-05,0.045684775,1.9775e-05,0.021074775,0.044674775,0.00028477499999999997,0.048724775,1.9775e-05,0.002454775,0.006304775,1.9775e-05,0.013074774999999999,1.9775e-05,0.002404775,0.685274775,0.003554775,0.099174775,1.9775e-05,1.9775e-05,1.9775e-05,1.9775e-05,0.07268477500000001,1.9775e-05,0.0476247749999999,0.502034775,1.9775e-05,1.221354775,0.011044774999999899,0.067504775,0.029294775,0.005034775,1.9775e-05,1.9775e-05,0.013644775,0.016544774999999998,0.006754775,0.279184775,1.9775e-05,1.9775e-05,0.006624775,1.9775e-05,0.0023647750000000004,1.9775e-05,0.008184775,0.024434775,1.9775e-05,1.9775e-05,0.004244775,0.001414775,1.9775e-05,1.9775e-05,1.9775e-05,0.09652477500000001,1.9775e-05,1.9775e-05,0.014044774999999999,0.040054775,0.0020047750000000003,0.002084775,0.1771147749999999,0.0058747750000000005,1.9775e-05,1.9775e-05,0.06555477500000001,1.9775e-05,1.9775e-05,0.117434775,0.005544775,1.9775e-05,1.9775e-05,1.9775e-05,1.9775e-05,1.9775e-05,1.9775e-05,1.9775e-05,1.9775e-05,0.565414775,0.364154775,1.9775e-05,1.9775e-05,0.019304775,0.017274775,0.001624775,1.9775e-05,1.9775e-05,1.9775e-05,86.376844775
37082_2#26,1.9949999999999997e-05,0.10033494999999999,1.9949999999999997e-05,1.51948495,0.04816495,0.009014949999999999,4.33844495,0.09729494999999999,0.07735494999999999,3.33556495,0.08676495,0.46140495,0.06589495,1.9949999999999997e-05,1.9949999999999997e-05,0.26582495,1.21578495,1.9949999999999997e-05,0.00870495,0.76279495,0.00631495,1.9949999999999997e-05,0.36200495,0.02442495,0.012304949999999999,0.58784495,0.09675494999999999,1.9949999999999997e-05,0.5175349499999999,1.9949999999999997e-05,1.9949999999999997e-05,1.9949999999999997e-05,0.08060495,1.9949999999999997e-05,0.15657495000000002,1.9949999999999997e-05,1.9949999999999997e-05,1.9949999999999997e-05,0.08467495,1.9949999999999997e-05,1.9949999999999997e-05,1.9949999999999997e-05,0.01878495,0.047854949999999896,0.05412495,1.9949999999999997e-05,1.9949999999999997e-05,0.15350495,1.9949999999999997e-05,0.36310495,0.05000495,1.9949999999999997e-05,0.00682495,3.01395495,0.90318495,0.08637494999999999,0.04798495,0.00326495,2.31947495,0.07022495,0.07440495,0.76372495,1.9949999999999997e-05,0.07810494999999999,1.9949999999999997e-05,3.16260495,0.009314949999999999,0.68479495,1.9949999999999997e-05,0.03024495,0.00634495,1.9949999999999997e-05,1.9949999999999997e-05,0.18331495,1.06685495,1.9949999999999997e-05,0.00146495,1.9949999999999997e-05,1.9949999999999997e-05,0.008764949999999999,0.04018495,0.08802494999999999,0.16837495000000002,0.02785495,0.06771495,0.00472495,1.9949999999999997e-05,1.9949999999999997e-05,0.08651495,1.9949999999999997e-05,0.054974949999999995,1.9949999999999997e-05,1.9949999999999997e-05,1.9949999999999997e-05,0.06745495,0.5468349499999999,0.90288495,0.02630495,0.21876495,0.11121494999999999,1.9949999999999997e-05,0.015014949999999999,0.09101495,0.0186049499999999,0.06513495,0.039474949999999995,0.04708495,0.06743495,0.03302495,1.9949999999999997e-05,1.9949999999999997e-05,1.9949999999999997e-05,1.9949999999999997e-05,1.9949999999999997e-05,0.05888495,1.9949999999999997e-05,0.07960495,1.9949999999999997e-05,1.9949999999999997e-05,0.02664495,1.9949999999999997e-05,0.047624949999999895,0.00629495,0.00135495,1.9949999999999997e-05,0.16003495,0.05278495,0.19627495,0.057874949999999994,1.9949999999999997e-05,1.9949999999999997e-05,0.00583495,1.9949999999999997e-05,1.9949999999999997e-05,0.04376495,1.9949999999999997e-05,4.76124495,0.00482495,0.13490495000000002,0.28317495,0.011404949999999999,0.19057495000000002,0.03183495,1.9949999999999997e-05,0.061794949999999994,1.9949999999999997e-05,1.9949999999999997e-05,1.9949999999999997e-05,0.00403495,0.51011495,1.9949999999999997e-05,0.2285449499999999,0.0055749499999999,1.9949999999999997e-05,0.049824949999999896,1.9949999999999997e-05,1.9949999999999997e-05,4.44345495,1.9949999999999997e-05,1.9949999999999997e-05,1.9949999999999997e-05,1.9949999999999997e-05,0.01736495,1.9949999999999997e-05,0.01150495,0.07625495,1.9949999999999997e-05,0.03101495,1.9949999999999997e-05,0.07913495,1.9949999999999997e-05,0.00388495,0.0619649499999999,1.9949999999999997e-05,1.9949999999999997e-05,1.9949999999999997e-05,0.0066449499999999,1.9949999999999997e-05,1.9949999999999997e-05,0.060224949999999895,1.9949999999999997e-05,1.9949999999999997e-05,1.9949999999999997e-05,1.9949999999999997e-05,1.9949999999999997e-05,1.9949999999999997e-05,1.9949999999999997e-05,1.9949999999999997e-05,1.9949999999999997e-05,0.060214949999999996,0.00748495,1.9949999999999997e-05,1.9949999999999997e-05,0.6859849499999999,1.9949999999999997e-05,0.039134949999999995,0.00937495,1.9949999999999997e-05,1.9949999999999997e-05,57.07070495000001
37082_2#27,1.6624999999999998e-05,0.347361625,1.6624999999999998e-05,2.4369416250000002,0.34549162499999997,1.6624999999999998e-05,4.715731625,0.629491625,1.6624999999999998e-05,10.174081625,0.011321625,1.560031625,0.011151625,1.6624999999999998e-05,1.6624999999999998e-05,0.581411625,1.428981625,0.136181625,1.6624999999999998e-05,3.1713616250000003,0.021121624999999998,1.6624999999999998e-05,1.2998116249999998,14.049381625,1.194061625,1.3953616249999998,0.013841624999999901,0.018831624999999998,1.285071625,1.6624999999999998e-05,1.6624999999999998e-05,1.6624999999999998e-05,0.037841625,1.6624999999999998e-05,0.286581625,1.6624999999999998e-05,1.6624999999999998e-05,1.6624999999999998e-05,0.114811625,1.6624999999999998e-05,1.6624999999999998e-05,1.6624999999999998e-05,1.6624999999999998e-05,0.847551625,0.021521625,0.002451625,1.6624999999999998e-05,1.994461625,1.6624999999999998e-05,1.6624999999999998e-05,1.6624999999999998e-05,0.007651625,1.6624999999999998e-05,4.3268316250000005,12.036501625,0.23458162500000002,1.724881625,1.6624999999999998e-05,1.6624999999999998e-05,0.0027516249999999997,1.6624999999999998e-05,0.027001624999999998,1.6624999999999998e-05,1.6624999999999998e-05,1.6624999999999998e-05,1.025161625,0.0374516249999999,0.524841625,0.082581625,0.342031625,1.6624999999999998e-05,1.6624999999999998e-05,0.003341625,1.6624999999999998e-05,0.16034162500000002,1.6624999999999998e-05,0.019681624999999998,1.6624999999999998e-05,1.6624999999999998e-05,1.6624999999999998e-05,0.137961625,0.0160516249999999,0.635041625,0.010451625,0.241711625,1.6624999999999998e-05,1.6624999999999998e-05,0.000621625,0.037381625,1.6624999999999998e-05,0.000311625,1.6624999999999998e-05,14.228461625,1.6624999999999998e-05,1.6624999999999998e-05,1.6624999999999998e-05,2.7352316250000004,0.011901625,0.8722616249999999,0.290941625,1.6624999999999998e-05,0.027841625,0.064341625,0.030411624999999998,0.010541625,0.31746162499999997,0.004251625,0.848741625,0.056791625,1.6624999999999998e-05,1.6624999999999998e-05,1.6624999999999998e-05,1.6624999999999998e-05,1.6624999999999998e-05,0.13082162500000002,1.6624999999999998e-05,0.015201625,0.4155716249999999,1.6624999999999998e-05,0.1199916249999999,1.6624999999999998e-05,0.089391625,1.6624999999999998e-05,0.008981625,1.6624999999999998e-05,1.6624999999999998e-05,0.098801625,1.015471625,1.6624999999999998e-05,0.025601625,0.009311625,0.0269516249999999,1.6624999999999998e-05,1.6624999999999998e-05,0.203211625,1.6624999999999998e-05,1.375521625,1.6624999999999998e-05,1.6624999999999998e-05,0.101181625,1.6624999999999998e-05,0.0384716249999999,1.6624999999999998e-05,1.6624999999999998e-05,1.6624999999999998e-05,1.6624999999999998e-05,1.6624999999999998e-05,0.025221624999999998,1.6624999999999998e-05,1.6624999999999998e-05,1.6624999999999998e-05,1.6624999999999998e-05,1.6624999999999998e-05,1.6624999999999998e-05,1.6624999999999998e-05,1.6624999999999998e-05,1.6624999999999998e-05,1.6624999999999998e-05,1.6624999999999998e-05,1.6624999999999998e-05,0.133441625,1.6624999999999998e-05,0.009581625,1.6624999999999998e-05,1.6624999999999998e-05,0.0595116249999999,1.6624999999999998e-05,1.6624999999999998e-05,1.6624999999999998e-05,0.027421624999999998,0.116971625,0.0020916249999999997,0.0300216249999999,0.040141625,1.6624999999999998e-05,1.6624999999999998e-05,1.6624999999999998e-05,1.6624999999999998e-05,0.057591625,0.339621625,1.6624999999999998e-05,1.6624999999999998e-05,1.6624999999999998e-05,1.6624999999999998e-05,1.6624999999999998e-05,1.6624999999999998e-05,1.6624999999999998e-05,1.6624999999999998e-05,1.6624999999999998e-05,1.6624999999999998e-05,0.217691625,0.081001625,1.6624999999999998e-05,0.0287216249999999,1.6624999999999998e-05,1.6624999999999998e-05,0.022131625,1.6624999999999998e-05,1.6624999999999998e-05,5.866011624999982
37082_2#28,0.24872055,2.5549999999999998e-05,2.5549999999999998e-05,0.37180054999999995,0.96970055,2.5549999999999998e-05,1.29830055,0.69159055,2.5549999999999998e-05,12.92119055,0.021300549999999998,0.35953055,0.98436055,0.05873055,0.04704055,0.11117055,0.5609205500000001,0.007520549999999899,0.31114054999999996,1.25607055,0.10589055,2.5549999999999998e-05,0.5653005500000001,3.9882105500000002,0.41787054999999995,0.6800405500000001,0.22636055,0.64899055,0.27004055,2.5549999999999998e-05,2.5549999999999998e-05,0.047070549999999996,1.17628055,2.5549999999999998e-05,0.1696005499999999,2.5549999999999998e-05,0.07769055000000001,0.0643705499999999,0.056580549999999896,0.00527055,2.5549999999999998e-05,0.01809055,0.0483805499999999,0.67307055,0.01915055,2.5549999999999998e-05,0.22711055,9.87306055,2.5549999999999998e-05,0.30411055,0.01314055,0.30777055,0.05356055,1.26951055,0.8305005500000001,0.27050054999999995,0.0300105499999999,0.4623805499999999,2.5549999999999998e-05,1.45801055,0.08983055000000001,0.031410549999999995,0.92506055,0.29474055,5.00847055,0.62209055,0.18209055000000002,0.14964055,5.9770505499999995,0.06968055000000001,0.005810549999999999,0.038030549999999996,0.05633055,2.5549999999999998e-05,2.5549999999999998e-05,0.23774055,5.38863055,1.0251605499999998,0.2802105499999999,2.5549999999999998e-05,0.35665054999999996,4.99538055,0.29932054999999996,0.044260549999999996,0.03949055,0.00729055,0.01082055,0.02475055,0.047910549999999996,0.030000549999999997,0.021220549999999998,0.02483055,0.0050405499999999995,0.00965055,0.041110549999999996,2.5549999999999998e-05,0.02644055,0.0189605499999999,0.04996055,0.12712055,0.52712055,0.02690055,0.57303055,0.11904055000000001,0.02027055,0.0172605499999999,0.08430055,0.32849055,2.5549999999999998e-05,2.5549999999999998e-05,2.5549999999999998e-05,0.30383055,2.5549999999999998e-05,0.38923054999999995,0.07130055,0.01200055,0.36348054999999996,0.00494055,0.38899055,1.0213005499999999,0.0464105499999999,0.10975055,0.10302055,0.09709055000000001,0.25392054999999997,0.025130549999999998,0.0144605499999999,0.25002054999999995,0.06902055,2.5549999999999998e-05,2.5549999999999998e-05,0.03847055,0.01702055,2.5549999999999998e-05,2.5549999999999998e-05,2.5549999999999998e-05,0.16383055000000002,0.0192005499999999,2.5549999999999998e-05,2.66029055,2.5549999999999998e-05,0.84789055,2.5549999999999998e-05,2.5549999999999998e-05,2.5549999999999998e-05,0.59683055,1.72462055,0.48776054999999996,0.011130550000000001,2.5549999999999998e-05,0.17766055,2.5549999999999998e-05,2.5549999999999998e-05,0.03353055,2.5549999999999998e-05,0.09807055,0.14851055000000002,2.5549999999999998e-05,0.11204055,2.5549999999999998e-05,0.12422055,0.03348055,0.47668054999999987,0.04468055,0.58367055,0.01557055,0.05288055,2.5549999999999998e-05,2.5549999999999998e-05,0.2026005499999999,2.5549999999999998e-05,0.08394055,0.0003305499999999,0.00363055,0.01575055,2.5549999999999998e-05,2.5549999999999998e-05,2.5549999999999998e-05,0.01408055,2.5549999999999998e-05,0.2085605499999999,2.5549999999999998e-05,2.5549999999999998e-05,2.5549999999999998e-05,0.00954055,2.5549999999999998e-05,2.5549999999999998e-05,2.5549999999999998e-05,0.03070055,2.5549999999999998e-05,0.01469055,0.014490550000000001,0.08175055,2.5549999999999998e-05,0.36199054999999997,0.043560549999999996,0.08490055,2.5549999999999998e-05,2.5549999999999998e-05,14.000540550000004
37082_2#29,2.3624999999999998e-05,2.3624999999999998e-05,2.3624999999999998e-05,0.24847862499999998,0.170228625,2.3624999999999998e-05,0.8298086250000001,5.403038625000001,2.3624999999999998e-05,7.711048625000001,2.3624999999999998e-05,0.166648625,0.477538625,2.3624999999999998e-05,0.022618625,2.3624999999999998e-05,0.21597862499999998,2.3624999999999998e-05,0.151548625,0.23090862499999998,0.055228624999999996,2.3624999999999998e-05,0.121528625,0.514618625,2.3624999999999998e-05,0.058728625,3.7635986249999998,0.069688625,0.002218625,2.3624999999999998e-05,2.3624999999999998e-05,2.3624999999999998e-05,0.7138786249999999,2.3624999999999998e-05,0.028438625,2.3624999999999998e-05,0.035988624999999996,0.018068624999999998,0.047868625,2.3624999999999998e-05,0.011288625,0.2757586249999999,0.192578625,0.0246586249999999,2.3624999999999998e-05,2.3624999999999998e-05,0.070378625,4.226768625000001,0.002628625,2.3624999999999998e-05,0.0865286249999999,0.009248625,0.044008624999999996,0.31288862500000003,0.277858625,0.056238625,0.178058625,0.008258625,0.254128625,0.384188625,0.129378625,0.19893862499999998,2.3624999999999998e-05,0.428428625,0.196678625,2.5657086249999996,0.033978625,4.506758625000001,0.241498625,2.3624999999999998e-05,0.000528625,0.014998624999999901,0.019178624999999998,1.3111786250000002,1.1377786250000002,0.023588625,0.482488625,0.387068625,0.017788625,0.055458625,0.909998625,1.576858625,0.105908625,0.513198625,0.890378625,0.0551786249999999,0.046198625,0.004038625,0.019828625,0.0025686249999999997,2.3624999999999998e-05,2.3624999999999998e-05,0.013438625000000001,2.3624999999999998e-05,0.059538625,0.862688625,2.8820086249999997,2.3624999999999998e-05,0.1219686249999999,0.045218625,0.012298625,2.3624999999999998e-05,0.249688625,0.11402862500000001,0.027138625,0.15819862499999998,0.196908625,0.034538624999999996,2.3624999999999998e-05,0.007688625,2.3624999999999998e-05,1.143588625,2.3624999999999998e-05,2.3624999999999998e-05,0.002818625,0.013448625,2.3624999999999998e-05,0.033288625,0.117918625,0.190958625,0.053948625,0.037638625,0.295588625,2.3624999999999998e-05,0.004078625,0.147838625,0.041948624999999996,0.082008625,0.023378625,0.0009486249999999,2.3624999999999998e-05,2.3624999999999998e-05,0.037318625,2.3624999999999998e-05,2.3624999999999998e-05,2.3624999999999998e-05,2.3624999999999998e-05,2.3624999999999998e-05,2.3624999999999998e-05,0.149998625,0.029698625,2.651688625,0.44300862499999993,0.07270862500000001,0.000278625,0.070898625,0.29351862500000003,0.0263786249999999,0.6367786249999999,0.121308625,0.169838625,2.3624999999999998e-05,2.3624999999999998e-05,0.020388625,2.3624999999999998e-05,0.028748625,0.200458625,0.09354862500000001,0.17154862499999998,0.0113486249999999,2.3624999999999998e-05,0.119618625,2.3624999999999998e-05,0.0042786249999999,0.021598625,0.025578625,2.3624999999999998e-05,0.063758625,0.018428625,0.016208624999999997,0.021688625,2.3624999999999998e-05,2.3624999999999998e-05,0.011288625,2.3624999999999998e-05,2.3624999999999998e-05,0.064758625,2.3624999999999998e-05,0.022308625,0.014598625,0.006038625,2.3624999999999998e-05,2.3624999999999998e-05,2.3624999999999998e-05,2.3624999999999998e-05,2.3624999999999998e-05,2.3624999999999998e-05,2.3624999999999998e-05,2.3624999999999998e-05,0.669608625,2.3624999999999998e-05,0.012298625,2.3624999999999998e-05,19.794648625,0.07435862500000001,2.3624999999999998e-05,0.011018625,2.3624999999999998e-05,2.3624999999999998e-05,23.473418625000026
37082_2#2,2.04316635,0.00108635,0.64753635,0.68095635,2.4750863499999998,0.84612635,0.49094635000000003,9.75675635,0.16685635,13.41016635,2.1349999999999997e-05,0.50718635,1.08273635,1.32595635,0.00162635,2.1349999999999997e-05,1.4570963499999998,0.01288635,0.06544635,1.7595363499999999,0.48711635000000003,0.53457635,0.09159634999999999,0.41525635,0.21420635,5.36311635,2.7633863499999998,0.10392635,0.005596350000000001,0.02094635,0.35095635000000003,1.28087635,1.63343635,0.07775635,2.1349999999999997e-05,0.06823635,0.06638635,0.95202635,0.60842635,2.1349999999999997e-05,0.05278635,2.1349999999999997e-05,2.1349999999999997e-05,2.1349999999999997e-05,2.1349999999999997e-05,2.1349999999999997e-05,0.49629635,7.69532635,0.30183635000000003,2.1349999999999997e-05,2.1349999999999997e-05,2.1349999999999997e-05,0.11987634999999999,1.45592635,1.39318635,2.1349999999999997e-05,2.1349999999999997e-05,0.23932635,2.1349999999999997e-05,1.20033635,0.14575635,0.18184635,2.1349999999999997e-05,0.90619635,0.36673635000000004,2.1349999999999997e-05,0.79641635,0.21264634999999998,2.39002635,2.1349999999999997e-05,0.00392635,0.01363635,0.0246463499999999,2.1349999999999997e-05,2.1349999999999997e-05,2.1349999999999997e-05,2.50222635,0.66757635,0.28511635,2.1349999999999997e-05,0.02238635,3.39605635,2.1349999999999997e-05,2.1349999999999997e-05,0.62237635,2.1349999999999997e-05,0.05660635,0.0084463499999999,2.1349999999999997e-05,0.00326635,2.1349999999999997e-05,2.1349999999999997e-05,2.1349999999999997e-05,0.0007563499999999999,2.1349999999999997e-05,0.26938635,2.1349999999999997e-05,2.1349999999999997e-05,0.02955635,2.1349999999999997e-05,0.34178635,2.1349999999999997e-05,0.03184635,0.01784635,2.1349999999999997e-05,2.1349999999999997e-05,0.1159963499999999,2.1349999999999997e-05,2.1349999999999997e-05,0.14637635,0.056846350000000004,0.80058635,0.01983635,2.1349999999999997e-05,2.1349999999999997e-05,0.0010963499999998999,2.1349999999999997e-05,2.1349999999999997e-05,0.07794635,0.26911635,0.034866350000000004,0.00166635,2.1349999999999997e-05,2.1349999999999997e-05,0.28514634999999994,2.1349999999999997e-05,2.1349999999999997e-05,2.1349999999999997e-05,0.05600635,2.1349999999999997e-05,2.1349999999999997e-05,2.1349999999999997e-05,0.00256635,0.00896635,2.1349999999999997e-05,2.1349999999999997e-05,2.1349999999999997e-05,0.18532635,2.1349999999999997e-05,0.28614634999999994,2.1349999999999997e-05,2.1349999999999997e-05,2.1349999999999997e-05,0.060966349999999905,0.7277963500000001,0.04090635,0.03358635,2.1349999999999997e-05,0.28164634999999993,2.1349999999999997e-05,0.03725635,0.48862634999999993,0.12305635,0.041866350000000004,2.1349999999999997e-05,0.08169635,0.06731635,0.54253635,2.1349999999999997e-05,0.80035635,4.09481635,0.00880635,0.55309635,0.02341635,0.0006663499999998999,2.1349999999999997e-05,0.06786634999999999,2.1349999999999997e-05,0.015196349999999999,2.1349999999999997e-05,2.1349999999999997e-05,0.00263635,2.1349999999999997e-05,2.1349999999999997e-05,0.0141063499999999,0.00258635,2.1349999999999997e-05,0.36257635000000005,2.1349999999999997e-05,2.1349999999999997e-05,0.00226635,0.031496350000000006,2.1349999999999997e-05,0.037156350000000005,0.04774635,0.28720635,2.1349999999999997e-05,0.0410763499999999,2.1349999999999997e-05,2.1349999999999997e-05,2.1349999999999997e-05,2.1349999999999997e-05,0.39670634999999993,2.1349999999999997e-05,0.03594635,0.31531635,2.1349999999999997e-05,0.0539763499999999,0.0295763499999999,9.87704634999995
37082_2#30,2.4674999999999997e-05,2.4674999999999997e-05,2.4674999999999997e-05,0.115719675,1.145639675,0.046069675000000004,2.525419675,4.0159596749999995,0.026359674999999902,8.261899675,2.4674999999999997e-05,0.784639675,0.973109675,2.4674999999999997e-05,0.0013596749999999999,0.031009675,1.1650396749999998,0.045489675,0.157239675,0.8262196749999999,0.013519675,2.4674999999999997e-05,0.152799675,8.293859675,0.058759675000000004,1.120349675,1.1939196749999998,0.269199675,0.1650496749999999,2.4674999999999997e-05,2.4674999999999997e-05,2.4674999999999997e-05,0.09826967499999989,2.4674999999999997e-05,0.098389675,2.4674999999999997e-05,0.36028967500000003,2.4674999999999997e-05,0.08737967499999999,2.4674999999999997e-05,0.011759674999999999,2.543649675,0.001219675,2.4674999999999997e-05,0.028399675000000003,2.4674999999999997e-05,0.005639674999999999,1.204369675,0.4843296749999999,0.235069675,2.4674999999999997e-05,0.1335996749999999,0.088549675,3.4243596750000003,0.911629675,0.033319675,0.34496967500000003,0.10759967499999999,0.958869675,0.254489675,0.024589675000000002,0.628479675,0.037649675,0.484089675,1.496669675,5.248609675,0.09320967499999999,0.450249675,0.477929675,0.679139675,0.167139675,0.001749675,2.4674999999999997e-05,0.9270896750000001,0.0588296749999999,1.313349675,0.021319675,0.027769675,0.08024967499999999,2.4674999999999997e-05,0.062409675000000005,0.450629675,0.45493967500000004,0.051089675,0.553999675,2.4674999999999997e-05,2.4674999999999997e-05,0.019969675000000003,0.073839675,0.0072496749999999,0.049629675,0.021459675,0.206229675,2.4674999999999997e-05,0.647479675,0.08683967499999999,3.398009675,0.007379675,0.089149675,0.006409675,0.159579675,0.174909675,0.126119675,0.277469675,0.043729675,0.343299675,0.190289675,0.996119675,0.023299675000000002,2.4674999999999997e-05,2.4674999999999997e-05,0.226699675,0.033999675,2.4674999999999997e-05,2.4674999999999997e-05,0.059699675,0.062739675,0.20015967499999998,0.148689675,0.12442967499999999,0.047759675,0.08500967499999999,0.006969675,0.017249675000000003,2.4674999999999997e-05,2.4674999999999997e-05,0.186689675,0.776039675,0.058969675,0.014619675,2.4674999999999997e-05,0.611829675,0.057089675,2.4674999999999997e-05,0.001469675,2.4674999999999997e-05,0.26526967500000004,2.4674999999999997e-05,2.4674999999999997e-05,0.336739675,2.4674999999999997e-05,0.40281967500000004,0.030519675000000003,2.4674999999999997e-05,0.018159675,0.033189675,0.048689675,2.4674999999999997e-05,0.007569675,2.4674999999999997e-05,0.046439675,0.019149675,0.026669675,0.032249675,2.4674999999999997e-05,2.4674999999999997e-05,2.4674999999999997e-05,0.932909675,0.07055967499999999,0.1148496749999999,2.4674999999999997e-05,0.49323967500000004,0.066699675,2.4674999999999997e-05,0.39814967500000004,0.248139675,2.4674999999999997e-05,0.029419675000000003,0.096569675,2.4674999999999997e-05,0.008199675,2.4674999999999997e-05,2.4674999999999997e-05,0.001339675,2.4674999999999997e-05,2.4674999999999997e-05,0.0035196749999999,2.4674999999999997e-05,0.116209675,0.548159675,0.08354967499999999,2.4674999999999997e-05,2.4674999999999997e-05,2.4674999999999997e-05,2.4674999999999997e-05,2.4674999999999997e-05,2.4674999999999997e-05,2.4674999999999997e-05,2.4674999999999997e-05,0.285389675,0.014779674999999999,0.081999675,2.4674999999999997e-05,2.010959675,0.013769675,0.022069675,0.0149996749999999,2.4674999999999997e-05,2.4674999999999997e-05,26.81104967499998
37082_2#31,1.5399999999999998e-05,0.1773004,1.5399999999999998e-05,0.47415039999999997,0.039720399999999996,1.5399999999999998e-05,11.7412604,0.1333704,0.0905604,0.6554104000000001,0.19416039999999998,6.5071904,1.5399999999999998e-05,1.5399999999999998e-05,0.0921704,5.719110400000001,4.8991204,1.5399999999999998e-05,1.5399999999999998e-05,0.24350039999999998,0.0008104,1.5399999999999998e-05,0.056400399999999996,0.4110203999999999,0.0429504,0.1296104,3.1050904,1.5399999999999998e-05,5.9568503999999995,1.5399999999999998e-05,0.022820399999999998,1.5399999999999998e-05,0.0020704,1.5399999999999998e-05,1.9547104000000002,1.5399999999999998e-05,0.0168903999999999,0.0023404000000000003,1.5399999999999998e-05,1.5399999999999998e-05,1.5399999999999998e-05,1.5399999999999998e-05,0.0357804,1.5399999999999998e-05,1.5399999999999998e-05,0.0731604,0.024430399999999998,0.25767039999999997,1.5399999999999998e-05,1.5399999999999998e-05,1.5399999999999998e-05,1.5399999999999998e-05,1.5399999999999998e-05,9.6833904,3.6999104000000003,2.4231404000000003,0.2029404,1.5399999999999998e-05,0.015860399999999997,0.06265040000000001,1.3949104,1.5399999999999998e-05,1.5399999999999998e-05,1.5399999999999998e-05,0.0126204,0.0397604,0.0322504,1.0107304000000001,1.5399999999999998e-05,1.5399999999999998e-05,1.5399999999999998e-05,1.5399999999999998e-05,1.5399999999999998e-05,1.5399999999999998e-05,1.5399999999999998e-05,0.0115704,0.0043004,1.5399999999999998e-05,1.5399999999999998e-05,0.017210399999999997,0.0052904,1.5399999999999998e-05,5.6267404,0.0083804,0.00038040000000000003,0.23035039999999998,1.5399999999999998e-05,1.5399999999999998e-05,0.4644604,1.5399999999999998e-05,0.009370400000000001,1.5399999999999998e-05,1.5399999999999998e-05,1.5399999999999998e-05,1.5399999999999998e-05,1.5399999999999998e-05,0.6844804,1.5399999999999998e-05,0.0516704,0.9836404,1.5399999999999998e-05,1.5399999999999998e-05,0.2138003999999999,1.5399999999999998e-05,0.022310399999999998,1.5399999999999998e-05,1.5399999999999998e-05,2.0153104,0.26672039999999997,1.5399999999999998e-05,1.5399999999999998e-05,1.5399999999999998e-05,1.5399999999999998e-05,1.5399999999999998e-05,0.5628704,1.5399999999999998e-05,1.5399999999999998e-05,1.5399999999999998e-05,1.5399999999999998e-05,0.0020004000000000003,1.5399999999999998e-05,0.0428804,0.4159304,0.0109604,0.0038103999999999,1.5399999999999998e-05,0.1274804,0.5407004,0.029540399999999998,0.12530039999999998,0.06358040000000001,0.2514904,1.5399999999999998e-05,1.5399999999999998e-05,0.14098039999999998,1.5399999999999998e-05,1.5399999999999998e-05,1.5399999999999998e-05,1.5399999999999998e-05,0.0697904,0.06930040000000001,0.035140399999999995,0.018060399999999997,1.5399999999999998e-05,1.5399999999999998e-05,1.5399999999999998e-05,1.5399999999999998e-05,1.5399999999999998e-05,1.5399999999999998e-05,0.23312039999999998,1.5399999999999998e-05,1.5399999999999998e-05,0.0565404,1.5399999999999998e-05,1.5399999999999998e-05,1.5399999999999998e-05,1.5399999999999998e-05,1.5399999999999998e-05,1.5399999999999998e-05,1.5399999999999998e-05,1.5399999999999998e-05,1.5399999999999998e-05,1.5399999999999998e-05,1.5399999999999998e-05,1.5399999999999998e-05,0.4138003999999999,1.5399999999999998e-05,1.5399999999999998e-05,1.5399999999999998e-05,1.5399999999999998e-05,0.0141604,0.0019203999999998999,0.3199604,1.5399999999999998e-05,1.5399999999999998e-05,1.5399999999999998e-05,1.5399999999999998e-05,1.5399999999999998e-05,1.5399999999999998e-05,0.1291004,1.5399999999999998e-05,1.5399999999999998e-05,1.5399999999999998e-05,1.5399999999999998e-05,1.5399999999999998e-05,1.5399999999999998e-05,1.5399999999999998e-05,1.5399999999999998e-05,1.5399999999999998e-05,5.7105404,3.5623604,0.16566039999999999,0.0056704,0.3826503999999999,1.5399999999999998e-05,0.2241104,1.5399999999999998e-05,1.5399999999999998e-05,1.5399999999999998e-05,14.015080400000002
37082_2#32,1.9074999999999996e-05,1.9074999999999996e-05,1.9074999999999996e-05,1.045694075,1.9074999999999996e-05,1.9074999999999996e-05,6.935154075,0.021944075,0.0296240749999999,0.500744075,0.400464075,0.8455440750000001,1.9074999999999996e-05,1.9074999999999996e-05,1.9074999999999996e-05,1.093444075,1.193404075,1.9074999999999996e-05,0.002434075,0.054534075,1.9074999999999996e-05,1.9074999999999996e-05,0.165154075,0.045554075,1.9074999999999996e-05,0.010964075,2.535394075,0.038974075,0.595904075,1.9074999999999996e-05,0.036144075,1.9074999999999996e-05,0.040514075,1.9074999999999996e-05,0.145064075,1.9074999999999996e-05,1.9074999999999996e-05,0.009744075,1.9074999999999996e-05,1.9074999999999996e-05,1.9074999999999996e-05,1.9074999999999996e-05,0.113544075,1.9074999999999996e-05,1.9074999999999996e-05,0.002354075,1.9074999999999996e-05,0.2752540749999999,1.9074999999999996e-05,0.039934075,0.013174075,1.9074999999999996e-05,1.9074999999999996e-05,5.628224075,0.005824075,0.286624075,0.37962407499999995,1.9074999999999996e-05,0.33345407499999996,0.037434075,0.42377407499999986,0.001714075,0.088534075,0.009814075,0.108504075,0.053024075,0.0519740749999999,0.5935040749999999,0.016364075,1.9074999999999996e-05,1.9074999999999996e-05,1.9074999999999996e-05,1.9074999999999996e-05,0.052834075,0.198224075,0.073434075,0.071214075,1.9074999999999996e-05,1.9074999999999996e-05,1.9074999999999996e-05,1.9074999999999996e-05,0.6854740749999999,6.044174075000001,0.0126140749999999,0.0095440749999999,0.079444075,1.9074999999999996e-05,1.9074999999999996e-05,0.230944075,1.9074999999999996e-05,0.157394075,1.9074999999999996e-05,1.9074999999999996e-05,1.9074999999999996e-05,1.9074999999999996e-05,1.9074999999999996e-05,0.102834075,1.9074999999999996e-05,0.1115440749999999,0.46302407499999987,0.0261040749999999,0.004124075,0.236094075,1.9074999999999996e-05,0.097944075,1.9074999999999996e-05,0.002104075,0.026564075,0.183714075,1.9074999999999996e-05,1.9074999999999996e-05,0.064594075,0.005154075,1.9074999999999996e-05,0.103734075,1.9074999999999996e-05,1.9074999999999996e-05,0.079574075,0.002664075,1.9074999999999996e-05,1.9074999999999996e-05,0.039994075,0.111074075,1.9074999999999996e-05,1.9074999999999996e-05,1.9074999999999996e-05,1.9074999999999996e-05,2.211944075,0.019944075,1.9074999999999996e-05,1.9074999999999996e-05,0.217614075,1.9074999999999996e-05,1.9074999999999996e-05,0.31274407499999995,1.9074999999999996e-05,0.226774075,0.157754075,0.243384075,1.333434075,0.000884075,0.437834075,0.026934075000000002,0.003054075,1.336544075,0.38612407499999996,0.239594075,1.9074999999999996e-05,0.017524075,0.618934075,1.9074999999999996e-05,0.0143540749999999,1.9074999999999996e-05,1.9074999999999996e-05,1.9074999999999996e-05,1.9074999999999996e-05,0.002444075,0.002464075,1.9074999999999996e-05,0.7538540749999999,1.9074999999999996e-05,0.002604075,1.9074999999999996e-05,1.9074999999999996e-05,1.9074999999999996e-05,0.27872407499999996,1.9074999999999996e-05,1.9074999999999996e-05,0.029014075,0.36632407499999997,0.007294075,0.032774075,0.692084075,0.0098940749999999,1.9074999999999996e-05,1.9074999999999996e-05,0.024384075,1.9074999999999996e-05,0.053794075,0.082704075,0.0033240749999999,1.9074999999999996e-05,1.9074999999999996e-05,1.9074999999999996e-05,1.9074999999999996e-05,1.9074999999999996e-05,1.9074999999999996e-05,1.9074999999999996e-05,1.9074999999999996e-05,0.023174075,1.626724075,0.47615407499999995,1.9074999999999996e-05,0.5052840749999999,0.049984075,4.239374075000001,1.9074999999999996e-05,1.9074999999999996e-05,1.9074999999999996e-05,49.44533407500003
37082_2#3,4.611053575000001,1.861723575,1.840673575,0.570033575,7.421703575,1.871773575,5.072623575000001,1.790533575,8.574999999999998e-06,20.921573575,0.144193575,8.574999999999998e-06,0.588683575,0.38582357500000003,8.574999999999998e-06,0.2319435749999999,0.054423575,0.352743575,8.574999999999998e-06,0.6562135749999999,0.060043575,0.137353575,10.165283575,0.5046835749999999,0.4425935749999999,3.059973575,1.053103575,0.019253575,0.013463575,0.170283575,8.574999999999998e-06,8.574999999999998e-06,0.219883575,8.574999999999998e-06,0.4077435749999999,8.574999999999998e-06,2.0760035749999997,8.574999999999998e-06,0.11257357500000001,0.140593575,0.158223575,8.574999999999998e-06,0.024513575,8.574999999999998e-06,8.574999999999998e-06,0.060533575000000006,8.574999999999998e-06,8.574999999999998e-06,19.011703575,8.574999999999998e-06,8.574999999999998e-06,8.574999999999998e-06,8.574999999999998e-06,8.574999999999998e-06,8.574999999999998e-06,8.574999999999998e-06,8.574999999999998e-06,8.574999999999998e-06,8.574999999999998e-06,8.574999999999998e-06,0.051893575000000004,8.574999999999998e-06,8.574999999999998e-06,8.574999999999998e-06,0.099983575,8.574999999999998e-06,8.574999999999998e-06,0.081773575,8.574999999999998e-06,0.0214835749999999,8.574999999999998e-06,8.574999999999998e-06,8.574999999999998e-06,8.574999999999998e-06,8.574999999999998e-06,8.574999999999998e-06,0.057013575000000004,8.574999999999998e-06,8.574999999999998e-06,8.574999999999998e-06,8.574999999999998e-06,8.574999999999998e-06,8.574999999999998e-06,8.574999999999998e-06,8.574999999999998e-06,0.088573575,8.574999999999998e-06,8.574999999999998e-06,8.574999999999998e-06,8.574999999999998e-06,8.574999999999998e-06,8.574999999999998e-06,8.574999999999998e-06,8.574999999999998e-06,8.574999999999998e-06,8.574999999999998e-06,8.574999999999998e-06,8.574999999999998e-06,8.574999999999998e-06,8.574999999999998e-06,8.574999999999998e-06,8.574999999999998e-06,0.0246435749999999,8.574999999999998e-06,8.574999999999998e-06,8.574999999999998e-06,8.574999999999998e-06,8.574999999999998e-06,8.574999999999998e-06,8.574999999999998e-06,0.004153575,8.574999999999998e-06,8.574999999999998e-06,8.574999999999998e-06,8.574999999999998e-06,8.574999999999998e-06,8.574999999999998e-06,8.574999999999998e-06,8.574999999999998e-06,3.292483575,8.574999999999998e-06,8.574999999999998e-06,0.035123575000000004,8.574999999999998e-06,8.574999999999998e-06,8.574999999999998e-06,8.574999999999998e-06,8.574999999999998e-06,8.574999999999998e-06,8.574999999999998e-06,8.574999999999998e-06,8.574999999999998e-06,8.574999999999998e-06,8.574999999999998e-06,8.574999999999998e-06,0.104563575,8.574999999999998e-06,8.574999999999998e-06,8.574999999999998e-06,8.574999999999998e-06,8.574999999999998e-06,8.574999999999998e-06,8.574999999999998e-06,8.574999999999998e-06,8.574999999999998e-06,8.574999999999998e-06,8.574999999999998e-06,8.574999999999998e-06,8.574999999999998e-06,8.574999999999998e-06,8.574999999999998e-06,0.112153575,8.574999999999998e-06,8.574999999999998e-06,8.574999999999998e-06,8.574999999999998e-06,8.574999999999998e-06,8.574999999999998e-06,8.574999999999998e-06,8.574999999999998e-06,8.574999999999998e-06,8.574999999999998e-06,8.574999999999998e-06,8.574999999999998e-06,8.574999999999998e-06,8.574999999999998e-06,8.574999999999998e-06,8.574999999999998e-06,8.574999999999998e-06,8.574999999999998e-06,8.574999999999998e-06,8.574999999999998e-06,8.574999999999998e-06,8.574999999999998e-06,8.574999999999998e-06,8.574999999999998e-06,8.574999999999998e-06,8.574999999999998e-06,8.574999999999998e-06,8.574999999999998e-06,8.574999999999998e-06,8.574999999999998e-06,8.574999999999998e-06,8.574999999999998e-06,8.574999999999998e-06,8.574999999999998e-06,0.092143575,8.574999999999998e-06,8.574999999999998e-06,8.574999999999998e-06,8.574999999999998e-06,8.574999999999998e-06,8.574999999999998e-06,8.574999999999998e-06,8.574999999999998e-06,8.574999999999998e-06,8.574999999999998e-06,8.574999999999998e-06,8.574999999999998e-06,9.719193575
37082_2#5,0.4953369,3.5388169,0.7631668999999999,5.2723269,2.0383069000000003,0.6662369,3.6758769,2.4286569,1.1899999999999998e-05,10.6915469,1.5137669,13.5089769,17.7766869,0.0905169,1.1899999999999998e-05,1.5714069000000002,4.2945269,0.0822969,0.8661369,6.781306900000001,0.0573769,0.0973769,1.1487869000000002,0.6490469,0.7874168999999999,2.3390369,0.7791068999999999,0.1260669,0.1227969,0.2522569,1.1899999999999998e-05,0.1716169,1.2277969,0.0010168999999999998,0.0089569,0.0032669,0.0678869,1.1899999999999998e-05,0.1229368999999999,1.7699169000000001,1.1899999999999998e-05,1.1899999999999998e-05,1.1899999999999998e-05,1.1899999999999998e-05,0.024176899999999998,1.1899999999999998e-05,1.1899999999999998e-05,0.5627069,0.3747069,1.6685169,1.1899999999999998e-05,1.1899999999999998e-05,1.1899999999999998e-05,0.0382969,1.1899999999999998e-05,1.1899999999999998e-05,1.1899999999999998e-05,0.0142169,1.1899999999999998e-05,0.0368169,0.9422469,0.11071690000000001,1.1899999999999998e-05,1.1899999999999998e-05,0.0065868999999999,1.1899999999999998e-05,1.1899999999999998e-05,0.14724690000000001,0.1888869,1.1899999999999998e-05,1.1899999999999998e-05,1.1899999999999998e-05,1.1899999999999998e-05,1.1899999999999998e-05,1.1899999999999998e-05,1.1899999999999998e-05,0.1127269,1.1899999999999998e-05,1.1899999999999998e-05,1.1899999999999998e-05,1.1899999999999998e-05,1.1899999999999998e-05,1.1899999999999998e-05,1.1899999999999998e-05,1.1899999999999998e-05,0.0121368999999999,1.1899999999999998e-05,1.1899999999999998e-05,1.1899999999999998e-05,1.1899999999999998e-05,1.1899999999999998e-05,1.1899999999999998e-05,1.1899999999999998e-05,1.1899999999999998e-05,1.1899999999999998e-05,2.1037169000000002,1.1899999999999998e-05,1.1899999999999998e-05,0.030826899999999997,1.1899999999999998e-05,1.1899999999999998e-05,1.1899999999999998e-05,0.0425469,1.1899999999999998e-05,1.1899999999999998e-05,1.1899999999999998e-05,1.1899999999999998e-05,1.1899999999999998e-05,1.1899999999999998e-05,1.1899999999999998e-05,0.008896900000000001,0.1587769,1.1899999999999998e-05,1.1899999999999998e-05,1.1899999999999998e-05,1.1899999999999998e-05,1.1899999999999998e-05,1.1899999999999998e-05,1.1899999999999998e-05,0.0151669,1.1899999999999998e-05,1.1899999999999998e-05,1.1899999999999998e-05,1.1899999999999998e-05,0.1126669,1.1899999999999998e-05,1.1899999999999998e-05,1.1899999999999998e-05,1.1899999999999998e-05,1.1899999999999998e-05,1.1899999999999998e-05,1.1899999999999998e-05,1.1899999999999998e-05,0.0374169,1.1899999999999998e-05,0.0851369,0.0192669,1.1899999999999998e-05,1.1899999999999998e-05,1.1899999999999998e-05,1.1899999999999998e-05,1.1899999999999998e-05,1.1899999999999998e-05,1.1899999999999998e-05,1.1899999999999998e-05,1.1899999999999998e-05,1.1899999999999998e-05,1.1899999999999998e-05,1.1899999999999998e-05,1.1899999999999998e-05,0.0056769,0.3259669,1.1899999999999998e-05,1.1899999999999998e-05,0.0642069,1.1899999999999998e-05,1.1899999999999998e-05,1.1899999999999998e-05,1.1899999999999998e-05,0.049726900000000004,0.1701569,1.1899999999999998e-05,1.1899999999999998e-05,1.1899999999999998e-05,1.1899999999999998e-05,1.1899999999999998e-05,1.1899999999999998e-05,1.1899999999999998e-05,1.1899999999999998e-05,1.1899999999999998e-05,1.1899999999999998e-05,1.1899999999999998e-05,1.1899999999999998e-05,1.1899999999999998e-05,1.1899999999999998e-05,1.1899999999999998e-05,1.1899999999999998e-05,1.1899999999999998e-05,1.1899999999999998e-05,1.1899999999999998e-05,1.1899999999999998e-05,1.1899999999999998e-05,0.023156899999999998,1.1899999999999998e-05,1.1899999999999998e-05,1.1899999999999998e-05,0.0063369,1.1899999999999998e-05,1.1899999999999998e-05,1.1899999999999998e-05,1.1899999999999998e-05,1.1899999999999998e-05,1.1899999999999998e-05,1.1899999999999998e-05,1.1899999999999998e-05,1.1899999999999998e-05,1.1899999999999998e-05,1.1899999999999998e-05,1.1899999999999998e-05,6.7102369
37082_2#6,1.3667483,1.1167383,2.6882783,0.5797682999999999,1.1994283,0.5240883000000001,1.2149082999999998,3.1992183,0.0348182999999999,28.6796983,0.0374183,1.2442183,30.8257683,0.0058782999999999995,1.3300000000000001e-05,0.3420183,1.3355782999999999,1.3300000000000001e-05,1.9982083,1.1228683,0.3237183,0.4993383,0.7675282999999999,0.1684483,0.6633083,0.7634483,0.9230883,0.0331583,0.004648299999999999,0.2288683,0.0116983,1.1841983,0.4122883,0.1165783,0.0232083,0.08232830000000001,0.3609383,0.0026682999999999,1.3300000000000001e-05,0.0035383,0.0098983,1.3300000000000001e-05,1.3300000000000001e-05,1.3300000000000001e-05,0.0011883,1.3300000000000001e-05,1.3300000000000001e-05,1.4379883,0.1084583,0.0084883,1.3300000000000001e-05,1.3300000000000001e-05,1.3300000000000001e-05,1.3300000000000001e-05,1.3300000000000001e-05,1.3300000000000001e-05,1.3300000000000001e-05,0.0249683,1.3300000000000001e-05,0.007928300000000001,0.49318829999999997,0.22584829999999997,1.3300000000000001e-05,1.3300000000000001e-05,0.2594683,1.3300000000000001e-05,1.3300000000000001e-05,0.3211482999999999,0.0368883,1.3300000000000001e-05,1.3300000000000001e-05,1.3300000000000001e-05,1.3300000000000001e-05,0.013718300000000001,1.3300000000000001e-05,1.3300000000000001e-05,0.6195183,1.3300000000000001e-05,1.3300000000000001e-05,1.3300000000000001e-05,1.3300000000000001e-05,1.3300000000000001e-05,1.3300000000000001e-05,1.3300000000000001e-05,0.0113883,1.3300000000000001e-05,1.3300000000000001e-05,1.3300000000000001e-05,1.3300000000000001e-05,1.3300000000000001e-05,0.15918829999999998,1.3300000000000001e-05,1.3300000000000001e-05,1.3300000000000001e-05,1.3300000000000001e-05,1.3209383,1.3300000000000001e-05,1.3300000000000001e-05,0.3608482999999999,1.3300000000000001e-05,1.3300000000000001e-05,1.3300000000000001e-05,0.0873683,1.3300000000000001e-05,1.3300000000000001e-05,0.0273682999999999,1.3300000000000001e-05,1.3300000000000001e-05,1.3300000000000001e-05,0.0136883,0.0997483,1.2474783,1.3300000000000001e-05,1.3300000000000001e-05,0.0233983,1.3300000000000001e-05,0.0220083,1.3300000000000001e-05,1.3300000000000001e-05,1.3300000000000001e-05,1.3300000000000001e-05,1.3300000000000001e-05,1.3300000000000001e-05,1.3300000000000001e-05,0.8326182999999999,1.3300000000000001e-05,1.3300000000000001e-05,1.3300000000000001e-05,1.3300000000000001e-05,1.3300000000000001e-05,0.3380783,1.3300000000000001e-05,0.0132383,1.3300000000000001e-05,1.3300000000000001e-05,0.1477383,1.3300000000000001e-05,1.3300000000000001e-05,1.3300000000000001e-05,1.3300000000000001e-05,1.3300000000000001e-05,1.3300000000000001e-05,1.3300000000000001e-05,1.3300000000000001e-05,1.3300000000000001e-05,1.3300000000000001e-05,1.3300000000000001e-05,1.3300000000000001e-05,1.3300000000000001e-05,1.3300000000000001e-05,0.2491183,1.2592683,1.3300000000000001e-05,1.3300000000000001e-05,1.3300000000000001e-05,1.3300000000000001e-05,1.3300000000000001e-05,1.3300000000000001e-05,1.3300000000000001e-05,1.3300000000000001e-05,0.7569182999999999,1.3300000000000001e-05,1.3300000000000001e-05,1.3300000000000001e-05,1.3300000000000001e-05,1.3300000000000001e-05,1.3300000000000001e-05,1.3300000000000001e-05,1.3300000000000001e-05,1.3300000000000001e-05,1.3300000000000001e-05,1.3300000000000001e-05,1.3300000000000001e-05,1.3300000000000001e-05,1.3300000000000001e-05,1.3300000000000001e-05,1.3300000000000001e-05,0.0974183,1.3300000000000001e-05,1.3300000000000001e-05,1.3300000000000001e-05,0.0588683,1.3300000000000001e-05,0.0089683,1.3300000000000001e-05,0.0289583,1.3300000000000001e-05,1.3300000000000001e-05,1.3300000000000001e-05,0.0358883,1.3300000000000001e-05,1.3300000000000001e-05,1.3300000000000001e-05,1.3300000000000001e-05,1.3300000000000001e-05,1.3300000000000001e-05,1.3300000000000001e-05,0.004948299999999999,1.3300000000000001e-05,5.135558299999962
37082_2#7,7.349999999999999e-06,7.349999999999999e-06,7.349999999999999e-06,0.8199523499999999,7.349999999999999e-06,0.0630023499999999,7.57345235,7.349999999999999e-06,0.06017235,4.63520235,0.44684235,5.30302235,27.836242350000003,7.349999999999999e-06,7.349999999999999e-06,9.56492235,5.09633235,7.349999999999999e-06,0.05897235,20.764542350000003,7.349999999999999e-06,7.349999999999999e-06,0.15822235,7.349999999999999e-06,7.349999999999999e-06,4.05239235,7.349999999999999e-06,0.53860235,0.08842235,0.01410235,7.349999999999999e-06,7.349999999999999e-06,0.38933235,7.349999999999999e-06,0.29676235,7.349999999999999e-06,0.00230235,7.349999999999999e-06,0.00122235,7.349999999999999e-06,7.349999999999999e-06,7.349999999999999e-06,7.349999999999999e-06,7.349999999999999e-06,0.00860235,7.349999999999999e-06,7.349999999999999e-06,7.349999999999999e-06,3.83552235,0.012752349999999999,7.349999999999999e-06,7.349999999999999e-06,7.349999999999999e-06,7.349999999999999e-06,7.349999999999999e-06,7.349999999999999e-06,7.349999999999999e-06,0.10884234999999999,7.349999999999999e-06,7.349999999999999e-06,0.7332923499999999,0.34678235,7.349999999999999e-06,7.349999999999999e-06,7.349999999999999e-06,7.349999999999999e-06,7.349999999999999e-06,0.18742235000000002,7.349999999999999e-06,7.349999999999999e-06,7.349999999999999e-06,7.349999999999999e-06,7.349999999999999e-06,7.349999999999999e-06,7.349999999999999e-06,7.349999999999999e-06,0.02883235,7.349999999999999e-06,7.349999999999999e-06,7.349999999999999e-06,7.349999999999999e-06,7.349999999999999e-06,7.349999999999999e-06,7.349999999999999e-06,7.349999999999999e-06,7.349999999999999e-06,7.349999999999999e-06,7.349999999999999e-06,7.349999999999999e-06,7.349999999999999e-06,0.01887235,0.01154235,7.349999999999999e-06,7.349999999999999e-06,7.349999999999999e-06,7.349999999999999e-06,7.349999999999999e-06,7.349999999999999e-06,7.349999999999999e-06,7.349999999999999e-06,7.349999999999999e-06,0.0140923499999999,7.349999999999999e-06,7.349999999999999e-06,0.00459235,7.349999999999999e-06,7.349999999999999e-06,7.349999999999999e-06,7.349999999999999e-06,7.349999999999999e-06,0.032432350000000006,7.349999999999999e-06,7.349999999999999e-06,7.349999999999999e-06,7.349999999999999e-06,7.349999999999999e-06,7.349999999999999e-06,7.349999999999999e-06,7.349999999999999e-06,7.349999999999999e-06,7.349999999999999e-06,7.349999999999999e-06,0.00333235,7.349999999999999e-06,7.349999999999999e-06,7.349999999999999e-06,7.349999999999999e-06,7.349999999999999e-06,7.349999999999999e-06,7.349999999999999e-06,7.349999999999999e-06,7.349999999999999e-06,7.349999999999999e-06,7.349999999999999e-06,0.30774235,0.00294235,7.349999999999999e-06,7.349999999999999e-06,7.349999999999999e-06,7.349999999999999e-06,7.349999999999999e-06,7.349999999999999e-06,7.349999999999999e-06,7.349999999999999e-06,7.349999999999999e-06,7.349999999999999e-06,7.349999999999999e-06,7.349999999999999e-06,7.349999999999999e-06,7.349999999999999e-06,7.349999999999999e-06,7.349999999999999e-06,7.349999999999999e-06,7.349999999999999e-06,7.349999999999999e-06,7.349999999999999e-06,7.349999999999999e-06,0.03130235,7.349999999999999e-06,7.349999999999999e-06,7.349999999999999e-06,7.349999999999999e-06,7.349999999999999e-06,7.349999999999999e-06,7.349999999999999e-06,7.349999999999999e-06,7.349999999999999e-06,7.349999999999999e-06,7.349999999999999e-06,7.349999999999999e-06,7.349999999999999e-06,0.09699234999999999,7.349999999999999e-06,7.349999999999999e-06,7.349999999999999e-06,7.349999999999999e-06,7.349999999999999e-06,0.0444423499999999,7.349999999999999e-06,7.349999999999999e-06,7.349999999999999e-06,7.349999999999999e-06,7.349999999999999e-06,7.349999999999999e-06,7.349999999999999e-06,7.349999999999999e-06,7.349999999999999e-06,7.349999999999999e-06,0.02244235,7.349999999999999e-06,7.349999999999999e-06,7.349999999999999e-06,7.349999999999999e-06,7.349999999999999e-06,7.349999999999999e-06,7.349999999999999e-06,7.349999999999999e-06,7.349999999999999e-06,7.349999999999999e-06,6.382042350000004
37082_2#8,0.16495565,0.01161565,0.33218565,0.48725565,1.53917565,0.13742565,0.51208565,1.21568565,1.18817565,0.31180565,0.08442565,0.36712565,0.01564565,0.51178565,0.01327565,1.30331565,0.6755856499999999,0.10610565000000001,0.050585649999999996,1.4891256499999999,2.065e-05,0.032925649999999994,0.02953565,0.0037856499999999998,0.059815649999999894,1.26169565,0.1391456499999999,2.065e-05,0.02296565,0.032275649999999996,0.01616565,0.14583565,0.76364565,0.046545649999999994,0.01921565,2.065e-05,2.065e-05,0.00922565,0.31309565,2.065e-05,2.065e-05,0.00509565,2.065e-05,2.065e-05,0.00143565,2.065e-05,0.011885650000000001,1.40200565,2.065e-05,5.738525650000001,4.49796565,2.065e-05,2.065e-05,2.065e-05,2.065e-05,2.065e-05,2.065e-05,0.16487565,0.5360256499999999,0.39631565,0.00485565,2.065e-05,2.065e-05,0.040975649999999995,0.0022656499999999997,2.065e-05,0.8143556499999999,0.00987565,3.99677565,2.065e-05,2.065e-05,0.00181565,0.034075649999999895,0.8247256499999999,2.065e-05,2.065e-05,0.09599565,2.065e-05,2.065e-05,2.065e-05,0.02081565,0.31671565,2.065e-05,2.065e-05,0.7458156499999999,0.041405649999999995,2.065e-05,2.065e-05,0.02134565,0.0009456499999999,0.03348565,2.065e-05,2.065e-05,0.0029456499999999997,2.065e-05,2.065e-05,9.221235649999999,0.00054565,0.8879656499999998,2.065e-05,0.00974565,2.065e-05,0.14865565,0.00758565,0.0024256499999999997,2.065e-05,0.14677565,2.065e-05,2.065e-05,0.00136565,0.15607565,0.02603565,2.065e-05,0.01568565,2.065e-05,2.065e-05,1.12787565,2.065e-05,2.065e-05,0.64918565,0.0027456499999999997,0.0267256499999999,2.065e-05,2.065e-05,0.15214565,0.06859565000000001,2.065e-05,2.065e-05,0.00033565,0.049925649999999995,0.20699565,2.065e-05,2.065e-05,0.19480565,0.02699565,2.065e-05,2.065e-05,0.06895565000000001,0.75858565,2.065e-05,2.065e-05,0.50161565,2.065e-05,2.065e-05,0.02669565,0.02373565,0.00488565,2.065e-05,2.065e-05,2.065e-05,0.00429565,0.6282856499999999,2.065e-05,2.065e-05,0.03014565,0.01735565,2.065e-05,2.065e-05,2.065e-05,0.036775649999999896,0.38093565,0.032955649999999996,0.00420565,0.08977565,0.08808565,2.065e-05,0.00077565,0.9030256499999999,0.03176565,2.065e-05,2.065e-05,0.03117565,0.00465565,0.004935650000000001,2.065e-05,0.00785565,0.00969565,0.09874565,2.065e-05,2.065e-05,2.065e-05,0.015465650000000001,0.042465649999999994,0.00864565,2.065e-05,0.01642565,0.0006656499999999,2.065e-05,2.065e-05,2.065e-05,2.065e-05,2.065e-05,2.065e-05,2.065e-05,2.065e-05,2.065e-05,2.065e-05,0.052375649999999996,0.00014565000000000002,49.76522565000003
37082_2#9,1.43298635,0.60366635,0.80040635,0.18740635,0.24876635,2.1349999999999997e-05,0.1448963499999999,1.31123635,2.1349999999999997e-05,3.4681163500000003,0.0058163500000000005,0.25194635000000004,2.1349999999999997e-05,2.17525635,2.1349999999999997e-05,2.1349999999999997e-05,1.3085463499999999,0.00652635,0.18128634999999999,0.75565635,0.0045763499999999,0.26578635,0.031836350000000006,2.1349999999999997e-05,0.05973635,0.55901635,0.02839635,0.01190635,0.04435635,0.17749635,0.01148635,1.1015163499999998,0.045996350000000005,0.10758635,0.14318635,2.1349999999999997e-05,2.1349999999999997e-05,0.12723635,0.00675635,2.1349999999999997e-05,2.1349999999999997e-05,2.1349999999999997e-05,2.1349999999999997e-05,2.1349999999999997e-05,2.1349999999999997e-05,2.1349999999999997e-05,2.1349999999999997e-05,2.06836635,2.1349999999999997e-05,2.1349999999999997e-05,2.1349999999999997e-05,2.1349999999999997e-05,2.1349999999999997e-05,2.1349999999999997e-05,0.27078635,2.1349999999999997e-05,2.1349999999999997e-05,0.02100635,0.00494635,0.42029635000000004,0.03286635,2.1349999999999997e-05,2.1349999999999997e-05,2.1349999999999997e-05,1.01171635,2.1349999999999997e-05,2.1349999999999997e-05,0.27131635000000004,0.05246635,2.1349999999999997e-05,2.1349999999999997e-05,0.04534635,2.1349999999999997e-05,2.1349999999999997e-05,0.4831763499999999,2.1349999999999997e-05,1.55218635,2.1349999999999997e-05,0.02503635,2.1349999999999997e-05,0.00030635000000000005,0.38519635,0.11456635,2.1349999999999997e-05,0.033346350000000004,0.005746350000000001,0.24801635,2.1349999999999997e-05,2.1349999999999997e-05,2.1349999999999997e-05,2.1349999999999997e-05,0.01202635,2.1349999999999997e-05,2.1349999999999997e-05,0.00887635,2.1349999999999997e-05,0.7612463500000001,2.1349999999999997e-05,2.1349999999999997e-05,2.1349999999999997e-05,0.04919635,2.1349999999999997e-05,0.15642635,0.11041635,0.00858635,2.1349999999999997e-05,0.97070635,2.1349999999999997e-05,2.1349999999999997e-05,0.00035635,0.00399635,0.72103635,2.1349999999999997e-05,0.00938635,2.1349999999999997e-05,0.0044963500000000005,2.1349999999999997e-05,2.1349999999999997e-05,2.1349999999999997e-05,1.14133635,0.47198635,0.12666634999999998,2.1349999999999997e-05,2.1349999999999997e-05,1.3572863499999999,2.1349999999999997e-05,2.1349999999999997e-05,2.1349999999999997e-05,0.03793635,0.0069163499999999,0.0008863499999999999,0.02016635,2.1349999999999997e-05,0.38843635000000004,0.08865635,0.02307635,2.1349999999999997e-05,0.041256350000000004,2.1349999999999997e-05,0.80600635,0.00807635,10.57878635,5.153876350000001,0.07414635,0.89763635,1.6001263499999998,1.3335563499999998,0.006196350000000001,0.02966635,0.44838635000000004,0.50577635,0.47236635000000005,0.013876349999999999,0.038246350000000005,2.1349999999999997e-05,0.02736635,2.1349999999999997e-05,2.1349999999999997e-05,2.1349999999999997e-05,0.11254634999999999,0.45826635000000004,0.02417635,0.30261635000000003,0.21823635,0.17129635,2.1349999999999997e-05,0.049506350000000005,0.00216635,0.8250563500000001,0.19056635,2.1349999999999997e-05,0.00684635,0.01346635,0.34698635,0.013536349999999999,0.06878635,0.37292635,2.1349999999999997e-05,2.1349999999999997e-05,2.1349999999999997e-05,0.13022635,0.03565635,0.35212635000000003,0.02276635,0.02708635,0.0107463499999999,0.03454635,0.05006635,0.01582635,2.1349999999999997e-05,2.1349999999999997e-05,2.1349999999999997e-05,0.01653635,2.1349999999999997e-05,2.1349999999999997e-05,2.79777635,0.10696634999999989,0.19773635,0.041346350000000004,41.81041635
37082_3#10,2.2924999999999998e-05,1.3580779250000001,2.2924999999999998e-05,0.187847925,2.2924999999999998e-05,2.2924999999999998e-05,1.080957925,0.5259979250000001,0.135927925,7.872837925,2.2924999999999998e-05,0.402607925,0.006417925,2.2924999999999998e-05,0.001237925,0.102407925,0.3501979249999999,2.2924999999999998e-05,0.083907925,0.020997925,0.0030079250000000003,2.2924999999999998e-05,0.2326479249999999,0.10299792499999989,2.2924999999999998e-05,0.063847925,1.328077925,2.2924999999999998e-05,0.180057925,2.2924999999999998e-05,2.2924999999999998e-05,2.2924999999999998e-05,0.0449579249999999,2.2924999999999998e-05,0.221597925,2.2924999999999998e-05,2.2924999999999998e-05,0.012537925,0.040277925,2.2924999999999998e-05,2.2924999999999998e-05,0.0028279249999999,0.087097925,2.2924999999999998e-05,2.2924999999999998e-05,0.005907925,0.010807925,0.1914979249999999,0.507767925,0.147807925,2.2924999999999998e-05,2.2924999999999998e-05,2.2924999999999998e-05,2.342657925,0.000797925,2.2924999999999998e-05,0.0969879249999999,2.2924999999999998e-05,0.534157925,0.098427925,0.713267925,0.211347925,0.0036979250000000003,0.112797925,0.539417925,4.022237925,0.029307925,0.656587925,0.004237925,2.2924999999999998e-05,2.2924999999999998e-05,0.007917925,2.2924999999999998e-05,0.152337925,2.2924999999999998e-05,0.025467925,0.153977925,2.2924999999999998e-05,2.2924999999999998e-05,2.2924999999999998e-05,0.097747925,1.3208979250000001,1.3943579250000002,0.014427925,0.047477925,0.040037925,2.2924999999999998e-05,0.078857925,0.191347925,2.2924999999999998e-05,2.2924999999999998e-05,2.2924999999999998e-05,2.2924999999999998e-05,2.2924999999999998e-05,0.015227925,2.2924999999999998e-05,1.4078579250000003,2.2924999999999998e-05,0.045857925,0.2110079249999999,0.017857925,0.0073379249999999995,0.258617925,0.334837925,0.0495779249999999,0.019407925,2.2924999999999998e-05,0.458637925,0.0622679249999999,2.2924999999999998e-05,2.2924999999999998e-05,0.4805779249999999,2.2924999999999998e-05,0.039417925,0.159857925,2.2924999999999998e-05,0.148187925,0.021727925,2.2924999999999998e-05,1.742097925,0.005137925,0.133807925,0.4521079249999999,0.025687925,0.778737925,0.001887925,0.1085479249999999,0.724567925,0.064337925,0.007407925,2.2924999999999998e-05,0.046807925,0.0065079249999999995,2.2924999999999998e-05,0.078087925,2.2924999999999998e-05,6.9820079250000004,0.021667925,0.006327925,5.626917925000001,0.001047925,1.5805979250000002,0.049897925,0.1340979249999999,0.811407925,0.0260279249999999,0.031287925,0.226087925,0.1342679249999999,0.311287925,0.042477925,2.2924999999999998e-05,0.010707925,2.2924999999999998e-05,2.2924999999999998e-05,0.023687925,2.2924999999999998e-05,0.002107925,2.2924999999999998e-05,0.5484779249999999,0.000587925,0.003217925,2.2924999999999998e-05,0.023897925,0.217177925,0.099107925,2.2924999999999998e-05,2.2924999999999998e-05,0.001227925,0.565037925,0.003117925,0.0406079249999999,0.104627925,0.241747925,2.2924999999999998e-05,2.2924999999999998e-05,0.111257925,2.2924999999999998e-05,0.078017925,0.084237925,0.107167925,2.2924999999999998e-05,2.2924999999999998e-05,2.2924999999999998e-05,2.2924999999999998e-05,2.2924999999999998e-05,2.2924999999999998e-05,2.2924999999999998e-05,0.011517925,1.801607925,0.0418079249999999,0.175177925,0.0146579249999999,0.557367925,0.4668779249999999,0.330037925,2.2924999999999998e-05,2.2924999999999998e-05,0.0055479249999999996,42.22445792499999
37082_3#11,1.3125e-05,5.4362981249999995,1.3125e-05,0.6625681250000001,0.044628125000000005,0.08353812499999999,2.933338125,0.262078125,1.3125e-05,1.3281581249999999,0.0069081249999999,3.7418581250000003,2.0080581250000002,1.3125e-05,1.3125e-05,0.6850581250000001,3.056008125,1.3125e-05,0.015408125,1.962418125,1.3125e-05,1.3125e-05,1.179918125,10.506078125,1.4946781249999999,0.6532381250000001,1.756598125,1.3125e-05,0.1255381249999999,1.3125e-05,1.3125e-05,1.3125e-05,0.4825181249999999,1.3125e-05,2.258858125,1.3125e-05,1.3125e-05,1.3125e-05,1.3125e-05,1.3125e-05,1.3125e-05,0.010528125000000001,1.3125e-05,0.1197881249999999,1.3125e-05,1.3125e-05,1.3125e-05,0.274158125,1.3125e-05,1.3125e-05,1.3125e-05,1.3125e-05,1.3125e-05,2.035898125,1.3125e-05,1.2916881249999999,2.085098125,0.08995812499999989,1.3125e-05,0.07157812499999999,0.5193881250000001,0.0297481249999999,0.14616812499999998,0.230848125,0.131618125,1.3125e-05,1.3125e-05,4.872338125,1.3125e-05,0.396188125,1.3125e-05,1.3125e-05,1.3125e-05,1.3125e-05,0.08075812499999989,0.016208125,1.3125e-05,1.3125e-05,0.161398125,1.3125e-05,1.3125e-05,0.425928125,1.3125e-05,1.3125e-05,0.179878125,0.001558125,1.3125e-05,0.028028124999999997,0.162798125,1.3125e-05,1.3125e-05,1.3125e-05,0.582678125,1.3125e-05,0.018068124999999997,2.479948125,2.3711681250000005,1.3125e-05,1.3125e-05,0.073128125,1.3125e-05,1.3125e-05,0.381068125,0.172818125,1.3125e-05,1.3125e-05,0.23425812499999998,1.3125e-05,1.3125e-05,1.3125e-05,1.3125e-05,0.030888125,1.3125e-05,1.3125e-05,1.3125e-05,1.3125e-05,1.3125e-05,1.3125e-05,1.3125e-05,0.913718125,1.3125e-05,0.133478125,1.3125e-05,1.3125e-05,0.0064581249999999995,1.3125e-05,1.3125e-05,1.3125e-05,0.12026812499999999,1.3125e-05,1.3125e-05,1.3125e-05,1.3125e-05,1.3125e-05,0.042018125,1.3125e-05,1.3125e-05,1.3125e-05,1.3125e-05,4.895688125,1.3125e-05,1.3125e-05,0.073528125,0.040458125000000005,2.0411381250000002,1.3125e-05,1.3125e-05,1.3125e-05,1.3125e-05,1.3125e-05,1.3125e-05,1.035498125,1.3125e-05,1.3125e-05,1.3125e-05,1.3125e-05,1.3125e-05,1.3125e-05,0.10640812499999999,0.404808125,1.3125e-05,1.3125e-05,1.3125e-05,1.3125e-05,1.3125e-05,1.3125e-05,1.3125e-05,1.3125e-05,1.3125e-05,0.104128125,1.3125e-05,0.007588124999999999,0.061068125,0.132358125,1.3125e-05,1.3125e-05,1.3125e-05,1.3125e-05,1.3125e-05,1.3125e-05,0.195928125,1.3125e-05,1.3125e-05,1.3125e-05,1.3125e-05,1.3125e-05,1.3125e-05,1.3125e-05,1.3125e-05,0.259788125,1.3125e-05,1.3125e-05,0.051468125,1.3125e-05,1.3125e-05,1.3125e-05,0.040508125,1.3125e-05,1.3125e-05,28.942738124999988
37082_3#12,0.008479325,2.4325e-05,2.4325e-05,0.37229932499999996,1.630029325,0.119589325,1.723739325,16.131909325000002,0.014339325,16.498729325,0.009529325,0.579249325,0.779289325,2.4325e-05,0.021719324999999998,0.546579325,2.026619325,0.34759932499999996,0.16273932500000002,1.0397593250000001,0.934219325,2.4325e-05,0.26456932499999997,2.441909325,0.140169325,2.046489325,1.182279325,0.703589325,0.046259325,2.4325e-05,0.010159325,2.4325e-05,0.428269325,2.4325e-05,2.4325e-05,2.4325e-05,0.28415932499999996,0.092919325,0.014589325,2.4325e-05,0.214729325,0.6604193250000001,0.0012493250000000001,2.4325e-05,0.001769325,0.011499325,0.018929324999999997,2.097889325,0.008379325,0.050719324999999996,0.1269993249999999,0.396639325,2.4325e-05,1.596789325,1.349129325,0.105959325,0.409579325,0.0841293249999999,0.047699325,0.580829325,0.029239325,1.584219325,0.283009325,0.2451993249999999,2.4325e-05,1.299909325,0.033739325,1.227879325,2.4325e-05,0.217009325,0.068359325,0.021569324999999997,0.065969325,0.019819325,2.4325e-05,0.1919693249999999,0.0148093249999999,0.263929325,2.4325e-05,0.0710293249999999,0.196619325,0.44645932499999996,0.2610593249999999,0.351569325,0.181019325,2.4325e-05,0.043989324999999996,0.23030932499999993,0.009039325,0.003799325,0.06278932499999999,0.007679325,2.4325e-05,2.4325e-05,0.265309325,0.093989325,0.397429325,0.002019325,0.06629932499999999,0.208749325,0.097999325,0.025009325,0.219869325,0.089899325,0.071409325,0.106329325,0.0285793249999999,0.032149325,0.0036693249999999,2.4325e-05,0.082039325,0.30002932499999996,0.007159325,2.4325e-05,0.007919325,2.4325e-05,2.4325e-05,0.0091693249999999,2.4325e-05,0.057379324999999995,0.018639324999999998,0.156539325,2.4325e-05,2.4325e-05,2.4325e-05,0.046049324999999995,0.063469325,0.116309325,0.015079325,0.051899324999999996,0.011629325,0.039049324999999996,0.019759324999999998,0.024829325,2.4325e-05,2.4325e-05,2.4325e-05,2.4325e-05,2.4325e-05,1.208529325,0.18166932500000002,0.5597493250000001,2.4325e-05,2.4325e-05,2.4325e-05,2.4325e-05,2.4325e-05,0.068249325,0.015179325,0.1021693249999999,0.029849325,0.18247932500000003,0.323199325,0.0152593249999999,0.18208932500000002,2.4325e-05,0.038619324999999996,0.184099325,2.4325e-05,0.009409325,2.4325e-05,0.029049324999999997,2.4325e-05,2.4325e-05,0.005789325,2.4325e-05,2.4325e-05,2.4325e-05,0.006539325,0.016619324999999997,0.013819325,2.4325e-05,0.048319324999999996,2.4325e-05,2.4325e-05,2.4325e-05,2.4325e-05,0.002239325,0.023729325,0.760699325,0.062599325,2.4325e-05,2.4325e-05,2.4325e-05,2.4325e-05,2.4325e-05,2.4325e-05,2.4325e-05,0.035789325,2.4325e-05,0.058979325,2.4325e-05,0.088209325,0.099299325,0.0033193249999999,0.032319324999999996,0.010579325,2.4325e-05,2.4325e-05,27.067299324999922
37082_3#13,2.1e-05,0.226996,0.259466,0.0396059999999999,0.21000599999999991,0.241686,4.091936,0.14525600000000002,0.145856,7.917856,0.20583600000000002,1.198466,0.6597160000000001,2.1e-05,2.1e-05,0.737456,1.1898060000000001,2.1e-05,0.12799599999999992,1.616686,0.005336,2.1e-05,0.627076,0.3506959999999999,0.078206,0.8829560000000001,0.070866,2.1e-05,1.4119460000000001,2.1e-05,2.1e-05,0.164826,0.19074599999999992,2.1e-05,0.252936,2.1e-05,2.1e-05,0.004416,0.074116,2.1e-05,2.1e-05,2.1e-05,0.40088599999999996,2.1e-05,0.0075159999999998995,2.1e-05,0.024805999999999998,0.7575660000000001,0.018845999999999998,2.1e-05,0.18166600000000002,0.18471600000000002,2.1e-05,6.581236,1.5401660000000001,0.333416,0.3060059999999999,0.018376,2.1e-05,0.461316,0.027086,3.552736,2.1e-05,2.1e-05,0.228136,2.1e-05,0.078686,0.589396,2.1e-05,0.059426,2.1e-05,2.1e-05,2.1e-05,1.271616,2.1e-05,0.23986600000000002,2.1e-05,0.017366,0.027536,0.002606,0.070906,0.6948160000000001,0.713836,0.060786,2.1e-05,0.045716,2.1e-05,2.1e-05,0.146016,2.1e-05,0.001136,2.1e-05,0.021286,2.1e-05,0.004226,2.1e-05,0.9569660000000001,0.065346,2.1e-05,0.416106,0.060926,0.024266,0.33738599999999996,0.004456,0.010526,2.1e-05,0.040046,0.377366,0.125006,2.1e-05,0.115116,0.194666,2.1e-05,2.1e-05,0.717446,2.1e-05,0.037336,0.16925600000000002,0.0323559999999999,0.073826,2.1e-05,0.22987600000000002,0.134216,0.031266,2.1e-05,0.006996,0.209326,0.47065599999999996,0.056596,0.107576,2.1e-05,0.093696,2.1e-05,0.49035599999999996,0.052076,2.1e-05,2.1e-05,3.8153259999999998,2.1e-05,16.080116,2.1e-05,0.081406,0.860376,0.178686,2.1e-05,2.1e-05,3.149526,0.2058059999999999,0.002496,2.1e-05,2.1e-05,0.42208599999999996,2.1e-05,2.1e-05,2.1e-05,0.000636,2.1e-05,0.481516,0.119806,2.1e-05,2.1e-05,0.0020559999999999997,0.14860600000000002,2.1e-05,2.1e-05,0.145456,2.1e-05,0.005556,0.222036,0.1738959999999999,2.1e-05,0.342286,0.045716,0.381326,2.1e-05,2.1e-05,0.065466,2.1e-05,2.1e-05,0.18765600000000002,0.172736,2.1e-05,2.1e-05,2.1e-05,2.1e-05,2.1e-05,2.1e-05,2.1e-05,2.1e-05,2.1e-05,0.512166,2.1e-05,2.1e-05,2.5884359999999997,0.08351599999999999,0.16740600000000003,0.207346,2.1e-05,2.1e-05,21.70939600000002
37082_3#14,0.08400075,5.17574075,0.030360750000000002,0.01888075,0.11243075,0.07082075,10.968950750000001,0.19977075,12.62127075,13.21118075,1.575e-05,3.02476075,1.575e-05,0.05187075,1.575e-05,7.225170749999999,0.61768075,1.575e-05,0.67001075,0.78854075,2.7187507500000003,0.0049707499999999995,0.07684075,0.15776075,0.03408075,0.09134075,0.11447075,0.01024075,0.04059075,1.575e-05,1.575e-05,0.01399075,3.2812107500000005,0.00815075,0.51814075,1.575e-05,0.016300749999999902,1.575e-05,1.575e-05,0.03208075,1.575e-05,1.575e-05,0.22163075000000002,1.575e-05,1.575e-05,0.0018407500000000002,1.575e-05,0.37768074999999995,1.575e-05,1.575e-05,1.575e-05,1.575e-05,1.575e-05,0.13578075,1.575e-05,0.16972075,1.575e-05,1.575e-05,0.52416075,0.62859075,0.015970750000000002,0.6061307499999999,1.575e-05,1.575e-05,3.7805807500000004,1.575e-05,1.575e-05,0.06178075,0.0323507499999999,1.575e-05,1.575e-05,1.575e-05,1.575e-05,1.575e-05,1.575e-05,0.06477075,0.20742075000000001,1.575e-05,0.0021007499999999998,1.575e-05,0.0035807499999999997,0.08962075,0.1243407499999999,1.575e-05,0.0580207499999999,0.006760749999999999,1.575e-05,1.575e-05,0.07122075,1.575e-05,1.575e-05,0.00283075,1.575e-05,1.575e-05,1.575e-05,0.51530075,1.575e-05,1.575e-05,1.575e-05,0.2174907499999999,0.00286075,0.12944075,0.01106075,1.575e-05,0.0105607499999999,1.575e-05,0.03273075,1.575e-05,1.575e-05,0.02572075,0.04616075,0.18129075,0.06227075,1.575e-05,0.00602075,1.575e-05,0.0834107499999999,1.575e-05,1.575e-05,0.01092075,1.575e-05,0.17693075,0.0149507499999999,1.575e-05,0.01822075,1.575e-05,1.575e-05,1.575e-05,1.575e-05,0.03998075,0.00964075,1.575e-05,1.575e-05,7.7142807499999995,0.02894075,1.575e-05,1.575e-05,1.575e-05,1.575e-05,1.575e-05,0.14654075,1.575e-05,0.45943075,1.575e-05,0.1670907499999999,0.03329075,1.575e-05,1.575e-05,1.575e-05,0.015960750000000003,1.575e-05,1.575e-05,1.575e-05,0.01322075,1.575e-05,0.49378075,0.48622074999999987,1.575e-05,1.575e-05,0.17091075,0.95105075,1.575e-05,0.12847075,1.575e-05,1.575e-05,1.575e-05,1.575e-05,1.575e-05,1.575e-05,1.575e-05,1.575e-05,0.00181075,0.09923075,1.575e-05,1.575e-05,1.575e-05,0.01670075,1.575e-05,1.575e-05,1.575e-05,1.575e-05,1.575e-05,0.039240750000000005,1.575e-05,1.575e-05,1.575e-05,1.575e-05,1.575e-05,1.575e-05,1.575e-05,1.575e-05,1.575e-05,1.575e-05,1.575e-05,1.575e-05,1.575e-05,1.575e-05,1.575e-05,1.575e-05,18.25988074999996
37082_3#15,2.3449999999999997e-05,0.0175084499999999,2.3449999999999997e-05,0.40729845,0.05355845,0.01586845,3.30964845,0.47536845,2.3449999999999997e-05,1.06454845,2.3449999999999997e-05,0.90548845,0.05663845,2.3449999999999997e-05,0.0522784499999999,0.07293845,1.12901845,0.0410584499999999,0.06170845,2.78019845,0.02928845,2.3449999999999997e-05,1.01496845,0.13767845,0.00162845,0.05658845,1.25784845,2.3449999999999997e-05,0.34012844999999997,2.3449999999999997e-05,2.3449999999999997e-05,0.01423845,0.0015784500000000001,2.3449999999999997e-05,0.6019684500000001,2.3449999999999997e-05,2.3449999999999997e-05,0.05999845,0.00288845,2.3449999999999997e-05,2.3449999999999997e-05,0.034988450000000004,0.18536845,0.14901845,0.014308449999999999,0.13286845,0.08248845,1.97695845,0.0713184499999999,0.16400845,0.04433845,0.06690845,0.0011684500000000001,5.00518845,1.09694845,0.02365845,0.44018844999999995,2.3449999999999997e-05,2.3449999999999997e-05,0.1990184499999999,0.13466845,0.80897845,0.07602845,0.00313845,0.026188450000000002,1.7866684499999999,0.26831845,0.7394384500000001,0.16212845,2.3449999999999997e-05,0.00081845,2.3449999999999997e-05,0.0010984499999999,0.23736845,2.6873184500000002,0.00276845,0.49970844999999997,2.3449999999999997e-05,2.3449999999999997e-05,0.00019845,0.11321845,0.12769845,0.46476845,0.08443845,0.05164845,0.80368845,0.0010784500000000001,0.03734845,0.27493845,2.3449999999999997e-05,0.0015884500000000001,2.3449999999999997e-05,2.3449999999999997e-05,2.3449999999999997e-05,2.3449999999999997e-05,0.0014084499999999001,1.9391284500000001,0.00431845,0.05983845,0.41316844999999996,2.3449999999999997e-05,2.3449999999999997e-05,0.27758845,0.00857845,0.012898449999999999,0.02435845,0.00168845,0.79548845,0.11637845,2.3449999999999997e-05,0.027718450000000002,0.03011845,0.05162845,2.3449999999999997e-05,0.07259845,2.3449999999999997e-05,0.0109984499999999,0.17734845,0.0571284499999999,0.00781845,2.3449999999999997e-05,0.021338450000000002,0.65989845,0.02272845,0.018948450000000002,0.022258449999999902,0.22685845,1.6764884500000001,0.16132845,2.3449999999999997e-05,2.3449999999999997e-05,0.26364845,2.3449999999999997e-05,2.3449999999999997e-05,0.0510284499999999,2.3449999999999997e-05,0.21445845,2.3449999999999997e-05,0.3884984499999999,12.24299845,2.3449999999999997e-05,0.17205845,0.08277845,0.00022844999999989998,0.11667845,0.00905845,0.05649845,2.3449999999999997e-05,0.01258845,0.03466845,2.3449999999999997e-05,0.02223845,0.00258845,2.3449999999999997e-05,2.3449999999999997e-05,2.3449999999999997e-05,2.3449999999999997e-05,0.61128845,0.01197845,0.41376844999999995,2.3449999999999997e-05,2.3449999999999997e-05,0.010938449999999999,2.3449999999999997e-05,2.3449999999999997e-05,0.33096844999999997,2.3449999999999997e-05,0.01610845,0.0062584500000000005,0.04582845,0.02509845,0.06493845,0.00226845,2.3449999999999997e-05,2.3449999999999997e-05,2.3449999999999997e-05,0.0012484500000000001,2.3449999999999997e-05,0.0996684499999999,0.78381845,0.00407845,2.3449999999999997e-05,2.3449999999999997e-05,2.3449999999999997e-05,2.3449999999999997e-05,2.3449999999999997e-05,2.3449999999999997e-05,2.3449999999999997e-05,2.3449999999999997e-05,0.00388845,0.9719984500000001,0.30397844999999996,2.3449999999999997e-05,2.00226845,2.3449999999999997e-05,0.06371845,2.3449999999999997e-05,2.3449999999999997e-05,2.3449999999999997e-05,40.608358450000026
37082_3#17,1.4700000000000002e-05,0.0183396999999999,1.4700000000000002e-05,1.0367297,0.0319297,0.040759699999999996,1.3776497,1.3988497,1.4700000000000002e-05,0.5194897,1.4700000000000002e-05,0.5328597,0.9481897,1.4700000000000002e-05,0.0003297,0.2185297,0.5132197,0.0190397,0.0003397,3.4689696999999997,0.043299699999999997,1.4700000000000002e-05,1.2126496999999998,6.3761097,11.8485297,0.46839970000000003,2.6658997,1.4700000000000002e-05,0.0924497,1.4700000000000002e-05,1.4700000000000002e-05,1.4700000000000002e-05,1.4700000000000002e-05,1.4700000000000002e-05,0.038379699999999996,1.4700000000000002e-05,1.4700000000000002e-05,1.4700000000000002e-05,1.4700000000000002e-05,1.4700000000000002e-05,1.4700000000000002e-05,0.1677497,0.2055597,0.0127597,1.4700000000000002e-05,0.008789700000000001,1.4700000000000002e-05,0.9892497,1.4700000000000002e-05,0.1607297,1.8295097,0.0007597,1.4700000000000002e-05,1.3536997,1.2310896999999998,1.4700000000000002e-05,0.2760597,1.4700000000000002e-05,1.4700000000000002e-05,1.4700000000000002e-05,0.0469597,0.1599397,1.4700000000000002e-05,0.024779699999999998,1.4700000000000002e-05,0.1062896999999999,0.1076797,1.9842096999999999,1.4700000000000002e-05,1.4700000000000002e-05,1.4700000000000002e-05,1.4700000000000002e-05,1.4700000000000002e-05,0.0609897,1.4700000000000002e-05,1.4700000000000002e-05,1.4700000000000002e-05,0.0026597,1.4700000000000002e-05,0.0242397,0.0407697,1.4700000000000002e-05,0.5679897,0.021459699999999998,1.4700000000000002e-05,0.1143197,1.4700000000000002e-05,1.4700000000000002e-05,0.1054297,1.4700000000000002e-05,1.4700000000000002e-05,1.4700000000000002e-05,1.4700000000000002e-05,1.4700000000000002e-05,0.0118197,0.0054997,1.6685596999999999,0.0121197,1.4700000000000002e-05,0.0900997,1.4700000000000002e-05,0.0087396999999999,0.1904397,0.1454497,0.1208297,0.0027897,0.0072797,0.3692997,0.0580997,1.4700000000000002e-05,1.4700000000000002e-05,1.4700000000000002e-05,0.015459700000000002,1.4700000000000002e-05,0.0185097,1.4700000000000002e-05,0.2491597,1.4700000000000002e-05,1.4700000000000002e-05,0.1312797,1.4700000000000002e-05,0.2101496999999999,0.0725697,1.4700000000000002e-05,1.4700000000000002e-05,1.4700000000000002e-05,0.2068197,0.5928297,0.0915897,0.030669699999999998,1.4700000000000002e-05,0.0173497,1.4700000000000002e-05,1.4700000000000002e-05,1.4700000000000002e-05,1.4700000000000002e-05,1.4700000000000002e-05,1.4700000000000002e-05,1.4700000000000002e-05,1.4700000000000002e-05,1.4700000000000002e-05,0.0030097,1.4700000000000002e-05,1.4700000000000002e-05,1.4700000000000002e-05,1.4700000000000002e-05,1.4700000000000002e-05,1.4700000000000002e-05,1.4700000000000002e-05,0.007969700000000001,1.4700000000000002e-05,1.4700000000000002e-05,2.2300097,1.4700000000000002e-05,1.4700000000000002e-05,1.4700000000000002e-05,1.4700000000000002e-05,1.4700000000000002e-05,0.0175997,1.4700000000000002e-05,1.4700000000000002e-05,1.4700000000000002e-05,1.4700000000000002e-05,1.4700000000000002e-05,1.4700000000000002e-05,1.4700000000000002e-05,1.4700000000000002e-05,1.4700000000000002e-05,1.4700000000000002e-05,0.0011097,1.4700000000000002e-05,1.4700000000000002e-05,1.4700000000000002e-05,1.4700000000000002e-05,1.4700000000000002e-05,1.4700000000000002e-05,1.4700000000000002e-05,1.4700000000000002e-05,1.4700000000000002e-05,2.5094396999999997,1.4700000000000002e-05,1.4700000000000002e-05,1.4700000000000002e-05,1.4700000000000002e-05,1.4700000000000002e-05,1.4700000000000002e-05,1.4700000000000002e-05,1.4700000000000002e-05,1.4700000000000002e-05,4.235849699999999,0.0100297,0.1169397,1.4700000000000002e-05,0.0048897,1.4700000000000002e-05,1.4700000000000002e-05,0.0052397,1.4700000000000002e-05,1.4700000000000002e-05,44.05417970000002
37082_3#19,2.31e-05,3.3089881,2.31e-05,0.3848381,0.0092181,2.31e-05,0.6592381,0.10879809999999991,0.0156881,1.4663981,0.010988099999999999,0.5646081000000001,0.0307181,2.31e-05,0.0025681,0.061758099999999996,0.6537081,0.007928099999999999,0.1037480999999999,0.1735381,0.0078681,2.31e-05,0.22036809999999998,0.0019881,0.0148981,0.1380881,0.48436809999999997,2.31e-05,0.40543809999999997,2.31e-05,2.31e-05,0.0017580999999998999,0.0014781,2.31e-05,0.2282381,2.31e-05,2.31e-05,2.31e-05,0.004858100000000001,2.31e-05,2.31e-05,2.31e-05,0.060188099999999994,2.31e-05,0.0024281,2.31e-05,0.1192581,0.5931981000000001,0.0051881,2.31e-05,2.31e-05,0.054518099999999896,2.31e-05,0.7057281,0.7598481000000001,0.0087081,0.7786781,0.0113781,0.004558100000000001,0.0846081,0.18142809999999998,0.0820081,0.0190781,0.0135781,0.0914181,1.2076181,2.31e-05,0.06333810000000001,0.4222681,2.31e-05,2.31e-05,2.31e-05,2.31e-05,0.0410381,0.043988099999999995,0.17815809999999999,0.038778099999999996,0.0269081,2.31e-05,2.31e-05,0.0004480999999999,0.17409809999999998,0.3243081,0.0113981,0.0447780999999999,0.1049581,0.0085381,0.3363681,0.0628481,2.31e-05,2.31e-05,2.31e-05,0.0039081,2.31e-05,2.31e-05,0.0118681,0.7057381,2.31e-05,0.08402810000000001,0.0997581,0.0049681000000000005,0.0095681,0.2384381,0.0021381,0.0587281,0.016298099999999902,0.0139981,0.0390881,2.31e-05,2.31e-05,2.31e-05,0.0096181,2.31e-05,0.0029881,0.19563809999999998,2.31e-05,0.061688099999999996,2.31e-05,2.31e-05,0.0006781,2.31e-05,0.24836809999999998,0.1148980999999999,0.0049180999999999,2.31e-05,2.31e-05,0.24947809999999998,0.6323781,0.027888100000000002,2.31e-05,0.0035180999999999,0.061708099999999995,2.31e-05,2.31e-05,0.16663809999999998,2.31e-05,0.8059981,0.0014380999999999999,2.31e-05,21.6900181,2.31e-05,0.0821781,0.016998100000000002,0.0164481,2.2071581,0.023458099999999902,0.33494809999999997,0.0583881,0.0052180999999999,0.4057881,0.0044981000000000005,0.0293681,0.0829581,2.31e-05,0.0203281,2.31e-05,2.31e-05,0.0156781,2.31e-05,2.7374781,0.0033981,2.31e-05,2.31e-05,0.0013580999999999999,0.0215581,2.31e-05,2.31e-05,0.0111381,0.0402881,0.11996809999999991,0.057628099999999995,0.0188381,0.08634810000000001,0.0054280999999999,0.0109281,2.31e-05,2.31e-05,0.0152781,0.2001981,0.4349781,0.1597081,2.31e-05,2.31e-05,2.31e-05,2.31e-05,2.31e-05,2.31e-05,2.31e-05,0.0126781,0.0663281,0.0531781,0.16641809999999999,0.0592680999999999,0.3816681,2.31e-05,0.13563809999999998,0.016918100000000002,0.008178099999999999,2.31e-05,50.56612809999999
37082_3#1,1.8375e-05,0.20886337500000002,1.8375e-05,1.627013375,1.8375e-05,1.8375e-05,7.5280833750000005,0.010493375000000001,0.006303375,12.747743374999999,0.020803374999999902,1.170353375,1.567223375,1.8375e-05,1.8375e-05,0.006153375,4.441223375000001,1.8375e-05,0.020343375,2.109623375,1.8375e-05,1.8375e-05,0.206183375,0.829083375,1.8375e-05,0.044133375,0.28836337500000003,1.8375e-05,1.133043375,1.8375e-05,0.025313375,1.8375e-05,0.009083375000000001,1.8375e-05,0.363743375,1.8375e-05,1.8375e-05,0.018373375,1.8375e-05,1.8375e-05,1.8375e-05,0.0038833749999999997,0.014673375,0.025663375000000002,0.012183375000000001,0.0064433749999999995,0.040433375,0.303823375,1.8375e-05,1.8375e-05,1.8375e-05,0.007203375,1.8375e-05,3.029923375,11.139133375,0.0007433749999998999,0.687113375,1.8375e-05,0.141483375,0.1320933749999999,0.437933375,0.16365337500000002,1.8375e-05,1.8375e-05,1.8375e-05,1.8375e-05,0.022053375,0.2886933749999999,1.217263375,0.009823375,1.8375e-05,1.8375e-05,0.005903375,0.0023933749999999997,1.5247533750000002,0.10609337499999999,1.8375e-05,1.8375e-05,1.8375e-05,0.0133533749999999,0.0032633749999999998,0.308113375,0.8436933750000001,1.8375e-05,0.410403375,0.240273375,1.8375e-05,1.8375e-05,0.195563375,1.8375e-05,0.001183375,1.8375e-05,1.8375e-05,1.8375e-05,0.0296733749999999,1.8375e-05,0.26727337500000004,0.003163375,0.155503375,0.2334533749999999,0.0025533749999999997,0.074153375,0.0508233749999999,1.8375e-05,0.053303375,1.8375e-05,0.0113433749999999,1.8375e-05,0.11254337499999999,1.8375e-05,0.009813375000000001,1.8375e-05,1.8375e-05,1.8375e-05,0.818473375,1.8375e-05,1.8375e-05,0.709113375,1.8375e-05,1.8375e-05,1.8375e-05,0.090103375,0.06585337499999999,1.8375e-05,0.001483375,0.057173375,1.8375e-05,1.8375e-05,0.008093375,1.8375e-05,1.8375e-05,0.239183375,1.8375e-05,1.8375e-05,0.036493375,1.8375e-05,0.077943375,0.139253375,0.487443375,2.9132033749999997,1.8375e-05,0.193663375,0.325933375,1.8375e-05,0.122933375,1.8375e-05,0.450293375,0.428353375,0.014943375,0.926953375,0.009973375000000001,0.179123375,1.8375e-05,1.8375e-05,1.8375e-05,1.8375e-05,1.8375e-05,1.8375e-05,0.008733375000000002,2.490163375,1.8375e-05,1.8375e-05,1.8375e-05,1.8375e-05,1.8375e-05,1.8375e-05,0.053433375,1.8375e-05,0.018233375,0.0070433749999998995,0.137403375,0.009883375000000002,0.368923375,0.014313375000000001,1.8375e-05,1.8375e-05,0.002163375,1.8375e-05,1.8375e-05,1.8375e-05,0.020413375,1.8375e-05,1.8375e-05,1.8375e-05,1.8375e-05,1.8375e-05,1.8375e-05,1.8375e-05,1.8375e-05,10.509783375,1.8375e-05,1.8375e-05,0.085713375,1.8375e-05,0.226863375,0.060333375,0.0076133749999999995,1.8375e-05,1.8375e-05,20.956903374999992
37082_3#20,9.099999999999998e-06,5.5907641,9.099999999999998e-06,0.24182410000000001,0.1464041,0.1119441,1.3448141,0.0018640999999999,9.099999999999998e-06,0.0138041,0.2380041,2.7032641,0.0056841,9.099999999999998e-06,9.099999999999998e-06,0.0696841,1.1968341,9.099999999999998e-06,9.099999999999998e-06,0.4515841,9.099999999999998e-06,9.099999999999998e-06,0.1888341,6.4992141000000005,0.0071041,0.0115441,1.4310641,9.099999999999998e-06,0.5855640999999999,9.099999999999998e-06,9.099999999999998e-06,9.099999999999998e-06,9.099999999999998e-06,9.099999999999998e-06,9.099999999999998e-06,9.099999999999998e-06,9.099999999999998e-06,9.099999999999998e-06,0.005584100000000001,9.099999999999998e-06,9.099999999999998e-06,0.0108141,0.059464099999999895,0.20960410000000002,9.099999999999998e-06,0.034074099999999996,9.099999999999998e-06,0.004924100000000001,9.099999999999998e-06,9.099999999999998e-06,9.099999999999998e-06,0.013484099999999999,9.099999999999998e-06,11.354804099999999,25.1335941,0.24826410000000002,1.1832441,9.099999999999998e-06,9.099999999999998e-06,9.099999999999998e-06,9.099999999999998e-06,9.099999999999998e-06,9.099999999999998e-06,9.099999999999998e-06,9.099999999999998e-06,9.099999999999998e-06,9.099999999999998e-06,0.6154741,9.099999999999998e-06,0.0002441,9.099999999999998e-06,9.099999999999998e-06,9.099999999999998e-06,0.043864099999999996,9.099999999999998e-06,9.099999999999998e-06,9.099999999999998e-06,9.099999999999998e-06,9.099999999999998e-06,9.099999999999998e-06,9.099999999999998e-06,9.099999999999998e-06,0.9466741,9.099999999999998e-06,9.099999999999998e-06,0.5183441,9.099999999999998e-06,9.099999999999998e-06,0.1638041,9.099999999999998e-06,9.099999999999998e-06,9.099999999999998e-06,8.4880441,9.099999999999998e-06,9.099999999999998e-06,9.099999999999998e-06,0.0043441,9.099999999999998e-06,9.099999999999998e-06,0.4327241,9.099999999999998e-06,0.012594099999999999,0.0141141,9.099999999999998e-06,9.099999999999998e-06,9.099999999999998e-06,9.099999999999998e-06,0.5604140999999999,0.15301410000000001,9.099999999999998e-06,9.099999999999998e-06,9.099999999999998e-06,0.5675941,9.099999999999998e-06,0.0763441,9.099999999999998e-06,9.099999999999998e-06,1.3258941,9.099999999999998e-06,9.099999999999998e-06,9.099999999999998e-06,9.099999999999998e-06,0.0172741,9.099999999999998e-06,9.099999999999998e-06,9.099999999999998e-06,0.1366241,9.099999999999998e-06,9.099999999999998e-06,9.099999999999998e-06,9.099999999999998e-06,9.099999999999998e-06,9.099999999999998e-06,9.099999999999998e-06,0.2182241,9.099999999999998e-06,9.099999999999998e-06,9.099999999999998e-06,9.099999999999998e-06,9.099999999999998e-06,9.099999999999998e-06,9.099999999999998e-06,9.099999999999998e-06,9.099999999999998e-06,9.099999999999998e-06,9.099999999999998e-06,9.099999999999998e-06,9.099999999999998e-06,9.099999999999998e-06,9.099999999999998e-06,9.099999999999998e-06,9.099999999999998e-06,9.099999999999998e-06,9.099999999999998e-06,9.099999999999998e-06,9.099999999999998e-06,9.099999999999998e-06,9.099999999999998e-06,9.099999999999998e-06,9.099999999999998e-06,9.099999999999998e-06,9.099999999999998e-06,9.099999999999998e-06,9.099999999999998e-06,9.099999999999998e-06,0.1052641,9.099999999999998e-06,9.099999999999998e-06,9.099999999999998e-06,9.099999999999998e-06,9.099999999999998e-06,9.099999999999998e-06,9.099999999999998e-06,9.099999999999998e-06,9.099999999999998e-06,9.099999999999998e-06,9.099999999999998e-06,9.099999999999998e-06,9.099999999999998e-06,9.099999999999998e-06,9.099999999999998e-06,9.099999999999998e-06,9.099999999999998e-06,9.099999999999998e-06,9.099999999999998e-06,9.099999999999998e-06,9.099999999999998e-06,9.099999999999998e-06,9.099999999999998e-06,9.099999999999998e-06,9.099999999999998e-06,0.1474241,9.099999999999998e-06,9.099999999999998e-06,9.099999999999998e-06,9.099999999999998e-06,9.099999999999998e-06,9.099999999999998e-06,9.099999999999998e-06,26.352704100000004
37082_3#21,0.0191070499999999,0.27132705,2.2049999999999997e-05,0.0994170499999999,0.0290770499999999,0.05921705,5.67267705,0.013687050000000001,0.03275705,7.15916705,0.030847049999999997,2.82968705,0.041147050000000004,2.2049999999999997e-05,0.03823705,0.0028670500000000003,4.85627705,0.28644705,0.08379705,1.2004170500000002,0.16163704999999998,2.2049999999999997e-05,0.36256705,0.053047050000000005,0.15656704999999999,0.90742705,1.12806705,2.2049999999999997e-05,1.21229705,2.2049999999999997e-05,0.08109705,2.2049999999999997e-05,0.0350770499999999,2.2049999999999997e-05,0.40649704999999997,2.2049999999999997e-05,2.2049999999999997e-05,0.2570570499999999,2.2049999999999997e-05,2.2049999999999997e-05,2.2049999999999997e-05,0.01225705,0.00668705,2.2049999999999997e-05,0.005727049999999899,2.2049999999999997e-05,0.01267705,3.1026470500000003,0.22780704999999998,0.03649705,2.2049999999999997e-05,0.14883705,2.2049999999999997e-05,0.63959705,5.22968705,2.2049999999999997e-05,6.37952705,2.2049999999999997e-05,0.13942705,0.46456705,0.22451705,2.2049999999999997e-05,0.3130070499999999,2.2049999999999997e-05,0.35626705,0.22026705,0.024447049999999998,0.007317049999999999,1.04162705,2.2049999999999997e-05,2.2049999999999997e-05,2.2049999999999997e-05,0.0026870500000000003,2.2049999999999997e-05,1.78559705,0.15467704999999998,1.7898770500000003,0.13619705,0.031517050000000005,2.2049999999999997e-05,2.2049999999999997e-05,1.1330970500000002,0.65208705,0.13185704999999998,0.02178705,0.04700705,2.2049999999999997e-05,0.06612705,0.044547050000000005,2.2049999999999997e-05,0.00460705,0.01392705,0.86839705,0.00466705,2.2049999999999997e-05,2.2049999999999997e-05,0.8909170499999999,0.00462705,2.2049999999999997e-05,0.29932705,0.17696705,2.2049999999999997e-05,0.11217705,0.05310705,0.009727050000000001,0.042257050000000004,2.2049999999999997e-05,0.56568705,0.03846705,2.2049999999999997e-05,2.2049999999999997e-05,0.032947050000000005,2.2049999999999997e-05,0.00813705,0.13342705,0.00265705,2.2049999999999997e-05,2.2049999999999997e-05,0.06872705,0.01319705,2.2049999999999997e-05,0.43647705,0.058937050000000005,2.2049999999999997e-05,0.19873705,0.00393705,0.62390705,0.57078705,0.027857049999999998,0.02203705,2.2049999999999997e-05,0.10734705,2.2049999999999997e-05,2.2049999999999997e-05,0.019937049999999998,2.2049999999999997e-05,3.48872705,0.36510705,0.16937705,3.08082705,0.17400705,1.5138870500000001,2.2860270500000004,0.18250704999999998,2.2049999999999997e-05,0.007217049999999899,0.00711705,2.2049999999999997e-05,2.2049999999999997e-05,2.2049999999999997e-05,2.2049999999999997e-05,2.2049999999999997e-05,0.7305070499999999,0.0071670499999999995,2.2049999999999997e-05,2.2049999999999997e-05,2.2049999999999997e-05,0.10151705,0.01557705,2.2049999999999997e-05,2.2049999999999997e-05,0.10451705,0.13716704999999998,2.2049999999999997e-05,0.16147704999999998,2.2049999999999997e-05,0.020287049999999997,2.2049999999999997e-05,0.07958705,0.02409705,0.29379705,0.12110705000000001,0.31861705,0.0104470499999999,2.2049999999999997e-05,2.2049999999999997e-05,2.2049999999999997e-05,2.2049999999999997e-05,0.07908705,2.2049999999999997e-05,0.0047170499999999995,2.2049999999999997e-05,2.2049999999999997e-05,2.2049999999999997e-05,2.2049999999999997e-05,2.2049999999999997e-05,2.2049999999999997e-05,2.2049999999999997e-05,2.2049999999999997e-05,0.2250470499999999,0.35768705,0.45196705,0.36175704999999997,2.2049999999999997e-05,0.01055705,0.08936705,0.07223705,2.2049999999999997e-05,2.2049999999999997e-05,27.453417050000002
37082_3#22,1.505e-05,0.2313400499999999,1.505e-05,0.050860050000000004,0.04181005,1.505e-05,0.9140000500000001,0.013370050000000001,0.01162005,0.59820005,0.0015900500000000002,0.65447005,0.09055004999999999,1.505e-05,1.505e-05,0.17742005,0.41446005,1.505e-05,1.505e-05,0.33461005,0.06757004999999999,1.505e-05,0.1213900499999999,0.25757005,2.68149005,0.07236005,3.86002005,0.00841005,0.37393005,1.505e-05,1.505e-05,1.505e-05,2.35639005,1.505e-05,0.22125005,1.505e-05,1.505e-05,1.505e-05,0.08087005,1.505e-05,1.505e-05,0.00053005,0.07416004999999999,0.5495400500000001,0.00062005,0.01255005,0.015080050000000001,0.21314005,0.04242005,1.505e-05,0.017620049999999998,1.505e-05,1.505e-05,1.51592005,1.06372005,0.04085005,0.07773005,1.505e-05,0.24968005000000001,1.505e-05,0.019350049999999997,0.03259005,1.505e-05,1.505e-05,1.505e-05,1.505e-05,0.052510049999999905,0.11559004999999989,1.505e-05,1.505e-05,1.505e-05,1.505e-05,1.505e-05,0.16058005,1.505e-05,1.505e-05,0.0038200499999999,1.505e-05,1.505e-05,1.505e-05,1.505e-05,0.0047300499999999995,0.37788005,0.00568005,0.01344005,0.005630049999999999,1.505e-05,1.505e-05,0.06572004999999989,1.505e-05,1.505e-05,1.505e-05,1.505e-05,1.505e-05,1.505e-05,1.505e-05,0.09226005,1.505e-05,0.020700049999999998,0.25785005,1.505e-05,0.09885005,0.018130049999999998,1.505e-05,0.0005000499999999999,1.505e-05,1.505e-05,0.08707005,0.048210050000000004,1.505e-05,1.505e-05,1.505e-05,1.505e-05,1.505e-05,0.06528004999999999,1.505e-05,0.05267005,0.08339005,1.505e-05,1.505e-05,1.505e-05,1.505e-05,0.12326005,1.505e-05,0.00013005,1.505e-05,0.05983005,0.17452005,0.004840049999999999,0.0057100499999999995,0.004030049999999999,0.07485005,1.505e-05,1.505e-05,0.38448005,1.505e-05,0.0569600499999999,1.505e-05,0.09703004999999999,0.4968700499999999,0.0308700499999999,1.505e-05,1.505e-05,1.505e-05,1.505e-05,1.505e-05,1.505e-05,1.505e-05,1.505e-05,0.11579004999999999,1.505e-05,1.505e-05,0.0302700499999999,1.505e-05,0.02815005,1.505e-05,1.505e-05,1.505e-05,1.505e-05,0.48175005,1.505e-05,1.505e-05,1.505e-05,1.505e-05,1.505e-05,0.0138900499999999,1.505e-05,1.505e-05,1.505e-05,1.505e-05,0.0130500499999999,1.505e-05,0.01818005,1.505e-05,1.505e-05,1.505e-05,1.505e-05,1.505e-05,0.00574005,0.04414005,1.505e-05,1.505e-05,1.505e-05,1.505e-05,1.505e-05,1.505e-05,1.505e-05,1.505e-05,1.505e-05,0.10001004999999999,0.01936005,1.505e-05,1.505e-05,1.505e-05,1.505e-05,1.505e-05,1.505e-05,1.505e-05,1.505e-05,78.42303005
37082_3#23,1.9775e-05,4.693794775,1.9775e-05,5.329844775,0.312814775,0.015274774999999999,6.117784775,0.328784775,1.9775e-05,6.342954774999999,0.102054775,1.973394775,0.153714775,1.9775e-05,0.005784775,0.09691477500000001,1.935964775,0.18891477499999998,0.0291747749999999,1.4253047749999999,0.4681747749999999,1.9775e-05,0.843344775,0.628874775,1.9775e-05,0.037514775,4.154874775,0.011964774999999999,0.29958477499999997,1.9775e-05,1.9775e-05,1.9775e-05,0.171604775,1.9775e-05,0.097904775,1.9775e-05,0.003934775000000001,1.9775e-05,0.133564775,1.9775e-05,1.9775e-05,1.9775e-05,0.140334775,1.9775e-05,0.011534774999999999,1.9775e-05,0.041284775,1.148654775,1.9775e-05,0.017514775,0.056604774999999996,0.016764775,1.9775e-05,12.210954775,18.646084775000002,0.11094477499999991,0.059154775,0.058374775,1.9775e-05,0.07429477500000001,0.010204775,2.767744775,0.0243047749999999,1.9775e-05,0.016154775,1.9775e-05,0.058744775,1.8165047749999998,1.9775e-05,0.026184775,1.9775e-05,0.014564774999999999,1.9775e-05,0.198164775,1.9775e-05,0.063774775,0.039354775,0.069804775,1.9775e-05,0.0057647749999999,0.013544774999999998,0.07332477500000001,0.8665347750000001,1.9775e-05,0.333844775,0.007444775,1.9775e-05,1.9775e-05,0.257224775,1.9775e-05,1.9775e-05,1.9775e-05,0.8607647749999999,1.9775e-05,1.9775e-05,1.9775e-05,1.056654775,1.9775e-05,0.118194775,0.306934775,1.9775e-05,0.083854775,0.253414775,0.028844775,0.135924775,0.006754775,0.009574774999999999,0.130284775,0.055304775,1.9775e-05,1.9775e-05,0.008644774999999999,0.015874775,1.9775e-05,0.153594775,1.9775e-05,0.098964775,1.4923647749999998,0.008514774999999999,1.9775e-05,0.007694775,0.125524775,0.8926347750000001,0.0951147749999999,1.9775e-05,1.9775e-05,0.400924775,0.42563477499999997,0.0668747749999999,0.006414775,0.009744774999999999,0.040934775,1.9775e-05,1.9775e-05,0.178434775,1.9775e-05,1.9775e-05,1.9775e-05,1.9775e-05,0.9643347750000001,1.9775e-05,0.107124775,0.001154775,1.9775e-05,1.9775e-05,1.9775e-05,0.004634775,1.9775e-05,1.9775e-05,0.004964775,1.9775e-05,1.9775e-05,0.1627147749999999,1.9775e-05,1.9775e-05,1.9775e-05,1.9775e-05,0.099534775,0.021704775,0.178034775,0.010024775,0.027254775,1.9775e-05,1.9775e-05,0.005614775,0.070334775,1.9775e-05,0.0057647749999999,1.9775e-05,0.056474775,0.052284775,1.9775e-05,0.058124775,0.031654774999999996,1.9775e-05,1.9775e-05,1.9775e-05,1.9775e-05,0.07819477500000001,1.9775e-05,1.9775e-05,1.9775e-05,1.9775e-05,1.9775e-05,1.9775e-05,1.9775e-05,1.9775e-05,1.9775e-05,1.9775e-05,2.0600647750000003,0.008154775,0.2635547749999999,1.9775e-05,1.9775e-05,0.006634775,0.015434775,1.9775e-05,1.9775e-05,1.9775e-05,13.470594774999988
37082_3#24,1.9949999999999997e-05,0.02512495,1.9949999999999997e-05,0.22456495,0.00411495,0.00087495,9.50012495,0.03710495,1.9949999999999997e-05,4.30232495,0.014514949999999999,2.68635495,0.00702495,1.9949999999999997e-05,1.9949999999999997e-05,0.5473249499999999,1.58667495,1.9949999999999997e-05,0.22246495000000002,1.23579495,1.9949999999999997e-05,1.9949999999999997e-05,0.035034949999999995,7.76228495,0.8465149499999999,0.02522495,1.09971495,0.03701495,0.61214495,1.9949999999999997e-05,1.9949999999999997e-05,1.9949999999999997e-05,0.65899495,1.9949999999999997e-05,0.27924495,1.9949999999999997e-05,1.9949999999999997e-05,0.012984949999999999,1.9949999999999997e-05,1.9949999999999997e-05,1.9949999999999997e-05,0.00399495,0.19344495,0.79318495,0.009144949999999999,0.00747495,0.007824949999999999,0.5798249499999999,1.44812495,1.9949999999999997e-05,1.9949999999999997e-05,0.01546495,0.009874949999999999,4.71207495,0.58269495,0.44080495,0.71712495,1.9949999999999997e-05,0.04379495,0.1205449499999999,0.15668495000000002,1.9949999999999997e-05,1.9949999999999997e-05,0.00153495,0.0070849500000000004,0.35037494999999996,0.02236495,0.17300495000000002,0.06665494999999999,1.9949999999999997e-05,1.9949999999999997e-05,1.9949999999999997e-05,0.00545495,0.04945495,1.9949999999999997e-05,0.049834949999999996,0.01448495,0.033674949999999995,1.9949999999999997e-05,0.0016749499999999,0.00718495,0.15584495,1.14114495,1.9949999999999997e-05,0.032634949999999996,0.5179949500000001,1.9949999999999997e-05,1.9949999999999997e-05,0.12825495,1.9949999999999997e-05,1.9949999999999997e-05,1.9949999999999997e-05,1.9949999999999997e-05,1.9949999999999997e-05,0.11776495,1.9949999999999997e-05,6.17732495,1.9949999999999997e-05,0.32338495,0.06599495,1.9949999999999997e-05,0.01976495,0.057534949999999994,1.9949999999999997e-05,0.05780495,1.9949999999999997e-05,1.9949999999999997e-05,0.025834950000000002,0.2173049499999999,1.9949999999999997e-05,0.01045495,0.05993495,0.02261495,0.02713495,0.07227494999999999,1.9949999999999997e-05,1.9949999999999997e-05,1.9949999999999997e-05,0.008254949999999999,0.09497494999999989,1.9949999999999997e-05,0.03110495,0.66760495,1.9949999999999997e-05,0.03968495,1.9949999999999997e-05,0.13342495000000001,0.41765494999999997,0.00756495,0.00318495,1.9949999999999997e-05,0.17997495000000002,1.9949999999999997e-05,1.9949999999999997e-05,0.047994949999999995,1.9949999999999997e-05,1.9949999999999997e-05,0.010004949999999999,1.9949999999999997e-05,0.18536495,0.33429495,0.03196495,0.41729495,0.00401495,0.00920495,1.9949999999999997e-05,0.00113495,0.043284949999999996,0.00693495,1.20686495,1.9949999999999997e-05,0.024724950000000002,1.9949999999999997e-05,1.9949999999999997e-05,1.9949999999999997e-05,1.9949999999999997e-05,1.9949999999999997e-05,0.12598495,0.00412495,0.47360494999999997,0.07883495,0.09705495,1.9949999999999997e-05,1.9949999999999997e-05,1.9949999999999997e-05,0.27134495,1.9949999999999997e-05,1.9949999999999997e-05,1.9949999999999997e-05,0.00502495,0.00236495,1.9949999999999997e-05,0.11187495,0.11457495,1.9949999999999997e-05,1.9949999999999997e-05,1.9949999999999997e-05,1.9949999999999997e-05,0.022774950000000002,0.90513495,0.00256495,1.9949999999999997e-05,1.9949999999999997e-05,1.9949999999999997e-05,1.9949999999999997e-05,1.9949999999999997e-05,1.9949999999999997e-05,1.9949999999999997e-05,1.9949999999999997e-05,0.37590494999999996,0.44797494999999987,1.9949999999999997e-05,1.9949999999999997e-05,0.08729495,0.00597495,1.9949999999999997e-05,1.9949999999999997e-05,1.9949999999999997e-05,1.9949999999999997e-05,41.33993495
37082_3#25,1.5399999999999998e-05,1.5399999999999998e-05,1.5399999999999998e-05,1.4280404000000002,1.0747004,1.5399999999999998e-05,15.2512904,0.1408004,1.5399999999999998e-05,10.3711504,0.1447804,2.1106404000000003,0.21686039999999998,1.5399999999999998e-05,0.0468004,1.3791604000000002,3.5129204,1.5399999999999998e-05,0.019430399999999997,1.0228004000000002,0.7998504,1.5399999999999998e-05,4.4035304,0.019400399999999998,0.2608804,10.1784304,0.2415104,0.0266904,0.21231039999999998,1.5399999999999998e-05,0.24570039999999999,1.5399999999999998e-05,0.1448903999999999,1.5399999999999998e-05,0.3229104,1.5399999999999998e-05,0.06644040000000001,0.0322004,0.1251603999999999,1.5399999999999998e-05,1.5399999999999998e-05,1.5399999999999998e-05,0.0388104,1.5399999999999998e-05,1.5399999999999998e-05,0.0392104,1.5399999999999998e-05,0.7497003999999999,0.15239039999999998,1.5399999999999998e-05,1.5399999999999998e-05,0.0033004,0.2821004,1.6410004,6.4543804,5.8743304,0.0782404,0.0780304,1.5399999999999998e-05,0.0462604,4.5523004,0.4055104,1.5399999999999998e-05,1.5399999999999998e-05,0.1600904,0.0009804,0.1151704,1.6491904,1.5399999999999998e-05,1.5399999999999998e-05,1.5399999999999998e-05,1.5399999999999998e-05,1.5399999999999998e-05,1.5399999999999998e-05,1.5399999999999998e-05,1.5399999999999998e-05,0.0126704,0.0005003999999999999,0.2026904,1.5399999999999998e-05,1.5399999999999998e-05,0.0378804,3.0524304,1.5399999999999998e-05,1.5399999999999998e-05,1.5399999999999998e-05,1.5399999999999998e-05,1.5399999999999998e-05,0.1164103999999999,1.5399999999999998e-05,1.5399999999999998e-05,1.5399999999999998e-05,1.5399999999999998e-05,1.5399999999999998e-05,0.0268503999999999,1.5399999999999998e-05,3.3907804,1.5399999999999998e-05,1.5399999999999998e-05,0.3225704,1.5399999999999998e-05,0.09995040000000001,1.0816404000000002,0.09462040000000001,0.0272104,1.5399999999999998e-05,1.5399999999999998e-05,0.3582304,1.5399999999999998e-05,0.0036204,1.5399999999999998e-05,0.0045304,1.5399999999999998e-05,1.5399999999999998e-05,0.4143003999999999,1.5399999999999998e-05,1.5399999999999998e-05,1.5399999999999998e-05,1.5399999999999998e-05,1.5399999999999998e-05,1.5399999999999998e-05,0.2900704,0.0053904,0.2888503999999999,0.1362603999999999,1.5399999999999998e-05,1.5399999999999998e-05,0.39355039999999997,0.0813504,1.5399999999999998e-05,1.5399999999999998e-05,1.5399999999999998e-05,1.5399999999999998e-05,1.5399999999999998e-05,1.5399999999999998e-05,1.5399999999999998e-05,1.5399999999999998e-05,0.0060504,1.5399999999999998e-05,0.5191504,0.0257604,1.5399999999999998e-05,0.027570399999999898,1.5399999999999998e-05,1.5399999999999998e-05,1.5399999999999998e-05,0.0340204,0.33272039999999997,1.5399999999999998e-05,1.5399999999999998e-05,1.5399999999999998e-05,1.5399999999999998e-05,1.1501004000000001,1.5399999999999998e-05,0.044250399999999995,1.5399999999999998e-05,1.5399999999999998e-05,1.5399999999999998e-05,1.5399999999999998e-05,1.5399999999999998e-05,2.4537704000000002,0.0864103999999999,1.5399999999999998e-05,1.5399999999999998e-05,1.5399999999999998e-05,1.5399999999999998e-05,0.022220399999999998,1.5399999999999998e-05,0.0140204,0.046200399999999996,1.5399999999999998e-05,1.5399999999999998e-05,0.1596704,1.5399999999999998e-05,1.5399999999999998e-05,1.5399999999999998e-05,1.5399999999999998e-05,0.0399804,1.5399999999999998e-05,0.0128704,0.041070399999999896,1.5399999999999998e-05,1.5399999999999998e-05,1.5399999999999998e-05,1.5399999999999998e-05,1.5399999999999998e-05,1.5399999999999998e-05,1.5399999999999998e-05,1.5399999999999998e-05,0.0287304,1.5399999999999998e-05,1.5399999999999998e-05,0.0041704,1.5399999999999998e-05,1.5399999999999998e-05,1.5399999999999998e-05,1.5399999999999998e-05,1.5399999999999998e-05,1.5399999999999998e-05,8.386900400000021
37082_3#26,2.3449999999999997e-05,0.0005584499999999999,2.3449999999999997e-05,0.48349844999999997,0.03926845,0.04741845,12.13847845,0.07920845,2.3449999999999997e-05,1.32477845,0.00599845,1.3500584500000001,2.3449999999999997e-05,2.3449999999999997e-05,0.01488845,0.60324845,1.83493845,0.2792084499999999,0.010008449999999999,0.6177484500000001,0.01095845,2.3449999999999997e-05,0.26366845,2.80704845,0.5681884500000001,0.1890484499999999,2.78362845,0.03252845,1.2131284500000001,2.3449999999999997e-05,0.12420845,0.04761845,1.99227845,2.3449999999999997e-05,4.37317845,2.3449999999999997e-05,0.00028845,0.10731845,0.02727845,2.3449999999999997e-05,2.3449999999999997e-05,0.04616845,0.048788450000000004,0.58371845,0.02304845,0.15941845,0.13486845,0.89808845,2.3449999999999997e-05,0.0764684499999999,2.3449999999999997e-05,0.012388449999999999,2.3449999999999997e-05,5.84843845,0.03322845,0.61218845,0.39490844999999997,0.02119845,0.03354845,0.22777845,0.54131845,0.00468845,2.3449999999999997e-05,2.3449999999999997e-05,0.25135844999999996,0.014908449999999998,0.04213845,0.3070084499999999,0.0539284499999999,2.3449999999999997e-05,2.3449999999999997e-05,0.00429845,0.00513845,0.00057845,0.35714844999999995,0.21481845,0.12809845,0.03381845,0.024048449999999902,2.3449999999999997e-05,0.03657845,0.29314844999999995,1.69306845,0.01130845,0.04471845,0.07842845,2.3449999999999997e-05,0.02103845,0.08175845,2.3449999999999997e-05,0.06219845,0.0018284499999999002,0.01812845,2.3449999999999997e-05,0.02943845,0.05070845,0.35604844999999996,0.00631845,0.08649845,0.2338984499999999,2.3449999999999997e-05,0.03778845,0.19326845,0.05592845,0.03866845,2.3449999999999997e-05,2.3449999999999997e-05,1.25856845,0.09687845,2.3449999999999997e-05,2.3449999999999997e-05,0.0197984499999999,0.01173845,0.02058845,0.16883845,2.3449999999999997e-05,2.3449999999999997e-05,0.00053845,0.00747845,0.6326884500000001,2.3449999999999997e-05,0.25158844999999996,0.019448449999999902,0.23286845,0.52491845,2.3449999999999997e-05,2.3449999999999997e-05,1.13959845,0.05031845,0.02060845,2.3449999999999997e-05,0.25770845,0.03653845,2.3449999999999997e-05,0.03928845,2.3449999999999997e-05,2.3449999999999997e-05,0.03425845,2.3449999999999997e-05,2.3449999999999997e-05,0.009158449999999999,0.42117844999999987,0.00903845,2.3449999999999997e-05,1.30695845,2.3449999999999997e-05,0.03554845,0.013918449999999999,2.3449999999999997e-05,2.3449999999999997e-05,0.00767845,0.34440845,0.0007984499999999999,0.02272845,2.3449999999999997e-05,2.3449999999999997e-05,0.00620845,0.04619845,0.01592845,1.12087845,0.01594845,2.3449999999999997e-05,2.3449999999999997e-05,0.015318449999999999,0.01636845,0.20942845,0.00699845,2.3449999999999997e-05,2.3449999999999997e-05,0.11593845,2.3449999999999997e-05,2.3449999999999997e-05,0.02518845,2.3449999999999997e-05,0.015238449999999999,2.3449999999999997e-05,0.05248845,2.3449999999999997e-05,0.04456845,0.08061845,0.02206845,2.3449999999999997e-05,2.3449999999999997e-05,2.3449999999999997e-05,2.3449999999999997e-05,2.3449999999999997e-05,2.3449999999999997e-05,2.3449999999999997e-05,2.3449999999999997e-05,0.35713845,0.16766845,0.21204845,2.3449999999999997e-05,1.74728845,0.18780845,2.3449999999999997e-05,2.3449999999999997e-05,2.3449999999999997e-05,2.3449999999999997e-05,40.58345844999999
37082_3#27,1.8724999999999998e-05,0.154433725,1.8724999999999998e-05,0.739523725,0.044413724999999994,0.033563724999999996,2.2219037249999998,0.040543724999999996,1.8724999999999998e-05,1.957813725,1.8724999999999998e-05,0.801493725,0.023013725,1.8724999999999998e-05,1.8724999999999998e-05,0.477653725,0.923433725,0.11258372500000001,1.8724999999999998e-05,0.499703725,0.019043725,1.8724999999999998e-05,0.137693725,7.3669237249999995,0.195893725,0.261263725,3.110323725,1.8724999999999998e-05,0.2616537249999999,1.8724999999999998e-05,1.8724999999999998e-05,1.8724999999999998e-05,1.8724999999999998e-05,1.8724999999999998e-05,0.37690372499999997,1.8724999999999998e-05,0.002013725,1.8724999999999998e-05,0.069713725,1.8724999999999998e-05,0.003073725,0.0149937249999999,0.122493725,0.18087372499999999,1.8724999999999998e-05,1.8724999999999998e-05,0.036803724999999995,0.680773725,0.022473725,0.007913725,0.013773725,0.029473725,1.8724999999999998e-05,1.6047537250000001,0.581563725,2.322723725,1.798483725,0.0059837250000000005,1.8724999999999998e-05,0.031673724999999896,0.784333725,0.443933725,0.030043725,1.8724999999999998e-05,0.037063725,0.381433725,0.046803725,0.3265537249999999,0.30491372499999997,1.8724999999999998e-05,1.8724999999999998e-05,1.8724999999999998e-05,0.0005237250000000001,0.001733725,1.8724999999999998e-05,1.8724999999999998e-05,0.055583724999999994,1.8724999999999998e-05,1.8724999999999998e-05,0.0205537249999999,0.016453725,0.040413725,2.1495637249999997,0.206863725,0.027433725,0.306933725,1.8724999999999998e-05,1.8724999999999998e-05,0.237363725,1.8724999999999998e-05,1.8724999999999998e-05,1.8724999999999998e-05,0.21658372499999998,0.0039837250000000005,1.8724999999999998e-05,0.161283725,2.842773725,0.004413725,0.0152937249999999,0.12494372499999991,1.8724999999999998e-05,0.020603725,0.073573725,0.033373724999999896,0.041873724999999994,1.8724999999999998e-05,1.8724999999999998e-05,0.529313725,0.18955372499999998,1.8724999999999998e-05,1.8724999999999998e-05,1.8724999999999998e-05,0.016203725,1.8724999999999998e-05,0.150403725,1.8724999999999998e-05,1.8724999999999998e-05,0.872423725,1.8724999999999998e-05,0.059983724999999995,1.8724999999999998e-05,0.040183724999999997,0.454123725,0.009023725,0.094623725,1.8724999999999998e-05,0.156923725,0.6592437250000001,0.012323725,0.032383724999999995,0.24911372499999998,0.0804737249999999,1.8724999999999998e-05,1.8724999999999998e-05,0.009123725000000001,1.8724999999999998e-05,1.8724999999999998e-05,1.8724999999999998e-05,1.8724999999999998e-05,0.064553725,0.16896372499999998,0.0141937249999999,0.051663724999999994,1.8724999999999998e-05,0.071053725,1.8724999999999998e-05,0.022223725,1.8724999999999998e-05,1.8724999999999998e-05,1.8724999999999998e-05,1.8724999999999998e-05,1.8724999999999998e-05,0.150043725,1.8724999999999998e-05,0.116623725,1.8724999999999998e-05,1.8724999999999998e-05,0.025193725,1.8724999999999998e-05,0.599703725,1.494483725,1.8724999999999998e-05,1.8724999999999998e-05,1.8724999999999998e-05,1.8724999999999998e-05,0.185263725,1.8724999999999998e-05,1.8724999999999998e-05,1.8724999999999998e-05,1.8724999999999998e-05,1.8724999999999998e-05,1.8724999999999998e-05,0.240863725,0.009863725,1.8724999999999998e-05,1.8724999999999998e-05,1.8724999999999998e-05,1.8724999999999998e-05,0.066643725,0.29042372499999997,1.8724999999999998e-05,1.8724999999999998e-05,1.8724999999999998e-05,1.8724999999999998e-05,1.8724999999999998e-05,1.8724999999999998e-05,1.8724999999999998e-05,1.8724999999999998e-05,1.8724999999999998e-05,1.8724999999999998e-05,0.21045372499999998,0.1200637249999999,1.8724999999999998e-05,0.113783725,1.8724999999999998e-05,0.022203725,1.8724999999999998e-05,1.8724999999999998e-05,1.8724999999999998e-05,56.098033725
37082_3#28,6.300000000000001e-06,6.300000000000001e-06,6.300000000000001e-06,11.217671300000001,0.1420512999999999,6.300000000000001e-06,7.9285613,0.11038129999999999,6.300000000000001e-06,0.0002713,1.9893512999999998,0.4575813,6.300000000000001e-06,6.300000000000001e-06,6.300000000000001e-06,1.0597613,0.2700713,6.300000000000001e-06,6.300000000000001e-06,0.7413713,6.300000000000001e-06,6.300000000000001e-06,6.300000000000001e-06,36.1699913,6.300000000000001e-06,0.0249413,0.08192129999999999,0.8809313000000001,0.9269413,6.300000000000001e-06,6.300000000000001e-06,6.300000000000001e-06,0.0085413,6.300000000000001e-06,6.300000000000001e-06,6.300000000000001e-06,6.300000000000001e-06,6.300000000000001e-06,0.1428613,0.0422513,6.300000000000001e-06,0.0003112999999999,0.0034913,0.5862413,6.300000000000001e-06,0.0249013,6.300000000000001e-06,0.15495130000000001,6.300000000000001e-06,6.300000000000001e-06,6.300000000000001e-06,6.300000000000001e-06,6.300000000000001e-06,5.786281300000001,0.0177412999999999,6.614591300000001,6.300000000000001e-06,6.300000000000001e-06,6.300000000000001e-06,6.300000000000001e-06,0.1644113,6.300000000000001e-06,6.300000000000001e-06,6.300000000000001e-06,6.300000000000001e-06,6.300000000000001e-06,6.300000000000001e-06,0.1370713,6.300000000000001e-06,6.300000000000001e-06,6.300000000000001e-06,6.300000000000001e-06,6.300000000000001e-06,6.300000000000001e-06,6.300000000000001e-06,6.300000000000001e-06,6.300000000000001e-06,6.300000000000001e-06,6.300000000000001e-06,6.300000000000001e-06,6.300000000000001e-06,6.300000000000001e-06,0.10537129999999999,6.300000000000001e-06,6.300000000000001e-06,6.300000000000001e-06,6.300000000000001e-06,6.300000000000001e-06,0.0373613,6.300000000000001e-06,6.300000000000001e-06,6.300000000000001e-06,6.300000000000001e-06,6.300000000000001e-06,6.300000000000001e-06,6.300000000000001e-06,6.300000000000001e-06,6.300000000000001e-06,6.300000000000001e-06,0.0716313,6.300000000000001e-06,0.3515413,6.300000000000001e-06,6.300000000000001e-06,6.300000000000001e-06,6.300000000000001e-06,6.300000000000001e-06,6.300000000000001e-06,0.0215813,6.300000000000001e-06,0.0275113,6.300000000000001e-06,2.6445013,6.300000000000001e-06,6.300000000000001e-06,6.300000000000001e-06,6.300000000000001e-06,6.300000000000001e-06,6.300000000000001e-06,6.300000000000001e-06,6.300000000000001e-06,6.300000000000001e-06,6.300000000000001e-06,6.300000000000001e-06,6.300000000000001e-06,6.300000000000001e-06,6.300000000000001e-06,6.300000000000001e-06,6.300000000000001e-06,6.300000000000001e-06,6.300000000000001e-06,6.300000000000001e-06,6.300000000000001e-06,6.300000000000001e-06,6.300000000000001e-06,6.300000000000001e-06,6.300000000000001e-06,6.300000000000001e-06,6.300000000000001e-06,6.300000000000001e-06,6.300000000000001e-06,6.300000000000001e-06,6.300000000000001e-06,6.300000000000001e-06,6.300000000000001e-06,6.300000000000001e-06,6.300000000000001e-06,6.300000000000001e-06,6.300000000000001e-06,6.300000000000001e-06,6.300000000000001e-06,6.300000000000001e-06,6.300000000000001e-06,6.300000000000001e-06,6.300000000000001e-06,6.300000000000001e-06,6.300000000000001e-06,6.300000000000001e-06,6.300000000000001e-06,6.300000000000001e-06,6.300000000000001e-06,6.300000000000001e-06,6.300000000000001e-06,6.300000000000001e-06,6.300000000000001e-06,6.300000000000001e-06,6.300000000000001e-06,6.300000000000001e-06,6.300000000000001e-06,6.300000000000001e-06,6.300000000000001e-06,6.300000000000001e-06,6.300000000000001e-06,6.300000000000001e-06,6.300000000000001e-06,6.300000000000001e-06,6.300000000000001e-06,6.300000000000001e-06,6.300000000000001e-06,6.300000000000001e-06,6.300000000000001e-06,6.300000000000001e-06,6.300000000000001e-06,6.300000000000001e-06,6.300000000000001e-06,6.300000000000001e-06,6.300000000000001e-06,6.300000000000001e-06,6.300000000000001e-06,6.300000000000001e-06,6.300000000000001e-06,6.300000000000001e-06,6.300000000000001e-06,6.300000000000001e-06,6.300000000000001e-06,6.300000000000001e-06,6.300000000000001e-06,6.300000000000001e-06,6.300000000000001e-06,21.0540213
37082_3#29,2.1175e-05,0.039556175,2.1175e-05,0.153186175,0.016066175000000002,0.014016175,0.668016175,0.000926175,0.032796175,8.739766175,2.1175e-05,1.671916175,0.056736175,2.1175e-05,2.1175e-05,2.1175e-05,0.422736175,0.016666175000000002,0.42148617499999996,0.294116175,0.000736175,2.1175e-05,0.721616175,0.241546175,0.691216175,0.4307761749999999,0.711196175,2.1175e-05,0.1834461749999999,2.1175e-05,2.1175e-05,2.1175e-05,0.069796175,2.1175e-05,0.610536175,2.1175e-05,2.1175e-05,0.003306175,2.1175e-05,2.1175e-05,2.1175e-05,0.018516175000000003,0.210066175,0.21688617500000001,2.1175e-05,0.020776175,0.012356175,0.647186175,2.1175e-05,0.081346175,0.049096175,0.041956175,2.1175e-05,3.294806175,0.070266175,2.1175e-05,1.5683061750000002,2.1175e-05,0.5009261749999999,0.084446175,0.145636175,1.8148961750000001,0.025806175,0.010206175,0.030946175000000003,0.505006175,0.022516175000000003,0.212816175,0.128756175,2.1175e-05,2.1175e-05,2.1175e-05,2.1175e-05,0.005316174999999999,0.888106175,0.046576175,0.6597361749999999,2.1175e-05,2.1175e-05,2.1175e-05,2.1175e-05,0.31695617499999995,1.6027661750000002,0.0423061749999999,0.018986175,0.240216175,2.1175e-05,2.1175e-05,0.283416175,2.1175e-05,2.1175e-05,2.1175e-05,2.1175e-05,2.1175e-05,2.1175e-05,0.19210617500000002,0.9034161749999999,2.1175e-05,0.284176175,0.31369617499999997,2.1175e-05,0.004256175,0.547136175,0.052906175,0.0175061749999999,0.07074617500000001,2.1175e-05,1.0414761750000001,0.102336175,2.1175e-05,2.1175e-05,0.034806174999999995,2.1175e-05,0.004756175,0.030966175000000002,0.000256175,2.1175e-05,0.290896175,2.1175e-05,0.016296174999999902,2.1175e-05,0.27201617499999997,0.239026175,0.006296174999999999,0.088946175,0.07321617499999991,0.186286175,1.0371161750000002,0.4107561749999999,2.1175e-05,2.1175e-05,0.2161061749999999,2.1175e-05,2.1175e-05,0.165206175,2.1175e-05,2.1175e-05,0.001056175,0.052666174999999996,16.683486175,2.1175e-05,0.27234617499999997,0.080346175,0.136436175,1.3859161750000002,0.021446175,0.123916175,2.1175e-05,0.0010261749999999998,0.191126175,2.1175e-05,0.00041617499999999997,0.0022061749999999,2.1175e-05,2.1175e-05,2.1175e-05,2.1175e-05,0.013286174999999999,2.1175e-05,2.285556175,0.000936175,2.1175e-05,0.004736175,0.0144061749999999,0.017386175,0.071236175,2.1175e-05,0.002406175,0.014246175,0.843636175,2.1175e-05,0.028166175,0.186356175,0.07511617500000001,2.1175e-05,2.1175e-05,0.009156174999999999,2.1175e-05,0.190866175,0.2317561749999999,0.049426174999999996,2.1175e-05,2.1175e-05,2.1175e-05,2.1175e-05,2.1175e-05,2.1175e-05,2.1175e-05,2.1175e-05,2.1175e-05,0.629156175,0.30215617499999997,0.023376175000000003,2.1175e-05,0.032386174999999996,0.333436175,0.031556175,2.1175e-05,2.1175e-05,39.022426175
37082_3#2,8.925e-06,4.261013925,0.008073925,2.1558639250000002,0.25678392499999997,0.130463925,11.138353925,0.193853925,8.925e-06,7.828053925,0.936773925,1.091973925,0.042853925,0.012113925,0.0603039249999999,0.433773925,7.566243924999999,8.925e-06,8.925e-06,3.6681939249999997,8.837133925000002,8.925e-06,0.14931392500000001,3.012193925,0.2284939249999999,0.438273925,0.307753925,0.074253925,0.16528392499999991,8.925e-06,8.925e-06,8.925e-06,0.240163925,8.925e-06,0.25001392499999997,8.925e-06,8.925e-06,8.925e-06,8.925e-06,1.862513925,8.925e-06,8.925e-06,0.171783925,8.925e-06,0.045903925,0.104043925,8.925e-06,0.582293925,8.925e-06,8.925e-06,8.925e-06,0.001363925,8.925e-06,10.828633925,12.066503925000001,0.002353925,8.925e-06,8.925e-06,8.925e-06,8.925e-06,1.901833925,8.925e-06,8.925e-06,8.925e-06,0.038223925,8.925e-06,8.925e-06,0.030173925,8.925e-06,8.925e-06,8.925e-06,8.925e-06,8.925e-06,8.925e-06,8.925e-06,0.010053925,8.925e-06,8.925e-06,8.925e-06,8.925e-06,8.925e-06,8.925e-06,8.925e-06,8.925e-06,8.925e-06,0.119193925,8.925e-06,8.925e-06,0.203473925,8.925e-06,8.925e-06,8.925e-06,0.336003925,8.925e-06,8.925e-06,15.016973925,8.925e-06,8.925e-06,8.925e-06,0.3763839249999999,8.925e-06,8.925e-06,8.925e-06,8.925e-06,0.001053925,8.925e-06,8.925e-06,8.925e-06,8.925e-06,8.925e-06,8.925e-06,8.925e-06,0.078423925,8.925e-06,8.925e-06,8.925e-06,8.925e-06,8.925e-06,8.925e-06,8.925e-06,8.925e-06,8.925e-06,0.258573925,8.925e-06,8.925e-06,8.925e-06,8.925e-06,8.925e-06,8.925e-06,8.925e-06,8.925e-06,8.925e-06,8.925e-06,0.991563925,0.038323925,8.925e-06,8.925e-06,8.925e-06,8.925e-06,8.925e-06,8.925e-06,8.925e-06,8.925e-06,8.925e-06,8.925e-06,8.925e-06,8.925e-06,8.925e-06,8.925e-06,8.925e-06,8.925e-06,8.925e-06,8.925e-06,8.925e-06,8.925e-06,8.925e-06,8.925e-06,8.925e-06,8.925e-06,0.0333139249999999,8.925e-06,8.925e-06,8.925e-06,8.925e-06,8.925e-06,8.925e-06,8.925e-06,8.925e-06,8.925e-06,8.925e-06,8.925e-06,8.925e-06,8.925e-06,8.925e-06,8.925e-06,8.925e-06,8.925e-06,8.925e-06,8.925e-06,8.925e-06,8.925e-06,8.925e-06,8.925e-06,8.925e-06,8.925e-06,8.925e-06,8.925e-06,8.925e-06,8.925e-06,8.925e-06,8.925e-06,8.925e-06,8.925e-06,8.925e-06,8.925e-06,8.925e-06,8.925e-06,8.925e-06,8.925e-06,1.412133925000005
37082_3#30,0.0189881,1.5659180999999998,2.31e-05,0.1529681,0.2698281,0.0795781,1.5291781,0.1248781,2.31e-05,26.1036881,2.31e-05,0.4286681,0.1134781,0.0221181,2.31e-05,0.0127480999999999,1.3775081,0.015198099999999999,0.2698781,0.9088181000000001,0.0058081,0.0008580999999999,1.3635481,2.31e-05,2.31e-05,0.6430381000000001,0.5069381000000001,2.31e-05,0.28753809999999996,2.31e-05,2.31e-05,2.31e-05,2.31e-05,2.31e-05,0.2795281,2.31e-05,2.31e-05,0.019968100000000003,0.12432810000000001,2.31e-05,2.31e-05,2.31e-05,0.28781809999999997,0.0034981,0.0090981,2.31e-05,0.0097180999999999,1.1447281,2.31e-05,0.0895981,2.31e-05,0.004688100000000001,2.31e-05,1.2349280999999999,0.22705809999999998,0.1051181,0.5664581000000001,2.31e-05,0.0979381,0.7327281,0.0288081,0.2035081,0.13230809999999998,0.029268100000000002,0.4066881,2.31e-05,0.0190681,0.5428681000000001,0.4321280999999999,2.31e-05,2.31e-05,0.0002280999999999,0.0014080999999999,0.0050981,1.3194381,0.3530281,4.134568100000001,0.1451881,0.024308099999999902,0.0407981,0.0098980999999999,4.582368100000001,0.6333281000000001,2.31e-05,0.15719809999999998,0.0778181,2.31e-05,2.31e-05,0.0569680999999999,2.31e-05,0.0038981000000000003,0.0135681,0.06616809999999991,2.31e-05,0.0046681000000000005,0.0116981,0.2478481,0.0012981,0.0062881000000000005,0.1561281,0.1416681,2.31e-05,0.2984580999999999,0.023288100000000003,0.032638099999999996,2.31e-05,2.31e-05,0.0766681,0.0235181,2.31e-05,2.31e-05,1.0096680999999998,2.31e-05,0.017588100000000002,0.0243481,2.31e-05,2.31e-05,0.1232781,0.0230781,0.027968100000000003,0.09515810000000001,0.5432981000000001,0.3384681,2.31e-05,0.7095381000000001,2.31e-05,2.31e-05,2.31e-05,0.1109381,0.0011981,2.31e-05,2.31e-05,2.31e-05,2.31e-05,0.0069981,2.31e-05,2.31e-05,0.2086881,0.1251881,10.834318099999999,0.14978809999999998,2.31e-05,0.7991681,0.3763181,0.0543581,0.0515180999999999,0.2639781,0.038048099999999994,0.0331481,2.31e-05,0.0163581,0.28182809999999997,2.31e-05,0.0048381000000000006,2.31e-05,0.031528099999999996,0.0152980999999999,2.31e-05,0.0245181,0.5751081,0.0103581,0.0131381,0.9027181000000001,0.0307381,0.3514481,2.31e-05,0.0265481,0.0206580999999999,0.0636081,0.1199381,0.007878099999999999,0.0836781,0.1245681,0.1003781,2.31e-05,2.31e-05,0.0992581,2.31e-05,2.31e-05,2.31e-05,0.0287981,2.31e-05,0.0058181000000000005,0.0030480999999999998,2.31e-05,2.31e-05,2.31e-05,2.31e-05,0.0129980999999999,2.31e-05,2.31e-05,2.31e-05,0.1510881,3.1188381,0.1472781,0.0705581,0.1024881,0.007538100000000001,2.31e-05,22.297088099999968
37082_3#31,0.109059325,2.257789325,0.112709325,0.265219325,0.110249325,0.206689325,3.110739325,0.41226932499999996,0.003609325,10.665479325,0.011129325,0.471289325,0.364279325,0.041389325,2.4325e-05,0.022509324999999997,1.231449325,0.045129325,0.201689325,1.087029325,2.4325e-05,0.009239325,0.647969325,2.4325e-05,0.007019325,2.794189325,0.5936493250000001,2.4325e-05,0.20375932500000002,2.4325e-05,2.4325e-05,0.007309325,0.042489325,0.0010893250000000001,0.032039325,2.4325e-05,0.017189325,0.008479325,0.031309325,2.4325e-05,2.4325e-05,2.4325e-05,0.040859324999999995,0.28931932499999996,0.000339325,0.0208093249999999,0.021519325,0.528609325,2.4325e-05,0.024349324999999998,0.088149325,0.072949325,0.001559325,3.573859325,0.437569325,0.003809325,0.297579325,0.011159325,1.901689325,0.21332932500000001,2.4325e-05,0.426519325,2.4325e-05,0.045389325,0.21174932500000002,2.4325e-05,2.4325e-05,0.099719325,2.4325e-05,0.026569324999999998,0.018979325,2.4325e-05,2.4325e-05,0.091099325,1.6727193249999999,0.08312932499999989,1.853019325,0.1375993249999999,0.039699325,2.4325e-05,2.4325e-05,5.608149324999999,0.643269325,2.4325e-05,0.28693932499999997,0.0797693249999999,2.4325e-05,2.4325e-05,0.116969325,2.4325e-05,0.027609324999999997,0.24943932500000002,0.001149325,2.4325e-05,0.006759325,0.28160932499999997,0.244179325,0.002389325,0.38734932499999997,0.08254932499999999,0.2111993249999999,0.026269325,0.257599325,0.0038493250000000002,0.011969325,2.4325e-05,0.013069325,2.4325e-05,0.027799325,2.4325e-05,0.060609325,0.1852493249999999,0.079629325,0.110469325,0.007359325,2.4325e-05,0.725449325,0.124139325,0.019389325,0.062269324999999896,0.049029325,0.239499325,0.030489324999999998,2.4325e-05,1.1791093250000002,0.514699325,2.4325e-05,2.4325e-05,0.005169325,2.4325e-05,2.4325e-05,2.4325e-05,2.4325e-05,2.4325e-05,0.035589325,2.4325e-05,2.4325e-05,0.35042932499999996,0.259919325,9.687489325,0.069489325,2.4325e-05,4.205539324999999,3.649969325,0.151159325,0.027249324999999998,0.344629325,0.0933293249999999,0.0098993249999999,2.4325e-05,0.005589325,0.061119324999999995,0.085049325,0.0014893250000000001,2.4325e-05,0.074279325,2.4325e-05,0.0033493250000000002,0.011789325,0.8249493250000001,0.004059325,0.010009325,1.562929325,0.017559324999999997,0.11906932499999989,2.4325e-05,2.4325e-05,2.4325e-05,0.16853932500000002,0.250439325,0.038249325,0.020499325,0.14408932500000002,0.050199324999999996,2.4325e-05,2.4325e-05,0.050749325,2.4325e-05,2.4325e-05,2.4325e-05,0.011999325,2.4325e-05,0.006839325,2.4325e-05,2.4325e-05,2.4325e-05,2.4325e-05,2.4325e-05,0.068599325,0.002329325,2.4325e-05,2.4325e-05,0.475449325,2.4325e-05,0.029939325,2.352209325,0.0985193249999999,2.4325e-05,0.0037693249999999003,25.23862932499998
37082_3#32,6.2687189750000005,0.439118975,0.043648975,0.7092289749999999,0.164878975,0.084028975,1.6969189749999998,1.755038975,2.3974999999999997e-05,3.452338975,0.010388975,0.171228975,0.5149289749999999,0.122508975,0.008618975000000001,0.009498975,0.987448975,0.002368975,0.143888975,0.1570489749999999,0.209768975,0.054908975,0.063738975,2.3974999999999997e-05,0.385008975,0.441348975,0.268248975,0.108778975,0.192158975,0.001968975,0.06923897500000001,0.5604789749999999,0.19715897500000001,0.665508975,0.094038975,2.3974999999999997e-05,2.3974999999999997e-05,1.109198975,0.037238975,0.334748975,2.3974999999999997e-05,2.3974999999999997e-05,0.019358974999999997,0.041708975,2.3974999999999997e-05,2.3974999999999997e-05,2.3974999999999997e-05,2.5638789749999997,2.3974999999999997e-05,0.002438975,2.3974999999999997e-05,0.269418975,2.3974999999999997e-05,0.9151789749999999,0.548288975,2.3974999999999997e-05,0.676548975,0.152628975,2.3974999999999997e-05,3.357758975,0.077058975,0.044428975,2.3974999999999997e-05,0.127228975,0.1567989749999999,2.3974999999999997e-05,1.1525189749999998,0.265048975,0.034668975000000005,2.3974999999999997e-05,2.3974999999999997e-05,0.029208974999999998,0.176478975,2.3974999999999997e-05,0.2082589749999999,0.5205589749999999,1.614528975,3.1377089750000002,0.075328975,2.3974999999999997e-05,0.0697789749999999,17.303418975,0.251948975,2.3974999999999997e-05,0.025198975,0.027898975,0.011928975,2.3974999999999997e-05,0.050918975000000005,0.000258975,0.009498975,2.3974999999999997e-05,2.3974999999999997e-05,0.015238975,0.125678975,5.266148975,2.3974999999999997e-05,0.024508975,2.3974999999999997e-05,0.07338897500000001,0.379698975,0.055928975,0.234178975,0.101868975,0.067048975,2.3974999999999997e-05,0.254488975,0.143358975,0.0007489749999999,2.3974999999999997e-05,0.018848974999999997,1.507508975,2.3974999999999997e-05,0.026448975,0.008298975,0.005108975000000001,1.222028975,0.063638975,0.2334589749999999,0.304428975,0.099458975,0.140028975,0.027658975,2.3974999999999997e-05,1.712988975,0.0350089749999999,0.0860289749999999,2.3974999999999997e-05,0.094878975,0.088118975,2.3974999999999997e-05,0.0150489749999999,0.011828975,2.3974999999999997e-05,2.3974999999999997e-05,2.3974999999999997e-05,2.3974999999999997e-05,2.3974999999999997e-05,2.3974999999999997e-05,2.3974999999999997e-05,2.3974999999999997e-05,4.337228975,2.3974999999999997e-05,2.3974999999999997e-05,0.034088975,0.264588975,2.3974999999999997e-05,2.3974999999999997e-05,0.033658975,5.286948975,0.006538975000000001,0.109568975,2.3974999999999997e-05,0.098738975,2.3974999999999997e-05,0.06440897500000001,0.017378974999999998,2.3974999999999997e-05,0.049888975,0.111068975,2.3974999999999997e-05,0.207158975,0.127918975,0.6251189749999999,0.200528975,2.3974999999999997e-05,0.442398975,2.3974999999999997e-05,2.3974999999999997e-05,2.3974999999999997e-05,2.3974999999999997e-05,0.035818975,0.041068975,0.058338975,0.026118975,0.061128975,0.162988975,2.3974999999999997e-05,0.008488975000000001,2.3974999999999997e-05,0.062038975,0.095288975,0.030018975,2.3974999999999997e-05,0.005058975,0.004808975,2.3974999999999997e-05,2.3974999999999997e-05,0.013998975,0.010838975,2.3974999999999997e-05,2.3974999999999997e-05,2.3974999999999997e-05,2.3974999999999997e-05,0.079708975,2.3974999999999997e-05,0.042508975000000004,0.001718975,0.038078975,19.306848975000054
37082_3#3,1.225e-05,11.45272725,1.225e-05,0.38960724999999996,0.16133725000000002,1.225e-05,1.32594725,0.07878725,1.225e-05,0.2166472499999999,1.225e-05,2.65634725,0.30724724999999997,1.225e-05,1.225e-05,0.048327249999999995,0.5464872500000001,1.225e-05,0.028387250000000003,1.5382672499999999,0.020117250000000003,1.225e-05,0.6095772500000001,13.08900725,23.64287725,0.10444724999999999,3.78289725,1.225e-05,0.22156725000000002,1.225e-05,1.225e-05,1.225e-05,0.00890725,1.225e-05,0.07812725,1.225e-05,1.225e-05,1.225e-05,1.225e-05,1.225e-05,0.02453725,0.031847249999999896,0.14572725,1.1697372499999998,1.225e-05,0.0461472499999999,0.020657250000000002,1.29530725,0.01814725,1.225e-05,1.225e-05,0.08058725,1.225e-05,4.11206725,4.396287249999999,4.16427725,1.12813725,1.225e-05,1.225e-05,1.225e-05,0.01284725,1.225e-05,0.11633724999999989,1.225e-05,1.225e-05,0.38420725,0.05839725,0.5475572500000001,0.09462725,1.225e-05,1.225e-05,1.225e-05,1.225e-05,0.0003172499999999,1.225e-05,1.225e-05,0.01584725,1.225e-05,1.225e-05,1.225e-05,1.225e-05,1.225e-05,0.10996725,0.043047249999999995,1.225e-05,1.1171372499999999,1.225e-05,1.225e-05,0.04378725,1.225e-05,1.225e-05,1.225e-05,0.84820725,1.225e-05,1.225e-05,0.027967249999999902,0.06473725,1.225e-05,1.225e-05,0.19412725,1.225e-05,1.225e-05,0.018787250000000002,1.225e-05,1.225e-05,1.225e-05,1.225e-05,0.14535725000000002,0.09504725,1.225e-05,1.225e-05,1.225e-05,0.15064725,1.225e-05,0.00746725,1.225e-05,1.225e-05,2.17249725,1.225e-05,1.225e-05,1.225e-05,1.225e-05,0.061677249999999996,1.225e-05,0.01855725,0.048467249999999996,0.20747725,0.16900724999999991,0.017307250000000003,1.225e-05,1.225e-05,1.01333725,1.225e-05,1.225e-05,0.05973725,1.225e-05,0.01342725,1.225e-05,1.225e-05,0.13215725,1.225e-05,1.225e-05,1.225e-05,1.225e-05,1.225e-05,1.225e-05,1.225e-05,1.225e-05,1.225e-05,1.225e-05,1.225e-05,1.225e-05,1.225e-05,1.225e-05,1.225e-05,1.225e-05,1.225e-05,1.225e-05,0.023717250000000002,1.225e-05,1.225e-05,1.225e-05,1.225e-05,1.225e-05,1.225e-05,1.225e-05,1.225e-05,1.225e-05,1.225e-05,1.225e-05,1.225e-05,1.225e-05,0.08960725,1.225e-05,1.225e-05,1.225e-05,1.225e-05,1.225e-05,0.11539724999999999,1.225e-05,1.225e-05,1.225e-05,1.225e-05,1.225e-05,1.225e-05,1.225e-05,1.225e-05,1.225e-05,1.225e-05,1.225e-05,1.225e-05,1.225e-05,1.225e-05,1.225e-05,1.225e-05,1.225e-05,1.225e-05,1.225e-05,1.225e-05,14.818507249999985
37082_3#4,0.32130915,3.2107591500000003,0.0452091499999999,0.34486915,0.81806915,0.044439150000000004,1.0870791499999999,1.29164915,0.20915915,6.14715915,0.03510915,0.35062915,9.174419149999999,0.01193915,0.01497915,0.32679915,0.92710915,0.5290791499999999,0.01091915,0.6823491500000001,0.19458915,0.00802915,0.37308915,2.4149999999999997e-05,0.03706915,1.03450915,0.1144191499999999,0.04883915,0.1110991499999999,2.4149999999999997e-05,0.02163915,2.4149999999999997e-05,0.40135915,2.4149999999999997e-05,0.18869914999999998,2.4149999999999997e-05,0.00097915,0.02593915,0.3457591499999999,2.4149999999999997e-05,2.4149999999999997e-05,0.004409150000000001,2.4149999999999997e-05,2.4149999999999997e-05,0.0037291499999999997,2.4149999999999997e-05,0.00855915,2.6720491500000003,4.69858915,0.59104915,2.19526915,0.35658914999999997,0.19566915,1.14679915,7.760949150000001,2.4149999999999997e-05,2.4149999999999997e-05,0.00911915,2.4149999999999997e-05,0.25140914999999997,0.055339150000000004,1.60288915,0.59231915,0.01653915,0.04179915,2.4149999999999997e-05,0.13295915,0.06424914999999999,0.10436915,0.02042915,0.06035915,2.4149999999999997e-05,0.04159915,0.33767915,2.4149999999999997e-05,0.02501915,0.4824591499999999,0.21632915,0.00171915,0.06770915,0.00615915,0.61913915,0.06642914999999999,2.4149999999999997e-05,0.02152915,0.01055915,0.00334915,0.0169091499999999,0.01195915,0.0030991499999999997,0.0015091499999999,0.8740291499999999,2.4149999999999997e-05,0.00050915,0.01026915,0.09157914999999989,7.812689150000001,0.0232091499999999,2.4149999999999997e-05,2.4149999999999997e-05,0.22384915,0.0360091499999999,0.06736914999999999,2.4149999999999997e-05,0.00147915,2.4149999999999997e-05,0.0287291499999999,0.11192914999999999,2.4149999999999997e-05,0.03831915,0.010489150000000001,0.15161914999999998,2.4149999999999997e-05,0.01622915,0.02119915,2.4149999999999997e-05,5.10748915,0.07361915,0.02850915,0.04562915,2.4149999999999997e-05,0.03819915,0.00153915,2.4149999999999997e-05,0.23515914999999998,2.4149999999999997e-05,2.4149999999999997e-05,2.4149999999999997e-05,0.012659150000000001,0.00014915000000000002,0.00665915,2.4149999999999997e-05,2.4149999999999997e-05,2.4149999999999997e-05,0.00851915,2.4149999999999997e-05,0.01751915,0.00283915,2.4149999999999997e-05,2.4149999999999997e-05,0.75498915,2.4835891500000002,0.44875915,2.4149999999999997e-05,8.72764915,0.03593915,2.4149999999999997e-05,0.05461915,0.0032391499999999997,2.4149999999999997e-05,0.00854915,0.01117915,0.61583915,0.00414915,0.17749915,0.01036915,2.4149999999999997e-05,1.35973915,0.05503915,1.81016915,0.09623915,0.061639150000000004,0.25070915,0.07724914999999999,0.04138915,2.4149999999999997e-05,2.4149999999999997e-05,0.25826915,2.4149999999999997e-05,2.4149999999999997e-05,2.4149999999999997e-05,0.02846915,0.04109915,2.4149999999999997e-05,2.4149999999999997e-05,2.4149999999999997e-05,2.4149999999999997e-05,0.10105914999999999,0.05423915,2.4149999999999997e-05,0.01988915,2.4149999999999997e-05,0.00016915000000000002,2.4149999999999997e-05,2.4149999999999997e-05,0.00460915,2.4149999999999997e-05,2.4149999999999997e-05,0.0034091499999999997,3.5638591500000003,2.4149999999999997e-05,2.4149999999999997e-05,2.4149999999999997e-05,2.4149999999999997e-05,0.01520915,2.4149999999999997e-05,0.01012915,2.4149999999999997e-05,2.4149999999999997e-05,10.70390915000004
37082_3#5,9.40122845,1.02517845,0.6042684500000001,0.7180184500000001,1.98797845,2.3449999999999997e-05,0.76895845,3.41789845,0.01931845,5.39805845,0.026948450000000002,0.8087184500000001,6.26729845,2.3449999999999997e-05,2.3449999999999997e-05,2.3449999999999997e-05,1.54672845,1.08308845,0.08030845,0.33682844999999995,2.3449999999999997e-05,0.04446845,0.15217845,2.3449999999999997e-05,0.00248845,0.72519845,0.03846845,0.08139845,0.05599845,0.02365845,0.0408784499999999,0.22183845,0.13081845,2.3449999999999997e-05,0.13506845,0.01844845,2.3449999999999997e-05,0.14303845,0.92773845,2.3449999999999997e-05,2.3449999999999997e-05,2.3449999999999997e-05,2.3449999999999997e-05,2.3449999999999997e-05,2.3449999999999997e-05,2.3449999999999997e-05,0.10188845,2.72951845,0.10847845,0.4158084499999999,0.06608845,0.52082845,0.00835845,1.4433084500000002,24.13366845,2.3449999999999997e-05,0.07310845,0.00985845,2.3449999999999997e-05,0.93949845,0.13943845,2.3449999999999997e-05,0.01779845,0.12580845,0.07023845000000001,0.12684845,0.2239084499999999,0.3251084499999999,0.47800845,0.0008384499999999999,2.3449999999999997e-05,0.00222845,2.3449999999999997e-05,2.3449999999999997e-05,2.3449999999999997e-05,0.07373845,1.38285845,0.01745845,0.00890845,2.3449999999999997e-05,0.11560845,2.7688784500000003,0.09730845,0.04621845,0.46901845,2.3449999999999997e-05,0.07950845,2.3449999999999997e-05,0.00828845,2.3449999999999997e-05,0.00503845,0.16187845,0.52563845,0.01892845,0.0135084499999999,0.43328845,0.05145845,2.3449999999999997e-05,0.26902845,0.06574845,0.33095844999999996,2.3449999999999997e-05,0.3321584499999999,0.02969845,2.3449999999999997e-05,2.3449999999999997e-05,0.08705845,0.08528845,2.3449999999999997e-05,0.01075845,0.12448845,1.19498845,2.3449999999999997e-05,2.3449999999999997e-05,0.0038184499999999,2.3449999999999997e-05,3.78163845,0.05874845,0.02470845,0.0435084499999999,0.0273784499999999,0.12323845,2.3449999999999997e-05,0.0129984499999999,1.84115845,0.04586845,0.07795845,0.15239845,0.06340845,2.3449999999999997e-05,2.3449999999999997e-05,0.16642845,2.3449999999999997e-05,2.3449999999999997e-05,2.3449999999999997e-05,2.3449999999999997e-05,2.3449999999999997e-05,0.16456845,0.5071984500000001,2.89777845,0.30881844999999997,1.57477845,0.00373845,0.68289845,2.3449999999999997e-05,0.029238450000000003,0.02178845,0.00865845,0.02357845,2.3449999999999997e-05,0.0534784499999999,2.3449999999999997e-05,0.016218450000000002,0.04958845,2.3449999999999997e-05,2.3449999999999997e-05,0.17537845,2.3449999999999997e-05,0.09113845,0.91646845,2.3449999999999997e-05,0.00670845,0.20172845,0.03657845,0.03621845,2.3449999999999997e-05,0.01764845,2.3449999999999997e-05,0.08741845,0.00907845,0.01762845,0.01610845,0.00584845,0.02224845,2.3449999999999997e-05,2.3449999999999997e-05,0.02009845,2.3449999999999997e-05,0.03800845,0.3534084499999999,0.02249845,2.3449999999999997e-05,2.3449999999999997e-05,2.3449999999999997e-05,2.3449999999999997e-05,2.3449999999999997e-05,2.3449999999999997e-05,2.3449999999999997e-05,2.3449999999999997e-05,2.3449999999999997e-05,0.009968449999999998,0.013248449999999998,0.00097845,2.3449999999999997e-05,0.00470845,0.011788449999999999,0.02423845,2.3449999999999997e-05,2.3449999999999997e-05,7.99286845000003
37082_3#6,0.009149,6.393248999999999,1.3999999999999998e-05,0.034389,2.831709,0.2108489999999999,8.968199,21.198609,0.075809,4.456209,0.433589,1.580539,1.410819,0.00044899999999999996,0.046039,4.580049,4.519729,0.283219,1.3999999999999998e-05,2.601589,0.266339,0.0720189999999999,1.074319,0.376239,0.052169,3.901009,1.100349,0.016729,1.002329,1.3999999999999998e-05,1.3999999999999998e-05,0.031889,0.1292889999999999,1.3999999999999998e-05,0.038259,1.3999999999999998e-05,0.021969,0.038329,0.039329,1.3999999999999998e-05,1.3999999999999998e-05,1.3999999999999998e-05,1.3999999999999998e-05,1.3999999999999998e-05,0.013119,0.006508999999999899,0.237819,2.136969,2.023299,0.345129,1.3999999999999998e-05,0.026549,1.3999999999999998e-05,5.465648999999999,9.355849,1.3999999999999998e-05,0.487699,1.3999999999999998e-05,1.3999999999999998e-05,0.863219,0.134669,1.3999999999999998e-05,1.3999999999999998e-05,0.0030189999999999,1.3999999999999998e-05,0.0621589999999999,0.1791889999999999,0.866799,0.271269,0.003189,0.090949,1.3999999999999998e-05,1.3999999999999998e-05,0.250369,1.3999999999999998e-05,0.030639,1.3999999999999998e-05,0.031359,1.3999999999999998e-05,1.3999999999999998e-05,1.3999999999999998e-05,0.004559,0.8579289999999999,0.0536689999999999,0.027509,1.3999999999999998e-05,1.3999999999999998e-05,1.3999999999999998e-05,0.012819,1.3999999999999998e-05,1.3999999999999998e-05,1.3999999999999998e-05,0.600699,1.3999999999999998e-05,1.3999999999999998e-05,1.3999999999999998e-05,0.005919,1.3999999999999998e-05,1.3999999999999998e-05,0.318839,1.3999999999999998e-05,0.128339,0.225939,1.3999999999999998e-05,1.3999999999999998e-05,1.3999999999999998e-05,1.3999999999999998e-05,1.3999999999999998e-05,0.0809689999999999,1.3999999999999998e-05,1.3999999999999998e-05,1.3999999999999998e-05,1.3999999999999998e-05,1.3999999999999998e-05,0.027839,0.0155489999999999,1.3999999999999998e-05,0.142789,1.3999999999999998e-05,1.3999999999999998e-05,1.3999999999999998e-05,1.3999999999999998e-05,1.3999999999999998e-05,0.181959,1.3999999999999998e-05,0.088049,1.3999999999999998e-05,1.3999999999999998e-05,0.4185689999999999,1.3999999999999998e-05,1.3999999999999998e-05,1.3999999999999998e-05,1.3999999999999998e-05,1.3999999999999998e-05,1.3999999999999998e-05,1.3999999999999998e-05,1.3999999999999998e-05,1.3999999999999998e-05,1.3999999999999998e-05,0.009689,1.3999999999999998e-05,1.3999999999999998e-05,1.3999999999999998e-05,1.3999999999999998e-05,1.3999999999999998e-05,1.3999999999999998e-05,1.3999999999999998e-05,1.3999999999999998e-05,1.3999999999999998e-05,1.3999999999999998e-05,1.3999999999999998e-05,1.3999999999999998e-05,0.052199,1.3999999999999998e-05,1.3999999999999998e-05,1.3999999999999998e-05,1.3999999999999998e-05,1.3999999999999998e-05,1.3999999999999998e-05,0.037279,0.024389,1.3999999999999998e-05,1.3999999999999998e-05,1.3999999999999998e-05,0.003329,1.3999999999999998e-05,1.3999999999999998e-05,0.0555089999999999,1.3999999999999998e-05,1.3999999999999998e-05,1.3999999999999998e-05,1.3999999999999998e-05,0.012019,1.3999999999999998e-05,1.3999999999999998e-05,1.3999999999999998e-05,1.3999999999999998e-05,1.3999999999999998e-05,1.3999999999999998e-05,1.3999999999999998e-05,1.3999999999999998e-05,1.3999999999999998e-05,1.3999999999999998e-05,1.3999999999999998e-05,1.3999999999999998e-05,1.3999999999999998e-05,1.3999999999999998e-05,1.3999999999999998e-05,1.3999999999999998e-05,1.3999999999999998e-05,1.3999999999999998e-05,1.3999999999999998e-05,1.3999999999999998e-05,1.3999999999999998e-05,1.3999999999999998e-05,1.3999999999999998e-05,1.3999999999999998e-05,1.3999999999999998e-05,1.3999999999999998e-05,5.9317889999999895
37082_3#7,2.6425e-05,0.252731425,2.6425e-05,0.035551425000000005,0.000941425,0.008371425,1.027491425,0.390471425,0.022871425,0.482441425,2.6425e-05,0.187051425,0.502711425,2.6425e-05,2.6425e-05,0.039621425,0.22203142499999998,2.6425e-05,0.070981425,0.109271425,0.0103214249999999,2.6425e-05,0.255041425,2.6425e-05,2.6425e-05,0.35687142499999996,0.06534142500000001,0.264811425,0.016231425,2.6425e-05,2.6425e-05,2.6425e-05,5.435311425,2.6425e-05,0.015891425,2.6425e-05,0.010221425,0.009261425,0.015901425,2.6425e-05,2.6425e-05,0.0155614249999999,0.0070514249999998994,2.6425e-05,0.011591424999999999,2.6425e-05,0.024361425,1.944651425,2.6425e-05,0.0596214249999999,0.005961424999999999,0.040501425,0.003251425,0.706581425,0.291971425,2.6425e-05,0.20000142499999998,0.025491424999999998,0.538901425,1.919001425,0.100071425,2.6425e-05,0.791121425,0.957521425,0.2722114249999999,2.895301425,0.013121424999999999,0.041591425,0.0723214249999999,0.045741425,0.054381425000000004,0.033471425000000006,2.6425e-05,0.294501425,0.07565142500000001,0.130691425,0.555271425,0.002641425,0.015591424999999999,2.6425e-05,0.180411425,4.245161425,0.197161425,0.0603214249999999,0.076381425,0.015151425,0.018191425,0.398431425,0.017711425,0.024811424999999998,0.011691425,0.004031425,2.6425e-05,2.6425e-05,0.033361425,0.030391425,0.9702914250000001,0.005141425,0.390491425,0.020621425,0.016601425,0.005161425,0.323051425,0.072021425,0.046461425,2.6425e-05,0.6902914250000001,0.111561425,0.005221424999999899,2.6425e-05,2.6425e-05,0.650701425,0.017201425,0.13822142499999998,0.014871425,2.6425e-05,2.6425e-05,0.010601425,0.049371425000000004,0.038391425,0.001081425,0.056911425,0.0069514249999999,2.6425e-05,1.542441425,2.6425e-05,0.060091425000000004,0.160741425,0.068291425,0.001951425,2.6425e-05,0.048741425000000005,2.6425e-05,2.6425e-05,0.018021425,2.6425e-05,0.25901142499999996,0.048821425,0.061351425,5.576051425,0.015931425,4.446581425000001,0.972851425,1.587571425,1.491051425,0.0034714249999999,1.8299314249999998,0.8164614250000001,0.102921425,0.233321425,0.0300314249999999,0.285191425,0.010441424999999999,0.0008614249999999,0.010041425,0.004471424999999999,0.040031425,0.329301425,0.0199614249999999,0.489561425,2.6425e-05,0.013781425,0.8446614250000001,0.000241425,0.107161425,0.064671425,2.6425e-05,2.6425e-05,0.677081425,0.036131425,0.0522314249999999,0.043561425,2.6425e-05,0.024421425,0.009741425,2.6425e-05,0.09115142500000001,2.6425e-05,0.015031425,0.042551425000000004,0.029131425,2.6425e-05,2.6425e-05,0.005161425,2.6425e-05,2.6425e-05,2.6425e-05,2.6425e-05,0.0090014249999999,0.441711425,2.6425e-05,0.0338314249999999,0.019531424999999998,0.881041425,0.007301424999999999,0.448041425,0.14213142499999998,0.000201425,0.0033514250000000003,44.482461424999975
37082_3#8,2.8174999999999997e-05,0.129933175,2.8174999999999997e-05,0.1284731749999999,0.072583175,2.8174999999999997e-05,2.2912931750000003,3.343453175,0.022733175,0.820953175,0.049273174999999995,0.398513175,0.238273175,2.8174999999999997e-05,2.8174999999999997e-05,0.160753175,0.462343175,0.009883175,0.502643175,0.766943175,0.057033175,2.8174999999999997e-05,0.8685731749999999,0.082493175,2.8174999999999997e-05,1.356043175,0.17376317500000002,0.392253175,0.114613175,2.8174999999999997e-05,0.0084531749999999,0.00024317500000000002,2.418583175,2.8174999999999997e-05,0.18808317500000002,2.8174999999999997e-05,0.014253175,0.117433175,1.0027631750000001,2.8174999999999997e-05,0.0023731750000000004,0.021563175,2.8174999999999997e-05,2.8174999999999997e-05,0.0066031749999999,0.002803175,0.2813131749999999,3.709933175,2.8174999999999997e-05,0.0020131750000000003,0.08553317499999989,0.021273175000000002,0.019033175000000003,0.944323175,1.580823175,2.8174999999999997e-05,0.055793175,0.043413175,0.033003174999999996,1.322963175,0.035523175,0.740183175,0.4852831749999999,0.5803131749999999,1.7654531749999998,1.009293175,0.244823175,0.26278317500000004,1.8401731749999999,0.003723175,2.8174999999999997e-05,0.043063174999999995,0.004543175,0.023413175,0.025853175000000003,0.4634331749999999,3.886303175,0.050443175,0.5511631749999999,0.016163175000000002,0.653773175,9.859193175,0.3673031749999999,0.203253175,0.07948317499999989,2.8174999999999997e-05,2.8174999999999997e-05,0.10990317499999999,0.026303175,0.0051931749999999995,0.0348331749999999,0.269073175,2.8174999999999997e-05,2.8174999999999997e-05,0.188293175,0.29592317500000004,0.460193175,0.004713175,0.150903175,0.104193175,0.185623175,0.096393175,0.788043175,0.183523175,0.025773175000000002,0.021143175,0.1363531749999999,0.064793175,0.0007031749999998999,2.8174999999999997e-05,2.8174999999999997e-05,0.499093175,0.108933175,0.029943175000000002,0.042543174999999996,0.019663175,0.195283175,0.022693175000000003,0.11152317499999989,1.939703175,0.199983175,0.213053175,0.0031631750000000003,0.0927231749999999,0.575903175,2.8174999999999997e-05,0.062113175,0.27249317500000003,0.019273175,0.043693175,0.020093175,0.018573175,0.025253174999999902,2.8174999999999997e-05,0.004593175,2.8174999999999997e-05,0.275523175,0.814393175,2.8174999999999997e-05,1.6289131749999999,0.5999831749999999,3.954613175,0.048953174999999995,0.5385931749999999,0.043253175,1.127323175,0.072543175,0.508653175,0.104813175,0.001333175,0.16679317500000002,0.009393175,0.009633174999999999,0.071153175,0.018683175,0.06577317499999989,0.087513175,0.057273174999999996,0.133123175,2.8174999999999997e-05,0.019413175,0.315663175,0.017973175,0.0734731749999999,0.103163175,0.049463175,0.089863175,0.013543175,0.013803174999999999,0.07747317499999999,0.115533175,0.031763175,2.8174999999999997e-05,0.050723174999999995,0.055553174999999996,2.8174999999999997e-05,0.050943175,0.005373174999999899,0.017993175,0.075533175,0.3629131749999999,2.8174999999999997e-05,2.8174999999999997e-05,2.8174999999999997e-05,2.8174999999999997e-05,2.8174999999999997e-05,2.8174999999999997e-05,2.8174999999999997e-05,0.061323174999999897,0.132673175,2.8174999999999997e-05,0.078913175,0.061063175,2.8174999999999997e-05,0.092763175,0.07107317499999989,0.2374031749999999,2.8174999999999997e-05,0.006963174999999999,32.18584317499999
37082_3#9,1.7325e-05,14.696452325,1.7325e-05,0.440312325,0.105702325,0.077872325,4.339172325000001,0.200832325,1.7325e-05,3.464222325,0.055522325,3.709372325,0.149852325,1.7325e-05,1.7325e-05,0.962892325,3.110212325,0.253352325,0.074132325,1.375182325,0.098042325,1.7325e-05,0.596992325,14.672822325,3.691922325,1.957312325,3.088272325,1.7325e-05,0.989852325,1.7325e-05,0.002912325,1.7325e-05,0.740172325,1.7325e-05,0.481382325,1.7325e-05,0.150092325,0.015512325,0.020822325,1.7325e-05,1.7325e-05,0.0076623249999999,0.340462325,0.009492325,1.7325e-05,0.076592325,0.047082325,1.835702325,1.7325e-05,0.007872325,1.7325e-05,1.7325e-05,0.079982325,4.756282325000001,5.153212325000001,1.561742325,0.7841623249999999,1.7325e-05,1.7325e-05,0.202942325,0.326402325,1.7325e-05,1.7325e-05,1.7325e-05,0.004312325,0.07510232500000001,0.106272325,0.6447923249999999,0.109132325,1.7325e-05,1.7325e-05,1.7325e-05,0.016322325,0.398962325,1.7325e-05,1.7325e-05,0.070822325,1.7325e-05,1.7325e-05,1.7325e-05,0.008682325,0.048432325,1.6974723250000001,0.355832325,1.7325e-05,0.4605223249999999,0.011472325,1.7325e-05,0.274032325,1.7325e-05,0.0040623249999999,0.027772324999999997,1.7325e-05,1.7325e-05,1.7325e-05,0.019432324999999997,3.0185223249999997,0.017522325,1.7325e-05,0.310612325,1.7325e-05,1.7325e-05,0.1440623249999999,0.0589123249999999,1.7325e-05,1.7325e-05,1.7325e-05,0.8680123249999999,0.250482325,1.7325e-05,1.7325e-05,1.7325e-05,0.011802325,1.7325e-05,0.144492325,1.7325e-05,1.7325e-05,0.049872324999999995,1.7325e-05,1.7325e-05,1.7325e-05,0.216232325,1.072902325,0.035942325,0.002992325,0.08233232500000001,0.399102325,0.936522325,0.09641232500000001,0.638082325,0.073302325,0.368592325,1.7325e-05,1.7325e-05,0.033842325,1.7325e-05,1.7325e-05,0.015782325,1.7325e-05,1.7325e-05,0.151362325,1.7325e-05,1.7325e-05,1.7325e-05,1.7325e-05,1.7325e-05,1.7325e-05,1.7325e-05,1.7325e-05,1.7325e-05,1.7325e-05,1.7325e-05,0.269662325,1.7325e-05,1.7325e-05,1.7325e-05,0.001682325,1.7325e-05,1.7325e-05,0.001232325,0.629032325,0.014022325,0.018142324999999997,1.7325e-05,1.7325e-05,0.07740232500000001,1.7325e-05,1.7325e-05,1.7325e-05,1.7325e-05,1.7325e-05,1.7325e-05,0.038562325,1.7325e-05,1.7325e-05,1.7325e-05,1.7325e-05,0.013422325,0.120912325,1.291332325,1.7325e-05,1.7325e-05,1.7325e-05,1.7325e-05,1.7325e-05,1.7325e-05,1.7325e-05,1.7325e-05,1.7325e-05,1.7325e-05,0.094022325,0.317142325,1.7325e-05,1.7325e-05,1.7325e-05,1.7325e-05,0.001772325,1.7325e-05,1.7325e-05,9.067992324999976
