,PC1,PC2,Westernization
SZAXPI003410-3,12.24504163355708,-2.654259570470157,Occidental
SZAXPI003411-6,-2.835659282346125,9.508620410213846,Occidental
SZAXPI003412-1,8.604492425649887,-6.9486351157334,Occidental
SZAXPI003413-4,-6.4362044397146505,-7.151142277898539,Occidental
SZAXPI003414-3,9.26851245491327,-3.288857229015817,Occidental
SZAXPI003415-12,16.840168886263292,-2.0092290275466835,Occidental
SZAXPI003416-4,27.564650100239273,0.7519527316183412,Occidental
SZAXPI003417-4,7.371978406858808,-3.3021260164714628,Occidental
SZAXPI003419-6,8.62409368181793,2.5239690001691875,Occidental
SZAXPI003421-5,-4.358782183960669,-4.473065247951285,Occidental
SZAXPI003423-8,29.260135104895223,-5.1200269035466635,Occidental
SZAXPI003424-12,20.70285347775472,-5.611014663689562,Occidental
SZAXPI003427-1,14.984287651429625,0.8508775793571823,Occidental
SZAXPI003428-6,19.91499185928917,3.1080494129283838,Occidental
SZAXPI003429-3,8.74489588247517,6.804551908859126,Occidental
SZAXPI003430-5,6.071572714586757,11.161922003403806,Occidental
SZAXPI003432-12,2.9461666461505827,1.0807085328188366,Occidental
SZAXPI003433-7,18.40037897409659,-3.8259266200007547,Occidental
SZAXPI003434-7,30.441948500837523,-12.255607215139715,Occidental
SZAXPI003435-11,0.1614767803009176,-2.850676828042075,Occidental
SZAXPI003436-7,-2.527057184747827,-12.426481244634115,Occidental
SZAXPI003437-3,22.993107920598497,7.056915449526264,Occidental
SZAXPI015210-17,2.180818013287155,11.262909284270123,Occidental
SZAXPI015212-113,10.135459653300243,13.198065611869044,Occidental
SZAXPI015213-15,2.37768743910637,1.2132116077666941,Occidental
SZAXPI015219-129,21.572420029331198,3.576163469342402,Occidental
SZAXPI015221-142,12.05821512336946,0.8462536926279469,Occidental
SZAXPI015222-123,2.866784458625135,-8.472421724428667,Occidental
SZAXPI015224-13,-1.1800977941436024,12.609022080869792,Occidental
SZAXPI015226-14,-0.6544615194677661,1.1489283618391406,Occidental
SZAXPI015227-13,-13.968207977750804,0.7453819011109903,Occidental
SZAXPI015229-15,13.937764292542397,16.95785376947106,Occidental
SZAXPI015230-16,-10.399205110267552,-3.3945963434305293,Occidental
SZAXPI015231-17,-0.7098533234971445,7.150523892806859,Occidental
SZAXPI015232-18,28.303208482950165,10.879808626683108,Occidental
SZAXPI015234-20,-3.3958768472826453,-7.932819059564026,Occidental
SZAXPI015235-21,-6.6663515604525045,8.872394639285105,Occidental
SZAXPI015238-24,-3.6706867794813522,2.9792527845603196,Occidental
SZAXPI015241-27,3.0133265072191078,-4.256073076837542,Occidental
SZAXPI015245-33,-9.701283245227316,10.752662048267688,Occidental
SZAXPI015246-34,16.8001831542271,-0.7466218091973849,Occidental
SZAXPI015247-35,14.386498744903186,5.045166175038323,Occidental
SZAXPI015248-36,-1.4472644502625922,4.258172690630733,Occidental
SZAXPI015250-39,-1.5626824829202697,-3.5211014572465915,Occidental
SZAXPI015251-41,-4.311198252740564,-6.032454232265828,Occidental
SZAXPI015253-44,-1.8081505803976512,-2.962317004221089,Occidental
SZAXPI015254-45,23.6310485677746,-5.8749911750074775,Occidental
SZAXPI015255-46,-9.887799454666197,3.053601434638085,Occidental
SZAXPI015256-47,13.146789902022341,-9.189095269226968,Occidental
SZAXPI015258-57,-1.662365956974977,13.72676075789121,Occidental
SZAXPI015259-62,19.171801839159322,7.848381750824833,Occidental
SZAXPI015261-75,-5.93692079452379,-0.6738113439578761,Occidental
SZAXPI015264-87,-16.782119080241056,-1.5841354287009581,Occidental
SZAXPI015265-88,3.9888962883770613,-6.20333514315232,Occidental
SZAXPI015267-102,2.830509243131166,6.0941806188077745,Occidental
SZAXPI015270-90,-9.840272558961662,-2.7875720858887574,Occidental
SZAXPI015271-93,-4.535479724781812,-1.4332536819661668,Occidental
SZAXPI015272-108,-8.571534982463614,-5.6781781638447475,Occidental
SZAXPI015273-95,6.285983634812866,16.91694110245481,Occidental
SZAXPI015274-111,12.496065103040198,-2.1143352002391476,Occidental
SZAXPI017451-16,24.001355549845158,14.248579433679215,Occidental
SZAXPI017452-17,19.243882461741144,4.304530793799561,Occidental
SZAXPI017454-20,15.042222842874008,3.9981925306564325,Occidental
SZAXPI017456-23,15.36895028167536,3.1867845274065845,Occidental
SZAXPI017457-24,2.704968691540386,-0.9507380078549694,Occidental
SZAXPI017458-25,-0.59712652597727,8.298421196565448,Occidental
SZAXPI017460-27,7.525327157041525,-14.565022587386949,Occidental
SZAXPI017461-32,7.64536689375272,-0.9664731648004068,Occidental
SZAXPI017462-33,-5.544461489142487,-0.7481470775888441,Occidental
SZAXPI017464-37,15.65934323433802,-3.852404067733743,Occidental
SZAXPI017465-43,13.720692009860253,-8.77941190627008,Occidental
SZAXPI017468-88,-16.587569680744668,10.676097139120333,Occidental
SZAXPI017582-94,21.978789052553637,-5.569823844969348,Occidental
SZAXPI017583-102,12.303604653360107,-1.7794162312618935,Occidental
SZAXPI017585-109,20.856575358463935,-4.383107682229931,Occidental
SZAXPI017586-111,4.125600667554215,7.92942936295554,Occidental
SZAXPI017587-113,28.14471996070129,3.4018832107643986,Occidental
SZAXPI017588-123,-2.8563894028269026,4.113786652115087,Occidental
SZAXPI017589-133,7.434581340003559,1.6932472110670806,Occidental
SZAXPI017590-136,-0.7757360221248426,11.065654452401935,Occidental
SZAXPI017591-140,-14.934173292273314,3.6557784516939598,Occidental
SZAXPI017592-142,3.113898276933363,0.5532008896016771,Occidental
SZAXPI017593-158,-4.342483192381742,3.5763121489352523,Occidental
nHF511704,9.762430962742371,-9.795053498429798,Occidental
nHM512705,-4.092813104009874,3.2624598885990572,Occidental
nHM611708,-10.27322093175837,2.497015670540935,Occidental
nHF611710,-12.075065396619035,2.1026829221637913,Occidental
nHM511712,7.620113291260454,-6.785186819708362,Occidental
nHM410714,-6.676267321042236,2.8952939228680634,Occidental
nHM511615,4.8155286883072055,6.868828565895929,Occidental
nHM412716,-10.116911510635294,-1.48055642295527,Occidental
nHM511717,-7.103824247124894,12.162519505883786,Occidental
nHF411719,1.6370098889376994,-2.4090003774221964,Occidental
nHM511720,7.283481773280489,1.5369959847393977,Occidental
nHF612722,5.992096459333042,-8.6346511794145,Occidental
nHF611623,-3.001756027896345,1.5574032379738485,Occidental
nHMX11726,-9.647677135550527,0.812949910559233,Occidental
nHM410727,-10.156145724569253,3.3827216344803803,Occidental
nHM511730,-10.948394580664356,-3.238384422221171,Occidental
nHM510831,12.582222702807343,1.9328048405485365,Occidental
nHM510732,-5.359094736920282,12.043460272992604,Occidental
nHM511735,-0.630036219807522,13.840582904904522,Occidental
nHM510737,-3.679738411673661,8.585999412859973,Occidental
nHM511738,-0.8886650483054019,1.5841146547098628,Occidental
nHF411741,3.8802828415249886,10.528864504639952,Occidental
nHF409542,7.059244990234626,-9.789994725126824,Occidental
nHM612743,1.9259511439640242,-2.6563282699758153,Occidental
nHM411801,9.30345324332807,10.998340925429641,Occidental
nHM512802,-3.7454364640598605,9.551584559660055,Occidental
nHM412703,-10.587868765808402,-7.448605355606371,Occidental
nHM512806,15.021350833297285,1.707068925095414,Occidental
nHM612607,-2.88906643614604,-5.805882121401832,Occidental
nHM612709,17.114673999656553,7.604892881812041,Occidental
nHM512811,-5.903834336525552,-4.07043937976811,Occidental
nHM511813,-10.380559791804512,2.1840833628764527,Occidental
nHF512818,11.28622672681654,-11.209434724287451,Occidental
nHM511821,11.034405920500756,-6.511518989985595,Occidental
nHM612724,-6.5237135139650775,-8.775227413503764,Occidental
nHM512828,0.05207447265878429,15.987001788777516,Occidental
nHF512829,15.656838862455078,0.8800418388092917,Occidental
nHM410833,7.848202436496299,0.736414714600631,Occidental
nHM512834,-2.388264018790329,0.486006778031415,Occidental
nHM412839,-7.603403979941103,6.796870787065188,Occidental
nHM412844,-1.007744295331623,-9.985628394649066,Occidental
H2M514901,-2.379439330908033,-4.256571905758045,Occidental
H2M414102,9.713869458150821,4.758550368442267,Occidental
H2M514903,-12.093509680885486,-7.93788727923262,Occidental
H2M614904,-14.656226163091368,9.876222509119069,Occidental
H2M514905,20.083275092312572,1.8737935466585807,Occidental
H2M514906,15.888128397735354,-3.6475165876089806,Occidental
H2M514108,-1.6548130410265003,13.183822414610052,Occidental
H2M514909,-8.450992234402271,-0.5966445858873355,Occidental
H2F514910,-11.339921770583004,10.826258261792864,Occidental
H2M514911,-0.11461838822932258,3.954680047314202,Occidental
H2M615912,-6.921532522588002,0.8939058357628547,Occidental
H2M413913,-6.34693554264674,-6.370932047379228,Occidental
H2M415914,-0.8685837104235112,0.904663465177248,Occidental
H2M413915,13.421899095513465,-2.3534661818570344,Occidental
H2MX14816,3.1272763941563895,12.54897546365552,Occidental
H2M514917,0.6281890697173544,-3.564847629415275,Occidental
H2M514818,4.468626873225634,-7.983203465985453,Occidental
H2M511919,8.842578388199028,12.334543129539718,Occidental
H2M411920,4.55289284748391,-2.146251709209211,Occidental
H2M515921,-7.161636191870905,7.4232655607064135,Occidental
H2M515822,8.847950826881378,14.150089384123419,Occidental
H2F514923,10.01995126914625,-11.127792571321926,Occidental
H2M413924,-4.717128278382766,5.659269566308185,Occidental
H2M514925,11.962249283654486,-2.286241649645322,Occidental
H2M414926,18.829925647276156,4.785859861904715,Occidental
H2M414927,19.317386074618742,-5.329336138472628,Occidental
H2MX14928,3.890675610080498,16.91483044488675,Occidental
H2M614929,-1.7026614609922621,1.432267135679898,Occidental
H2M514930,10.186420704762941,-12.481434940607866,Occidental
H2M414931,5.217213438362759,-8.205029991784421,Occidental
H2M614832,-2.1062211791757743,-1.7688093439140689,Occidental
H2M513933,-6.766939045181548,-12.099066411391846,Occidental
H2M513934,-6.005200886463712,11.453994626136645,Occidental
H2F413935,2.499518570922006,-2.1169201768014014,Occidental
H2M513936,5.296691234285737,9.4516851987016,Occidental
H2M513937,0.018619776367101437,-1.855902295786655,Occidental
H2M513938,-17.012402992700103,10.276413702234152,Occidental
H2M513939,8.644868760890061,8.105857251306613,Occidental
H2M514841,-4.697518229385283,-10.313913401380727,Occidental
H2M614742,-10.315099759051861,2.7096539545537244,Occidental
H2M514943,-0.5287062354394578,12.089783230149395,Occidental
H3M415852,5.193558121580321,19.422674269896824,Occidental
H3M515950,22.6102972244228,-0.9337957685103024,Occidental
H3M516845,-9.830350778620556,4.135411802852761,Occidental
H3M615846,8.217232987611093,-5.478031164178872,Occidental
H3M615747,-1.883852412932713,11.236474033765827,Occidental
H3M515936,-10.620496683995206,4.466496697700488,Occidental
H3M515137,-11.07660120496525,-1.5300182656944896,Occidental
H3M515138,-3.736624045171249,0.46579235434762634,Occidental
H3M414933,-2.796602318556868,3.9315596586153303,Occidental
H3M515128,-7.5080736510309585,6.793098812537939,Occidental
H3M515920,11.269480648169877,6.031239303894795,Occidental
H3M515915,-3.9636814570009005,2.0101255483144564,Occidental
H3M515910,13.741111794419396,10.241459833874945,Occidental
H3M415906,0.4254823652630524,16.16635824280594,Occidental
H3M515902,-7.35317233781667,13.143710414909126,Occidental
H1M412949,0.16055428376987813,2.8001400669224066,Occidental
H1M612950,15.788957115389728,6.76217223428553,Occidental
H1F512951,-4.64399143583875,7.355245509559982,Occidental
H3M515101,2.3337633090253087,8.934388165952544,Occidental
H3F416103,-1.1386831985380148,-8.211293285582219,Occidental
H3M516804,6.365307429511144,-3.424468038416376,Occidental
H3M516105,15.234046081827312,10.716519744790313,Occidental
H3M515107,-1.2879340730881683,16.7407663019749,Occidental
H3M518108,4.645535818635083,6.302732463643207,Occidental
H3M516909,30.096728874637613,7.759868731758745,Occidental
H3F516111,8.800342446783814,-12.624427414877935,Occidental
H3M518112,22.994809125301458,-3.269289623074406,Occidental
H3M516113,-10.00673682148387,3.820832232188711,Occidental
H3M516114,11.914091432391075,-6.215253363800772,Occidental
H3M518116,12.237368155302462,0.11721894763306206,Occidental
H3M415117,18.825553968798346,-14.379169132229329,Occidental
H3M516118,2.5543459563681816,-10.147801057551934,Occidental
H3MX16919,-5.546486195643402,-1.3971216568230878,Occidental
H3M517921,-5.03789488217237,10.022012830896948,Occidental
H3M517922,7.323416940850896,13.000695390243257,Occidental
H3M515123,-8.626070007420825,-3.098977801871098,Occidental
H3M416124,0.08314771505769691,-3.139907299162716,Occidental
H3M517925,-14.379175467879584,-2.000609453660366,Occidental
H3M420126,-5.492464957396505,15.97768269035987,Occidental
H3M416127,13.14998216945872,9.23949926155463,Occidental
H3M516129,2.0330683539060335,-3.9181947404324484,Occidental
H3M515130,17.333222433701877,3.4682592601553663,Occidental
H3M415131,-10.791732945613855,-8.107831175254677,Occidental
H3M615132,-8.635591106258339,7.923401115645588,Occidental
H3M517134,5.980872056043493,2.9022137166500848,Occidental
H3M515935,11.61488583408688,-1.232657271604264,Occidental
H3M419939,6.500359096496529,-8.454240071547055,Occidental
H3M415140,3.8228271456860066,0.04956454406741706,Occidental
H3M513141,27.953036915398066,3.652306408587565,Occidental
H3M514142,13.983656077354453,13.198653742157553,Occidental
H3M514143,-4.27486174635882,3.9088644527188854,Occidental
H3M514144,-3.1348062061681325,4.082031376458775,Occidental
H3M616848,-4.742089031987572,3.234428083121155,Occidental
H3M617849,-7.351855689392341,-6.105926634042684,Occidental
H3M516751,-10.881135004634373,2.995350700185799,Occidental
H3M616753,-8.134100747191876,3.857966714954384,Occidental
H3M516154,7.97371844820386,7.184557774268844,Occidental
H2M514107,-12.275373559855922,1.1384229551257583,Occidental
M0x10MCx1784,-4.508010757245609,-7.713407010202203,Occidental
M0x10MCx2636,-4.877052874298926,-8.805360926126411,Occidental
M0x13MCx2232,-2.871798031771272,-6.375761470012589,Occidental
M0x14MCx1158,-16.521665766478826,-12.101596307417179,Occidental
M0x14MCx1182,9.894519960251921,-10.286337570651362,Occidental
M0x14MCx1209,-21.524682910396194,-4.272530379340801,Occidental
M0x14MCx1397,-19.358622169456826,-1.8509525042892223,Occidental
M0x14MCx1407,-18.523126779321085,0.4511119881851977,Occidental
M0x14MCx1409,-16.925917519866296,-1.09755520337134,Occidental
M0x14MCx1485,-18.438347024159402,-12.025660798825776,Occidental
M0x14MCx1540,-18.6797155195587,-10.761827699915898,Occidental
M0x14MCx1549,-15.63815344610606,-14.61619086105733,Occidental
M0x14MCx1551,-17.09212197651822,9.72801679734738,Occidental
M0x14MCx1578,-8.948644625437048,-8.69796780515125,Occidental
M0x14MCx1583,-6.098601039804485,-12.428390937786084,Occidental
M0x14MCx1616,-17.76538054947747,-6.071151581017037,Occidental
M0x14MCx1706,-17.804955591387827,-9.053071803136891,Occidental
M0x14MCx1724,-12.961835134780198,-13.9010486477998,Occidental
M0x14MCx1747,-10.171710580746058,-5.576124351677609,Occidental
M0x14MCx1768,-22.37677190750719,-0.2440021349777144,Occidental
M0x14MCx1775,-20.883367184082395,3.2696250996495406,Occidental
M0x14MCx1861,-16.58139052248213,3.7352341346033184,Occidental
M0x14MCx1943,-6.134445969061048,-8.325678327940516,Occidental
M0x14MCx1953,-14.804526751434793,-0.04582631502357426,Occidental
M0x14MCx1965,-18.75175328014272,-2.264640574477629,Occidental
M0x14MCx2088,-17.420501919986492,-10.4058206002769,Occidental
M0x14MCx2193,-18.776924438825507,18.90430846131119,Occidental
M0x14MCx2269,-18.21267028417383,-1.824588571923118,Occidental
M0x14MCx2355,-16.77202825935182,1.7740853201625795,Occidental
M0x14MCx2381,-13.958596267733785,-7.212577092032935,Occidental
M0x14MCx2393,-13.06394969293327,4.723329837179622,Occidental
M0x14MCx2420,-19.497752848754352,9.162871401438162,Occidental
M0x14MCx2429,-15.934200811379934,-5.742196473561072,Occidental
M0x14MCx2437,-10.66894166637396,-15.745904743983896,Occidental
M0x14MCx2453,-19.274029063459214,8.413163987812595,Occidental
M0x14MCx2468,-16.097130203876866,-9.785994124762993,Occidental
M0x14MCx2479,-18.150330743492766,3.103560797230746,Occidental
M0x14MCx2498,-4.63491373696503,0.7070812870445486,Occidental
M0x14MCx2510,-13.858405188628943,-7.509627185908772,Occidental
M0x14MCx2587,-16.88027018538141,5.105495146212308,Occidental
M0x14MCx2601,-4.352082435048937,-17.15931427926423,Occidental
M0x14MCx2641,-6.401226626038763,-12.278987629866386,Occidental
M0x14MCx2682,-18.36672220160555,0.8074468122378438,Occidental
M0x14MCx2741,-17.989700652414626,-7.281755412746455,Occidental
M0x14MCx2749,-14.612224448522362,-12.660225681363613,Occidental
M0x14MCx2756,0.3179521183830527,-16.762506687587646,Occidental
M0x14MCx2814,-11.088660390867602,-10.596167694282638,Occidental
M0x14MCx2818,-13.563927739701032,-5.651841392706943,Occidental
M0x14MCx2842,-11.940688401253254,8.70598619194131,Occidental
M0x14MCx2932,-9.954338727535063,-14.811214084735369,Occidental
M0x14MCx2998,-3.5897315639486145,-8.470429082872805,Occidental
M0x14MCx3050,-17.78908663427911,1.8593141454724167,Occidental
M0x14MCx3150,-14.860868994119212,-10.004835373620331,Occidental
M0x14MCx3229,-16.861512003792534,1.5195836135339276,Occidental
M0x14MCx3258,-17.673287014432834,0.13536611126313414,Occidental
M0x14MCx3348,-14.363398879197206,-8.067370399146327,Occidental
M0x14MCx3378,-17.185337149351867,13.48552406594899,Occidental
M0x14MCx3397,-13.918818484351217,1.9446069254634306,Occidental
M0x14MCx3405,-21.429180123630353,3.080357839863699,Occidental
M0x14MCx3410,-9.24253520545988,4.7045749361932305,Occidental
M0x20MCx1115,-1.8895313061220982,-16.66207139408205,Occidental
M0x20MCx1122,3.988283487076636,-4.682699928531364,Occidental
M0x20MCx1181,-12.56386451391743,1.9016290173021355,Occidental
M0x20MCx1184,-18.067223840143143,-11.797475827654907,Occidental
M0x20MCx1203,-8.530970887169993,-14.698818774890729,Occidental
M0x20MCx1252,-18.286088635708033,9.446650705957946,Occidental
M0x20MCx1263,-21.49405971331094,-5.2550936742417695,Occidental
M0x20MCx1264,5.4252194049949365,-12.0173204684869,Occidental
M0x20MCx1351,17.851871239585396,8.828039406293225,Occidental
M0x20MCx1366,-19.551478365889754,-7.8056888149292485,Occidental
M0x20MCx1393,-16.48493823615673,-4.798741637726114,Occidental
M0x20MCx1424,-7.447675775431435,-13.95988049082786,Occidental
M0x20MCx1469,-15.505199933014143,2.811455784093096,Occidental
M0x20MCx1478,-6.119004448416177,-5.882054460572367,Occidental
M0x20MCx1634,8.64365839233,-14.600054000026095,Occidental
M0x20MCx1665,-19.38751961722048,-1.7077435794434637,Occidental
M0x20MCx1673,-15.847185164889726,6.389929827215439,Occidental
M0x20MCx1708,-16.279075540925604,-11.114763381740818,Occidental
M0x20MCx1717,-2.995550711333138,-5.174763790630801,Occidental
M0x20MCx1734,-14.04941510095767,-4.5711723168389105,Occidental
M0x20MCx1756,-8.679025774818875,-15.296768924445104,Occidental
M0x20MCx1780,-12.996884656079292,6.854281494063924,Occidental
M0x20MCx1790,-11.45327527528504,-7.952005308248837,Occidental
M0x20MCx1837,-1.2941717223913471,-8.058291465139447,Occidental
M0x20MCx1854,-0.25472526397493134,-12.675508289644508,Occidental
M0x20MCx1871,-21.762168112417967,7.669509180690749,Occidental
M0x20MCx1925,-18.449095376486724,-9.76358350503672,Occidental
M0x20MCx1941,1.8824866704193184,-16.721845762364566,Occidental
M0x20MCx1959,-14.659931860654808,-6.649771145137113,Occidental
M0x20MCx1986,-11.254612512727718,-0.10927512543315832,Occidental
M0x20MCx2000,-7.461602570859533,-9.725112557570384,Occidental
M0x20MCx2016,-20.312205503790597,4.828100117144846,Occidental
M0x20MCx2024,-15.96930723386468,-8.686849528988834,Occidental
M0x20MCx2114,0.8715654030037978,-14.879801130072071,Occidental
M0x20MCx2118,-8.819934476718391,-4.088239010335982,Occidental
M0x20MCx2119,-15.687786014834298,-3.0366188203197018,Occidental
M0x20MCx2233,-16.033825592528387,2.7800684488930583,Occidental
M0x20MCx2265,-7.276682777248656,-14.700484075616806,Occidental
M0x20MCx2328,3.351339376847175,-7.603621583603219,Occidental
M0x20MCx2344,-22.170131193661042,-2.4059922613563876,Occidental
M0x20MCx2483,-5.292518369714653,-11.490912677171004,Occidental
M0x20MCx2542,-7.695730354764606,-4.594096179974341,Occidental
M0x20MCx2559,12.740536327624564,-5.948540704311946,Occidental
M0x20MCx2581,14.62790059007234,-7.502621385250541,Occidental
M0x20MCx2628,-13.326924187539586,-4.876200019591775,Occidental
M0x20MCx2634,-13.786435901483415,-10.721093995411547,Occidental
M0x20MCx2677,-19.70513065601366,6.306713422518956,Occidental
M0x20MCx2717,-17.383157443057378,-2.959128244739106,Occidental
M0x20MCx2745,-10.297945359344112,6.029589956537361,Occidental
M0x20MCx2759,-22.753035165834987,-0.487579718531145,Occidental
M0x20MCx2761,-9.327579015809235,-10.273799918227237,Occidental
M0x20MCx2773,-1.0705164311365234,-11.427709153604827,Occidental
M0x20MCx2787,-16.031771217474542,-8.998943627156102,Occidental
M0x20MCx2870,-14.07490072200017,-6.659774216095264,Occidental
M0x20MCx2885,-3.295096600919532,-14.641514950673294,Occidental
M0x20MCx2895,-16.205355195554663,2.756833138659954,Occidental
M0x20MCx2896,-15.042747035916449,7.511376055892072,Occidental
M0x20MCx2929,2.6786636023909116,-8.634168450447433,Occidental
M0x20MCx2969,-16.007615310153266,-13.133168114732108,Occidental
M0x20MCx2975,-9.568369637129596,-8.554325868137106,Occidental
M0x20MCx2988,-1.8219854071913684,-13.140880112920762,Occidental
M0x20MCx3044,-17.523395461550628,-5.9624018383358015,Occidental
M0x20MCx3048,-14.48876244413649,-7.453319489006867,Occidental
M0x20MCx3119,-16.026219513895473,17.895102328658748,Occidental
M0x20MCx3228,5.7840591522061064,-17.162905203705975,Occidental
M0x20MCx3241,-9.639153086138808,-10.953739597666491,Occidental
M0x20MCx3308,-17.711055257207274,-7.361906429691936,Occidental
M0x20MCx3335,-12.448702818132457,-12.52593363064937,Occidental
M0x20MCx3337,-19.77248697172612,-1.7585486411607052,Occidental
M0x20MCx3402,-8.571707893597807,-0.6767228316126266,Occidental
M0x30MCx1112,0.9018451830635108,-9.643570791884837,Occidental
M0x30MCx1170,-18.791254025022287,2.0080167265582576,Occidental
M0x30MCx1172,-12.770675602729415,-10.807510333035477,Occidental
M0x30MCx1201,-23.923550333812763,-3.1689781734498075,Occidental
M0x30MCx1226,-5.5750942073456535,-14.403812509661723,Occidental
M0x30MCx1259,-18.3165186541611,-4.521360784130871,Occidental
M0x30MCx1270,-22.35424027740369,-0.730161319943285,Occidental
M0x30MCx1308,-16.36677366074861,-11.374443407265307,Occidental
M0x30MCx1314,-16.45580639353079,7.8914790996240445,Occidental
M0x30MCx1321,-20.938512537596818,4.900726703833566,Occidental
M0x30MCx1451,-17.226970550919116,15.860214612573483,Occidental
M0x30MCx1476,-0.9556430315991253,-10.727986871195775,Occidental
M0x30MCx1503,-1.9277031051192193,-17.590378805944983,Occidental
M0x30MCx1517,-4.681073760869765,-13.034597188270059,Occidental
M0x30MCx1556,-19.837595696057733,4.481097440815741,Occidental
M0x30MCx1569,-18.139824339029587,-9.315160203521852,Occidental
M0x30MCx1586,-17.8969918847577,-5.5897278313344065,Occidental
M0x30MCx1592,-18.947136089008485,6.276473768349193,Occidental
M0x30MCx1611,-19.88498029106057,2.4645554302522905,Occidental
M0x30MCx1618,-17.50095353891386,3.438693616222107,Occidental
M0x30MCx1722,-2.1327810950109853,-10.882920939806432,Occidental
M0x30MCx1748,-17.655112394638113,-5.492509886862394,Occidental
M0x30MCx1774,-18.84994153699059,-0.18854117056746755,Occidental
M0x30MCx1786,-13.402907663960395,-8.047062850185096,Occidental
M0x30MCx1787,-23.090182908563065,3.3809269172907586,Occidental
M0x30MCx1791,-21.842452363271402,6.4716117128875625,Occidental
M0x30MCx1792,-8.364746192691673,-11.218329316735641,Occidental
M0x30MCx1860,-21.38464130896905,2.7195193386450875,Occidental
M0x30MCx1911,-14.354862979441016,13.211531602272558,Occidental
M0x30MCx1917,-14.580797978420776,-6.152937524272388,Occidental
M0x30MCx1966,-7.2193784859952395,-9.87183794535192,Occidental
M0x30MCx1993,-22.855340758651735,-3.8731611078164585,Occidental
M0x30MCx2009,-12.128997489030997,-5.135382782719602,Occidental
M0x30MCx2022,-19.605760108425777,6.963302576978649,Occidental
M0x30MCx2041,-11.207882616705973,-9.81291356474695,Occidental
M0x30MCx2081,-18.070461525879722,0.24921909467788161,Occidental
M0x30MCx2099,-18.049153587463056,4.065366359014113,Occidental
M0x30MCx2107,-9.619831413535898,-10.559671043507002,Occidental
M0x30MCx2166,-18.145917857229644,-6.245797951859571,Occidental
M0x30MCx2168,-14.632817270575622,-12.14497153751806,Occidental
M0x30MCx2179,-24.15833231404426,-0.3367920900951624,Occidental
M0x30MCx2201,-17.226499096063804,-7.252830915092519,Occidental
M0x30MCx2298,-8.844115858985887,-4.569930089887145,Occidental
M0x30MCx2327,-16.686056505343878,-11.186457775791993,Occidental
M0x30MCx2334,-7.803316971982966,-3.6933863997795333,Occidental
M0x30MCx2349,-0.47283099801716943,-13.064906676015994,Occidental
M0x30MCx2415,-17.359637749204587,1.817081456703555,Occidental
M0x30MCx2423,-22.46152210834913,4.6332322141428985,Occidental
M0x30MCx2425,-14.484517677976172,-2.3839942328412773,Occidental
M0x30MCx2570,-7.387775817993894,-7.963715801188193,Occidental
M0x30MCx2573,-22.074867677048452,-7.208934708235424,Occidental
M0x30MCx2574,-4.847238001711839,-4.453059922942036,Occidental
M0x30MCx2605,-12.262524794496429,-8.810045343138324,Occidental
M0x30MCx2619,-15.684319408782578,5.28516791111143,Occidental
M0x30MCx2654,-12.004688379822902,10.035586692991531,Occidental
M0x30MCx2662,-18.012669008324018,-1.5574255223853708,Occidental
M0x30MCx2720,-16.143978678102222,-8.685386992526489,Occidental
M0x30MCx2735,-16.096260856739875,-9.381432500722283,Occidental
M0x30MCx2760,-14.84270693827986,-12.597144777838654,Occidental
M0x30MCx2775,-15.121165399232463,-11.412605542276477,Occidental
M0x30MCx2783,-13.998700422785838,-9.236112669798775,Occidental
M0x30MCx2811,-19.588846715965992,5.086054093345935,Occidental
M0x30MCx2819,-16.4896082873283,0.11888302262067096,Occidental
M0x30MCx2822,-5.571115710540459,-8.201943024770351,Occidental
M0x30MCx2941,-14.034005190737094,-0.5983083705407495,Occidental
M0x30MCx2954,-14.091042592921262,-1.600994572167429,Occidental
M0x30MCx2990,-21.78246585534299,-3.617930195798066,Occidental
M0x30MCx3017,-15.543534115668692,6.994123114356323,Occidental
M0x30MCx3030,-18.985518306778907,-7.672478868842041,Occidental
M0x30MCx3070,-0.7883248924224233,-10.374652538280426,Occidental
M0x30MCx3091,-18.35875000850238,-12.994655330750447,Occidental
M0x30MCx3118,-9.472955670834505,-6.4044211214122795,Occidental
M0x30MCx3152,-9.210539883677825,-7.662813819672022,Occidental
M0x30MCx3160,-14.200322053654702,-4.104587479850076,Occidental
M0x30MCx3171,-13.819417413662737,-0.7814433241424545,Occidental
M0x30MCx3180,-18.688322483598043,-10.959784750839315,Occidental
M0x30MCx3237,-17.219239706030113,-10.456639838459186,Occidental
M0x30MCx3314,-9.910964118126387,-4.7134099261801685,Occidental
M0x30MCx3340,-15.861935911977366,-1.9207168965105916,Occidental
M0x30MCx3375,-17.098247477181324,-6.01546488688714,Occidental
M0x10MCx1333,-15.22578016639368,2.107882417397306,Occidental
M0x10MCx1344,-13.379756820601482,5.0422078217849995,Occidental
M0x10MCx2748,14.223272558946688,2.3158847035088046,Occidental
M0x10MCx2864,4.166324372625195,-13.225535382316973,Occidental
M0x11MCx2511,-12.893037551303166,-10.985028354701555,Occidental
M0x12MCx1147,-9.042984340695416,0.6977215187302566,Occidental
M0x12MCx1242,-6.284269478531872,-10.569965364568375,Occidental
M0x12MCx1282,8.443605939145495,-8.778286422996324,Occidental
M0x12MCx1353,-13.059312798404758,-1.8449342666761632,Occidental
M0x12MCx1495,-19.421573824872873,-5.288185339697983,Occidental
M0x12MCx1502,-4.5152444518731585,-4.7403208024233825,Occidental
M0x12MCx1519,-16.24210167376708,14.994648778221759,Occidental
M0x12MCx1651,-11.910965061168945,11.396208591678118,Occidental
M0x12MCx1652,-14.544172592119512,-8.210729966148651,Occidental
M0x12MCx1719,-18.72733038960682,-2.6856566032222142,Occidental
M0x12MCx1738,-7.415274753839093,-0.6079183696328245,Occidental
M0x12MCx1749,-17.261736197865606,2.241710074161367,Occidental
M0x12MCx1764,-11.858196545382459,-7.967113986572666,Occidental
M0x12MCx1862,-17.668736348277296,10.691668573644218,Occidental
M0x12MCx1893,-11.263490680048559,-7.7847668567045725,Occidental
M0x12MCx1903,-14.274863517676604,-10.700366699277954,Occidental
M0x12MCx1922,-5.795487140713279,-3.2230031974967135,Occidental
M0x12MCx2035,0.32076476022510647,-5.045808317321485,Occidental
M0x12MCx2109,-18.412307001629856,-0.03151304678207456,Occidental
M0x12MCx2111,-7.990034153238174,-11.994788351469833,Occidental
M0x12MCx2202,-20.782859982760904,7.357739420702497,Occidental
M0x12MCx2209,-17.19410965333473,-3.2825254850861585,Occidental
M0x12MCx2212,-10.561807488876624,-2.472770880127544,Occidental
M0x12MCx2285,-20.497114365426956,-1.5703260623840345,Occidental
M0x12MCx2291,-8.287012500609404,-6.4270079877724635,Occidental
M0x12MCx2317,-5.204038420554685,1.2757434741857212,Occidental
M0x12MCx2323,-6.870716792190976,4.412520676458804,Occidental
M0x12MCx2339,-18.668875230644304,0.48725236483235257,Occidental
M0x12MCx2454,-4.509555122268035,-5.193698872517655,Occidental
M0x12MCx2489,-7.247370593987114,-7.250806797802578,Occidental
M0x12MCx2530,-12.17632703608389,11.710411587530908,Occidental
M0x12MCx2703,-6.431589862964966,11.310225298941742,Occidental
M0x12MCx2736,-13.715012901993141,16.698308801560774,Occidental
M0x12MCx2993,-9.8683332108025,5.820534693513229,Occidental
M0x12MCx3006,-19.76933673964585,8.473651283892377,Occidental
M0x12MCx3026,-7.808404093598661,23.37718543061636,Occidental
M0x12MCx3082,6.594031612749373,4.5053128242056335,Occidental
M0x12MCx3112,-10.46078394032319,-12.437659915518768,Occidental
M0x12MCx3157,-13.584494468999342,8.586695314034452,Occidental
M0x12MCx3275,7.421461047775219,-12.21235561866396,Occidental
M0x12MCx3333,-2.6264859630327653,12.36975326130233,Occidental
M0x12MCx3342,8.658001592353623,-0.7013407064054933,Occidental
M0x12MCx3344,-9.916463221103044,2.056083278519126,Occidental
M0x12MCx3380,-22.36808068308425,1.0497706936411353,Occidental
M0x12MCx3392,-16.36448631332183,23.37115783824019,Occidental
M0x13MCx2071,20.173295429063757,2.446718138969759,Occidental
M0x30MCx1130,-18.32132411432882,-11.029643663250376,Occidental
M0x30MCx1195,-19.787495123706375,1.6453576201611568,Occidental
M0x30MCx1199,-20.327333842421403,6.535317777980271,Occidental
M0x30MCx1210,-18.929047756633633,0.0932227893947557,Occidental
M0x30MCx1271,-5.805967513164319,-6.807790061380087,Occidental
M0x30MCx1279,-13.118083670558708,13.046168174451111,Occidental
M0x30MCx1300,-17.652924380642446,3.4513379141285103,Occidental
M0x30MCx1342,-8.655566875506224,6.749048739506616,Occidental
M0x30MCx1346,-16.0321630202158,0.6130387229963423,Occidental
M0x30MCx1358,-4.078022758114935,-10.05377281766032,Occidental
M0x30MCx1371,-12.504681052729758,-8.460987837862863,Occidental
M0x30MCx1372,-2.2107164488535016,-4.060500420410658,Occidental
M0x30MCx1401,-13.607649126424452,-5.787636202049314,Occidental
M0x30MCx1423,-18.984936515412546,-0.9596236074571145,Occidental
M0x30MCx1425,-10.35876354794949,-4.30554944563545,Occidental
M0x30MCx1445,-15.391030610269649,-6.152001356007784,Occidental
M0x30MCx1477,5.612770634608382,-14.1382544893242,Occidental
M0x30MCx1481,-16.955310281261074,3.099830961677351,Occidental
M0x30MCx1525,-15.305842568834745,-0.011454660111248849,Occidental
M0x30MCx1570,-20.5195075162231,0.08213032646989227,Occidental
M0x30MCx1576,-15.61640945428536,-13.347993999697259,Occidental
M0x30MCx1609,3.2694934690645603,-8.298396885678454,Occidental
M0x30MCx1662,-12.811510135045719,-6.6159680996435,Occidental
M0x30MCx1692,-19.982329966048145,-9.713087786786172,Occidental
M0x30MCx1707,-17.816561140410123,-3.012305280883237,Occidental
M0x30MCx1750,-24.77489072113218,-4.507980575400176,Occidental
M0x30MCx1754,-20.054000123526464,-6.605974470298901,Occidental
M0x30MCx1761,-18.29350706014797,-2.630342886657318,Occidental
M0x30MCx1767,-19.9845157476478,-0.14222875859315476,Occidental
M0x30MCx1796,-0.36298901874456035,-4.57831533867255,Occidental
M0x30MCx1832,-12.983657981130825,-4.677791604262979,Occidental
M0x30MCx1902,-9.078557085940517,7.837731778519489,Occidental
M0x30MCx1919,-14.327561049130331,10.373074222822137,Occidental
M0x30MCx1935,-14.375868664558844,8.365709188330706,Occidental
M0x30MCx1938,-11.04138857038522,-3.9178574328582867,Occidental
M0x30MCx1956,-8.838902662918684,7.534424077216777,Occidental
M0x30MCx1975,-18.762611372383887,-3.8183353143264673,Occidental
M0x30MCx1977,-15.203800121874469,-4.53209174919409,Occidental
M0x30MCx1990,-16.893841253979037,16.377737135372314,Occidental
M0x30MCx2052,-20.405979818225372,-5.025395284430346,Occidental
M0x30MCx2065,-15.899194372908223,1.4863566007977473,Occidental
M0x30MCx2072,-16.44601366880416,3.2623220378851894,Occidental
M0x30MCx2080,-10.574382427574836,-10.646480653699605,Occidental
M0x30MCx2137,-18.323120251066552,-5.794695697834482,Occidental
M0x30MCx2156,-9.925609335635972,-1.248308710772557,Occidental
M0x30MCx2222,-17.009606431169956,20.148573401591236,Occidental
M0x30MCx2272,-16.85417350407263,-9.806811795776355,Occidental
M0x30MCx2292,-4.312526459460546,-11.868361696069218,Occidental
M0x30MCx2296,-16.374259691433497,-6.752273492534662,Occidental
M0x30MCx2303,-18.25959517596468,-0.4743160626162677,Occidental
M0x30MCx2308,-22.87454610992482,-0.16432357820204402,Occidental
M0x30MCx2403,-13.34269628357978,-10.048637889717568,Occidental
M0x30MCx2434,-7.7850032064055945,-0.8135270145968168,Occidental
M0x30MCx2512,-18.639862848478,5.081524512066643,Occidental
M0x30MCx2558,-9.160112760433893,-10.998713211519231,Occidental
M0x30MCx2586,-14.976823491518253,0.24695743818272042,Occidental
M0x30MCx2618,-7.782030838331966,4.636634748634284,Occidental
M0x30MCx2648,-15.227455681445456,1.5647500224054056,Occidental
M0x30MCx2656,-17.683041896289584,10.232082630361182,Occidental
M0x30MCx2723,-14.745818851114358,9.209356459246488,Occidental
M0x30MCx2744,-17.72662351682785,2.158823307038875,Occidental
M0x30MCx2774,-15.59002904489332,8.560361131877325,Occidental
M0x30MCx2785,-20.5447194395802,-4.4322235166090325,Occidental
M0x30MCx2788,-12.316528211617847,-6.700674068825953,Occidental
M0x30MCx2792,-16.34259827846944,2.9805452419749474,Occidental
M0x30MCx2833,-15.442355483342357,5.916655468856675,Occidental
M0x30MCx2836,0.3209953384529278,-9.902568560764859,Occidental
M0x30MCx2871,-12.373772872082728,3.666211468688848,Occidental
M0x30MCx2958,-16.276787675042,-1.4757491866219903,Occidental
M0x30MCx2974,-11.473717423090964,-6.666639520401943,Occidental
M0x30MCx2977,-7.076693364719581,13.289215365394146,Occidental
M0x30MCx3018,-16.066383351703617,6.425943756584553,Occidental
M0x30MCx3087,-18.446832736267325,-1.210598922217189,Occidental
M0x30MCx3154,-19.904487621630285,7.721832159540933,Occidental
M0x30MCx3161,-20.579638198447874,-6.691224791057665,Occidental
M0x30MCx3164,7.334453517524369,-10.89939021288967,Occidental
M0x30MCx3167,-10.053450877978115,-14.638876068506729,Occidental
M0x30MCx3187,-13.208908458565766,-1.5863676642508464,Occidental
M0x30MCx3208,-14.889506779556367,-7.826597486714156,Occidental
M0x30MCx3215,-19.636857784265715,-2.5811503841761168,Occidental
M0x30MCx3256,-23.83073473201936,11.09719873094249,Occidental
M0x30MCx3260,-15.568201692407566,3.859603049480882,Occidental
M0x30MCx3270,-11.430072898576398,-3.8428508157910928,Occidental
M0x30MCx3279,-23.264943590717344,4.731224492725222,Occidental
M0x30MCx3367,-19.619738094668534,-3.3644107752132237,Occidental
M0x30MCx3372,-14.796463394083563,-0.8477914489602538,Occidental
M0x30MCx3412,-5.742040373619991,-15.082217126193033,Occidental
CSM5FZ4E_P,3.441555381355294,-13.062290117483212,Occidental
CSM5FZ4A_P,8.829082318390135,-8.95011675003127,Occidental
CSM5MCUQ_P,3.921076507607541,-14.769823313522167,Occidental
CSM5MCTZ_P,-6.918234540889948,-7.437159978994299,Occidental
CSM5MCXB_P,-1.3591866366086052,3.0988970046114317,Occidental
CSM5MCYU_P,5.483389051006611,5.324969922232272,Occidental
CSM67U9T_P,11.83510678106016,-8.58331474513054,Occidental
CSM67UCU_P,0.5908188655272557,-4.686711265191689,Occidental
CSM67UH7,-3.1446726196151324,-7.916681479891619,Occidental
CSM79HNE,5.904041016192631,0.6811429490649328,Occidental
CSM7KOP6,-3.6858225349629485,-9.760465368432794,Occidental
CSM79HQR_P,3.2818398549016816,10.04983925874637,Occidental
CSM7KOQ5_P,10.357041401278448,-6.157182182573767,Occidental
CSM7KOUJ_P,-2.2947419620153244,-2.9925549630945953,Occidental
ESM5GEYU_P,18.943733213098184,2.2607980306275204,Occidental
ESM5MEEJ_P,7.749372380278489,-1.9769457501340364,Occidental
ESM5MEAB_P,12.868466658672313,2.4932609815947564,Occidental
ESM5MEC7_P,5.818810065737433,-0.5968349600911811,Occidental
HSM5MD8A_P,11.16527872040794,-2.7503441071055272,Occidental
HSM5MD82_P,8.58173304975664,-9.228071361931004,Occidental
HSM5MD87_P,7.204093216514069,2.773998494562763,Occidental
HSM5MD8H_P,-2.538961544201939,-2.5073688337414657,Occidental
HSM5MD5Z_P,5.449071033905628,-2.8837103475991634,Occidental
HSM6XRQC_P,19.735728307618828,15.582917213169278,Occidental
HSM6XRQE_P,7.742655742822388,10.709342715006663,Occidental
HSM67VDX_P,1.984573740916323,-13.345219416757182,Occidental
HSM67VDR_P,-1.9567549215726014,3.2775156356584834,Occidental
HSM67VDT,1.1059966751113492,-8.196570320845069,Occidental
HSM7CZ1T_P,6.813871024141767,-11.920695517428992,Occidental
HSM7CZ2X_P,10.424141473090627,0.31977265577070746,Occidental
HSM7J4JT_P,5.63407504457542,2.4958332468361117,Occidental
HSM7J4JV_P,1.3354021775734992,4.869578153720907,Occidental
HSMA33NW,1.0808503729760215,-6.660309979934904,Occidental
HSMA33NY,-5.951376096286726,-2.6756769600832095,Occidental
MSM5LLHV_P,5.751420996845912,-11.707519791326511,Occidental
MSM5LLIQ_P,13.719887086482998,4.454824494172028,Occidental
CSM6J2H9_P,-3.3230078520411954,-9.366903913028995,Occidental
MSM6J2JF_P,5.110977432386606,-7.873356179212046,Occidental
MSM6J2JH_P,-14.337782550121894,-1.0560841797138076,Occidental
MSM6J2PO,-5.576623629864944,4.275972756419144,Occidental
MSM6J2Q1,-9.452932541867757,-0.0859868923835645,Occidental
MSM6J2N6_P,0.06051547679220981,9.419749428858898,Occidental
MSM79H52_P,2.3269163681970664,-14.068317894512525,Occidental
MSM79H5E,-19.782138700637024,2.0522631330532874,Occidental
MSM79HF1_P,-17.978625120098798,0.5113346601077398,Occidental
MSM79H9U_P,-10.327432790208903,7.582390377846003,Occidental
MSM79HBZ,22.91705173161393,17.95044125871027,Occidental
MSM79HD6_P,0.6234058585654765,-7.783358862346883,Occidental
MSM79HCG,0.7593576470081977,6.347129838366993,Occidental
MSM79H8D,-3.032951555180139,-10.966479258389679,Occidental
MSM79H94_P,10.457435114793345,-6.0423712731535835,Occidental
MSM9VZFJ_P,-6.62421581306328,-10.231575172260673,Occidental
MSM9VZN4_P,-3.368094878795585,1.6562157726473208,Occidental
MSM9VZLZ,12.74962113108389,12.8694180576292,Occidental
MSM9VZMM,-5.06775429398515,-5.6695521705698395,Occidental
MSM9VZJF_P,-10.959694751682566,11.58133529227344,Occidental
MSM9VZL5,-5.249142440044572,-8.04131652118259,Occidental
MSMA267V,-19.19576526623089,-9.157948213312867,Occidental
PSM6XBSE,10.054359911258922,3.363994836013792,Occidental
PSM6XBSG_P,1.6074685141738474,1.8827451190977769,Occidental
PSM6XBTR,-6.190222537025463,-7.6910515642334145,Occidental
PSM6XBW1_P,-1.9919056869645058,-5.22812866963083,Occidental
PSM6XBW3,32.04248599436412,8.4958590557366,Occidental
PSM7J1BV,-6.451799919048945,-5.596829385488797,Occidental
PSMA264O,10.78277675697477,8.114701758060438,Occidental
PSMA265X,7.201903921087776,-5.775178590923404,Occidental
M0x10MCx1135,-3.4593048417940206,12.851491751845774,Occidental
M0x10MCx1153,-11.720262810656074,-9.727654255504717,Occidental
M0x10MCx1154,6.123429725338983,-8.87808220028489,Occidental
M0x10MCx1155,-16.637746544897066,13.406934692302297,Occidental
M0x10MCx1216,-1.4263217931921268,1.1909298696251005,Occidental
M0x10MCx1277,-20.888377654626908,9.417732055171706,Occidental
M0x10MCx1295,-16.10494331672865,-4.9814182368523765,Occidental
M0x10MCx1307,15.296258944218202,-4.648702368141692,Occidental
M0x10MCx1318,-3.953698944135917,-15.160427239376109,Occidental
M0x10MCx1362,-1.9507727686495464,-4.922667453391269,Occidental
M0x10MCx1374,-11.530465889862835,13.849459735374431,Occidental
M0x10MCx1414,-16.678958850308277,11.571500240367524,Occidental
M0x10MCx1429,-9.80430972847346,-1.6878910452623392,Occidental
M0x10MCx1431,17.554656375180684,-6.1695172240242675,Occidental
M0x10MCx1471,-9.302337380008275,5.991577518980259,Occidental
M0x10MCx1530,0.8304271204648845,-13.588226686189504,Occidental
M0x10MCx1560,-13.327083385794037,-8.553254840533697,Occidental
M0x10MCx1604,1.1553376093836416,5.654124578410657,Occidental
M0x10MCx1656,-5.643456465558682,-3.851097468868672,Occidental
M0x10MCx1659,17.47705898174628,0.2869262225000311,Occidental
M0x10MCx1808,3.7762573528229435,-15.567116620426173,Occidental
M0x10MCx1864,8.630202303753538,-7.390855010963171,Occidental
M0x10MCx1877,-12.92655729672046,15.672792241327066,Occidental
M0x10MCx1906,-15.294533210736553,6.293315388572614,Occidental
M0x10MCx1918,-4.381595931945764,-6.687924141512942,Occidental
M0x10MCx1931,20.18629709996035,-10.38310528528886,Occidental
M0x10MCx1960,5.978915391211991,17.78190321977411,Occidental
M0x10MCx2014,22.27066839999066,10.132554801594324,Occidental
M0x10MCx2098,-10.46829046884696,4.621734652967355,Occidental
M0x10MCx2142,-4.712711367858217,-5.701587550885461,Occidental
M0x10MCx2169,-8.257200945213135,-4.13480045539323,Occidental
M0x10MCx2177,-14.274778554562271,-8.175614856161271,Occidental
M0x10MCx2268,16.287232399145584,-9.12619226261149,Occidental
M0x10MCx2315,21.57162775677142,-3.829655836819547,Occidental
M0x10MCx2435,-5.861599365704455,-9.0467114640164,Occidental
M0x10MCx2472,-1.3858388249877134,-14.000241650998564,Occidental
M0x10MCx2476,-7.749229255540904,-6.423822476938883,Occidental
M0x10MCx2490,-11.39129130414402,-4.628073325259142,Occidental
M0x10MCx2564,-5.896694905172094,-16.14527429853241,Occidental
M0x10MCx2577,-2.3824009226697633,-13.15319560884111,Occidental
M0x10MCx2583,-0.007216653241645332,-5.7734397260005865,Occidental
M0x10MCx2607,-16.10533118063263,17.143410648992504,Occidental
M0x10MCx2643,8.550571119502553,1.7518071612546233,Occidental
M0x10MCx2725,-15.959643115375968,-9.841307848037093,Occidental
M0x10MCx2755,-2.88312310904025,12.514517740948504,Occidental
M0x10MCx2762,22.32460030425233,8.200981560113837,Occidental
M0x10MCx2813,-11.948993642201117,3.594607477301015,Occidental
M0x10MCx2846,21.26603192268771,-8.049575984062955,Occidental
M0x10MCx2856,11.85541319735319,-5.513051868375496,Occidental
M0x10MCx2976,-9.342510715819728,-10.556430801189737,Occidental
M0x10MCx3001,3.2825535690379652,-14.725723812963768,Occidental
M0x10MCx3156,6.365730165277131,-11.808581351204307,Occidental
M0x10MCx3173,-21.035546240375556,0.7995013580320984,Occidental
M0x10MCx3197,12.390461610414023,-10.504190422103012,Occidental
M0x10MCx3273,15.475909670094188,-2.7259607300289774,Occidental
M0x10MCx3322,-18.679552039132943,0.13146686640371197,Occidental
M0x10MCx3330,3.8973946299715037,0.29943290182725146,Occidental
M0x10MCx3346,-21.700464617819854,-3.489634189053505,Occidental
M0x10MCx3404,-7.367536735760265,-8.22529983230945,Occidental
M0x10MCx3406,-18.95440616892413,-4.74543261879677,Occidental
M0x10MCx3420,-6.791928738943902,3.765151333584241,Occidental
M0x11MCx1113,6.32481141235403,-5.4836344146252936,Occidental
M0x11MCx1160,17.930048793655573,-5.4275055031203,Occidental
M0x11MCx1161,-15.761313172891718,-12.279220488931841,Occidental
M0x11MCx1265,-8.770810942785172,-9.779538353752883,Occidental
M0x11MCx1329,-9.919667729277727,8.03425217913613,Occidental
M0x11MCx1428,0.7793991440344374,-14.258086829469985,Occidental
M0x11MCx1579,5.75141381136562,2.5552166317855214,Occidental
M0x11MCx1669,-8.930389134154652,11.52463296062093,Occidental
M0x11MCx1751,-9.491393866275814,-1.3340401635938486,Occidental
M0x11MCx1758,4.169261041942818,0.4218325693890934,Occidental
M0x11MCx2047,-15.939639524332073,17.16441631344449,Occidental
M0x11MCx2048,9.482855037616321,-7.338620183235055,Occidental
M0x11MCx2056,-19.99026193957591,-6.385837761472231,Occidental
M0x11MCx2130,11.22887074355929,-13.959975645051674,Occidental
M0x11MCx2191,2.5554746768152343,-9.1716350810796,Occidental
M0x11MCx2271,13.07187154476102,1.0604730555886475,Occidental
M0x11MCx2290,-0.7478286991343985,1.2728653224661732,Occidental
M0x11MCx2302,1.238309010378,-14.984876018030686,Occidental
M0x11MCx2379,8.094559395791169,-14.814748756405038,Occidental
M0x11MCx2419,5.432284888702966,-15.384086025655396,Occidental
M0x11MCx2481,-20.629570964761115,-3.8551358437825813,Occidental
M0x11MCx2680,-5.883552913785369,-18.46064719398649,Occidental
M0x11MCx2847,-19.534327442981933,0.47406450837774905,Occidental
M0x11MCx2910,-13.964224958102356,-0.23728891071536395,Occidental
M0x11MCx2914,-4.183781802692554,1.7268707373504668,Occidental
M0x11MCx2950,-0.8858680110526365,-10.097707808139184,Occidental
M0x11MCx3016,4.7383435431170176,-0.619075372462345,Occidental
M0x11MCx3054,-4.782816164772916,2.2611081173486083,Occidental
M0x11MCx3093,4.020271180003426,3.538212930272393,Occidental
M0x11MCx3134,-2.1631751614149337,-1.6872646992827116,Occidental
M0x11MCx3193,-21.296137134887736,4.601842610833285,Occidental
M0x13MCx1149,-12.932478219888015,-6.92317193161444,Occidental
M0x13MCx1179,-11.374522721369392,6.8988066744878,Occidental
M0x13MCx1231,-18.479683506639724,-2.0279753009761743,Occidental
M0x13MCx1410,-8.401728491824873,22.518791035301643,Occidental
M0x13MCx1419,-5.670433737588967,-11.91563370937731,Occidental
M0x13MCx1567,-8.24241790148644,4.998555343827542,Occidental
M0x13MCx1887,7.123632117362208,4.748938015188516,Occidental
M0x13MCx2129,-8.536523099337504,9.719651664395851,Occidental
M0x13MCx2223,-7.389434741290959,-1.592810955593536,Occidental
M0x13MCx2240,-11.2316731783719,-2.6777290451203273,Occidental
M0x13MCx2331,-3.042887091559974,-6.152626716669272,Occidental
M0x13MCx2620,1.4746824755081818,0.7901984760969301,Occidental
M0x13MCx2660,-1.9618666324393281,6.879922927251179,Occidental
M0x13MCx3080,16.214515839518935,0.6860746762070793,Occidental
M0x13MCx3255,-16.38136296810352,12.147481148669762,Occidental
M0x13MCx3274,-21.556307727372385,10.593895439779814,Occidental
M0x13MCx3356,-3.3250569677314736,23.61151577060438,Occidental
M0x14MCx1338,-18.176750746661796,1.902224273761684,Occidental
M0x20MCx1221,-19.619751169565458,-0.8525717138717992,Occidental
M0x20MCx1255,-13.886625200187723,2.6168012587331315,Occidental
M0x20MCx1290,-14.847360654392794,7.614289080704155,Occidental
M0x20MCx1375,-18.972821289448703,0.43046539578661314,Occidental
M0x20MCx1403,2.627222278441671,-0.021234936358103695,Occidental
M0x20MCx1408,-4.943500386394643,-5.959698982820016,Occidental
M0x20MCx1422,-3.1222851296157863,-1.5886218857351508,Occidental
M0x20MCx1464,-11.203767317177224,-4.296408727041942,Occidental
M0x20MCx1512,-6.59929260545989,-3.8653322249560462,Occidental
M0x20MCx1562,-12.529657087105246,-6.8230267222375955,Occidental
M0x20MCx1593,-2.6466999796309167,3.7685838848603703,Occidental
M0x20MCx1622,6.825626226939139,-9.546136201702438,Occidental
M0x20MCx1684,0.9739843858158981,7.355371726262043,Occidental
M0x20MCx1753,5.665234962665496,-17.941326808827984,Occidental
M0x20MCx1766,-7.640461819964333,-1.9353662593682808,Occidental
M0x20MCx1812,-10.544094263389447,14.816825338508465,Occidental
M0x20MCx1884,-4.431069646556617,-14.334790596770311,Occidental
M0x20MCx1898,10.060356691546922,-14.982696847048214,Occidental
M0x20MCx1950,-9.609038986450237,1.2848639574150367,Occidental
M0x20MCx1981,-18.524394993048798,4.406878644754785,Occidental
M0x20MCx2017,-6.704042448985479,3.1400732425168965,Occidental
M0x20MCx2019,-8.610567737372634,2.5129689661464494,Occidental
M0x20MCx2086,-24.349395575953935,0.16709959611572067,Occidental
M0x20MCx2108,-8.524571184889709,6.9132578509847455,Occidental
M0x20MCx2187,3.0851239135109436,-9.362180401668677,Occidental
M0x20MCx2245,-8.132948514360304,4.582519176060586,Occidental
M0x20MCx2250,-13.89516874878774,-3.950882791468781,Occidental
M0x20MCx2254,15.856730680421744,-12.788366899500545,Occidental
M0x20MCx2288,-16.9871762966228,8.675148799742338,Occidental
M0x20MCx2373,-8.58096634432668,1.2635121269124454,Occidental
M0x20MCx2422,-8.646782874963122,-6.036725056665426,Occidental
M0x20MCx2477,-13.148904158722896,4.797838737049146,Occidental
M0x20MCx2495,-10.034041266737596,-2.9728330049989244,Occidental
M0x20MCx2546,-2.3404473387907867,-9.576228943523486,Occidental
M0x20MCx2571,-0.18505479686687032,-4.383989562564085,Occidental
M0x20MCx2626,-4.722291611478857,-11.595662335449887,Occidental
M0x20MCx2650,-6.9253291293808275,-5.3787505243101,Occidental
M0x20MCx2696,-3.720368016462821,-1.9443793063858221,Occidental
M0x20MCx2742,-2.6530092807423866,-13.170287606399224,Occidental
M0x20MCx2878,-21.19902655411307,3.1958858816614804,Occidental
M0x20MCx2905,-5.681551257963303,-2.0886896480847144,Occidental
M0x20MCx2916,-16.42436054624491,-10.41735281725989,Occidental
M0x20MCx2922,-12.446571773413204,14.332635710882174,Occidental
M0x20MCx2923,7.4444174144214506,10.142397460537756,Occidental
M0x20MCx2928,18.94936508296952,-7.593570507699023,Occidental
M0x20MCx2946,-0.3615993220818847,6.776004144534152,Occidental
M0x20MCx2985,-12.57729708306146,-3.97941998009638,Occidental
M0x20MCx3040,-15.61553941257618,5.594079279938596,Occidental
M0x20MCx3097,-11.038792375517122,-1.3010562322680395,Occidental
M0x20MCx3107,-18.139530077420336,-1.4190332808163815,Occidental
M0x20MCx3136,18.071182357230164,-2.1374192442046587,Occidental
M0x20MCx3211,-0.9924014632695997,-15.540945327400944,Occidental
M0x20MCx3216,6.483039710515872,-13.899459054804389,Occidental
M0x20MCx3281,-8.280770148109752,6.5789473272773105,Occidental
M0x20MCx3296,9.4142329599269,-19.18148038893222,Occidental
M0x20MCx3310,-19.300611061564062,2.068483093174044,Occidental
M0x20MCx3343,-5.82070125691358,4.415698060767075,Occidental
M0x20MCx3371,-13.52829783352158,5.443334442566709,Occidental
M0x30MCx1370,-22.337716498285864,-2.736509987910135,Occidental
M0x30MCx1411,-21.453349934874577,-5.045159698383272,Occidental
M0x30MCx1496,-15.548147295256836,-2.586696833264239,Occidental
M0x30MCx1524,-19.98260437713494,6.118008801844992,Occidental
M0x30MCx1623,-8.478311660954265,2.2002566044944825,Occidental
M0x30MCx1628,-6.62458818929538,-14.893828355923095,Occidental
M0x30MCx1644,-8.822502949818706,-5.114769341243771,Occidental
M0x30MCx1677,-24.89207167742621,4.98861288915918,Occidental
M0x30MCx1682,-12.735327519463464,11.53576510107644,Occidental
M0x30MCx1693,-21.786732527477145,1.4847542759219605,Occidental
M0x30MCx1765,-23.47853450958933,0.21017158451390383,Occidental
M0x30MCx1838,-12.335037608131351,-8.660128784366663,Occidental
M0x30MCx2023,-10.551524428706031,-4.18722219109564,Occidental
M0x30MCx2082,-12.086685491890417,-9.39898166012009,Occidental
M0x30MCx2188,-16.597472080480966,-10.796656237970677,Occidental
M0x30MCx2318,-16.641359935124715,-1.425107712647507,Occidental
M0x30MCx2364,-11.95789777732097,-2.055733821627496,Occidental
M0x30MCx2516,-18.097071749945577,5.4510721637233726,Occidental
M0x30MCx2598,-16.34888451385678,-0.7581322358808977,Occidental
M0x30MCx2632,-20.178828381152638,-3.047020748746534,Occidental
M0x30MCx2640,-7.473878255924038,-14.31200188094827,Occidental
M0x30MCx2734,-21.565172373847382,5.451644374763478,Occidental
M0x30MCx2901,-15.967637088325127,-6.346221381613719,Occidental
M0x30MCx2948,-13.036054116796418,8.6948271995322,Occidental
M0x30MCx2951,14.430555373738848,-10.39211870146142,Occidental
M0x30MCx2953,-7.103230298190134,-3.824054352970591,Occidental
M0x30MCx2983,-16.09545996874673,11.060642648424636,Occidental
M0x30MCx3059,-7.373347477297006,4.531816166657887,Occidental
M0x30MCx3190,18.10489933228034,-13.604520095255047,Occidental
M0x30MCx3203,-13.30364968266921,8.281492387912301,Occidental
SKST023_2_G102987,1.3298702630899637,-5.82884448422852,Occidental
SKST023_1_G102981,3.7349125040593716,-6.701804233145558,Occidental
SKST023_4_G102937,4.307348315884746,-4.1833854653072455,Occidental
SKST023_3_G102941,10.94858401020907,-8.256605855569482,Occidental
SKST011_3_G102973,-10.165423796874045,-11.562171678624,Occidental
SKST011_2_G102972,-6.278082148654288,-12.085703842882875,Occidental
SKST011_1_G102971,-2.5705247874688926,-14.755084907319077,Occidental
SKST010_8_G102998,-1.0654966451724999,-7.163629597112094,Occidental
SKST010_7_G103003,0.5361895894604007,-14.020109375199993,Occidental
SKST010_6_G103004,-3.1889342618639134,-6.0462012077728895,Occidental
SKST010_5_G102990,-5.123386409330299,-13.26071483971143,Occidental
SKST010_4_G102956,-4.577580616754506,-16.55497526436355,Occidental
SKST011_5_G102993,-2.393670310117759,-14.983783454083905,Occidental
SKST011_4_G102952,-12.059950642366289,-9.835850058025127,Occidental
SKST023_7_G103015,4.863456833930289,-12.308003887278172,Occidental
SKST024_1_G102982,9.01467480734273,-12.29329247897746,Occidental
SKST023_5_G103007,3.0529192034624177,-2.1508852481570164,Occidental
SKST023_6_G103009,12.252914714561763,-7.3435665028527195,Occidental
SKST024_4_G102938,21.30747865388943,-14.291423014129595,Occidental
SKST024_5_G103001,7.704035563476808,-7.000155337243053,Occidental
SKST024_2_G102953,11.21240442251581,-11.192624580461267,Occidental
SKST024_3_G102944,15.547894625687917,-13.73569470625188,Occidental
SKST024_6_G103012,17.746021301980427,-12.7772796966434,Occidental
SKST024_7_G103022,10.197667269421164,-15.717568566095306,Occidental
SKST011_6_G103002,-0.5772803972334586,-14.886331343607594,Occidental
SKST011_7_G103017,-1.9977372181995907,-13.808171037551915,Occidental
SKST011_8_G103000,4.378473696899763,-13.675000375495703,Occidental
SKST012_1_G102974,-1.3615613527471453,-19.618129238494546,Occidental
SKST012_2_G102975,-0.9506256585490451,-18.325313553015487,Occidental
SKST012_3_G102950,-5.779714749177913,-14.92963575375714,Occidental
SKST012_4_G102954,-3.697485653586721,-16.70892152368948,Occidental
SKST012_5_G102992,-11.707829007891156,-13.982331518629252,Occidental
SKST012_6_G102997,-4.543301703286403,-16.346044362874263,Occidental
SKST036_3_G103025,-6.101042919063939,0.9012569360138531,Occidental
SKST036_2_G103020,-3.0441280958920363,-2.4371930107800432,Occidental
SKST037_2_G103023,-9.800932443736649,-3.39911308921831,Occidental
SKST036_1_G103013,2.6659836026189954,-8.245286344301636,Occidental
SKST041_1_G103005,-2.6914844444808335,0.19083969010245205,Occidental
SKST041_2_G103027,2.031485267568131,6.875717831250032,Occidental
SKST041_3_G103028,-2.008524894124786,-0.15234758997451703,Occidental
SKST010_2_G102969,-5.041467964074762,-9.776732523602806,Occidental
SKST010_3_G102970,3.6907254714046145,-8.571877339811785,Occidental
SKST007_8_G102999,-7.011659150178925,-9.694603769641915,Occidental
SKST010_1_G102968,-4.940249935933748,-10.550352425837797,Occidental
SKST007_6_G102995,-10.341677465795662,-9.429585848020317,Occidental
SKST007_7_G103016,-8.499367473158124,-11.193408414830017,Occidental
SKST007_3_G102949,-11.415538409500346,-12.452257979351444,Occidental
SKST007_4_G102948,-10.539997895959711,-12.903241793265256,Occidental
SKST007_1_G102966,-9.150150081036944,-13.629858027098564,Occidental
SKST007_2_G102967,-7.533943301124243,-9.242434584422561,Occidental
SKST024_8_G103031,10.74192943866594,-10.7342798807233,Occidental
p9223_mo4,-15.632083614595228,0.23595199874044948,Occidental
p9223_mo3,-14.560492705527686,-1.0311287991733442,Occidental
p9223_mo2,-15.708180428457428,-2.629288343798504,Occidental
p9223_mo1,-15.191446571854847,0.22841157568297277,Occidental
p9220_mo7,-4.932845385858796,-9.569199923660701,Occidental
p9220_mo6,-1.0544712030604249,-9.43205817931672,Occidental
p9220_mo5,-4.556557128335804,-9.487522522233728,Occidental
p9220_mo4,-5.897271353186431,-10.972851440548897,Occidental
p9220_mo3,-6.617859190548792,-8.383291677507522,Occidental
p9220_mo2,-8.414785783748037,-8.438913558849578,Occidental
p9281_mo5,-13.184053087188708,-8.792080517854448,Occidental
p9281_mo6,3.309712675643005,9.747507609935521,Occidental
p9223_mo7,-16.9853357252417,-2.7977838802227604,Occidental
p9223_mo8,-15.505729991073306,-2.2555397354601032,Occidental
p9223_mo5,-16.61783202588062,-0.5134809765476351,Occidental
p9223_mo6,-13.036260607067224,-2.5891525137149065,Occidental
p9281_mo3,-15.566905140575479,-6.998039184391993,Occidental
p9281_mo4,-14.773955675648768,-4.480295976884686,Occidental
p9281_mo1,-11.942098446582616,-9.280238343376286,Occidental
p9281_mo2,-12.525163203359956,-11.032424755616773,Occidental
p9220_mo1,-6.555784332309585,-5.836961474063799,Occidental
SKST006_6_G102964,14.519884539604147,12.06189311869921,Occidental
SKST006_7_G102965,16.39480101732147,17.426788855020487,Occidental
SKST006_4_G102962,17.163280030185827,16.54469065104351,Occidental
SKST006_5_G102963,12.469017704728131,12.65066838832873,Occidental
SKST006_1_G102959,14.482973668185823,10.34811144446634,Occidental
SKST006_9_G103014,16.074044840155608,18.239333143080295,Occidental
SKST027_3_G102945,3.457766310992989,-2.2405024264685585,Occidental
SKST027_4_G102958,9.871342583953819,-5.31404751590494,Occidental
SKST027_6_G102955,10.233890818919159,8.133894502633273,Occidental
SKST027_9_G102947,16.871506415089616,17.10330613982019,Occidental
SKST027_11_G102996,25.62760343519898,17.663896095549482,Occidental
SKST027_12_G103011,18.28351160431302,15.968526706633202,Occidental
SKST027_1_G102984,14.394590651526482,1.3002717289373287,Occidental
SKST027_2_G102985,16.90281782579866,0.6538698810875312,Occidental
SKST032_1_G102943,17.532636624569037,13.695937663280205,Occidental
SKST032_2_G102946,17.55445188180161,-6.909557866466515,Occidental
SKST014_3_G102978,19.109649849296453,13.927304300371958,Occidental
SKST014_2_G102977,24.20414456084408,23.328290148290645,Occidental
SKST014_5_G102980,26.195414886142586,10.887830781058558,Occidental
SKST014_4_G102979,12.294863990329649,8.70907318792462,Occidental
SKST014_7_G102940,14.324673085564726,-6.694765849872607,Occidental
SKST014_6_G102951,12.163860021933017,6.614508908338482,Occidental
SKST032_4_G103008,3.0824717358227636,-6.777134711120403,Occidental
SKST032_3_G102989,14.590149622980881,-0.3011029160937193,Occidental
SKST032_5_G103024,-0.6620062771044619,-5.577098813186065,Occidental
SKST027_10_G102936,23.422724068067623,20.63724132019385,Occidental
SKST025_9_G103021,19.91646222496238,-7.466482697714995,Occidental
SKST025_2_G102986,26.14027946216976,-9.353101167583429,Occidental
SKST025_1_G102983,27.01366750362661,-10.353687195006838,Occidental
SKST025_6_G103010,19.969400071195302,3.1878696423598627,Occidental
SKST025_5_G103006,20.204926089118892,-7.909083643359701,Occidental
SKST025_4_G102939,23.395384434762583,-1.7501228762820427,Occidental
SKST025_3_G102942,28.113460890429998,-6.235239066795963,Occidental
p8883_mo6,13.494582960272979,-11.894688619961727,Occidental
p8646_mo8,13.0956717344273,-1.2735781316061416,Occidental
p8646_mo9,16.64442145221244,-7.505709775511167,Occidental
p8646_mo6,10.976484503404011,-6.369755430103084,Occidental
p8646_mo7,13.14125559548961,-2.753622598991176,Occidental
p8646_mo3,7.955670107038497,-6.79571400863185,Occidental
p8646_mo2,7.798657034185949,-6.142329115040497,Occidental
p8646_mo12,12.421696371766282,-15.196728585604628,Occidental
p8646_mo11,11.814428506847278,-13.881588754054814,Occidental
p8646_mo10,12.984995833012938,-14.409612940657627,Occidental
p8646_mo1,7.5558356408070715,-5.448505558381579,Occidental
p8600_mo9,21.954587666390584,-9.606198929170834,Occidental
p8600_mo8,22.068898538970796,-9.630024681881956,Occidental
p8646_mo5,13.465651693048393,-2.437950451198655,Occidental
p8646_mo4,9.332219505711267,-11.611335843494231,Occidental
p8883_mo2,14.750558193588107,-11.112015876363714,Occidental
p8883_mo3,17.13132309826958,-15.257179505144293,Occidental
p8600_mo1,27.663341023582323,-4.0938812217629605,Occidental
p8600_mo10,23.6570583456853,-8.224285615651802,Occidental
p8600_mo11,24.22579954658358,-9.80399966560731,Occidental
p8600_mo12,24.313560011883194,-10.440321386168186,Occidental
p8600_mo2,32.033827871732115,-1.8655190086720905,Occidental
p8600_mo3,29.12682493879186,-3.2220509184219255,Occidental
p8600_mo4,28.80773443172641,-6.822627132926784,Occidental
p8600_mo5,30.489563891582268,-5.776236381012127,Occidental
p8600_mo6,26.40162112365462,-8.433679906026153,Occidental
p8600_mo7,26.62379042035976,-9.092146658317628,Occidental
p8883_mo12,4.598837272075706,-8.450927300822478,Occidental
p8883_mo11,13.345496952138086,-10.861266643217583,Occidental
p8883_mo10,8.197400995495778,-7.54850997742622,Occidental
p8883_mo9,9.276040954217505,-6.560467632291345,Occidental
p9061_mo1,-3.4776894561168294,2.6821008163428544,Occidental
p8883_mo7,14.218925049203246,-11.359308756139956,Occidental
p8883_mo8,12.918448300749894,-10.621381822580776,Occidental
p8883_mo4,9.298784710186942,-8.424096675192153,Occidental
p9061_mo2,-2.486672721569848,4.541592355294588,Occidental
p9061_mo3,0.7007863006755102,3.550068701066256,Occidental
p9193_mo1,-9.072723772443208,-9.889469709042505,Occidental
p9061_mo8,-3.234940541675268,5.956345614547181,Occidental
p9193_mo4,-10.139865745402908,-10.551981128456372,Occidental
p9193_mo2,2.5687373276302283,-13.509143805562012,Occidental
p9061_mo5,-4.63014587003854,4.770331340781672,Occidental
p9061_mo4,-2.7974021849081403,4.9477173037557485,Occidental
p9061_mo7,-4.036018416075828,3.6895685777100726,Occidental
p9061_mo6,-6.235863659617628,4.344007569487406,Occidental
p9193_mo6,-11.417733753213795,-7.61059390627183,Occidental
p9193_mo5,-6.121724829208233,-10.46662404861815,Occidental
p8712_mo6,20.21425021243725,-4.6839453520341,Occidental
p8712_mo7,16.7139461850121,-7.974104362813919,Occidental
p8712_mo8,17.153937116512925,-6.70401228328759,Occidental
p8712_mo9,15.613044150183438,-3.5849722910313604,Occidental
p8712_mo2,17.252886180655963,-2.2134753235604867,Occidental
p8712_mo3,14.67158346512472,-5.168149563281536,Occidental
p8712_mo4,13.341514873764755,-3.42045832159343,Occidental
p8712_mo5,19.976986227089466,-9.197869358498878,Occidental
p9193_mo7,-11.658623192660212,-5.83153779725555,Occidental
p9216_mo3,7.05846070192861,-15.901088684708423,Occidental
p8712_mo10,11.862928202059162,-7.25418578032635,Occidental
p8712_mo1,11.04789621975323,-11.030909991812845,Occidental
p8712_mo12,10.248277631645689,-4.892789631012961,Occidental
p8712_mo11,8.087985234908068,0.5527238818184887,Occidental
SAMD00115014,17.161056399051446,-5.09368891630985,Occidental
SAMD00115015,17.71950229580335,1.5130659967304743,Occidental
SAMD00115025,1.0079045172145022,-0.06032643168435925,Occidental
SAMD00115027,5.467538943362882,-4.927302723570917,Occidental
SAMD00114971,0.3885329499085408,17.785191628437587,Occidental
SAMD00114972,-11.399401347601376,-6.07153624740605,Occidental
SAMD00115039,3.4669941285068475,6.937130496198474,Occidental
SAMD00114968,18.919486791647937,-4.842786578733127,Occidental
SAMD00114970,25.598334728702856,0.18168688126263266,Occidental
SAMD00115016,9.425574395643924,-8.936718601623113,Occidental
SAMD00115017,8.147075437173966,12.84260865353166,Occidental
SAMD00115019,-0.9182158681204076,-12.984465227489192,Occidental
SAMD00115021,-9.048166396818718,6.376732356521593,Occidental
SAMD00115023,0.18470933641183152,10.88712541381332,Occidental
SAMD00114973,-2.5380434009514694,9.464915159469209,Occidental
SAMD00114969,13.279103594733439,1.1594496984372142,Occidental
SAMD00115018,-5.271834584110826,8.13581019249515,Occidental
SAMD00115020,-5.457757189623839,-4.025997354529063,Occidental
SAMD00115022,23.301223322335087,6.453309421841143,Occidental
SAMD00115024,14.442566343506549,-18.474721224567418,Occidental
SAMD00115064,11.696544559960842,12.047273958373417,Occidental
SAMD00115029,-1.059930985000367,-6.6542158871659085,Occidental
SAMD00115026,-0.44386283152276995,-8.523441781792286,Occidental
SAMD00115028,-16.282591408510168,10.713645706385421,Occidental
SAMD00115060,30.278275437446453,7.953409242455651,Occidental
SAMD00115061,-8.274025917667156,10.795196402517755,Occidental
SAMD00115062,8.047610095291077,-16.48226881574788,Occidental
SAMD00114997,27.032995934511288,16.60202797868036,Occidental
SAMD00115030,13.449277472083777,8.018044587721443,Occidental
SAMD00115063,-0.1430896503202277,-8.866009583291437,Occidental
SAMD00114999,24.531455568865148,2.673761861496931,Occidental
SAMD00115031,5.198585199964082,-8.744066166322124,Occidental
SAMD00115032,18.34180102071009,-7.249828521584452,Occidental
SAMD00115065,-3.01941756512554,-14.249121221348773,Occidental
SAMD00115034,-5.665498491410446,5.622293897457429,Occidental
SAMD00115035,-1.829921218085392,-5.317484430680959,Occidental
SAMD00114998,16.7051653782555,3.071131719847594,Occidental
SAMD00115000,19.18392760250292,-0.15252676987948277,Occidental
SAMD00114995,-16.757186342898734,2.1300338624701665,Occidental
SAMD00114996,5.393071268909237,3.3784979630039587,Occidental
SAMD00115033,24.40419186761996,16.95767291662507,Occidental
SAMD00114801,17.258392191831334,-5.8746385246436885,Occidental
SAMD00114735,3.472151032742234,-3.548047108811743,Occidental
SAMD00114736,19.949384323139903,-7.94612119661856,Occidental
SAMD00115036,13.01815750405524,-15.492227833066003,Occidental
SAMD00114737,-6.211775144957308,5.05573374721322,Occidental
SAMD00114738,21.780982068668557,-4.952372505649884,Occidental
SAMD00115037,21.659076586371995,-13.339146248260239,Occidental
SAMD00114739,8.73519887580871,5.767037160074034,Occidental
SAMD00114744,2.7474991322374223,-9.386049749025606,Occidental
SAMD00114745,25.573567997331416,11.365459709423732,Occidental
SAMD00114746,9.314292622797167,-1.0757914698728035,Occidental
SAMD00114747,0.5877417997041903,-5.1534039641336955,Occidental
SAMD00114831,0.09994026105554177,-4.129537924876707,Occidental
SAMD00114748,12.129690817282729,13.583448128967344,Occidental
SAMD00114832,-0.9875952131639991,3.0122752149752587,Occidental
SAMD00114740,-9.843877448482072,-5.483168076966382,Occidental
SAMD00114741,1.2630904052268725,-1.8402482368387476,Occidental
SAMD00114833,7.3688422743172985,-1.62532008268174,Occidental
SAMD00114742,22.44919374136662,5.412450050415025,Occidental
SAMD00114743,-0.41985023795629495,-3.0510019414046594,Occidental
SAMD00114757,0.5499774005350204,-5.386748367235124,Occidental
SAMD00114758,-8.87540268888645,-13.384877812293247,Occidental
SAMD00114759,-3.4328572743421706,-3.8476606511306217,Occidental
SAMD00114760,20.710001489215223,6.671594408414511,Occidental
SAMD00114834,8.291302621504984,-4.8312778828469805,Occidental
SAMD00114761,1.8503684552209325,-7.6819692641238015,Occidental
SAMD00114762,4.865956982672606,-0.20524370849268525,Occidental
SAMD00114763,5.284377889065633,-0.810065217414726,Occidental
SAMD00114802,6.5190904551607325,-10.048683284575414,Occidental
SAMD00114815,32.0818133285889,6.396846562765909,Occidental
SAMD00114764,-9.933887379427382,7.274177029212881,Occidental
SAMD00114974,7.604740957956881,-0.19847112195621452,Occidental
SAMD00114755,10.4140017542977,-4.479383805225411,Occidental
SAMD00114756,7.182587214417302,9.904890048682422,Occidental
SAMD00114765,26.46983713541837,6.258951814630078,Occidental
SAMD00114978,27.723911515902266,11.495735105902202,Occidental
SAMD00114766,26.012014307294578,-4.228704531568217,Occidental
SAMD00114979,-10.295796101650605,-11.747187654774681,Occidental
SAMD00114767,25.99930776479411,-0.7246416259342574,Occidental
SAMD00114768,8.560008667986658,7.604858502363714,Occidental
SAMD00114769,-6.075750081698882,15.641193254359628,Occidental
SAMD00114770,-5.1865192122608335,22.007718045000168,Occidental
SAMD00114771,2.1292944751228227,6.619497402125167,Occidental
SAMD00114980,-3.693261140855583,-11.128466134596156,Occidental
SAMD00114975,-5.938678899289023,4.111519331117986,Occidental
SAMD00114772,12.937777807028684,-10.855589829518742,Occidental
SAMD00114773,-5.633452401684634,11.263960205238675,Occidental
SAMD00114718,24.271748137621984,-1.6203546170358587,Occidental
SAMD00115040,21.38225714265441,0.3472391709529603,Occidental
SAMD00114976,-13.893743644372567,-2.272735147945734,Occidental
SAMD00114977,24.69877993855822,-4.862195156816633,Occidental
SAMD00114719,-10.351474666376124,9.303545772650896,Occidental
SAMD00114720,21.564620481789916,-1.255556028158395,Occidental
SAMD00115042,27.54199517326797,-6.888129477042809,Occidental
SAMD00114721,6.97808932578644,4.873248843556018,Occidental
SAMD00114722,9.363450347805337,3.148853129439224,Occidental
SAMD00115043,5.333771459076664,10.727358706563018,Occidental
SAMD00114984,14.36990073186318,7.016150799371307,Occidental
SAMD00114723,18.11875639308442,10.254841188300826,Occidental
SAMD00114724,21.275320490325072,-4.47626103716948,Occidental
SAMD00115041,-3.8425278316894946,-4.018770740695802,Occidental
SAMD00114981,1.4492849029666424,-4.729811349842605,Occidental
SAMD00114800,20.329930484729402,8.979321241021953,Occidental
SAMD00114982,22.796469946294202,-1.2309209597887225,Occidental
SAMD00114793,3.9249323676892285,13.440198433580996,Occidental
SAMD00114794,11.851190650679992,-16.233781027014523,Occidental
SAMD00114795,19.12574153824935,3.6288794219867966,Occidental
SAMD00114985,23.727184905453704,-1.2025559842268043,Occidental
SAMD00115045,-6.748291856023538,-4.820988775628259,Occidental
SAMD00114986,-10.981051294655174,-8.160653112005996,Occidental
SAMD00115046,21.81741025470082,2.4757148604007932,Occidental
SAMD00115047,1.4240445179231873,-1.4646149598932068,Occidental
SAMD00114796,10.393005960244292,-0.8593494895576237,Occidental
SAMD00114987,6.080114633546371,8.56488730775944,Occidental
SAMD00114797,3.4299489092918902,-7.544129441966532,Occidental
SAMD00114988,16.142139083022624,-13.952071446272978,Occidental
SAMD00114798,28.08599199084532,1.4985550716850637,Occidental
SAMD00114799,-0.9846780577815846,-5.6563588666858235,Occidental
SAMD00114753,18.955879054444107,18.465738491016687,Occidental
SAMD00114754,1.852800238753412,6.545745130019857,Occidental
SAMD00115044,1.1654701706424024,-11.586071526412365,Occidental
SAMD00114989,-1.8547197057879394,1.6996935873723027,Occidental
SAMD00114990,0.5726499937529308,10.301597271832737,Occidental
SAMD00114991,1.2990318715377231,-10.2901011732834,Occidental
SAMD00114992,23.890521273838523,4.320810295141097,Occidental
SAMD00115048,18.73830588137931,-2.6174064009136755,Occidental
SAMD00114749,-7.866460433201265,-0.19282799299883813,Occidental
SAMD00115049,18.001328564373985,-13.488243534394599,Occidental
SAMD00115050,9.044699349602334,-2.8140850155295025,Occidental
SAMD00115051,2.816683784782578,-0.7163679409749211,Occidental
SAMD00115052,-9.583896432523495,-4.037418460176576,Occidental
SAMD00114750,-12.987645502866144,-5.213859208757774,Occidental
SAMD00115053,1.8388357532048918,-14.417421498778193,Occidental
SAMD00115054,21.855142457869675,-9.036204974494218,Occidental
SAMD00114993,19.299393045729907,8.06916993710522,Occidental
SAMD00115055,0.7042929558579356,-5.229757244503353,Occidental
SAMD00114751,1.9231773279355888,-1.3052562922184272,Occidental
SAMD00114752,-7.541829232151695,4.552258691306024,Occidental
SAMD00114780,5.228526028882147,13.496010150432962,Occidental
SAMD00114781,-8.02892031297457,8.613937147603377,Occidental
SAMD00114782,15.961774697692112,-9.065107037457402,Occidental
SAMD00114994,23.095856442391327,0.1320040347269842,Occidental
SAMD00114774,17.32212922445886,1.529578351508028,Occidental
SAMD00114775,-4.083939441975314,-4.326220039044963,Occidental
SAMD00114776,-8.84311410228753,-10.905902555385111,Occidental
SAMD00114777,5.6103032904587495,14.830380709155719,Occidental
SAMD00115056,-4.588418401774124,-3.415431226012106,Occidental
SAMD00115058,-14.943270410597115,-12.273200798281536,Occidental
SAMD00114778,8.443615022279914,3.0815047960833373,Occidental
SAMD00114779,-0.9834191951343279,-4.499396626535543,Occidental
SAMD00114730,1.1788007995359422,-5.473249704762261,Occidental
SAMD00115001,9.746745929510158,9.759775549608888,Occidental
SAMD00114731,-13.735557800814465,4.551513235720714,Occidental
SAMD00114732,9.576997895277877,-2.0644291238476873,Occidental
SAMD00114733,19.364959583858685,12.47219992961723,Occidental
SAMD00114734,-10.190632170552906,14.676698751820762,Occidental
SAMD00114725,12.27315087582722,-2.0000886903248576,Occidental
SAMD00115057,7.689831947355423,-9.675815326834794,Occidental
SAMD00114726,20.809515486552325,12.517498219888848,Occidental
SAMD00114727,3.1897110896004026,-14.660761747888163,Occidental
SAMD00114728,13.024139754035847,-4.459827125511702,Occidental
SAMD00114729,-0.955032130617063,-16.85649028049749,Occidental
SAMD00115002,29.987219957860916,12.24329026134092,Occidental
SAMD00114787,15.192757276392978,7.84702028242053,Occidental
SAMD00114788,13.579650436495658,-3.432336617785242,Occidental
SAMD00115003,11.158098401144734,-5.02777174813506,Occidental
SAMD00115004,-2.178675803868753,4.71560388461672,Occidental
SAMD00114789,2.933208491319319,-1.4473519911270323,Occidental
SAMD00114790,-4.796388513934714,8.309028038063767,Occidental
SAMD00114791,-7.280617657762878,-15.000262910794355,Occidental
SAMD00114792,-3.9989434448808545,-3.697700571349128,Occidental
SAMD00114783,16.909094986797786,17.56672940149806,Occidental
SAMD00114784,23.182779842944214,-2.195314255769321,Occidental
SAMD00115008,-11.06926262164631,8.061618393043947,Occidental
SAMD00114785,-2.820714848050333,0.6438436351398567,Occidental
SAMD00114786,13.595395406118836,-7.338477975903255,Occidental
SAMD00115009,-12.79864070059853,-0.07042244053411828,Occidental
SAMD00115005,12.287256145159237,-2.8737009346011844,Occidental
SAMD00115006,23.56553399043417,-9.536000054704687,Occidental
SAMD00115038,-15.412174599039986,-9.89283986476848,Occidental
SAMD00115007,13.515722553394824,-12.702564609279186,Occidental
SAMD00115059,11.711697908645888,0.2510853527235595,Occidental
SAMD00115011,-15.37817805333794,6.79323351177956,Occidental
SAMD00115012,0.37068636019113654,5.9411135640474795,Occidental
SAMD00115013,-10.14075769764056,-7.5396308329529615,Occidental
SAMD00115010,13.022731745360714,22.401303214239494,Occidental
SAMD00114816,7.103258033690055,7.620993594713728,Occidental
SAMD00114819,28.34641466026773,7.589677543459811,Occidental
SAMD00114804,2.221794289642755,-2.360230101643933,Occidental
SAMD00114805,-6.535320149112689,-6.048927496967019,Occidental
SAMD00114806,25.74169728263903,-0.9098352857558281,Occidental
SAMD00114807,5.686236071479381,7.594271225,Occidental
SAMD00114808,24.321070679424324,7.115365859672457,Occidental
SAMD00114809,-0.707836600735666,-12.722597045019533,Occidental
SAMD00114810,-0.06115570083762201,-3.9996933492984335,Occidental
SAMD00114811,7.528314266475862,15.146114790890092,Occidental
SAMD00114820,10.484535121315465,-4.843440364138753,Occidental
SAMD00114821,6.262989251896086,8.970628596468385,Occidental
SAMD00114812,-5.754195027289995,9.510355813633321,Occidental
SAMD00114813,29.830637692768256,11.446648588310424,Occidental
SAMD00114814,4.656829610965528,-11.271541361791364,Occidental
SAMD00114826,6.794267595150226,-4.279399903503731,Occidental
SAMD00114827,-6.959028670321487,13.804059701329281,Occidental
SAMD00114828,-2.7237715427196694,-7.316604800772175,Occidental
SAMD00114829,-3.078292092283652,-9.121038865027955,Occidental
SAMD00114830,5.588607502440406,-0.3241470771864252,Occidental
SAMD00114862,-4.7682916628329775,-2.305542956069389,Occidental
SAMD00114822,25.92121320417004,-10.284876514738187,Occidental
SAMD00114823,-5.227757182951557,-1.304650477718316,Occidental
SAMD00114857,-3.9105746221158437,1.198793172809899,Occidental
SAMD00114858,25.526135314650677,0.4111183496141635,Occidental
SAMD00114824,20.5684559057377,8.54729730230623,Occidental
SAMD00114825,28.089465026001594,2.5748248950794483,Occidental
SAMD00114817,-1.3974851347434853,-2.8059033141412852,Occidental
SAMD00114818,-5.127219060362169,0.8480781693416084,Occidental
SAMD00114835,18.31870387756595,-9.898668832726266,Occidental
SAMD00114836,9.823111199258848,-7.627478140869736,Occidental
SAMD00114803,0.2953945598121237,1.2387112576248844,Occidental
SAMD00114841,9.828020716548192,-8.961750848479802,Occidental
SAMD00114842,17.702781083574223,17.894019391117507,Occidental
SAMD00114843,-13.303575488717296,3.2151594116375133,Occidental
SAMD00114844,7.361479863124021,19.042163226100097,Occidental
SAMD00114845,5.280690429826109,-11.195690832469804,Occidental
SAMD00114846,17.586538732234125,0.4120284534906471,Occidental
SAMD00114847,-17.473742057051652,2.83926511252465,Occidental
SAMD00114848,-0.6489905834230321,7.012093164915932,Occidental
SAMD00114849,-13.883714912603597,5.6181345076664115,Occidental
SAMD00114850,8.485198102268598,-5.4203869454376425,Occidental
SAMD00114863,-4.171454140912198,0.5966476946084498,Occidental
SAMD00114864,2.872125786034137,23.745612278614587,Occidental
SAMD00114865,27.56012486371636,5.331204757495664,Occidental
SAMD00114866,23.841831025581676,-4.679211278887309,Occidental
SAMD00114851,-1.9878756488672042,-2.3548280798240624,Occidental
SAMD00114852,0.40439162822969976,10.209215368553764,Occidental
SAMD00114867,0.6064574617566247,-6.689320969006864,Occidental
SAMD00114853,21.758653595026708,-7.24667468300417,Occidental
SAMD00114868,-10.58935292613883,19.279620218671056,Occidental
SAMD00114869,21.975054029912094,-7.582397836814864,Occidental
SAMD00114854,28.199899152471442,17.977548833861423,Occidental
SAMD00114859,3.6996071929724534,7.03285343119676,Occidental
SAMD00114837,23.215508698729646,-4.960451766491084,Occidental
SAMD00114838,9.81308665791094,-2.8334317091739374,Occidental
SAMD00114860,-7.043964807114346,-1.7966821843218375,Occidental
SAMD00114839,4.078147061543659,9.656133839764522,Occidental
SAMD00114840,-3.1657548526374004,5.235328386326545,Occidental
SAMD00114855,17.96758997424572,5.317704678219801,Occidental
SAMD00114856,9.41157395466443,-13.682095209906098,Occidental
SAMD00114861,-6.616882689183221,-14.128034196411182,Occidental
SAMD00114887,2.0502535763350647,-1.107403612235239,Occidental
SAMD00114870,6.423966700754399,4.331534614183566,Occidental
SAMD00114871,-12.407621291250269,3.511835690411705,Occidental
SAMD00114926,-1.0037071751180058,5.57145588427702,Occidental
SAMD00114937,6.071279015070194,-1.4721805500609007,Occidental
SAMD00114888,-7.6448977882957685,6.184760935778623,Occidental
SAMD00114889,20.533465082910496,-4.008087670407268,Occidental
SAMD00114872,16.86930918568923,-14.351692480773824,Occidental
SAMD00114873,-9.90362317994282,0.6052488459207206,Occidental
SAMD00114927,4.204229648725503,6.512672104127969,Occidental
SAMD00114928,14.543433389205571,-1.5797894615895833,Occidental
SAMD00114938,0.3763113182270814,1.9564211325168959,Occidental
SAMD00114890,0.7498627816593455,11.559300259431993,Occidental
SAMD00114891,-10.205076494881173,4.209446777906453,Occidental
SAMD00114929,15.50902957926575,-12.599928206333058,Occidental
SAMD00114930,7.413978609866277,-4.874111191806898,Occidental
SAMD00114939,-15.627081855867083,-5.040004395926823,Occidental
SAMD00114892,-12.126354216441289,-3.6403917892902937,Occidental
SAMD00114893,29.182045771669973,3.7494972409360767,Occidental
SAMD00114874,13.227248165088138,-0.5512194441077485,Occidental
SAMD00114875,26.234169212173825,6.220814637591971,Occidental
SAMD00114931,0.09208437870105968,16.336343675020576,Occidental
SAMD00114932,24.090034864214978,1.2820994872179146,Occidental
SAMD00114940,23.44309125470371,17.445595578506786,Occidental
SAMD00114894,20.62121096474895,5.021129511786602,Occidental
SAMD00114895,-11.529393428244745,-5.168213795039153,Occidental
SAMD00114876,-6.244623220372155,13.889068635410142,Occidental
SAMD00114933,18.026479603708033,7.810848950202562,Occidental
SAMD00114941,3.335937476808799,10.647585669450573,Occidental
SAMD00114896,20.46746639484494,-2.7714750169836675,Occidental
SAMD00114897,24.665686622838724,6.964966486141822,Occidental
SAMD00114877,-4.242018007946404,15.695603751672433,Occidental
SAMD00114878,22.633886324386083,3.6320773609405803,Occidental
SAMD00114934,5.042830225623243,16.584460770583284,Occidental
SAMD00114942,20.259973073043742,-5.453343249359857,Occidental
SAMD00114898,-18.516065541832553,1.9626706647302319,Occidental
SAMD00114935,29.111250417301914,13.354368859467543,Occidental
SAMD00114936,16.66755961765267,-7.711075959137124,Occidental
SAMD00114943,-1.4314369062308963,-3.0327076217225484,Occidental
SAMD00114908,-5.579954053232219,15.38723088651367,Occidental
SAMD00114944,-2.118375523648348,17.200137832095255,Occidental
SAMD00114918,14.404280248655258,-11.746376905122936,Occidental
SAMD00114909,-2.528267201766555,7.073312272668846,Occidental
SAMD00114919,-4.304798344782318,-0.7571634858179079,Occidental
SAMD00114920,11.550645838849842,-5.401969630958614,Occidental
SAMD00114949,19.99378955744266,-9.82410545499205,Occidental
SAMD00114950,14.465509740660131,-12.385946158071889,Occidental
SAMD00114910,7.6038908954744855,-8.779766013678366,Occidental
SAMD00114911,25.059406396130772,4.02978530360713,Occidental
SAMD00114921,5.264872918009392,-16.215359087357534,Occidental
SAMD00114922,24.523496150876305,-8.215311414170348,Occidental
SAMD00114951,-5.054770958733574,16.550018143968774,Occidental
SAMD00114912,0.04183933837607867,9.487439577058337,Occidental
SAMD00114913,1.7083120750014835,11.508878773028753,Occidental
SAMD00114923,-14.02928916389995,12.663842444771433,Occidental
SAMD00114952,-4.970678316812775,-8.590088119555347,Occidental
SAMD00114953,14.17714149583242,-0.7707355926584389,Occidental
SAMD00114945,5.152733468667966,14.396428853402437,Occidental
SAMD00114924,19.22370073948926,-8.790254812956132,Occidental
SAMD00114954,-10.317228269013714,3.2675104757856452,Occidental
SAMD00114914,20.53153922744886,0.23447263569246157,Occidental
SAMD00114946,-2.041117398295402,-8.25137937003462,Occidental
SAMD00114925,1.722519368359853,-10.615001775092466,Occidental
SAMD00114955,5.049996697046923,-6.649745612090029,Occidental
SAMD00114956,8.285646463402808,-7.106689381101048,Occidental
SAMD00114915,15.786063819564331,1.1037624842673077,Occidental
SAMD00114916,13.783446780007921,7.246302392903094,Occidental
SAMD00114917,18.435070951312674,16.35696485895619,Occidental
SAMD00114947,4.140085300282697,-1.3965617869352602,Occidental
SAMD00114948,-7.1626288667541935,-4.111578846246382,Occidental
SAMD00114957,-3.59652640000472,1.5228427380362897,Occidental
SAMD00114958,-8.132905456685773,-3.1913800274036506,Occidental
SAMD00114879,13.336794035613524,-3.587608701097717,Occidental
SAMD00114880,11.107836130568192,-2.828704089700678,Occidental
SAMD00114959,22.05728261514404,-3.098843152095035,Occidental
SAMD00114960,6.712202326149471,-8.216456773000637,Occidental
SAMD00114899,22.401421285426114,-8.614556833980991,Occidental
SAMD00114881,24.175899387499406,12.156201056170048,Occidental
SAMD00114882,-2.5629117374558277,-6.4076888051088945,Occidental
SAMD00114900,-12.348033597995599,9.721332915432829,Occidental
SAMD00114901,29.5960339367366,12.89652566360499,Occidental
SAMD00114961,2.9235958351210565,-12.69662036320344,Occidental
SAMD00114962,22.805721905475444,-6.723485922789407,Occidental
SAMD00114883,19.757710858245844,-0.5441106489483838,Occidental
SAMD00114884,14.555415187263451,-6.507758639298843,Occidental
SAMD00114902,25.437625085722985,12.16940842279421,Occidental
SAMD00114903,2.468949375592632,-5.569038351392339,Occidental
SAMD00114963,-12.79728270226775,-5.055817751584477,Occidental
SAMD00114964,19.853155490506055,3.8960038676581155,Occidental
SAMD00114904,-12.276071824765069,12.165516259823836,Occidental
SAMD00114905,32.014012709122966,4.353168232475031,Occidental
SAMD00114965,-3.0481825243752123,-2.770638483203757,Occidental
SAMD00114885,19.30984001494533,-4.3834152060306595,Occidental
SAMD00114906,2.947136294736321,-14.775361958346966,Occidental
SAMD00114907,3.947748597985367,-13.30086528917034,Occidental
SAMD00114966,5.0802232897589255,5.734260699613052,Occidental
SAMD00114967,14.891961469182291,2.1410646214201448,Occidental
SAMD00114886,21.974070008554875,-7.443140323207598,Occidental
SAMD00164694,8.627136384571049,5.962048433390598,Occidental
SAMD00164695,10.222000604856154,-1.964973416034801,Occidental
SAMD00164708,17.99741133670942,-10.53683753887194,Occidental
SAMD00164713,14.0646677671345,-7.783325065665108,Occidental
SAMD00136653,18.772339587760257,2.3532552502519044,Occidental
SAMD00164717,5.4243855539497385,18.188562032476902,Occidental
SAMD00164721,17.018031901268852,0.45665180720855236,Occidental
SAMD00164723,23.04147688740663,-2.924369336452366,Occidental
SAMD00164727,22.847074055173685,7.188432600207064,Occidental
SAMD00164728,15.852633311081803,12.598948039221906,Occidental
SAMD00164729,5.291735637073955,-5.838541958239936,Occidental
SAMD00164734,11.600916750958723,-15.513912886867452,Occidental
SAMD00164744,7.646361317142732,6.238591995772994,Occidental
SAMD00164745,5.476465967282129,1.2199168805935896,Occidental
SAMD00164746,21.032270775507918,-1.9349029909226259,Occidental
SAMD00164748,20.009450995153777,-1.3006109551261602,Occidental
SAMD00164750,-3.0448368581609557,5.5987146057144965,Occidental
SAMD00154991,17.245139395181624,-0.8261856512659111,Occidental
SAMD00164755,-7.488903893654378,13.724360309791347,Occidental
SAMD00164756,15.014081526352294,0.6199981767114071,Occidental
SAMD00164757,27.6077110024219,17.69897137933405,Occidental
SAMD00164758,32.34728401427758,3.7696309263239085,Occidental
SAMD00154992,19.418874869507242,-0.4436885775334316,Occidental
SAMD00164760,22.93385285504189,4.794005086170708,Occidental
SAMD00154993,14.037452907986104,-1.3795115462612708,Occidental
SAMD00164764,28.827940041542117,15.488244999094356,Occidental
SAMD00164765,7.561261051854366,28.857633134393353,Occidental
SAMD00136648,18.36858560699565,-4.835145166431674,Occidental
SAMD00164767,1.221128214081574,-4.193139155350397,Occidental
SAMD00164769,-4.956410845255878,-4.483662841138654,Occidental
SAMD00154994,2.030757168967698,-2.4552259888769283,Occidental
SAMD00164771,-9.396507931747923,11.336831534967043,Occidental
SAMD00164772,28.7645301142618,10.177408219769497,Occidental
SAMD00154995,18.851422438447123,-10.364025181235302,Occidental
SAMD00164773,-6.317044709399504,-0.8781333769379804,Occidental
SAMD00164774,21.286635331530633,7.926692345905627,Occidental
SAMD00164776,-3.6390138745396907,-4.596724811206154,Occidental
SAMD00164778,20.16300404118844,2.7470999908203186,Occidental
SAMD00164779,0.06044445858692882,3.4157606445322286,Occidental
SAMD00164780,25.242903192767095,7.58685891921766,Occidental
SAMD00164791,-10.7771266439395,13.884148961123296,Occidental
SAMD00164801,20.79663248760475,5.89051845604952,Occidental
SAMD00164803,0.55151080689118,4.4616855015002574,Occidental
SAMD00164804,10.063709979362748,-5.351250090475454,Occidental
SAMD00164805,0.18400876621854856,-3.070906437104912,Occidental
SAMD00164806,8.34178959673818,-5.678001802817433,Occidental
SAMD00164807,21.007929124356988,0.09521007174147833,Occidental
SAMD00164808,6.276156325078141,-11.451283239884678,Occidental
SAMD00164809,19.652911208248305,-5.1751551747058775,Occidental
SAMD00164812,17.820612666223404,16.544034261639524,Occidental
SAMD00164813,-9.549174000044562,-4.164294926504998,Occidental
SAMD00164814,8.350470266203224,4.5744386898086145,Occidental
SAMD00164817,5.782571400042184,0.3344660773132295,Occidental
SAMD00164818,-10.231471518926615,-0.8575803995833429,Occidental
SAMD00164819,-8.571229552971257,-7.868738089029775,Occidental
SAMD00164820,23.47452837343399,-1.988242910351949,Occidental
SAMD00164821,11.035056486374375,-2.7250108728669913,Occidental
SAMD00164822,4.7467167115786175,17.500402911487512,Occidental
SAMD00164823,0.05880946016161559,10.937218831740193,Occidental
SAMD00164824,-8.046608644702182,-8.610245992844671,Occidental
SAMD00164825,4.635736230016825,-10.593944813810356,Occidental
SAMD00164826,16.03313093821955,16.81074669562548,Occidental
SAMD00164827,-4.207688874600548,-4.6351980494276495,Occidental
SAMD00164828,15.375322960370823,-10.392834278487708,Occidental
SAMD00164829,8.227838520572009,-3.2092336358764024,Occidental
SAMD00164830,-2.421211758670049,13.612572027375165,Occidental
SAMD00164831,-15.243888504627023,19.458621133467794,Occidental
SAMD00164832,-0.3469136615042441,7.507976530830275,Occidental
SAMD00164833,-0.5321039571547761,-0.21711924288634243,Occidental
SAMD00164834,13.953911875791087,3.8769929678025226,Occidental
SAMD00164835,21.46073403679193,5.205047265297774,Occidental
SAMD00164836,12.709004134300216,-11.026502589039698,Occidental
SAMD00164837,1.530587538898553,-1.0066747160783835,Occidental
SAMD00164838,0.2705149554292685,-2.341215210355908,Occidental
SAMD00164839,1.8077372472762114,-5.018049097764172,Occidental
SAMD00164840,28.869041034074865,0.5202504622469126,Occidental
SAMD00164841,-8.572425916305498,6.702043308662007,Occidental
SAMD00164842,16.80510989614713,24.61819527275973,Occidental
SAMD00164843,7.168548279295424,-1.1240435732936573,Occidental
SAMD00164844,4.097447241726598,8.977094580220118,Occidental
SAMD00164845,1.4744390020183467,21.717337563847323,Occidental
SAMD00164846,25.48812952212194,9.471930410931744,Occidental
SAMD00164847,12.530928406632457,-4.3611021514558574,Occidental
SAMD00164848,-9.383073911355005,4.441065742741663,Occidental
SAMD00164849,-7.120045934238114,-14.5882302023983,Occidental
SAMD00164850,4.319567942834608,-5.9832606804162465,Occidental
SAMD00164851,4.944979773431962,17.795733442953598,Occidental
SAMD00164852,9.429329873347145,3.2922664117142437,Occidental
SAMD00164853,-2.022837245842714,-4.4667353492141535,Occidental
SAMD00164854,18.66099469903016,4.629333987827142,Occidental
SAMD00164855,1.3584782675920088,-11.040786473859473,Occidental
SAMD00164856,16.111991532597195,5.312345551662122,Occidental
SAMD00164857,24.7249574419225,-4.641525719890599,Occidental
SAMD00164858,0.916829761728053,11.095411328962593,Occidental
SAMD00164859,21.89664454083923,-5.870388129405369,Occidental
SAMD00164860,11.644232864306725,-8.977083167716039,Occidental
SAMD00164861,15.255499209889813,-10.292347018206264,Occidental
SAMD00164862,13.921162249496245,0.3750868030865071,Occidental
SAMD00164863,-0.7445328049690367,1.075683024523327,Occidental
SAMD00164864,8.135793313526635,-0.34576650620887595,Occidental
SAMD00164865,1.6958147604311176,-10.459148199986199,Occidental
SAMD00164866,7.582538695827187,3.4537504484329773,Occidental
SAMD00164867,20.63645843436611,8.551958807984683,Occidental
SAMD00164868,25.10209009096683,-4.936734179645719,Occidental
SAMD00164869,6.2792861012287124,-19.430463514185536,Occidental
SAMD00164870,17.0638627740731,-11.245656428932918,Occidental
SAMD00164871,8.678190162346318,-5.559210576856583,Occidental
SAMD00164872,15.796071767685355,-0.061834641064852036,Occidental
SAMD00164873,27.397271124097664,2.7821158558378976,Occidental
SAMD00164874,16.512420674098948,5.232064684008588,Occidental
SAMD00164875,5.0894838343956845,-7.365902900041774,Occidental
SAMD00164876,-6.4857875349520135,-5.664182741493916,Occidental
SAMD00164877,-1.0596758161157886,-6.895904548259037,Occidental
SAMD00164878,-12.49933958951976,-1.1175702926920161,Occidental
SAMD00164879,-8.815681927951353,-5.343699627954332,Occidental
SAMD00164880,18.53208852921096,5.391591932443983,Occidental
SAMD00164881,0.658114672271461,-10.570660743807181,Occidental
SAMD00164882,-4.529364799998211,6.01431157954904,Occidental
SAMD00164883,-1.7005412783549936,-3.5734011374490384,Occidental
SAMD00164884,-2.743945080587059,-1.2328379834235976,Occidental
SAMD00164885,21.939843144232526,-5.799385094096809,Occidental
SAMD00164886,14.471757442898214,17.28258617636613,Occidental
SAMD00164887,-2.5675076006854454,6.29834639696815,Occidental
SAMD00164888,12.59652553516928,-14.731161556114785,Occidental
SAMD00164889,17.09008720581755,5.9507833974853,Occidental
SAMD00164890,0.5986138319678638,8.234126202482468,Occidental
SAMD00164891,14.582450390026317,-3.6894648490609763,Occidental
SAMD00164892,4.4740791660274795,1.8166684632991519,Occidental
SAMD00164893,-7.497284653336273,-3.9210576837670716,Occidental
SAMD00164894,22.346593041938895,11.575043488492984,Occidental
SAMD00164895,-5.3908605332740045,-7.663912980531786,Occidental
SAMD00164896,-7.844188780259241,5.634154849217104,Occidental
SAMD00164897,6.337169659011527,5.346079209654768,Occidental
SAMD00164898,-10.092766781777552,4.871126494943795,Occidental
SAMD00164899,25.324165139809693,4.170126820652323,Occidental
SAMD00164900,-3.0197002277967826,-13.057814074794585,Occidental
SAMD00164901,-10.249033835359263,-8.875856859604017,Occidental
SAMD00164902,12.02367169039953,-6.4501518229708035,Occidental
SAMD00164903,2.9762654020929595,-5.962732226473338,Occidental
SAMD00164904,13.33735850005614,-3.016168612192925,Occidental
SAMD00164905,-2.568027084436874,7.145897586293112,Occidental
SAMD00164906,23.50563131553588,3.5998296821393043,Occidental
SAMD00164907,-5.402006917755234,-0.171753995152379,Occidental
SAMD00164908,-7.01035599342363,-0.3095055720235411,Occidental
SAMD00164909,15.684369296869747,-5.145073176119328,Occidental
SAMD00164910,26.839418548338955,16.57402935868398,Occidental
SAMD00164911,14.0403208681569,-4.958925341507663,Occidental
SAMD00164912,13.264770577363544,-9.575894986167917,Occidental
SAMD00164913,-2.0194255111682846,3.475477654942389,Occidental
SAMD00164914,-7.192860996766889,-3.912404024097687,Occidental
SAMD00164915,-9.515951980588593,-17.75554488938946,Occidental
SAMD00164916,9.438354457894631,-0.7111184717628829,Occidental
SAMD00164917,10.834970179213778,-9.752925366763687,Occidental
SAMD00164918,0.6340528522603748,-3.302441692927318,Occidental
SAMD00164919,8.452028755557802,5.507295610695316,Occidental
SAMD00164920,-17.27024497294065,0.7039381136029315,Occidental
SAMD00164921,-3.954281901341222,12.710396049827612,Occidental
SAMD00164922,18.133277053514718,-4.350645391394543,Occidental
SAMD00164923,3.3945775237821625,13.499133374164272,Occidental
SAMD00164924,7.099520302432086,1.2303487990891666,Occidental
SAMD00164925,10.173936987677575,-12.230307272048758,Occidental
SAMD00164926,19.581783042235166,1.6432069139064254,Occidental
SAMD00164927,6.036062877317914,5.149085045291197,Occidental
SAMD00164928,16.520451636591858,-12.17568998561585,Occidental
SAMD00164929,-0.9080285319274815,-8.209612706977229,Occidental
SAMD00164930,-2.6603059026647227,-10.001996647093659,Occidental
SAMD00164931,-4.709193951745769,2.268425448190384,Occidental
SAMD00164932,2.239504781079348,-7.276223952624327,Occidental
SAMD00164933,13.220277395173238,10.209773020934634,Occidental
SAMD00164934,27.060012548455806,-0.9668062581444996,Occidental
SAMD00164935,6.347469900162353,-13.869905867010086,Occidental
SAMD00164936,9.594308131518511,8.501232519607951,Occidental
SAMD00164937,-2.091652429129555,-8.091344304330484,Occidental
SAMD00164938,2.4425493255960555,-17.686145937577912,Occidental
SAMD00164939,15.796827747405166,-3.370801749112519,Occidental
SAMD00164940,3.365967438209533,-2.613278671632563,Occidental
SAMD00164941,-4.345491164192369,23.149167290982785,Occidental
SAMD00164942,8.027277629188566,9.710894732317561,Occidental
SAMD00164943,19.43891059637644,-4.394735260635669,Occidental
SAMD00164944,-0.133739679072562,5.676059643756559,Occidental
SAMD00164945,26.611566192850624,3.4053007689003105,Occidental
SAMD00164946,7.593969678534565,-7.6469417204352,Occidental
SAMD00164947,11.57001686876952,-7.952036568184142,Occidental
SAMD00164948,4.652857532238083,10.052296667667903,Occidental
SAMD00164949,14.47787331038078,-19.265852986112275,Occidental
SAMD00164950,11.323847466234321,1.539190210730264,Occidental
SAMD00164951,1.3108778026211017,-3.600420967649586,Occidental
SAMD00164952,0.8947657410571086,-13.747225141495186,Occidental
SAMD00164953,12.063694920636832,7.280687365068761,Occidental
SAMD00164954,31.644796276067016,8.224160571550733,Occidental
SAMD00164955,1.1781760338581986,3.1570111255861413,Occidental
SAMD00164956,19.678772962510887,-5.716216001020331,Occidental
SAMD00164957,25.635572420351618,5.749760614793323,Occidental
SAMD00164958,14.293561021099851,5.927880691897213,Occidental
SAMD00164959,-0.14753995958522026,-4.649021543090492,Occidental
SAMD00164960,13.503454871659914,-14.586564593465276,Occidental
SAMD00164961,-7.065054584770198,-12.527858034545833,Occidental
SAMD00164962,2.1031796919156376,8.602323913652572,Occidental
SAMD00164963,1.6101034541514672,-8.55613977412008,Occidental
SAMD00164964,14.918744866913649,-3.2344478041645575,Occidental
SAMD00164965,11.729713434347257,1.9903612045085142,Occidental
SAMD00164966,-15.437788899731487,7.648768525407492,Occidental
SAMD00164967,-12.440605541409269,20.475832947837326,Occidental
SAMD00164968,21.47874652054461,-5.894128023631791,Occidental
SAMD00164969,-5.816190675544933,-3.3605507215170087,Occidental
SAMD00164970,29.417907081215866,12.279272976382696,Occidental
SAMD00164971,5.045102667304463,-15.837522992270525,Occidental
SAMD00164972,3.8017064983977376,-6.866208490989947,Occidental
SAMD00164973,21.567046475912473,-5.243730105875437,Occidental
SAMD00164974,20.926542850911606,5.920812339659903,Occidental
SAMD00164975,18.465315922491815,-8.071559018240901,Occidental
SAMD00164976,6.430153851529976,-2.307016279298641,Occidental
SAMD00164977,9.4629496582675,-6.059476203596003,Occidental
SAMD00164978,16.53276066894735,-6.0424164464178505,Occidental
SAMD00164979,-3.2602717907938477,7.512844276530125,Occidental
SAMD00164980,8.922455618636373,-5.021364506537895,Occidental
SAMD00164981,22.559847519135396,1.1697850689997358,Occidental
SAMD00164982,-5.251914499099529,0.9945821770087946,Occidental
SAMD00164983,5.183759281147001,-6.897154299192274,Occidental
SAMD00164984,24.525853705439324,2.9640252752061955,Occidental
SAMD00164985,-16.62696101014728,6.881545459272826,Occidental
SAMD00164986,-3.136715144840311,8.691801079874335,Occidental
SAMD00164987,0.8895380063021463,15.046142254094459,Occidental
SAMD00164988,-6.938791680075557,-14.315877311736525,Occidental
SAMD00164989,-0.5385886645577536,8.446673165869047,Occidental
SAMD00164990,22.39277865195752,-7.9711325710985195,Occidental
SAMD00164991,28.631151138985047,-0.8374376404093553,Occidental
SAMD00164992,1.3845508415868881,-18.16053329738612,Occidental
SAMD00164993,-8.208801707996368,12.217218993485837,Occidental
SAMD00164994,3.7843817845041174,-8.117591999087772,Occidental
SAMD00164995,11.343184339238341,3.1601142364206365,Occidental
SAMD00164996,-2.154496072295693,-11.34507309681684,Occidental
SAMD00164997,20.291170339445138,-2.3666468211451983,Occidental
SAMD00164998,15.430808757083382,16.59906676405613,Occidental
SAMD00164999,2.377537272616925,-5.149821000753765,Occidental
SAMD00165000,10.158773447228475,-9.618443990655681,Occidental
SAMD00165001,3.0925439499761627,-4.945720089473848,Occidental
SAMD00165002,-5.054704748847541,-4.384041844862456,Occidental
SAMD00165003,5.161969803585069,-8.19986586039439,Occidental
SAMD00165004,14.095207573472198,2.145687251270414,Occidental
SAMD00165005,6.220075958971815,22.073790794601592,Occidental
SAMD00165006,7.466469362675404,4.088848013189478,Occidental
SAMD00165007,-17.76979630178441,7.717483402753469,Occidental
SAMD00165008,-5.558761617341597,18.919238445125107,Occidental
SAMD00165009,5.791944073719819,-0.3016183896163449,Occidental
SAMD00165010,0.4429507164222386,-9.444356489897295,Occidental
SAMD00165011,-18.685617662414412,-0.26234616422514634,Occidental
SAMD00165012,-9.233091202830984,8.28161136989233,Occidental
SAMD00165013,10.240000173156432,-0.6739744718526381,Occidental
SAMD00165014,6.207700197225755,12.79655601718437,Occidental
SAMD00165015,4.963506602990823,-5.216036000873674,Occidental
SAMD00165016,15.117820925047912,-3.4629044115955905,Occidental
SAMD00165017,-0.8855168912421654,-3.750326901368509,Occidental
SAMD00165018,28.798360201172645,1.171916961212828,Occidental
SAMD00165019,-5.120587710358944,-13.531346058536592,Occidental
SAMD00165020,19.034400114446242,-8.319485439431563,Occidental
SAMD00165021,-8.930803841450501,-0.2970811824696886,Occidental
SAMD00165022,-16.53596660567369,3.4518115279908583,Occidental
SAMD00165023,18.558879096242034,13.1777931238374,Occidental
SAMD00165024,10.483222126586034,-4.571712260547842,Occidental
SAMD00165025,5.58054647822072,-4.147963263607436,Occidental
SAMD00165026,13.632638716149213,-15.978948459590967,Occidental
SAMD00165027,16.06371105100277,-4.247112833794124,Occidental
SAMD00165028,14.162709059712064,3.895856083111667,Occidental
SAMD00165029,13.54154316506221,-6.033595189703424,Occidental
SAMD00165030,2.28246208138982,-2.973822662606696,Occidental
SAMD00165031,20.39490535784141,1.3152757047316106,Occidental
SAMD00165032,1.2404113689122003,2.4492651530839282,Occidental
SAMD00165033,24.476669207723724,7.506300121880239,Occidental
ESS-0542,-15.725258094334883,1.1471457142278112,Occidental
ESS-0184,-5.313432640955375,-3.63246141802684,Occidental
ESS-0513,-19.505292251224358,-8.093878066252039,Occidental
ESS-0359,0.1883416508834479,-3.959285170886697,Occidental
ESS-0335,-15.5654258756589,-9.26918061259937,Occidental
ESS-0165,-11.429670608623962,-13.329257350921317,Occidental
ESS-0603,1.5893725048968754,-12.862092429180098,Occidental
ESS-0596,-3.6961278816468166,-6.760298297814754,Occidental
ESS-0590,-14.040699363327,12.009843041016097,Occidental
ESS-0586,5.198417470121753,-5.674828324764438,Occidental
ESS-0569,-15.836567933215747,-2.000120273846515,Occidental
ESS-0561,-8.68537751254907,-10.572863981065026,Occidental
ESS-0550,-4.763879215823755,-4.619976138306069,Occidental
ESS-0506,-9.857772417832518,3.33324623259206,Occidental
ESS-0501,10.650173655258076,-2.5255432858393005,Occidental
ESS-0496,14.07263192018836,-4.680108430141186,Occidental
ESS-0489,-9.276965202379962,-13.645105658335886,Occidental
ESS-0473,15.321463236423238,-6.116353578940736,Occidental
ESS-0467,-12.334835829740953,-8.038690821025327,Occidental
ESS-0447,-3.79024313409157,-8.493793446731928,Occidental
ESS-0430,-12.983291833263635,4.283560576031738,Occidental
ESS-0425,-2.5413664111682035,-16.670588835507726,Occidental
ESS-0394,10.70463546370882,-12.002831115210427,Occidental
ESS-0386,7.423802831937936,-15.313953356125865,Occidental
ESS-0364,-5.411087371259704,-11.34464517433798,Occidental
ESS-0338,-6.9587922850484745,-8.669752405710959,Occidental
ESS-0308,-8.020694217027888,-11.605813800044636,Occidental
ESS-0290,-7.615384910045737,-11.315300161742812,Occidental
ESS-0286,-4.398037941198231,-0.8561614654934893,Occidental
ESS-0268,-4.595244798241021,-17.19494011572745,Occidental
ESS-0254,-13.739250023651923,-2.4876763055312834,Occidental
ESS-0251,-14.88206964612084,-3.584415705931135,Occidental
ESS-0243,4.373547004988508,-14.710531714152673,Occidental
ESS-0219,2.183178587194546,-13.5290523847432,Occidental
ESS-0208,-3.2004081966732087,-6.434853719916737,Occidental
ESS-0202,-16.383782367090312,5.1846757994502966,Occidental
ESS-0188,-16.39484497235454,5.366012318354628,Occidental
ESS-0177,-6.958222966348494,-11.303125560315902,Occidental
ESS-0172,-4.95836003047336,-16.289828280525786,Occidental
ESS-0147,-0.2589313580513508,-8.974019616338161,Occidental
ESS-0136,-7.541317880488261,-15.002103688369338,Occidental
ESS-0123,-3.4107078597788956,-12.986210383870223,Occidental
ESS-0119,-11.482217655950581,-6.437019085011733,Occidental
ESS-0093,-10.610483714693764,-10.487374996748542,Occidental
ESS-0080,-5.670033035344812,-9.43249935588976,Occidental
ESS-0077,-6.347476322476059,-9.111277599600303,Occidental
ESS-0068,-14.785451953041587,-8.554205563031463,Occidental
ESS-0053,-5.621075031897673,-11.107368254709485,Occidental
ESS-0044,-10.702215329643266,-11.030878733597355,Occidental
ESS-0026,-14.55772660232143,-3.161358017894165,Occidental
ESS-0452,-1.052035799213181,-0.5166206910517657,Occidental
ESS-0280,-4.888543769729823,-9.263870858856215,Occidental
ESS-0476,4.668809660893865,1.0338680918445453,Occidental
ESS-0316,11.553093417297674,-17.2197257155518,Occidental
ESS-0296,-8.673307030420485,-14.807008845666605,Occidental
ESS-0578,-6.950409159294605,-5.892631534098803,Occidental
ESS-0555,-2.7615702287560513,-18.133352945625294,Occidental
ESS-0536,-3.642694058022755,-10.86585994012206,Occidental
ESS-0531,3.2223827126325117,-15.841865305533442,Occidental
ESS-0526,5.672427016438788,-5.41363237957398,Occidental
ESS-0521,-0.48314682113329077,-4.518518772788128,Occidental
ESS-0482,6.042016724947121,-12.208108678953586,Occidental
ESS-0459,1.4010242918730818,-17.52130926021657,Occidental
ESS-0441,6.906409928080829,-3.6425964381495755,Occidental
ESS-0435,0.17292542520455,-16.850258085444413,Occidental
ESS-0419,10.4927298854154,-19.262916432500447,Occidental
ESS-0410,10.545584648354854,-16.48884374183512,Occidental
ESS-0405,19.182983696614947,-5.8436235616786645,Occidental
ESS-0400,15.154715627817591,-10.14743603321931,Occidental
ESS-0383,2.9393170738534184,12.181271748800615,Occidental
ESS-0376,5.3838802418294645,-8.870371235166097,Occidental
ESS-0371,-5.962198254120306,-15.577711342070476,Occidental
ESS-0353,-10.630140129363216,2.9852750036948614,Occidental
ESS-0347,-4.9582684855412165,-13.112023384740578,Occidental
ESS-0326,1.3963564460114863,-9.338475992304623,Occidental
ESS-0321,16.674201690772822,-15.619923061610269,Occidental
ESS-0302,5.5124143152519025,-6.6152610293797585,Occidental
ESS-0272,14.500934927900287,-7.631840234586581,Occidental
ESS-0262,2.1468018263471844,-17.563564542363515,Occidental
ESS-0237,-18.355517904662996,-6.103999458579053,Occidental
ESS-0231,0.19416474630085645,-12.265813989908764,Occidental
ESS-0224,3.396462327229904,-8.497758818365256,Occidental
ESS-0215,15.000913448634979,-10.128754844136175,Occidental
ESS-0195,-10.17800004079039,-8.60779745515623,Occidental
ESS-0158,13.72524044010641,5.619546821395819,Occidental
ESS-0155,-10.65605500757503,-17.30453439624472,Occidental
ESS-0141,15.991581169009898,-14.153160938651844,Occidental
ESS-0129,-6.644466253400175,-7.35354613605359,Occidental
ESS-0113,11.596436453960425,-9.732374259953996,Occidental
ESS-0104,8.167795737161988,-9.46134731819776,Occidental
ESS-0098,-6.308607573055525,-13.658955307944069,Occidental
ESS-0088,-7.137858891047447,-12.914135503279113,Occidental
ESS-0062,2.001610501843839,-15.017088551601159,Occidental
ESS-0058,9.67136381216351,-11.935402399736628,Occidental
ESS-0039,-4.8504406515009695,-10.877138022766857,Occidental
ESS-0035,-3.600304426152558,3.4155993375691054,Occidental
ESS-0020,14.971439199458665,-12.334325325905958,Occidental
ESS-0014,13.474995217890754,-12.590871066091687,Occidental
ESS-0010,2.6848544713150497,-11.506075447640061,Occidental
ESS-0005,2.1982692167547153,-14.116823843375268,Occidental
HMP2_J00825_M_ST_T0_B0_0120_ZN9YTFN-01_AC9387ANXX,-4.021207238381237,-3.3885204849334256,Occidental
HMP2_J00831_M_ST_T0_B0_0120_ZMGT937-01_C8GAAANXX,-2.574698832384831,9.970956119678698,Occidental
HMP2_J00835_M_ST_T0_B0_0120_ZLZQMEV-01_HA986ADXX,-1.4816473897876854,-2.5540196285253947,Occidental
HMP2_J00840_M_ST_T0_B0_0120_ZLZNCLZ-01_HA986ADXX,-4.072223136308233,-6.473818030754278,Occidental
HMP2_J00842_M_ST_T0_B0_0120_ZLYEM2C-01_HA986ADXX,-18.8705401449771,-6.621412372653189,Occidental
HMP2_J00845_M_ST_T0_B0_0120_ZLGD9M0-05_AC9387ANXX,-10.397097040445459,-7.3470765528137045,Occidental
HMP2_J00850_M_ST_T0_B0_0120_ZL9BTWF-03_HA986ADXX,-7.576707758802428,-5.292491880119749,Occidental
HMP2_J00856_M_ST_T0_B0_0120_ZKVR426-01_C8GAAANXX,-9.38390473900142,-18.331171967055926,Occidental
HMP2_J00872_M_ST_T0_B0_0120_ZN0JE53-01_HA986ADXX,2.6594325944666393,0.621148386886742,Occidental
HMP2_J00875_M_ST_T0_B0_0120_ZMBVNFM-01_C8GAAANXX,-11.594817953285787,-11.502662311239721,Occidental
HMP2_J00879_M_ST_T0_B0_0120_ZMBH10Z-01_AC9387ANXX,-11.082792168401202,-9.76896054520094,Occidental
HMP2_J00882_M_ST_T0_B0_0120_ZM7JY3G-01_HA986ADXX,-13.68185160438642,0.6058458918625709,Occidental
HMP2_J00885_M_ST_T0_B0_0120_ZKFV71L-01_AC9387ANXX,-16.160321249737773,-2.949891798469971,Occidental
HMP2_J00888_M_ST_T0_B0_0120_ZK4CK8Y-02_AC9387ANXX,-14.160972829254785,-8.465525252203005,Occidental
HMP2_J00891_M_ST_T0_B0_0120_ZJTKAE3-01_C8GAAANXX,11.370462187933352,-18.08143959463004,Occidental
HMP2_J05379_M_ST_T0_B0_0120_ZOZOW1T-44_H15WVBG,10.233890818919159,8.133894502633273,Occidental
HMP2_J08167_M_ST_T0_B0_0120_ZVNCGHM-02_HCG2MBGXX_S20,-12.822258124001163,-8.082911283572976,Occidental
HMP2_J09152_M_ST_T0_B0_0120_ZYHHR4Z-01_C93B2ANXX,4.7081779191269595,-11.092149841211324,Occidental
HMP2_J15231_M_ST_T0_B0_0120_ZY7IW45-02_BHLVVGADXX,1.5008450091418517,-13.419077532085055,Occidental
HMP2_J15234_M_ST_T0_B0_0120_ZWCZHHY-01_BHLVVGADXX,-0.4455375102059591,-5.740698368327739,Occidental
HMP2_J15237_M_ST_T0_B0_0120_ZW61YGW-01_BHLVVGADXX,16.82669291986565,-2.5649062968571874,Occidental
HMP2_J15240_M_ST_T0_B0_0120_ZYXQKWY-01_BHLVVGADXX,-6.319482211802516,-8.04462924380697,Occidental
HMP2_J15243_M_ST_T0_B0_0120_ZVM4N7A-01_HMNVCBGXX_S19,-9.877226501534537,-4.189356888712688,Occidental
HMP2_J15245_M_ST_T0_B0_0120_ZVGW5FI-01_BHLVVGADXX,8.443058811666605,-8.72768178113473,Occidental
HMP2_J43812_M_ST_T0_B0_0120_ZYLJ7R7-01_C93B2ANXX,15.787990936201645,-0.6019335249514377,Occidental
HMP2_J43821_M_ST_T0_B0_0120_ZX52KVK-04_C93B2ANXX,1.915751899951383,-18.625074828241736,Occidental
HMP2_J43827_M_ST_T0_B0_0120_ZVBQY1N-01_C93B2ANXX,-8.460949559036514,-14.63071527032298,Occidental
HMP2_J43841_M_ST_T0_B0_0120_ZTLUDS8-1014_C93B2ANXX,-14.637523398870442,-6.133138177063189,Occidental
MMRS11288076ST-27-0-0,-5.565153803454786,-9.27154108682414,Occidental
MMRS11932626ST-27-0-0,-12.56788690633093,-12.403327599364559,Occidental
MMRS12272136ST-27-0-0,-10.133910783560808,-10.093243078185388,Occidental
MMRS14379078ST-27-0-0,4.369328750865504,-0.39365921335016285,Occidental
MMRS14602194ST-27-0-0,-4.377716343859916,-9.128369945649201,Occidental
MMRS15137911ST-27-0-0,7.129643769179315,-13.110971578906579,Occidental
MMRS16644320ST-27-0-0,-6.958540577953553,-6.209692193710002,Occidental
MMRS17603756ST-27-0-0,4.352765297845553,-2.620934616744825,Occidental
MMRS17963147ST-27-0-0,4.38066986028784,-5.065484809569212,Occidental
MMRS18295921ST-27-0-0,-14.818540545275521,9.744793840400394,Occidental
MMRS20257302ST-27-0-0,-12.055674881344032,-3.1807994963613266,Occidental
MMRS21365932ST-27-0-0,-1.5945087344940152,-9.361539844953903,Occidental
MMRS24340226ST-27-0-0,20.444339747927334,-6.908176257567102,Occidental
MMRS25211151ST-27-0-0,1.4288007714929094,-12.822863000458451,Occidental
MMRS25641480ST-27-0-0,0.898886998532209,-13.18323075775891,Occidental
MMRS29805707ST-27-0-0,-5.229860381136826,-7.284103568526326,Occidental
MMRS31306426ST-27-0-0,5.908725294097952,-13.663327603689307,Occidental
MMRS32573774ST-27-0-0,-6.80839638187534,-2.4103508477886573,Occidental
MMRS33294861ST-27-0-0,-11.98948981477347,-7.767365195219651,Occidental
MMRS34525504ST-27-0-0,-14.319488103604563,9.930679078289405,Occidental
MMRS34569532ST-27-0-0,-21.99480302068696,-1.4480315239805517,Occidental
MMRS35808664ST-27-0-0,-4.493232643030467,4.7275644465642825,Occidental
MMRS36405092ST-27-0-0,-0.7221160924386893,-10.003314842413381,Occidental
MMRS38861560ST-27-0-0,-1.9280881393906757,-3.915566873530339,Occidental
MMRS38954404ST-27-0-0,-13.663785803121758,-9.726908724704966,Occidental
MMRS39415781ST-27-0-0,6.077089860191391,-7.45574229908346,Occidental
MMRS39582183ST-27-0-0,-22.4601436431441,1.5251446220990434,Occidental
MMRS40913371ST-27-0-0,12.778848325730937,-13.252673136017982,Occidental
MMRS41266697ST-27-0-0,12.209353026785156,-12.493732902705798,Occidental
MMRS41711735ST-27-0-0,12.322443938331716,-8.513899681947162,Occidental
MMRS42780924ST-27-0-0,4.700957337002213,-12.59285688730175,Occidental
MMRS43563715ST-27-0-0,-0.17495336020563634,-7.008688691417524,Occidental
MMRS43939546ST-27-0-0,6.315186976074983,-12.493238254133217,Occidental
MMRS44197125ST-27-0-0,1.4443549897633918,-12.809652431524182,Occidental
MMRS44203591ST-27-0-0,13.35103251332194,-11.427528997562252,Occidental
MMRS44587603ST-27-0-0,-12.307321934176716,11.399089117448915,Occidental
MMRS47662059ST-27-0-0,-12.274211797893656,-0.04490906722152577,Occidental
MMRS47685461ST-27-0-0,24.63069494637091,-12.158143664059871,Occidental
MMRS51307502ST-27-0-0,-17.33364796349197,-10.369521738001811,Occidental
MMRS51410669ST-27-0-0,-17.89127494145651,-3.211902839997932,Occidental
MMRS51728985ST-27-0-0,17.534937397203873,22.698954909291103,Occidental
MMRS51737257ST-27-0-0,-7.684502649814924,-6.932400118284002,Occidental
MMRS54246132ST-27-0-0,-15.851298592953054,8.362267239879493,Occidental
MMRS54316675ST-27-0-0,-20.347273539816584,5.4465071719496025,Occidental
MMRS55294627ST-27-0-0,2.394641253866012,-12.339545995955728,Occidental
MMRS56137463ST-27-0-0,3.4330136715608823,-8.160552057214197,Occidental
MMRS57276462ST-27-0-0,-16.352286046686732,10.706057298485323,Occidental
MMRS57569834ST-27-0-0,13.567921793325699,-8.695653708988356,Occidental
MMRS59699117ST-27-0-0,18.47225488227675,-15.503325130284615,Occidental
MMRS61683006ST-27-0-0,3.5145398396261394,-12.777830026150259,Occidental
MMRS62192467ST-27-0-0,32.84040153708427,3.5248833003422395,Occidental
MMRS62376181ST-27-0-0,7.632341742116633,-4.914489636283158,Occidental
MMRS62666492ST-27-0-0,-11.673465173010992,0.15701720661413177,Occidental
MMRS64281211ST-27-0-0,19.83883247670829,-16.98710860070816,Occidental
MMRS64281551ST-27-0-0,-2.6278192615783915,1.379425023502499,Occidental
MMRS65205033ST-27-0-0,-7.598306089772009,14.22311962244277,Occidental
MMRS65742083ST-27-0-0,-11.736383345442459,10.6690352805197,Occidental
MMRS65862658ST-27-0-0,-8.073139042229265,1.17396808919254,Occidental
MMRS65945127ST-27-0-0,24.442507537965803,2.288908237860424,Occidental
MMRS66868025ST-27-0-0,-14.283590065783944,-3.9545894666374695,Occidental
MMRS67096717ST-27-0-0,-6.659507699335929,-11.950939202508255,Occidental
MMRS67247116ST-27-0-0,-7.364540112886473,-11.051900041377955,Occidental
MMRS68630931ST-27-0-0,-2.3086658787977488,-6.26135097442294,Occidental
MMRS68910755ST-27-0-0,12.46332825032447,-13.559788123027442,Occidental
MMRS71762412ST-27-0-0,-6.449763658207086,-13.132056917451248,Occidental
MMRS72802364ST-27-0-0,1.2631333301504615,-2.1828857887843816,Occidental
MMRS72980899ST-27-0-0,19.50175342255766,-9.396906161421047,Occidental
MMRS73787048ST-27-0-0,-3.2425309837825758,-1.0437218028837139,Occidental
MMRS77018926ST-27-0-0,-18.493932158815927,-2.6862842005600607,Occidental
MMRS77321055ST-27-0-0,1.3859548627302356,2.532359225424962,Occidental
MMRS77487595ST-27-0-0,-18.32146375903473,-6.119461759183975,Occidental
MMRS78791111ST-27-0-0,2.0332917382512203,-3.21622736959129,Occidental
MMRS79893829ST-27-0-0,-9.973374741687365,-7.697084680079983,Occidental
MMRS80093644ST-27-0-0,1.0202402815674727,-9.491380575780084,Occidental
MMRS81130264ST-27-0-0,15.174002697914922,-1.4207581691414513,Occidental
MMRS81135225ST-27-0-0,-8.660747104509266,-6.9690082005732785,Occidental
MMRS81194191ST-27-0-0,4.75416281779429,-4.034541994886532,Occidental
MMRS81671217ST-27-0-0,-17.61245652151448,4.5670196034656785,Occidental
MMRS84085284ST-27-0-0,8.962752597054427,-3.2369065852224095,Occidental
MMRS84159866ST-27-0-0,-15.854144887469186,3.826770882477974,Occidental
MMRS84954772ST-27-0-0,-11.4148919816157,-12.060152858975282,Occidental
MMRS85382779ST-27-0-0,-14.083692851661159,1.4591893832231575,Occidental
MMRS85438660ST-27-0-0,27.88842579650623,-1.8595285476751764,Occidental
MMRS85548821ST-27-0-0,6.115049332534806,-11.008900517841784,Occidental
MMRS86168210ST-27-0-0,-14.781110850278743,3.0352251136733477,Occidental
MMRS86178473ST-27-0-0,10.401406445393034,-0.5145241323591634,Occidental
MMRS86958796ST-27-0-0,1.7197312577478971,-7.680266702228132,Occidental
MMRS87723283ST-27-0-0,1.996939670038861,-13.89980668513629,Occidental
MMRS88581325ST-27-0-0,-19.399927992906306,-6.9453583750277845,Occidental
MMRS90191266ST-27-0-0,-12.29673008296415,-0.44031671522133387,Occidental
MMRS91297590ST-27-0-0,8.380538252635057,-11.566370425923168,Occidental
MMRS92544445ST-27-0-0,10.333644072584573,-11.450853574515065,Occidental
MMRS92546335ST-27-0-0,7.763879896556837,-3.4547314712065615,Occidental
MMRS93508324ST-27-0-0,-18.39525637939284,3.013479352494295,Occidental
MMRS93621581ST-27-0-0,-10.527908521414037,-4.339393437734601,Occidental
MMRS94549160ST-27-0-0,-11.869663879251611,1.446136596545693,Occidental
MMRS95277876ST-27-0-0,-20.348124301443956,-1.7673930787040133,Occidental
MMRS95479054ST-27-0-0,-19.144974235556923,-0.9763918096062705,Occidental
MMRS95674036ST-27-0-0,27.057202190643306,0.6728990741574812,Occidental
MMRS96422329ST-27-0-0,-4.948994680762366,-9.434099569640384,Occidental
MMRS97052561ST-27-0-0,-2.4995949202594048,-11.455464504272761,Occidental
MMRS97307143ST-27-0-0,-12.668943188316558,-12.355209112428234,Occidental
MMRS97327636ST-27-0-0,15.269604681883482,-1.7503078428072039,Occidental
MMRS99045180ST-27-0-0,8.957868799014713,-6.031399954420709,Occidental
S112,-5.6427436987684025,-4.134620972593484,Occidental
S118,-20.42388249768249,-6.466475921923439,Occidental
S121,-16.473309403653086,-3.16665920805207,Occidental
S126,-20.726758266581925,-3.9681304533379587,Occidental
S127,-22.39375424813351,1.0864711402363705,Occidental
S131,-10.297580816821696,-10.47787663197019,Occidental
S137,-23.65761562324947,-1.6396585162981596,Occidental
S141,-13.355735624936703,-9.279125291864357,Occidental
S143,-10.72754066344907,-5.20438013329663,Occidental
S144,-3.184207629749613,-2.5152600960999854,Occidental
S146,-7.448465496909797,-0.9613075297551514,Occidental
S153,-16.636509765656847,-4.36786183812518,Occidental
S155,-11.918753188555566,-6.918192229918783,Occidental
S186,-12.60788068704279,-7.944721508268276,Occidental
S187,-17.857831411579156,-0.17415052421411392,Occidental
S193,-19.972473600487845,-7.526516819393051,Occidental
S194,-17.33374436815588,-5.817431833720236,Occidental
S195,-5.609259213164554,-8.963995843518504,Occidental
S198,-15.9067117768676,0.6040978549578906,Occidental
S200,-13.366550395318196,-5.650445950148915,Occidental
S224,-19.98544107154333,-1.4424711757546627,Occidental
S225,-15.811870122223691,-10.06306032164651,Occidental
S227,-23.96846693785765,-2.1077215417499895,Occidental
S229,-9.478244622723938,-13.505583500802718,Occidental
S231,-14.394830936558787,-7.57040765628405,Occidental
S239,-20.612027632379114,13.338263420454252,Occidental
S243,-15.64681016135945,-8.5840450485554,Occidental
S249,-11.197441172105314,-2.089619834057326,Occidental
S264,-20.164581531301124,-3.76150503437628,Occidental
S268,-13.43777856766684,-2.4914060109049805,Occidental
S269,1.7914730053774388,-10.173224119395208,Occidental
S278,-23.089595434492637,8.178029808350345,Occidental
S288,-4.339699168305998,-14.561236856414308,Occidental
S290,5.0886981919827905,-13.035317606638834,Occidental
S299,-16.482992385747696,-1.6276264573969224,Occidental
S304,-8.665685437434846,-5.4015712049526305,Occidental
S305,-13.026174984806627,-7.901357887814574,Occidental
S312,6.353483131720772,-0.14339799379599505,Occidental
S317,6.88056282959898,-11.804693591355345,Occidental
S327,-13.530769591420281,-5.732116892002243,Occidental
S330,-3.3714863321762767,-15.45234069919941,Occidental
S332,10.517608094970258,-9.968994318477982,Occidental
S342,-19.78603047051564,-3.2375439210116737,Occidental
S347,5.759293490433047,-16.63642251631981,Occidental
S349,-5.517136763200988,-6.527377569239072,Occidental
S350,-16.37320876866938,-9.940014687510239,Occidental
S354,14.678859250892131,-8.391683271008123,Occidental
S356,12.189047278957913,-8.054695854558833,Occidental
S365,-8.22432615708442,-4.4635375707486125,Occidental
S367,7.38650080611224,-0.957038590766996,Occidental
S372,2.687820912308866,-2.034684307633669,Occidental
S381,-13.431041146738046,-1.0070893748580723,Occidental
S384,-8.194522861573116,-0.1627948822593659,Occidental
S393,-11.821918773996067,9.993142464710479,Occidental
S395,-9.262033336380245,-12.057749267249214,Occidental
S397,-17.548041753231185,-4.527645784531074,Occidental
S420,-4.155148554986438,-11.933691340508414,Occidental
S424,-9.377437832574078,-11.168125322108672,Occidental
S432,0.02106852627532696,-12.326258873351264,Occidental
S441,-6.452093394576913,0.3738327338806746,Occidental
S451,4.1164592719140325,-9.735103645900153,Occidental
S456,-10.305102316729293,-12.344117357219694,Occidental
S457,-4.832552027726717,3.035966229555216,Occidental
S463,-16.79984938629046,-7.92158845807124,Occidental
S472,-1.3805174265723181,2.557514543546165,Occidental
S479,-18.874610064205196,10.340607164056408,Occidental
S485,-15.152224927227238,-3.8106843714128944,Occidental
S487,-19.120837889004694,-3.8660845018160144,Occidental
S488,-11.614391911108385,-11.029246845974704,Occidental
S51,-3.2699949013971548,-4.17780539992657,Occidental
S53,-21.712737790508136,-6.5154386673795175,Occidental
S54,-12.73121799752187,-2.7550128924793116,Occidental
S547,-17.740409025997714,-3.5135743396542845,Occidental
S558,-14.468892913010034,-6.798696131923671,Occidental
S58,-6.3864117473049475,-10.255809670500295,Occidental
S584,-17.470580530045538,-4.816319055300089,Occidental
S59,-15.987520028565559,4.018247336258165,Occidental
S60,-20.335778422821498,-4.502847006944539,Occidental
S600,8.004430509043727,3.3366429530027086,Occidental
S614,-1.5351181388820372,-1.5539156596486494,Occidental
S617,-19.77330788348744,-6.761715643689162,Occidental
S618,-14.25623516374608,-8.347546131093,Occidental
S628,-19.181063548935906,-6.6355700651770375,Occidental
S638,-15.185477825831953,-5.458100938711504,Occidental
S640,8.216057833721548,-11.122080508264407,Occidental
S643,-18.404781844634893,0.27414874181028637,Occidental
S646,6.448970078345508,-10.697024801610173,Occidental
S655,-14.831321550686791,-9.103522041084958,Occidental
S77,-17.692159264267353,-3.336476038724064,Occidental
S80,-15.067860085588606,-7.163605844287722,Occidental
S88,-20.218823883160283,1.713044968024577,Occidental
S92,-1.9372503362721751,4.261864348337498,Occidental
p8649_mo11,16.176096250308547,-4.652629813997842,Occidental
p8649_mo12,1.693616661487864,-2.8463925767119767,Occidental
p8649_mo1,10.678861948686523,11.337147487843271,Occidental
p8649_mo10,0.869914812598493,-6.218551209279613,Occidental
p8649_mo2,7.829633329928004,8.017769943632173,Occidental
p8649_mo3,7.62150770605456,7.56856420166853,Occidental
p8582_mo5,-4.547853282947358,-15.651635317199407,Occidental
p8582_mo7,-6.056850526215154,-13.7131485838635,Occidental
p8582_mo6,-3.0052930291442657,-12.716656223951045,Occidental
p8808_mo7,15.889720917376653,-0.0930981398191193,Occidental
p8808_mo6,16.74078175545395,-3.863563695706822,Occidental
p8808_mo9,11.112934531791783,0.25151533923842795,Occidental
p8808_mo8,17.031666543561197,-1.1002276586364088,Occidental
p8808_mo12,29.17653356489302,3.5328609203477073,Occidental
p8808_mo11,28.67726499727575,13.603257494265627,Occidental
p8808_mo4,17.870801962110455,1.9375838997316253,Occidental
p8816_mo10,-6.9201692253364655,-5.4442891793657315,Occidental
p8816_mo1,-8.885951340892007,-8.032162532743058,Occidental
p8775_mo7,-4.870329479212648,-1.027483837776388,Occidental
p8775_mo8,-8.438945158549341,2.6739526873541175,Occidental
p8775_mo5,-4.684584509067905,-2.349994221888381,Occidental
p8775_mo6,-3.0935502388419334,2.8684909741232074,Occidental
p8775_mo3,-3.438962507564236,-1.6925221574971863,Occidental
p8775_mo4,-5.707001147268924,-5.606939358666206,Occidental
p8775_mo12,-9.301020943387382,-4.651177677891064,Occidental
p8775_mo2,-0.29631929244580135,-1.8665044103083472,Occidental
p8775_mo9,-8.502579221260692,-6.863181846641594,Occidental
p8808_mo10,7.665314251762562,2.130946247568109,Occidental
p8816_mo8,-7.031497658435118,-6.7907792666037645,Occidental
p8816_mo9,-6.972196956535729,-3.3404771907345223,Occidental
p8816_mo4,1.6860777962670994,0.32363671367467894,Occidental
p8816_mo5,0.03904050753495447,-1.3569395273259595,Occidental
p8816_mo6,-4.75351963745174,-6.930209266491507,Occidental
p8816_mo7,-2.13914354864996,-3.3540530619726434,Occidental
p8816_mo11,-8.158108245029673,-3.330427243597353,Occidental
p8816_mo12,-5.753231803183057,-7.832941578751636,Occidental
p8816_mo2,4.533825363915964,1.8707196607905257,Occidental
p8816_mo3,2.5593915702790833,0.5337401527540662,Occidental
p8585_mo9,-4.652929217109579,-2.1524435105058837,Occidental
p8585_mo8,10.444927851972949,7.698124388628559,Occidental
p8585_mo4,19.026623388867314,9.164545149448353,Occidental
p8585_mo3,14.359894609100461,11.553756826400821,Occidental
p8585_mo7,12.10766032954579,4.186057903132598,Occidental
p8585_mo6,13.927598728456768,0.8490501991422885,Occidental
p8582_mo9,-8.020596928678643,-15.410886301425109,Occidental
p8582_mo8,-0.8507024848764253,-18.887283407684993,Occidental
p8585_mo2,19.47982748989773,8.261076480692152,Occidental
p8585_mo1,26.09402125685289,11.210853329621202,Occidental
p8855_mo3,30.62135050199255,13.068226355528026,Occidental
p8855_mo12,29.30517073741266,7.705820308199224,Occidental
p8855_mo11,30.03192299226127,3.104197773368171,Occidental
p8855_mo10,28.992117918492845,4.416537229419717,Occidental
p8855_mo9,30.847923921900044,2.3041938666187756,Occidental
p8855_mo8,28.918736418991124,0.46431402530645993,Occidental
p8855_mo4,32.6900384662579,6.482631174908807,Occidental
p8808_mo5,17.702309890664022,-0.5072727692289201,Occidental
p8582_mo11,-1.733383764024465,-16.15402289914794,Occidental
p8582_mo10,-4.06408336222254,-17.54982524997162,Occidental
p8582_mo1,-2.4985338477299806,-12.887394774764918,Occidental
p8775_mo11,-10.95677940547315,-3.2727621540218683,Occidental
p8775_mo10,-2.187491335391533,5.638335649565616,Occidental
p8748_mo6,-5.041518919182579,-3.6487004975500197,Occidental
p8748_mo5,-2.018220186814556,-6.461103473437217,Occidental
p8748_mo4,-1.8995914361981754,-13.259698822805781,Occidental
p8748_mo12,-5.9814607944465585,-10.273401481214805,Occidental
p8775_mo1,8.380480143943778,-3.8209868014801307,Occidental
p8748_mo9,-6.402767306265893,-8.14280428497241,Occidental
p8748_mo8,-5.300333684420261,-8.72710245145954,Occidental
p8748_mo7,-5.9344693173431935,-12.77181522732294,Occidental
p8748_mo10,-5.4336791595862906,-5.1217260234718305,Occidental
p8748_mo11,-8.555741343196303,-8.882729019728913,Occidental
p9216_mo1,5.19278241845366,-16.43906231690461,Occidental
p9216_mo4,13.643870619497514,-20.90623674554938,Occidental
p9216_mo5,15.427040440191002,-18.95667206410081,Occidental
p9216_mo6,13.647257436816354,-20.71721651486212,Occidental
p9216_mo7,12.923220670682849,-19.658686475316756,Occidental
p9216_mo8,13.573088893390633,-20.916955273813556,Occidental
p8649_mo5,20.96793468247436,20.870036414301392,Occidental
p8649_mo4,7.573692563391861,3.912734782579451,Occidental
p8649_mo7,7.513171551405496,-1.3934433033434823,Occidental
p8649_mo6,7.14599124885941,1.7393951579054647,Occidental
p8649_mo9,0.4995077985075813,-7.20677139985477,Occidental
p8649_mo8,16.47068293494596,-5.3697145293068855,Occidental
p8582_mo4,-1.8025060005439748,-8.737711586711526,Occidental
p8582_mo3,-2.145425621959415,-14.930623780498298,Occidental
p8582_mo2,-4.182450324358097,-11.06311302997036,Occidental
p8582_mo12,-2.014277557892026,-15.557575298391626,Occidental
CON-001,-10.92457839006181,-4.659597652193258,Occidental
CON-002,-2.7205774183730593,-6.198274122716541,Occidental
CON-003,1.165866693326718,14.007888426435972,Occidental
CON-004,11.384093206003744,-0.9045733502314706,Occidental
CON-005,-12.152028543784155,1.4837936720388845,Occidental
CON-006,10.147363621887422,-8.857961415133552,Occidental
CON-007,18.171319105993238,-8.209822155968396,Occidental
CON-008,20.393931325853966,4.133967126228529,Occidental
CON-009,13.891784759142215,9.044812265140141,Occidental
CON-010,9.955992843911833,3.74414956894587,Occidental
CON-011,-2.203814965775601,6.6634720261836335,Occidental
CON-012,19.94713179299655,14.768875921172217,Occidental
CON-013,15.432609963272128,12.391315111290943,Occidental
CON-014,-7.2905395415631595,8.472951243426891,Occidental
CON-015,8.275576551933845,14.077101698589614,Occidental
CON-016,18.826354030083486,6.555214735411433,Occidental
CON-017,9.22390128662341,0.8090738245666165,Occidental
CON-018,2.9214805966019357,-2.552774761238834,Occidental
CON-019,21.806232085436513,-4.828890613595882,Occidental
CON-020,-11.38920874530077,4.837093291241122,Occidental
CON-021,6.4782117871542475,-4.40873756854118,Occidental
CON-022,-0.499276568680461,4.844260997977306,Occidental
CON-023,18.264632978640684,-6.120091666444627,Occidental
CON-026,-9.5937603017965,-1.76590983525712,Occidental
CON-027,-2.4243220189970334,20.624833794628035,Occidental
CON-028,-1.9062452187879693,14.552042590854708,Occidental
CON-029,12.934888122075371,10.312200023061473,Occidental
CON-031,5.285406685806968,12.359940262490317,Occidental
CON-032,-13.461845392863452,-9.63665566377409,Occidental
CON-033,-14.391944573243332,-7.801124029878255,Occidental
CON-034,-8.178151265695277,-2.05973964165869,Occidental
CON-035,5.485117339179234,4.832604152189771,Occidental
CON-036,5.038014524981536,-4.385274358592022,Occidental
CON-037,-7.079629587581184,9.739300444906105,Occidental
CON-038,-2.816040572834659,8.115297429863364,Occidental
CON-039,23.83521331900286,-0.8231310411147987,Occidental
CON-040,-2.95504299121173,0.7003235692122125,Occidental
CON-041,-0.2476256590145951,-7.941332310976098,Occidental
CON-042,-1.0376392318473773,-2.019508004839788,Occidental
CON-043,-4.4062273839402195,-2.009819751587691,Occidental
CON-044,-4.2207339716934555,6.381619702761888,Occidental
CON-045,27.119849806516655,-11.70634093590295,Occidental
CON-047,-7.487723999624638,-5.513744170285418,Occidental
CON-048,19.194576992058536,-3.5495188404589664,Occidental
CON-049,15.445548297050149,2.147285721272774,Occidental
CON-050,26.458750525866428,2.3533225892885055,Occidental
CON-051,26.807523765496462,7.513845526802793,Occidental
CON-052,-0.7366645691590392,-2.379732641713159,Occidental
CON-053,-2.378413619802769,-8.44498225758409,Occidental
CON-054,-4.065347332042149,-4.001134047769409,Occidental
CON-055,29.335314034689993,-9.606668676838499,Occidental
CON-056,-5.056687073558226,-6.731073737108788,Occidental
CON-057,1.163661335853055,-1.0890304039332337,Occidental
CON-058,-1.3717255256425958,-9.335531503567925,Occidental
CON-059,-4.676129440471762,7.2909717333581,Occidental
CON-060,30.90187089569515,11.839308716201085,Occidental
CON-061,-2.2743657807084805,22.16045787476908,Occidental
CON-062,2.0745438153313014,15.943438614605522,Occidental
CON-063,-5.167044420931251,6.9195023654400085,Occidental
CON-064,10.197715889337722,-0.13390080714368668,Occidental
CON-065,21.62470394581457,3.7189138416209224,Occidental
CON-066,-8.761275830882823,9.696037200850492,Occidental
CON-067,13.997997235396898,-13.070349656239813,Occidental
CON-068,3.4635064339407347,4.989877447955763,Occidental
CON-069,17.821321321276635,11.748505743215189,Occidental
CON-070,-8.702935665990921,-0.944352863032341,Occidental
CON-071,-4.919470194123706,1.276776250242345,Occidental
CON-072,-3.6594453197400387,10.112377876058193,Occidental
CON-073,-10.34972202992519,1.3202472197061557,Occidental
CON-074,15.488412555320597,3.8193738870735063,Occidental
CON-075,5.634160589779304,-1.572710774846458,Occidental
CON-076,-7.7568375965347975,8.527196276835813,Occidental
CON-077,13.19660885407291,9.853139604955043,Occidental
CON-078,-5.576344853963905,-5.10510429542876,Occidental
CON-079,20.13494784920554,12.052702180857388,Occidental
CON-080,7.7151573210818185,-3.865615273789486,Occidental
CON-081,-7.9985039563106355,-6.594678783109967,Occidental
CON-082,-3.8700121745011984,4.997716220541134,Occidental
CON-083,-1.1026736180404733,-0.3577329242531233,Occidental
CON-085,-4.101743714851496,-1.1952162967228608,Occidental
CON-087,4.581840016327921,12.918912357658972,Occidental
CON-088,25.498868829868993,-6.390896476873354,Occidental
CON-089,-1.607767217807389,-2.328220149454409,Occidental
CON-090,10.047226769301055,8.115537398074764,Occidental
CON-091,10.081718914583746,-7.044937415102152,Occidental
CON-093,-0.7150151334926331,11.823311471672902,Occidental
CON-095,0.8580719683786278,3.2671291874788575,Occidental
CON-096,16.215727306504572,-0.6352270361216759,Occidental
CON-097,6.932867348672222,-10.511409792805662,Occidental
CON-098,-6.651353596342389,-12.040612953730815,Occidental
CON-099,-10.91388647090281,-3.1018134660647556,Occidental
CON-101,-8.260354359999688,5.323412672189536,Occidental
CON-104,10.4493179767687,19.13853136175577,Occidental
CON-105,-0.6590569628889398,9.4880996348973,Occidental
CON-106,7.6506479802120015,9.386048984382386,Occidental
CON-107,-7.234013437357728,15.332782862872673,Occidental
NLF001,-2.346889709409732,-3.8883305994945383,Occidental
NLF002,10.59668679076617,-2.22749163629618,Occidental
NLF005,-7.610974969042161,4.215710958897668,Occidental
NLF006,-12.498984905189307,1.086279024263125,Occidental
NLF007,-14.77624038824387,-0.7226367462897487,Occidental
NLF008,17.50257690856652,-6.36261944309125,Occidental
NLF009,-7.73566536952362,-4.5807016422905145,Occidental
NLF010,11.348345826625499,-4.187685128664339,Occidental
NLF011,-5.813443487221205,-2.851508604014131,Occidental
NLF012,-6.871636734927296,-9.379299110216387,Occidental
NLF013,-9.524051628777844,1.6072116701933412,Occidental
NLF014,26.773517449845844,0.4937579093519062,Occidental
NLF015,12.171444432271299,-5.410774756464783,Occidental
NLM001,-10.847667675226791,3.1728323254220476,Occidental
NLM002,19.64688541876341,11.252015287673512,Occidental
NLM003,18.689417731665742,-9.847234435057448,Occidental
NLM004,-10.753419617456352,16.991774905633697,Occidental
NLM005,10.55798601854856,-6.654030158648021,Occidental
NLM006,6.361396100478155,2.1488225323923418,Occidental
NLM007,20.740133403004045,1.5296369492981823,Occidental
NLM008,0.16334703988869137,2.2888588103014973,Occidental
NLM009,-1.7956179494019686,13.202373097795611,Occidental
NLM010,10.27043376802615,-4.993046418424249,Occidental
NLM015,0.23012767714182125,2.705190859880054,Occidental
NLM016,0.9130047601881479,15.266655829296575,Occidental
NLM017,21.38508439444842,-8.736552671920816,Occidental
NLM021,-11.230073136731491,-6.851153163363075,Occidental
NLM022,-7.951441727244095,0.3838469660970665,Occidental
NLM023,22.747292804513247,-7.543999821813098,Occidental
NLM024,11.820808844785109,4.689576052648892,Occidental
NLM025,-14.687962555461677,14.097627224412596,Occidental
NLM026,-14.694864582385232,-2.4561121589638075,Occidental
NLM027,28.099490065275088,19.225819843604683,Occidental
NLM028,10.755787645867962,-4.643023427187122,Occidental
NLM029,-4.811488775433519,-5.41411807184632,Occidental
NLM031,-2.755778569628836,-1.5877294547599812,Occidental
NLM032,-4.520475520378634,4.343602633793352,Occidental
NOF001,-7.584440426548685,1.328648556213209,Occidental
NOF002,15.918210207288745,0.7941383499853103,Occidental
NOF004,-8.811251682295417,-2.0535794431895082,Occidental
NOF005,3.296735299750914,-5.913735462559107,Occidental
NOF006,11.227163628525938,-3.970522394259281,Occidental
NOF007,13.91414664802522,-8.577170962988031,Occidental
NOF008,-1.6704453180599632,-15.690557768851605,Occidental
NOF009,20.17938886662,-6.71560821713187,Occidental
NOF010,9.112829824560716,-3.5182494116439154,Occidental
NOF011,0.47410308168526427,-2.8601267854210404,Occidental
NOF012,2.559295027816545,-13.774502994499763,Occidental
NOF013,7.626392727909868,-4.0984564262319685,Occidental
NOF014,-12.15676052455678,-9.835927997754148,Occidental
NOM001,-0.08864128303155283,11.352791460882795,Occidental
NOM004,27.337359675319853,6.719981207163959,Occidental
NOM005,0.1945761230144516,4.592156286556307,Occidental
NOM008,15.766602872073893,-8.452526662277819,Occidental
NOM009,-6.816911638991325,13.700867006887556,Occidental
NOM010,-3.0272914320285533,-8.83959162442195,Occidental
NOM012,-9.541321761494721,-2.212061651133461,Occidental
NOM013,-4.447129028634748,-9.578198359164979,Occidental
NOM014,11.472214488920784,-7.21629822653185,Occidental
NOM015,3.4870276890223275,-10.261442831438444,Occidental
NOM016,-7.2275082320967705,-2.054271025429057,Occidental
NOM017,-3.9947203858542935,4.511553996909652,Occidental
NOM018,5.873441937464126,11.419468913249599,Occidental
NOM019,-10.938462897043227,-4.190665435140519,Occidental
NOM020,0.6179277347255621,2.9955520151268975,Occidental
NOM022,5.980424141321986,6.73154183167102,Occidental
NOM023,20.336806688814505,0.3134034388001039,Occidental
NOM025,8.013738920944151,2.6772958492434826,Occidental
NOM026,15.31483063141965,13.00832483924815,Occidental
NOM027,26.33584723593532,6.526248297549834,Occidental
NOM028,26.43682831683966,-9.442839326345482,Occidental
DLF001,27.08884775734296,-2.9913306896731493,Occidental
DLF002,4.0128071428863,-7.871452215179359,Occidental
DLF003,-14.684144536847981,3.2305216889013204,Occidental
DLF004,-0.555556477764517,1.1626232645219252,Occidental
DLF005,-7.851597870875594,2.5529153239428024,Occidental
DLF007,24.134933397001042,8.012753446569963,Occidental
DLF008,29.75802545755163,3.1067391594973865,Occidental
DLF009,12.018810557823885,-7.4160477426195,Occidental
DLF010,-7.432880004638584,7.012464631205146,Occidental
DLF012,25.167881134265038,13.43899447460228,Occidental
DLF013,5.4948619086377315,-11.569968746350721,Occidental
DLF014,13.845788197768337,7.847030192654712,Occidental
DLM001,-5.448266578286809,-7.466660874642305,Occidental
DLM002,-8.06122092952791,3.005185549097965,Occidental
DLM003,19.181004286542404,-2.495592330679794,Occidental
DLM004,9.311621824429322,-3.6143246262782016,Occidental
DLM005,-2.9389605261845038,0.8944576741358192,Occidental
DLM006,1.2624928124510824,2.4059475402363235,Occidental
DLM007,5.600619401942744,-14.383905687840087,Occidental
DLM008,-5.583804907445632,-1.0216288804919165,Occidental
DLM009,21.803957641672767,7.865586268658008,Occidental
DLM010,4.913222859486916,5.294541804316172,Occidental
DLM011,-0.8702578002198091,-6.1616465969655705,Occidental
DLM012,25.980693567654022,7.808321316975098,Occidental
DLM013,10.642026559349022,-5.279606781564923,Occidental
DLM014,-11.813695274660432,-7.975838572085521,Occidental
DLM015,12.152872476344859,-7.701715386504685,Occidental
DLM017,-1.0887728154297456,0.3547169027413224,Occidental
DLM018,-15.070873488078913,3.2740439240907437,Occidental
DLM019,-14.801376289680213,0.7865727596858534,Occidental
DLM020,17.082574009049655,2.0668131059161174,Occidental
DLM021,1.150033588911306,-8.147849238271512,Occidental
DLM022,-11.611209703533785,-10.640225255311435,Occidental
DLM023,16.23186472262271,-11.727423292762644,Occidental
DLM024,28.37348178243617,5.399067307322607,Occidental
DLM028,-4.255820195631982,-5.245007958618712,Occidental
DOF002,-10.642018193421144,-2.7194499373768766,Occidental
DOF003,3.267701931468678,-7.313240523145782,Occidental
DOF004,7.448038335870356,-4.9960302104644265,Occidental
DOF006,22.474237569234077,-4.832874174970434,Occidental
DOF008,10.139176733694224,9.250701541362794,Occidental
DOF010,18.514098565269265,-7.469972414599357,Occidental
DOF011,1.5163333241476806,6.496961312392136,Occidental
DOF012,23.254932556395413,6.231454283069746,Occidental
DOF013,5.603091008355534,-4.038300215676192,Occidental
DOF014,5.729713473585368,-3.9115315341214094,Occidental
DOM001,3.5519623450673734,-8.747380512161968,Occidental
DOM003,3.065383531807103,15.40025729667547,Occidental
DOM005,20.26437518990587,0.37031658464474315,Occidental
DOM012,-0.23437406687065732,9.663572204688453,Occidental
DOM013,0.5365601236571269,-9.8101746132049,Occidental
DOM016,8.575931939663622,-3.3165411986477897,Occidental
DOM017,3.0696315409700556,-6.292040625709899,Occidental
DOM019,-9.024678566466047,-9.987968354501376,Occidental
DOM020,-0.8040338340978526,-3.93379014592042,Occidental
DOM022,19.84213295126991,2.005103464525212,Occidental
DOM023,1.5640897691802103,2.099405841894197,Occidental
DOM024,-1.3286025583370158,-7.893219056259988,Occidental
DOM025,0.6548507339913154,-9.469089370500857,Occidental
DOM026,10.263757454487092,-0.3450185217622055,Occidental
T2D-001,8.322902485068449,-5.96270932829776,Occidental
T2D-002,17.45352460524674,0.08646810252993564,Occidental
T2D-004,14.121142261347774,5.316462115743703,Occidental
T2D-007,8.32235822358486,4.344796328900871,Occidental
T2D-008,-9.34707277367372,-10.63724499476141,Occidental
T2D-009,8.604850997402917,3.1882030011020133,Occidental
T2D-010,10.433089997735523,-4.830253807330453,Occidental
T2D-011,5.507742445461254,-2.5194809059593792,Occidental
T2D-013,4.606768838298839,-9.353779550207474,Occidental
T2D-014,26.000569385916336,10.946988710188055,Occidental
T2D-015,-3.7000750269938063,-6.677980259157409,Occidental
T2D-017,6.540086380464345,4.972056091235276,Occidental
T2D-018,-1.6199347803216284,-1.1989159650422172,Occidental
T2D-019,25.764067001219907,-7.461576560755847,Occidental
T2D-020,30.698205553305744,20.46132524976017,Occidental
T2D-021,6.778274841728242,-2.4996523094346967,Occidental
T2D-022,18.123686340193608,1.214601337362046,Occidental
T2D-023,0.7924368013873195,6.981030400999344,Occidental
T2D-024,-18.942309574041502,13.727651332026086,Occidental
T2D-025,1.0807818431307012,-4.057018284673071,Occidental
T2D-028,14.33692627344648,2.6978397491261004,Occidental
T2D-030,3.734897229178012,-6.2564323317581225,Occidental
T2D-031,23.27069036389831,-8.781491697674504,Occidental
T2D-039,-0.7737977904146014,4.99933565695335,Occidental
T2D-040,1.0563374341949245,5.546473744444729,Occidental
T2D-041,-3.8176537196496483,-0.6455293384152432,Occidental
T2D-043,-5.37742903284771,-8.440360960794315,Occidental
T2D-044,19.579746295414857,-0.39327134637633865,Occidental
T2D-045,20.08368213151806,-7.7476014267497755,Occidental
T2D-046,3.067272990588834,-8.493301782382275,Occidental
T2D-048,16.646307149776817,1.3819050509026374,Occidental
T2D-049,-3.6753680048583153,-9.720930921263697,Occidental
T2D-051,-2.470454231602897,-13.525286647338188,Occidental
T2D-053,2.346085866028198,4.032238353601724,Occidental
T2D-055,8.235784155652501,-7.815495160143162,Occidental
T2D-056,2.5365874740053123,-6.317660870298888,Occidental
T2D-058,11.813956687644534,7.3786223853041,Occidental
T2D-059,-3.8893073395572717,-7.52150295716361,Occidental
T2D-060,24.040010126813435,-7.13795028533115,Occidental
T2D-062,-0.9807720077708524,-9.32464575572287,Occidental
T2D-063,13.87625180721611,-2.5688100287804483,Occidental
T2D-064,-8.83214187611551,-2.957463881841833,Occidental
T2D-065,19.17785003045993,-8.658240885106615,Occidental
T2D-066,5.915206080007459,-6.07484219895735,Occidental
T2D-068,19.752285256149516,-9.55884090150646,Occidental
T2D-069,-2.3395011555016882,-0.002827627527483223,Occidental
T2D-071,14.468201850872795,11.377678956694268,Occidental
T2D-072,-0.005374707837589199,-6.889049236839862,Occidental
T2D-073,-8.141257952274849,8.515972312360319,Occidental
T2D-074,23.91705386629586,-2.1548090302037126,Occidental
T2D-076,15.981856493175084,-13.594989148307306,Occidental
T2D-077,-0.8637862194636217,-3.8215272333003787,Occidental
T2D-079,8.85310418484299,-4.703086748298699,Occidental
T2D-080,7.587914572492686,-9.960269629551611,Occidental
T2D-081,14.368132494465923,-0.5912152174797969,Occidental
T2D-082,-14.201271658848782,4.827539411395143,Occidental
T2D-083,28.872412326454306,-6.4435367951927995,Occidental
T2D-084,-0.4671262455507392,-9.118378140614997,Occidental
T2D-085,-17.07438828911685,-5.090144154037104,Occidental
T2D-086,-0.37743601497351165,18.48697955477328,Occidental
T2D-087,28.207091881811767,-0.1706289091040274,Occidental
T2D-089,16.276191179168727,-5.033078241362419,Occidental
T2D-091,11.677815939374952,-12.33631203985247,Occidental
T2D-093,-0.7596687244109877,-3.751425484038953,Occidental
T2D-094,-6.608930033715794,-1.6753001012710245,Occidental
T2D-095,-2.85210462503815,-8.75236023078687,Occidental
T2D-096,-7.097110312129374,16.58519160314988,Occidental
T2D-097,3.6807549451087596,2.4524983319422518,Occidental
T2D-098,8.33656061473365,9.317464450439989,Occidental
T2D-099,-3.861423214942411,-6.438498357057125,Occidental
T2D-100,19.2214457162832,-1.7998015350290837,Occidental
T2D-101,20.864906750676866,10.7195360665181,Occidental
T2D-102,25.95024239759997,1.5996824231752935,Occidental
T2D-103,12.316698652768494,-2.0937094606925077,Occidental
T2D-105,-2.0275165547549445,20.55163967622747,Occidental
T2D-106,-1.275182964633668,-6.018058257141306,Occidental
T2D-107,15.849313385514536,-8.081207501364648,Occidental
S158,-9.1900373682636,-12.87052207631038,Occidental
S205,8.280369172505324,-5.885095208254158,Occidental
S235,1.7083442133060203,-6.461500604181601,Occidental
S244,6.986847440228686,-3.390945212049558,Occidental
S248,-7.171813931134544,6.831906804854075,Occidental
S258,-3.2579173915240034,-6.70191488199809,Occidental
S263,-3.9675085707253714,-10.291048832574571,Occidental
S286,-16.38923064512363,-7.018100928371713,Occidental
S297,-17.96819492264042,-0.735667565003145,Occidental
S334,-7.053924033636676,-2.1261746954608656,Occidental
S344,4.026466737179443,-12.932246292491023,Occidental
S353,-18.20118064606937,7.669766539020777,Occidental
S370,1.6559886666766115,-5.024225063963244,Occidental
S378,-16.87018980084648,10.948461594834441,Occidental
S380,-18.712416405928458,3.867927370480653,Occidental
S389,-5.487946964357608,-0.42855362939589625,Occidental
S398,-1.4676776386749921,-9.457724597957132,Occidental
S421,-2.496213928143586,-7.692944552016415,Occidental
S422,-12.229842698159992,0.30845559588765603,Occidental
S434,0.9871920269163432,-11.019202441625637,Occidental
S436,-19.834584623914328,-7.548529122687307,Occidental
S439,16.463643674274564,-13.853188411239998,Occidental
S446,-15.418688501276957,3.795213636371539,Occidental
S458,-17.35296413585921,-0.8796091832799524,Occidental
S462,-17.504850841048402,-3.5660890116507202,Occidental
S468,-8.914761034290713,23.75456822871607,Occidental
S470,-15.885670954883096,0.33886973710782975,Occidental
S475,-16.80255348458503,0.9495499766538797,Occidental
S476,-11.098651831723071,-0.5524628848731501,Occidental
S478,-12.085189328560883,-4.860503385834154,Occidental
S483,-5.2460357996052345,-5.298842928080453,Occidental
S484,-3.4692395122190227,-2.003552489808153,Occidental
S495,-8.749128349762117,-2.4095118298349467,Occidental
S497,-16.42788330257416,2.3799450448813664,Occidental
S517,-16.1830081261329,7.973712784270518,Occidental
S524,-13.198344073881906,-4.582481665145202,Occidental
S526,-4.976897548546084,-7.374444198212294,Occidental
S529,-0.458260531812666,-1.5307359393676228,Occidental
S530,-12.311395170748881,7.2962175762083925,Occidental
S536,-3.5316469107499824,-1.7955569762160826,Occidental
S543,-13.294577174876544,-3.0877974562317982,Occidental
S550,14.19063492532046,-3.9301142132586966,Occidental
S551,-2.8532959787579273,-6.730951636827336,Occidental
S552,-14.693388853556513,-2.823253397160074,Occidental
S561,11.521181811719952,-13.818371397771905,Occidental
S563,-9.143225344393361,-3.432352549635886,Occidental
S577,-12.168485541360333,0.30506000968183855,Occidental
S587,-20.94608102105793,8.512213712490073,Occidental
S589,-4.223071090403227,-0.4268940969027675,Occidental
S591,-13.130042389582709,-10.775661569617121,Occidental
S598,-17.36158167089655,-3.225079929489195,Occidental
S602,-6.747778671958535,-12.072062786352053,Occidental
S604,19.070982433281145,-0.06744926735959123,Occidental
CSM5FZ3N_P,15.767590883687376,-6.355707440834572,Occidental
CSM5FZ3T_P,13.394060489344819,0.6522905049644745,Occidental
CSM5MCVB_P,7.63756658351923,1.1296497169988182,Occidental
CSM5MCU4_P,11.558882244716978,-6.49645956282965,Occidental
CSM5MCWA_P,9.459032173263047,0.97213823851874,Occidental
CSM5MCWK_P,-0.03719646583294356,-7.219368184382502,Occidental
CSM5MCXF_P,3.0158963127180005,-2.4762320100228488,Occidental
CSM67U9V_P,-1.6567650108288596,-6.6876440777201624,Occidental
CSM67U9X_P,-2.965240766320374,-6.314341112489479,Occidental
CSM67UAI_P,22.619880367960228,7.434630729653169,Occidental
CSM79HHO,-11.11976366092345,-7.512230029955844,Occidental
CSM79HH2_P,2.768831024134337,-12.460356340921948,Occidental
CSM79HG7_P,-8.018001228171688,-9.286566440791674,Occidental
CSM79HHW,18.98178019492474,-4.115250309386265,Occidental
CSM79HKX,1.7112981063209798,-1.9761166581686558,Occidental
CSM79HJI_P,2.9093589949266754,-6.220940710911097,Occidental
CSM79HNY_P,-2.9065632719437104,-4.174922640036441,Occidental
CSM7KOQP_P,14.542842699118342,13.748453412691259,Occidental
CSM7KOTO,6.604286139331567,-2.4094264442752964,Occidental
ESM5MEDZ_P,8.983714912094277,6.427904849949751,Occidental
ESM5GEYX_P,-8.984213978944858,1.1980179487157763,Occidental
ESM5GEYY_P,14.562321157256799,6.236668688250738,Occidental
ESM5MEDN,2.6395648865349495,-7.815393549086752,Occidental
ESM5MEB9_P,1.4676542680239475,11.852610825887389,Occidental
ESM7F5AE_P,-2.177313930273341,-5.001213728040489,Occidental
ESM718U9_P,14.51663881709131,-1.6264252640308507,Occidental
HSM5FZBQ_P,14.500310683933034,7.614060966224171,Occidental
HSM5MD4U_P,22.372586950620697,0.7698037080848934,Occidental
HSM5MD4B_P,11.690840258846402,13.462637515408073,Occidental
HSM5MD7Z_P,4.43224145686211,-4.640599899807813,Occidental
HSM5MD8J_P,12.291959231255046,-6.0990757258543775,Occidental
HSM5MD8F_P,10.805638030646751,-5.967552893247874,Occidental
HSM5MD3L_P,4.137513189754649,-8.027390234607061,Occidental
HSM5MD5X_P,5.485627584803333,5.849445515170267,Occidental
HSM6XRQB_P,13.901179591967203,-6.0208646239193255,Occidental
HSM6XRR3,7.827897812649636,-5.212977213223419,Occidental
HSM67VID,-5.025487444542785,5.275554247031358,Occidental
HSM7CYWS_P,-4.974120215607337,-5.2889086433926,Occidental
HSM7CZ2V_P,2.06207527524019,-5.722850681668743,Occidental
HSM7J4Q1,1.1893383910408168,-5.748414501120542,Occidental
HSM7J4J7,11.126120728898625,-4.1426004004167565,Occidental
HSM7J4LP,12.57885795056718,10.348855513567086,Occidental
HSMA33IE,5.265466707480638,-10.751143503371576,Occidental
MSM5LLDI,8.480627707348196,-7.082859690765223,Occidental
MSM5FZ9N_P,26.902197912207953,11.263041975885159,Occidental
MSM5FZ9X_P,16.572994512073333,3.829521296353483,Occidental
MSM5LLHR_P,-3.9368771253879213,-9.140402727767409,Occidental
MSM5LLIC_P,-5.561007703557644,-10.177294270041408,Occidental
MSM5LLIS_P,-4.236965008043736,5.685503237662107,Occidental
MSM5LLFG_P,7.219188632159378,-10.738368500213593,Occidental
MSM5LLF2_P,19.000876104681062,13.374687355162248,Occidental
MSM6J2RG_P,12.42368124566291,-2.5540501429324847,Occidental
MSM79HBX_P,2.6477219531467417,-4.679983947728243,Occidental
MSM9VZLX_P,4.087680111500557,-3.349357763742213,Occidental
MSM9VZM4_P,4.331059813673014,1.140266860454985,Occidental
MSM9VZJJ_P,10.187458126936663,-9.868083018994533,Occidental
PSM6XBQM_P,5.536025102691335,6.990863515821096,Occidental
PSM6XBRK_TR,-0.9414337949397602,-1.8481857930369303,Occidental
PSM6XBRM_P,0.18564974143314572,0.4372293566522023,Occidental
PSM6XBVY_P,10.966491365962066,-9.47790978117104,Occidental
PSM7J1BJ,25.63755525127645,18.05536438372677,Occidental
PSM7J1B3_P,1.9623602567953835,2.9081679401294327,Occidental
PSM7J13I,7.824736637495637,-9.299718003144193,Occidental
PSM7J4EF,0.6117141593930935,1.430266574740676,Occidental
wHAXPI032581-18,-12.547564926489965,-0.7223550245036074,Occidental
wHAXPI032582-19,8.981856161481348,2.281746968235554,Occidental
wHAXPI032595-39,11.447478785627943,5.089724615099127,Occidental
wHAXPI032596-40,-5.199799774021304,0.6877862168378899,Occidental
wHAXPI032597-41,-10.696312775520706,-4.117751983195382,Occidental
wHAXPI032598-42,-8.476009131401394,5.689919840769487,Occidental
wHAXPI032599-45,-3.0498091699441456,5.481538868879416,Occidental
wHAXPI032600-47,-13.479357030625941,-1.2863768283872492,Occidental
wHAXPI032616-26,-13.333938749771725,-2.7289165388369527,Occidental
wHAXPI032617-27,-18.405895355624356,2.842120116690875,Occidental
wHAXPI032618-28,-0.3639228298060022,-11.196422529675552,Occidental
wHAXPI032619-29,-10.036590077138886,-0.6810639247011032,Occidental
wHAXPI032620-32,-11.903647281874374,-1.6979967348049056,Occidental
wHAXPI032621-34,-5.567705066554209,-3.960971867555924,Occidental
wHAXPI032622-36,2.202402207293626,8.141687754472812,Occidental
wHAXPI032659-39,-1.1527605051310506,2.2650736869809327,Occidental
wHAXPI032660-40,1.7575973669603187,2.213333490030408,Occidental
wHAXPI032661-41,6.469673893605998,4.2977320179219145,Occidental
wHAXPI032662-42,9.422327823839758,7.043252829047782,Occidental
wHAXPI032663-45,-5.567820570536751,8.84393980753645,Occidental
wHAXPI032696-31,-0.37297144722167985,11.20634633386779,Occidental
wHAXPI032780-47,2.283195229057343,3.092709763895106,Occidental
wHAXPI032781-50,10.178014830555076,5.227002310793662,Occidental
wHAXPI032782-54,-1.0140018824571726,0.8956049743927439,Occidental
wHAXPI032783-63,6.148110398987841,1.33935613927141,Occidental
wHAXPI032784-74,1.728871646106798,-1.117867685177318,Occidental
wHAXPI032785-75,-5.967167833556601,0.4984026892678717,Occidental
wHAXPI032786-80,-14.084963599407292,13.681502300598517,Occidental
wHAXPI032787-89,0.03783924863521726,8.730787796529475,Occidental
wHAXPI032788-111,-2.688495433062595,12.717312738541505,Occidental
wHAXPI032789-18,5.818011713643362,6.708906064810849,Occidental
wHAXPI032790-19,4.766367088724881,10.014917074920039,Occidental
wHAXPI032791-21,4.675560543981823,4.389605319989628,Occidental
wHAXPI032792-22,5.806397990961834,16.245007026113033,Occidental
wHAXPI032793-23,-6.339716596094458,13.983973151500468,Occidental
wHAXPI032794-24,-4.040498690491216,6.7486147541909345,Occidental
wHAXPI032795-25,1.380555003616461,16.20073949288254,Occidental
wHAXPI032796-26,-8.168850148167252,7.244384478205331,Occidental
wHAXPI032797-27,-8.486846215051386,7.038425137016507,Occidental
wHAXPI032798-28,-1.8426387111007205,-4.0446488892535575,Occidental
wHAXPI032799-29,-15.130934463622559,9.989833329654493,Occidental
wHAXPI032800-31,3.5855719016212104,5.507476982061075,Occidental
wHAXPI032801-32,-8.571849439573732,7.696896558514411,Occidental
wHAXPI032802-34,12.429209455029762,0.3040683090391765,Occidental
wHAXPI032803-36,10.690692190271124,0.3217036477798869,Occidental
wHAXPI033635-78,-8.148379665769038,-8.47618653310889,Occidental
wHAXPI033788-13,-0.009038918672983343,-0.5285584256673905,Occidental
wHAXPI033789-15,0.9064159542535357,-2.644762036713371,Occidental
wHAXPI033820-35,-3.0013958693837335,4.915760624924642,Occidental
wHAXPI033821-36,-3.0307392355594995,12.345565384269195,Occidental
wHAXPI033822-39,-5.052319755381875,8.498704117213315,Occidental
wHAXPI033823-40,-9.570047623987136,-3.660117554828088,Occidental
wHAXPI033832-61,4.563756907359089,5.32014707112861,Occidental
wHAXPI033833-63,-1.4385354463765747,3.7426209937576953,Occidental
wHAXPI034447-36,-5.350100281183485,22.026086534529735,Occidental
wHAXPI034448-37,-11.372937061510918,4.691579972047126,Occidental
wHAXPI034449-39,-9.372450260424824,2.2279732552754883,Occidental
wHAXPI034450-40,-0.8654164787195278,2.626967222747597,Occidental
wHAXPI034451-47,-6.402406128176921,-0.6500229241112674,Occidental
wHAXPI034452-50,7.6757131328001975,12.053206296899017,Occidental
wHAXPI034453-52,0.375760777124718,9.780950571137826,Occidental
wHAXPI034454-53,-5.776884648762946,8.785629638020518,Occidental
wHAXPI034455-54,-3.209045381935308,6.466509867086623,Occidental
wHAXPI034459-60,-9.01596231195111,9.638849234117721,Occidental
wHAXPI034460-61,-13.016999075885629,-2.7734245446806147,Occidental
wHAXPI034461-62,14.931696616138526,11.189908836383799,Occidental
wHAXPI034462-63,8.937164436543728,-0.732193191739051,Occidental
wHAXPI034463-68,14.945311499591442,5.013822091263902,Occidental
wHAXPI034464-70,2.063303426005291,6.373768025928097,Occidental
wHAXPI034467-73,-6.139493044211807,1.0238865115995308,Occidental
wHAXPI034468-74,-9.421121817831793,9.535301817940791,Occidental
wHAXPI034918-16,-9.402145739184355,0.5169811199158527,Occidental
wHAXPI034919-17,12.55154081472286,-4.557939424452992,Occidental
wHAXPI034920-8,11.919189643448854,2.2054948878830825,Occidental
wHAXPI034921-9,-3.8180170066453023,3.6623208134332454,Occidental
wHAXPI034922-11,16.408030601880625,7.267323161067622,Occidental
wHAXPI034923-12,-2.6548883533418763,4.831178247697809,Occidental
wHAXPI034926-15,0.07859654222188261,-6.0838981819446944,Occidental
wHAXPI032583-21,4.355481612964549,-4.629973628408611,Occidental
wHAXPI032585-23,-12.039031891735888,-8.575056049407074,Occidental
wHAXPI032587-26,0.7863512996310398,-3.539106017090746,Occidental
wHAXPI032588-27,-4.850194079976411,2.2254943182035687,Occidental
wHAXPI032589-28,-5.122094140126819,3.5967311606307995,Occidental
wHAXPI032590-29,-4.727173963636551,-2.7978805973445864,Occidental
wHAXPI032591-31,-10.186414566909612,10.392465113763471,Occidental
wHAXPI032592-32,-3.076047827328342,7.706492414589264,Occidental
wHAXPI032593-34,-12.468327033224764,3.4137767937027093,Occidental
wHAXPI032594-36,0.27484394359922426,7.867827971508677,Occidental
wHAXPI032601-50,-11.000027292163711,1.9392678572859356,Occidental
wHAXPI032604-74,-9.640001798599911,4.917712112253069,Occidental
wHAXPI032605-75,-4.371237595175089,3.5691985117270466,Occidental
wHAXPI032606-80,-14.278256800329306,0.3900175918430211,Occidental
wHAXPI032607-89,9.381939132911384,0.8770741382291902,Occidental
wHAXPI032608-111,-11.60504530123304,-2.3076674445140553,Occidental
wHAXPI032609-18,-10.08411665316505,4.8214167122787,Occidental
wHAXPI032610-19,-0.26964413603868564,6.848736630788512,Occidental
wHAXPI032611-21,8.884264934491368,7.680565478270413,Occidental
wHAXPI032612-22,-7.87538206010877,-5.566107618564351,Occidental
wHAXPI032613-23,-0.9362176057345941,0.9928890395254344,Occidental
wHAXPI032614-24,11.957384309104938,-4.354813480379353,Occidental
wHAXPI032615-25,1.5146180421943605,0.08470515145951918,Occidental
wHAXPI032697-24,-9.072923035400649,-8.545926126974521,Occidental
wHAXPI032808-45,11.72635739045518,0.17642600427992328,Occidental
wHAXPI032809-47,0.4353369518747723,15.608421018037195,Occidental
wHAXPI032810-50,-4.738072588716443,1.5937597302480953,Occidental
wHAXPI032811-54,3.8030478955694402,1.3779943680132796,Occidental
wHAXPI032812-63,-2.6784362381064675,7.981991062539118,Occidental
wHAXPI032813-74,-9.634941578303888,9.408991597206292,Occidental
wHAXPI032814-75,-2.4019339041178878,10.057011703081884,Occidental
wHAXPI032815-80,10.270660855818333,6.758312394613499,Occidental
wHAXPI032816-89,3.1287555959699453,6.974749051091334,Occidental
wHAXPI032817-111,5.714748379934755,5.748079218736541,Occidental
wHAXPI033593-26,8.331376246974651,5.721034949518415,Occidental
wHAXPI033594-31,-8.299157007948082,4.809707454050747,Occidental
wHAXPI033598-32,-11.692283065849331,-1.0100647682343746,Occidental
wHAXPI033601-28,-2.7234826910024896,14.012482497141036,Occidental
wHAXPI033605-29,-1.0648275861389003,-3.5779943513641426,Occidental
wHAXPI033606-30,-5.064876878995642,11.636940422198645,Occidental
wHAXPI033632-52,-11.265303552940804,-1.8617426662489125,Occidental
wHAXPI033633-76,-8.302667175009855,-10.475701414571517,Occidental
wHAXPI033634-77,13.795375971295778,-5.549812486634035,Occidental
wHAXPI033636-79,-9.283967852696595,-2.04639120469339,Occidental
wHAXPI033790-16,12.078553005021,16.523830756602575,Occidental
wHAXPI033791-18,8.727866679534094,6.041232342297269,Occidental
wHAXPI033794-21,-4.591341522836899,12.231547008599353,Occidental
wHAXPI033795-22,10.827429685930182,-2.170427867517529,Occidental
wHAXPI033796-23,-7.236353296092691,0.08836459863641632,Occidental
wHAXPI033810-24,-12.37079066804042,7.914016520252948,Occidental
wHAXPI033811-25,14.590356170986936,7.874292630118699,Occidental
wHAXPI033812-26,7.340926039202532,0.7430096274548843,Occidental
wHAXPI033813-27,-12.73862428123725,13.58328752543733,Occidental
wHAXPI033814-28,1.4259791132204782,10.19728162610125,Occidental
wHAXPI033815-29,-10.99526240908953,10.152966462341169,Occidental
wHAXPI033816-30,11.211097885846247,1.367941331478086,Occidental
wHAXPI033817-31,-0.2171278216284538,14.924446976950133,Occidental
wHAXPI033819-34,-0.5016212643128242,7.451555038253574,Occidental
wHAXPI033826-45,3.3387247819478203,7.185734988515243,Occidental
wHAXPI033827-47,-1.9867230682947774,-2.2307605888200213,Occidental
wHAXPI033828-50,2.101166255662524,2.232648095581113,Occidental
wHAXPI033829-54,-18.551841699122853,9.692197422972441,Occidental
wHAXPI033830-58,3.4045182894116133,-1.7916236378181596,Occidental
wHAXPI033831-59,-3.6684234833089135,9.875020714585059,Occidental
wHAXPI034456-57,16.747627348344658,3.6629198439841284,Occidental
wHAXPI034457-58,-6.663849965670604,14.910529324777492,Occidental
wHAXPI034458-59,12.063859762561023,1.9982102771587025,Occidental
wHAXPI034924-13,11.28960928732123,20.550601947951716,Occidental
wHAXPI034925-14,7.335819099102562,10.43783278810102,Occidental
wHAXPI037144-8,-17.75138780714202,1.814962471708946,Occidental
wHAXPI037146-11,17.0509165353211,-1.1212805737569367,Occidental
wHAXPI043592-8,-6.692466347305125,8.168816774354593,Occidental
wHAXPI043593-9,4.739144491949659,-8.964075366601815,Occidental
wHAXPI043594-11,-1.0551448489345834,1.8964697399225798,Occidental
wHAXPI047830-11,11.08286411011705,0.2115459701904081,Occidental
wHAXPI048670-90,3.726220752896632,4.037877445507688,Occidental
CCMD11006829ST-21-0,1.6039835460907863,-11.71467318957756,Occidental
CCMD12232071ST-21-0,-0.3996532707403109,-14.080128704020836,Occidental
CCMD13071240ST-21-0,-2.010761551064851,-17.030775163672395,Occidental
CCMD13934959ST-21-0,-2.6513697376725336,-10.211563824123946,Occidental
CCMD14479708ST-21-0,-5.860275178239455,-10.773070693220493,Occidental
CCMD18872694ST-21-0,-14.04497773231449,3.7561356690876515,Occidental
CCMD19497912ST-21-0,3.0980070714122405,9.573102024997874,Occidental
CCMD23101338ST-21-0,-17.602095930838324,1.2312786677621599,Occidental
CCMD25511638ST-21-0,-2.7339857709184017,-15.948251194101097,Occidental
CCMD25963797ST-21-0,-5.488276915179032,-17.717940835159645,Occidental
CCMD26709089ST-21-0,10.147576320521937,-11.245922603153797,Occidental
CCMD26925580ST-21-0,-12.799280817873804,-7.289384219165446,Occidental
CCMD34381688ST-21-0,-8.929060509502367,0.2883239145049368,Occidental
CCMD35802077ST-21-0,-6.7969425576019695,-6.827368252147562,Occidental
CCMD40701343ST-21-0,18.888613505462978,-5.663441400538818,Occidental
CCMD42428553ST-21-0,-16.6768063879972,-10.096857278751166,Occidental
CCMD45988061ST-21-0,-11.93738794579064,-9.856039902774324,Occidental
CCMD46222674ST-21-0,-21.124667961746248,-1.3135754397285835,Occidental
CCMD46947453ST-21-0,-14.781971459305772,-5.832029588504958,Occidental
CCMD48236717ST-21-0,-8.941156053914973,7.762632237712987,Occidental
CCMD50071957ST-21-0,-13.26506839549895,-6.483746837433572,Occidental
CCMD51864103ST-21-0,1.8992955776280152,-6.1822144096936595,Occidental
CCMD60079086ST-21-0,1.3972191653002497,-11.260676489325991,Occidental
CCMD63399960ST-21-0,-11.292198468046696,-6.810195552004186,Occidental
CCMD64503764ST-21-0,3.3461621018134675,-13.128622723381643,Occidental
CCMD64776337ST-21-0,-12.307072265014945,-11.093832873427537,Occidental
CCMD72895164ST-21-0,-12.757165568396498,-9.03051574712357,Occidental
CCMD74930188ST-21-0,2.3821599179341924,-2.9126674899135354,Occidental
CCMD79987997ST-21-0,8.749122934772391,-1.0038951596341947,Occidental
CCMD82866709ST-21-0,-12.987261542123502,-4.015888060155105,Occidental
CCMD86114146ST-21-0,-16.20898629642073,4.52605467038856,Occidental
CCMD86707194ST-21-0,-2.6790157414795424,3.065165133630136,Occidental
CCMD87156761ST-21-0,-20.165433715257713,6.565123854673032,Occidental
CCMD88272491ST-21-0,13.684439447937066,-5.772185553152274,Occidental
CCMD90311071ST-21-0,-9.561160428210222,-10.01841367423365,Occidental
CCMD93344354ST-21-0,-4.502357152748864,-10.275032410737403,Occidental
CCMD95433940ST-21-0,-6.021806780620285,-13.14732569619174,Occidental
CCMD96553385ST-21-0,3.8041822717121505,-0.8109054371791107,Occidental
MMPU29365221ST,-0.7812801567332279,-0.5372632011516911,Occidental
MMPU68403337ST,-6.466908216848527,-16.70805718966896,Occidental
MMPU72854103ST,-3.7152583781853465,-6.529737182598191,Occidental
MMPU84450604ST,-4.321194683556589,-1.1638549522347077,Occidental
MMPU99077057ST,-11.028786815588642,-6.486033844277119,Occidental
CCMD10032470ST-11-0,-10.294269290003328,-4.410314761706059,Occidental
CCMD10191450ST-11-0,-11.348584926347552,-0.7720555513480516,Occidental
CCMD15562448ST-11-0,-14.491036496575543,13.060169996632869,Occidental
CCMD17410933ST-11-0,3.147576168508529,4.324226700363186,Occidental
CCMD18579000ST-11-0,-22.220661644273996,-5.634968400157242,Occidental
CCMD18829815ST-11-0,-5.9669778005998175,-2.9181552051014625,Occidental
CCMD19168690ST-11-0,10.157495119890292,0.38831946954825103,Occidental
CCMD21593359ST-11-0,3.916082401288861,-6.695150488397778,Occidental
CCMD21703880ST-11-0,-10.931315409620698,-0.597443045323109,Occidental
CCMD22852639ST-11-0,-14.10113068280242,-15.367726050045341,Occidental
CCMD23541216ST-11-0,-19.161247575302117,-5.214195572411435,Occidental
CCMD25475945ST-11-0,-10.28137754087928,-10.743324488723292,Occidental
CCMD26625622ST-11-0,-0.21582636795952936,-12.935850651115263,Occidental
CCMD27463710ST-11-0,-13.197208838092621,-2.010726732970004,Occidental
CCMD27867141ST-11-0,-9.45513901765343,-14.859109835899226,Occidental
CCMD28738636ST-11-0,3.2815194351868557,2.656994427836192,Occidental
CCMD29706695ST-11-0,-20.68098899152761,9.648944076268661,Occidental
CCMD30626189ST-11-0,-19.783081341933062,10.981912638359045,Occidental
CCMD30627121ST-11-0,-8.412634495260445,4.658269398423748,Occidental
CCMD31009081ST-11-0,-16.428014473554313,4.72803659191225,Occidental
CCMD31134579ST-11-0,-18.536732588056708,3.428146389951393,Occidental
CCMD32288175ST-11-0,-11.70842408275588,-10.928064953751406,Occidental
CCMD32965613ST-11-0,-17.122011663895492,0.10631121156730128,Occidental
CCMD35081859ST-11-0,-18.64617469017171,-9.55885043344255,Occidental
CCMD35633353ST-11-0,-12.434531224007674,-5.966955343535527,Occidental
CCMD35801800ST-11-0,-5.150357205851023,-4.396211539087907,Occidental
CCMD37575804ST-11-0,-16.77848365827798,-4.512585902463427,Occidental
CCMD38158721ST-11-0,-5.42452455047362,-5.125715614612816,Occidental
CCMD39157124ST-11-0,-20.606279626756155,6.270474090287495,Occidental
CCMD39882286ST-11-0,-12.904769692549255,25.03784058188979,Occidental
CCMD41202658ST-11-0,-21.14729033125485,5.8041573957278585,Occidental
CCMD41521570ST-11-0,-19.291012568264083,6.529510227242408,Occidental
CCMD42956136ST-11-0,15.662340155570941,14.073514034744088,Occidental
CCMD45004878ST-11-0,-17.273112914488692,1.4882231989397559,Occidental
CCMD45812507ST-11-0,-13.119892904701501,-5.904246765830853,Occidental
CCMD46727384ST-11-0,-9.614385778373396,-13.926171597064684,Occidental
CCMD49025643ST-11-0,0.46550171329009515,-12.570874244069067,Occidental
CCMD49461418ST-11-0,-9.02682113864131,-2.643463438088326,Occidental
CCMD49942357ST-11-0,-9.296184299863434,-2.028112739460206,Occidental
CCMD50300306ST-11-0,-10.6867172707979,-6.1172746825344335,Occidental
CCMD50529145ST-11-0,-20.91574680834646,0.5583466493646814,Occidental
CCMD50538120ST-11-0,-11.382184390880013,-7.329955069775919,Occidental
CCMD51154251ST-11-0,-2.980230770556373,-11.574044791352136,Occidental
CCMD51228890ST-11-0,-17.54329019460133,-2.928405352115358,Occidental
CCMD52117727ST-11-0,6.326347564722771,-9.49791314592207,Occidental
CCMD52145360ST-11-0,-14.298839612258924,-9.895331466204475,Occidental
CCMD53508245ST-11-0,-8.972609268521673,-10.46602874959245,Occidental
CCMD53522274ST-11-0,-13.097377044854717,2.8002563845970347,Occidental
CCMD54057834ST-11-0,-15.809852695500812,-4.155067606576673,Occidental
CCMD56948710ST-11-0,-21.764227732158407,-1.5983909311381188,Occidental
CCMD59540613ST-11-0,-14.122029647347382,-9.066452991901446,Occidental
CCMD59583015ST-11-0,-9.092123839273096,1.0738270641684498,Occidental
CCMD65222621ST-11-0,-11.082353445584722,-9.626159748784637,Occidental
CCMD65406197ST-11-0,0.9565629116063903,-10.632950135723338,Occidental
CCMD66848156ST-11-0,-20.873175357760434,-7.8061962260149125,Occidental
CCMD67373733ST-11-0,-21.47965848003279,3.637502811881356,Occidental
CCMD68973846ST-11-0,-13.961750227964991,-7.035167311815669,Occidental
CCMD71242853ST-11-0,-5.299566445865134,-16.72206164851557,Occidental
CCMD71915439ST-11-0,-1.4058199436120091,-12.367434948726594,Occidental
CCMD72666896ST-11-0,13.815599939783576,-13.68000501662668,Occidental
CCMD72690923ST-11-0,-18.605539552220723,7.345341864866528,Occidental
CCMD73128545ST-11-0,-8.123868251408737,-16.011549136105863,Occidental
CCMD74592084ST-11-0,-3.5163994368549716,-1.728948462466911,Occidental
CCMD75147712ST-11-0,12.528410474840793,-0.6820073409077887,Occidental
CCMD76222476ST-11-0,-12.886727433879052,4.410698466847007,Occidental
CCMD76409700ST-11-0,-19.364077433189312,-3.5180053592547447,Occidental
CCMD79349503ST-11-0,-11.438043069343173,-6.795629650154576,Occidental
CCMD85481373ST-11-0,-14.527762672365995,0.10035987979257222,Occidental
CCMD85661207ST-11-0,-17.919385851494837,-3.4375124742651986,Occidental
CCMD89107682ST-11-0,-7.227056947976656,1.2830482294271137,Occidental
CCMD89306485ST-11-0,-16.9339704498052,11.796837035744971,Occidental
CCMD89643949ST-11-0,-20.904891769907525,8.464156649884245,Occidental
CCMD89967135ST-11-0,-9.730099303805964,-0.08388384644638425,Occidental
CCMD92404903ST-11-0,12.343672731486969,-4.628108841669429,Occidental
CCMD93755960ST-11-0,-10.71343445287344,2.399109799339544,Occidental
CCMD95431029ST-11-0,-16.141516763040652,-13.48817965274944,Occidental
CCMD95676152ST-11-0,-8.686108820634853,-12.188785631602194,Occidental
CCMD98198513ST-11-0,-16.00881273619614,-0.745071117565538,Occidental
CCMD98531134ST-11-0,-9.441092802834536,-10.987363594351432,Occidental
CCMD98702133ST-11-0,-4.7362976794875244,-2.945801642009463,Occidental
CCMD99440714ST-11-0,0.668704244960642,-14.069399385960878,Occidental
CCMD99929634ST-11-0,-17.746430469207848,-1.2525102909334667,Occidental
H1M514901,6.2004728547255095,0.3033983875319457,Occidental
H1M413802,0.9953502759340953,-4.651159878973432,Occidental
H1M513803,-5.453450563412202,2.423600882108054,Occidental
H1M513804,-7.227642046913921,-2.6264383575229138,Occidental
H1M414905,-7.002090333487459,-1.1202632916794615,Occidental
H1M513606,11.565779368583403,14.411767425610378,Occidental
H1M513807,-1.711297408686928,4.735113365035565,Occidental
H1M512808,-4.764534617050531,8.004986812274534,Occidental
H1M412809,2.0537936432122628,3.766013115377917,Occidental
H1M513810,-4.473988020374842,7.2304130089097765,Occidental
H1M313811,-7.7532577324604155,9.323099677726182,Occidental
H1M513912,-1.3631002464305588,25.778748547665778,Occidental
H1M513813,1.051851862887375,3.785601590971636,Occidental
H1M5XX814,-5.1359285722461205,-0.6461862137458132,Occidental
H1M413815,-4.46099644740552,-2.5200796451564633,Occidental
H1M513816,-7.8463621788555145,-2.6871935803452915,Occidental
H1F513817,-2.017741032228317,-5.487383760187334,Occidental
H1F513818,-6.603185494302746,11.516966361476904,Occidental
H1M513819,-2.475042433684223,9.938115789693855,Occidental
H1M513820,5.692016901950185,10.281065163610576,Occidental
H1M512821,-10.920170007752944,0.5746360269613273,Occidental
H1M413822,15.742522811739564,-6.2161058849605135,Occidental
H1M513823,12.721659481751843,10.43427486238117,Occidental
H1M613824,1.1656912759414375,-8.004713529594266,Occidental
H1M613825,1.5058691231839116,-1.4160529868837672,Occidental
H1M513826,-0.8629998489725228,7.373766131472648,Occidental
H1M413827,-7.061121549582634,-2.4507703297988614,Occidental
H1M513828,6.988253766830459,14.871153745307002,Occidental
H1M513729,-9.20615592365699,14.7391732927641,Occidental
H1M513730,-5.533139674554237,9.713713725649805,Occidental
H1M512831,6.068944175216031,8.246591415675086,Occidental
H1M412832,9.122774490668567,-9.977521526309559,Occidental
H1M511833,6.114319257851611,17.411233920435446,Occidental
H1M512834,3.4862017639087686,18.843764357866103,Occidental
H1M412835,1.041426113966267,12.762444162337435,Occidental
H1M512836,-6.4079831577481094,8.43967819816443,Occidental
H1M412837,-2.0427579754380556,-3.164064100093939,Occidental
H1M513738,13.752759549523514,1.7993383634110725,Occidental
H1F613739,-7.70693105037142,-1.1037938926667268,Occidental
H1M512840,-8.717803735860688,-14.23779461000094,Occidental
H1M511841,-12.337654631645567,-0.5081916081806854,Occidental
H1M511842,10.682122663699182,2.395467253151442,Occidental
H1M412743,1.2978679595622786,14.53678118311985,Occidental
H1M412844,4.317132602430219,0.8405222870946849,Occidental
H1M613745,-1.90771514305664,7.911449763437264,Occidental
H1F413846,5.070676517725396,-2.092683181769778,Occidental
H1M513747,7.720490633497985,-1.0565408896372945,Occidental
H1M213648,18.09169606219,12.896013750577685,Occidental
H1M513852,-3.8809375842106704,6.038644043383931,Occidental
H1M512853,17.065665887099456,2.739393853065005,Occidental
H1M512854,5.62866348251871,0.6306199159859895,Occidental
H1M512855,5.404766216568954,1.9849585507472396,Occidental
H2M414940,0.7556908489867151,15.259104441274573,Occidental
nHM511825,5.035288996307768,5.233126795933246,Occidental
nHM612836,1.3951050081582093,-8.745348055533402,Occidental
nHM412840,17.230061450345357,4.291190383568839,Occidental
SAMEA104142087,6.220914874756428,0.3318923663754738,Occidental
SAMEA104142088,9.559028604823059,20.226125717838578,Occidental
SAMEA104142089,27.178705619033988,0.5065478020867866,Occidental
SAMEA104142097,-11.25435392147104,-10.977503638134433,Occidental
SAMEA104142098,0.2903817118585028,15.348429166980651,Occidental
SAMEA104142099,-11.512996377653415,-0.3490146155096081,Occidental
SAMEA104142103,7.722203718434439,-5.257909132262477,Occidental
SAMEA104142104,26.422096882150477,-2.0713141434117146,Occidental
SAMEA104142105,27.189940244551565,5.249988324871612,Occidental
SAMEA104142100,-8.134330410237062,8.568072485089573,Occidental
SAMEA104142106,7.45665737516506,9.575573330338994,Occidental
SAMEA104142107,27.39247040634066,-1.93289385303214,Occidental
SAMEA104142102,-4.447243821763147,-7.548790288188296,Occidental
SAMEA104142110,-7.458209587295535,-2.0404922915055446,Occidental
SAMEA104142072,8.091915321667335,-14.146626307348406,Occidental
SAMEA104142073,-4.0587632631620885,9.194349833076172,Occidental
SAMEA104142074,4.893549538616575,0.5402623791232735,Occidental
SAMEA104142111,14.560637359060618,-2.274749995482831,Occidental
SAMEA104142112,2.3375247015011755,10.498198811340282,Occidental
SAMEA104142113,22.37845215973384,-1.0040041927542491,Occidental
SAMEA104142114,-12.120253254705737,15.147940273014367,Occidental
SAMEA104142115,-6.322676511923149,4.630050076476189,Occidental
SAMEA104142116,-12.463421216831108,4.766136114120586,Occidental
SAMEA104142117,6.781686141954509,-0.356242498723784,Occidental
SAMEA104142118,29.671037727522236,8.825170058789373,Occidental
SAMEA104142119,8.770895685099003,-13.110581182037716,Occidental
SAMEA104142120,-4.806476498308447,6.4350367930729995,Occidental
SAMEA104142121,19.34223655508537,-1.7559987725625392,Occidental
SAMEA104142122,14.63135006990456,-6.793105184639079,Occidental
SAMEA104142076,-7.261975010687763,1.0113493457099993,Occidental
SAMEA104142124,3.3673036394858933,-3.125964519635718,Occidental
SAMEA104142125,8.663380214550658,3.6662085872486654,Occidental
SAMEA104142126,0.8396101343851026,1.877454365377134,Occidental
SAMEA104142127,-12.209805731760419,-2.743919150416123,Occidental
SAMEA104142128,2.334667657988157,-4.651339705925554,Occidental
SAMEA104142129,21.5166908339661,-9.106081035261656,Occidental
SAMEA104142131,19.66336999845729,-18.167521872961803,Occidental
SAMEA104142132,-5.546222466944046,-9.190094403308755,Occidental
SAMEA104142135,18.45390692756087,-6.413488281428957,Occidental
SAMEA104142136,9.851623383664718,-5.901407162898907,Occidental
SAMEA104142137,8.506523467558958,-8.25185457998775,Occidental
SAMEA104142138,27.768637418441322,-1.1087423916339745,Occidental
SAMEA104142139,9.225379707944935,-6.592273654223036,Occidental
SAMEA104142142,-8.504884788150509,5.708306633312523,Occidental
SAMEA104142143,12.142359440751912,1.7338622656997575,Occidental
SAMEA104142144,8.368384441844034,-4.611493550842179,Occidental
SAMEA104142145,-10.714213279688945,15.076635208678148,Occidental
SAMEA104142146,-2.7439670443534983,-1.2126060854845457,Occidental
SAMEA104142147,-0.8485888451246257,11.617393519420695,Occidental
SAMEA104142148,4.433463290974948,-14.76953611513876,Occidental
SAMEA104142149,18.628878227246787,-5.258533276697272,Occidental
SAMEA104142150,23.625003558518955,-0.008012729700342724,Occidental
SAMEA104142151,19.590849226602725,9.708439616668118,Occidental
SAMEA104142152,-5.857315499810571,5.026605270703696,Occidental
SAMEA104142153,4.058352564140911,-10.23674908448417,Occidental
SAMEA104142077,9.27376560605136,-0.9663648229303226,Occidental
SAMEA104142212,-2.9256053584397357,6.403434162094928,Occidental
SAMEA104142215,16.28315928784856,-11.781707009404371,Occidental
SAMEA104142409,7.345584218815834,-3.5847871350712106,Occidental
SAMEA104142448,-10.010166812401192,-5.904662021126028,Occidental
SAMEA104142408,-4.324471027459824,1.6206545512703379,Occidental
SAMEA104142407,-7.298556144309238,-7.700351214190111,Occidental
SAMEA104142406,7.625927825012601,-8.014494329262977,Occidental
SAMEA104142405,19.69848693747327,7.039892563162503,Occidental
SAMEA104142404,1.164210558122976,-5.091032950559943,Occidental
SAMEA104142402,-9.032161606158034,6.054083678270631,Occidental
SAMEA104142401,-5.9039109667133065,3.8449389486587404,Occidental
SAMEA104142400,23.727965431810453,-1.0836892068270583,Occidental
SAMEA104142398,-1.4421278366318067,-5.9314368207533645,Occidental
SAMEA104142397,-2.1517825708788116,7.5017002350542015,Occidental
SAMEA104142225,15.05202798698411,4.455013854747817,Occidental
SAMEA104142452,-9.415422188219122,-6.467323256888405,Occidental
SAMEA104142451,1.9778798866494984,0.8042175413372776,Occidental
SAMEA104142391,-1.8394196197230528,15.653407289174872,Occidental
SAMEA104142390,24.64067094508155,5.71773712146694,Occidental
SAMEA104142388,3.0893430435799516,2.7148959264415726,Occidental
SAMEA104142387,12.157418961606941,4.232049203179804,Occidental
SAMEA104142384,1.2477668783037927,-2.735614487154595,Occidental
SAMEA104142383,15.921217389330785,-10.667584097698516,Occidental
SAMEA104142382,-0.7806028878475733,10.083684695413554,Occidental
SAMEA104142381,-2.6467081176447333,0.3913396571840826,Occidental
SAMEA104142380,5.863000585328981,3.787694229259945,Occidental
SAMEA104142379,19.972973637744246,3.411987677891702,Occidental
SAMEA104142472,18.701315727283863,7.934887956514196,Occidental
SAMEA104142378,17.640972641440356,-6.194455630986272,Occidental
SAMEA104142377,-2.899878416016948,-4.56333239320782,Occidental
SAMEA104142376,18.8209877861306,-7.241342802436447,Occidental
SAMEA104142375,22.136920451598407,-2.669243737257754,Occidental
SAMEA104142227,11.817919526969902,6.411359031260495,Occidental
SAMEA104142229,9.70297345104817,-5.964639479042739,Occidental
SAMEA104142234,-0.9183501528474789,-16.56126310496765,Occidental
SAMEA104142334,-11.907668898154707,-3.0007030080340007,Occidental
SAMEA104142335,-5.286591484897054,-6.731904959912058,Occidental
SAMEA104142333,-6.676866809067651,-12.473471328831621,Occidental
SAMEA104142329,18.222446521185955,-6.419580871926361,Occidental
SAMEA104142328,6.989935822829251,-10.61895607717441,Occidental
SAMEA104142339,15.962843108144554,-0.6606889467460766,Occidental
SAMEA104142341,-0.6526662965941128,4.654157700695667,Occidental
SAMEA104142337,29.285383215207723,-9.573140302277146,Occidental
SAMEA104142327,6.609970143399346,-4.5149305856622375,Occidental
SAMEA104142330,0.9153309876114228,3.3218410955478035,Occidental
SAMEA104142331,-4.12505817901512,-4.096814262156145,Occidental
SAMEA104142326,-2.336167984665712,-8.700973673461913,Occidental
SAMEA104142332,-0.8025194957445816,-2.264858208516432,Occidental
SAMEA104142325,-0.720884469812118,11.846875725217327,Occidental
SAMEA104142336,26.758291247851716,7.6266264374028765,Occidental
SAMEA104142338,13.837131071227239,9.002491413019833,Occidental
SAMEA104142340,26.641593749519043,2.0681947618178365,Occidental
SAMEA104142343,15.432604363325723,1.9666941478842421,Occidental
SAMEA104142344,20.7912147706425,3.931791943395922,Occidental
SAMEA104142345,10.304923014621316,-6.970049088660692,Occidental
SAMEA104142346,18.170571460997035,-8.652950127205319,Occidental
SAMEA104142347,10.041696365651132,7.948829755654871,Occidental
SAMEA104142348,19.288774141973278,-3.4205319445366333,Occidental
SAMEA104142349,-1.2499558301917535,-3.386246522909169,Occidental
SAMEA104142350,10.115911592977106,-9.27131739023563,Occidental
SAMEA104142351,-12.408560099696647,2.0385531351463797,Occidental
SAMEA104142352,24.999866750200034,-7.403621154764157,Occidental
SAMEA104142353,-7.5504250670494955,-5.9770479351544,Occidental
SAMEA104142354,4.258743162702525,13.13088929787309,Occidental
SAMEA104142357,27.207372010856655,-12.504655216738538,Occidental
SAMEA104142358,3.283896411113316,-8.40305469489498,Occidental
SAMEA104142359,-11.089402466004735,5.3876732636218705,Occidental
SAMEA104142361,-4.464607017625241,7.187528494502742,Occidental
SAMEA104142362,10.988743249802969,-2.156152557402108,Occidental
SAMEA104142363,-4.535680518671889,-1.9917988150307435,Occidental
SAMEA104142364,-1.5081999408642552,-2.4227769452628545,Occidental
SAMEA104142365,-0.606854383215218,-8.411807651993914,Occidental
SAMEA104142366,-2.6605638571455135,0.5523105201949265,Occidental
SAMEA104142367,1.4307757821147806,14.512919161066325,Occidental
SAMEA104142369,-1.189944977874383,-0.9944453352973577,Occidental
SAMEA104142370,-2.71094719212568,-6.903732981709136,Occidental
SAMEA104142371,23.66052412707944,-0.9854018958992299,Occidental
SAMEA104142372,22.044864930396884,-5.20484949857403,Occidental
SAMEA104142373,-3.551441219657459,5.461588978965022,Occidental
SAMEA104142374,-7.965882869786551,-6.624525301127888,Occidental
SAMEA104142316,9.673753644661634,3.8604788337007654,Occidental
SAMEA104142312,22.261023894969565,2.567386001302167,Occidental
SAMEA104142471,6.959553423252295,7.173699081100394,Occidental
SAMEA104142470,-10.207725965321298,-3.403860323240372,Occidental
SAMEA104142469,33.67587836792947,12.461356946810298,Occidental
SAMEA104142468,-1.4439742714662547,-12.580643077256003,Occidental
SAMEA104142467,-0.47040299335070124,-3.4202864361087206,Occidental
SAMEA104142466,29.909612605915864,12.647444053737559,Occidental
SAMEA104142465,7.913664134025666,-3.720491647330296,Occidental
SAMEA104142464,-6.1335287465042505,4.2306756725499195,Occidental
SAMEA104142463,16.195387817722484,-6.740083369325419,Occidental
SAMEA104142460,4.603743585993944,6.355069321910957,Occidental
SAMEA104142462,35.05224767386044,0.5989056651810829,Occidental
SAMEA104142459,17.3339078515268,8.270456865820588,Occidental
SAMEA104142461,3.615410065587091,1.9604302164725107,Occidental
SAMEA104142458,1.8166984896163374,-7.546105860894039,Occidental
SAMEA104142447,27.52277571546474,-3.5139618632079648,Occidental
SAMEA104142457,34.55055460080398,11.313848540056302,Occidental
SAMEA104142456,1.693441108408697,-6.289134058824538,Occidental
SAMEA104142474,-11.786852635581504,-3.2837236230682363,Occidental
SAMEA104142455,9.871702612948623,3.566738043223516,Occidental
SAMEA104142446,22.37844295073522,0.980927963206808,Occidental
SAMEA104142445,-9.00105283708859,-3.6259034549728044,Occidental
SAMEA104142444,6.499902843254807,-12.607005115814129,Occidental
SAMEA104142442,22.104917270387013,-5.697326540246173,Occidental
SAMEA104142441,22.13580803378982,-4.211796977612196,Occidental
SAMEA104142440,9.42268919962317,8.94546227338787,Occidental
SAMEA104142439,-4.7861744883466315,8.442398910523409,Occidental
SAMEA104142438,4.842965627126744,5.560521930899139,Occidental
SAMEA104142437,-0.2944033491380207,-4.526213929473907,Occidental
SAMEA104142436,6.171858275354166,1.3170993858873308,Occidental
SAMEA104142435,20.8861229742986,-7.244971266807011,Occidental
SAMEA104142434,5.82005522004509,7.181314322349536,Occidental
SAMEA104142433,0.55514165743684,0.4504887810091791,Occidental
SAMEA104142431,29.951215297725152,17.925734894199525,Occidental
SAMEA104142430,28.75655110839048,-1.0989302248190072,Occidental
SAMEA104142473,-8.714989755949546,-7.984573942497007,Occidental
SAMEA104142428,4.527739021903617,-0.9587421516844117,Occidental
SAMEA104142426,16.124920376057695,-4.896226714771623,Occidental
SAMEA104142424,8.858562177249034,-4.048394027623034,Occidental
SAMEA104142475,-15.106675979410529,-0.10910842658953435,Occidental
SAMEA104142423,19.40602375982039,9.800864367125905,Occidental
SAMEA104142421,-6.848966503868937,3.847638421086393,Occidental
SAMEA104142420,10.891816887811583,10.98360642180247,Occidental
SAMEA104142419,-4.0941812422221044,9.90384150835828,Occidental
SAMEA104142418,29.04702650729489,3.679487195284428,Occidental
SAMEA104142415,11.770354591527653,-0.9382496427420755,Occidental
SAMEA104142411,19.925511882935112,-2.528070181730837,Occidental
SAMEA104142090,15.745750631644896,-4.6358879489391684,Occidental
SAMEA104142091,8.102030565887913,3.6377066568997884,Occidental
SAMEA104142092,10.01627571941809,-2.424970484008317,Occidental
SAMEA104142093,11.736892552658501,-8.485201026710026,Occidental
SAMEA104142094,20.77300261876725,3.219408540733693,Occidental
SAMEA104142096,-3.844964244849466,-7.1411517124999735,Occidental
SAMEA104142313,12.37810927179535,-9.638463708903789,Occidental
SAMEA104142079,-4.871863438535046,5.336593886428038,Occidental
SAMEA104142080,7.808009991993702,0.30133718130542775,Occidental
SAMEA104142081,18.694242401140983,-8.132397807437805,Occidental
SAMEA104142082,15.67379573854313,-10.530751067625555,Occidental
SAMEA104142083,28.599144682279153,4.422810810105646,Occidental
SAMEA104142085,-1.292222892161508,5.880648893601574,Occidental
SAMEA104142154,17.076185035137343,-12.267797040025695,Occidental
SAMEA104142155,-7.798874694207896,4.3075514317254875,Occidental
SAMEA104142156,-1.7092570418644843,-2.756202038094174,Occidental
SAMEA104142157,21.559620688954247,-5.8280934942678995,Occidental
SAMEA104142158,9.718584998596196,-2.544959218311246,Occidental
SAMEA104142159,12.776113534111932,-9.676145648804738,Occidental
SAMEA104142160,-17.511757912744766,8.437767992183359,Occidental
SAMEA104142161,26.232267484034086,-4.074337133031812,Occidental
SAMEA104142162,7.83812979910394,13.985044748642926,Occidental
SAMEA104142163,24.16665740353108,-6.266494751069591,Occidental
SAMEA104142165,25.531246267413707,6.063356901321254,Occidental
SAMEA104142166,9.024223932961176,-8.07237124656589,Occidental
SAMEA104142167,-5.789174873424585,15.696990405813594,Occidental
SAMEA104142168,-4.269969792538175,-2.9075332641130833,Occidental
SAMEA104142169,21.64876229184957,-3.913524992646349,Occidental
SAMEA104142170,6.291167941375711,10.496690269392356,Occidental
SAMEA104142171,2.4245569377928273,-0.035940556751281605,Occidental
SAMEA104142172,-2.199418830962035,-10.853598939194793,Occidental
SAMEA104142310,16.05250760523126,5.194568691824349,Occidental
SAMEA104142174,1.9743039562469828,-2.441967116467443,Occidental
SAMEA104142175,9.268802772919821,-2.169642386456233,Occidental
SAMEA104142178,15.882783402048089,-6.559708940145401,Occidental
SAMEA104142179,22.63274800413428,-2.965339547900796,Occidental
SAMEA104142180,28.210462278124055,4.194083695253743,Occidental
SAMEA104142182,24.113504010153164,1.0868032807177235,Occidental
SAMEA104142184,5.827253376689278,9.911186601117127,Occidental
SAMEA104142185,4.352726769760658,-3.756724802334868,Occidental
SAMEA104142186,30.559971122885234,9.525320372759772,Occidental
SAMEA104142192,19.96111137936684,-7.555030128001282,Occidental
SAMEA104142193,-9.705317979177142,-4.741494491105583,Occidental
SAMEA104142197,7.126304868417261,0.637125518513832,Occidental
SAMEA104142198,-0.42070882197176473,-9.766091627659396,Occidental
SAMEA104142199,9.310793265070563,-17.06960722581104,Occidental
SAMEA104142201,18.252343990636476,-8.462633801981532,Occidental
SAMEA104142202,17.085825858091905,-5.946037848422251,Occidental
SAMEA104142205,27.496534960944544,-2.8226784172729333,Occidental
SAMEA104142207,23.080255033768132,5.723365670076103,Occidental
SAMEA104142208,22.72034994514153,-3.0869849686281006,Occidental
SAMEA104142209,21.96371851215712,10.020630796255094,Occidental
SAMEA104142317,15.387179626280066,5.010592290307831,Occidental
SAMEA104142238,18.27990688385679,3.2511324559833095,Occidental
SAMEA104142321,15.127640697893995,15.604219458959829,Occidental
SAMEA104142240,30.18701626560276,0.13267559346961555,Occidental
SAMEA104142241,24.50129046126551,6.559246900492551,Occidental
SAMEA104142242,1.6814628161152445,-1.3410320488244603,Occidental
SAMEA104142243,12.585903388564386,-9.453548280735795,Occidental
SAMEA104142244,-1.4445222056910083,-2.306812000966281,Occidental
SAMEA104142246,5.225962466803551,15.84157025709927,Occidental
SAMEA104142304,13.963183856130629,-6.8858734992379995,Occidental
SAMEA104142279,-1.4678769265774516,1.3173549642288718,Occidental
SAMEA104142282,-2.424420721657997,6.357716884360698,Occidental
SAMEA104142319,12.764227603906136,-2.6968157741353815,Occidental
SAMEA104142281,16.875002321012154,10.678350434255607,Occidental
SAMEA104142322,13.562008616697408,1.5573252262395263,Occidental
SAMEA104142315,18.1927739472053,-2.3309811698214267,Occidental
SAMEA104142248,18.724046264721423,-0.8932085766118876,Occidental
SAMEA104142249,-2.9810977313819063,-5.246395407094389,Occidental
SAMEA104142250,12.644756949378928,10.752392916150828,Occidental
SAMEA104142251,10.700560845439705,3.4680972686843745,Occidental
SAMEA104142252,10.138887979393607,4.7360759097852,Occidental
SAMEA104142254,24.123531325322933,-2.5269859542350845,Occidental
SAMEA104142257,6.931614782988339,7.622111562766985,Occidental
SAMEA104142258,12.5086399884622,5.501451309360866,Occidental
SAMEA104142260,6.524710790827491,10.752376714713586,Occidental
SAMEA104142261,20.967436070503354,-2.1234312845928,Occidental
SAMEA104142262,31.57183386738515,23.545905475338266,Occidental
SAMEA104142263,10.907066575903286,1.9108991084052915,Occidental
SAMEA104142264,-5.600856407893097,7.474514258281273,Occidental
SAMEA104142266,0.6099111602945921,-4.024344664765517,Occidental
SAMEA104142267,20.140879430321988,15.097863888669963,Occidental
SAMEA104142268,8.915745774866725,8.30781014211325,Occidental
SAMEA104142270,22.75726954298542,3.241551724035002,Occidental
SAMEA104142273,3.8439805292674842,1.719293498964105,Occidental
SAMEA104142276,6.752288592152694,-1.1809638236799866,Occidental
SAMEA104142278,12.723247896208251,13.014470624930453,Occidental
SAMEA104142292,25.947366210939553,11.18352952078626,Occidental
SAMEA104142307,30.998121950356293,6.04574483241248,Occidental
SAMEA104142308,10.786031231917868,8.346928726248324,Occidental
SAMEA104142290,19.66132952962102,3.727391899055639,Occidental
SAMEA104142301,16.42409852989028,16.08966396379535,Occidental
SAMEA104142300,-1.5004771546540834,14.101820947133966,Occidental
SAMEA104142298,16.01209675732573,10.159135379835575,Occidental
SAMEA104142297,18.6710694533799,0.7498138358548934,Occidental
SAMEA104142295,-5.102129553823586,13.369468412465757,Occidental
SAMEA104142284,12.677894267897464,6.004253108025906,Occidental
SAMEA104142291,13.995586245771506,4.17773437507708,Occidental
SAMEA104142287,10.435703831432287,6.09601545109216,Occidental
HD-1,5.3046065337640735,-5.39072781931704,Occidental
HD-10,5.294469701741516,-6.50217048137415,Occidental
HD-11,-3.110544171908563,-6.214072354902435,Occidental
HD-12,-4.47412120616487,-3.5740780307594155,Occidental
HD-13,3.2658756761690944,-1.0766845364983277,Occidental
HD-14,9.369771640894067,1.7607592914698884,Occidental
HD-15,-10.275291429444977,7.292156169178098,Occidental
HD-16,-3.1157709937834017,-7.095053873288225,Occidental
HD-17,5.605971289552363,0.34683511526503885,Occidental
HD-18,-7.234555724779483,5.3702537451522065,Occidental
HD-19,5.6861640698448355,3.7678960073385612,Occidental
HD-2,-8.041923919821294,-4.577120564336496,Occidental
HD-20,8.804790102553575,8.95707249553263,Occidental
HD-21,11.103135604722503,-0.9167212676808543,Occidental
HD-22,-2.8733911523987725,-6.727456356393033,Occidental
HD-23,-3.568292888936135,-0.61973374285646,Occidental
HD-24,2.356013217724672,-4.85646444284336,Occidental
HD-25,22.143834500217565,8.16360061376596,Occidental
HD-26,-12.51108809240434,2.3619392662706113,Occidental
HD-27,-10.543957023474587,-7.783007833805555,Occidental
HD-28,-2.678315411926631,-4.070818226447293,Occidental
HD-29,-5.5952880469278,-0.897215062708975,Occidental
HD-3,9.113400039991024,-1.1386275134941002,Occidental
HD-30,-2.8913633964232037,3.9262175293218524,Occidental
HD-31,15.881837012246837,-4.137717909275826,Occidental
HD-32,-8.671567725927076,-1.385508462972191,Occidental
HD-33,-18.41339403441934,1.9984628819633565,Occidental
HD-34,-4.229038386504575,-4.635884191225952,Occidental
HD-35,-17.227447748180747,3.132185743508909,Occidental
HD-36,-9.02524690756481,-9.318541325276627,Occidental
HD-37,-10.36997361884033,-7.241257001315245,Occidental
HD-38,-6.406436375812127,-1.7208480611390753,Occidental
HD-39,5.749792201958876,-2.301449770930035,Occidental
HD-4,-8.030803591247956,-1.4960039554532152,Occidental
HD-40,-12.622996496917988,2.5107808446558164,Occidental
HD-41,-11.440157219243371,11.402426643480968,Occidental
HD-42,-8.416457889008178,10.161015038224082,Occidental
HD-43,-7.263571644318507,8.990939190525014,Occidental
HD-44,11.212334031814379,3.499544506710568,Occidental
HD-45,18.392275872148236,1.2138434422374198,Occidental
HD-46,1.8573648231696698,-1.3545518005523736,Occidental
HD-47,-3.034319413353085,-9.26749176127753,Occidental
HD-48,-2.9447221028178117,9.746536654656008,Occidental
HD-49,10.802186816078326,3.229313340269691,Occidental
HD-5,-10.626796269102261,-9.082115642105762,Occidental
HD-50,20.712273930172614,18.557930045037892,Occidental
HD-51,-10.821319042128561,0.6809447946198013,Occidental
HD-52,5.085079761946483,-4.792770526929574,Occidental
HD-53,-10.500356275601742,7.46314091116102,Occidental
HD-54,-7.0317289025160825,-2.609446097004448,Occidental
HD-55,-9.344877837848866,-4.5097101369975094,Occidental
HD-56,0.8621802131493386,8.161313310599008,Occidental
HD-57,-4.379276801396998,-2.0358040707689726,Occidental
HD-58,10.952106793857592,-5.875387673669699,Occidental
HD-59,-8.182960476180938,-4.812883753020437,Occidental
HD-6,-7.986229074370964,-3.1937296733440883,Occidental
HD-60,-12.432223770582016,4.8469517657383605,Occidental
HD-61,3.9318822506795996,-11.577226899996663,Occidental
HD-62,-12.175480204866037,4.462346039172054,Occidental
HD-63,-16.36076167421301,-3.1736168273835164,Occidental
HD-64,23.031851678989995,0.16249065234677929,Occidental
HD-65,8.868062160495375,-4.940685689728386,Occidental
HD-66,-8.581832781385508,0.04157241131431899,Occidental
HD-67,-14.165486783139613,-2.564246390177215,Occidental
HD-68,13.726511903810147,-9.752634229133417,Occidental
HD-69,1.607078302824279,-4.317980295009797,Occidental
HD-7,6.173070318719413,0.4932203831178237,Occidental
HD-70,15.17622007415913,3.013295059193156,Occidental
HD-71,-6.98275934765412,-6.180327702831753,Occidental
HD-72,-7.876940755708141,-6.342928004519886,Occidental
HD-73,-1.726334792301735,-2.270292178303449,Occidental
HD-74,1.2629501627179867,-8.500057731056831,Occidental
HD-75,10.722292364874589,-4.652197905767777,Occidental
HD-76,14.460439429451295,-1.961833282844439,Occidental
HD-77,4.6113387895388716,3.3726741876070787,Occidental
HD-78,-3.9567268990074496,-5.927159296811921,Occidental
HD-79,8.978043444207369,0.2427125177634082,Occidental
HD-8,-17.519691657149373,-3.084777991461846,Occidental
HD-80,6.62337881540777,3.2100331172131082,Occidental
HD-81,-16.715244054173816,1.4252817501604262,Occidental
HD-82,19.53978144929259,2.6944281296563855,Occidental
HD-83,-7.755008854502822,4.964573211118868,Occidental
HD-9,-8.409375167045475,0.7263748748203023,Occidental
HV-1,-5.061743823853815,7.195607677721707,Occidental
HV-10,-9.554620864351424,-9.213891524441081,Occidental
HV-11,-2.2329894765313565,5.072889468273347,Occidental
HV-12,3.9914162176279335,-5.733239496863525,Occidental
HV-14,-1.579820765620667,13.15443833928936,Occidental
HV-15,2.2322477657237494,7.2943973574801735,Occidental
HV-16,-2.733104825191484,2.5870975200629798,Occidental
HV-17,-4.1462037585233915,1.278368800899531,Occidental
HV-18,2.586422297110346,-6.535789343110124,Occidental
HV-19,3.6410778222614457,6.040857201654113,Occidental
HV-2,15.389644675211802,12.099216902223134,Occidental
HV-20,-15.878475850677834,2.06574313606297,Occidental
HV-21,-2.7774063771913546,9.555706990099122,Occidental
HV-22,0.358951108841179,9.660661937334662,Occidental
HV-23,-12.228758167159274,0.8196736334154897,Occidental
HV-24,-5.961074630428463,5.551704705297888,Occidental
HV-25,-9.246010544469986,2.497821808794458,Occidental
HV-26,-12.738926268727077,0.41290385469150603,Occidental
HV-27,12.733219156448886,-6.376981440400118,Occidental
HV-28,-9.85114261622018,-8.440315532220342,Occidental
HV-29,-4.186200246362665,10.641000541826198,Occidental
HV-3,11.343898163145187,-7.95826767733982,Occidental
HV-30,-7.31632484753132,-3.0998003010305917,Occidental
HV-31,-9.802011389896183,2.329391453515174,Occidental
HV-4,-10.162575850762227,-1.2143137054306177,Occidental
HV-5,12.459399997206496,-1.3173041088492896,Occidental
HV-6,-6.340413974956945,1.9508967754198743,Occidental
HV-8,-18.582024196941454,2.73179935380548,Occidental
HV-9,-4.327473821843714,5.451451070953143,Occidental
LD-1,5.466166493188555,3.7431914981613126,Occidental
LD-10,11.51251570884626,-1.5763049540096699,Occidental
LD-11,-5.553646896933602,-2.3953430865272933,Occidental
LD-13,-5.1234764346496675,-1.2000439922377506,Occidental
LD-15,-6.715013582796303,7.9898128559316515,Occidental
LD-16,9.03589766435555,-0.10621330444823318,Occidental
LD-18,21.016805250015643,15.63293118806753,Occidental
LD-19,9.521489651911928,23.511439130809674,Occidental
LD-2,21.346135250901106,17.565768891652123,Occidental
LD-20,8.656018283971099,11.822733543532529,Occidental
LD-21,19.33487765114844,9.348260996474933,Occidental
LD-22,7.622151393777404,2.4402074534267766,Occidental
LD-23,22.919999088663857,7.294718473384419,Occidental
LD-24,15.56889862802949,8.245511854622364,Occidental
LD-25,-0.140799686340479,3.0746656431339594,Occidental
LD-26,0.6476172115619487,16.466878038302916,Occidental
LD-27,10.492023586437105,11.399743467639059,Occidental
LD-28,16.680197544685186,6.620455107925473,Occidental
LD-29,6.623461831535748,-6.861936674722808,Occidental
LD-3,9.540488565119936,2.0183561824176808,Occidental
LD-30,11.022818346275459,3.5385580638871845,Occidental
LD-31,22.924959410092647,-8.143433080630018,Occidental
LD-32,1.6789472818641578,8.031009403649525,Occidental
LD-33,20.064055276671873,16.806453682341303,Occidental
LD-34,1.0340768888121872,-3.063095067775248,Occidental
LD-35,8.771860510259602,-10.687281577307346,Occidental
LD-37,9.941364399691897,2.0595365816595628,Occidental
LD-38,9.956452976849773,10.876570530308054,Occidental
LD-4,10.407519734503664,0.5648757225483747,Occidental
LD-40,18.055664712349305,9.16161444037094,Occidental
LD-41,0.5871992406473776,-4.716374259836326,Occidental
LD-42,4.514459107232351,5.568913773152286,Occidental
LD-43,3.487344771230271,9.239757647449157,Occidental
LD-44,8.333589245061276,13.041915521456303,Occidental
LD-45,20.86108875319137,22.402398720979672,Occidental
LD-47,6.125615719250435,8.159733412863151,Occidental
LD-48,9.80107123042147,12.831216811238276,Occidental
LD-5,24.51082425665102,12.193089294054428,Occidental
LD-50,7.408739042378496,19.497089852890078,Occidental
LD-51,28.344517540642972,14.972272565584149,Occidental
LD-52,4.720196756826238,7.890095767477869,Occidental
LD-53,19.98036955932929,16.70485726266836,Occidental
LD-54,4.354491436045545,11.089186635785975,Occidental
LD-55,-2.9025688654491866,-2.896289338281975,Occidental
LD-56,17.734925671325552,7.955050365025885,Occidental
LD-57,16.772662413694313,22.214673005635014,Occidental
LD-58,4.22400328525044,-1.6782335334670568,Occidental
LD-59,5.109228480195604,10.057527901278954,Occidental
LD-6,4.613900076493136,8.883751400821035,Occidental
LD-60,1.1495571425247793,23.713261442833524,Occidental
LD-61,30.21086592791468,13.630734780918559,Occidental
LD-62,27.516048561500007,17.953227804620266,Occidental
LD-63,18.372775797061394,9.411087446374854,Occidental
LD-64,15.049288248582101,13.773508755142391,Occidental
LD-65,0.04910832625650663,7.611206868705594,Occidental
LD-66,30.675521667092404,15.298589379278088,Occidental
LD-68,10.383513872001187,13.40611939437968,Occidental
LD-69,20.55561076992612,8.319707756703112,Occidental
LD-7,-4.657967785771692,14.61705931905228,Occidental
LD-70,19.265243380255367,18.893510493526183,Occidental
LD-71,26.312989247310085,15.028630487505836,Occidental
LD-72,7.913141008668461,18.8212631351012,Occidental
LD-73,4.808581853232729,1.563788297375715,Occidental
LD-74,-2.039803417759046,8.433126317995459,Occidental
LD-75,11.986946270921353,6.251007187068346,Occidental
LD-76,6.587720053941886,19.175220294150268,Occidental
LD-77,24.732668882267117,13.676345411187306,Occidental
LD-78,14.766789717650138,12.075766395019002,Occidental
LD-79,18.143018779869575,11.590122423391826,Occidental
LD-8,18.549250949159706,8.22294593344374,Occidental
LD-80,20.47999562984518,17.827517813885635,Occidental
LD-81,21.52494245071189,1.5503927510092028,Occidental
LD-82,2.2026262820365483,11.513409144647415,Occidental
LD-83,12.669979944778198,1.349110230345648,Occidental
LD-85,10.10747464459048,12.745228895760903,Occidental
LD-86,4.686852519426353,14.19370996184563,Occidental
LD-87,15.030820597129685,7.326072537743855,Occidental
LD-88,16.95844256179339,13.697437488872557,Occidental
LD-9,14.30520520548362,2.231695962890746,Occidental
LD-90,20.904943280050723,8.852745052491656,Occidental
LD-91,19.97272363311471,17.761510943896607,Occidental
LD-92,27.546938849014243,9.955794886259822,Occidental
LD-93,19.89133660170925,13.307261563483298,Occidental
LD-94,2.281105195468914,0.09190482801410127,Occidental
LD-96,27.69713567302497,11.53098090243615,Occidental
LD-97,-10.742202293791784,-0.8156068644573331,Occidental
LD-98,12.704105055805433,21.376176081391616,Occidental
LV-1,16.249231837257266,-2.271558074294629,Occidental
LV-10,24.497054187416197,14.99739299476808,Occidental
LV-12,18.975346922023615,23.912495069089797,Occidental
LV-13,10.279027165172664,26.330391799063687,Occidental
LV-14,7.370656384728738,3.0808030400054376,Occidental
LV-15,29.04796797638843,19.128994876865704,Occidental
LV-17,23.636631608566567,8.18464326046749,Occidental
LV-18,17.80573702863252,15.706545778589778,Occidental
LV-19,22.443927701624325,16.423671314068848,Occidental
LV-2,2.0940611704091303,5.667541537544855,Occidental
LV-21,-5.81221636135265,9.954682883450213,Occidental
LV-22,18.173626421865734,4.266024102101342,Occidental
LV-23,6.70910823664059,-3.1816919239798738,Occidental
LV-24,9.019221069268674,2.0185504295616274,Occidental
LV-25,13.069849308340066,10.179468195891724,Occidental
LV-3,11.364890260115489,5.970587275044634,Occidental
LV-4,-0.2395523170976439,10.547813870729328,Occidental
LV-5,11.62208148583414,9.91270088019359,Occidental
LV-6,29.387159921414657,15.451078209819663,Occidental
LV-7,15.310138330480132,4.018349758690883,Occidental
LV-8,-0.72714414795945,17.100796110280612,Occidental
LV-9,9.044724128515751,10.467935462726292,Occidental
M0x12MCx1392,7.565084450078826,4.315190139624052,Occidental
M0x12MCx1639,-16.114296229334883,-10.499343423277281,Occidental
M0x12MCx1642,-15.362007871402575,12.781497355237587,Occidental
M0x12MCx2447,-1.6359296213073264,7.941472843740028,Occidental
M0x12MCx2763,-18.15967862664234,-3.9689325823621404,Occidental
M0x30MCx1169,-21.300297146378124,3.479775540984617,Occidental
M0x30MCx1188,-14.383256167243761,-3.7671157431937212,Occidental
M0x30MCx1253,4.947117128279632,-2.7625830511708545,Occidental
M0x30MCx1554,-18.19672409783019,-4.270240010936829,Occidental
M0x30MCx1635,-19.18840522828121,3.2218151483635786,Occidental
M0x30MCx1674,-4.164417760888519,-10.370693767032556,Occidental
M0x30MCx1688,-2.7824754462372034,-10.996441209070209,Occidental
M0x30MCx1813,-11.821578407533046,7.600018093810931,Occidental
M0x30MCx1930,-16.91168911518783,-1.154067592598408,Occidental
M0x30MCx1957,-17.802639094945068,-0.385555311331804,Occidental
M0x30MCx1969,-15.327220165074312,0.08732889101614738,Occidental
M0x30MCx1982,-7.565496032948076,3.4011777550091438,Occidental
M0x30MCx2197,-17.44771203703222,10.257119346815328,Occidental
M0x30MCx2226,-18.98099759818384,-2.652355886925357,Occidental
M0x30MCx2241,-9.123180046779854,-7.072374494294427,Occidental
M0x30MCx2255,-19.97766604239133,-2.5946072252582377,Occidental
M0x30MCx2261,-17.821095185699498,9.54017236032698,Occidental
M0x30MCx2280,-14.559358056489355,12.012441402132243,Occidental
M0x30MCx2432,-20.36693043821536,4.928724445943793,Occidental
M0x30MCx2515,9.892138742952298,-4.514360643528787,Occidental
M0x30MCx2549,-22.09563511510145,-0.8841617206172234,Occidental
M0x30MCx2684,-19.983601639112464,7.423902772833482,Occidental
M0x30MCx2690,-20.64560014063349,3.2881107001799244,Occidental
M0x30MCx2715,-11.85643859190775,-9.349650391147712,Occidental
M0x30MCx2724,-21.052401314176524,3.6303780766084226,Occidental
M0x30MCx2890,4.592706240276661,-16.277524343163687,Occidental
M0x30MCx2956,-14.149766499582611,-8.47165044265596,Occidental
M0x30MCx3021,-11.5858371191723,2.499693000539498,Occidental
M0x30MCx3066,-14.168861155970308,10.74044617292385,Occidental
M0x30MCx3120,-5.66214301773933,-14.521698311670786,Occidental
M0x30MCx3191,-8.657215410361303,7.962282344053346,Occidental
M0x30MCx3249,-23.540515129673146,4.726727454353714,Occidental
M0x30MCx3305,8.90247897106445,-1.648351980918302,Occidental
SZAXPI015228-14,19.074523088796436,7.572052457189671,Occidental
SZAXPI015233-19,16.1214700499189,6.339561302914572,Occidental
SZAXPI015239-25,16.01836571444958,2.4352926676601947,Occidental
SZAXPI015240-26,5.583357810539644,-4.160003978643062,Occidental
SZAXPI015242-30,-13.011770474808344,5.729040446200786,Occidental
SZAXPI015243-31,-1.1800069323358464,-1.0864284803300999,Occidental
SZAXPI015244-32,-12.379215119834065,8.254382970376044,Occidental
SZAXPI015249-37,-7.088322401316134,6.7413580443297825,Occidental
SZAXPI015252-43,-2.235327675666184,12.51099542294649,Occidental
SZAXPI015257-56,17.274546021564365,-1.1885616372625387,Occidental
SZAXPI015260-74,18.433242884681786,11.445510270710704,Occidental
SZAXPI015262-79,-2.8485421494137775,-11.31281505135312,Occidental
SZAXPI015263-84,-16.595887752636546,6.352598984105599,Occidental
SZAXPI015266-89,-0.39321234935830596,9.156968699856812,Occidental
SZAXPI015268-109,-8.950273115387233,-4.539744593809229,Occidental
SZAXPI015269-94,-14.067984466797643,1.9702667914110954,Occidental
CCIS00146684ST-4-0,-10.615834935359551,-6.096831703729445,Occidental
CCIS00281083ST-3-0,-11.479561456810771,-1.1659142096925423,Occidental
CCIS02124300ST-4-0,-5.52441337282956,2.587926140701812,Occidental
CCIS02379307ST-4-0,-11.490997294272805,-5.61221831047519,Occidental
CCIS02856720ST-4-0,-1.8796882918008357,-8.860073138880988,Occidental
CCIS03473770ST-4-0,-10.758031854059261,-0.13189813406556627,Occidental
CCIS03857607ST-4-0,-15.768268614184702,16.976434476384618,Occidental
CCIS05314658ST-4-0,-14.991786175165178,0.07688992490929092,Occidental
CCIS06260551ST-3-0,2.423298601732923,-4.963223698103131,Occidental
CCIS07277498ST-4-0,-15.430083494580419,0.7354206975549564,Occidental
CCIS07539127ST-4-0,-1.2150020047211996,-5.4123866439650365,Occidental
CCIS07648107ST-4-0,4.6585518426081425,-8.768287684959443,Occidental
CCIS09568613ST-4-0,-10.768878605047988,-0.5650246845680336,Occidental
CCIS10706551ST-3-0,-12.905180133119806,9.05585934847407,Occidental
CCIS11015875ST-4-0,-12.866896389397152,-7.892106506910131,Occidental
CCIS11354283ST-4-0,-3.618113263510546,-7.34425668799405,Occidental
CCIS11362406ST-4-0,-10.506697446596984,9.04285017216474,Occidental
CCIS11558985ST-4-0,-13.315767902985108,-2.7767168371211683,Occidental
CCIS12370844ST-4-0,-8.37772965953338,1.597159273121009,Occidental
CCIS12656533ST-4-0,0.4053526634336979,-7.310902493170238,Occidental
CCIS13047523ST-4-0,15.515577044573668,-5.165000391824946,Occidental
CCIS14449628ST-4-0,9.772498995609615,3.9692615099232196,Occidental
CCIS15704761ST-4-0,32.752635523627475,13.73608729981743,Occidental
CCIS15794887ST-4-0,-11.243395329044532,9.926568431017294,Occidental
CCIS16326685ST-4-0,-6.119894068578759,-3.669109912750627,Occidental
CCIS16383318ST-4-0,-5.916726545110718,14.31227410708931,Occidental
CCIS16561622ST-4-0,-6.8383435818705465,-10.971189960160238,Occidental
CCIS17669415ST-4-0,5.270497510067146,-1.1328788817842357,Occidental
CCIS20795251ST-4-0,-12.668890146899848,-2.0927752283205256,Occidental
CCIS21126322ST-4-0,-17.642718852703457,-0.861254095859536,Occidental
CCIS21278152ST-4-0,-21.356823412829176,7.839519037629687,Occidental
CCIS22416007ST-4-0,-3.8851080772828706,-13.198041294179248,Occidental
CCIS22958137ST-20-0,-9.5968736766904,2.577762699119529,Occidental
CCIS23164343ST-4-0,-9.25208728904212,-1.5333536427508339,Occidental
CCIS24254057ST-4-0,12.154131513911773,-10.777784389596366,Occidental
CCIS27304052ST-3-0,-13.95606584548219,0.2814768172483406,Occidental
CCIS27927933ST-4-0,6.615828140426699,-4.763569802631724,Occidental
CCIS29210128ST-4-0,10.806330659633804,-10.694334545425164,Occidental
CCIS29688262ST-20-0,0.003903335803343566,1.812506436518409,Occidental
CCIS32452666ST-4-0,-9.438644818203173,3.140602506233215,Occidental
CCIS33816588ST-4-0,-8.57294291227857,-8.960155810349221,Occidental
CCIS34055159ST-4-0,5.374487700716763,10.03044463099787,Occidental
CCIS34604008ST-4-0,-6.612526604467124,-2.8875239701609496,Occidental
CCIS35100175ST-4-0,-3.9970103951993856,17.94455044233849,Occidental
CCIS36699628ST-4-0,6.732187875183339,-1.6594104123813684,Occidental
CCIS36797902ST-4-0,-9.14985729548966,3.0056181866445746,Occidental
CCIS38765456ST-20-0,-14.56174206496851,2.978194171213698,Occidental
CCIS40244499ST-3-0,3.6948293786220425,12.322545179351893,Occidental
CCIS41222843ST-4-0,-8.233035712962977,-3.28485344505524,Occidental
CCIS41288781ST-4-0,28.74449310764141,-13.255810944114522,Occidental
CCIS41548810ST-4-0,-13.937217011626792,-8.786237718991107,Occidental
CCIS41692898ST-4-0,-2.1030529898580745,-2.768995700122802,Occidental
CCIS44093303ST-4-0,18.25166532538912,-7.8165001110207895,Occidental
CCIS44757994ST-4-0,-4.747699920582505,-4.8590957517144675,Occidental
CCIS45571137ST-3-0,-18.362828978480554,3.2026877149026682,Occidental
CCIS45793747ST-4-0,-0.943758866903794,0.40362755770975234,Occidental
CCIS46047672ST-4-0,5.933674112091415,-2.2366234298343963,Occidental
CCIS46467422ST-4-0,8.068735522929558,0.9412769038901896,Occidental
CCIS47284573ST-4-0,-11.960809684356466,-9.644893068211434,Occidental
CCIS48174381ST-4-0,2.175299698095934,-8.60837961297328,Occidental
CCIS48725289ST-4-0,-14.099333985420849,4.433493795327127,Occidental
CCIS50003399ST-4-0,1.1261136982723023,3.4364594295402027,Occidental
CCIS50148151ST-4-0,14.90728330087069,-10.559391736877398,Occidental
CCIS50471204ST-4-0,-2.591808384445173,-14.508102846111925,Occidental
CCIS51595129ST-4-0,-18.52235950949374,4.261752324494384,Occidental
CCIS52370277ST-4-0,7.991018848573017,-7.4880375524963645,Occidental
CCIS53043478ST-4-0,-19.156904211871947,5.003287409044658,Occidental
CCIS53355328ST-4-0,-7.1234989697003925,-11.479379599202005,Occidental
CCIS55230578ST-4-0,-10.4625202492396,-0.037127305563437574,Occidental
CCIS58234805ST-4-0,-1.8774007005358122,3.9141730455225847,Occidental
CCIS59132091ST-4-0,-7.275755303891167,2.097300552327286,Occidental
CCIS61287323ST-4-0,-9.25766187527761,11.250783929776883,Occidental
CCIS62605362ST-3-0,-15.832249391377719,-4.742677121332002,Occidental
CCIS62794166ST-4-0,-3.4348482186546008,-11.439577391997595,Occidental
CCIS63448910ST-4-0,12.74727944666851,6.8057564692680685,Occidental
CCIS63468405ST-4-0,-13.962084305863453,2.0137863462348946,Occidental
CCIS63910149ST-4-0,-19.317615024848322,-5.384719858345972,Occidental
CCIS64773582ST-4-0,-0.2636158998599445,-4.015650267689602,Occidental
CCIS64785924ST-20-0,-10.379510992679805,-0.36596178073797336,Occidental
CCIS65479369ST-4-0,3.6596872915563594,9.008649892520882,Occidental
CCIS71301801ST-4-0,-5.033102565380027,-11.383053551163076,Occidental
CCIS71578391ST-4-0,-11.845534485219964,-0.1327203660716023,Occidental
CCIS72607085ST-4-0,11.436965798070757,-4.049221370472341,Occidental
CCIS74239020ST-4-0,-18.489825435032465,7.794067549728038,Occidental
CCIS76845094ST-20-0,-1.301470830743595,2.9715814651249,Occidental
CCIS77252613ST-4-0,-13.053505984560516,10.113280915073767,Occidental
CCIS78100604ST-4-0,5.236900613744566,-9.621294716388139,Occidental
CCIS78318719ST-4-0,-8.022640711974297,-3.010076328173686,Occidental
CCIS79210440ST-3-0,-19.776917934798895,7.807064876971958,Occidental
CCIS80834637ST-4-0,8.696104321105347,-7.533087949557449,Occidental
CCIS81139242ST-4-0,12.398803861793567,-9.130668258902787,Occidental
CCIS81887263ST-4-0,-13.582011486208312,-5.5242249048036465,Occidental
CCIS82146115ST-4-0,3.6474182900297434,-3.183072846876752,Occidental
CCIS82507866ST-3-0,-19.2967823922609,-0.0868472540532439,Occidental
CCIS82944710ST-20-0,-9.44541241831789,-5.30149727399924,Occidental
CCIS83870198ST-4-0,-12.581992000784911,-8.992624880617807,Occidental
CCIS84543192ST-4-0,-13.181553874348051,12.867733947000858,Occidental
CCIS85214191ST-3-0,20.140817934447224,-9.888001261749071,Occidental
CCIS87116798ST-4-0,-15.579546817559766,3.4154623032417093,Occidental
CCIS87167916ST-4-0,0.2809129435355491,-11.705006217968517,Occidental
CCIS87252800ST-4-0,8.147429178425199,-14.665477086245296,Occidental
CCIS87605453ST-4-0,-0.25407702485866146,-10.822089034023918,Occidental
CCIS88007743ST-4-0,17.280673092234668,-10.799467318292944,Occidental
CCIS88317640ST-4-0,0.2215092715338134,0.3299116913282676,Occidental
CCIS90164298ST-4-0,-17.630884065937337,13.003700433281125,Occidental
CCIS91228662ST-4-0,-5.766634938540566,-0.6158965355341897,Occidental
CCIS93040568ST-20-0,17.004832052554814,-3.900097083810148,Occidental
CCIS94417875ST-3-0,-16.016969281139897,-1.6222506757945228,Occidental
CCIS94603952ST-4-0,-9.910864789641227,-6.223545098487265,Occidental
CCIS95097901ST-4-0,3.68330783095975,-1.982423625813424,Occidental
CCIS95409808ST-4-0,-15.626022302450625,2.520541222543958,Occidental
CCIS98482370ST-3-0,-15.348335826354685,5.233822586570762,Occidental
CCIS98512455ST-4-0,-2.2530902286795484,-0.7175803529494393,Occidental
CCIS98832363ST-4-0,-18.397373375230007,0.03452083846404275,Occidental
MH0001,-15.066392966191742,10.436635970334788,Occidental
MH0002,-11.812349502158664,-10.122506510813384,Occidental
MH0004,-8.995970209096622,7.14894412376669,Occidental
MH0005,-18.115672450798197,13.378534531321222,Occidental
MH0006,-18.589417313889818,5.589083725383085,Occidental
MH0008,-3.445882397788644,4.306839405349994,Occidental
MH0009,-20.213491134518062,12.512945062801366,Occidental
MH0010,-3.350966798735298,-5.44991823621798,Occidental
MH0011,-19.58207473134767,-5.343419519509996,Occidental
MH0012,-17.3090777999415,1.5308265588372576,Occidental
MH0013,-9.974470751034229,-11.656168643496308,Occidental
MH0014,-14.205279157853134,-4.854687152266258,Occidental
MH0015,-9.095181671994478,-2.399937472083894,Occidental
MH0016,-12.928142234515974,-10.168437163399641,Occidental
MH0017,-18.29687585253244,-1.4558531790708873,Occidental
MH0018,-8.619753899683147,6.482368049925261,Occidental
MH0019,-12.322676752222286,0.7746083206749264,Occidental
MH0020,-1.6910564878960201,-7.549230133381207,Occidental
MH0021,-17.770881958679023,-5.562583501203879,Occidental
MH0022,-22.872038533221343,0.028051059790631605,Occidental
MH0024,-14.758377894944577,2.490710374054795,Occidental
MH0025,-18.374205018683895,-1.3222932388273216,Occidental
MH0026,-11.606904686402277,4.79152343903549,Occidental
MH0027,-15.26003648244448,-5.2564161069318205,Occidental
MH0028,-12.042866333033015,-9.097195468778288,Occidental
MH0030,-18.170483223611352,21.51027524883665,Occidental
MH0033,-17.42618557770985,1.9417195293191707,Occidental
MH0034,-11.09068534437127,7.478041566636553,Occidental
MH0035,-15.927664043452719,0.09114605725133185,Occidental
MH0036,-11.309476384788002,3.700837966879435,Occidental
MH0037,-9.302717613479707,2.664454952522414,Occidental
MH0038,-7.099278117538205,-2.005608148701989,Occidental
MH0039,-16.20709967865723,-2.9839304936262403,Occidental
MH0041,-15.023801645266719,-3.723220612039042,Occidental
MH0042,-15.134947174642953,-3.2841675120020737,Occidental
MH0044,-14.336752502958667,-1.8887797625980651,Occidental
MH0045,-9.117406650008668,1.3140080869223816,Occidental
MH0046,-14.2605038210646,9.079000067569726,Occidental
MH0048,-15.878499701951068,-4.483102908126502,Occidental
MH0049,-9.401627865437597,4.64376287758015,Occidental
MH0050,-21.26645941028986,5.402108564437965,Occidental
MH0052,-20.931712008195724,5.1683803102305745,Occidental
MH0053,-17.855871286866165,19.755476901565842,Occidental
MH0054,-14.585850818534094,5.354229238887398,Occidental
MH0055,-15.951582825280738,3.4653110005689802,Occidental
MH0056,-15.25480498182807,0.45371516484759855,Occidental
MH0057,-10.262878539088263,-3.9874894835173675,Occidental
MH0058,-16.439594397407763,-4.726239966917421,Occidental
MH0059,-21.436109382841124,-1.6374808008546244,Occidental
MH0060,-18.992075853716948,0.9443480704250256,Occidental
MH0062,-8.54419864424801,-10.560480838486413,Occidental
MH0063,-20.56258922474309,10.486603336519543,Occidental
MH0064,-14.958903066232619,2.3475334735007447,Occidental
MH0065,-14.518344954130068,6.5421606444356675,Occidental
MH0066,-19.128498305284626,-7.961829707064999,Occidental
MH0067,-13.12206558276349,-4.234573033035535,Occidental
MH0068,-4.755584869571292,-3.1303895894165565,Occidental
MH0069,-21.150679704568937,-0.7089721768543864,Occidental
MH0070,-15.20944356024265,3.306956357421017,Occidental
MH0071,-11.299263289519303,-5.524749405730955,Occidental
MH0072,1.3896078792389428,2.3191301218038873,Occidental
MH0073,-9.557340244039814,11.101677996289915,Occidental
MH0074,11.975105118815168,-10.54646198935404,Occidental
MH0075,-17.957255257540808,-0.9412720567156052,Occidental
MH0077,-17.88799675644843,11.383758541879152,Occidental
MH0078,-16.29780148700438,17.323652219198504,Occidental
MH0080,-6.120750598822376,-2.653905116669926,Occidental
MH0081,-22.920566655226935,-3.7135338331920407,Occidental
MH0082,-19.54623415359987,2.1646155834091108,Occidental
MH0083,-16.205247809161317,-1.7458201305433656,Occidental
MH0084,-8.541451380488017,6.703543657697785,Occidental
MH0085,-7.8169462163871195,-1.62322179054532,Occidental
MH0086,-10.73030039909694,-2.1709250001812537,Occidental
MH0087,23.555678117424833,-1.6296977601252118,Occidental
MH0088,0.4860122919221421,-9.800521782012797,Occidental
MH0089,-9.932442809088734,-14.501190920144165,Occidental
MH0090,-17.457041874030846,-1.3229187528060615,Occidental
MH0091,-20.801977488752286,7.224223722834609,Occidental
MH0092,-15.392251366213852,-6.555834381329576,Occidental
MH0093,-4.897947023601677,6.4321896057812875,Occidental
MH0094,-18.570628058783846,2.9072747781505037,Occidental
MH0095,-12.385992916714496,0.4361254503012759,Occidental
MH0096,-17.945762320354632,16.794418554208015,Occidental
MH0097,-19.37071044849838,-4.55006377192709,Occidental
MH0098,-18.60090147726964,2.2282246100354337,Occidental
MH0099,-17.713234904548724,-3.3715988840048388,Occidental
MH0100,-20.62212772852098,2.2776588853987016,Occidental
MH0102,-20.76412109605112,0.9512439412727511,Occidental
MH0103,-15.465074481658338,4.503180509298916,Occidental
MH0104,-15.381228317035085,-5.053260511871145,Occidental
MH0105,-15.580739731801764,4.062752002623588,Occidental
MH0106,-13.06590537726587,-2.1569735246816775,Occidental
MH0107,-12.945991007120515,3.7497020848091513,Occidental
MH0109,-0.7510974462986244,0.5692713341712121,Occidental
MH0110,-4.276006860094807,-8.730306708845315,Occidental
MH0111,-16.815676930606738,4.909591241166474,Occidental
MH0113,-15.002971471644791,-0.47328950572532325,Occidental
MH0114,2.130895725125976,0.33146319299297744,Occidental
MH0115,-15.639831949090887,7.491855207214618,Occidental
MH0116,-17.765374640674086,-0.994923721176213,Occidental
MH0117,-21.5809504370382,8.440299574064733,Occidental
MH0118,-21.60111930264665,3.475093887399458,Occidental
MH0120,-18.844462725114298,1.9346655457758102,Occidental
MH0121,4.873773569399961,-8.04042948048005,Occidental
MH0123,-19.52625617069327,-6.842504389470277,Occidental
MH0124,-21.331222883922592,0.14208844072494298,Occidental
MH0126,-24.043432406382827,4.768842384465436,Occidental
MH0127,2.8566204777437534,-17.381855771675408,Occidental
MH0128,-1.663370736501081,-10.20653918081872,Occidental
MH0129,-17.22458699536728,-1.7036961850694228,Occidental
MH0130,-18.331859536603766,12.157121617634411,Occidental
MH0132,-20.598823299508467,11.771526156325548,Occidental
MH0133,-2.774928340849721,-1.2394351513400332,Occidental
MH0134,-6.449464262335159,-4.082046659998691,Occidental
MH0137,-17.885958398611912,12.908243551977211,Occidental
MH0138,-13.053184318200614,13.465141227693731,Occidental
MH0139,-15.025312163271952,-2.273150539857906,Occidental
MH0140,-13.799444822703013,-6.906128704381715,Occidental
MH0141,-13.380722342552357,5.057485334674555,Occidental
MH0142,-15.341318851971682,-7.993418287448653,Occidental
MH0143,-16.70487835447393,12.851676516046066,Occidental
MH0144,-16.106080427830513,9.50890284511013,Occidental
MH0145,-20.11802049104374,-5.517471875284246,Occidental
MH0146,0.6437688228400162,-16.159134585259604,Occidental
MH0147,-18.49397152125159,-10.082263875463926,Occidental
MH0148,-17.876196471010246,-3.766489926940827,Occidental
MH0149,1.295062825702308,-13.800481915023024,Occidental
MH0151,-19.646632099171075,9.137194867554076,Occidental
MH0152,-12.572928473181967,8.87488986515711,Occidental
MH0153,-17.38403231507864,-6.026495384383705,Occidental
MH0154,-11.182760272015038,4.402714960013179,Occidental
MH0155,-3.5194560019924754,-8.611324401500653,Occidental
MH0156,11.770556594325015,-3.0719349199576405,Occidental
MH0157,-23.04095367238046,3.03715353818207,Occidental
MH0159,-6.521369714943688,-4.808290729611435,Occidental
MH0160,-12.527785736138249,5.012222441899652,Occidental
MH0162,-9.636341926338549,-12.184187327140222,Occidental
MH0163,-14.721336801955747,3.946946780254872,Occidental
MH0164,-14.234362111055813,10.152747893151968,Occidental
MH0165,-20.996466763603724,5.129235701962417,Occidental
MH0167,-13.038247125596811,-1.3541764722188496,Occidental
MH0168,-19.958072503233925,2.0442631298401244,Occidental
MH0169,-15.314160566215381,5.278401103396585,Occidental
MH0170,-14.736979296016823,2.7467217368100068,Occidental
MH0172,-9.85220950264614,-1.376082413516178,Occidental
MH0174,-15.978526771229614,-1.287677064503331,Occidental
MH0175,-17.451677607329557,11.842476413584432,Occidental
MH0177,-14.04805776790758,-0.3112776816911538,Occidental
MH0178,8.59157035308271,-13.904350381948554,Occidental
MH0179,14.836628498222199,-2.6265656198585203,Occidental
MH0180,-6.987769927735364,-10.058589857827275,Occidental
MH0181,-20.3899530384916,0.8230812201208204,Occidental
MH0182,1.3836451174850168,-14.66432182740133,Occidental
MH0183,-15.62743879782532,16.07419696109772,Occidental
MH0184,-13.181458218431015,2.4395656006583932,Occidental
MH0185,-7.689710435184374,-0.6455369614390039,Occidental
MH0186,1.134521583896209,-5.5647839892023425,Occidental
CM.129_WGS,-13.756556283187354,22.237471940750844,No occidental
CM.146_WGS,-7.683538738848789,23.19393312887499,No occidental
CM.147_WGS,-1.2949597342050918,24.888692174120145,No occidental
CM.16_WGS,-11.582501881529556,23.49709867755469,No occidental
CM.162_WGS,-10.068479841521,18.725734133761136,No occidental
CM.177_WGS,-10.753653968639377,20.64918560859327,No occidental
CM.178_WGS,-14.909282088836132,24.77355789276425,No occidental
CM.206_WGS,-15.459708723996084,28.620347964086857,No occidental
CM.208_WGS,-5.054414759136446,21.849108946594438,No occidental
CM.228_WGS,-7.296748389524961,23.05930314448619,No occidental
CM.24_WGS,-5.406873512251311,23.568201419925437,No occidental
CM.275_WGS,-12.822319543334206,13.6664047979784,No occidental
CM.278_WGS,-11.840860948142609,29.84935320097895,No occidental
CM.283_WGS,-8.751235101983156,17.819731615853193,No occidental
CM.284_WGS,-1.7177255807607477,29.040245003428282,No occidental
CM.289_WGS,-15.424291564583488,5.173426413130885,No occidental
CM.29_WGS,-5.24838551562676,6.357695451312884,No occidental
CM.291_WGS,-14.275336395923134,24.875848789561815,No occidental
CM.294_WGS,-12.938772909190021,25.40846859918998,No occidental
CM.308_WGS,-2.149818387269214,9.683535358337007,No occidental
CM.310_WGS,-8.781528615932963,10.134176580533317,No occidental
CM.316_WGS,23.505280176400834,19.68713478545295,No occidental
CM.317_WGS,-9.056645282037334,7.365173956473827,No occidental
CM.328_WGS,-8.785154410395187,2.384956964078836,No occidental
CM.340_WGS,-13.294586386434183,17.854650151545513,No occidental
CM.342_WGS,13.065856730154561,-2.509294571271746,No occidental
CM.343_WGS,-6.507379685662475,20.054439718312036,No occidental
CM.345_WGS,-10.943329863871572,11.534087813249501,No occidental
CM.347_WGS,-15.160562158373626,8.048092269436799,No occidental
CM.358_WGS,-6.936598773786628,10.792429669316139,No occidental
CM.361_WGS,-7.617537637798858,23.9000096626139,No occidental
CM.364_WGS,1.6128645907378623,10.873208032301148,No occidental
CM.366_WGS,-17.703154817397383,22.027271802185197,No occidental
CM.367_WGS,-5.09687593025758,15.297031086300269,No occidental
CM.369_WGS,-11.00927446506708,18.080882211850447,No occidental
CM.370_WGS,-15.682122834228206,17.42997714493998,No occidental
CM.373_WGS,-6.208377658304574,18.079882196933738,No occidental
CM.375_WGS,-8.882223534504515,16.496444067830186,No occidental
CM.376_WGS,-13.331366193073027,14.68889341874359,No occidental
CM.378_WGS,-9.949815915059137,23.967094378295794,No occidental
CM.382_WGS,-6.548579486662781,23.844618129242534,No occidental
CM.389_WGS,-7.3182284442563095,22.7856999926259,No occidental
CM.397_WGS,-19.18414129017146,13.864973491180763,No occidental
CM.403_WGS,-9.448766947388403,20.4599221356368,No occidental
CM.408_WGS,-6.097768343677888,19.68383851109361,No occidental
CM.409_WGS,-7.280856038034337,19.198371535116966,No occidental
CM.412_WGS,5.074818291854428,12.769805486687666,No occidental
CM.413_WGS,3.2930948686171133,4.689895463657118,No occidental
CM.425_WGS,-13.123460518570258,22.258289676991794,No occidental
CM.438_WGS,-7.767909342130444,-1.099055044472693,No occidental
CM.443_WGS,-7.25756852343444,11.907838481023791,No occidental
CM.445_WGS,-1.9113473382388175,22.537084558709743,No occidental
CM.454_WGS,-17.041935024960182,13.755160624606756,No occidental
CM.466_WGS,-12.856664635290787,3.507027933120919,No occidental
CM.490_WGS,-13.979433537627912,16.266832413941213,No occidental
CM.511_WGS,-6.2343423640606765,-7.099385303834555,No occidental
CM.512_WGS,-12.912883758375173,14.929839277807151,No occidental
CM.514_WGS,-13.03836072679098,16.945150689715646,No occidental
CM.520_WGS,-9.403344430861566,-5.325729216119382,No occidental
CM.525_WGS,-10.634669268942854,-2.8114877878964313,No occidental
CM.528_WGS,-10.861383809322408,-1.3681204578134132,No occidental
CM.532_WGS,-6.318099675830375,20.233736090669293,No occidental
CM.555_WGS,-12.786586894930103,4.823675645928153,No occidental
CM.574_WGS,-17.918465385011714,9.773150472358587,No occidental
CM.580_WGS,-13.69673043315349,6.564236840626025,No occidental
CM.67_WGS,-9.783213010027755,29.339502166304023,No occidental
CM.79_WGS,-10.607123245696151,20.958977298501953,No occidental
CM.82_WGS,-10.118998963874322,27.969458469573098,No occidental
CM.107_WGS,-16.903892904949302,22.297889187057915,No occidental
CM.111_WGS,-13.188419714201181,19.65217222504095,No occidental
CM.126_WGS,7.651891644580891,3.909882426979281,No occidental
CM.13_WGS,-14.727390961943083,25.398775626828737,No occidental
CM.138_WGS,-9.930361611643583,20.56293691226358,No occidental
CM.139_WGS,-12.717560794453874,24.111927042487387,No occidental
CM.157_WGS,-17.709675029214477,22.7770064388185,No occidental
CM.165_WGS,-7.706118068142924,21.204179952563816,No occidental
CM.168_WGS,0.3766769888763548,28.372618497124705,No occidental
CM.17_WGS,-3.3889001703819357,24.198081911346637,No occidental
CM.172_WGS,-8.352030088135049,25.961390517671493,No occidental
CM.175_WGS,0.22935228549072484,32.877099151013525,No occidental
CM.176_WGS,-4.193287400024998,18.40805995468362,No occidental
CM.179_WGS,-11.678045691932567,25.707076738344764,No occidental
CM.18_WGS,-10.712198186230722,23.367293083412296,No occidental
CM.186_WGS,-9.565206135849692,23.961937714216894,No occidental
CM.187_WGS,-8.744062755062622,23.769411713151182,No occidental
CM.19_WGS,-8.298871811383133,28.605300904233154,No occidental
CM.195_WGS,-5.3495369708304565,17.223404608519658,No occidental
CM.20_WGS,-16.348810169968907,7.043976168236614,No occidental
CM.203_WGS,-6.771642763423401,23.34129188960319,No occidental
CM.210_WGS,-2.776502562428375,27.655298090459983,No occidental
CM.211_WGS,-12.912359987611008,24.51035241298293,No occidental
CM.212_WGS,-5.218800041650628,22.762855901666814,No occidental
CM.215_WGS,-5.655195088421017,27.49969298294503,No occidental
CM.219_WGS,-8.472945342768558,23.666267274032997,No occidental
CM.220_WGS,-7.28359967841898,24.664889747133365,No occidental
CM.222_WGS,-7.703675428673897,27.15802542387257,No occidental
CM.223_WGS,-12.533277786330434,29.47508852848369,No occidental
CM.226_WGS,-0.7555756283793293,26.962465337975107,No occidental
CM.227_WGS,-10.234516536834047,23.500275924680867,No occidental
CM.231_WGS,-10.564018928350084,23.883145402673374,No occidental
CM.232_WGS,-17.44476680406942,26.044445251452114,No occidental
CM.233_WGS,-9.608226859731754,21.96788327690855,No occidental
CM.234_WGS,-9.98195461893551,23.996358779740653,No occidental
CM.235_WGS,-7.2839218305535205,24.556257132638642,No occidental
CM.237_WGS,-12.754542044905605,19.388963907209696,No occidental
CM.239_WGS,-7.362180528142723,29.055659305769254,No occidental
CM.247_WGS,-0.8047398589137043,25.494609838653208,No occidental
CM.25_WGS,-12.026207086190908,27.275366164723202,No occidental
CM.251_WGS,-8.008679723056233,28.28278607439814,No occidental
CM.253_WGS,-8.296984148972278,24.511397032296028,No occidental
CM.254_WGS,-14.076080653557941,29.30705927986149,No occidental
CM.255_WGS,-9.976699059490965,25.545919340782643,No occidental
CM.257_WGS,-16.125556537531434,21.88856794043901,No occidental
CM.259_WGS,-8.300475566287062,28.895607317246487,No occidental
CM.261_WGS,-11.136327594985115,23.752821010842016,No occidental
CM.270_WGS,-2.2718140767906636,30.107046333875086,No occidental
CM.271_WGS,-19.985196598294095,21.86272691615008,No occidental
CM.30_WGS,-6.230292584507719,29.06709038421053,No occidental
CM.31_WGS,-11.094257717485714,26.722613723195497,No occidental
CM.315_WGS,-14.608316562819809,22.242541029523803,No occidental
CM.32_WGS,-8.671269784380108,24.261067258401482,No occidental
CM.390_WGS,-15.127673176997256,12.311287911148463,No occidental
CM.401_WGS,2.2677268611960057,-12.249316524953432,No occidental
CM.41_WGS,3.234627177635092,29.30161943125995,No occidental
CM.44_WGS,-12.577688263530703,26.55998199918357,No occidental
CM.46_WGS,-9.599120053492644,26.507331423776392,No occidental
CM.506_WGS,-4.499957758677866,30.81109509576508,No occidental
CM.507_WGS,1.320917761272531,30.855019657683403,No occidental
CM.55_WGS,-13.312120258049937,25.372717644545563,No occidental
CM.57_WGS,-8.564924952199767,24.454468489137525,No occidental
CM.64_WGS,-8.990414912336302,26.589732161965166,No occidental
CM.65_WGS,-12.872325108962464,27.748837184960998,No occidental
CM.7_WGS,-10.269918958527228,25.25740864049334,No occidental
CM.70_WGS,-9.145905590637167,23.188429043078525,No occidental
CM.75_WGS,-2.781411773915524,27.60642560310324,No occidental
CM.80_WGS,-6.750791535121088,28.29756276763209,No occidental
CM.86_WGS,-9.01974720761245,26.840333699143503,No occidental
CM.90_WGS,-11.85738040157435,22.667070737986776,No occidental
