number,value,datetime_start,datetime_complete,duration,params_algorithm,params_filter_criteria,params_filter_threshold,params_k,state
0,0.186093584792725,2024-12-18 23:39:11.107212,2024-12-18 23:39:11.722801,0 days 00:00:00.615589,kmeans,presence,45,5,COMPLETE
1,0.19661896846015534,2024-12-18 23:39:11.724208,2024-12-18 23:39:12.235665,0 days 00:00:00.511457,kmeans,presence,90,2,COMPLETE
2,0.10672871779885883,2024-12-18 23:39:12.237068,2024-12-18 23:39:12.786344,0 days 00:00:00.549276,kmeans,presence,80,10,COMPLETE
3,0.16463476762388088,2024-12-18 23:39:12.787735,2024-12-18 23:39:13.357721,0 days 00:00:00.569986,kmeans,presence,55,4,COMPLETE
4,0.11351404350186196,2024-12-18 23:39:13.359206,2024-12-18 23:39:13.804095,0 days 00:00:00.444889,kmeans,presence,120,2,COMPLETE
5,0.20997791150276254,2024-12-18 23:39:13.805493,2024-12-18 23:39:14.386002,0 days 00:00:00.580509,kmeans,presence,45,6,COMPLETE
6,0.11565468769627223,2024-12-18 23:39:14.387499,2024-12-18 23:39:14.865088,0 days 00:00:00.477589,kmeans,presence,105,2,COMPLETE
7,0.1483225607858216,2024-12-18 23:39:14.866384,2024-12-18 23:39:15.352446,0 days 00:00:00.486062,kmeans,presence,105,6,COMPLETE
8,0.20392252507255207,2024-12-18 23:39:15.353807,2024-12-18 23:39:15.853334,0 days 00:00:00.499527,kmeans,presence,100,2,COMPLETE
9,0.18738356084310526,2024-12-18 23:39:15.854625,2024-12-18 23:39:16.347818,0 days 00:00:00.493193,kmeans,presence,110,10,COMPLETE
10,0.20180570107601561,2024-12-18 23:39:16.349123,2024-12-18 23:39:16.996637,0 days 00:00:00.647514,kmeans,presence,10,8,COMPLETE
11,0.10590145289351684,2024-12-18 23:39:16.997815,2024-12-18 23:39:17.581423,0 days 00:00:00.583608,kmeans,presence,30,8,COMPLETE
12,0.18746449716127864,2024-12-18 23:39:17.582769,2024-12-18 23:39:18.129969,0 days 00:00:00.547200,kmeans,presence,70,4,COMPLETE
13,0.2276749330646423,2024-12-18 23:39:18.131259,2024-12-18 23:39:18.695054,0 days 00:00:00.563795,kmeans,presence,30,7,COMPLETE
14,0.08121406827934442,2024-12-18 23:39:18.696347,2024-12-18 23:39:19.496198,0 days 00:00:00.799851,kmeans,presence,0,8,COMPLETE
15,0.21370933932542738,2024-12-18 23:39:19.497570,2024-12-18 23:39:20.089682,0 days 00:00:00.592112,kmeans,presence,35,7,COMPLETE
16,0.18141593486793015,2024-12-18 23:39:20.090714,2024-12-18 23:39:20.690428,0 days 00:00:00.599714,kmeans,presence,20,7,COMPLETE
17,0.15960711187463672,2024-12-18 23:39:20.691754,2024-12-18 23:39:21.273535,0 days 00:00:00.581781,kmeans,presence,30,9,COMPLETE
18,0.27082786960423455,2024-12-18 23:39:21.274874,2024-12-18 23:39:21.866002,0 days 00:00:00.591128,kmeans,presence,35,7,COMPLETE
19,0.19517432848399618,2024-12-18 23:39:21.867344,2024-12-18 23:39:22.408745,0 days 00:00:00.541401,kmeans,presence,60,5,COMPLETE
20,0.18717795488703906,2024-12-18 23:39:22.409999,2024-12-18 23:39:23.016975,0 days 00:00:00.606976,kmeans,presence,10,7,COMPLETE
21,0.18372811832906286,2024-12-18 23:39:23.018265,2024-12-18 23:39:23.613340,0 days 00:00:00.595075,kmeans,presence,35,7,COMPLETE
22,0.17859664878256695,2024-12-18 23:39:23.614594,2024-12-18 23:39:24.184431,0 days 00:00:00.569837,kmeans,presence,45,9,COMPLETE
23,0.16151526725611012,2024-12-18 23:39:24.185800,2024-12-18 23:39:24.780782,0 days 00:00:00.594982,kmeans,presence,20,7,COMPLETE
24,0.21967179237853407,2024-12-18 23:39:24.782083,2024-12-18 23:39:25.336377,0 days 00:00:00.554294,kmeans,presence,60,5,COMPLETE
25,0.16427706202703937,2024-12-18 23:39:25.337366,2024-12-18 23:39:25.882779,0 days 00:00:00.545413,kmeans,presence,70,5,COMPLETE
26,0.20268803646523983,2024-12-18 23:39:25.883773,2024-12-18 23:39:26.433236,0 days 00:00:00.549463,kmeans,presence,55,6,COMPLETE
27,0.21723152359612455,2024-12-18 23:39:26.434211,2024-12-18 23:39:26.987226,0 days 00:00:00.553015,kmeans,presence,65,4,COMPLETE
28,0.16849135875716836,2024-12-18 23:39:26.988434,2024-12-18 23:39:27.523685,0 days 00:00:00.535251,kmeans,presence,80,3,COMPLETE
29,0.18249780382242778,2024-12-18 23:39:27.525003,2024-12-18 23:39:28.085151,0 days 00:00:00.560148,kmeans,presence,50,5,COMPLETE
30,0.34358964496968714,2024-12-18 23:39:28.086391,2024-12-18 23:39:28.665958,0 days 00:00:00.579567,kmeans,presence,40,6,COMPLETE
31,0.13689318279755633,2024-12-18 23:39:28.667326,2024-12-18 23:39:29.246444,0 days 00:00:00.579118,kmeans,presence,40,6,COMPLETE
32,0.19575822256668884,2024-12-18 23:39:29.247740,2024-12-18 23:39:29.847152,0 days 00:00:00.599412,kmeans,presence,20,5,COMPLETE
33,0.18029026737771328,2024-12-18 23:39:29.848165,2024-12-18 23:39:30.425583,0 days 00:00:00.577418,kmeans,presence,25,6,COMPLETE
34,0.1742665907206753,2024-12-18 23:39:30.426570,2024-12-18 23:39:30.983638,0 days 00:00:00.557068,kmeans,presence,45,8,COMPLETE
35,0.1529358334613962,2024-12-18 23:39:30.984906,2024-12-18 23:39:31.512352,0 days 00:00:00.527446,kmeans,presence,80,6,COMPLETE
36,0.21587300439287027,2024-12-18 23:39:31.513586,2024-12-18 23:39:32.086302,0 days 00:00:00.572716,kmeans,presence,50,4,COMPLETE
37,0.1847541795090286,2024-12-18 23:39:32.087563,2024-12-18 23:39:32.706003,0 days 00:00:00.618440,kmeans,presence,10,9,COMPLETE
38,0.12692448438774115,2024-12-18 23:39:32.707244,2024-12-18 23:39:33.294727,0 days 00:00:00.587483,kmeans,presence,40,5,COMPLETE
39,0.16425112629625105,2024-12-18 23:39:33.295976,2024-12-18 23:39:33.849357,0 days 00:00:00.553381,kmeans,presence,60,7,COMPLETE
40,0.18625558350191704,2024-12-18 23:39:33.850700,2024-12-18 23:39:34.449697,0 days 00:00:00.598997,kmeans,presence,30,3,COMPLETE
41,0.14699207542776965,2024-12-18 23:39:34.450941,2024-12-18 23:39:35.006188,0 days 00:00:00.555247,kmeans,presence,70,4,COMPLETE
42,0.22709263852101605,2024-12-18 23:39:35.007552,2024-12-18 23:39:35.555841,0 days 00:00:00.548289,kmeans,presence,65,3,COMPLETE
43,0.14747440832905404,2024-12-18 23:39:35.557050,2024-12-18 23:39:36.079057,0 days 00:00:00.522007,kmeans,presence,85,3,COMPLETE
44,0.12677956139823446,2024-12-18 23:39:36.080114,2024-12-18 23:39:36.637219,0 days 00:00:00.557105,kmeans,presence,55,2,COMPLETE
45,0.20335738735582964,2024-12-18 23:39:36.638533,2024-12-18 23:39:37.211464,0 days 00:00:00.572931,kmeans,presence,65,6,COMPLETE
46,0.26816977156307137,2024-12-18 23:39:37.212771,2024-12-18 23:39:37.739704,0 days 00:00:00.526933,kmeans,presence,90,8,COMPLETE
47,0.19255550758152862,2024-12-18 23:39:37.741101,2024-12-18 23:39:38.254447,0 days 00:00:00.513346,kmeans,presence,95,8,COMPLETE
48,0.1986555831280644,2024-12-18 23:39:38.255756,2024-12-18 23:39:38.716507,0 days 00:00:00.460751,kmeans,presence,110,8,COMPLETE
49,0.24998453301867063,2024-12-18 23:39:38.717879,2024-12-18 23:39:39.154477,0 days 00:00:00.436598,kmeans,presence,120,9,COMPLETE
50,0.11955799302699961,2024-12-18 23:39:39.155777,2024-12-18 23:39:39.614688,0 days 00:00:00.458911,kmeans,presence,115,10,COMPLETE
51,0.1809439708562576,2024-12-18 23:39:39.616016,2024-12-18 23:39:40.155194,0 days 00:00:00.539178,kmeans,presence,95,9,COMPLETE
52,0.1984196979265936,2024-12-18 23:39:40.156507,2024-12-18 23:39:40.631461,0 days 00:00:00.474954,kmeans,presence,105,9,COMPLETE
53,0.17618444213862894,2024-12-18 23:39:40.632704,2024-12-18 23:39:41.155962,0 days 00:00:00.523258,kmeans,presence,85,8,COMPLETE
54,0.16268344000829674,2024-12-18 23:39:41.157317,2024-12-18 23:39:41.738336,0 days 00:00:00.581019,kmeans,presence,35,7,COMPLETE
55,0.19975864696567414,2024-12-18 23:39:41.739583,2024-12-18 23:39:42.158637,0 days 00:00:00.419054,kmeans,presence,120,10,COMPLETE
56,0.13992223442168228,2024-12-18 23:39:42.159549,2024-12-18 23:39:42.779831,0 days 00:00:00.620282,kmeans,presence,15,8,COMPLETE
57,0.16492166360779614,2024-12-18 23:39:42.781170,2024-12-18 23:39:43.358981,0 days 00:00:00.577811,kmeans,presence,25,7,COMPLETE
58,0.07226050909876601,2024-12-18 23:39:43.360315,2024-12-18 23:39:44.178273,0 days 00:00:00.817958,kmeans,presence,0,9,COMPLETE
59,0.17015020555838745,2024-12-18 23:39:44.179410,2024-12-18 23:39:44.769032,0 days 00:00:00.589622,kmeans,presence,40,7,COMPLETE
60,0.14094549475527252,2024-12-18 23:39:44.770336,2024-12-18 23:39:45.317304,0 days 00:00:00.546968,kmeans,presence,75,9,COMPLETE
61,0.18855906340258052,2024-12-18 23:39:45.318603,2024-12-18 23:39:45.832483,0 days 00:00:00.513880,kmeans,presence,90,7,COMPLETE
62,0.1498340235249721,2024-12-18 23:39:45.833775,2024-12-18 23:39:46.381616,0 days 00:00:00.547841,kmeans,presence,50,6,COMPLETE
63,0.11827477068695684,2024-12-18 23:39:46.382918,2024-12-18 23:39:46.941655,0 days 00:00:00.558737,kmeans,presence,75,8,COMPLETE
64,0.12725557071076707,2024-12-18 23:39:46.942989,2024-12-18 23:39:47.558798,0 days 00:00:00.615809,kmeans,presence,35,5,COMPLETE
65,0.15799592440103757,2024-12-18 23:39:47.560284,2024-12-18 23:39:48.055262,0 days 00:00:00.494978,kmeans,presence,100,2,COMPLETE
66,0.1798444024493754,2024-12-18 23:39:48.056411,2024-12-18 23:39:48.623386,0 days 00:00:00.566975,kmeans,presence,45,6,COMPLETE
67,0.11349707287548756,2024-12-18 23:39:48.624610,2024-12-18 23:39:49.250126,0 days 00:00:00.625516,kmeans,presence,25,3,COMPLETE
68,0.172407057672152,2024-12-18 23:39:49.251475,2024-12-18 23:39:49.839292,0 days 00:00:00.587817,kmeans,presence,55,8,COMPLETE
69,0.13724736999876355,2024-12-18 23:39:49.840552,2024-12-18 23:39:50.391887,0 days 00:00:00.551335,kmeans,presence,65,7,COMPLETE
70,0.18938042541057987,2024-12-18 23:39:50.393250,2024-12-18 23:39:50.985337,0 days 00:00:00.592087,kmeans,presence,40,6,COMPLETE
71,0.16711149876561393,2024-12-18 23:39:50.986308,2024-12-18 23:39:51.535452,0 days 00:00:00.549144,kmeans,presence,60,4,COMPLETE
72,0.1604690637078581,2024-12-18 23:39:51.536703,2024-12-18 23:39:52.115530,0 days 00:00:00.578827,kmeans,presence,65,4,COMPLETE
73,0.20288181414061945,2024-12-18 23:39:52.116887,2024-12-18 23:39:52.706768,0 days 00:00:00.589881,kmeans,presence,30,4,COMPLETE
74,0.20800367661843602,2024-12-18 23:39:52.708133,2024-12-18 23:39:53.240986,0 days 00:00:00.532853,kmeans,presence,80,5,COMPLETE
75,0.1684005725395095,2024-12-18 23:39:53.242280,2024-12-18 23:39:53.788992,0 days 00:00:00.546712,kmeans,presence,75,3,COMPLETE
76,0.21499879822908555,2024-12-18 23:39:53.790239,2024-12-18 23:39:54.373896,0 days 00:00:00.583657,kmeans,presence,60,5,COMPLETE
77,0.25750075078998175,2024-12-18 23:39:54.375216,2024-12-18 23:39:54.922447,0 days 00:00:00.547231,kmeans,presence,70,4,COMPLETE
78,0.18096466171034073,2024-12-18 23:39:54.923678,2024-12-18 23:39:55.381052,0 days 00:00:00.457374,kmeans,presence,115,5,COMPLETE
79,0.1332449947510653,2024-12-18 23:39:55.382465,2024-12-18 23:39:55.983424,0 days 00:00:00.600959,kmeans,presence,45,4,COMPLETE
80,0.1729820509095538,2024-12-18 23:39:55.984686,2024-12-18 23:39:56.581697,0 days 00:00:00.597011,kmeans,presence,50,7,COMPLETE
81,0.17683957363885652,2024-12-18 23:39:56.583108,2024-12-18 23:39:57.191277,0 days 00:00:00.608169,kmeans,presence,65,4,COMPLETE
82,0.13937154310297706,2024-12-18 23:39:57.192535,2024-12-18 23:39:57.744032,0 days 00:00:00.551497,kmeans,presence,55,3,COMPLETE
83,0.20156533076403035,2024-12-18 23:39:57.745291,2024-12-18 23:39:58.331353,0 days 00:00:00.586062,kmeans,presence,70,3,COMPLETE
84,0.12048406658897746,2024-12-18 23:39:58.332600,2024-12-18 23:39:58.886309,0 days 00:00:00.553709,kmeans,presence,70,5,COMPLETE
85,0.2318506638411814,2024-12-18 23:39:58.887529,2024-12-18 23:39:59.418170,0 days 00:00:00.530641,kmeans,presence,90,4,COMPLETE
86,0.15248172669215823,2024-12-18 23:39:59.419498,2024-12-18 23:39:59.974715,0 days 00:00:00.555217,kmeans,presence,85,6,COMPLETE
87,0.23600015615430922,2024-12-18 23:39:59.975674,2024-12-18 23:40:00.496433,0 days 00:00:00.520759,kmeans,presence,90,5,COMPLETE
88,0.19030679174734175,2024-12-18 23:40:00.497872,2024-12-18 23:40:01.028413,0 days 00:00:00.530541,kmeans,presence,90,8,COMPLETE
89,0.26409241329656524,2024-12-18 23:40:01.029733,2024-12-18 23:40:01.543546,0 days 00:00:00.513813,kmeans,presence,100,2,COMPLETE
90,0.1150534849175102,2024-12-18 23:40:01.544766,2024-12-18 23:40:02.087627,0 days 00:00:00.542861,kmeans,presence,100,2,COMPLETE
91,0.3116069205395932,2024-12-18 23:40:02.088958,2024-12-18 23:40:02.609332,0 days 00:00:00.520374,kmeans,presence,90,3,COMPLETE
92,0.1309008755799203,2024-12-18 23:40:02.610471,2024-12-18 23:40:03.143909,0 days 00:00:00.533438,kmeans,presence,95,2,COMPLETE
93,0.18110379806638585,2024-12-18 23:40:03.145115,2024-12-18 23:40:03.665336,0 days 00:00:00.520221,kmeans,presence,100,2,COMPLETE
94,0.15368411277996658,2024-12-18 23:40:03.666692,2024-12-18 23:40:04.152804,0 days 00:00:00.486112,kmeans,presence,105,3,COMPLETE
95,0.17033312254174962,2024-12-18 23:40:04.154248,2024-12-18 23:40:04.683066,0 days 00:00:00.528818,kmeans,presence,90,9,COMPLETE
96,0.19773766779382518,2024-12-18 23:40:04.684429,2024-12-18 23:40:05.170351,0 days 00:00:00.485922,kmeans,presence,110,4,COMPLETE
97,0.18503935223432577,2024-12-18 23:40:05.171708,2024-12-18 23:40:05.698425,0 days 00:00:00.526717,kmeans,presence,85,10,COMPLETE
98,0.10545836919305192,2024-12-18 23:40:05.699735,2024-12-18 23:40:06.229647,0 days 00:00:00.529912,kmeans,presence,95,7,COMPLETE
99,0.18792674120467665,2024-12-18 23:40:06.230779,2024-12-18 23:40:06.779801,0 days 00:00:00.549022,kmeans,presence,90,6,COMPLETE
100,0.2310322607464921,2024-12-18 23:40:06.780839,2024-12-18 23:40:07.253005,0 days 00:00:00.472166,kmeans,presence,115,2,COMPLETE
101,0.24295851139488223,2024-12-18 23:40:07.254255,2024-12-18 23:40:07.706460,0 days 00:00:00.452205,kmeans,presence,115,2,COMPLETE
102,0.19277223879854752,2024-12-18 23:40:07.707718,2024-12-18 23:40:08.147511,0 days 00:00:00.439793,kmeans,presence,120,2,COMPLETE
103,0.14250981485986375,2024-12-18 23:40:08.148846,2024-12-18 23:40:08.617298,0 days 00:00:00.468452,kmeans,presence,115,2,COMPLETE
104,0.1237272315613636,2024-12-18 23:40:08.618648,2024-12-18 23:40:09.099095,0 days 00:00:00.480447,kmeans,presence,115,2,COMPLETE
105,0.17121615148921943,2024-12-18 23:40:09.100351,2024-12-18 23:40:09.608896,0 days 00:00:00.508545,kmeans,presence,105,2,COMPLETE
106,0.20715209692104689,2024-12-18 23:40:09.610254,2024-12-18 23:40:10.049922,0 days 00:00:00.439668,kmeans,presence,120,3,COMPLETE
107,0.15804584690578885,2024-12-18 23:40:10.051146,2024-12-18 23:40:10.573782,0 days 00:00:00.522636,kmeans,presence,110,2,COMPLETE
108,0.19352610751767493,2024-12-18 23:40:10.574789,2024-12-18 23:40:11.135084,0 days 00:00:00.560295,kmeans,presence,95,2,COMPLETE
109,0.16563959682500637,2024-12-18 23:40:11.136447,2024-12-18 23:40:11.638247,0 days 00:00:00.501800,kmeans,presence,105,3,COMPLETE
110,0.14769944895185794,2024-12-18 23:40:11.639220,2024-12-18 23:40:12.105413,0 days 00:00:00.466193,kmeans,presence,115,4,COMPLETE
111,0.15226849617793028,2024-12-18 23:40:12.106779,2024-12-18 23:40:12.524634,0 days 00:00:00.417855,kmeans,presence,120,2,COMPLETE
112,0.1159849485575139,2024-12-18 23:40:12.525744,2024-12-18 23:40:13.065451,0 days 00:00:00.539707,kmeans,presence,80,3,COMPLETE
113,0.21540894501366528,2024-12-18 23:40:13.066807,2024-12-18 23:40:13.597826,0 days 00:00:00.531019,kmeans,presence,100,3,COMPLETE
114,0.11770370768873972,2024-12-18 23:40:13.599217,2024-12-18 23:40:14.137613,0 days 00:00:00.538396,kmeans,presence,85,8,COMPLETE
115,0.24410832940669872,2024-12-18 23:40:14.138995,2024-12-18 23:40:14.629027,0 days 00:00:00.490032,kmeans,presence,110,6,COMPLETE
116,0.19875460899397038,2024-12-18 23:40:14.630265,2024-12-18 23:40:15.124275,0 days 00:00:00.494010,kmeans,presence,110,6,COMPLETE
117,0.1216599327759957,2024-12-18 23:40:15.125651,2024-12-18 23:40:15.606032,0 days 00:00:00.480381,kmeans,presence,110,5,COMPLETE
118,0.2301070709802128,2024-12-18 23:40:15.607385,2024-12-18 23:40:16.087233,0 days 00:00:00.479848,kmeans,presence,115,2,COMPLETE
119,0.1967513305842351,2024-12-18 23:40:16.088602,2024-12-18 23:40:16.636438,0 days 00:00:00.547836,kmeans,presence,90,6,COMPLETE
120,0.19760895818879617,2024-12-18 23:40:16.637807,2024-12-18 23:40:17.144411,0 days 00:00:00.506604,kmeans,presence,105,5,COMPLETE
121,0.167010881730278,2024-12-18 23:40:17.145425,2024-12-18 23:40:17.611445,0 days 00:00:00.466020,kmeans,presence,115,2,COMPLETE
122,0.1949967503757548,2024-12-18 23:40:17.612462,2024-12-18 23:40:18.062874,0 days 00:00:00.450412,kmeans,presence,120,2,COMPLETE
123,0.22016693250104166,2024-12-18 23:40:18.063883,2024-12-18 23:40:18.534677,0 days 00:00:00.470794,kmeans,presence,115,2,COMPLETE
124,0.14440888794055415,2024-12-18 23:40:18.535777,2024-12-18 23:40:19.026559,0 days 00:00:00.490782,kmeans,presence,110,2,COMPLETE
125,0.2112851813509242,2024-12-18 23:40:19.027575,2024-12-18 23:40:19.534430,0 days 00:00:00.506855,kmeans,presence,95,3,COMPLETE
126,0.21629760935449435,2024-12-18 23:40:19.535489,2024-12-18 23:40:19.955307,0 days 00:00:00.419818,kmeans,presence,120,9,COMPLETE
127,0.19537802816582064,2024-12-18 23:40:19.956326,2024-12-18 23:40:20.489903,0 days 00:00:00.533577,kmeans,presence,100,5,COMPLETE
128,0.21201377132587398,2024-12-18 23:40:20.491250,2024-12-18 23:40:21.043202,0 days 00:00:00.551952,kmeans,presence,80,2,COMPLETE
129,0.13944686771021675,2024-12-18 23:40:21.044153,2024-12-18 23:40:21.535081,0 days 00:00:00.490928,kmeans,presence,110,7,COMPLETE
130,0.2280225427894642,2024-12-18 23:40:21.536550,2024-12-18 23:40:21.986996,0 days 00:00:00.450446,kmeans,presence,115,4,COMPLETE
131,0.19246585724395068,2024-12-18 23:40:21.988384,2024-12-18 23:40:22.454152,0 days 00:00:00.465768,kmeans,presence,115,4,COMPLETE
132,0.16499054473898214,2024-12-18 23:40:22.455593,2024-12-18 23:40:22.908149,0 days 00:00:00.452556,kmeans,presence,115,4,COMPLETE
133,0.12222895462242793,2024-12-18 23:40:22.909508,2024-12-18 23:40:23.400071,0 days 00:00:00.490563,kmeans,presence,105,4,COMPLETE
134,0.14610642657698633,2024-12-18 23:40:23.401332,2024-12-18 23:40:23.821591,0 days 00:00:00.420259,kmeans,presence,120,4,COMPLETE
135,0.19924966229286323,2024-12-18 23:40:23.822910,2024-12-18 23:40:24.296284,0 days 00:00:00.473374,kmeans,presence,110,3,COMPLETE
136,0.1622066088441111,2024-12-18 23:40:24.297608,2024-12-18 23:40:24.895441,0 days 00:00:00.597833,kmeans,presence,35,4,COMPLETE
137,0.18030176975951762,2024-12-18 23:40:24.896772,2024-12-18 23:40:25.482982,0 days 00:00:00.586210,kmeans,presence,90,2,COMPLETE
138,0.10946225405057465,2024-12-18 23:40:25.484212,2024-12-18 23:40:25.960278,0 days 00:00:00.476066,kmeans,presence,115,5,COMPLETE
139,0.2032102523581829,2024-12-18 23:40:25.961959,2024-12-18 23:40:26.491670,0 days 00:00:00.529711,kmeans,presence,100,2,COMPLETE
140,0.24459734473657632,2024-12-18 23:40:26.493051,2024-12-18 23:40:27.031684,0 days 00:00:00.538633,kmeans,presence,85,6,COMPLETE
141,0.1822574140486829,2024-12-18 23:40:27.033058,2024-12-18 23:40:27.577807,0 days 00:00:00.544749,kmeans,presence,85,6,COMPLETE
142,0.14638922519454386,2024-12-18 23:40:27.578823,2024-12-18 23:40:28.130406,0 days 00:00:00.551583,kmeans,presence,95,6,COMPLETE
143,0.2823241606798171,2024-12-18 23:40:28.131451,2024-12-18 23:40:28.680954,0 days 00:00:00.549503,kmeans,presence,75,6,COMPLETE
144,0.2443368781861781,2024-12-18 23:40:28.681991,2024-12-18 23:40:29.213777,0 days 00:00:00.531786,kmeans,presence,90,6,COMPLETE
145,0.17694616993400117,2024-12-18 23:40:29.214862,2024-12-18 23:40:29.751555,0 days 00:00:00.536693,kmeans,presence,75,6,COMPLETE
146,0.14135699697135848,2024-12-18 23:40:29.752569,2024-12-18 23:40:30.293593,0 days 00:00:00.541024,kmeans,presence,85,6,COMPLETE
147,0.15918788414735244,2024-12-18 23:40:30.294645,2024-12-18 23:40:30.830408,0 days 00:00:00.535763,kmeans,presence,90,6,COMPLETE
148,0.20973663736610781,2024-12-18 23:40:30.831412,2024-12-18 23:40:31.365255,0 days 00:00:00.533843,kmeans,presence,80,6,COMPLETE
149,0.18778537831295242,2024-12-18 23:40:31.366637,2024-12-18 23:40:31.916089,0 days 00:00:00.549452,kmeans,presence,85,6,COMPLETE
150,0.23310316540575568,2024-12-18 23:40:31.917485,2024-12-18 23:40:32.441517,0 days 00:00:00.524032,kmeans,presence,90,6,COMPLETE
151,0.170665493865752,2024-12-18 23:40:32.442770,2024-12-18 23:40:32.979434,0 days 00:00:00.536664,kmeans,presence,90,6,COMPLETE
152,0.23203753560365747,2024-12-18 23:40:32.980761,2024-12-18 23:40:33.498369,0 days 00:00:00.517608,kmeans,presence,90,6,COMPLETE
153,0.19804085700218924,2024-12-18 23:40:33.499632,2024-12-18 23:40:34.041197,0 days 00:00:00.541565,kmeans,presence,90,6,COMPLETE
154,0.14637481263136648,2024-12-18 23:40:34.042521,2024-12-18 23:40:34.558144,0 days 00:00:00.515623,kmeans,presence,95,6,COMPLETE
155,0.13950693093368285,2024-12-18 23:40:34.559433,2024-12-18 23:40:35.069934,0 days 00:00:00.510501,kmeans,presence,90,6,COMPLETE
156,0.13317692611113072,2024-12-18 23:40:35.071275,2024-12-18 23:40:35.582963,0 days 00:00:00.511688,kmeans,presence,85,6,COMPLETE
157,0.14111411043770425,2024-12-18 23:40:35.584228,2024-12-18 23:40:36.103492,0 days 00:00:00.519264,kmeans,presence,80,7,COMPLETE
158,0.21204064106096207,2024-12-18 23:40:36.104824,2024-12-18 23:40:36.630659,0 days 00:00:00.525835,kmeans,presence,95,6,COMPLETE
159,0.17740798909041897,2024-12-18 23:40:36.632012,2024-12-18 23:40:37.192624,0 days 00:00:00.560612,kmeans,presence,75,7,COMPLETE
160,0.12644749379166464,2024-12-18 23:40:37.194044,2024-12-18 23:40:37.762114,0 days 00:00:00.568070,kmeans,presence,70,6,COMPLETE
161,0.15356101969887284,2024-12-18 23:40:37.763500,2024-12-18 23:40:38.290067,0 days 00:00:00.526567,kmeans,presence,85,6,COMPLETE
162,0.20450519573883152,2024-12-18 23:40:38.291344,2024-12-18 23:40:38.806042,0 days 00:00:00.514698,kmeans,presence,95,5,COMPLETE
163,0.21040209641995242,2024-12-18 23:40:38.807439,2024-12-18 23:40:39.337291,0 days 00:00:00.529852,kmeans,presence,90,6,COMPLETE
164,0.2028496195147058,2024-12-18 23:40:39.338628,2024-12-18 23:40:39.859550,0 days 00:00:00.520922,kmeans,presence,85,8,COMPLETE
165,0.2481132730077952,2024-12-18 23:40:39.860935,2024-12-18 23:40:40.451528,0 days 00:00:00.590593,kmeans,presence,30,5,COMPLETE
166,0.1916721940876829,2024-12-18 23:40:40.452841,2024-12-18 23:40:41.054725,0 days 00:00:00.601884,kmeans,presence,30,5,COMPLETE
167,0.2979398970583935,2024-12-18 23:40:41.056006,2024-12-18 23:40:41.664144,0 days 00:00:00.608138,kmeans,presence,25,5,COMPLETE
168,0.1607473859153802,2024-12-18 23:40:41.665168,2024-12-18 23:40:42.258781,0 days 00:00:00.593613,kmeans,presence,25,5,COMPLETE
169,0.14538539884865606,2024-12-18 23:40:42.260209,2024-12-18 23:40:42.860887,0 days 00:00:00.600678,kmeans,presence,20,7,COMPLETE
170,0.09960872215251813,2024-12-18 23:40:42.862148,2024-12-18 23:40:43.470059,0 days 00:00:00.607911,kmeans,presence,25,5,COMPLETE
171,0.14143470185492155,2024-12-18 23:40:43.471360,2024-12-18 23:40:44.050905,0 days 00:00:00.579545,kmeans,presence,30,5,COMPLETE
172,0.12490235129829531,2024-12-18 23:40:44.052298,2024-12-18 23:40:44.629301,0 days 00:00:00.577003,kmeans,presence,35,5,COMPLETE
173,0.1113890691356552,2024-12-18 23:40:44.630689,2024-12-18 23:40:45.209215,0 days 00:00:00.578526,kmeans,presence,40,7,COMPLETE
174,0.3025431201762652,2024-12-18 23:40:45.210225,2024-12-18 23:40:45.809517,0 days 00:00:00.599292,kmeans,presence,20,10,COMPLETE
175,0.13238733328284247,2024-12-18 23:40:45.810585,2024-12-18 23:40:46.413613,0 days 00:00:00.603028,kmeans,presence,25,10,COMPLETE
176,0.18298956247834494,2024-12-18 23:40:46.414694,2024-12-18 23:40:47.032110,0 days 00:00:00.617416,kmeans,presence,15,10,COMPLETE
177,0.22718484805192066,2024-12-18 23:40:47.033530,2024-12-18 23:40:47.643437,0 days 00:00:00.609907,kmeans,presence,20,6,COMPLETE
178,0.236006363220332,2024-12-18 23:40:47.644837,2024-12-18 23:40:48.242745,0 days 00:00:00.597908,kmeans,presence,30,9,COMPLETE
179,0.15720895237347068,2024-12-18 23:40:48.243842,2024-12-18 23:40:48.883389,0 days 00:00:00.639547,kmeans,presence,15,9,COMPLETE
180,0.18363981015685923,2024-12-18 23:40:48.884379,2024-12-18 23:40:49.475510,0 days 00:00:00.591131,kmeans,presence,30,10,COMPLETE
181,0.14213140353073717,2024-12-18 23:40:49.476899,2024-12-18 23:40:50.076293,0 days 00:00:00.599394,kmeans,presence,35,9,COMPLETE
182,0.24473924271684677,2024-12-18 23:40:50.077681,2024-12-18 23:40:50.714803,0 days 00:00:00.637122,kmeans,presence,20,9,COMPLETE
183,0.1267053864871424,2024-12-18 23:40:50.716102,2024-12-18 23:40:51.330705,0 days 00:00:00.614603,kmeans,presence,20,9,COMPLETE
184,0.22998230781133575,2024-12-18 23:40:51.332123,2024-12-18 23:40:51.944975,0 days 00:00:00.612852,kmeans,presence,15,9,COMPLETE
185,0.09952215853114373,2024-12-18 23:40:51.946265,2024-12-18 23:40:52.544042,0 days 00:00:00.597777,kmeans,presence,25,9,COMPLETE
186,0.1551769211592028,2024-12-18 23:40:52.545446,2024-12-18 23:40:53.166146,0 days 00:00:00.620700,kmeans,presence,20,8,COMPLETE
187,0.27330573178031825,2024-12-18 23:40:53.167437,2024-12-18 23:40:53.756458,0 days 00:00:00.589021,kmeans,presence,30,9,COMPLETE
188,0.2396049899730497,2024-12-18 23:40:53.757826,2024-12-18 23:40:54.352666,0 days 00:00:00.594840,kmeans,presence,25,9,COMPLETE
189,0.17726919903766392,2024-12-18 23:40:54.353951,2024-12-18 23:40:54.951959,0 days 00:00:00.598008,kmeans,presence,30,9,COMPLETE
190,0.1276647388807102,2024-12-18 23:40:54.953244,2024-12-18 23:40:55.548160,0 days 00:00:00.594916,kmeans,presence,25,9,COMPLETE
191,0.1416746294330374,2024-12-18 23:40:55.549565,2024-12-18 23:40:56.157445,0 days 00:00:00.607880,kmeans,presence,30,9,COMPLETE
192,0.18915634334407527,2024-12-18 23:40:56.158775,2024-12-18 23:40:56.752222,0 days 00:00:00.593447,kmeans,presence,25,9,COMPLETE
193,0.13649251213562297,2024-12-18 23:40:56.753512,2024-12-18 23:40:57.351331,0 days 00:00:00.597819,kmeans,presence,30,9,COMPLETE
194,0.13337165535818793,2024-12-18 23:40:57.352754,2024-12-18 23:40:57.983611,0 days 00:00:00.630857,kmeans,presence,10,10,COMPLETE
195,0.13417893934594338,2024-12-18 23:40:57.985030,2024-12-18 23:40:58.586899,0 days 00:00:00.601869,kmeans,presence,35,9,COMPLETE
196,0.21592141927121591,2024-12-18 23:40:58.587815,2024-12-18 23:40:59.192673,0 days 00:00:00.604858,kmeans,presence,20,8,COMPLETE
197,0.21597862329516238,2024-12-18 23:40:59.194052,2024-12-18 23:40:59.793848,0 days 00:00:00.599796,kmeans,presence,30,9,COMPLETE
198,0.23335348201799264,2024-12-18 23:40:59.794954,2024-12-18 23:41:00.402392,0 days 00:00:00.607438,kmeans,presence,20,10,COMPLETE
199,0.24710855857641478,2024-12-18 23:41:00.403778,2024-12-18 23:41:00.989988,0 days 00:00:00.586210,kmeans,presence,35,9,COMPLETE
200,0.23288718948215945,2024-12-18 23:41:00.991367,2024-12-18 23:41:01.585146,0 days 00:00:00.593779,kmeans,presence,35,9,COMPLETE
201,0.16228750277418633,2024-12-18 23:41:01.586480,2024-12-18 23:41:02.212218,0 days 00:00:00.625738,kmeans,presence,25,9,COMPLETE
202,0.19629285730238918,2024-12-18 23:41:02.213331,2024-12-18 23:41:02.817679,0 days 00:00:00.604348,kmeans,presence,35,9,COMPLETE
203,0.1454578458739554,2024-12-18 23:41:02.819099,2024-12-18 23:41:03.437425,0 days 00:00:00.618326,kmeans,presence,40,9,COMPLETE
204,0.14944146040697046,2024-12-18 23:41:03.438792,2024-12-18 23:41:04.056049,0 days 00:00:00.617257,kmeans,presence,40,8,COMPLETE
205,0.17345727229693889,2024-12-18 23:41:04.057442,2024-12-18 23:41:04.689047,0 days 00:00:00.631605,kmeans,presence,25,9,COMPLETE
206,0.17175031209641523,2024-12-18 23:41:04.690417,2024-12-18 23:41:05.300564,0 days 00:00:00.610147,kmeans,presence,35,10,COMPLETE
207,0.17217114667567426,2024-12-18 23:41:05.301842,2024-12-18 23:41:05.952135,0 days 00:00:00.650293,kmeans,presence,30,9,COMPLETE
208,0.20209024761917935,2024-12-18 23:41:05.953544,2024-12-18 23:41:06.586079,0 days 00:00:00.632535,kmeans,presence,25,8,COMPLETE
209,0.12794301605963412,2024-12-18 23:41:06.587633,2024-12-18 23:41:07.216048,0 days 00:00:00.628415,kmeans,presence,35,9,COMPLETE
210,0.19678194859116652,2024-12-18 23:41:07.217477,2024-12-18 23:41:07.762992,0 days 00:00:00.545515,kmeans,presence,75,5,COMPLETE
211,0.18462661559891122,2024-12-18 23:41:07.764401,2024-12-18 23:41:08.387124,0 days 00:00:00.622723,kmeans,presence,20,10,COMPLETE
212,0.20877667944712996,2024-12-18 23:41:08.388546,2024-12-18 23:41:09.019872,0 days 00:00:00.631326,kmeans,presence,15,10,COMPLETE
213,0.2442700237752712,2024-12-18 23:41:09.021201,2024-12-18 23:41:09.642208,0 days 00:00:00.621007,kmeans,presence,25,10,COMPLETE
214,0.15162876048841195,2024-12-18 23:41:09.643608,2024-12-18 23:41:10.251084,0 days 00:00:00.607476,kmeans,presence,25,10,COMPLETE
215,0.20390311153619256,2024-12-18 23:41:10.252403,2024-12-18 23:41:10.854938,0 days 00:00:00.602535,kmeans,presence,30,10,COMPLETE
216,0.22035572083695423,2024-12-18 23:41:10.856225,2024-12-18 23:41:11.462395,0 days 00:00:00.606170,kmeans,presence,20,6,COMPLETE
217,0.1708937598294967,2024-12-18 23:41:11.463788,2024-12-18 23:41:12.061683,0 days 00:00:00.597895,kmeans,presence,30,9,COMPLETE
218,0.1854920812769468,2024-12-18 23:41:12.063118,2024-12-18 23:41:12.655581,0 days 00:00:00.592463,kmeans,presence,30,9,COMPLETE
219,0.20653874935151958,2024-12-18 23:41:12.656675,2024-12-18 23:41:13.269499,0 days 00:00:00.612824,kmeans,presence,25,6,COMPLETE
220,0.16922022403260542,2024-12-18 23:41:13.270893,2024-12-18 23:41:13.801389,0 days 00:00:00.530496,kmeans,presence,100,5,COMPLETE
221,0.10543582181621876,2024-12-18 23:41:13.802749,2024-12-18 23:41:14.433726,0 days 00:00:00.630977,kmeans,presence,20,10,COMPLETE
222,0.21726667118927998,2024-12-18 23:41:14.435107,2024-12-18 23:41:15.106712,0 days 00:00:00.671605,kmeans,presence,20,10,COMPLETE
223,0.165909375280481,2024-12-18 23:41:15.108145,2024-12-18 23:41:15.760640,0 days 00:00:00.652495,kmeans,presence,15,8,COMPLETE
224,0.15907075362600373,2024-12-18 23:41:15.761938,2024-12-18 23:41:16.396078,0 days 00:00:00.634140,kmeans,presence,25,10,COMPLETE
225,0.22488494357857958,2024-12-18 23:41:16.397483,2024-12-18 23:41:16.956429,0 days 00:00:00.558946,kmeans,presence,80,6,COMPLETE
226,0.1802748573301685,2024-12-18 23:41:16.957994,2024-12-18 23:41:17.566515,0 days 00:00:00.608521,kmeans,presence,30,10,COMPLETE
227,0.18088838855719938,2024-12-18 23:41:17.567517,2024-12-18 23:41:18.005682,0 days 00:00:00.438165,kmeans,presence,120,9,COMPLETE
228,0.22640978023200464,2024-12-18 23:41:18.007091,2024-12-18 23:41:18.604335,0 days 00:00:00.597244,kmeans,presence,25,10,COMPLETE
229,0.1776113896196901,2024-12-18 23:41:18.605590,2024-12-18 23:41:19.169961,0 days 00:00:00.564371,kmeans,presence,60,10,COMPLETE
230,0.22584577392778526,2024-12-18 23:41:19.171377,2024-12-18 23:41:19.788972,0 days 00:00:00.617595,kmeans,presence,20,5,COMPLETE
231,0.2109095199050632,2024-12-18 23:41:19.790497,2024-12-18 23:41:20.308569,0 days 00:00:00.518072,kmeans,presence,90,6,COMPLETE
232,0.23032394248416957,2024-12-18 23:41:20.309991,2024-12-18 23:41:20.832287,0 days 00:00:00.522296,kmeans,presence,95,6,COMPLETE
233,0.1417080884238739,2024-12-18 23:41:20.833429,2024-12-18 23:41:21.420177,0 days 00:00:00.586748,kmeans,presence,45,6,COMPLETE
234,0.2213593515200114,2024-12-18 23:41:21.421565,2024-12-18 23:41:21.937731,0 days 00:00:00.516166,kmeans,presence,90,6,COMPLETE
235,0.22004454716738578,2024-12-18 23:41:21.939000,2024-12-18 23:41:22.510386,0 days 00:00:00.571386,kmeans,presence,85,6,COMPLETE
236,0.2632190124468172,2024-12-18 23:41:22.511519,2024-12-18 23:41:23.054091,0 days 00:00:00.542572,kmeans,presence,95,9,COMPLETE
237,0.16895425850478715,2024-12-18 23:41:23.055507,2024-12-18 23:41:23.624498,0 days 00:00:00.568991,kmeans,presence,95,9,COMPLETE
238,0.1713686074327397,2024-12-18 23:41:23.625869,2024-12-18 23:41:24.227550,0 days 00:00:00.601681,kmeans,presence,30,9,COMPLETE
239,0.1428036878971661,2024-12-18 23:41:24.228949,2024-12-18 23:41:24.742247,0 days 00:00:00.513298,kmeans,presence,95,9,COMPLETE
240,0.2203075088778185,2024-12-18 23:41:24.743612,2024-12-18 23:41:25.338593,0 days 00:00:00.594981,kmeans,presence,35,9,COMPLETE
241,0.0909801836998377,2024-12-18 23:41:25.340167,2024-12-18 23:41:25.882339,0 days 00:00:00.542172,kmeans,presence,95,9,COMPLETE
242,0.15068147058922762,2024-12-18 23:41:25.883712,2024-12-18 23:41:26.424288,0 days 00:00:00.540576,kmeans,presence,85,6,COMPLETE
243,0.20166195019476343,2024-12-18 23:41:26.425343,2024-12-18 23:41:26.954856,0 days 00:00:00.529513,kmeans,presence,90,9,COMPLETE
244,0.161547017074981,2024-12-18 23:41:26.956315,2024-12-18 23:41:27.516530,0 days 00:00:00.560215,kmeans,presence,70,6,COMPLETE
245,0.1445485510965048,2024-12-18 23:41:27.517942,2024-12-18 23:41:28.067973,0 days 00:00:00.550031,kmeans,presence,100,10,COMPLETE
246,0.1316388911104856,2024-12-18 23:41:28.069438,2024-12-18 23:41:28.607562,0 days 00:00:00.538124,kmeans,presence,90,6,COMPLETE
247,0.2154781879807052,2024-12-18 23:41:28.608958,2024-12-18 23:41:29.132389,0 days 00:00:00.523431,kmeans,presence,90,9,COMPLETE
248,0.15908340180710112,2024-12-18 23:41:29.133456,2024-12-18 23:41:29.741036,0 days 00:00:00.607580,kmeans,presence,15,5,COMPLETE
249,0.115398301668944,2024-12-18 23:41:29.742424,2024-12-18 23:41:30.397229,0 days 00:00:00.654805,kmeans,presence,20,7,COMPLETE
250,0.14921318523428706,2024-12-18 23:41:30.398642,2024-12-18 23:41:31.024248,0 days 00:00:00.625606,kmeans,presence,25,9,COMPLETE
251,0.22292347168092644,2024-12-18 23:41:31.025781,2024-12-18 23:41:31.607852,0 days 00:00:00.582071,kmeans,presence,40,3,COMPLETE
252,0.1898024066771015,2024-12-18 23:41:31.609307,2024-12-18 23:41:32.150190,0 days 00:00:00.540883,kmeans,presence,90,6,COMPLETE
253,0.18243401816397653,2024-12-18 23:41:32.151582,2024-12-18 23:41:32.729234,0 days 00:00:00.577652,kmeans,presence,65,10,COMPLETE
254,0.15415092197846447,2024-12-18 23:41:32.730514,2024-12-18 23:41:33.270366,0 days 00:00:00.539852,kmeans,presence,85,7,COMPLETE
255,0.17254805429953565,2024-12-18 23:41:33.271623,2024-12-18 23:41:33.808262,0 days 00:00:00.536639,kmeans,presence,95,8,COMPLETE
256,0.14480124845606787,2024-12-18 23:41:33.809633,2024-12-18 23:41:34.410493,0 days 00:00:00.600860,kmeans,presence,25,9,COMPLETE
257,0.15805033508230668,2024-12-18 23:41:34.411758,2024-12-18 23:41:34.848796,0 days 00:00:00.437038,kmeans,presence,120,5,COMPLETE
258,0.11312276645325363,2024-12-18 23:41:34.850184,2024-12-18 23:41:35.436113,0 days 00:00:00.585929,kmeans,presence,35,6,COMPLETE
259,0.2512199030983436,2024-12-18 23:41:35.437507,2024-12-18 23:41:35.992605,0 days 00:00:00.555098,kmeans,presence,70,9,COMPLETE
260,0.17573020414572885,2024-12-18 23:41:35.993692,2024-12-18 23:41:36.547763,0 days 00:00:00.554071,kmeans,presence,75,9,COMPLETE
261,0.16343593895164518,2024-12-18 23:41:36.549067,2024-12-18 23:41:37.120576,0 days 00:00:00.571509,kmeans,presence,65,9,COMPLETE
262,0.15250814645823596,2024-12-18 23:41:37.121605,2024-12-18 23:41:37.678670,0 days 00:00:00.557065,kmeans,presence,70,9,COMPLETE
263,0.18461405122459706,2024-12-18 23:41:37.680103,2024-12-18 23:41:38.297694,0 days 00:00:00.617591,kmeans,presence,30,9,COMPLETE
264,0.11169040417027161,2024-12-18 23:41:38.299081,2024-12-18 23:41:38.918212,0 days 00:00:00.619131,kmeans,presence,65,10,COMPLETE
265,0.13833391317261215,2024-12-18 23:41:38.919674,2024-12-18 23:41:39.551517,0 days 00:00:00.631843,kmeans,presence,20,3,COMPLETE
266,0.14944385326123832,2024-12-18 23:41:39.552821,2024-12-18 23:41:40.135521,0 days 00:00:00.582700,kmeans,presence,70,9,COMPLETE
267,0.15464473566678413,2024-12-18 23:41:40.136682,2024-12-18 23:41:40.744524,0 days 00:00:00.607842,kmeans,presence,25,9,COMPLETE
268,0.2027887231892959,2024-12-18 23:41:40.745833,2024-12-18 23:41:41.295215,0 days 00:00:00.549382,kmeans,presence,75,8,COMPLETE
269,0.14569570498666504,2024-12-18 23:41:41.296542,2024-12-18 23:41:41.899392,0 days 00:00:00.602850,kmeans,presence,30,9,COMPLETE
270,0.13974795510517793,2024-12-18 23:41:41.900654,2024-12-18 23:41:42.521572,0 days 00:00:00.620918,kmeans,presence,10,10,COMPLETE
271,0.13142213303943331,2024-12-18 23:41:42.522942,2024-12-18 23:41:43.166507,0 days 00:00:00.643565,kmeans,presence,20,4,COMPLETE
272,0.19999314487677036,2024-12-18 23:41:43.167899,2024-12-18 23:41:43.742904,0 days 00:00:00.575005,kmeans,presence,40,2,COMPLETE
273,0.25832379636685426,2024-12-18 23:41:43.744322,2024-12-18 23:41:44.262750,0 days 00:00:00.518428,kmeans,presence,100,9,COMPLETE
274,0.14292309817886603,2024-12-18 23:41:44.264441,2024-12-18 23:41:44.771773,0 days 00:00:00.507332,kmeans,presence,100,9,COMPLETE
275,0.29831865923545364,2024-12-18 23:41:44.773196,2024-12-18 23:41:45.279918,0 days 00:00:00.506722,kmeans,presence,100,9,COMPLETE
276,0.1066416802749115,2024-12-18 23:41:45.281246,2024-12-18 23:41:45.789889,0 days 00:00:00.508643,kmeans,presence,105,9,COMPLETE
277,0.181406811983965,2024-12-18 23:41:45.791297,2024-12-18 23:41:46.327837,0 days 00:00:00.536540,kmeans,presence,100,9,COMPLETE
278,0.1521348056107838,2024-12-18 23:41:46.329254,2024-12-18 23:41:46.822448,0 days 00:00:00.493194,kmeans,presence,105,9,COMPLETE
279,0.1862175784896556,2024-12-18 23:41:46.823756,2024-12-18 23:41:47.334140,0 days 00:00:00.510384,kmeans,presence,100,9,COMPLETE
280,0.17140715771532142,2024-12-18 23:41:47.335410,2024-12-18 23:41:47.838419,0 days 00:00:00.503009,kmeans,presence,105,9,COMPLETE
281,0.17608074893514614,2024-12-18 23:41:47.839798,2024-12-18 23:41:48.353743,0 days 00:00:00.513945,kmeans,presence,100,9,COMPLETE
282,0.27194476506700505,2024-12-18 23:41:48.355183,2024-12-18 23:41:48.840061,0 days 00:00:00.484878,kmeans,presence,110,9,COMPLETE
283,0.1787509745238877,2024-12-18 23:41:48.841167,2024-12-18 23:41:49.335572,0 days 00:00:00.494405,kmeans,presence,110,8,COMPLETE
284,0.14492516112513817,2024-12-18 23:41:49.336960,2024-12-18 23:41:49.812752,0 days 00:00:00.475792,kmeans,presence,110,9,COMPLETE
285,0.1464761349616206,2024-12-18 23:41:49.814144,2024-12-18 23:41:50.307254,0 days 00:00:00.493110,kmeans,presence,110,9,COMPLETE
286,0.09972186809029082,2024-12-18 23:41:50.308648,2024-12-18 23:41:50.761574,0 days 00:00:00.452926,kmeans,presence,115,9,COMPLETE
287,0.1348242959258775,2024-12-18 23:41:50.762867,2024-12-18 23:41:51.300945,0 days 00:00:00.538078,kmeans,presence,95,8,COMPLETE
288,0.12050285250881365,2024-12-18 23:41:51.302450,2024-12-18 23:41:51.815250,0 days 00:00:00.512800,kmeans,presence,105,3,COMPLETE
289,0.2154876993908442,2024-12-18 23:41:51.816667,2024-12-18 23:41:52.272640,0 days 00:00:00.455973,kmeans,presence,120,9,COMPLETE
290,0.14530624774763445,2024-12-18 23:41:52.274047,2024-12-18 23:41:52.861152,0 days 00:00:00.587105,kmeans,presence,55,2,COMPLETE
291,0.1471231894903498,2024-12-18 23:41:52.862428,2024-12-18 23:41:53.373018,0 days 00:00:00.510590,kmeans,presence,105,6,COMPLETE
292,0.19861046475692246,2024-12-18 23:41:53.374288,2024-12-18 23:41:53.851227,0 days 00:00:00.476939,kmeans,presence,110,9,COMPLETE
293,0.13012445516807739,2024-12-18 23:41:53.852519,2024-12-18 23:41:54.369021,0 days 00:00:00.516502,kmeans,presence,100,8,COMPLETE
294,0.16537556213732268,2024-12-18 23:41:54.370382,2024-12-18 23:41:54.935674,0 days 00:00:00.565292,kmeans,presence,70,9,COMPLETE
295,0.13550921768153604,2024-12-18 23:41:54.937070,2024-12-18 23:41:55.480575,0 days 00:00:00.543505,kmeans,presence,80,6,COMPLETE
296,0.31613077976288956,2024-12-18 23:41:55.482136,2024-12-18 23:41:55.956995,0 days 00:00:00.474859,kmeans,presence,115,7,COMPLETE
297,0.15455304935760658,2024-12-18 23:41:55.958587,2024-12-18 23:41:56.432215,0 days 00:00:00.473628,kmeans,presence,115,7,COMPLETE
298,0.14069756887201582,2024-12-18 23:41:56.433620,2024-12-18 23:41:56.862296,0 days 00:00:00.428676,kmeans,presence,120,8,COMPLETE
299,0.17136625703112052,2024-12-18 23:41:56.863659,2024-12-18 23:41:57.408396,0 days 00:00:00.544737,kmeans,presence,95,7,COMPLETE
300,0.16934042673071925,2024-12-18 23:41:57.409773,2024-12-18 23:41:57.889356,0 days 00:00:00.479583,kmeans,presence,115,7,COMPLETE
301,0.17161799784112933,2024-12-18 23:41:57.890771,2024-12-18 23:41:58.357338,0 days 00:00:00.466567,kmeans,presence,115,4,COMPLETE
302,0.18285985400845606,2024-12-18 23:41:58.358611,2024-12-18 23:41:58.836357,0 days 00:00:00.477746,kmeans,presence,110,6,COMPLETE
303,0.18721857760759297,2024-12-18 23:41:58.837637,2024-12-18 23:41:59.364766,0 days 00:00:00.527129,kmeans,presence,95,6,COMPLETE
304,0.15837050834020483,2024-12-18 23:41:59.366152,2024-12-18 23:41:59.794066,0 days 00:00:00.427914,kmeans,presence,120,2,COMPLETE
305,0.23699266475884903,2024-12-18 23:41:59.795360,2024-12-18 23:42:00.380858,0 days 00:00:00.585498,kmeans,presence,60,7,COMPLETE
306,0.2963150919206268,2024-12-18 23:42:00.382270,2024-12-18 23:42:00.855585,0 days 00:00:00.473315,kmeans,presence,115,4,COMPLETE
307,0.11099894402961479,2024-12-18 23:42:00.856961,2024-12-18 23:42:01.408974,0 days 00:00:00.552013,kmeans,presence,75,4,COMPLETE
308,0.21403347406411197,2024-12-18 23:42:01.410385,2024-12-18 23:42:01.884710,0 days 00:00:00.474325,kmeans,presence,110,4,COMPLETE
309,0.16816499496408274,2024-12-18 23:42:01.886099,2024-12-18 23:42:02.520409,0 days 00:00:00.634310,kmeans,presence,35,3,COMPLETE
310,0.18955415205297,2024-12-18 23:42:02.521644,2024-12-18 23:42:03.053215,0 days 00:00:00.531571,kmeans,presence,100,4,COMPLETE
311,0.14211841638936876,2024-12-18 23:42:03.054632,2024-12-18 23:42:03.653285,0 days 00:00:00.598653,kmeans,presence,35,3,COMPLETE
312,0.28635040641782217,2024-12-18 23:42:03.654368,2024-12-18 23:42:04.184974,0 days 00:00:00.530606,kmeans,presence,95,7,COMPLETE
313,0.15272533546833364,2024-12-18 23:42:04.186148,2024-12-18 23:42:04.723814,0 days 00:00:00.537666,kmeans,presence,95,7,COMPLETE
314,0.14425723147992586,2024-12-18 23:42:04.725122,2024-12-18 23:42:05.242475,0 days 00:00:00.517353,kmeans,presence,95,7,COMPLETE
315,0.17518852804869986,2024-12-18 23:42:05.243860,2024-12-18 23:42:05.779059,0 days 00:00:00.535199,kmeans,presence,100,7,COMPLETE
316,0.19570962333098663,2024-12-18 23:42:05.780403,2024-12-18 23:42:06.299723,0 days 00:00:00.519320,kmeans,presence,90,7,COMPLETE
317,0.1902995326738294,2024-12-18 23:42:06.301135,2024-12-18 23:42:06.826319,0 days 00:00:00.525184,kmeans,presence,95,7,COMPLETE
318,0.1683169078602359,2024-12-18 23:42:06.827625,2024-12-18 23:42:07.401967,0 days 00:00:00.574342,kmeans,presence,70,9,COMPLETE
319,0.15117918689891593,2024-12-18 23:42:07.403266,2024-12-18 23:42:07.946305,0 days 00:00:00.543039,kmeans,presence,85,7,COMPLETE
320,0.24760674786586181,2024-12-18 23:42:07.947767,2024-12-18 23:42:08.522184,0 days 00:00:00.574417,kmeans,presence,80,8,COMPLETE
321,0.18724607733724308,2024-12-18 23:42:08.523404,2024-12-18 23:42:09.097910,0 days 00:00:00.574506,kmeans,presence,80,8,COMPLETE
322,0.17698490360641403,2024-12-18 23:42:09.099380,2024-12-18 23:42:09.663098,0 days 00:00:00.563718,kmeans,presence,80,8,COMPLETE
323,0.16836376791995442,2024-12-18 23:42:09.664560,2024-12-18 23:42:10.235629,0 days 00:00:00.571069,kmeans,presence,75,7,COMPLETE
324,0.11192516935681669,2024-12-18 23:42:10.236720,2024-12-18 23:42:10.774957,0 days 00:00:00.538237,kmeans,presence,85,8,COMPLETE
325,0.20331798069528895,2024-12-18 23:42:10.776058,2024-12-18 23:42:11.339035,0 days 00:00:00.562977,kmeans,presence,80,8,COMPLETE
326,0.1756967211132976,2024-12-18 23:42:11.340442,2024-12-18 23:42:11.886837,0 days 00:00:00.546395,kmeans,presence,85,9,COMPLETE
327,0.18445950149993884,2024-12-18 23:42:11.888233,2024-12-18 23:42:12.439609,0 days 00:00:00.551376,kmeans,presence,80,4,COMPLETE
328,0.12835481854962513,2024-12-18 23:42:12.440655,2024-12-18 23:42:12.997637,0 days 00:00:00.556982,kmeans,presence,90,9,COMPLETE
329,0.13291324072010222,2024-12-18 23:42:12.998727,2024-12-18 23:42:13.549907,0 days 00:00:00.551180,kmeans,presence,75,9,COMPLETE
330,0.18853753148619443,2024-12-18 23:42:13.551220,2024-12-18 23:42:14.087139,0 days 00:00:00.535919,kmeans,presence,85,9,COMPLETE
331,0.1650724568654128,2024-12-18 23:42:14.088542,2024-12-18 23:42:14.625348,0 days 00:00:00.536806,kmeans,presence,90,5,COMPLETE
332,0.15153708174340766,2024-12-18 23:42:14.626752,2024-12-18 23:42:15.198768,0 days 00:00:00.572016,kmeans,presence,75,3,COMPLETE
333,0.24850077756001943,2024-12-18 23:42:15.200219,2024-12-18 23:42:15.820156,0 days 00:00:00.619937,kmeans,presence,40,7,COMPLETE
334,0.2397435329721781,2024-12-18 23:42:15.821583,2024-12-18 23:42:16.450065,0 days 00:00:00.628482,kmeans,presence,35,7,COMPLETE
335,0.1284111504047841,2024-12-18 23:42:16.451472,2024-12-18 23:42:17.081442,0 days 00:00:00.629970,kmeans,presence,40,7,COMPLETE
336,0.14074126017900465,2024-12-18 23:42:17.082885,2024-12-18 23:42:17.679784,0 days 00:00:00.596899,kmeans,presence,45,7,COMPLETE
337,0.3207281140855635,2024-12-18 23:42:17.681229,2024-12-18 23:42:18.284501,0 days 00:00:00.603272,kmeans,presence,40,7,COMPLETE
338,0.18901822170139082,2024-12-18 23:42:18.285803,2024-12-18 23:42:18.868935,0 days 00:00:00.583132,kmeans,presence,40,7,COMPLETE
339,0.19367951379083007,2024-12-18 23:42:18.870347,2024-12-18 23:42:19.455086,0 days 00:00:00.584739,kmeans,presence,50,7,COMPLETE
340,0.24903323254567486,2024-12-18 23:42:19.456594,2024-12-18 23:42:20.105437,0 days 00:00:00.648843,kmeans,presence,40,7,COMPLETE
341,0.13555401833664507,2024-12-18 23:42:20.106813,2024-12-18 23:42:20.719017,0 days 00:00:00.612204,kmeans,presence,40,7,COMPLETE
342,0.1858378339121132,2024-12-18 23:42:20.720436,2024-12-18 23:42:21.362415,0 days 00:00:00.641979,kmeans,presence,45,7,COMPLETE
343,0.20183607716745192,2024-12-18 23:42:21.363891,2024-12-18 23:42:21.965064,0 days 00:00:00.601173,kmeans,presence,45,7,COMPLETE
344,0.11842625740395844,2024-12-18 23:42:21.966715,2024-12-18 23:42:22.563168,0 days 00:00:00.596453,kmeans,presence,45,7,COMPLETE
345,0.21137597593775162,2024-12-18 23:42:22.564517,2024-12-18 23:42:23.180957,0 days 00:00:00.616440,kmeans,presence,40,7,COMPLETE
346,0.21690609735553693,2024-12-18 23:42:23.182308,2024-12-18 23:42:23.765395,0 days 00:00:00.583087,kmeans,presence,40,7,COMPLETE
347,0.09890334204805185,2024-12-18 23:42:23.766843,2024-12-18 23:42:24.391237,0 days 00:00:00.624394,kmeans,presence,40,7,COMPLETE
348,0.15696874512270975,2024-12-18 23:42:24.392698,2024-12-18 23:42:25.020554,0 days 00:00:00.627856,kmeans,presence,35,7,COMPLETE
349,0.11995506143387254,2024-12-18 23:42:25.022115,2024-12-18 23:42:25.622401,0 days 00:00:00.600286,kmeans,presence,35,7,COMPLETE
350,0.16570665573017893,2024-12-18 23:42:25.623832,2024-12-18 23:42:26.255137,0 days 00:00:00.631305,kmeans,presence,40,7,COMPLETE
351,0.1454121816099206,2024-12-18 23:42:26.256446,2024-12-18 23:42:26.774215,0 days 00:00:00.517769,kmeans,presence,100,8,COMPLETE
352,0.18457837841129934,2024-12-18 23:42:26.775662,2024-12-18 23:42:27.398853,0 days 00:00:00.623191,kmeans,presence,35,7,COMPLETE
353,0.13316498998230727,2024-12-18 23:42:27.400377,2024-12-18 23:42:28.030404,0 days 00:00:00.630027,kmeans,presence,50,5,COMPLETE
354,0.1882887379526993,2024-12-18 23:42:28.031820,2024-12-18 23:42:28.603397,0 days 00:00:00.571577,kmeans,presence,65,4,COMPLETE
355,0.161572469095455,2024-12-18 23:42:28.604853,2024-12-18 23:42:29.123595,0 days 00:00:00.518742,kmeans,presence,105,7,COMPLETE
356,0.21046102914693007,2024-12-18 23:42:29.124881,2024-12-18 23:42:29.573702,0 days 00:00:00.448821,kmeans,presence,120,8,COMPLETE
357,0.0928265694677315,2024-12-18 23:42:29.575211,2024-12-18 23:42:30.164602,0 days 00:00:00.589391,kmeans,presence,40,3,COMPLETE
358,0.15243915009544215,2024-12-18 23:42:30.166031,2024-12-18 23:42:30.671778,0 days 00:00:00.505747,kmeans,presence,105,7,COMPLETE
359,0.1764457509861345,2024-12-18 23:42:30.673096,2024-12-18 23:42:31.229967,0 days 00:00:00.556871,kmeans,presence,70,8,COMPLETE
360,0.1829676844694761,2024-12-18 23:42:31.231124,2024-12-18 23:42:31.688924,0 days 00:00:00.457800,kmeans,presence,115,4,COMPLETE
361,0.1695013033261407,2024-12-18 23:42:31.690107,2024-12-18 23:42:32.279191,0 days 00:00:00.589084,kmeans,presence,35,7,COMPLETE
362,0.15610681580672442,2024-12-18 23:42:32.280556,2024-12-18 23:42:32.789016,0 days 00:00:00.508460,kmeans,presence,100,9,COMPLETE
363,0.14673559505498115,2024-12-18 23:42:32.790367,2024-12-18 23:42:33.478897,0 days 00:00:00.688530,kmeans,presence,5,9,COMPLETE
364,0.14952140044853027,2024-12-18 23:42:33.480403,2024-12-18 23:42:34.056924,0 days 00:00:00.576521,kmeans,presence,45,7,COMPLETE
365,0.16900766413334103,2024-12-18 23:42:34.058132,2024-12-18 23:42:34.624727,0 days 00:00:00.566595,kmeans,presence,70,8,COMPLETE
366,0.1069622671276577,2024-12-18 23:42:34.626019,2024-12-18 23:42:35.217078,0 days 00:00:00.591059,kmeans,presence,40,5,COMPLETE
367,0.18282673436028773,2024-12-18 23:42:35.218505,2024-12-18 23:42:35.821390,0 days 00:00:00.602885,kmeans,presence,30,9,COMPLETE
368,0.18465700258894313,2024-12-18 23:42:35.822732,2024-12-18 23:42:36.295379,0 days 00:00:00.472647,kmeans,presence,115,7,COMPLETE
369,0.31333236627214106,2024-12-18 23:42:36.296822,2024-12-18 23:42:36.720417,0 days 00:00:00.423595,kmeans,presence,120,9,COMPLETE
370,0.2168554712586904,2024-12-18 23:42:36.721753,2024-12-18 23:42:37.182290,0 days 00:00:00.460537,kmeans,presence,120,3,COMPLETE
371,0.16370383553312226,2024-12-18 23:42:37.183598,2024-12-18 23:42:37.650391,0 days 00:00:00.466793,kmeans,presence,115,4,COMPLETE
372,0.18164173724817267,2024-12-18 23:42:37.651841,2024-12-18 23:42:38.130300,0 days 00:00:00.478459,kmeans,presence,115,9,COMPLETE
373,0.13089807636858009,2024-12-18 23:42:38.131663,2024-12-18 23:42:38.653678,0 days 00:00:00.522015,kmeans,presence,100,7,COMPLETE
374,0.28619339613141787,2024-12-18 23:42:38.655154,2024-12-18 23:42:39.090324,0 days 00:00:00.435170,kmeans,presence,120,9,COMPLETE
375,0.20107256998053535,2024-12-18 23:42:39.091773,2024-12-18 23:42:39.525349,0 days 00:00:00.433576,kmeans,presence,120,9,COMPLETE
376,0.17066638664989794,2024-12-18 23:42:39.527067,2024-12-18 23:42:39.963186,0 days 00:00:00.436119,kmeans,presence,120,9,COMPLETE
377,0.14333222293348793,2024-12-18 23:42:39.964690,2024-12-18 23:42:40.435538,0 days 00:00:00.470848,kmeans,presence,115,9,COMPLETE
378,0.20226418178464114,2024-12-18 23:42:40.436671,2024-12-18 23:42:40.870240,0 days 00:00:00.433569,kmeans,presence,120,9,COMPLETE
379,0.13538094642803436,2024-12-18 23:42:40.871704,2024-12-18 23:42:41.314324,0 days 00:00:00.442620,kmeans,presence,120,9,COMPLETE
380,0.27127583864623817,2024-12-18 23:42:41.315750,2024-12-18 23:42:41.750011,0 days 00:00:00.434261,kmeans,presence,120,9,COMPLETE
381,0.1907389458780265,2024-12-18 23:42:41.751499,2024-12-18 23:42:42.185888,0 days 00:00:00.434389,kmeans,presence,120,9,COMPLETE
382,0.1791661327106441,2024-12-18 23:42:42.187364,2024-12-18 23:42:42.632525,0 days 00:00:00.445161,kmeans,presence,120,9,COMPLETE
383,0.29482541146301894,2024-12-18 23:42:42.633925,2024-12-18 23:42:43.081307,0 days 00:00:00.447382,kmeans,presence,120,9,COMPLETE
384,0.13606814823075788,2024-12-18 23:42:43.082666,2024-12-18 23:42:43.520622,0 days 00:00:00.437956,kmeans,presence,120,9,COMPLETE
385,0.1746429073645487,2024-12-18 23:42:43.522037,2024-12-18 23:42:43.964648,0 days 00:00:00.442611,kmeans,presence,120,9,COMPLETE
386,0.14124532169552825,2024-12-18 23:42:43.966127,2024-12-18 23:42:44.394390,0 days 00:00:00.428263,kmeans,presence,120,9,COMPLETE
387,0.2538704474488074,2024-12-18 23:42:44.395839,2024-12-18 23:42:44.862359,0 days 00:00:00.466520,kmeans,presence,115,9,COMPLETE
388,0.19016485372296407,2024-12-18 23:42:44.863506,2024-12-18 23:42:45.331826,0 days 00:00:00.468320,kmeans,presence,115,9,COMPLETE
389,0.19133051981808688,2024-12-18 23:42:45.333282,2024-12-18 23:42:45.779640,0 days 00:00:00.446358,kmeans,presence,120,9,COMPLETE
390,0.19238302230571516,2024-12-18 23:42:45.780782,2024-12-18 23:42:46.246828,0 days 00:00:00.466046,kmeans,presence,115,9,COMPLETE
391,0.19397895437547896,2024-12-18 23:42:46.248316,2024-12-18 23:42:46.713262,0 days 00:00:00.464946,kmeans,presence,115,9,COMPLETE
392,0.24643896595326775,2024-12-18 23:42:46.714715,2024-12-18 23:42:47.140674,0 days 00:00:00.425959,kmeans,presence,120,9,COMPLETE
393,0.17987970047261845,2024-12-18 23:42:47.142141,2024-12-18 23:42:47.624026,0 days 00:00:00.481885,kmeans,presence,115,9,COMPLETE
394,0.19175630854488582,2024-12-18 23:42:47.625430,2024-12-18 23:42:48.122112,0 days 00:00:00.496682,kmeans,presence,110,9,COMPLETE
395,0.16766664843115062,2024-12-18 23:42:48.123448,2024-12-18 23:42:48.574918,0 days 00:00:00.451470,kmeans,presence,120,9,COMPLETE
396,0.17989083153233643,2024-12-18 23:42:48.576271,2024-12-18 23:42:49.067532,0 days 00:00:00.491261,kmeans,presence,110,9,COMPLETE
397,0.20691764137513657,2024-12-18 23:42:49.068988,2024-12-18 23:42:49.542148,0 days 00:00:00.473160,kmeans,presence,115,9,COMPLETE
398,0.13324211296005103,2024-12-18 23:42:49.543600,2024-12-18 23:42:49.983965,0 days 00:00:00.440365,kmeans,presence,120,9,COMPLETE
399,0.16251418340801788,2024-12-18 23:42:49.985435,2024-12-18 23:42:50.468650,0 days 00:00:00.483215,kmeans,presence,115,9,COMPLETE
400,0.2677500064268728,2024-12-18 23:42:50.469816,2024-12-18 23:42:50.899446,0 days 00:00:00.429630,kmeans,presence,120,9,COMPLETE
401,0.23198045816953147,2024-12-18 23:42:50.900909,2024-12-18 23:42:51.354649,0 days 00:00:00.453740,kmeans,presence,120,9,COMPLETE
402,0.1699652904612979,2024-12-18 23:42:51.356116,2024-12-18 23:42:51.852705,0 days 00:00:00.496589,kmeans,presence,110,9,COMPLETE
403,0.23381911590165502,2024-12-18 23:42:51.854191,2024-12-18 23:42:52.319175,0 days 00:00:00.464984,kmeans,presence,115,9,COMPLETE
404,0.19482929250031514,2024-12-18 23:42:52.320623,2024-12-18 23:42:52.763167,0 days 00:00:00.442544,kmeans,presence,120,9,COMPLETE
405,0.10438543409985573,2024-12-18 23:42:52.764485,2024-12-18 23:42:53.296904,0 days 00:00:00.532419,kmeans,presence,95,9,COMPLETE
406,0.19137936620323268,2024-12-18 23:42:53.298417,2024-12-18 23:42:53.781040,0 days 00:00:00.482623,kmeans,presence,115,9,COMPLETE
407,0.17093025384066265,2024-12-18 23:42:53.782248,2024-12-18 23:42:54.380387,0 days 00:00:00.598139,kmeans,presence,55,10,COMPLETE
408,0.15281023582747258,2024-12-18 23:42:54.381858,2024-12-18 23:42:54.875719,0 days 00:00:00.493861,kmeans,presence,105,8,COMPLETE
409,0.19904613276100258,2024-12-18 23:42:54.877216,2024-12-18 23:42:55.406455,0 days 00:00:00.529239,kmeans,presence,100,9,COMPLETE
410,0.18994300772505276,2024-12-18 23:42:55.407945,2024-12-18 23:42:55.842691,0 days 00:00:00.434746,kmeans,presence,120,3,COMPLETE
411,0.16093102383217908,2024-12-18 23:42:55.844108,2024-12-18 23:42:56.346632,0 days 00:00:00.502524,kmeans,presence,110,9,COMPLETE
412,0.22264370444081405,2024-12-18 23:42:56.348052,2024-12-18 23:42:56.815607,0 days 00:00:00.467555,kmeans,presence,115,9,COMPLETE
413,0.15115746995966875,2024-12-18 23:42:56.816959,2024-12-18 23:42:57.389270,0 days 00:00:00.572311,kmeans,presence,60,5,COMPLETE
414,0.17619554675772262,2024-12-18 23:42:57.390812,2024-12-18 23:42:57.957406,0 days 00:00:00.566594,kmeans,presence,95,10,COMPLETE
415,0.13555489315602118,2024-12-18 23:42:57.958735,2024-12-18 23:42:58.403571,0 days 00:00:00.444836,kmeans,presence,120,9,COMPLETE
416,0.22845263831402263,2024-12-18 23:42:58.405046,2024-12-18 23:42:58.930827,0 days 00:00:00.525781,kmeans,presence,100,8,COMPLETE
417,0.1877899411032559,2024-12-18 23:42:58.932195,2024-12-18 23:42:59.416811,0 days 00:00:00.484616,kmeans,presence,115,4,COMPLETE
418,0.19719165840649747,2024-12-18 23:42:59.417883,2024-12-18 23:42:59.867641,0 days 00:00:00.449758,kmeans,presence,120,9,COMPLETE
419,0.1115485602106238,2024-12-18 23:42:59.868739,2024-12-18 23:43:00.351494,0 days 00:00:00.482755,kmeans,presence,110,9,COMPLETE
420,0.21461460740177873,2024-12-18 23:43:00.352607,2024-12-18 23:43:00.798436,0 days 00:00:00.445829,kmeans,presence,120,9,COMPLETE
421,0.12845086064251823,2024-12-18 23:43:00.799554,2024-12-18 23:43:01.337176,0 days 00:00:00.537622,kmeans,presence,95,3,COMPLETE
422,0.19175622085371394,2024-12-18 23:43:01.338294,2024-12-18 23:43:01.924324,0 days 00:00:00.586030,kmeans,presence,65,8,COMPLETE
423,0.1347611834574125,2024-12-18 23:43:01.925502,2024-12-18 23:43:02.444081,0 days 00:00:00.518579,kmeans,presence,105,5,COMPLETE
424,0.13009850777019744,2024-12-18 23:43:02.445207,2024-12-18 23:43:02.907474,0 days 00:00:00.462267,kmeans,presence,115,9,COMPLETE
425,0.15513260766564554,2024-12-18 23:43:02.908587,2024-12-18 23:43:03.441170,0 days 00:00:00.532583,kmeans,presence,100,9,COMPLETE
426,0.12005725544625206,2024-12-18 23:43:03.442330,2024-12-18 23:43:03.931525,0 days 00:00:00.489195,kmeans,presence,115,10,COMPLETE
427,0.14265504646186225,2024-12-18 23:43:03.932966,2024-12-18 23:43:04.380170,0 days 00:00:00.447204,kmeans,presence,120,9,COMPLETE
428,0.13057889312417156,2024-12-18 23:43:04.381648,2024-12-18 23:43:04.939286,0 days 00:00:00.557638,kmeans,presence,65,9,COMPLETE
429,0.15248511489119712,2024-12-18 23:43:04.940659,2024-12-18 23:43:05.420169,0 days 00:00:00.479510,kmeans,presence,120,9,COMPLETE
430,0.13609386001570525,2024-12-18 23:43:05.421637,2024-12-18 23:43:05.928909,0 days 00:00:00.507272,kmeans,presence,105,9,COMPLETE
431,0.23128532415816738,2024-12-18 23:43:05.930352,2024-12-18 23:43:06.462259,0 days 00:00:00.531907,kmeans,presence,95,8,COMPLETE
432,0.2182520643969966,2024-12-18 23:43:06.463703,2024-12-18 23:43:06.944313,0 days 00:00:00.480610,kmeans,presence,115,3,COMPLETE
433,0.13658652875137411,2024-12-18 23:43:06.945638,2024-12-18 23:43:07.465679,0 days 00:00:00.520041,kmeans,presence,110,5,COMPLETE
434,0.21149506477406446,2024-12-18 23:43:07.467163,2024-12-18 23:43:08.016684,0 days 00:00:00.549521,kmeans,presence,100,4,COMPLETE
435,0.15499852644804968,2024-12-18 23:43:08.018166,2024-12-18 23:43:08.549766,0 days 00:00:00.531600,kmeans,presence,95,2,COMPLETE
436,0.16711557203293023,2024-12-18 23:43:08.551268,2024-12-18 23:43:08.994447,0 days 00:00:00.443179,kmeans,presence,120,8,COMPLETE
437,0.1589313852582939,2024-12-18 23:43:08.995890,2024-12-18 23:43:09.469426,0 days 00:00:00.473536,kmeans,presence,115,9,COMPLETE
438,0.13832446259337536,2024-12-18 23:43:09.470892,2024-12-18 23:43:10.026819,0 days 00:00:00.555927,kmeans,presence,70,9,COMPLETE
439,0.18154570277600035,2024-12-18 23:43:10.028288,2024-12-18 23:43:10.459672,0 days 00:00:00.431384,kmeans,presence,120,9,COMPLETE
440,0.2234658371913226,2024-12-18 23:43:10.460809,2024-12-18 23:43:10.927844,0 days 00:00:00.467035,kmeans,presence,115,9,COMPLETE
441,0.1938264431965818,2024-12-18 23:43:10.929215,2024-12-18 23:43:11.439025,0 days 00:00:00.509810,kmeans,presence,105,10,COMPLETE
442,0.14954746708317646,2024-12-18 23:43:11.440298,2024-12-18 23:43:11.985008,0 days 00:00:00.544710,kmeans,presence,95,4,COMPLETE
443,0.18144555975146515,2024-12-18 23:43:11.986072,2024-12-18 23:43:12.426123,0 days 00:00:00.440051,kmeans,presence,120,9,COMPLETE
444,0.22972431714986885,2024-12-18 23:43:12.427398,2024-12-18 23:43:12.993172,0 days 00:00:00.565774,kmeans,presence,60,9,COMPLETE
445,0.1871264265768592,2024-12-18 23:43:12.994335,2024-12-18 23:43:13.505551,0 days 00:00:00.511216,kmeans,presence,110,5,COMPLETE
446,0.2024844086520784,2024-12-18 23:43:13.507058,2024-12-18 23:43:14.039646,0 days 00:00:00.532588,kmeans,presence,100,8,COMPLETE
447,0.2517089376346539,2024-12-18 23:43:14.041028,2024-12-18 23:43:14.474899,0 days 00:00:00.433871,kmeans,presence,120,9,COMPLETE
448,0.1402013006585822,2024-12-18 23:43:14.476396,2024-12-18 23:43:14.914699,0 days 00:00:00.438303,kmeans,presence,120,9,COMPLETE
449,0.1914370527289074,2024-12-18 23:43:14.916167,2024-12-18 23:43:15.394750,0 days 00:00:00.478583,kmeans,presence,115,3,COMPLETE
450,0.23163439126185922,2024-12-18 23:43:15.396259,2024-12-18 23:43:15.830330,0 days 00:00:00.434071,kmeans,presence,120,10,COMPLETE
451,0.13747832172203608,2024-12-18 23:43:15.831684,2024-12-18 23:43:16.302057,0 days 00:00:00.470373,kmeans,presence,115,6,COMPLETE
452,0.21729061251551116,2024-12-18 23:43:16.303487,2024-12-18 23:43:16.745361,0 days 00:00:00.441874,kmeans,presence,120,2,COMPLETE
453,0.24441627561064205,2024-12-18 23:43:16.746942,2024-12-18 23:43:17.231788,0 days 00:00:00.484846,kmeans,presence,115,9,COMPLETE
454,0.2230950868503502,2024-12-18 23:43:17.233274,2024-12-18 23:43:17.668653,0 days 00:00:00.435379,kmeans,presence,120,9,COMPLETE
455,0.25324399263023173,2024-12-18 23:43:17.669790,2024-12-18 23:43:18.146837,0 days 00:00:00.477047,kmeans,presence,115,9,COMPLETE
456,0.20699580830941122,2024-12-18 23:43:18.147912,2024-12-18 23:43:18.624365,0 days 00:00:00.476453,kmeans,presence,110,9,COMPLETE
457,0.2875269508637557,2024-12-18 23:43:18.625788,2024-12-18 23:43:19.091033,0 days 00:00:00.465245,kmeans,presence,115,9,COMPLETE
458,0.16673460977917554,2024-12-18 23:43:19.092418,2024-12-18 23:43:19.600025,0 days 00:00:00.507607,kmeans,presence,110,10,COMPLETE
459,0.12723148754834154,2024-12-18 23:43:19.601411,2024-12-18 23:43:20.142866,0 days 00:00:00.541455,kmeans,presence,90,3,COMPLETE
460,0.21785785290797624,2024-12-18 23:43:20.144322,2024-12-18 23:43:20.623953,0 days 00:00:00.479631,kmeans,presence,115,6,COMPLETE
461,0.12391061229461904,2024-12-18 23:43:20.625515,2024-12-18 23:43:21.227942,0 days 00:00:00.602427,kmeans,presence,50,8,COMPLETE
462,0.16237225446851536,2024-12-18 23:43:21.229344,2024-12-18 23:43:21.744643,0 days 00:00:00.515299,kmeans,presence,95,9,COMPLETE
463,0.21786196436578595,2024-12-18 23:43:21.746104,2024-12-18 23:43:22.264316,0 days 00:00:00.518212,kmeans,presence,100,4,COMPLETE
464,0.2632132166330224,2024-12-18 23:43:22.265818,2024-12-18 23:43:22.728725,0 days 00:00:00.462907,kmeans,presence,115,9,COMPLETE
465,0.1394094345457334,2024-12-18 23:43:22.730224,2024-12-18 23:43:23.229030,0 days 00:00:00.498806,kmeans,presence,110,9,COMPLETE
466,0.20266371484677073,2024-12-18 23:43:23.230275,2024-12-18 23:43:23.692624,0 days 00:00:00.462349,kmeans,presence,115,6,COMPLETE
467,0.18646859369918786,2024-12-18 23:43:23.694121,2024-12-18 23:43:24.336993,0 days 00:00:00.642872,kmeans,presence,15,9,COMPLETE
468,0.15859376977203876,2024-12-18 23:43:24.338449,2024-12-18 23:43:24.879828,0 days 00:00:00.541379,kmeans,presence,100,8,COMPLETE
469,0.15001301898827846,2024-12-18 23:43:24.881255,2024-12-18 23:43:25.382729,0 days 00:00:00.501474,kmeans,presence,105,9,COMPLETE
470,0.23541801932447584,2024-12-18 23:43:25.384127,2024-12-18 23:43:25.885415,0 days 00:00:00.501288,kmeans,presence,105,10,COMPLETE
471,0.22171833408567587,2024-12-18 23:43:25.886913,2024-12-18 23:43:26.414799,0 days 00:00:00.527886,kmeans,presence,95,8,COMPLETE
472,0.2153311641690021,2024-12-18 23:43:26.415958,2024-12-18 23:43:26.952803,0 days 00:00:00.536845,kmeans,presence,90,2,COMPLETE
473,0.15401471097030425,2024-12-18 23:43:26.954318,2024-12-18 23:43:27.391210,0 days 00:00:00.436892,kmeans,presence,120,3,COMPLETE
474,0.13636439598353503,2024-12-18 23:43:27.392699,2024-12-18 23:43:27.868182,0 days 00:00:00.475483,kmeans,presence,115,9,COMPLETE
475,0.1690978756672191,2024-12-18 23:43:27.869570,2024-12-18 23:43:28.362112,0 days 00:00:00.492542,kmeans,presence,120,9,COMPLETE
476,0.24195422849046055,2024-12-18 23:43:28.363747,2024-12-18 23:43:28.912482,0 days 00:00:00.548735,kmeans,presence,90,9,COMPLETE
477,0.17623114340720092,2024-12-18 23:43:28.913929,2024-12-18 23:43:29.540138,0 days 00:00:00.626209,kmeans,presence,25,4,COMPLETE
478,0.19920158570697075,2024-12-18 23:43:29.541599,2024-12-18 23:43:30.149882,0 days 00:00:00.608283,kmeans,presence,30,9,COMPLETE
479,0.15445975976591805,2024-12-18 23:43:30.151041,2024-12-18 23:43:30.663979,0 days 00:00:00.512938,kmeans,presence,110,9,COMPLETE
480,0.15164833162500255,2024-12-18 23:43:30.665368,2024-12-18 23:43:31.164959,0 days 00:00:00.499591,kmeans,presence,115,7,COMPLETE
481,0.19592558768970006,2024-12-18 23:43:31.166105,2024-12-18 23:43:31.608833,0 days 00:00:00.442728,kmeans,presence,120,9,COMPLETE
482,0.22232936812646006,2024-12-18 23:43:31.610358,2024-12-18 23:43:32.205842,0 days 00:00:00.595484,kmeans,presence,55,6,COMPLETE
483,0.16049584330032604,2024-12-18 23:43:32.207210,2024-12-18 23:43:32.734730,0 days 00:00:00.527520,kmeans,presence,95,9,COMPLETE
484,0.16701697905124044,2024-12-18 23:43:32.736158,2024-12-18 23:43:33.277067,0 days 00:00:00.540909,kmeans,presence,100,6,COMPLETE
485,0.16617964786750816,2024-12-18 23:43:33.278555,2024-12-18 23:43:33.760510,0 days 00:00:00.481955,kmeans,presence,115,7,COMPLETE
486,0.2746509410834223,2024-12-18 23:43:33.761943,2024-12-18 23:43:34.258719,0 days 00:00:00.496776,kmeans,presence,110,10,COMPLETE
487,0.22043924662622763,2024-12-18 23:43:34.260206,2024-12-18 23:43:34.769376,0 days 00:00:00.509170,kmeans,presence,105,10,COMPLETE
488,0.16459959476302333,2024-12-18 23:43:34.770866,2024-12-18 23:43:35.240148,0 days 00:00:00.469282,kmeans,presence,115,10,COMPLETE
489,0.23457158732835168,2024-12-18 23:43:35.241579,2024-12-18 23:43:35.747654,0 days 00:00:00.506075,kmeans,presence,110,10,COMPLETE
490,0.11889509461803344,2024-12-18 23:43:35.749339,2024-12-18 23:43:36.234297,0 days 00:00:00.484958,kmeans,presence,110,9,COMPLETE
491,0.17437411409780812,2024-12-18 23:43:36.235708,2024-12-18 23:43:36.716516,0 days 00:00:00.480808,kmeans,presence,110,9,COMPLETE
492,0.2795948099777262,2024-12-18 23:43:36.717991,2024-12-18 23:43:37.204989,0 days 00:00:00.486998,kmeans,presence,110,10,COMPLETE
493,0.15020999769500257,2024-12-18 23:43:37.206327,2024-12-18 23:43:37.747395,0 days 00:00:00.541068,kmeans,presence,110,10,COMPLETE
494,0.15816024047121838,2024-12-18 23:43:37.748472,2024-12-18 23:43:38.248797,0 days 00:00:00.500325,kmeans,presence,110,10,COMPLETE
495,0.09702988911436772,2024-12-18 23:43:38.250284,2024-12-18 23:43:38.768005,0 days 00:00:00.517721,kmeans,presence,105,10,COMPLETE
496,0.13742170546116034,2024-12-18 23:43:38.769347,2024-12-18 23:43:39.232025,0 days 00:00:00.462678,kmeans,presence,115,10,COMPLETE
497,0.10943680320670462,2024-12-18 23:43:39.233505,2024-12-18 23:43:39.740506,0 days 00:00:00.507001,kmeans,presence,110,10,COMPLETE
498,0.21943944250164424,2024-12-18 23:43:39.742007,2024-12-18 23:43:40.235093,0 days 00:00:00.493086,kmeans,presence,115,10,COMPLETE
499,0.18328401976163575,2024-12-18 23:43:40.236601,2024-12-18 23:43:40.725945,0 days 00:00:00.489344,kmeans,presence,110,10,COMPLETE
500,0.18906328376188442,2024-12-18 23:43:40.727448,2024-12-18 23:43:41.181018,0 days 00:00:00.453570,kmeans,presence,120,10,COMPLETE
501,0.12472933732138773,2024-12-18 23:43:41.182719,2024-12-18 23:43:41.621520,0 days 00:00:00.438801,kmeans,presence,120,10,COMPLETE
502,0.23682017515614448,2024-12-18 23:43:41.622976,2024-12-18 23:43:42.120595,0 days 00:00:00.497619,kmeans,presence,110,10,COMPLETE
503,0.16398962880834408,2024-12-18 23:43:42.122074,2024-12-18 23:43:42.618356,0 days 00:00:00.496282,kmeans,presence,115,10,COMPLETE
504,0.19101461409791587,2024-12-18 23:43:42.619933,2024-12-18 23:43:43.131402,0 days 00:00:00.511469,kmeans,presence,105,10,COMPLETE
505,0.19659348552329783,2024-12-18 23:43:43.132778,2024-12-18 23:43:43.608600,0 days 00:00:00.475822,kmeans,presence,115,10,COMPLETE
506,0.14196454104601025,2024-12-18 23:43:43.610087,2024-12-18 23:43:44.258775,0 days 00:00:00.648688,kmeans,presence,15,10,COMPLETE
507,0.10123210608861381,2024-12-18 23:43:44.259927,2024-12-18 23:43:45.088192,0 days 00:00:00.828265,kmeans,presence,0,8,COMPLETE
508,0.16449704770680748,2024-12-18 23:43:45.089684,2024-12-18 23:43:45.709319,0 days 00:00:00.619635,kmeans,presence,30,7,COMPLETE
509,0.1789344668370171,2024-12-18 23:43:45.710723,2024-12-18 23:43:46.151629,0 days 00:00:00.440906,kmeans,presence,120,10,COMPLETE
510,0.188889896699597,2024-12-18 23:43:46.153080,2024-12-18 23:43:46.638809,0 days 00:00:00.485729,kmeans,presence,110,7,COMPLETE
511,0.19799984307195662,2024-12-18 23:43:46.640315,2024-12-18 23:43:47.124591,0 days 00:00:00.484276,kmeans,presence,115,6,COMPLETE
512,0.3283558821280748,2024-12-18 23:43:47.126099,2024-12-18 23:43:47.559223,0 days 00:00:00.433124,kmeans,presence,120,10,COMPLETE
513,0.14584361434759055,2024-12-18 23:43:47.560465,2024-12-18 23:43:48.009213,0 days 00:00:00.448748,kmeans,presence,120,10,COMPLETE
514,0.19964273755946627,2024-12-18 23:43:48.010499,2024-12-18 23:43:48.462900,0 days 00:00:00.452401,kmeans,presence,120,10,COMPLETE
515,0.27313182899679733,2024-12-18 23:43:48.464562,2024-12-18 23:43:48.912846,0 days 00:00:00.448284,kmeans,presence,120,10,COMPLETE
516,0.19093583120707738,2024-12-18 23:43:48.914212,2024-12-18 23:43:49.360512,0 days 00:00:00.446300,kmeans,presence,120,10,COMPLETE
517,0.16375949270828416,2024-12-18 23:43:49.361641,2024-12-18 23:43:49.805293,0 days 00:00:00.443652,kmeans,presence,120,10,COMPLETE
518,0.16539172533200408,2024-12-18 23:43:49.806795,2024-12-18 23:43:50.252927,0 days 00:00:00.446132,kmeans,presence,120,10,COMPLETE
519,0.16378694627814058,2024-12-18 23:43:50.254162,2024-12-18 23:43:50.687131,0 days 00:00:00.432969,kmeans,presence,120,10,COMPLETE
520,0.22437133947039242,2024-12-18 23:43:50.688611,2024-12-18 23:43:51.134524,0 days 00:00:00.445913,kmeans,presence,120,10,COMPLETE
521,0.15218264279267638,2024-12-18 23:43:51.136155,2024-12-18 23:43:51.576231,0 days 00:00:00.440076,kmeans,presence,120,10,COMPLETE
522,0.3271910576282601,2024-12-18 23:43:51.577408,2024-12-18 23:43:52.055463,0 days 00:00:00.478055,kmeans,presence,115,10,COMPLETE
523,0.18726709463362443,2024-12-18 23:43:52.056977,2024-12-18 23:43:52.520815,0 days 00:00:00.463838,kmeans,presence,115,10,COMPLETE
524,0.1908688141555387,2024-12-18 23:43:52.522333,2024-12-18 23:43:52.980359,0 days 00:00:00.458026,kmeans,presence,115,10,COMPLETE
525,0.22525400805572626,2024-12-18 23:43:52.981471,2024-12-18 23:43:53.453814,0 days 00:00:00.472343,kmeans,presence,115,10,COMPLETE
526,0.2387262135456074,2024-12-18 23:43:53.455321,2024-12-18 23:43:53.884044,0 days 00:00:00.428723,kmeans,presence,120,10,COMPLETE
527,0.21528047579427648,2024-12-18 23:43:53.885571,2024-12-18 23:43:54.349986,0 days 00:00:00.464415,kmeans,presence,115,10,COMPLETE
528,0.16124257570448583,2024-12-18 23:43:54.351630,2024-12-18 23:43:54.846195,0 days 00:00:00.494565,kmeans,presence,115,10,COMPLETE
529,0.1667454437929884,2024-12-18 23:43:54.847525,2024-12-18 23:43:55.287219,0 days 00:00:00.439694,kmeans,presence,120,10,COMPLETE
530,0.20627601398607473,2024-12-18 23:43:55.288727,2024-12-18 23:43:55.899970,0 days 00:00:00.611243,kmeans,presence,20,10,COMPLETE
531,0.2019081941615867,2024-12-18 23:43:55.901468,2024-12-18 23:43:56.349378,0 days 00:00:00.447910,kmeans,presence,120,10,COMPLETE
532,0.1923035896208758,2024-12-18 23:43:56.350870,2024-12-18 23:43:56.970883,0 days 00:00:00.620013,kmeans,presence,25,10,COMPLETE
533,0.13375738936165404,2024-12-18 23:43:56.972510,2024-12-18 23:43:57.409623,0 days 00:00:00.437113,kmeans,presence,120,10,COMPLETE
534,0.21057446622081147,2024-12-18 23:43:57.411149,2024-12-18 23:43:57.893625,0 days 00:00:00.482476,kmeans,presence,110,10,COMPLETE
535,0.20346349963494773,2024-12-18 23:43:57.895142,2024-12-18 23:43:58.350195,0 days 00:00:00.455053,kmeans,presence,115,10,COMPLETE
536,0.1912862331707986,2024-12-18 23:43:58.351366,2024-12-18 23:43:58.807156,0 days 00:00:00.455790,kmeans,presence,115,10,COMPLETE
537,0.19715412714962474,2024-12-18 23:43:58.808612,2024-12-18 23:43:59.404464,0 days 00:00:00.595852,kmeans,presence,35,10,COMPLETE
538,0.1150300728174543,2024-12-18 23:43:59.405818,2024-12-18 23:43:59.851100,0 days 00:00:00.445282,kmeans,presence,120,10,COMPLETE
539,0.19500107668347377,2024-12-18 23:43:59.852616,2024-12-18 23:44:00.347603,0 days 00:00:00.494987,kmeans,presence,110,10,COMPLETE
540,0.15092111515883475,2024-12-18 23:44:00.349051,2024-12-18 23:44:00.989639,0 days 00:00:00.640588,kmeans,presence,30,7,COMPLETE
541,0.15290099892146813,2024-12-18 23:44:00.990811,2024-12-18 23:44:01.476130,0 days 00:00:00.485319,kmeans,presence,115,10,COMPLETE
542,0.2843303823133653,2024-12-18 23:44:01.477422,2024-12-18 23:44:01.954033,0 days 00:00:00.476611,kmeans,presence,115,10,COMPLETE
543,0.28631941357453883,2024-12-18 23:44:01.955567,2024-12-18 23:44:02.453604,0 days 00:00:00.498037,kmeans,presence,110,10,COMPLETE
544,0.13560993220164588,2024-12-18 23:44:02.455206,2024-12-18 23:44:02.944389,0 days 00:00:00.489183,kmeans,presence,110,10,COMPLETE
545,0.1505394978366601,2024-12-18 23:44:02.946176,2024-12-18 23:44:03.437875,0 days 00:00:00.491699,kmeans,presence,110,10,COMPLETE
546,0.11154144106092061,2024-12-18 23:44:03.439274,2024-12-18 23:44:03.930124,0 days 00:00:00.490850,kmeans,presence,110,10,COMPLETE
547,0.1421196039205196,2024-12-18 23:44:03.931627,2024-12-18 23:44:04.417427,0 days 00:00:00.485800,kmeans,presence,115,10,COMPLETE
548,0.1738570350423001,2024-12-18 23:44:04.418529,2024-12-18 23:44:04.926156,0 days 00:00:00.507627,kmeans,presence,110,10,COMPLETE
549,0.2815589001608549,2024-12-18 23:44:04.927548,2024-12-18 23:44:05.400717,0 days 00:00:00.473169,kmeans,presence,115,10,COMPLETE
550,0.14071630368988047,2024-12-18 23:44:05.402145,2024-12-18 23:44:05.876533,0 days 00:00:00.474388,kmeans,presence,115,10,COMPLETE
551,0.104637701194492,2024-12-18 23:44:05.878024,2024-12-18 23:44:06.481337,0 days 00:00:00.603313,kmeans,presence,50,10,COMPLETE
552,0.18798975925519512,2024-12-18 23:44:06.482851,2024-12-18 23:44:06.978659,0 days 00:00:00.495808,kmeans,presence,110,10,COMPLETE
553,0.2756177576183154,2024-12-18 23:44:06.980081,2024-12-18 23:44:07.458355,0 days 00:00:00.478274,kmeans,presence,115,10,COMPLETE
554,0.22673252868259963,2024-12-18 23:44:07.459846,2024-12-18 23:44:07.935121,0 days 00:00:00.475275,kmeans,presence,115,10,COMPLETE
555,0.15134673970320614,2024-12-18 23:44:07.936628,2024-12-18 23:44:08.439380,0 days 00:00:00.502752,kmeans,presence,110,10,COMPLETE
556,0.1828753718242755,2024-12-18 23:44:08.440780,2024-12-18 23:44:08.934605,0 days 00:00:00.493825,kmeans,presence,110,10,COMPLETE
557,0.22953364653140662,2024-12-18 23:44:08.936153,2024-12-18 23:44:09.450886,0 days 00:00:00.514733,kmeans,presence,105,10,COMPLETE
558,0.13272615530628637,2024-12-18 23:44:09.452059,2024-12-18 23:44:10.078295,0 days 00:00:00.626236,kmeans,presence,20,10,COMPLETE
559,0.14172359060114736,2024-12-18 23:44:10.079789,2024-12-18 23:44:10.549049,0 days 00:00:00.469260,kmeans,presence,115,10,COMPLETE
560,0.2844337347969575,2024-12-18 23:44:10.550247,2024-12-18 23:44:11.026071,0 days 00:00:00.475824,kmeans,presence,115,10,COMPLETE
561,0.18614092114545291,2024-12-18 23:44:11.027595,2024-12-18 23:44:11.506611,0 days 00:00:00.479016,kmeans,presence,115,10,COMPLETE
562,0.1440210539024108,2024-12-18 23:44:11.507804,2024-12-18 23:44:11.965615,0 days 00:00:00.457811,kmeans,presence,115,10,COMPLETE
563,0.22429376321039815,2024-12-18 23:44:11.966858,2024-12-18 23:44:12.449273,0 days 00:00:00.482415,kmeans,presence,115,10,COMPLETE
564,0.27013811551924166,2024-12-18 23:44:12.450791,2024-12-18 23:44:12.914252,0 days 00:00:00.463461,kmeans,presence,115,10,COMPLETE
565,0.1783794340184829,2024-12-18 23:44:12.915674,2024-12-18 23:44:13.379065,0 days 00:00:00.463391,kmeans,presence,115,10,COMPLETE
566,0.14679647717845257,2024-12-18 23:44:13.380357,2024-12-18 23:44:13.856450,0 days 00:00:00.476093,kmeans,presence,115,10,COMPLETE
567,0.22181224935208724,2024-12-18 23:44:13.857956,2024-12-18 23:44:14.325068,0 days 00:00:00.467112,kmeans,presence,115,10,COMPLETE
568,0.10995875519834447,2024-12-18 23:44:14.326584,2024-12-18 23:44:15.018211,0 days 00:00:00.691627,kmeans,presence,5,10,COMPLETE
569,0.18323161488156595,2024-12-18 23:44:15.019778,2024-12-18 23:44:15.525653,0 days 00:00:00.505875,kmeans,presence,110,10,COMPLETE
570,0.31307967081911414,2024-12-18 23:44:15.526955,2024-12-18 23:44:16.001110,0 days 00:00:00.474155,kmeans,presence,115,10,COMPLETE
571,0.12356124502742326,2024-12-18 23:44:16.002645,2024-12-18 23:44:16.486176,0 days 00:00:00.483531,kmeans,presence,110,10,COMPLETE
572,0.12635613760873618,2024-12-18 23:44:16.487622,2024-12-18 23:44:16.953870,0 days 00:00:00.466248,kmeans,presence,115,10,COMPLETE
573,0.17598171581430488,2024-12-18 23:44:16.955410,2024-12-18 23:44:17.435163,0 days 00:00:00.479753,kmeans,presence,115,10,COMPLETE
574,0.1352880837955845,2024-12-18 23:44:17.436581,2024-12-18 23:44:17.940082,0 days 00:00:00.503501,kmeans,presence,110,10,COMPLETE
575,0.16194395439004924,2024-12-18 23:44:17.941659,2024-12-18 23:44:18.430319,0 days 00:00:00.488660,kmeans,presence,110,10,COMPLETE
576,0.15715360954281,2024-12-18 23:44:18.431552,2024-12-18 23:44:19.068394,0 days 00:00:00.636842,kmeans,presence,15,10,COMPLETE
577,0.15086205177001044,2024-12-18 23:44:19.069917,2024-12-18 23:44:19.567357,0 days 00:00:00.497440,kmeans,presence,115,10,COMPLETE
578,0.15708448496094615,2024-12-18 23:44:19.568872,2024-12-18 23:44:20.041770,0 days 00:00:00.472898,kmeans,presence,115,10,COMPLETE
579,0.13298437058238277,2024-12-18 23:44:20.043273,2024-12-18 23:44:20.542211,0 days 00:00:00.498938,kmeans,presence,110,10,COMPLETE
580,0.11540389887062703,2024-12-18 23:44:20.543774,2024-12-18 23:44:21.008723,0 days 00:00:00.464949,kmeans,presence,115,10,COMPLETE
581,0.10878015346437891,2024-12-18 23:44:21.009929,2024-12-18 23:44:21.635007,0 days 00:00:00.625078,kmeans,presence,25,10,COMPLETE
582,0.176581338720188,2024-12-18 23:44:21.636495,2024-12-18 23:44:22.119663,0 days 00:00:00.483168,kmeans,presence,110,10,COMPLETE
583,0.19248584443436498,2024-12-18 23:44:22.121164,2024-12-18 23:44:22.741949,0 days 00:00:00.620785,kmeans,presence,20,10,COMPLETE
584,0.2596565970076559,2024-12-18 23:44:22.743471,2024-12-18 23:44:23.253689,0 days 00:00:00.510218,kmeans,presence,105,10,COMPLETE
585,0.17943943131804022,2024-12-18 23:44:23.255219,2024-12-18 23:44:23.728300,0 days 00:00:00.473081,kmeans,presence,115,10,COMPLETE
586,0.1920939477095481,2024-12-18 23:44:23.729847,2024-12-18 23:44:24.176768,0 days 00:00:00.446921,kmeans,presence,120,10,COMPLETE
587,0.17178840611454912,2024-12-18 23:44:24.178257,2024-12-18 23:44:24.706434,0 days 00:00:00.528177,kmeans,presence,105,5,COMPLETE
588,0.162619898091869,2024-12-18 23:44:24.707784,2024-12-18 23:44:25.221048,0 days 00:00:00.513264,kmeans,presence,110,10,COMPLETE
589,0.18311093906385853,2024-12-18 23:44:25.222570,2024-12-18 23:44:25.689154,0 days 00:00:00.466584,kmeans,presence,115,10,COMPLETE
590,0.14337016936394487,2024-12-18 23:44:25.690676,2024-12-18 23:44:26.154278,0 days 00:00:00.463602,kmeans,presence,115,10,COMPLETE
591,0.14454479186997518,2024-12-18 23:44:26.155759,2024-12-18 23:44:26.594564,0 days 00:00:00.438805,kmeans,presence,120,10,COMPLETE
592,0.15800612278549353,2024-12-18 23:44:26.596071,2024-12-18 23:44:27.153807,0 days 00:00:00.557736,kmeans,presence,55,6,COMPLETE
593,0.1384868480842724,2024-12-18 23:44:27.154980,2024-12-18 23:44:27.649236,0 days 00:00:00.494256,kmeans,presence,110,10,COMPLETE
594,0.22065294781708292,2024-12-18 23:44:27.650758,2024-12-18 23:44:28.308047,0 days 00:00:00.657289,kmeans,presence,20,10,COMPLETE
595,0.14956888373724256,2024-12-18 23:44:28.309482,2024-12-18 23:44:28.779137,0 days 00:00:00.469655,kmeans,presence,115,10,COMPLETE
596,0.2297422715906615,2024-12-18 23:44:28.780273,2024-12-18 23:44:29.203125,0 days 00:00:00.422852,kmeans,presence,120,10,COMPLETE
597,0.21120412844847655,2024-12-18 23:44:29.204536,2024-12-18 23:44:29.666476,0 days 00:00:00.461940,kmeans,presence,115,10,COMPLETE
598,0.15989327843920983,2024-12-18 23:44:29.668012,2024-12-18 23:44:30.310365,0 days 00:00:00.642353,kmeans,presence,10,10,COMPLETE
599,0.13248283960059395,2024-12-18 23:44:30.311805,2024-12-18 23:44:30.921584,0 days 00:00:00.609779,kmeans,presence,45,6,COMPLETE
600,0.14693884184082082,2024-12-18 23:44:30.922958,2024-12-18 23:44:31.370042,0 days 00:00:00.447084,kmeans,presence,120,5,COMPLETE
601,0.20023845507572302,2024-12-18 23:44:31.371198,2024-12-18 23:44:31.863406,0 days 00:00:00.492208,kmeans,presence,110,10,COMPLETE
602,0.18115680787344438,2024-12-18 23:44:31.864917,2024-12-18 23:44:32.328263,0 days 00:00:00.463346,kmeans,presence,115,10,COMPLETE
603,0.1472481786671113,2024-12-18 23:44:32.329689,2024-12-18 23:44:32.817385,0 days 00:00:00.487696,kmeans,presence,115,10,COMPLETE
604,0.2072219696089772,2024-12-18 23:44:32.818809,2024-12-18 23:44:33.326356,0 days 00:00:00.507547,kmeans,presence,110,6,COMPLETE
605,0.19619009957207498,2024-12-18 23:44:33.327865,2024-12-18 23:44:33.932095,0 days 00:00:00.604230,kmeans,presence,25,10,COMPLETE
606,0.18706683000589597,2024-12-18 23:44:33.933637,2024-12-18 23:44:34.362501,0 days 00:00:00.428864,kmeans,presence,120,10,COMPLETE
607,0.354572461773639,2024-12-18 23:44:34.363982,2024-12-18 23:44:34.830274,0 days 00:00:00.466292,kmeans,presence,115,5,COMPLETE
608,0.22188785053289284,2024-12-18 23:44:34.831706,2024-12-18 23:44:35.318670,0 days 00:00:00.486964,kmeans,presence,105,5,COMPLETE
609,0.20399040822926148,2024-12-18 23:44:35.320091,2024-12-18 23:44:35.785334,0 days 00:00:00.465243,kmeans,presence,115,5,COMPLETE
610,0.14118711989737684,2024-12-18 23:44:35.787024,2024-12-18 23:44:36.294401,0 days 00:00:00.507377,kmeans,presence,110,4,COMPLETE
611,0.1840817481846263,2024-12-18 23:44:36.295912,2024-12-18 23:44:36.772614,0 days 00:00:00.476702,kmeans,presence,115,5,COMPLETE
612,0.23230772015204593,2024-12-18 23:44:36.774127,2024-12-18 23:44:37.215599,0 days 00:00:00.441472,kmeans,presence,120,6,COMPLETE
613,0.2608019560163267,2024-12-18 23:44:37.217133,2024-12-18 23:44:37.691251,0 days 00:00:00.474118,kmeans,presence,115,5,COMPLETE
614,0.1446268520226369,2024-12-18 23:44:37.692799,2024-12-18 23:44:38.134002,0 days 00:00:00.441203,kmeans,presence,120,6,COMPLETE
615,0.13510810843396448,2024-12-18 23:44:38.135393,2024-12-18 23:44:38.713765,0 days 00:00:00.578372,kmeans,presence,50,4,COMPLETE
616,0.177886895623393,2024-12-18 23:44:38.715312,2024-12-18 23:44:39.213008,0 days 00:00:00.497696,kmeans,presence,110,4,COMPLETE
617,0.19129085035785645,2024-12-18 23:44:39.214552,2024-12-18 23:44:39.684268,0 days 00:00:00.469716,kmeans,presence,115,10,COMPLETE
618,0.1422454621387725,2024-12-18 23:44:39.685715,2024-12-18 23:44:40.356389,0 days 00:00:00.670674,kmeans,presence,5,5,COMPLETE
619,0.19780663398042264,2024-12-18 23:44:40.357921,2024-12-18 23:44:41.008342,0 days 00:00:00.650421,kmeans,presence,10,6,COMPLETE
620,0.1458840420402061,2024-12-18 23:44:41.009840,2024-12-18 23:44:41.448002,0 days 00:00:00.438162,kmeans,presence,120,10,COMPLETE
621,0.2990275998853142,2024-12-18 23:44:41.449428,2024-12-18 23:44:41.937088,0 days 00:00:00.487660,kmeans,presence,110,10,COMPLETE
622,0.20021179831176195,2024-12-18 23:44:41.938706,2024-12-18 23:44:42.414143,0 days 00:00:00.475437,kmeans,presence,115,10,COMPLETE
623,0.19700145587380594,2024-12-18 23:44:42.415415,2024-12-18 23:44:42.985146,0 days 00:00:00.569731,kmeans,presence,60,10,COMPLETE
624,0.22061810408070057,2024-12-18 23:44:42.986670,2024-12-18 23:44:43.464458,0 days 00:00:00.477788,kmeans,presence,115,10,COMPLETE
625,0.2525341219884221,2024-12-18 23:44:43.466018,2024-12-18 23:44:44.099702,0 days 00:00:00.633684,kmeans,presence,15,5,COMPLETE
626,0.19751363668292776,2024-12-18 23:44:44.101237,2024-12-18 23:44:44.598690,0 days 00:00:00.497453,kmeans,presence,105,6,COMPLETE
627,0.11801139353529148,2024-12-18 23:44:44.600250,2024-12-18 23:44:45.093869,0 days 00:00:00.493619,kmeans,presence,110,10,COMPLETE
628,0.21942882474183087,2024-12-18 23:44:45.095373,2024-12-18 23:44:45.530011,0 days 00:00:00.434638,kmeans,presence,120,10,COMPLETE
629,0.12563702022955167,2024-12-18 23:44:45.531538,2024-12-18 23:44:45.999808,0 days 00:00:00.468270,kmeans,presence,115,10,COMPLETE
630,0.10970237030214486,2024-12-18 23:44:46.001376,2024-12-18 23:44:46.430514,0 days 00:00:00.429138,kmeans,presence,120,6,COMPLETE
631,0.22597561120876306,2024-12-18 23:44:46.432075,2024-12-18 23:44:46.901321,0 days 00:00:00.469246,kmeans,presence,115,10,COMPLETE
632,0.19104216477108063,2024-12-18 23:44:46.902925,2024-12-18 23:44:47.398251,0 days 00:00:00.495326,kmeans,presence,110,4,COMPLETE
633,0.17959997528876762,2024-12-18 23:44:47.399639,2024-12-18 23:44:47.896274,0 days 00:00:00.496635,kmeans,presence,105,10,COMPLETE
634,0.13900510655069212,2024-12-18 23:44:47.897707,2024-12-18 23:44:48.361062,0 days 00:00:00.463355,kmeans,presence,115,5,COMPLETE
635,0.17229120937118117,2024-12-18 23:44:48.362490,2024-12-18 23:44:48.804084,0 days 00:00:00.441594,kmeans,presence,120,10,COMPLETE
636,0.1740132347002714,2024-12-18 23:44:48.805627,2024-12-18 23:44:49.284614,0 days 00:00:00.478987,kmeans,presence,110,10,COMPLETE
637,0.22190311124097137,2024-12-18 23:44:49.286023,2024-12-18 23:44:49.764255,0 days 00:00:00.478232,kmeans,presence,115,10,COMPLETE
638,0.21721910285612,2024-12-18 23:44:49.765796,2024-12-18 23:44:50.211998,0 days 00:00:00.446202,kmeans,presence,120,6,COMPLETE
639,0.1951374597791831,2024-12-18 23:44:50.213559,2024-12-18 23:44:50.697481,0 days 00:00:00.483922,kmeans,presence,115,10,COMPLETE
640,0.20463225465784596,2024-12-18 23:44:50.698928,2024-12-18 23:44:51.192628,0 days 00:00:00.493700,kmeans,presence,110,10,COMPLETE
641,0.22238436387365787,2024-12-18 23:44:51.193851,2024-12-18 23:44:51.624589,0 days 00:00:00.430738,kmeans,presence,120,6,COMPLETE
642,0.18036978389918012,2024-12-18 23:44:51.626125,2024-12-18 23:44:52.095843,0 days 00:00:00.469718,kmeans,presence,115,10,COMPLETE
643,0.16001391101090265,2024-12-18 23:44:52.097080,2024-12-18 23:44:52.584203,0 days 00:00:00.487123,kmeans,presence,115,5,COMPLETE
644,0.18059196414156883,2024-12-18 23:44:52.585637,2024-12-18 23:44:53.090427,0 days 00:00:00.504790,kmeans,presence,105,10,COMPLETE
645,0.1102470607872681,2024-12-18 23:44:53.091997,2024-12-18 23:44:53.538736,0 days 00:00:00.446739,kmeans,presence,120,4,COMPLETE
646,0.21537932537796176,2024-12-18 23:44:53.540312,2024-12-18 23:44:54.082589,0 days 00:00:00.542277,kmeans,presence,110,10,COMPLETE
647,0.14975889922546948,2024-12-18 23:44:54.084004,2024-12-18 23:44:54.562768,0 days 00:00:00.478764,kmeans,presence,115,10,COMPLETE
648,0.15781388945489175,2024-12-18 23:44:54.564232,2024-12-18 23:44:55.142511,0 days 00:00:00.578279,kmeans,presence,55,6,COMPLETE
649,0.2269206498140075,2024-12-18 23:44:55.143643,2024-12-18 23:44:55.578676,0 days 00:00:00.435033,kmeans,presence,120,10,COMPLETE
650,0.17302437689246633,2024-12-18 23:44:55.580185,2024-12-18 23:44:56.022066,0 days 00:00:00.441881,kmeans,presence,120,3,COMPLETE
651,0.22287095552318095,2024-12-18 23:44:56.023477,2024-12-18 23:44:56.509576,0 days 00:00:00.486099,kmeans,presence,110,10,COMPLETE
652,0.2440632187482912,2024-12-18 23:44:56.510965,2024-12-18 23:44:56.979236,0 days 00:00:00.468271,kmeans,presence,115,10,COMPLETE
653,0.17243964541271448,2024-12-18 23:44:56.980803,2024-12-18 23:44:57.478179,0 days 00:00:00.497376,kmeans,presence,110,10,COMPLETE
654,0.16016011591737436,2024-12-18 23:44:57.479593,2024-12-18 23:44:57.917857,0 days 00:00:00.438264,kmeans,presence,120,6,COMPLETE
655,0.16628302506524012,2024-12-18 23:44:57.919380,2024-12-18 23:44:58.401081,0 days 00:00:00.481701,kmeans,presence,115,5,COMPLETE
656,0.17456284860892315,2024-12-18 23:44:58.402616,2024-12-18 23:44:58.864727,0 days 00:00:00.462111,kmeans,presence,115,10,COMPLETE
657,0.1352835043752901,2024-12-18 23:44:58.866279,2024-12-18 23:44:59.354261,0 days 00:00:00.487982,kmeans,presence,110,10,COMPLETE
658,0.15757940445231014,2024-12-18 23:44:59.355705,2024-12-18 23:44:59.782348,0 days 00:00:00.426643,kmeans,presence,120,10,COMPLETE
659,0.19015092482056953,2024-12-18 23:44:59.783885,2024-12-18 23:45:00.267009,0 days 00:00:00.483124,kmeans,presence,115,7,COMPLETE
660,0.11449822203473707,2024-12-18 23:45:00.268560,2024-12-18 23:45:00.780497,0 days 00:00:00.511937,kmeans,presence,110,4,COMPLETE
661,0.226604206702018,2024-12-18 23:45:00.782034,2024-12-18 23:45:01.226841,0 days 00:00:00.444807,kmeans,presence,120,10,COMPLETE
662,0.1812009426108674,2024-12-18 23:45:01.228401,2024-12-18 23:45:01.739764,0 days 00:00:00.511363,kmeans,presence,105,10,COMPLETE
663,0.17916018778479872,2024-12-18 23:45:01.741304,2024-12-18 23:45:02.210459,0 days 00:00:00.469155,kmeans,presence,115,7,COMPLETE
664,0.1653192080209549,2024-12-18 23:45:02.212010,2024-12-18 23:45:02.678188,0 days 00:00:00.466178,kmeans,presence,115,10,COMPLETE
665,0.22279289780401346,2024-12-18 23:45:02.679743,2024-12-18 23:45:03.131206,0 days 00:00:00.451463,kmeans,presence,120,3,COMPLETE
666,0.1409790098260967,2024-12-18 23:45:03.132651,2024-12-18 23:45:03.613787,0 days 00:00:00.481136,kmeans,presence,115,10,COMPLETE
667,0.23038334553312087,2024-12-18 23:45:03.615357,2024-12-18 23:45:04.114906,0 days 00:00:00.499549,kmeans,presence,105,6,COMPLETE
668,0.16509028553049135,2024-12-18 23:45:04.116316,2024-12-18 23:45:04.711381,0 days 00:00:00.595065,kmeans,presence,50,4,COMPLETE
669,0.1699562986932067,2024-12-18 23:45:04.712868,2024-12-18 23:45:05.345105,0 days 00:00:00.632237,kmeans,presence,15,5,COMPLETE
670,0.21272396876737432,2024-12-18 23:45:05.346649,2024-12-18 23:45:05.812821,0 days 00:00:00.466172,kmeans,presence,120,10,COMPLETE
671,0.20424752408685762,2024-12-18 23:45:05.814379,2024-12-18 23:45:06.311222,0 days 00:00:00.496843,kmeans,presence,110,10,COMPLETE
672,0.18481851382596992,2024-12-18 23:45:06.312614,2024-12-18 23:45:06.761019,0 days 00:00:00.448405,kmeans,presence,115,10,COMPLETE
673,0.21277400507888447,2024-12-18 23:45:06.762557,2024-12-18 23:45:07.261561,0 days 00:00:00.499004,kmeans,presence,110,8,COMPLETE
674,0.16201606410805278,2024-12-18 23:45:07.263096,2024-12-18 23:45:07.741770,0 days 00:00:00.478674,kmeans,presence,115,10,COMPLETE
675,0.2890072678128282,2024-12-18 23:45:07.743425,2024-12-18 23:45:08.190173,0 days 00:00:00.446748,kmeans,presence,120,6,COMPLETE
676,0.22426002687529967,2024-12-18 23:45:08.191616,2024-12-18 23:45:08.628347,0 days 00:00:00.436731,kmeans,presence,120,6,COMPLETE
677,0.10426665895192072,2024-12-18 23:45:08.629846,2024-12-18 23:45:09.069689,0 days 00:00:00.439843,kmeans,presence,120,5,COMPLETE
678,0.13164881438883375,2024-12-18 23:45:09.071003,2024-12-18 23:45:09.509643,0 days 00:00:00.438640,kmeans,presence,120,6,COMPLETE
679,0.13816137899337586,2024-12-18 23:45:09.511302,2024-12-18 23:45:09.960087,0 days 00:00:00.448785,kmeans,presence,120,6,COMPLETE
680,0.162245990956379,2024-12-18 23:45:09.961628,2024-12-18 23:45:10.399489,0 days 00:00:00.437861,kmeans,presence,120,7,COMPLETE
681,0.1603510944311218,2024-12-18 23:45:10.401007,2024-12-18 23:45:10.854002,0 days 00:00:00.452995,kmeans,presence,120,7,COMPLETE
682,0.18841118294145187,2024-12-18 23:45:10.855552,2024-12-18 23:45:11.528218,0 days 00:00:00.672666,kmeans,presence,5,6,COMPLETE
683,0.2630686929472239,2024-12-18 23:45:11.529761,2024-12-18 23:45:12.007136,0 days 00:00:00.477375,kmeans,presence,115,5,COMPLETE
684,0.19551264784451708,2024-12-18 23:45:12.008680,2024-12-18 23:45:12.443540,0 days 00:00:00.434860,kmeans,presence,120,6,COMPLETE
685,0.11149642315538962,2024-12-18 23:45:12.445066,2024-12-18 23:45:13.074086,0 days 00:00:00.629020,kmeans,presence,10,5,COMPLETE
686,0.1862743868591393,2024-12-18 23:45:13.075447,2024-12-18 23:45:13.531500,0 days 00:00:00.456053,kmeans,presence,120,7,COMPLETE
687,0.22310549510520264,2024-12-18 23:45:13.533051,2024-12-18 23:45:14.010253,0 days 00:00:00.477202,kmeans,presence,115,6,COMPLETE
688,0.1136584683257174,2024-12-18 23:45:14.011792,2024-12-18 23:45:14.509621,0 days 00:00:00.497829,kmeans,presence,110,4,COMPLETE
689,0.17105271309906755,2024-12-18 23:45:14.511071,2024-12-18 23:45:14.969178,0 days 00:00:00.458107,kmeans,presence,120,8,COMPLETE
690,0.14381140058064304,2024-12-18 23:45:14.970710,2024-12-18 23:45:15.448610,0 days 00:00:00.477900,kmeans,presence,115,7,COMPLETE
691,0.15828508943935418,2024-12-18 23:45:15.450097,2024-12-18 23:45:15.963136,0 days 00:00:00.513039,kmeans,presence,105,6,COMPLETE
692,0.10123387377705062,2024-12-18 23:45:15.964643,2024-12-18 23:45:16.530836,0 days 00:00:00.566193,kmeans,presence,65,5,COMPLETE
693,0.2680610560293939,2024-12-18 23:45:16.532448,2024-12-18 23:45:16.978008,0 days 00:00:00.445560,kmeans,presence,120,4,COMPLETE
694,0.15835668779140524,2024-12-18 23:45:16.979410,2024-12-18 23:45:17.475778,0 days 00:00:00.496368,kmeans,presence,110,7,COMPLETE
695,0.16872963165899468,2024-12-18 23:45:17.477050,2024-12-18 23:45:18.044703,0 days 00:00:00.567653,kmeans,presence,75,8,COMPLETE
696,0.17239606804643826,2024-12-18 23:45:18.045839,2024-12-18 23:45:18.516049,0 days 00:00:00.470210,kmeans,presence,115,7,COMPLETE
697,0.15689910030664228,2024-12-18 23:45:18.517608,2024-12-18 23:45:18.971213,0 days 00:00:00.453605,kmeans,presence,120,3,COMPLETE
698,0.16668113776788926,2024-12-18 23:45:18.972420,2024-12-18 23:45:19.607995,0 days 00:00:00.635575,kmeans,presence,20,6,COMPLETE
699,0.18380816949694298,2024-12-18 23:45:19.609463,2024-12-18 23:45:20.095778,0 days 00:00:00.486315,kmeans,presence,115,4,COMPLETE
700,0.26969808278790897,2024-12-18 23:45:20.097327,2024-12-18 23:45:20.597152,0 days 00:00:00.499825,kmeans,presence,110,10,COMPLETE
701,0.26837375757538134,2024-12-18 23:45:20.598725,2024-12-18 23:45:21.076507,0 days 00:00:00.477782,kmeans,presence,115,5,COMPLETE
702,0.16166390978279968,2024-12-18 23:45:21.077926,2024-12-18 23:45:21.622931,0 days 00:00:00.545005,kmeans,presence,85,8,COMPLETE
703,0.14436079120908948,2024-12-18 23:45:21.624347,2024-12-18 23:45:22.072810,0 days 00:00:00.448463,kmeans,presence,120,5,COMPLETE
704,0.1743265429345883,2024-12-18 23:45:22.074397,2024-12-18 23:45:22.645487,0 days 00:00:00.571090,kmeans,presence,45,10,COMPLETE
705,0.1320314978485073,2024-12-18 23:45:22.647040,2024-12-18 23:45:23.249155,0 days 00:00:00.602115,kmeans,presence,55,6,COMPLETE
706,0.15018277586147827,2024-12-18 23:45:23.250597,2024-12-18 23:45:23.735437,0 days 00:00:00.484840,kmeans,presence,115,7,COMPLETE
707,0.2114273823554185,2024-12-18 23:45:23.736884,2024-12-18 23:45:24.192605,0 days 00:00:00.455721,kmeans,presence,120,10,COMPLETE
708,0.17117115467094401,2024-12-18 23:45:24.194235,2024-12-18 23:45:24.687064,0 days 00:00:00.492829,kmeans,presence,105,3,COMPLETE
709,0.15611965124519034,2024-12-18 23:45:24.688630,2024-12-18 23:45:25.169295,0 days 00:00:00.480665,kmeans,presence,110,6,COMPLETE
710,0.21408682733831366,2024-12-18 23:45:25.170861,2024-12-18 23:45:25.637599,0 days 00:00:00.466738,kmeans,presence,115,10,COMPLETE
711,0.17515556934311452,2024-12-18 23:45:25.639144,2024-12-18 23:45:26.084268,0 days 00:00:00.445124,kmeans,presence,120,10,COMPLETE
712,0.224188294250228,2024-12-18 23:45:26.085818,2024-12-18 23:45:26.557366,0 days 00:00:00.471548,kmeans,presence,115,10,COMPLETE
713,0.20920545157133882,2024-12-18 23:45:26.558873,2024-12-18 23:45:27.012419,0 days 00:00:00.453546,kmeans,presence,120,8,COMPLETE
714,0.17703697227962312,2024-12-18 23:45:27.013973,2024-12-18 23:45:27.507972,0 days 00:00:00.493999,kmeans,presence,110,7,COMPLETE
715,0.27319525824259605,2024-12-18 23:45:27.509558,2024-12-18 23:45:28.017667,0 days 00:00:00.508109,kmeans,presence,110,5,COMPLETE
716,0.21277423285931177,2024-12-18 23:45:28.019202,2024-12-18 23:45:28.590665,0 days 00:00:00.571463,kmeans,presence,80,10,COMPLETE
717,0.1124541480745031,2024-12-18 23:45:28.591948,2024-12-18 23:45:29.181088,0 days 00:00:00.589140,kmeans,presence,60,10,COMPLETE
718,0.1749409844426817,2024-12-18 23:45:29.182756,2024-12-18 23:45:29.820262,0 days 00:00:00.637506,kmeans,presence,20,6,COMPLETE
719,0.11440314553267439,2024-12-18 23:45:29.821791,2024-12-18 23:45:30.341631,0 days 00:00:00.519840,kmeans,presence,105,7,COMPLETE
720,0.15381587524195425,2024-12-18 23:45:30.343234,2024-12-18 23:45:30.832143,0 days 00:00:00.488909,kmeans,presence,115,4,COMPLETE
721,0.20436038731773265,2024-12-18 23:45:30.833702,2024-12-18 23:45:31.316814,0 days 00:00:00.483112,kmeans,presence,115,10,COMPLETE
722,0.17262093346671814,2024-12-18 23:45:31.318368,2024-12-18 23:45:31.766470,0 days 00:00:00.448102,kmeans,presence,120,5,COMPLETE
723,0.13998425642901993,2024-12-18 23:45:31.767999,2024-12-18 23:45:32.248404,0 days 00:00:00.480405,kmeans,presence,115,10,COMPLETE
724,0.13899159256424112,2024-12-18 23:45:32.249851,2024-12-18 23:45:32.704777,0 days 00:00:00.454926,kmeans,presence,120,10,COMPLETE
725,0.17307771870787914,2024-12-18 23:45:32.706237,2024-12-18 23:45:33.251963,0 days 00:00:00.545726,kmeans,presence,90,6,COMPLETE
726,0.15202027680674482,2024-12-18 23:45:33.253437,2024-12-18 23:45:33.716832,0 days 00:00:00.463395,kmeans,presence,115,10,COMPLETE
727,0.16315732299446772,2024-12-18 23:45:33.718321,2024-12-18 23:45:34.213566,0 days 00:00:00.495245,kmeans,presence,110,10,COMPLETE
728,0.17394924190829256,2024-12-18 23:45:34.215020,2024-12-18 23:45:34.668722,0 days 00:00:00.453702,kmeans,presence,120,10,COMPLETE
729,0.1566140747209673,2024-12-18 23:45:34.670133,2024-12-18 23:45:35.321589,0 days 00:00:00.651456,kmeans,presence,15,8,COMPLETE
730,0.22923067059235905,2024-12-18 23:45:35.323119,2024-12-18 23:45:35.853410,0 days 00:00:00.530291,kmeans,presence,105,7,COMPLETE
731,0.1413289163775626,2024-12-18 23:45:35.854799,2024-12-18 23:45:36.386251,0 days 00:00:00.531452,kmeans,presence,100,6,COMPLETE
732,0.20729700305408572,2024-12-18 23:45:36.387814,2024-12-18 23:45:36.860972,0 days 00:00:00.473158,kmeans,presence,115,10,COMPLETE
733,0.22679224377706628,2024-12-18 23:45:36.862544,2024-12-18 23:45:37.370148,0 days 00:00:00.507604,kmeans,presence,110,10,COMPLETE
734,0.14618984598089577,2024-12-18 23:45:37.371611,2024-12-18 23:45:37.828278,0 days 00:00:00.456667,kmeans,presence,120,3,COMPLETE
735,0.19189476235163286,2024-12-18 23:45:37.829713,2024-12-18 23:45:38.302905,0 days 00:00:00.473192,kmeans,presence,115,5,COMPLETE
736,0.24476578822753903,2024-12-18 23:45:38.304371,2024-12-18 23:45:38.788315,0 days 00:00:00.483944,kmeans,presence,115,10,COMPLETE
737,0.19690752139572187,2024-12-18 23:45:38.789899,2024-12-18 23:45:39.289062,0 days 00:00:00.499163,kmeans,presence,110,10,COMPLETE
738,0.22896740911535374,2024-12-18 23:45:39.290573,2024-12-18 23:45:39.736806,0 days 00:00:00.446233,kmeans,presence,120,6,COMPLETE
739,0.19983086857112498,2024-12-18 23:45:39.738398,2024-12-18 23:45:40.381028,0 days 00:00:00.642630,kmeans,presence,15,7,COMPLETE
740,0.14821066429586713,2024-12-18 23:45:40.382611,2024-12-18 23:45:40.883213,0 days 00:00:00.500602,kmeans,presence,115,10,COMPLETE
741,0.1937942399568056,2024-12-18 23:45:40.884773,2024-12-18 23:45:41.348384,0 days 00:00:00.463611,kmeans,presence,120,4,COMPLETE
742,0.22123808202508952,2024-12-18 23:45:41.349927,2024-12-18 23:45:41.835367,0 days 00:00:00.485440,kmeans,presence,115,10,COMPLETE
743,0.23512491025788376,2024-12-18 23:45:41.836904,2024-12-18 23:45:42.321085,0 days 00:00:00.484181,kmeans,presence,110,7,COMPLETE
744,0.24213231369023855,2024-12-18 23:45:42.322642,2024-12-18 23:45:42.769183,0 days 00:00:00.446541,kmeans,presence,120,10,COMPLETE
745,0.24237292600454152,2024-12-18 23:45:42.770757,2024-12-18 23:45:43.249123,0 days 00:00:00.478366,kmeans,presence,115,6,COMPLETE
746,0.20539520305732006,2024-12-18 23:45:43.250590,2024-12-18 23:45:43.745714,0 days 00:00:00.495124,kmeans,presence,105,8,COMPLETE
747,0.1888292607273151,2024-12-18 23:45:43.747329,2024-12-18 23:45:44.280551,0 days 00:00:00.533222,kmeans,presence,100,4,COMPLETE
748,0.16474836160711873,2024-12-18 23:45:44.282260,2024-12-18 23:45:44.768769,0 days 00:00:00.486509,kmeans,presence,110,10,COMPLETE
749,0.1654618591615211,2024-12-18 23:45:44.770374,2024-12-18 23:45:45.223729,0 days 00:00:00.453355,kmeans,presence,120,10,COMPLETE
750,0.23713781521912022,2024-12-18 23:45:45.225315,2024-12-18 23:45:45.763748,0 days 00:00:00.538433,kmeans,presence,95,6,COMPLETE
751,0.168141532694749,2024-12-18 23:45:45.765341,2024-12-18 23:45:46.407365,0 days 00:00:00.642024,kmeans,presence,10,5,COMPLETE
752,0.17521202716787476,2024-12-18 23:45:46.408913,2024-12-18 23:45:46.882866,0 days 00:00:00.473953,kmeans,presence,115,10,COMPLETE
753,0.1955503203623871,2024-12-18 23:45:46.884359,2024-12-18 23:45:47.437401,0 days 00:00:00.553042,kmeans,presence,85,5,COMPLETE
754,0.22720656127580188,2024-12-18 23:45:47.439001,2024-12-18 23:45:47.881952,0 days 00:00:00.442951,kmeans,presence,120,9,COMPLETE
755,0.2495197499708882,2024-12-18 23:45:47.883534,2024-12-18 23:45:48.384686,0 days 00:00:00.501152,kmeans,presence,110,10,COMPLETE
756,0.1644748053365839,2024-12-18 23:45:48.386129,2024-12-18 23:45:48.873412,0 days 00:00:00.487283,kmeans,presence,115,9,COMPLETE
757,0.13094583495116208,2024-12-18 23:45:48.874515,2024-12-18 23:45:49.534564,0 days 00:00:00.660049,kmeans,presence,20,10,COMPLETE
758,0.13433396064927172,2024-12-18 23:45:49.536121,2024-12-18 23:45:49.976517,0 days 00:00:00.440396,kmeans,presence,120,7,COMPLETE
759,0.2402483477582801,2024-12-18 23:45:49.977770,2024-12-18 23:45:50.471042,0 days 00:00:00.493272,kmeans,presence,115,8,COMPLETE
760,0.147841826033856,2024-12-18 23:45:50.472241,2024-12-18 23:45:51.031305,0 days 00:00:00.559064,kmeans,presence,90,3,COMPLETE
761,0.1757742694642078,2024-12-18 23:45:51.032574,2024-12-18 23:45:51.512420,0 days 00:00:00.479846,kmeans,presence,115,10,COMPLETE
762,0.13151441726794857,2024-12-18 23:45:51.514004,2024-12-18 23:45:52.012694,0 days 00:00:00.498690,kmeans,presence,110,4,COMPLETE
763,0.1412449555847525,2024-12-18 23:45:52.014322,2024-12-18 23:45:52.610944,0 days 00:00:00.596622,kmeans,presence,50,10,COMPLETE
764,0.15824945534595053,2024-12-18 23:45:52.612392,2024-12-18 23:45:53.133516,0 days 00:00:00.521124,kmeans,presence,105,9,COMPLETE
765,0.12589568050814157,2024-12-18 23:45:53.135134,2024-12-18 23:45:53.576672,0 days 00:00:00.441538,kmeans,presence,120,6,COMPLETE
766,0.31000106773647124,2024-12-18 23:45:53.577951,2024-12-18 23:45:54.060226,0 days 00:00:00.482275,kmeans,presence,115,7,COMPLETE
767,0.17245636566890055,2024-12-18 23:45:54.061685,2024-12-18 23:45:54.507666,0 days 00:00:00.445981,kmeans,presence,120,7,COMPLETE
768,0.2997351176274535,2024-12-18 23:45:54.509121,2024-12-18 23:45:54.967162,0 days 00:00:00.458041,kmeans,presence,115,7,COMPLETE
769,0.14232460605945396,2024-12-18 23:45:54.968354,2024-12-18 23:45:55.426312,0 days 00:00:00.457958,kmeans,presence,120,7,COMPLETE
770,0.15949064901083024,2024-12-18 23:45:55.427868,2024-12-18 23:45:56.030665,0 days 00:00:00.602797,kmeans,presence,45,7,COMPLETE
771,0.1605589367428023,2024-12-18 23:45:56.032273,2024-12-18 23:45:56.493980,0 days 00:00:00.461707,kmeans,presence,115,7,COMPLETE
772,0.2767557568088359,2024-12-18 23:45:56.495585,2024-12-18 23:45:56.985784,0 days 00:00:00.490199,kmeans,presence,115,7,COMPLETE
773,0.28532445619569397,2024-12-18 23:45:56.987072,2024-12-18 23:45:57.552182,0 days 00:00:00.565110,kmeans,presence,60,7,COMPLETE
774,0.09986161516311465,2024-12-18 23:45:57.553423,2024-12-18 23:45:58.125837,0 days 00:00:00.572414,kmeans,presence,50,7,COMPLETE
775,0.11922270688757047,2024-12-18 23:45:58.127431,2024-12-18 23:45:58.724487,0 days 00:00:00.597056,kmeans,presence,55,7,COMPLETE
776,0.17179121191763666,2024-12-18 23:45:58.726076,2024-12-18 23:45:59.169482,0 days 00:00:00.443406,kmeans,presence,120,7,COMPLETE
777,0.14676298771098406,2024-12-18 23:45:59.171068,2024-12-18 23:45:59.609654,0 days 00:00:00.438586,kmeans,presence,120,7,COMPLETE
778,0.24447463472304812,2024-12-18 23:45:59.611304,2024-12-18 23:46:00.204380,0 days 00:00:00.593076,kmeans,presence,60,7,COMPLETE
779,0.3178736131884386,2024-12-18 23:46:00.205912,2024-12-18 23:46:00.681337,0 days 00:00:00.475425,kmeans,presence,115,7,COMPLETE
780,0.24701526469617288,2024-12-18 23:46:00.682862,2024-12-18 23:46:01.287845,0 days 00:00:00.604983,kmeans,presence,45,7,COMPLETE
781,0.15628022924444376,2024-12-18 23:46:01.289426,2024-12-18 23:46:01.906328,0 days 00:00:00.616902,kmeans,presence,25,7,COMPLETE
782,0.2477313468771644,2024-12-18 23:46:01.907901,2024-12-18 23:46:02.375284,0 days 00:00:00.467383,kmeans,presence,120,7,COMPLETE
783,0.16096508353248276,2024-12-18 23:46:02.376874,2024-12-18 23:46:02.871849,0 days 00:00:00.494975,kmeans,presence,115,7,COMPLETE
784,0.23132497292780027,2024-12-18 23:46:02.873111,2024-12-18 23:46:03.371462,0 days 00:00:00.498351,kmeans,presence,115,7,COMPLETE
785,0.16870605300105965,2024-12-18 23:46:03.372976,2024-12-18 23:46:04.075143,0 days 00:00:00.702167,kmeans,presence,15,7,COMPLETE
786,0.16632112474312896,2024-12-18 23:46:04.076696,2024-12-18 23:46:04.512351,0 days 00:00:00.435655,kmeans,presence,120,7,COMPLETE
787,0.2067268886927837,2024-12-18 23:46:04.513937,2024-12-18 23:46:05.139858,0 days 00:00:00.625921,kmeans,presence,20,7,COMPLETE
788,0.12808060932306964,2024-12-18 23:46:05.141527,2024-12-18 23:46:05.609838,0 days 00:00:00.468311,kmeans,presence,115,7,COMPLETE
789,0.19778032283347566,2024-12-18 23:46:05.611273,2024-12-18 23:46:06.046911,0 days 00:00:00.435638,kmeans,presence,120,7,COMPLETE
790,0.19656025167725658,2024-12-18 23:46:06.048521,2024-12-18 23:46:06.534917,0 days 00:00:00.486396,kmeans,presence,115,7,COMPLETE
791,0.1664939950717832,2024-12-18 23:46:06.536494,2024-12-18 23:46:07.024508,0 days 00:00:00.488014,kmeans,presence,115,7,COMPLETE
792,0.19598206806636498,2024-12-18 23:46:07.026125,2024-12-18 23:46:07.477905,0 days 00:00:00.451780,kmeans,presence,120,7,COMPLETE
793,0.19096376560813275,2024-12-18 23:46:07.479516,2024-12-18 23:46:07.974710,0 days 00:00:00.495194,kmeans,presence,110,7,COMPLETE
794,0.1833370526229634,2024-12-18 23:46:07.976245,2024-12-18 23:46:08.451562,0 days 00:00:00.475317,kmeans,presence,115,7,COMPLETE
795,0.19131096234049472,2024-12-18 23:46:08.453131,2024-12-18 23:46:08.910499,0 days 00:00:00.457368,kmeans,presence,120,7,COMPLETE
796,0.21165383215753245,2024-12-18 23:46:08.912020,2024-12-18 23:46:09.732781,0 days 00:00:00.820761,kmeans,presence,0,7,COMPLETE
797,0.12893117445398672,2024-12-18 23:46:09.734375,2024-12-18 23:46:10.214378,0 days 00:00:00.480003,kmeans,presence,120,7,COMPLETE
798,0.21348444809322142,2024-12-18 23:46:10.215990,2024-12-18 23:46:10.697069,0 days 00:00:00.481079,kmeans,presence,115,7,COMPLETE
799,0.14010092147970568,2024-12-18 23:46:10.698662,2024-12-18 23:46:11.204721,0 days 00:00:00.506059,kmeans,presence,110,7,COMPLETE
800,0.2220928642050044,2024-12-18 23:46:11.206323,2024-12-18 23:46:11.855553,0 days 00:00:00.649230,kmeans,presence,25,7,COMPLETE
801,0.14843282136660385,2024-12-18 23:46:11.857117,2024-12-18 23:46:12.347311,0 days 00:00:00.490194,kmeans,presence,115,7,COMPLETE
802,0.14076656512919253,2024-12-18 23:46:12.348937,2024-12-18 23:46:12.817965,0 days 00:00:00.469028,kmeans,presence,120,7,COMPLETE
803,0.16737209693716112,2024-12-18 23:46:12.819230,2024-12-18 23:46:13.343165,0 days 00:00:00.523935,kmeans,presence,110,7,COMPLETE
804,0.244024605179378,2024-12-18 23:46:13.344766,2024-12-18 23:46:13.841404,0 days 00:00:00.496638,kmeans,presence,115,7,COMPLETE
805,0.28133425986587807,2024-12-18 23:46:13.842958,2024-12-18 23:46:14.282767,0 days 00:00:00.439809,kmeans,presence,120,7,COMPLETE
806,0.1616794772819726,2024-12-18 23:46:14.284369,2024-12-18 23:46:14.929940,0 days 00:00:00.645571,kmeans,presence,40,7,COMPLETE
807,0.18309701313152474,2024-12-18 23:46:14.931598,2024-12-18 23:46:15.477382,0 days 00:00:00.545784,kmeans,presence,95,7,COMPLETE
808,0.20335004341151783,2024-12-18 23:46:15.478923,2024-12-18 23:46:15.960485,0 days 00:00:00.481562,kmeans,presence,115,7,COMPLETE
809,0.22386466445206668,2024-12-18 23:46:15.962007,2024-12-18 23:46:16.459752,0 days 00:00:00.497745,kmeans,presence,110,7,COMPLETE
810,0.202985528435265,2024-12-18 23:46:16.461310,2024-12-18 23:46:16.913277,0 days 00:00:00.451967,kmeans,presence,120,8,COMPLETE
811,0.14468482950147885,2024-12-18 23:46:16.914576,2024-12-18 23:46:17.409156,0 days 00:00:00.494580,kmeans,presence,115,7,COMPLETE
812,0.20522188660892426,2024-12-18 23:46:17.410783,2024-12-18 23:46:17.904614,0 days 00:00:00.493831,kmeans,presence,115,7,COMPLETE
813,0.20759201461981838,2024-12-18 23:46:17.906123,2024-12-18 23:46:18.360467,0 days 00:00:00.454344,kmeans,presence,120,7,COMPLETE
814,0.10959067212467566,2024-12-18 23:46:18.361962,2024-12-18 23:46:18.995557,0 days 00:00:00.633595,kmeans,presence,45,8,COMPLETE
815,0.17471649676309134,2024-12-18 23:46:18.997110,2024-12-18 23:46:19.493723,0 days 00:00:00.496613,kmeans,presence,110,7,COMPLETE
816,0.16938171297746063,2024-12-18 23:46:19.495348,2024-12-18 23:46:20.031175,0 days 00:00:00.535827,kmeans,presence,100,7,COMPLETE
817,0.12614201156403285,2024-12-18 23:46:20.032749,2024-12-18 23:46:20.622086,0 days 00:00:00.589337,kmeans,presence,55,8,COMPLETE
818,0.15251961474827974,2024-12-18 23:46:20.623708,2024-12-18 23:46:21.096240,0 days 00:00:00.472532,kmeans,presence,115,7,COMPLETE
819,0.21020220683888458,2024-12-18 23:46:21.097820,2024-12-18 23:46:21.544556,0 days 00:00:00.446736,kmeans,presence,120,7,COMPLETE
820,0.16791463900362172,2024-12-18 23:46:21.546161,2024-12-18 23:46:22.033874,0 days 00:00:00.487713,kmeans,presence,115,7,COMPLETE
821,0.1636986408186745,2024-12-18 23:46:22.035333,2024-12-18 23:46:22.539729,0 days 00:00:00.504396,kmeans,presence,115,8,COMPLETE
822,0.1891732263467857,2024-12-18 23:46:22.541361,2024-12-18 23:46:23.021348,0 days 00:00:00.479987,kmeans,presence,120,7,COMPLETE
823,0.15327844003877397,2024-12-18 23:46:23.023018,2024-12-18 23:46:23.594201,0 days 00:00:00.571183,kmeans,presence,50,2,COMPLETE
824,0.12676041265144525,2024-12-18 23:46:23.595792,2024-12-18 23:46:24.231902,0 days 00:00:00.636110,kmeans,presence,20,7,COMPLETE
825,0.17597400290606546,2024-12-18 23:46:24.233506,2024-12-18 23:46:24.713049,0 days 00:00:00.479543,kmeans,presence,110,8,COMPLETE
826,0.17595834625370563,2024-12-18 23:46:24.714551,2024-12-18 23:46:25.153597,0 days 00:00:00.439046,kmeans,presence,120,4,COMPLETE
827,0.2042063047305046,2024-12-18 23:46:25.154814,2024-12-18 23:46:25.638766,0 days 00:00:00.483952,kmeans,presence,115,7,COMPLETE
828,0.24963539688912875,2024-12-18 23:46:25.640399,2024-12-18 23:46:26.167828,0 days 00:00:00.527429,kmeans,presence,110,7,COMPLETE
829,0.22112162660901813,2024-12-18 23:46:26.169063,2024-12-18 23:46:26.610514,0 days 00:00:00.441451,kmeans,presence,120,5,COMPLETE
830,0.11267833180013964,2024-12-18 23:46:26.612051,2024-12-18 23:46:27.199791,0 days 00:00:00.587740,kmeans,presence,65,3,COMPLETE
831,0.23441089641538845,2024-12-18 23:46:27.201369,2024-12-18 23:46:27.752577,0 days 00:00:00.551208,kmeans,presence,95,9,COMPLETE
832,0.1496547829076725,2024-12-18 23:46:27.754076,2024-12-18 23:46:28.257102,0 days 00:00:00.503026,kmeans,presence,115,7,COMPLETE
833,0.26437698194995035,2024-12-18 23:46:28.258721,2024-12-18 23:46:28.870061,0 days 00:00:00.611340,kmeans,presence,35,7,COMPLETE
834,0.29103844992465305,2024-12-18 23:46:28.871669,2024-12-18 23:46:29.315090,0 days 00:00:00.443421,kmeans,presence,120,8,COMPLETE
835,0.1635180494073022,2024-12-18 23:46:29.316599,2024-12-18 23:46:29.781180,0 days 00:00:00.464581,kmeans,presence,120,8,COMPLETE
836,0.15662514596230825,2024-12-18 23:46:29.782474,2024-12-18 23:46:30.232410,0 days 00:00:00.449936,kmeans,presence,120,9,COMPLETE
837,0.24207693286300602,2024-12-18 23:46:30.233908,2024-12-18 23:46:30.679998,0 days 00:00:00.446090,kmeans,presence,120,9,COMPLETE
838,0.1542499640234751,2024-12-18 23:46:30.681588,2024-12-18 23:46:31.139835,0 days 00:00:00.458247,kmeans,presence,120,8,COMPLETE
839,0.19247630013659692,2024-12-18 23:46:31.141442,2024-12-18 23:46:31.600209,0 days 00:00:00.458767,kmeans,presence,120,8,COMPLETE
840,0.30298456757632924,2024-12-18 23:46:31.601840,2024-12-18 23:46:32.073638,0 days 00:00:00.471798,kmeans,presence,120,8,COMPLETE
841,0.13430899402555418,2024-12-18 23:46:32.075187,2024-12-18 23:46:32.532068,0 days 00:00:00.456881,kmeans,presence,120,8,COMPLETE
842,0.16468158783011771,2024-12-18 23:46:32.533661,2024-12-18 23:46:32.990309,0 days 00:00:00.456648,kmeans,presence,120,9,COMPLETE
843,0.20614325129596822,2024-12-18 23:46:32.991609,2024-12-18 23:46:33.460973,0 days 00:00:00.469364,kmeans,presence,120,8,COMPLETE
844,0.14788554335533166,2024-12-18 23:46:33.462195,2024-12-18 23:46:33.922870,0 days 00:00:00.460675,kmeans,presence,120,8,COMPLETE
845,0.17826442271021467,2024-12-18 23:46:33.924489,2024-12-18 23:46:34.381662,0 days 00:00:00.457173,kmeans,presence,120,8,COMPLETE
846,0.15669318700457927,2024-12-18 23:46:34.383210,2024-12-18 23:46:34.843058,0 days 00:00:00.459848,kmeans,presence,120,8,COMPLETE
847,0.26195463440867645,2024-12-18 23:46:34.844554,2024-12-18 23:46:35.286938,0 days 00:00:00.442384,kmeans,presence,120,8,COMPLETE
848,0.13438511725003596,2024-12-18 23:46:35.288429,2024-12-18 23:46:35.720417,0 days 00:00:00.431988,kmeans,presence,120,9,COMPLETE
849,0.1725035354372355,2024-12-18 23:46:35.721917,2024-12-18 23:46:36.195678,0 days 00:00:00.473761,kmeans,presence,115,9,COMPLETE
850,0.2378619816407291,2024-12-18 23:46:36.197286,2024-12-18 23:46:36.677553,0 days 00:00:00.480267,kmeans,presence,115,8,COMPLETE
851,0.14473731190337283,2024-12-18 23:46:36.679158,2024-12-18 23:46:37.123681,0 days 00:00:00.444523,kmeans,presence,120,8,COMPLETE
852,0.10746697441124371,2024-12-18 23:46:37.125260,2024-12-18 23:46:37.611895,0 days 00:00:00.486635,kmeans,presence,115,9,COMPLETE
853,0.1724977715348935,2024-12-18 23:46:37.613493,2024-12-18 23:46:38.080280,0 days 00:00:00.466787,kmeans,presence,120,9,COMPLETE
854,0.21797806884969337,2024-12-18 23:46:38.081717,2024-12-18 23:46:38.541823,0 days 00:00:00.460106,kmeans,presence,115,9,COMPLETE
855,0.13165544329559256,2024-12-18 23:46:38.543354,2024-12-18 23:46:38.994068,0 days 00:00:00.450714,kmeans,presence,120,8,COMPLETE
856,0.18854472202475572,2024-12-18 23:46:38.995511,2024-12-18 23:46:39.489340,0 days 00:00:00.493829,kmeans,presence,115,9,COMPLETE
857,0.17796445690875248,2024-12-18 23:46:39.490933,2024-12-18 23:46:39.963624,0 days 00:00:00.472691,kmeans,presence,115,9,COMPLETE
858,0.16786926217257628,2024-12-18 23:46:39.965241,2024-12-18 23:46:40.421707,0 days 00:00:00.456466,kmeans,presence,120,9,COMPLETE
859,0.14856857689748168,2024-12-18 23:46:40.423244,2024-12-18 23:46:40.910329,0 days 00:00:00.487085,kmeans,presence,115,8,COMPLETE
860,0.17556664416439496,2024-12-18 23:46:40.911901,2024-12-18 23:46:41.355468,0 days 00:00:00.443567,kmeans,presence,120,9,COMPLETE
861,0.22015249133783424,2024-12-18 23:46:41.357079,2024-12-18 23:46:41.823219,0 days 00:00:00.466140,kmeans,presence,120,8,COMPLETE
862,0.17047260198928896,2024-12-18 23:46:41.824740,2024-12-18 23:46:42.329113,0 days 00:00:00.504373,kmeans,presence,115,9,COMPLETE
863,0.21349169886249275,2024-12-18 23:46:42.330641,2024-12-18 23:46:42.835204,0 days 00:00:00.504563,kmeans,presence,110,5,COMPLETE
864,0.23880556480456785,2024-12-18 23:46:42.836722,2024-12-18 23:46:43.307927,0 days 00:00:00.471205,kmeans,presence,115,4,COMPLETE
865,0.21900078498859252,2024-12-18 23:46:43.309440,2024-12-18 23:46:43.968529,0 days 00:00:00.659089,kmeans,presence,15,9,COMPLETE
866,0.22640725431062583,2024-12-18 23:46:43.969748,2024-12-18 23:46:44.425949,0 days 00:00:00.456201,kmeans,presence,120,7,COMPLETE
867,0.21214429177733693,2024-12-18 23:46:44.427616,2024-12-18 23:46:45.061104,0 days 00:00:00.633488,kmeans,presence,25,2,COMPLETE
868,0.19567697440722553,2024-12-18 23:46:45.062565,2024-12-18 23:46:45.529412,0 days 00:00:00.466847,kmeans,presence,115,3,COMPLETE
869,0.15727296957154444,2024-12-18 23:46:45.530920,2024-12-18 23:46:46.000560,0 days 00:00:00.469640,kmeans,presence,120,8,COMPLETE
870,0.23864302045295108,2024-12-18 23:46:46.002203,2024-12-18 23:46:46.485829,0 days 00:00:00.483626,kmeans,presence,115,7,COMPLETE
871,0.11394128123008485,2024-12-18 23:46:46.487278,2024-12-18 23:46:47.050920,0 days 00:00:00.563642,kmeans,presence,105,9,COMPLETE
872,0.1450859734692983,2024-12-18 23:46:47.052421,2024-12-18 23:46:47.612503,0 days 00:00:00.560082,kmeans,presence,110,7,COMPLETE
873,0.1573188313083194,2024-12-18 23:46:47.613625,2024-12-18 23:46:48.071594,0 days 00:00:00.457969,kmeans,presence,120,5,COMPLETE
874,0.2451594745268146,2024-12-18 23:46:48.072737,2024-12-18 23:46:48.614722,0 days 00:00:00.541985,kmeans,presence,100,8,COMPLETE
875,0.17871803037240283,2024-12-18 23:46:48.615932,2024-12-18 23:46:49.072871,0 days 00:00:00.456939,kmeans,presence,120,9,COMPLETE
876,0.1695835281207314,2024-12-18 23:46:49.073949,2024-12-18 23:46:49.735568,0 days 00:00:00.661619,kmeans,presence,5,5,COMPLETE
877,0.22997059856789684,2024-12-18 23:46:49.736672,2024-12-18 23:46:50.249972,0 days 00:00:00.513300,kmeans,presence,115,7,COMPLETE
878,0.19189274113256616,2024-12-18 23:46:50.251578,2024-12-18 23:46:50.767512,0 days 00:00:00.515934,kmeans,presence,110,9,COMPLETE
879,0.17238249395275082,2024-12-18 23:46:50.768796,2024-12-18 23:46:51.212218,0 days 00:00:00.443422,kmeans,presence,120,7,COMPLETE
880,0.18725529503489316,2024-12-18 23:46:51.213519,2024-12-18 23:46:51.697191,0 days 00:00:00.483672,kmeans,presence,115,4,COMPLETE
881,0.1426193308737657,2024-12-18 23:46:51.698790,2024-12-18 23:46:52.318037,0 days 00:00:00.619247,kmeans,presence,20,8,COMPLETE
882,0.15535859411113032,2024-12-18 23:46:52.319570,2024-12-18 23:46:52.792987,0 days 00:00:00.473417,kmeans,presence,115,7,COMPLETE
883,0.20180880700998535,2024-12-18 23:46:52.794570,2024-12-18 23:46:53.381590,0 days 00:00:00.587020,kmeans,presence,30,9,COMPLETE
884,0.29555118966373667,2024-12-18 23:46:53.383120,2024-12-18 23:46:53.831067,0 days 00:00:00.447947,kmeans,presence,120,7,COMPLETE
885,0.26013650912830544,2024-12-18 23:46:53.832501,2024-12-18 23:46:54.338963,0 days 00:00:00.506462,kmeans,presence,110,7,COMPLETE
886,0.20325556856606827,2024-12-18 23:46:54.340446,2024-12-18 23:46:54.782154,0 days 00:00:00.441708,kmeans,presence,120,7,COMPLETE
887,0.14382133090009408,2024-12-18 23:46:54.783463,2024-12-18 23:46:55.256519,0 days 00:00:00.473056,kmeans,presence,115,7,COMPLETE
888,0.1795707779536262,2024-12-18 23:46:55.258143,2024-12-18 23:46:55.734780,0 days 00:00:00.476637,kmeans,presence,115,7,COMPLETE
889,0.1252010806828067,2024-12-18 23:46:55.736421,2024-12-18 23:46:56.186489,0 days 00:00:00.450068,kmeans,presence,120,7,COMPLETE
890,0.17098320253708155,2024-12-18 23:46:56.188046,2024-12-18 23:46:56.703683,0 days 00:00:00.515637,kmeans,presence,105,7,COMPLETE
891,0.169653551593714,2024-12-18 23:46:56.705315,2024-12-18 23:46:57.267112,0 days 00:00:00.561797,kmeans,presence,95,7,COMPLETE
892,0.1849885734861082,2024-12-18 23:46:57.268635,2024-12-18 23:46:57.722187,0 days 00:00:00.453552,kmeans,presence,120,7,COMPLETE
893,0.22315547268172434,2024-12-18 23:46:57.723597,2024-12-18 23:46:58.239562,0 days 00:00:00.515965,kmeans,presence,110,7,COMPLETE
894,0.1672090737356803,2024-12-18 23:46:58.241137,2024-12-18 23:46:58.747365,0 days 00:00:00.506228,kmeans,presence,110,7,COMPLETE
895,0.14057698558874385,2024-12-18 23:46:58.749060,2024-12-18 23:46:59.252493,0 days 00:00:00.503433,kmeans,presence,115,7,COMPLETE
896,0.1829312877739996,2024-12-18 23:46:59.254123,2024-12-18 23:46:59.732555,0 days 00:00:00.478432,kmeans,presence,115,7,COMPLETE
897,0.2100372907154465,2024-12-18 23:46:59.734053,2024-12-18 23:47:00.360421,0 days 00:00:00.626368,kmeans,presence,25,6,COMPLETE
898,0.22676382401909032,2024-12-18 23:47:00.362069,2024-12-18 23:47:00.824952,0 days 00:00:00.462883,kmeans,presence,120,7,COMPLETE
899,0.13233308281141018,2024-12-18 23:47:00.826164,2024-12-18 23:47:01.289145,0 days 00:00:00.462981,kmeans,presence,120,7,COMPLETE
900,0.14763422196386616,2024-12-18 23:47:01.290785,2024-12-18 23:47:01.933350,0 days 00:00:00.642565,kmeans,presence,10,7,COMPLETE
901,0.12742690042255087,2024-12-18 23:47:01.934887,2024-12-18 23:47:02.475814,0 days 00:00:00.540927,kmeans,presence,90,7,COMPLETE
902,0.1957803985310926,2024-12-18 23:47:02.477352,2024-12-18 23:47:02.958205,0 days 00:00:00.480853,kmeans,presence,115,4,COMPLETE
903,0.2789142027843994,2024-12-18 23:47:02.959797,2024-12-18 23:47:03.439656,0 days 00:00:00.479859,kmeans,presence,115,8,COMPLETE
904,0.156980506356202,2024-12-18 23:47:03.441155,2024-12-18 23:47:03.940026,0 days 00:00:00.498871,kmeans,presence,110,3,COMPLETE
905,0.1692709284897279,2024-12-18 23:47:03.941654,2024-12-18 23:47:04.407413,0 days 00:00:00.465759,kmeans,presence,120,6,COMPLETE
906,0.14872239797707187,2024-12-18 23:47:04.409050,2024-12-18 23:47:04.917230,0 days 00:00:00.508180,kmeans,presence,110,7,COMPLETE
907,0.11901209883257013,2024-12-18 23:47:04.918888,2024-12-18 23:47:05.567660,0 days 00:00:00.648772,kmeans,presence,20,7,COMPLETE
908,0.13447268868939852,2024-12-18 23:47:05.568854,2024-12-18 23:47:06.041517,0 days 00:00:00.472663,kmeans,presence,115,5,COMPLETE
909,0.21806479595790518,2024-12-18 23:47:06.043013,2024-12-18 23:47:06.570070,0 days 00:00:00.527057,kmeans,presence,100,8,COMPLETE
910,0.17721901606333487,2024-12-18 23:47:06.571711,2024-12-18 23:47:07.034779,0 days 00:00:00.463068,kmeans,presence,120,7,COMPLETE
911,0.215752488859387,2024-12-18 23:47:07.036453,2024-12-18 23:47:07.543303,0 days 00:00:00.506850,kmeans,presence,115,7,COMPLETE
912,0.2790854990609098,2024-12-18 23:47:07.544923,2024-12-18 23:47:07.988479,0 days 00:00:00.443556,kmeans,presence,120,8,COMPLETE
913,0.13882914432613203,2024-12-18 23:47:07.989968,2024-12-18 23:47:08.482970,0 days 00:00:00.493002,kmeans,presence,105,6,COMPLETE
914,0.19338176707988444,2024-12-18 23:47:08.484472,2024-12-18 23:47:09.094940,0 days 00:00:00.610468,kmeans,presence,15,5,COMPLETE
915,0.21122634529256124,2024-12-18 23:47:09.096392,2024-12-18 23:47:09.620425,0 days 00:00:00.524033,kmeans,presence,100,6,COMPLETE
916,0.2278858436499347,2024-12-18 23:47:09.621943,2024-12-18 23:47:10.068997,0 days 00:00:00.447054,kmeans,presence,120,3,COMPLETE
917,0.14627769725353618,2024-12-18 23:47:10.070618,2024-12-18 23:47:10.550477,0 days 00:00:00.479859,kmeans,presence,115,7,COMPLETE
918,0.21493460110192467,2024-12-18 23:47:10.552086,2024-12-18 23:47:11.048625,0 days 00:00:00.496539,kmeans,presence,110,4,COMPLETE
919,0.18986773427062328,2024-12-18 23:47:11.050023,2024-12-18 23:47:11.535516,0 days 00:00:00.485493,kmeans,presence,115,7,COMPLETE
920,0.23075888031336667,2024-12-18 23:47:11.536896,2024-12-18 23:47:11.980915,0 days 00:00:00.444019,kmeans,presence,120,7,COMPLETE
921,0.19375042153325864,2024-12-18 23:47:11.982120,2024-12-18 23:47:12.585967,0 days 00:00:00.603847,kmeans,presence,30,5,COMPLETE
922,0.15352780318404993,2024-12-18 23:47:12.587479,2024-12-18 23:47:13.065742,0 days 00:00:00.478263,kmeans,presence,115,7,COMPLETE
923,0.16207590235685027,2024-12-18 23:47:13.067282,2024-12-18 23:47:13.511331,0 days 00:00:00.444049,kmeans,presence,120,8,COMPLETE
924,0.1909144844680749,2024-12-18 23:47:13.512967,2024-12-18 23:47:13.999170,0 days 00:00:00.486203,kmeans,presence,105,7,COMPLETE
925,0.2770319451455654,2024-12-18 23:47:14.000502,2024-12-18 23:47:14.467128,0 days 00:00:00.466626,kmeans,presence,115,4,COMPLETE
926,0.2199049652070101,2024-12-18 23:47:14.468744,2024-12-18 23:47:14.973472,0 days 00:00:00.504728,kmeans,presence,110,6,COMPLETE
927,0.18128619346984406,2024-12-18 23:47:14.975095,2024-12-18 23:47:15.517170,0 days 00:00:00.542075,kmeans,presence,95,2,COMPLETE
928,0.18236542946338627,2024-12-18 23:47:15.518707,2024-12-18 23:47:15.959585,0 days 00:00:00.440878,kmeans,presence,120,7,COMPLETE
929,0.1941669882939944,2024-12-18 23:47:15.961213,2024-12-18 23:47:16.431562,0 days 00:00:00.470349,kmeans,presence,115,8,COMPLETE
930,0.13386320453380143,2024-12-18 23:47:16.433119,2024-12-18 23:47:16.919276,0 days 00:00:00.486157,kmeans,presence,110,6,COMPLETE
931,0.16395385305940316,2024-12-18 23:47:16.920795,2024-12-18 23:47:17.376006,0 days 00:00:00.455211,kmeans,presence,120,7,COMPLETE
932,0.1508968561954677,2024-12-18 23:47:17.377554,2024-12-18 23:47:17.847698,0 days 00:00:00.470144,kmeans,presence,115,5,COMPLETE
933,0.14514451831994843,2024-12-18 23:47:17.849275,2024-12-18 23:47:18.280697,0 days 00:00:00.431422,kmeans,presence,120,8,COMPLETE
934,0.1800675394011967,2024-12-18 23:47:18.282339,2024-12-18 23:47:18.768488,0 days 00:00:00.486149,kmeans,presence,110,6,COMPLETE
935,0.13921641541567617,2024-12-18 23:47:18.769732,2024-12-18 23:47:19.257118,0 days 00:00:00.487386,kmeans,presence,115,3,COMPLETE
936,0.2586617846842994,2024-12-18 23:47:19.258647,2024-12-18 23:47:19.867114,0 days 00:00:00.608467,kmeans,presence,35,7,COMPLETE
937,0.19190748727787624,2024-12-18 23:47:19.868437,2024-12-18 23:47:20.453704,0 days 00:00:00.585267,kmeans,presence,40,7,COMPLETE
938,0.24150233410043778,2024-12-18 23:47:20.455253,2024-12-18 23:47:20.907393,0 days 00:00:00.452140,kmeans,presence,120,7,COMPLETE
939,0.214806501190504,2024-12-18 23:47:20.908910,2024-12-18 23:47:21.391315,0 days 00:00:00.482405,kmeans,presence,115,6,COMPLETE
940,0.1704039908125766,2024-12-18 23:47:21.393146,2024-12-18 23:47:21.832351,0 days 00:00:00.439205,kmeans,presence,120,4,COMPLETE
941,0.13825236842872649,2024-12-18 23:47:21.833981,2024-12-18 23:47:22.325300,0 days 00:00:00.491319,kmeans,presence,105,7,COMPLETE
942,0.1610758761117421,2024-12-18 23:47:22.326943,2024-12-18 23:47:22.824777,0 days 00:00:00.497834,kmeans,presence,110,8,COMPLETE
943,0.2265784797287684,2024-12-18 23:47:22.826425,2024-12-18 23:47:23.307254,0 days 00:00:00.480829,kmeans,presence,115,7,COMPLETE
944,0.16163007105072355,2024-12-18 23:47:23.308582,2024-12-18 23:47:23.759696,0 days 00:00:00.451114,kmeans,presence,120,8,COMPLETE
945,0.24445054172545397,2024-12-18 23:47:23.761331,2024-12-18 23:47:24.233470,0 days 00:00:00.472139,kmeans,presence,115,5,COMPLETE
946,0.2003859446336901,2024-12-18 23:47:24.235089,2024-12-18 23:47:24.767048,0 days 00:00:00.531959,kmeans,presence,90,5,COMPLETE
947,0.11658720741763524,2024-12-18 23:47:24.768275,2024-12-18 23:47:25.199179,0 days 00:00:00.430904,kmeans,presence,120,7,COMPLETE
948,0.2237666144402939,2024-12-18 23:47:25.200623,2024-12-18 23:47:25.676484,0 days 00:00:00.475861,kmeans,presence,115,7,COMPLETE
949,0.24515664029904463,2024-12-18 23:47:25.678122,2024-12-18 23:47:26.187403,0 days 00:00:00.509281,kmeans,presence,105,4,COMPLETE
950,0.23612336407219447,2024-12-18 23:47:26.189159,2024-12-18 23:47:26.671208,0 days 00:00:00.482049,kmeans,presence,110,7,COMPLETE
951,0.15262108719595163,2024-12-18 23:47:26.672823,2024-12-18 23:47:27.118630,0 days 00:00:00.445807,kmeans,presence,120,7,COMPLETE
952,0.21556527688548446,2024-12-18 23:47:27.120306,2024-12-18 23:47:27.720037,0 days 00:00:00.599731,kmeans,presence,20,8,COMPLETE
953,0.16097714229615312,2024-12-18 23:47:27.721567,2024-12-18 23:47:28.209769,0 days 00:00:00.488202,kmeans,presence,115,3,COMPLETE
954,0.18231117747060763,2024-12-18 23:47:28.211049,2024-12-18 23:47:28.709933,0 days 00:00:00.498884,kmeans,presence,110,6,COMPLETE
955,0.17641586112279015,2024-12-18 23:47:28.711491,2024-12-18 23:47:29.338764,0 days 00:00:00.627273,kmeans,presence,15,5,COMPLETE
956,0.22826629426986342,2024-12-18 23:47:29.340263,2024-12-18 23:47:29.767865,0 days 00:00:00.427602,kmeans,presence,120,9,COMPLETE
957,0.1620567421673279,2024-12-18 23:47:29.769071,2024-12-18 23:47:30.363662,0 days 00:00:00.594591,kmeans,presence,45,9,COMPLETE
958,0.17963596230350945,2024-12-18 23:47:30.365293,2024-12-18 23:47:30.959792,0 days 00:00:00.594499,kmeans,presence,25,7,COMPLETE
959,0.15025648256976584,2024-12-18 23:47:30.961448,2024-12-18 23:47:31.774767,0 days 00:00:00.813319,kmeans,presence,0,8,COMPLETE
960,0.19626640333050027,2024-12-18 23:47:31.776019,2024-12-18 23:47:32.305229,0 days 00:00:00.529210,kmeans,presence,95,6,COMPLETE
961,0.18057400512941246,2024-12-18 23:47:32.306710,2024-12-18 23:47:32.762944,0 days 00:00:00.456234,kmeans,presence,115,4,COMPLETE
962,0.20495503790279243,2024-12-18 23:47:32.764617,2024-12-18 23:47:33.215772,0 days 00:00:00.451155,kmeans,presence,120,7,COMPLETE
963,0.2205928556782011,2024-12-18 23:47:33.217110,2024-12-18 23:47:33.740628,0 days 00:00:00.523518,kmeans,presence,110,9,COMPLETE
964,0.15159401035015943,2024-12-18 23:47:33.742292,2024-12-18 23:47:34.219899,0 days 00:00:00.477607,kmeans,presence,115,7,COMPLETE
965,0.24088794673112987,2024-12-18 23:47:34.221201,2024-12-18 23:47:34.659790,0 days 00:00:00.438589,kmeans,presence,120,6,COMPLETE
966,0.17492295537258193,2024-12-18 23:47:34.661462,2024-12-18 23:47:35.183171,0 days 00:00:00.521709,kmeans,presence,115,7,COMPLETE
967,0.31007782159444075,2024-12-18 23:47:35.184988,2024-12-18 23:47:35.622245,0 days 00:00:00.437257,kmeans,presence,120,9,COMPLETE
968,0.16756114060582686,2024-12-18 23:47:35.623810,2024-12-18 23:47:36.086282,0 days 00:00:00.462472,kmeans,presence,120,9,COMPLETE
969,0.19959282320177407,2024-12-18 23:47:36.087811,2024-12-18 23:47:36.539740,0 days 00:00:00.451929,kmeans,presence,120,9,COMPLETE
970,0.1459312489031878,2024-12-18 23:47:36.541415,2024-12-18 23:47:36.991522,0 days 00:00:00.450107,kmeans,presence,120,6,COMPLETE
971,0.18569980074655482,2024-12-18 23:47:36.992865,2024-12-18 23:47:37.431180,0 days 00:00:00.438315,kmeans,presence,120,9,COMPLETE
972,0.18476857971933217,2024-12-18 23:47:37.432719,2024-12-18 23:47:37.873681,0 days 00:00:00.440962,kmeans,presence,120,9,COMPLETE
973,0.1510372226493764,2024-12-18 23:47:37.875207,2024-12-18 23:47:38.314935,0 days 00:00:00.439728,kmeans,presence,120,6,COMPLETE
974,0.20781712353494633,2024-12-18 23:47:38.316581,2024-12-18 23:47:38.930051,0 days 00:00:00.613470,kmeans,presence,10,9,COMPLETE
975,0.16179934126950615,2024-12-18 23:47:38.931587,2024-12-18 23:47:39.362465,0 days 00:00:00.430878,kmeans,presence,120,6,COMPLETE
976,0.14719311714773448,2024-12-18 23:47:39.363998,2024-12-18 23:47:39.810661,0 days 00:00:00.446663,kmeans,presence,120,9,COMPLETE
977,0.15400235002603982,2024-12-18 23:47:39.812322,2024-12-18 23:47:40.250499,0 days 00:00:00.438177,kmeans,presence,120,6,COMPLETE
978,0.14426016973851188,2024-12-18 23:47:40.252037,2024-12-18 23:47:40.719458,0 days 00:00:00.467421,kmeans,presence,115,9,COMPLETE
979,0.2719826548646504,2024-12-18 23:47:40.721005,2024-12-18 23:47:41.167641,0 days 00:00:00.446636,kmeans,presence,120,9,COMPLETE
980,0.19026887095818804,2024-12-18 23:47:41.169322,2024-12-18 23:47:41.639155,0 days 00:00:00.469833,kmeans,presence,115,6,COMPLETE
981,0.17285901262715084,2024-12-18 23:47:41.640826,2024-12-18 23:47:42.085556,0 days 00:00:00.444730,kmeans,presence,120,9,COMPLETE
982,0.11806058739183328,2024-12-18 23:47:42.087025,2024-12-18 23:47:42.580328,0 days 00:00:00.493303,kmeans,presence,115,9,COMPLETE
983,0.17392807676171584,2024-12-18 23:47:42.581921,2024-12-18 23:47:43.052554,0 days 00:00:00.470633,kmeans,presence,120,9,COMPLETE
984,0.1462185750673151,2024-12-18 23:47:43.053870,2024-12-18 23:47:43.516001,0 days 00:00:00.462131,kmeans,presence,115,6,COMPLETE
985,0.2599069813795977,2024-12-18 23:47:43.517745,2024-12-18 23:47:43.991578,0 days 00:00:00.473833,kmeans,presence,115,9,COMPLETE
986,0.19618769260859462,2024-12-18 23:47:43.993258,2024-12-18 23:47:44.576687,0 days 00:00:00.583429,kmeans,presence,40,6,COMPLETE
987,0.24071162269764623,2024-12-18 23:47:44.578202,2024-12-18 23:47:45.016474,0 days 00:00:00.438272,kmeans,presence,120,9,COMPLETE
988,0.11361510802172751,2024-12-18 23:47:45.018123,2024-12-18 23:47:45.628301,0 days 00:00:00.610178,kmeans,presence,35,9,COMPLETE
989,0.17818202657468865,2024-12-18 23:47:45.629959,2024-12-18 23:47:46.058270,0 days 00:00:00.428311,kmeans,presence,120,6,COMPLETE
990,0.16558406045815716,2024-12-18 23:47:46.059840,2024-12-18 23:47:46.595359,0 days 00:00:00.535519,kmeans,presence,95,9,COMPLETE
991,0.15274578730178553,2024-12-18 23:47:46.596700,2024-12-18 23:47:47.212864,0 days 00:00:00.616164,kmeans,presence,30,8,COMPLETE
992,0.13429602014540504,2024-12-18 23:47:47.214535,2024-12-18 23:47:47.680974,0 days 00:00:00.466439,kmeans,presence,115,6,COMPLETE
993,0.19862518104934282,2024-12-18 23:47:47.682526,2024-12-18 23:47:48.250755,0 days 00:00:00.568229,kmeans,presence,55,9,COMPLETE
994,0.2693153794163028,2024-12-18 23:47:48.252419,2024-12-18 23:47:48.690141,0 days 00:00:00.437722,kmeans,presence,120,2,COMPLETE
995,0.14730412286036976,2024-12-18 23:47:48.691802,2024-12-18 23:47:49.312391,0 days 00:00:00.620589,kmeans,presence,20,6,COMPLETE
996,0.13375574684703725,2024-12-18 23:47:49.314051,2024-12-18 23:47:49.785066,0 days 00:00:00.471015,kmeans,presence,115,8,COMPLETE
997,0.2418842835420849,2024-12-18 23:47:49.786682,2024-12-18 23:47:50.251396,0 days 00:00:00.464714,kmeans,presence,120,3,COMPLETE
998,0.1439814779969464,2024-12-18 23:47:50.253061,2024-12-18 23:47:50.728448,0 days 00:00:00.475387,kmeans,presence,115,9,COMPLETE
999,0.19040727259911763,2024-12-18 23:47:50.730001,2024-12-18 23:47:51.224722,0 days 00:00:00.494721,kmeans,presence,115,9,COMPLETE
