number,value,datetime_start,datetime_complete,duration,params_algorithm,params_filter_criteria,params_filter_threshold,params_k,state
0,0.5357862512429249,2024-12-18 23:47:51.288498,2024-12-18 23:47:51.389369,0 days 00:00:00.100871,kmeans,abundance,1.8,3,COMPLETE
1,0.4715475409661783,2024-12-18 23:47:51.391004,2024-12-18 23:47:51.484895,0 days 00:00:00.093891,kmeans,abundance,2.1,5,COMPLETE
2,0.40877554612695,2024-12-18 23:47:51.486245,2024-12-18 23:47:51.642096,0 days 00:00:00.155851,kmeans,abundance,0.1,10,COMPLETE
3,0.5856306178251075,2024-12-18 23:47:51.643350,2024-12-18 23:47:51.737246,0 days 00:00:00.093896,kmeans,abundance,2.1,3,COMPLETE
4,0.3729024119671009,2024-12-18 23:47:51.738454,2024-12-18 23:47:51.865023,0 days 00:00:00.126569,kmeans,abundance,0.2,4,COMPLETE
5,0.4947552044193026,2024-12-18 23:47:51.866234,2024-12-18 23:47:51.959466,0 days 00:00:00.093232,kmeans,abundance,2.2,10,COMPLETE
6,0.6337513093241742,2024-12-18 23:47:51.960798,2024-12-18 23:47:52.070514,0 days 00:00:00.109716,kmeans,abundance,0.4,8,COMPLETE
7,0.5825935548714498,2024-12-18 23:47:52.071739,2024-12-18 23:47:52.170501,0 days 00:00:00.098762,kmeans,abundance,1.3,3,COMPLETE
8,0.5480440099208699,2024-12-18 23:47:52.171626,2024-12-18 23:47:52.271090,0 days 00:00:00.099464,kmeans,abundance,1.1,9,COMPLETE
9,0.562976007603108,2024-12-18 23:47:52.272290,2024-12-18 23:47:52.368684,0 days 00:00:00.096394,kmeans,abundance,1.8,5,COMPLETE
10,0.5188140600185497,2024-12-18 23:47:52.369898,2024-12-18 23:47:52.481727,0 days 00:00:00.111829,kmeans,abundance,0.6000000000000001,7,COMPLETE
11,0.6553545337400336,2024-12-18 23:47:52.483063,2024-12-18 23:47:52.587917,0 days 00:00:00.104854,kmeans,abundance,2.5,7,COMPLETE
12,0.4630363581767382,2024-12-18 23:47:52.589044,2024-12-18 23:47:52.704621,0 days 00:00:00.115577,kmeans,abundance,0.8,7,COMPLETE
13,0.5590220852774356,2024-12-18 23:47:52.705951,2024-12-18 23:47:52.813152,0 days 00:00:00.107201,kmeans,abundance,1.3,8,COMPLETE
14,0.506215447740891,2024-12-18 23:47:52.814500,2024-12-18 23:47:52.931635,0 days 00:00:00.117135,kmeans,abundance,0.6000000000000001,7,COMPLETE
15,0.5395644559539221,2024-12-18 23:47:52.932963,2024-12-18 23:47:53.037009,0 days 00:00:00.104046,kmeans,abundance,2.5,8,COMPLETE
16,0.5243767219343817,2024-12-18 23:47:53.038311,2024-12-18 23:47:53.144839,0 days 00:00:00.106528,kmeans,abundance,1.6,6,COMPLETE
17,0.45836276554776373,2024-12-18 23:47:53.146167,2024-12-18 23:47:53.268494,0 days 00:00:00.122327,kmeans,abundance,0.4,9,COMPLETE
18,0.5143492415945429,2024-12-18 23:47:53.269719,2024-12-18 23:47:53.379628,0 days 00:00:00.109909,kmeans,abundance,0.9,6,COMPLETE
19,0.21754586256593544,2024-12-18 23:47:53.380873,2024-12-18 23:47:54.173248,0 days 00:00:00.792375,kmeans,abundance,0.0,8,COMPLETE
20,0.6225905232401049,2024-12-18 23:47:54.174634,2024-12-18 23:47:54.285145,0 days 00:00:00.110511,kmeans,abundance,2.4000000000000004,9,COMPLETE
21,0.5181377375500175,2024-12-18 23:47:54.286503,2024-12-18 23:47:54.389201,0 days 00:00:00.102698,kmeans,abundance,2.5,9,COMPLETE
22,0.5581609076586554,2024-12-18 23:47:54.390525,2024-12-18 23:47:54.494191,0 days 00:00:00.103666,kmeans,abundance,2.3000000000000003,8,COMPLETE
23,0.551692983165931,2024-12-18 23:47:54.495499,2024-12-18 23:47:54.601121,0 days 00:00:00.105622,kmeans,abundance,1.6,9,COMPLETE
24,0.5425602272143831,2024-12-18 23:47:54.602434,2024-12-18 23:47:54.705464,0 days 00:00:00.103030,kmeans,abundance,1.9000000000000001,7,COMPLETE
25,0.58187032866542,2024-12-18 23:47:54.706790,2024-12-18 23:47:54.811124,0 days 00:00:00.104334,kmeans,abundance,2.5,5,COMPLETE
26,0.6322517249657055,2024-12-18 23:47:54.812445,2024-12-18 23:47:54.920327,0 days 00:00:00.107882,kmeans,abundance,1.5,10,COMPLETE
27,0.4475535200450023,2024-12-18 23:47:54.921672,2024-12-18 23:47:55.029993,0 days 00:00:00.108321,kmeans,abundance,1.5,10,COMPLETE
28,0.5480493130884061,2024-12-18 23:47:55.031331,2024-12-18 23:47:55.143017,0 days 00:00:00.111686,kmeans,abundance,0.9,2,COMPLETE
29,0.5363114938274377,2024-12-18 23:47:55.144359,2024-12-18 23:47:55.255816,0 days 00:00:00.111457,kmeans,abundance,1.1,6,COMPLETE
30,0.5841785319130329,2024-12-18 23:47:55.257160,2024-12-18 23:47:55.359038,0 days 00:00:00.101878,kmeans,abundance,1.9000000000000001,10,COMPLETE
31,0.5021809710377968,2024-12-18 23:47:55.360379,2024-12-18 23:47:55.468848,0 days 00:00:00.108469,kmeans,abundance,2.2,9,COMPLETE
32,0.5701226844013434,2024-12-18 23:47:55.470185,2024-12-18 23:47:55.575920,0 days 00:00:00.105735,kmeans,abundance,2.3000000000000003,8,COMPLETE
33,0.6068209007852803,2024-12-18 23:47:55.577252,2024-12-18 23:47:55.684057,0 days 00:00:00.106805,kmeans,abundance,2.0,9,COMPLETE
34,0.623246421570238,2024-12-18 23:47:55.685374,2024-12-18 23:47:55.795724,0 days 00:00:00.110350,kmeans,abundance,1.7000000000000002,10,COMPLETE
35,0.505515957658839,2024-12-18 23:47:55.797070,2024-12-18 23:47:55.907193,0 days 00:00:00.110123,kmeans,abundance,1.5,10,COMPLETE
36,0.6005036228052928,2024-12-18 23:47:55.908546,2024-12-18 23:47:56.018945,0 days 00:00:00.110399,kmeans,abundance,1.7000000000000002,10,COMPLETE
37,0.5490530214100685,2024-12-18 23:47:56.020285,2024-12-18 23:47:56.127793,0 days 00:00:00.107508,kmeans,abundance,1.4000000000000001,4,COMPLETE
38,0.6272427242344834,2024-12-18 23:47:56.129139,2024-12-18 23:47:56.240032,0 days 00:00:00.110893,kmeans,abundance,1.1,10,COMPLETE
39,0.5384551410605511,2024-12-18 23:47:56.241373,2024-12-18 23:47:56.376576,0 days 00:00:00.135203,kmeans,abundance,0.2,7,COMPLETE
40,0.5325805052129275,2024-12-18 23:47:56.377943,2024-12-18 23:47:56.489080,0 days 00:00:00.111137,kmeans,abundance,1.1,5,COMPLETE
41,0.44272254092390306,2024-12-18 23:47:56.490422,2024-12-18 23:47:56.608734,0 days 00:00:00.118312,kmeans,abundance,0.5,10,COMPLETE
42,0.46725806145601195,2024-12-18 23:47:56.610080,2024-12-18 23:47:56.718793,0 days 00:00:00.108713,kmeans,abundance,1.2000000000000002,10,COMPLETE
43,0.4630188230528353,2024-12-18 23:47:56.720124,2024-12-18 23:47:56.833721,0 days 00:00:00.113597,kmeans,abundance,0.8,9,COMPLETE
44,0.4626362392389738,2024-12-18 23:47:56.835063,2024-12-18 23:47:56.960772,0 days 00:00:00.125709,kmeans,abundance,0.30000000000000004,10,COMPLETE
45,0.4938931760352688,2024-12-18 23:47:56.962153,2024-12-18 23:47:57.071769,0 days 00:00:00.109616,kmeans,abundance,1.7000000000000002,8,COMPLETE
46,0.5653974407614463,2024-12-18 23:47:57.073129,2024-12-18 23:47:57.185364,0 days 00:00:00.112235,kmeans,abundance,1.4000000000000001,10,COMPLETE
47,0.5793276526852605,2024-12-18 23:47:57.186535,2024-12-18 23:47:57.292657,0 days 00:00:00.106122,kmeans,abundance,2.0,8,COMPLETE
48,0.5479243084313338,2024-12-18 23:47:57.293985,2024-12-18 23:47:57.407237,0 days 00:00:00.113252,kmeans,abundance,1.0,9,COMPLETE
49,0.4088852563685063,2024-12-18 23:47:57.408568,2024-12-18 23:47:57.522931,0 days 00:00:00.114363,kmeans,abundance,0.6000000000000001,7,COMPLETE
50,0.5359200527924313,2024-12-18 23:47:57.524163,2024-12-18 23:47:57.636062,0 days 00:00:00.111899,kmeans,abundance,0.7000000000000001,9,COMPLETE
51,0.6108537439591791,2024-12-18 23:47:57.637349,2024-12-18 23:47:57.739366,0 days 00:00:00.102017,kmeans,abundance,2.3000000000000003,9,COMPLETE
52,0.497317046457652,2024-12-18 23:47:57.740694,2024-12-18 23:47:57.844860,0 days 00:00:00.104166,kmeans,abundance,2.4000000000000004,10,COMPLETE
53,0.5296645433022377,2024-12-18 23:47:57.846137,2024-12-18 23:47:57.949427,0 days 00:00:00.103290,kmeans,abundance,2.1,9,COMPLETE
54,0.5829575438189037,2024-12-18 23:47:57.950749,2024-12-18 23:47:58.063107,0 days 00:00:00.112358,kmeans,abundance,1.3,8,COMPLETE
55,0.5154862614076002,2024-12-18 23:47:58.064436,2024-12-18 23:47:58.169404,0 days 00:00:00.104968,kmeans,abundance,2.4000000000000004,9,COMPLETE
56,0.6114062694839534,2024-12-18 23:47:58.170484,2024-12-18 23:47:58.274361,0 days 00:00:00.103877,kmeans,abundance,1.8,10,COMPLETE
57,0.5347072051854093,2024-12-18 23:47:58.275706,2024-12-18 23:47:58.378813,0 days 00:00:00.103107,kmeans,abundance,2.2,7,COMPLETE
58,0.1472014328536947,2024-12-18 23:47:58.380164,2024-12-18 23:47:59.153086,0 days 00:00:00.772922,kmeans,abundance,0.0,8,COMPLETE
59,0.5390624749856231,2024-12-18 23:47:59.154359,2024-12-18 23:47:59.270717,0 days 00:00:00.116358,kmeans,abundance,1.2000000000000002,10,COMPLETE
60,0.461329422263276,2024-12-18 23:47:59.272084,2024-12-18 23:47:59.377235,0 days 00:00:00.105151,kmeans,abundance,1.6,9,COMPLETE
61,0.5695183386981174,2024-12-18 23:47:59.378592,2024-12-18 23:47:59.483058,0 days 00:00:00.104466,kmeans,abundance,1.9000000000000001,10,COMPLETE
62,0.6462654948658183,2024-12-18 23:47:59.484378,2024-12-18 23:47:59.589558,0 days 00:00:00.105180,kmeans,abundance,1.8,10,COMPLETE
63,0.5383666529431639,2024-12-18 23:47:59.590831,2024-12-18 23:47:59.697885,0 days 00:00:00.107054,kmeans,abundance,1.7000000000000002,10,COMPLETE
64,0.6361509577117527,2024-12-18 23:47:59.699222,2024-12-18 23:47:59.806351,0 days 00:00:00.107129,kmeans,abundance,1.5,9,COMPLETE
65,0.5975303831929454,2024-12-18 23:47:59.807618,2024-12-18 23:47:59.913920,0 days 00:00:00.106302,kmeans,abundance,1.5,9,COMPLETE
66,0.5326494051099514,2024-12-18 23:47:59.915263,2024-12-18 23:48:00.024747,0 days 00:00:00.109484,kmeans,abundance,1.4000000000000001,6,COMPLETE
67,0.5911712022396983,2024-12-18 23:48:00.026118,2024-12-18 23:48:00.132865,0 days 00:00:00.106747,kmeans,abundance,1.5,10,COMPLETE
68,0.5359142136799792,2024-12-18 23:48:00.134225,2024-12-18 23:48:00.245000,0 days 00:00:00.110775,kmeans,abundance,1.8,9,COMPLETE
69,0.6229830440952304,2024-12-18 23:48:00.246315,2024-12-18 23:48:00.350839,0 days 00:00:00.104524,kmeans,abundance,1.8,8,COMPLETE
70,0.5779957564883219,2024-12-18 23:48:00.352188,2024-12-18 23:48:00.464229,0 days 00:00:00.112041,kmeans,abundance,1.6,10,COMPLETE
71,0.6293169933592636,2024-12-18 23:48:00.465306,2024-12-18 23:48:00.578383,0 days 00:00:00.113077,kmeans,abundance,1.8,8,COMPLETE
72,0.4857375844251833,2024-12-18 23:48:00.579697,2024-12-18 23:48:00.687149,0 days 00:00:00.107452,kmeans,abundance,2.0,7,COMPLETE
73,0.5909900830039209,2024-12-18 23:48:00.688444,2024-12-18 23:48:00.794696,0 days 00:00:00.106252,kmeans,abundance,1.7000000000000002,8,COMPLETE
74,0.4877601744711153,2024-12-18 23:48:00.796028,2024-12-18 23:48:00.907264,0 days 00:00:00.111236,kmeans,abundance,1.4000000000000001,7,COMPLETE
75,0.606965878813455,2024-12-18 23:48:00.908572,2024-12-18 23:48:01.018981,0 days 00:00:00.110409,kmeans,abundance,1.5,9,COMPLETE
76,0.5464011141258578,2024-12-18 23:48:01.020458,2024-12-18 23:48:01.128918,0 days 00:00:00.108460,kmeans,abundance,1.3,10,COMPLETE
77,0.5854696314822073,2024-12-18 23:48:01.130222,2024-12-18 23:48:01.237302,0 days 00:00:00.107080,kmeans,abundance,2.1,8,COMPLETE
78,0.5804391801923239,2024-12-18 23:48:01.238530,2024-12-18 23:48:01.343007,0 days 00:00:00.104477,kmeans,abundance,1.9000000000000001,8,COMPLETE
79,0.6580653993213085,2024-12-18 23:48:01.344345,2024-12-18 23:48:01.457895,0 days 00:00:00.113550,kmeans,abundance,1.0,9,COMPLETE
80,0.4444134672909996,2024-12-18 23:48:01.459245,2024-12-18 23:48:01.568929,0 days 00:00:00.109684,kmeans,abundance,1.0,2,COMPLETE
81,0.5971528489782073,2024-12-18 23:48:01.570175,2024-12-18 23:48:01.679540,0 days 00:00:00.109365,kmeans,abundance,1.2000000000000002,10,COMPLETE
82,0.5683783360821306,2024-12-18 23:48:01.680894,2024-12-18 23:48:01.794316,0 days 00:00:00.113422,kmeans,abundance,0.8,9,COMPLETE
83,0.5277487149570689,2024-12-18 23:48:01.795338,2024-12-18 23:48:01.907908,0 days 00:00:00.112570,kmeans,abundance,1.0,9,COMPLETE
84,0.5211857081992353,2024-12-18 23:48:01.909229,2024-12-18 23:48:02.024080,0 days 00:00:00.114851,kmeans,abundance,0.9,10,COMPLETE
85,0.5634320398791672,2024-12-18 23:48:02.025435,2024-12-18 23:48:02.137402,0 days 00:00:00.111967,kmeans,abundance,1.1,7,COMPLETE
86,0.4825647399752562,2024-12-18 23:48:02.138642,2024-12-18 23:48:02.268602,0 days 00:00:00.129960,kmeans,abundance,0.30000000000000004,10,COMPLETE
87,0.6151502321246224,2024-12-18 23:48:02.269958,2024-12-18 23:48:02.378549,0 days 00:00:00.108591,kmeans,abundance,1.3,6,COMPLETE
88,0.5128308079829469,2024-12-18 23:48:02.379883,2024-12-18 23:48:02.499285,0 days 00:00:00.119402,kmeans,abundance,0.5,9,COMPLETE
89,0.45446027465851135,2024-12-18 23:48:02.500634,2024-12-18 23:48:02.608439,0 days 00:00:00.107805,kmeans,abundance,1.6,8,COMPLETE
90,0.574678276742679,2024-12-18 23:48:02.609770,2024-12-18 23:48:02.716488,0 days 00:00:00.106718,kmeans,abundance,1.8,9,COMPLETE
91,0.5138515866639787,2024-12-18 23:48:02.717810,2024-12-18 23:48:02.824359,0 days 00:00:00.106549,kmeans,abundance,1.8,8,COMPLETE
92,0.5574926809783989,2024-12-18 23:48:02.825686,2024-12-18 23:48:02.932535,0 days 00:00:00.106849,kmeans,abundance,1.7000000000000002,7,COMPLETE
93,0.4840261432523383,2024-12-18 23:48:02.933841,2024-12-18 23:48:03.042277,0 days 00:00:00.108436,kmeans,abundance,1.9000000000000001,8,COMPLETE
94,0.712954953253529,2024-12-18 23:48:03.043625,2024-12-18 23:48:03.152387,0 days 00:00:00.108762,kmeans,abundance,1.4000000000000001,10,COMPLETE
95,0.5752035796340507,2024-12-18 23:48:03.153718,2024-12-18 23:48:03.262825,0 days 00:00:00.109107,kmeans,abundance,1.4000000000000001,10,COMPLETE
96,0.5101041521872743,2024-12-18 23:48:03.264177,2024-12-18 23:48:03.374926,0 days 00:00:00.110749,kmeans,abundance,1.2000000000000002,10,COMPLETE
97,0.6248123311963791,2024-12-18 23:48:03.376286,2024-12-18 23:48:03.485378,0 days 00:00:00.109092,kmeans,abundance,1.5,10,COMPLETE
98,0.6094476228581757,2024-12-18 23:48:03.486713,2024-12-18 23:48:03.594141,0 days 00:00:00.107428,kmeans,abundance,1.5,10,COMPLETE
99,0.5916436300670004,2024-12-18 23:48:03.595459,2024-12-18 23:48:03.710009,0 days 00:00:00.114550,kmeans,abundance,1.3,9,COMPLETE
100,0.519638125761536,2024-12-18 23:48:03.711303,2024-12-18 23:48:03.822355,0 days 00:00:00.111052,kmeans,abundance,1.4000000000000001,10,COMPLETE
101,0.5628497324934525,2024-12-18 23:48:03.823651,2024-12-18 23:48:03.933219,0 days 00:00:00.109568,kmeans,abundance,1.6,10,COMPLETE
102,0.5948952455830674,2024-12-18 23:48:03.934552,2024-12-18 23:48:04.045834,0 days 00:00:00.111282,kmeans,abundance,1.5,10,COMPLETE
103,0.48914205562633883,2024-12-18 23:48:04.047051,2024-12-18 23:48:04.155053,0 days 00:00:00.108002,kmeans,abundance,1.6,10,COMPLETE
104,0.6391973087741528,2024-12-18 23:48:04.156404,2024-12-18 23:48:04.265609,0 days 00:00:00.109205,kmeans,abundance,1.4000000000000001,9,COMPLETE
105,0.5406274283076404,2024-12-18 23:48:04.266959,2024-12-18 23:48:04.376761,0 days 00:00:00.109802,kmeans,abundance,1.2000000000000002,9,COMPLETE
106,0.5179347021080981,2024-12-18 23:48:04.378133,2024-12-18 23:48:04.490190,0 days 00:00:00.112057,kmeans,abundance,1.1,9,COMPLETE
107,0.570009828513532,2024-12-18 23:48:04.491544,2024-12-18 23:48:04.602147,0 days 00:00:00.110603,kmeans,abundance,1.4000000000000001,9,COMPLETE
108,0.6352664273483062,2024-12-18 23:48:04.603504,2024-12-18 23:48:04.714082,0 days 00:00:00.110578,kmeans,abundance,1.3,9,COMPLETE
109,0.6135824043926497,2024-12-18 23:48:04.715416,2024-12-18 23:48:04.825920,0 days 00:00:00.110504,kmeans,abundance,1.3,9,COMPLETE
110,0.5543604145922079,2024-12-18 23:48:04.827268,2024-12-18 23:48:04.941247,0 days 00:00:00.113979,kmeans,abundance,1.1,9,COMPLETE
111,0.5218393230244525,2024-12-18 23:48:04.942568,2024-12-18 23:48:05.055242,0 days 00:00:00.112674,kmeans,abundance,1.5,10,COMPLETE
112,0.4701145717532258,2024-12-18 23:48:05.056280,2024-12-18 23:48:05.169844,0 days 00:00:00.113564,kmeans,abundance,1.3,9,COMPLETE
113,0.40774631177002024,2024-12-18 23:48:05.170781,2024-12-18 23:48:05.288646,0 days 00:00:00.117865,kmeans,abundance,0.7000000000000001,10,COMPLETE
114,0.6089597387134192,2024-12-18 23:48:05.290011,2024-12-18 23:48:05.399848,0 days 00:00:00.109837,kmeans,abundance,1.4000000000000001,9,COMPLETE
115,0.44911520232609514,2024-12-18 23:48:05.401214,2024-12-18 23:48:05.513688,0 days 00:00:00.112474,kmeans,abundance,1.0,10,COMPLETE
116,0.47859819664691433,2024-12-18 23:48:05.515043,2024-12-18 23:48:05.623401,0 days 00:00:00.108358,kmeans,abundance,1.4000000000000001,8,COMPLETE
117,0.4946829009787404,2024-12-18 23:48:05.624720,2024-12-18 23:48:05.733800,0 days 00:00:00.109080,kmeans,abundance,1.2000000000000002,4,COMPLETE
118,0.5380584144570676,2024-12-18 23:48:05.735140,2024-12-18 23:48:05.844510,0 days 00:00:00.109370,kmeans,abundance,1.5,9,COMPLETE
119,0.6154412603333648,2024-12-18 23:48:05.845841,2024-12-18 23:48:05.954204,0 days 00:00:00.108363,kmeans,abundance,2.1,10,COMPLETE
120,0.5701683698577119,2024-12-18 23:48:05.955527,2024-12-18 23:48:06.067166,0 days 00:00:00.111639,kmeans,abundance,1.3,8,COMPLETE
121,0.6315714057365374,2024-12-18 23:48:06.068198,2024-12-18 23:48:06.177507,0 days 00:00:00.109309,kmeans,abundance,1.7000000000000002,10,COMPLETE
122,0.3027432725862467,2024-12-18 23:48:06.178550,2024-12-18 23:48:06.344344,0 days 00:00:00.165794,kmeans,abundance,0.1,10,COMPLETE
123,0.6431860560420494,2024-12-18 23:48:06.345606,2024-12-18 23:48:06.455358,0 days 00:00:00.109752,kmeans,abundance,1.7000000000000002,10,COMPLETE
124,0.5215417757794275,2024-12-18 23:48:06.456709,2024-12-18 23:48:06.568866,0 days 00:00:00.112157,kmeans,abundance,1.6,10,COMPLETE
125,0.5843225521570957,2024-12-18 23:48:06.570177,2024-12-18 23:48:06.681249,0 days 00:00:00.111072,kmeans,abundance,1.7000000000000002,5,COMPLETE
126,0.6037574674822824,2024-12-18 23:48:06.682606,2024-12-18 23:48:06.790824,0 days 00:00:00.108218,kmeans,abundance,1.7000000000000002,9,COMPLETE
127,0.5769604474352105,2024-12-18 23:48:06.792222,2024-12-18 23:48:06.901828,0 days 00:00:00.109606,kmeans,abundance,1.8,10,COMPLETE
128,0.5459559316084311,2024-12-18 23:48:06.903091,2024-12-18 23:48:07.011807,0 days 00:00:00.108716,kmeans,abundance,1.9000000000000001,9,COMPLETE
129,0.5312969321620349,2024-12-18 23:48:07.013181,2024-12-18 23:48:07.137229,0 days 00:00:00.124048,kmeans,abundance,0.4,7,COMPLETE
130,0.5376003330079872,2024-12-18 23:48:07.138608,2024-12-18 23:48:07.247598,0 days 00:00:00.108990,kmeans,abundance,2.0,10,COMPLETE
131,0.5950027334747102,2024-12-18 23:48:07.248930,2024-12-18 23:48:07.355359,0 days 00:00:00.106429,kmeans,abundance,1.5,10,COMPLETE
132,0.5720450478819928,2024-12-18 23:48:07.356707,2024-12-18 23:48:07.467454,0 days 00:00:00.110747,kmeans,abundance,1.6,10,COMPLETE
133,0.5895944961764307,2024-12-18 23:48:07.468795,2024-12-18 23:48:07.577204,0 days 00:00:00.108409,kmeans,abundance,1.7000000000000002,10,COMPLETE
134,0.5638471426643955,2024-12-18 23:48:07.578807,2024-12-18 23:48:07.689551,0 days 00:00:00.110744,kmeans,abundance,1.6,10,COMPLETE
135,0.649044312340849,2024-12-18 23:48:07.690831,2024-12-18 23:48:07.801537,0 days 00:00:00.110706,kmeans,abundance,1.5,10,COMPLETE
136,0.5833499709121809,2024-12-18 23:48:07.802742,2024-12-18 23:48:07.907897,0 days 00:00:00.105155,kmeans,abundance,2.5,9,COMPLETE
137,0.5513394204245757,2024-12-18 23:48:07.909138,2024-12-18 23:48:08.020267,0 days 00:00:00.111129,kmeans,abundance,1.4000000000000001,10,COMPLETE
138,0.6207816248955105,2024-12-18 23:48:08.021611,2024-12-18 23:48:08.133619,0 days 00:00:00.112008,kmeans,abundance,1.2000000000000002,9,COMPLETE
139,0.5625928238315953,2024-12-18 23:48:08.134974,2024-12-18 23:48:08.245285,0 days 00:00:00.110311,kmeans,abundance,1.8,10,COMPLETE
140,0.47952201580111903,2024-12-18 23:48:08.246644,2024-12-18 23:48:08.359995,0 days 00:00:00.113351,kmeans,abundance,0.9,8,COMPLETE
141,0.5624240643016849,2024-12-18 23:48:08.361372,2024-12-18 23:48:08.473260,0 days 00:00:00.111888,kmeans,abundance,1.5,10,COMPLETE
142,0.5647454150816558,2024-12-18 23:48:08.474585,2024-12-18 23:48:08.586670,0 days 00:00:00.112085,kmeans,abundance,1.4000000000000001,10,COMPLETE
143,0.555036553763434,2024-12-18 23:48:08.588015,2024-12-18 23:48:08.694189,0 days 00:00:00.106174,kmeans,abundance,2.2,10,COMPLETE
144,0.5947317726712301,2024-12-18 23:48:08.695503,2024-12-18 23:48:08.803396,0 days 00:00:00.107893,kmeans,abundance,1.7000000000000002,10,COMPLETE
145,0.48205678901899657,2024-12-18 23:48:08.804766,2024-12-18 23:48:08.914281,0 days 00:00:00.109515,kmeans,abundance,1.6,7,COMPLETE
146,0.5697729498801086,2024-12-18 23:48:08.915632,2024-12-18 23:48:09.028479,0 days 00:00:00.112847,kmeans,abundance,1.3,10,COMPLETE
147,0.5431090043546384,2024-12-18 23:48:09.030006,2024-12-18 23:48:09.143454,0 days 00:00:00.113448,kmeans,abundance,1.1,9,COMPLETE
148,0.5115105008208637,2024-12-18 23:48:09.144947,2024-12-18 23:48:09.256387,0 days 00:00:00.111440,kmeans,abundance,1.4000000000000001,10,COMPLETE
149,0.4991842400792086,2024-12-18 23:48:09.257752,2024-12-18 23:48:09.365727,0 days 00:00:00.107975,kmeans,abundance,1.5,9,COMPLETE
150,0.6008378235058419,2024-12-18 23:48:09.367085,2024-12-18 23:48:09.476064,0 days 00:00:00.108979,kmeans,abundance,1.5,10,COMPLETE
151,0.4759507657094671,2024-12-18 23:48:09.477374,2024-12-18 23:48:09.586596,0 days 00:00:00.109222,kmeans,abundance,1.6,10,COMPLETE
152,0.5591738423672469,2024-12-18 23:48:09.587936,2024-12-18 23:48:09.698228,0 days 00:00:00.110292,kmeans,abundance,1.7000000000000002,10,COMPLETE
153,0.6423299863880024,2024-12-18 23:48:09.699575,2024-12-18 23:48:09.811564,0 days 00:00:00.111989,kmeans,abundance,1.7000000000000002,10,COMPLETE
154,0.4778746591366522,2024-12-18 23:48:09.812935,2024-12-18 23:48:09.921654,0 days 00:00:00.108719,kmeans,abundance,1.9000000000000001,10,COMPLETE
155,0.6207529447773045,2024-12-18 23:48:09.923041,2024-12-18 23:48:10.036277,0 days 00:00:00.113236,kmeans,abundance,1.6,10,COMPLETE
156,0.5667124145803454,2024-12-18 23:48:10.037567,2024-12-18 23:48:10.148965,0 days 00:00:00.111398,kmeans,abundance,1.8,9,COMPLETE
157,0.5225338600733753,2024-12-18 23:48:10.150348,2024-12-18 23:48:10.260311,0 days 00:00:00.109963,kmeans,abundance,1.4000000000000001,10,COMPLETE
158,0.48521325420158073,2024-12-18 23:48:10.261669,2024-12-18 23:48:10.378346,0 days 00:00:00.116677,kmeans,abundance,0.7000000000000001,8,COMPLETE
159,0.5422452609845488,2024-12-18 23:48:10.379650,2024-12-18 23:48:10.489621,0 days 00:00:00.109971,kmeans,abundance,1.5,9,COMPLETE
160,0.4403735800622907,2024-12-18 23:48:10.490887,2024-12-18 23:48:10.601252,0 days 00:00:00.110365,kmeans,abundance,1.3,10,COMPLETE
161,0.6437928426212691,2024-12-18 23:48:10.602484,2024-12-18 23:48:10.715684,0 days 00:00:00.113200,kmeans,abundance,1.7000000000000002,10,COMPLETE
162,0.5902565860571368,2024-12-18 23:48:10.717046,2024-12-18 23:48:10.827138,0 days 00:00:00.110092,kmeans,abundance,1.7000000000000002,10,COMPLETE
163,0.5326904777846305,2024-12-18 23:48:10.828498,2024-12-18 23:48:10.935133,0 days 00:00:00.106635,kmeans,abundance,2.0,10,COMPLETE
164,0.5278190076841649,2024-12-18 23:48:10.936487,2024-12-18 23:48:11.045966,0 days 00:00:00.109479,kmeans,abundance,1.8,10,COMPLETE
165,0.5001815422718642,2024-12-18 23:48:11.046949,2024-12-18 23:48:11.157357,0 days 00:00:00.110408,kmeans,abundance,1.7000000000000002,10,COMPLETE
166,0.6072743224863655,2024-12-18 23:48:11.158641,2024-12-18 23:48:11.270117,0 days 00:00:00.111476,kmeans,abundance,1.5,9,COMPLETE
167,0.5636331169206313,2024-12-18 23:48:11.271446,2024-12-18 23:48:11.383951,0 days 00:00:00.112505,kmeans,abundance,1.7000000000000002,10,COMPLETE
168,0.5518150171279426,2024-12-18 23:48:11.385329,2024-12-18 23:48:11.497080,0 days 00:00:00.111751,kmeans,abundance,1.8,6,COMPLETE
169,0.5847938838583057,2024-12-18 23:48:11.498410,2024-12-18 23:48:11.609814,0 days 00:00:00.111404,kmeans,abundance,1.9000000000000001,8,COMPLETE
170,0.54929560288473,2024-12-18 23:48:11.610816,2024-12-18 23:48:11.720596,0 days 00:00:00.109780,kmeans,abundance,1.4000000000000001,7,COMPLETE
171,0.49900307933197147,2024-12-18 23:48:11.721838,2024-12-18 23:48:11.833075,0 days 00:00:00.111237,kmeans,abundance,1.6,10,COMPLETE
172,0.5179686887507949,2024-12-18 23:48:11.834419,2024-12-18 23:48:11.942349,0 days 00:00:00.107930,kmeans,abundance,1.7000000000000002,10,COMPLETE
173,0.6222038786612942,2024-12-18 23:48:11.943740,2024-12-18 23:48:12.054011,0 days 00:00:00.110271,kmeans,abundance,1.6,10,COMPLETE
174,0.4565984180883103,2024-12-18 23:48:12.055398,2024-12-18 23:48:12.164767,0 days 00:00:00.109369,kmeans,abundance,1.5,3,COMPLETE
175,0.5947730246684132,2024-12-18 23:48:12.166154,2024-12-18 23:48:12.274362,0 days 00:00:00.108208,kmeans,abundance,1.8,10,COMPLETE
176,0.6562512626525038,2024-12-18 23:48:12.275728,2024-12-18 23:48:12.383082,0 days 00:00:00.107354,kmeans,abundance,1.6,10,COMPLETE
177,0.606814101280507,2024-12-18 23:48:12.384445,2024-12-18 23:48:12.496371,0 days 00:00:00.111926,kmeans,abundance,1.6,10,COMPLETE
178,0.5303314336390889,2024-12-18 23:48:12.497734,2024-12-18 23:48:12.607904,0 days 00:00:00.110170,kmeans,abundance,1.5,9,COMPLETE
179,0.5133864018300799,2024-12-18 23:48:12.609278,2024-12-18 23:48:12.723810,0 days 00:00:00.114532,kmeans,abundance,0.8,10,COMPLETE
180,0.5577432834608729,2024-12-18 23:48:12.725195,2024-12-18 23:48:12.837161,0 days 00:00:00.111966,kmeans,abundance,1.4000000000000001,10,COMPLETE
181,0.5761558706351865,2024-12-18 23:48:12.838534,2024-12-18 23:48:12.951987,0 days 00:00:00.113453,kmeans,abundance,1.7000000000000002,10,COMPLETE
182,0.5964049207014498,2024-12-18 23:48:12.953396,2024-12-18 23:48:13.065213,0 days 00:00:00.111817,kmeans,abundance,1.6,10,COMPLETE
183,0.44981124349164664,2024-12-18 23:48:13.066577,2024-12-18 23:48:13.177333,0 days 00:00:00.110756,kmeans,abundance,2.3000000000000003,10,COMPLETE
184,0.5340291552377037,2024-12-18 23:48:13.178628,2024-12-18 23:48:13.288727,0 days 00:00:00.110099,kmeans,abundance,1.6,10,COMPLETE
185,0.5073471045557668,2024-12-18 23:48:13.289980,2024-12-18 23:48:13.397979,0 days 00:00:00.107999,kmeans,abundance,1.7000000000000002,10,COMPLETE
186,0.3931920528702131,2024-12-18 23:48:13.399335,2024-12-18 23:48:13.537762,0 days 00:00:00.138427,kmeans,abundance,0.2,9,COMPLETE
187,0.530530610161835,2024-12-18 23:48:13.539139,2024-12-18 23:48:13.651745,0 days 00:00:00.112606,kmeans,abundance,1.3,10,COMPLETE
188,0.5774559973101675,2024-12-18 23:48:13.653023,2024-12-18 23:48:13.774620,0 days 00:00:00.121597,kmeans,abundance,0.5,9,COMPLETE
189,0.45834280710588554,2024-12-18 23:48:13.775895,2024-12-18 23:48:13.887851,0 days 00:00:00.111956,kmeans,abundance,1.2000000000000002,10,COMPLETE
190,0.5035026230003058,2024-12-18 23:48:13.889125,2024-12-18 23:48:14.001090,0 days 00:00:00.111965,kmeans,abundance,1.5,10,COMPLETE
191,0.6059305860579384,2024-12-18 23:48:14.002453,2024-12-18 23:48:14.114934,0 days 00:00:00.112481,kmeans,abundance,1.8,8,COMPLETE
192,0.5969775373183074,2024-12-18 23:48:14.116306,2024-12-18 23:48:14.230047,0 days 00:00:00.113741,kmeans,abundance,1.7000000000000002,8,COMPLETE
193,0.4302154589546802,2024-12-18 23:48:14.231405,2024-12-18 23:48:14.338918,0 days 00:00:00.107513,kmeans,abundance,1.8,8,COMPLETE
194,0.6200781519923266,2024-12-18 23:48:14.340305,2024-12-18 23:48:14.452176,0 days 00:00:00.111871,kmeans,abundance,1.9000000000000001,7,COMPLETE
195,0.635311521361964,2024-12-18 23:48:14.453548,2024-12-18 23:48:14.566312,0 days 00:00:00.112764,kmeans,abundance,1.7000000000000002,8,COMPLETE
196,0.5895564906127423,2024-12-18 23:48:14.567699,2024-12-18 23:48:14.678899,0 days 00:00:00.111200,kmeans,abundance,1.7000000000000002,9,COMPLETE
197,0.6176379082253811,2024-12-18 23:48:14.680270,2024-12-18 23:48:14.792576,0 days 00:00:00.112306,kmeans,abundance,1.6,8,COMPLETE
198,0.45168463126836694,2024-12-18 23:48:14.793613,2024-12-18 23:48:14.905319,0 days 00:00:00.111706,kmeans,abundance,1.4000000000000001,10,COMPLETE
199,0.5330256906010448,2024-12-18 23:48:14.906677,2024-12-18 23:48:15.019572,0 days 00:00:00.112895,kmeans,abundance,1.7000000000000002,10,COMPLETE
200,0.5524506682522229,2024-12-18 23:48:15.020951,2024-12-18 23:48:15.132102,0 days 00:00:00.111151,kmeans,abundance,1.6,9,COMPLETE
201,0.6100578673034192,2024-12-18 23:48:15.133480,2024-12-18 23:48:15.244670,0 days 00:00:00.111190,kmeans,abundance,1.8,8,COMPLETE
202,0.6152931973440975,2024-12-18 23:48:15.246018,2024-12-18 23:48:15.353196,0 days 00:00:00.107178,kmeans,abundance,1.8,8,COMPLETE
203,0.5529208415964336,2024-12-18 23:48:15.354575,2024-12-18 23:48:15.460521,0 days 00:00:00.105946,kmeans,abundance,2.4000000000000004,8,COMPLETE
204,0.5992821693485889,2024-12-18 23:48:15.461872,2024-12-18 23:48:15.571535,0 days 00:00:00.109663,kmeans,abundance,1.9000000000000001,8,COMPLETE
205,0.6050676650271236,2024-12-18 23:48:15.572780,2024-12-18 23:48:15.683309,0 days 00:00:00.110529,kmeans,abundance,1.7000000000000002,10,COMPLETE
206,0.4886043458955269,2024-12-18 23:48:15.684574,2024-12-18 23:48:15.795370,0 days 00:00:00.110796,kmeans,abundance,1.5,7,COMPLETE
207,0.538929050935231,2024-12-18 23:48:15.796779,2024-12-18 23:48:15.906582,0 days 00:00:00.109803,kmeans,abundance,1.6,8,COMPLETE
208,0.5336413123560553,2024-12-18 23:48:15.908012,2024-12-18 23:48:16.025102,0 days 00:00:00.117090,kmeans,abundance,1.0,10,COMPLETE
209,0.5827525175906841,2024-12-18 23:48:16.026484,2024-12-18 23:48:16.143607,0 days 00:00:00.117123,kmeans,abundance,1.4000000000000001,9,COMPLETE
210,0.5260174145418374,2024-12-18 23:48:16.145022,2024-12-18 23:48:16.258862,0 days 00:00:00.113840,kmeans,abundance,1.5,10,COMPLETE
211,0.5103343888446766,2024-12-18 23:48:16.260249,2024-12-18 23:48:16.369666,0 days 00:00:00.109417,kmeans,abundance,2.4000000000000004,9,COMPLETE
212,0.5202534022628597,2024-12-18 23:48:16.370717,2024-12-18 23:48:16.479597,0 days 00:00:00.108880,kmeans,abundance,2.4000000000000004,9,COMPLETE
213,0.6031590116545869,2024-12-18 23:48:16.480981,2024-12-18 23:48:16.587542,0 days 00:00:00.106561,kmeans,abundance,2.5,9,COMPLETE
214,0.5180661204555007,2024-12-18 23:48:16.588774,2024-12-18 23:48:16.700246,0 days 00:00:00.111472,kmeans,abundance,1.7000000000000002,8,COMPLETE
215,0.5900734961301474,2024-12-18 23:48:16.701529,2024-12-18 23:48:16.808436,0 days 00:00:00.106907,kmeans,abundance,2.5,10,COMPLETE
216,0.6038011301583331,2024-12-18 23:48:16.809807,2024-12-18 23:48:16.919617,0 days 00:00:00.109810,kmeans,abundance,1.6,10,COMPLETE
217,0.5651999546638775,2024-12-18 23:48:16.921021,2024-12-18 23:48:17.032029,0 days 00:00:00.111008,kmeans,abundance,1.8,9,COMPLETE
218,0.5784888807673831,2024-12-18 23:48:17.033407,2024-12-18 23:48:17.144422,0 days 00:00:00.111015,kmeans,abundance,1.5,10,COMPLETE
219,0.29407676399009125,2024-12-18 23:48:17.145815,2024-12-18 23:48:17.269897,0 days 00:00:00.124082,kmeans,abundance,0.4,8,COMPLETE
220,0.5213257835491053,2024-12-18 23:48:17.271276,2024-12-18 23:48:17.382385,0 days 00:00:00.111109,kmeans,abundance,1.3,10,COMPLETE
221,0.5544636832297639,2024-12-18 23:48:17.383764,2024-12-18 23:48:17.495855,0 days 00:00:00.112091,kmeans,abundance,1.6,10,COMPLETE
222,0.4812104065023299,2024-12-18 23:48:17.497264,2024-12-18 23:48:17.611645,0 days 00:00:00.114381,kmeans,abundance,1.6,10,COMPLETE
223,0.5942126311689453,2024-12-18 23:48:17.613046,2024-12-18 23:48:17.728043,0 days 00:00:00.114997,kmeans,abundance,1.7000000000000002,10,COMPLETE
224,0.6247877953908834,2024-12-18 23:48:17.729417,2024-12-18 23:48:17.839504,0 days 00:00:00.110087,kmeans,abundance,2.5,10,COMPLETE
225,0.5172632239465996,2024-12-18 23:48:17.840889,2024-12-18 23:48:17.952002,0 days 00:00:00.111113,kmeans,abundance,2.5,10,COMPLETE
226,0.48432616746643653,2024-12-18 23:48:17.953386,2024-12-18 23:48:18.065768,0 days 00:00:00.112382,kmeans,abundance,2.4000000000000004,6,COMPLETE
227,0.5985697217298743,2024-12-18 23:48:18.067011,2024-12-18 23:48:18.176337,0 days 00:00:00.109326,kmeans,abundance,2.5,10,COMPLETE
228,0.5489544539941057,2024-12-18 23:48:18.177421,2024-12-18 23:48:18.291694,0 days 00:00:00.114273,kmeans,abundance,1.4000000000000001,10,COMPLETE
229,0.5754502049180059,2024-12-18 23:48:18.293092,2024-12-18 23:48:18.402365,0 days 00:00:00.109273,kmeans,abundance,2.4000000000000004,9,COMPLETE
230,0.5955937249505938,2024-12-18 23:48:18.403752,2024-12-18 23:48:18.511694,0 days 00:00:00.107942,kmeans,abundance,2.5,10,COMPLETE
231,0.6209806376665729,2024-12-18 23:48:18.513067,2024-12-18 23:48:18.624842,0 days 00:00:00.111775,kmeans,abundance,1.7000000000000002,10,COMPLETE
232,0.5172628963870719,2024-12-18 23:48:18.626249,2024-12-18 23:48:18.736278,0 days 00:00:00.110029,kmeans,abundance,1.8,10,COMPLETE
233,0.6468529102531771,2024-12-18 23:48:18.737654,2024-12-18 23:48:18.850169,0 days 00:00:00.112515,kmeans,abundance,1.5,10,COMPLETE
234,0.458037552087518,2024-12-18 23:48:18.851568,2024-12-18 23:48:18.964590,0 days 00:00:00.113022,kmeans,abundance,1.5,10,COMPLETE
235,0.5252741352817966,2024-12-18 23:48:18.965954,2024-12-18 23:48:19.079868,0 days 00:00:00.113914,kmeans,abundance,1.4000000000000001,10,COMPLETE
236,0.5260241417642904,2024-12-18 23:48:19.081090,2024-12-18 23:48:19.197425,0 days 00:00:00.116335,kmeans,abundance,1.1,10,COMPLETE
237,0.09745658064374725,2024-12-18 23:48:19.198656,2024-12-18 23:48:20.012713,0 days 00:00:00.814057,kmeans,abundance,0.0,9,COMPLETE
238,0.4600979203537119,2024-12-18 23:48:20.014120,2024-12-18 23:48:20.135071,0 days 00:00:00.120951,kmeans,abundance,1.3,8,COMPLETE
239,0.6124079672372104,2024-12-18 23:48:20.136460,2024-12-18 23:48:20.249314,0 days 00:00:00.112854,kmeans,abundance,1.5,10,COMPLETE
240,0.6500841278564036,2024-12-18 23:48:20.250651,2024-12-18 23:48:20.361591,0 days 00:00:00.110940,kmeans,abundance,1.7000000000000002,10,COMPLETE
241,0.6419430614080889,2024-12-18 23:48:20.362932,2024-12-18 23:48:20.472077,0 days 00:00:00.109145,kmeans,abundance,1.7000000000000002,10,COMPLETE
242,0.5201911011505609,2024-12-18 23:48:20.473462,2024-12-18 23:48:20.584565,0 days 00:00:00.111103,kmeans,abundance,1.7000000000000002,10,COMPLETE
243,0.5261989563056193,2024-12-18 23:48:20.585930,2024-12-18 23:48:20.696246,0 days 00:00:00.110316,kmeans,abundance,1.7000000000000002,10,COMPLETE
244,0.5421423058775746,2024-12-18 23:48:20.697543,2024-12-18 23:48:20.813574,0 days 00:00:00.116031,kmeans,abundance,1.8,10,COMPLETE
245,0.6244085274166927,2024-12-18 23:48:20.814933,2024-12-18 23:48:20.928689,0 days 00:00:00.113756,kmeans,abundance,1.7000000000000002,10,COMPLETE
246,0.5892968438667784,2024-12-18 23:48:20.930090,2024-12-18 23:48:21.044515,0 days 00:00:00.114425,kmeans,abundance,1.6,10,COMPLETE
247,0.5726392868161495,2024-12-18 23:48:21.045581,2024-12-18 23:48:21.161714,0 days 00:00:00.116133,kmeans,abundance,1.7000000000000002,10,COMPLETE
248,0.5490996403585537,2024-12-18 23:48:21.162795,2024-12-18 23:48:21.273490,0 days 00:00:00.110695,kmeans,abundance,1.6,10,COMPLETE
249,0.5580475314360512,2024-12-18 23:48:21.274880,2024-12-18 23:48:21.384199,0 days 00:00:00.109319,kmeans,abundance,1.7000000000000002,10,COMPLETE
250,0.5835299129191863,2024-12-18 23:48:21.385603,2024-12-18 23:48:21.499302,0 days 00:00:00.113699,kmeans,abundance,1.6,10,COMPLETE
251,0.47925681740996234,2024-12-18 23:48:21.500684,2024-12-18 23:48:21.614248,0 days 00:00:00.113564,kmeans,abundance,1.5,10,COMPLETE
252,0.5262419334077552,2024-12-18 23:48:21.615637,2024-12-18 23:48:21.726161,0 days 00:00:00.110524,kmeans,abundance,1.7000000000000002,10,COMPLETE
253,0.47061082431392703,2024-12-18 23:48:21.727537,2024-12-18 23:48:21.844376,0 days 00:00:00.116839,kmeans,abundance,0.9,10,COMPLETE
254,0.5357539010045028,2024-12-18 23:48:21.845680,2024-12-18 23:48:21.958894,0 days 00:00:00.113214,kmeans,abundance,1.6,10,COMPLETE
255,0.5451725048428245,2024-12-18 23:48:21.960288,2024-12-18 23:48:22.069799,0 days 00:00:00.109511,kmeans,abundance,2.2,10,COMPLETE
256,0.5679374556433661,2024-12-18 23:48:22.071213,2024-12-18 23:48:22.202829,0 days 00:00:00.131616,kmeans,abundance,0.30000000000000004,10,COMPLETE
257,0.5911396784588973,2024-12-18 23:48:22.204018,2024-12-18 23:48:22.316447,0 days 00:00:00.112429,kmeans,abundance,1.4000000000000001,10,COMPLETE
258,0.5816339813858074,2024-12-18 23:48:22.317826,2024-12-18 23:48:22.432341,0 days 00:00:00.114515,kmeans,abundance,1.8,10,COMPLETE
259,0.5466437080309011,2024-12-18 23:48:22.433744,2024-12-18 23:48:22.545029,0 days 00:00:00.111285,kmeans,abundance,1.7000000000000002,10,COMPLETE
260,0.5585022337615086,2024-12-18 23:48:22.546444,2024-12-18 23:48:22.659155,0 days 00:00:00.112711,kmeans,abundance,1.7000000000000002,10,COMPLETE
261,0.5940379554457886,2024-12-18 23:48:22.660452,2024-12-18 23:48:22.776350,0 days 00:00:00.115898,kmeans,abundance,1.5,10,COMPLETE
262,0.548801584455031,2024-12-18 23:48:22.777752,2024-12-18 23:48:22.889224,0 days 00:00:00.111472,kmeans,abundance,1.6,10,COMPLETE
263,0.536346237923504,2024-12-18 23:48:22.890640,2024-12-18 23:48:23.002485,0 days 00:00:00.111845,kmeans,abundance,1.8,10,COMPLETE
264,0.5109086787697782,2024-12-18 23:48:23.003871,2024-12-18 23:48:23.116431,0 days 00:00:00.112560,kmeans,abundance,1.5,10,COMPLETE
265,0.5277649580994364,2024-12-18 23:48:23.117834,2024-12-18 23:48:23.235719,0 days 00:00:00.117885,kmeans,abundance,1.3,10,COMPLETE
266,0.623525865830592,2024-12-18 23:48:23.237125,2024-12-18 23:48:23.351752,0 days 00:00:00.114627,kmeans,abundance,1.4000000000000001,10,COMPLETE
267,0.5315218420166373,2024-12-18 23:48:23.353137,2024-12-18 23:48:23.466838,0 days 00:00:00.113701,kmeans,abundance,1.3,10,COMPLETE
268,0.6566717759105815,2024-12-18 23:48:23.468225,2024-12-18 23:48:23.580737,0 days 00:00:00.112512,kmeans,abundance,1.4000000000000001,10,COMPLETE
269,0.5208495115652924,2024-12-18 23:48:23.582151,2024-12-18 23:48:23.694776,0 days 00:00:00.112625,kmeans,abundance,1.4000000000000001,7,COMPLETE
270,0.5645667095147323,2024-12-18 23:48:23.696172,2024-12-18 23:48:23.817045,0 days 00:00:00.120873,kmeans,abundance,0.7000000000000001,10,COMPLETE
271,0.5306989099734113,2024-12-18 23:48:23.818446,2024-12-18 23:48:23.934245,0 days 00:00:00.115799,kmeans,abundance,1.2000000000000002,9,COMPLETE
272,0.49336345584951097,2024-12-18 23:48:23.935638,2024-12-18 23:48:24.052875,0 days 00:00:00.117237,kmeans,abundance,1.4000000000000001,10,COMPLETE
273,0.5365951519105324,2024-12-18 23:48:24.053874,2024-12-18 23:48:24.167950,0 days 00:00:00.114076,kmeans,abundance,1.5,10,COMPLETE
274,0.5776469971287758,2024-12-18 23:48:24.168925,2024-12-18 23:48:24.286895,0 days 00:00:00.117970,kmeans,abundance,1.4000000000000001,10,COMPLETE
275,0.6117136374898058,2024-12-18 23:48:24.288302,2024-12-18 23:48:24.401495,0 days 00:00:00.113193,kmeans,abundance,1.6,9,COMPLETE
276,0.5837218371402311,2024-12-18 23:48:24.402880,2024-12-18 23:48:24.517342,0 days 00:00:00.114462,kmeans,abundance,1.5,10,COMPLETE
277,0.5770055504641354,2024-12-18 23:48:24.518736,2024-12-18 23:48:24.641202,0 days 00:00:00.122466,kmeans,abundance,0.6000000000000001,10,COMPLETE
278,0.5244398129450105,2024-12-18 23:48:24.642659,2024-12-18 23:48:24.753297,0 days 00:00:00.110638,kmeans,abundance,1.7000000000000002,10,COMPLETE
279,0.5801847890975745,2024-12-18 23:48:24.754659,2024-12-18 23:48:24.869182,0 days 00:00:00.114523,kmeans,abundance,1.4000000000000001,7,COMPLETE
280,0.5254035676326588,2024-12-18 23:48:24.870571,2024-12-18 23:48:24.983070,0 days 00:00:00.112499,kmeans,abundance,1.6,9,COMPLETE
281,0.39829043210508774,2024-12-18 23:48:24.984468,2024-12-18 23:48:25.096550,0 days 00:00:00.112082,kmeans,abundance,1.5,10,COMPLETE
282,0.5632756841637399,2024-12-18 23:48:25.097961,2024-12-18 23:48:25.208851,0 days 00:00:00.110890,kmeans,abundance,2.3000000000000003,9,COMPLETE
283,0.30181703741977106,2024-12-18 23:48:25.210217,2024-12-18 23:48:25.382038,0 days 00:00:00.171821,kmeans,abundance,0.1,10,COMPLETE
284,0.5356681596758791,2024-12-18 23:48:25.383368,2024-12-18 23:48:25.496242,0 days 00:00:00.112874,kmeans,abundance,1.8,6,COMPLETE
285,0.5435320536102731,2024-12-18 23:48:25.497656,2024-12-18 23:48:25.615899,0 days 00:00:00.118243,kmeans,abundance,1.3,10,COMPLETE
286,0.5640029700239915,2024-12-18 23:48:25.616923,2024-12-18 23:48:25.729801,0 days 00:00:00.112878,kmeans,abundance,1.6,10,COMPLETE
287,0.5471141781519002,2024-12-18 23:48:25.731228,2024-12-18 23:48:25.847782,0 days 00:00:00.116554,kmeans,abundance,1.5,10,COMPLETE
288,0.5315280787164202,2024-12-18 23:48:25.849060,2024-12-18 23:48:25.962009,0 days 00:00:00.112949,kmeans,abundance,1.9000000000000001,9,COMPLETE
289,0.5967356672631798,2024-12-18 23:48:25.963311,2024-12-18 23:48:26.076706,0 days 00:00:00.113395,kmeans,abundance,1.7000000000000002,10,COMPLETE
290,0.5560421807751985,2024-12-18 23:48:26.078126,2024-12-18 23:48:26.196888,0 days 00:00:00.118762,kmeans,abundance,1.0,6,COMPLETE
291,0.5016396518008351,2024-12-18 23:48:26.198252,2024-12-18 23:48:26.309992,0 days 00:00:00.111740,kmeans,abundance,1.8,10,COMPLETE
292,0.6005069640213896,2024-12-18 23:48:26.311410,2024-12-18 23:48:26.421453,0 days 00:00:00.110043,kmeans,abundance,2.1,10,COMPLETE
293,0.5819046779199742,2024-12-18 23:48:26.422859,2024-12-18 23:48:26.535362,0 days 00:00:00.112503,kmeans,abundance,1.4000000000000001,10,COMPLETE
294,0.553507504174044,2024-12-18 23:48:26.536777,2024-12-18 23:48:26.655106,0 days 00:00:00.118329,kmeans,abundance,0.8,9,COMPLETE
295,0.5711803389492799,2024-12-18 23:48:26.656368,2024-12-18 23:48:26.768350,0 days 00:00:00.111982,kmeans,abundance,1.7000000000000002,8,COMPLETE
296,0.5737368813102545,2024-12-18 23:48:26.769666,2024-12-18 23:48:26.883272,0 days 00:00:00.113606,kmeans,abundance,1.5,10,COMPLETE
297,0.5370087931399516,2024-12-18 23:48:26.884575,2024-12-18 23:48:27.002089,0 days 00:00:00.117514,kmeans,abundance,1.6,10,COMPLETE
298,0.5476044788883004,2024-12-18 23:48:27.003477,2024-12-18 23:48:27.121224,0 days 00:00:00.117747,kmeans,abundance,1.3,4,COMPLETE
299,0.4319508026887111,2024-12-18 23:48:27.122545,2024-12-18 23:48:27.242311,0 days 00:00:00.119766,kmeans,abundance,1.1,10,COMPLETE
300,0.5196917101824418,2024-12-18 23:48:27.243630,2024-12-18 23:48:27.357657,0 days 00:00:00.114027,kmeans,abundance,1.6,9,COMPLETE
301,0.5052420429874321,2024-12-18 23:48:27.359055,2024-12-18 23:48:27.476401,0 days 00:00:00.117346,kmeans,abundance,1.2000000000000002,8,COMPLETE
302,0.6192254871366579,2024-12-18 23:48:27.477463,2024-12-18 23:48:27.590603,0 days 00:00:00.113140,kmeans,abundance,1.7000000000000002,10,COMPLETE
303,0.5861724487685387,2024-12-18 23:48:27.592014,2024-12-18 23:48:27.703506,0 days 00:00:00.111492,kmeans,abundance,1.8,10,COMPLETE
304,0.5997364362861474,2024-12-18 23:48:27.704897,2024-12-18 23:48:27.818774,0 days 00:00:00.113877,kmeans,abundance,1.4000000000000001,2,COMPLETE
305,0.538679991837039,2024-12-18 23:48:27.820188,2024-12-18 23:48:27.938231,0 days 00:00:00.118043,kmeans,abundance,1.5,7,COMPLETE
306,0.52898331440133,2024-12-18 23:48:27.939930,2024-12-18 23:48:28.080917,0 days 00:00:00.140987,kmeans,abundance,1.6,10,COMPLETE
307,0.5233232334054317,2024-12-18 23:48:28.082343,2024-12-18 23:48:28.199579,0 days 00:00:00.117236,kmeans,abundance,1.7000000000000002,10,COMPLETE
308,0.577583431554963,2024-12-18 23:48:28.200996,2024-12-18 23:48:28.312719,0 days 00:00:00.111723,kmeans,abundance,1.5,9,COMPLETE
309,0.5448992437022725,2024-12-18 23:48:28.314137,2024-12-18 23:48:28.432552,0 days 00:00:00.118415,kmeans,abundance,1.0,10,COMPLETE
310,0.5437598669323981,2024-12-18 23:48:28.433945,2024-12-18 23:48:28.549094,0 days 00:00:00.115149,kmeans,abundance,1.4000000000000001,10,COMPLETE
311,0.527006930252494,2024-12-18 23:48:28.550518,2024-12-18 23:48:28.664051,0 days 00:00:00.113533,kmeans,abundance,1.7000000000000002,10,COMPLETE
312,0.4752789275309928,2024-12-18 23:48:28.665470,2024-12-18 23:48:28.785792,0 days 00:00:00.120322,kmeans,abundance,1.3,10,COMPLETE
313,0.595539779825482,2024-12-18 23:48:28.786825,2024-12-18 23:48:28.901421,0 days 00:00:00.114596,kmeans,abundance,1.6,8,COMPLETE
314,0.5651063550375538,2024-12-18 23:48:28.902851,2024-12-18 23:48:29.021064,0 days 00:00:00.118213,kmeans,abundance,1.8,9,COMPLETE
315,0.516376607238947,2024-12-18 23:48:29.022169,2024-12-18 23:48:29.144759,0 days 00:00:00.122590,kmeans,abundance,0.9,5,COMPLETE
316,0.5903366123972191,2024-12-18 23:48:29.146100,2024-12-18 23:48:29.261391,0 days 00:00:00.115291,kmeans,abundance,1.5,10,COMPLETE
317,0.5803132708963098,2024-12-18 23:48:29.262698,2024-12-18 23:48:29.374648,0 days 00:00:00.111950,kmeans,abundance,1.7000000000000002,9,COMPLETE
318,0.5503344703624474,2024-12-18 23:48:29.376072,2024-12-18 23:48:29.490507,0 days 00:00:00.114435,kmeans,abundance,1.6,10,COMPLETE
319,0.5958670457847881,2024-12-18 23:48:29.491918,2024-12-18 23:48:29.605605,0 days 00:00:00.113687,kmeans,abundance,1.9000000000000001,10,COMPLETE
320,0.6279187787678122,2024-12-18 23:48:29.606954,2024-12-18 23:48:29.724419,0 days 00:00:00.117465,kmeans,abundance,1.3,10,COMPLETE
321,0.6424395825718058,2024-12-18 23:48:29.725822,2024-12-18 23:48:29.843153,0 days 00:00:00.117331,kmeans,abundance,1.2000000000000002,8,COMPLETE
322,0.580871545085429,2024-12-18 23:48:29.844584,2024-12-18 23:48:29.961629,0 days 00:00:00.117045,kmeans,abundance,1.2000000000000002,8,COMPLETE
323,0.643745869477201,2024-12-18 23:48:29.962957,2024-12-18 23:48:30.081312,0 days 00:00:00.118355,kmeans,abundance,1.1,8,COMPLETE
324,0.5672587997053598,2024-12-18 23:48:30.082624,2024-12-18 23:48:30.202422,0 days 00:00:00.119798,kmeans,abundance,1.2000000000000002,8,COMPLETE
325,0.599084331757702,2024-12-18 23:48:30.203854,2024-12-18 23:48:30.321874,0 days 00:00:00.118020,kmeans,abundance,1.2000000000000002,8,COMPLETE
326,0.45856692413174827,2024-12-18 23:48:30.322949,2024-12-18 23:48:30.441683,0 days 00:00:00.118734,kmeans,abundance,1.1,8,COMPLETE
327,0.5929449086556978,2024-12-18 23:48:30.443102,2024-12-18 23:48:30.566822,0 days 00:00:00.123720,kmeans,abundance,1.1,8,COMPLETE
328,0.5019333216561056,2024-12-18 23:48:30.568315,2024-12-18 23:48:30.687125,0 days 00:00:00.118810,kmeans,abundance,1.1,8,COMPLETE
329,0.416741494321498,2024-12-18 23:48:30.688305,2024-12-18 23:48:30.805456,0 days 00:00:00.117151,kmeans,abundance,1.2000000000000002,8,COMPLETE
330,0.5009115512220629,2024-12-18 23:48:30.806882,2024-12-18 23:48:30.920540,0 days 00:00:00.113658,kmeans,abundance,1.3,8,COMPLETE
331,0.4845541291284101,2024-12-18 23:48:30.921937,2024-12-18 23:48:31.048418,0 days 00:00:00.126481,kmeans,abundance,0.5,8,COMPLETE
332,0.5072700975994027,2024-12-18 23:48:31.049801,2024-12-18 23:48:31.166100,0 days 00:00:00.116299,kmeans,abundance,1.3,8,COMPLETE
333,0.5476071890284174,2024-12-18 23:48:31.167531,2024-12-18 23:48:31.286168,0 days 00:00:00.118637,kmeans,abundance,1.1,9,COMPLETE
334,0.5721393894231132,2024-12-18 23:48:31.287599,2024-12-18 23:48:31.403477,0 days 00:00:00.115878,kmeans,abundance,1.2000000000000002,7,COMPLETE
335,0.59019535751026,2024-12-18 23:48:31.404903,2024-12-18 23:48:31.522936,0 days 00:00:00.118033,kmeans,abundance,1.1,8,COMPLETE
336,0.5272412226450979,2024-12-18 23:48:31.524345,2024-12-18 23:48:31.640501,0 days 00:00:00.116156,kmeans,abundance,1.3,7,COMPLETE
337,0.49919216686733187,2024-12-18 23:48:31.641563,2024-12-18 23:48:31.759200,0 days 00:00:00.117637,kmeans,abundance,1.0,9,COMPLETE
338,0.5280534215128727,2024-12-18 23:48:31.760627,2024-12-18 23:48:31.877338,0 days 00:00:00.116711,kmeans,abundance,1.4000000000000001,8,COMPLETE
339,0.605005819163261,2024-12-18 23:48:31.878682,2024-12-18 23:48:31.999499,0 days 00:00:00.120817,kmeans,abundance,1.2000000000000002,9,COMPLETE
340,0.6910540537007489,2024-12-18 23:48:32.000799,2024-12-18 23:48:32.117321,0 days 00:00:00.116522,kmeans,abundance,1.4000000000000001,8,COMPLETE
341,0.5482255116315057,2024-12-18 23:48:32.118753,2024-12-18 23:48:32.240651,0 days 00:00:00.121898,kmeans,abundance,1.3,8,COMPLETE
342,0.5301852977772344,2024-12-18 23:48:32.242086,2024-12-18 23:48:32.357070,0 days 00:00:00.114984,kmeans,abundance,1.4000000000000001,8,COMPLETE
343,0.6059740837328699,2024-12-18 23:48:32.358486,2024-12-18 23:48:32.474933,0 days 00:00:00.116447,kmeans,abundance,1.4000000000000001,9,COMPLETE
344,0.551858149802689,2024-12-18 23:48:32.476373,2024-12-18 23:48:32.594086,0 days 00:00:00.117713,kmeans,abundance,1.3,8,COMPLETE
345,0.5098058822179727,2024-12-18 23:48:32.595800,2024-12-18 23:48:32.712250,0 days 00:00:00.116450,kmeans,abundance,1.4000000000000001,8,COMPLETE
346,0.5820501185631372,2024-12-18 23:48:32.713576,2024-12-18 23:48:32.826028,0 days 00:00:00.112452,kmeans,abundance,2.0,8,COMPLETE
347,0.5132338880701646,2024-12-18 23:48:32.827477,2024-12-18 23:48:32.942210,0 days 00:00:00.114733,kmeans,abundance,1.5,8,COMPLETE
348,0.49764716528687086,2024-12-18 23:48:32.943644,2024-12-18 23:48:33.060746,0 days 00:00:00.117102,kmeans,abundance,1.4000000000000001,8,COMPLETE
349,0.44902285969909256,2024-12-18 23:48:33.062188,2024-12-18 23:48:33.177710,0 days 00:00:00.115522,kmeans,abundance,1.8,8,COMPLETE
350,0.468725068472341,2024-12-18 23:48:33.179042,2024-12-18 23:48:33.308913,0 days 00:00:00.129871,kmeans,abundance,0.4,9,COMPLETE
351,0.6077098204749966,2024-12-18 23:48:33.310244,2024-12-18 23:48:33.426063,0 days 00:00:00.115819,kmeans,abundance,1.3,8,COMPLETE
352,0.6034505565292244,2024-12-18 23:48:33.427463,2024-12-18 23:48:33.546405,0 days 00:00:00.118942,kmeans,abundance,1.5,9,COMPLETE
353,0.4965596735123156,2024-12-18 23:48:33.547579,2024-12-18 23:48:33.663045,0 days 00:00:00.115466,kmeans,abundance,1.4000000000000001,10,COMPLETE
354,0.5289177469793604,2024-12-18 23:48:33.664470,2024-12-18 23:48:33.782528,0 days 00:00:00.118058,kmeans,abundance,1.6,10,COMPLETE
355,0.5624092264971141,2024-12-18 23:48:33.783935,2024-12-18 23:48:33.899202,0 days 00:00:00.115267,kmeans,abundance,1.7000000000000002,7,COMPLETE
356,0.5507550948191285,2024-12-18 23:48:33.900530,2024-12-18 23:48:34.018725,0 days 00:00:00.118195,kmeans,abundance,1.8,9,COMPLETE
357,0.6002628509081002,2024-12-18 23:48:34.020151,2024-12-18 23:48:34.138335,0 days 00:00:00.118184,kmeans,abundance,1.4000000000000001,8,COMPLETE
358,0.579973518598497,2024-12-18 23:48:34.139766,2024-12-18 23:48:34.256988,0 days 00:00:00.117222,kmeans,abundance,1.5,3,COMPLETE
359,0.5819552974991443,2024-12-18 23:48:34.258401,2024-12-18 23:48:34.372661,0 days 00:00:00.114260,kmeans,abundance,1.3,7,COMPLETE
360,0.513842500750458,2024-12-18 23:48:34.374017,2024-12-18 23:48:34.491569,0 days 00:00:00.117552,kmeans,abundance,1.6,10,COMPLETE
361,0.6258340949433554,2024-12-18 23:48:34.492999,2024-12-18 23:48:34.607130,0 days 00:00:00.114131,kmeans,abundance,1.9000000000000001,10,COMPLETE
362,0.4889536515772481,2024-12-18 23:48:34.608445,2024-12-18 23:48:34.723318,0 days 00:00:00.114873,kmeans,abundance,1.7000000000000002,10,COMPLETE
363,0.610132003888549,2024-12-18 23:48:34.724769,2024-12-18 23:48:34.842527,0 days 00:00:00.117758,kmeans,abundance,1.3,10,COMPLETE
364,0.3765841258961304,2024-12-18 23:48:34.843943,2024-12-18 23:48:34.985972,0 days 00:00:00.142029,kmeans,abundance,0.2,9,COMPLETE
365,0.5318878527384027,2024-12-18 23:48:34.987409,2024-12-18 23:48:35.115456,0 days 00:00:00.128047,kmeans,abundance,0.6000000000000001,10,COMPLETE
366,0.5730045950252741,2024-12-18 23:48:35.116437,2024-12-18 23:48:35.235923,0 days 00:00:00.119486,kmeans,abundance,1.5,8,COMPLETE
367,0.6039631695055226,2024-12-18 23:48:35.237352,2024-12-18 23:48:35.354941,0 days 00:00:00.117589,kmeans,abundance,1.4000000000000001,10,COMPLETE
368,0.6756759347598987,2024-12-18 23:48:35.356366,2024-12-18 23:48:35.472467,0 days 00:00:00.116101,kmeans,abundance,2.1,10,COMPLETE
369,0.5073150909660821,2024-12-18 23:48:35.473791,2024-12-18 23:48:35.589912,0 days 00:00:00.116121,kmeans,abundance,1.7000000000000002,6,COMPLETE
370,0.6189582722037864,2024-12-18 23:48:35.591329,2024-12-18 23:48:35.703822,0 days 00:00:00.112493,kmeans,abundance,2.3000000000000003,8,COMPLETE
371,0.5525571763631781,2024-12-18 23:48:35.705260,2024-12-18 23:48:35.817515,0 days 00:00:00.112255,kmeans,abundance,2.2,9,COMPLETE
372,0.6788790025109318,2024-12-18 23:48:35.818939,2024-12-18 23:48:35.933353,0 days 00:00:00.114414,kmeans,abundance,2.1,8,COMPLETE
373,0.6698414830166497,2024-12-18 23:48:35.934793,2024-12-18 23:48:36.053228,0 days 00:00:00.118435,kmeans,abundance,2.1,10,COMPLETE
374,0.5219523638181788,2024-12-18 23:48:36.054674,2024-12-18 23:48:36.169456,0 days 00:00:00.114782,kmeans,abundance,2.3000000000000003,10,COMPLETE
375,0.540623353520279,2024-12-18 23:48:36.170872,2024-12-18 23:48:36.283698,0 days 00:00:00.112826,kmeans,abundance,2.0,9,COMPLETE
376,0.5402190973614398,2024-12-18 23:48:36.285145,2024-12-18 23:48:36.397057,0 days 00:00:00.111912,kmeans,abundance,2.1,10,COMPLETE
377,0.6020290417864399,2024-12-18 23:48:36.398482,2024-12-18 23:48:36.512637,0 days 00:00:00.114155,kmeans,abundance,2.1,10,COMPLETE
378,0.5709514090111272,2024-12-18 23:48:36.513961,2024-12-18 23:48:36.629409,0 days 00:00:00.115448,kmeans,abundance,2.2,8,COMPLETE
379,0.5371956807059126,2024-12-18 23:48:36.630782,2024-12-18 23:48:36.746193,0 days 00:00:00.115411,kmeans,abundance,2.1,10,COMPLETE
380,0.6587416314419182,2024-12-18 23:48:36.747526,2024-12-18 23:48:36.862928,0 days 00:00:00.115402,kmeans,abundance,2.0,8,COMPLETE
381,0.5624053149256351,2024-12-18 23:48:36.864360,2024-12-18 23:48:36.981353,0 days 00:00:00.116993,kmeans,abundance,2.0,8,COMPLETE
382,0.5392007623721335,2024-12-18 23:48:36.982429,2024-12-18 23:48:37.096086,0 days 00:00:00.113657,kmeans,abundance,2.1,8,COMPLETE
383,0.43441236634958896,2024-12-18 23:48:37.097477,2024-12-18 23:48:37.213765,0 days 00:00:00.116288,kmeans,abundance,2.2,8,COMPLETE
384,0.5557907704183916,2024-12-18 23:48:37.215221,2024-12-18 23:48:37.326570,0 days 00:00:00.111349,kmeans,abundance,2.1,8,COMPLETE
385,0.6053455426895047,2024-12-18 23:48:37.328007,2024-12-18 23:48:37.441340,0 days 00:00:00.113333,kmeans,abundance,2.0,7,COMPLETE
386,0.6301290611613402,2024-12-18 23:48:37.442685,2024-12-18 23:48:37.557275,0 days 00:00:00.114590,kmeans,abundance,2.2,8,COMPLETE
387,0.6292589698165383,2024-12-18 23:48:37.558730,2024-12-18 23:48:37.673165,0 days 00:00:00.114435,kmeans,abundance,2.1,8,COMPLETE
388,0.5494235621354026,2024-12-18 23:48:37.674609,2024-12-18 23:48:37.788630,0 days 00:00:00.114021,kmeans,abundance,2.2,8,COMPLETE
389,0.534121457171212,2024-12-18 23:48:37.790074,2024-12-18 23:48:37.904982,0 days 00:00:00.114908,kmeans,abundance,2.0,8,COMPLETE
390,0.6277435710489346,2024-12-18 23:48:37.906434,2024-12-18 23:48:38.023731,0 days 00:00:00.117297,kmeans,abundance,2.1,9,COMPLETE
391,0.5514814507795319,2024-12-18 23:48:38.025177,2024-12-18 23:48:38.140450,0 days 00:00:00.115273,kmeans,abundance,2.0,7,COMPLETE
392,0.5996909285841217,2024-12-18 23:48:38.141894,2024-12-18 23:48:38.259255,0 days 00:00:00.117361,kmeans,abundance,2.0,8,COMPLETE
393,0.6347124548003201,2024-12-18 23:48:38.260344,2024-12-18 23:48:38.373380,0 days 00:00:00.113036,kmeans,abundance,1.9000000000000001,9,COMPLETE
394,0.5750747314242889,2024-12-18 23:48:38.374736,2024-12-18 23:48:38.493159,0 days 00:00:00.118423,kmeans,abundance,1.9000000000000001,9,COMPLETE
395,0.5251757203492797,2024-12-18 23:48:38.494702,2024-12-18 23:48:38.612993,0 days 00:00:00.118291,kmeans,abundance,1.9000000000000001,9,COMPLETE
396,0.583928020194917,2024-12-18 23:48:38.614204,2024-12-18 23:48:38.728327,0 days 00:00:00.114123,kmeans,abundance,1.9000000000000001,9,COMPLETE
397,0.5868014624766448,2024-12-18 23:48:38.729752,2024-12-18 23:48:38.849500,0 days 00:00:00.119748,kmeans,abundance,1.0,9,COMPLETE
398,0.5859203648129724,2024-12-18 23:48:38.850935,2024-12-18 23:48:38.965819,0 days 00:00:00.114884,kmeans,abundance,1.9000000000000001,9,COMPLETE
399,0.46666071241573054,2024-12-18 23:48:38.967282,2024-12-18 23:48:39.083334,0 days 00:00:00.116052,kmeans,abundance,1.8,9,COMPLETE
400,0.5640135254962736,2024-12-18 23:48:39.084762,2024-12-18 23:48:39.201296,0 days 00:00:00.116534,kmeans,abundance,2.1,9,COMPLETE
401,0.6197084308157846,2024-12-18 23:48:39.202734,2024-12-18 23:48:39.315426,0 days 00:00:00.112692,kmeans,abundance,2.0,10,COMPLETE
402,0.5548859408224008,2024-12-18 23:48:39.316866,2024-12-18 23:48:39.431425,0 days 00:00:00.114559,kmeans,abundance,1.8,9,COMPLETE
403,0.5809065171398512,2024-12-18 23:48:39.432868,2024-12-18 23:48:39.545514,0 days 00:00:00.112646,kmeans,abundance,2.0,10,COMPLETE
404,0.6204003390685064,2024-12-18 23:48:39.546943,2024-12-18 23:48:39.661515,0 days 00:00:00.114572,kmeans,abundance,1.9000000000000001,10,COMPLETE
405,0.49675136083825316,2024-12-18 23:48:39.662958,2024-12-18 23:48:39.782743,0 days 00:00:00.119785,kmeans,abundance,1.0,10,COMPLETE
406,0.652973257868579,2024-12-18 23:48:39.784276,2024-12-18 23:48:39.903142,0 days 00:00:00.118866,kmeans,abundance,1.8,9,COMPLETE
407,0.45836331633580474,2024-12-18 23:48:39.904216,2024-12-18 23:48:40.025009,0 days 00:00:00.120793,kmeans,abundance,1.6,10,COMPLETE
408,0.5256141586594614,2024-12-18 23:48:40.026476,2024-12-18 23:48:40.145088,0 days 00:00:00.118612,kmeans,abundance,1.7000000000000002,10,COMPLETE
409,0.5990822872640867,2024-12-18 23:48:40.146197,2024-12-18 23:48:40.261669,0 days 00:00:00.115472,kmeans,abundance,1.8,9,COMPLETE
410,0.47474578047942245,2024-12-18 23:48:40.263021,2024-12-18 23:48:40.378422,0 days 00:00:00.115401,kmeans,abundance,1.6,10,COMPLETE
411,0.5286466449533723,2024-12-18 23:48:40.379843,2024-12-18 23:48:40.494049,0 days 00:00:00.114206,kmeans,abundance,2.1,6,COMPLETE
412,0.48544978076822876,2024-12-18 23:48:40.495502,2024-12-18 23:48:40.613209,0 days 00:00:00.117707,kmeans,abundance,1.7000000000000002,10,COMPLETE
413,0.5185920896562394,2024-12-18 23:48:40.614554,2024-12-18 23:48:40.728982,0 days 00:00:00.114428,kmeans,abundance,2.2,9,COMPLETE
414,0.5496809762108034,2024-12-18 23:48:40.730323,2024-12-18 23:48:40.853752,0 days 00:00:00.123429,kmeans,abundance,0.9,10,COMPLETE
415,0.517909981720441,2024-12-18 23:48:40.855214,2024-12-18 23:48:40.971732,0 days 00:00:00.116518,kmeans,abundance,1.8,10,COMPLETE
416,0.569361829979388,2024-12-18 23:48:40.973187,2024-12-18 23:48:41.090618,0 days 00:00:00.117431,kmeans,abundance,1.7000000000000002,10,COMPLETE
417,0.5010696853330828,2024-12-18 23:48:41.092034,2024-12-18 23:48:41.213607,0 days 00:00:00.121573,kmeans,abundance,1.5,9,COMPLETE
418,0.5383132153156499,2024-12-18 23:48:41.215063,2024-12-18 23:48:41.328066,0 days 00:00:00.113003,kmeans,abundance,2.3000000000000003,10,COMPLETE
419,0.5579836822200631,2024-12-18 23:48:41.329529,2024-12-18 23:48:41.451353,0 days 00:00:00.121824,kmeans,abundance,1.6,10,COMPLETE
420,0.5847838076263182,2024-12-18 23:48:41.452367,2024-12-18 23:48:41.571447,0 days 00:00:00.119080,kmeans,abundance,1.5,10,COMPLETE
421,0.4792663897636314,2024-12-18 23:48:41.572798,2024-12-18 23:48:41.694798,0 days 00:00:00.122000,kmeans,abundance,1.1,9,COMPLETE
422,0.5191806963221103,2024-12-18 23:48:41.695926,2024-12-18 23:48:41.816555,0 days 00:00:00.120629,kmeans,abundance,1.8,8,COMPLETE
423,0.5688834617600865,2024-12-18 23:48:41.817997,2024-12-18 23:48:41.935832,0 days 00:00:00.117835,kmeans,abundance,1.2000000000000002,10,COMPLETE
424,0.5211538113515659,2024-12-18 23:48:41.937274,2024-12-18 23:48:42.056726,0 days 00:00:00.119452,kmeans,abundance,1.4000000000000001,8,COMPLETE
425,0.6139269670715948,2024-12-18 23:48:42.058101,2024-12-18 23:48:42.176097,0 days 00:00:00.117996,kmeans,abundance,1.7000000000000002,10,COMPLETE
426,0.5544935279960117,2024-12-18 23:48:42.177562,2024-12-18 23:48:42.296028,0 days 00:00:00.118466,kmeans,abundance,1.6,9,COMPLETE
427,0.5962182332810942,2024-12-18 23:48:42.297486,2024-12-18 23:48:42.415377,0 days 00:00:00.117891,kmeans,abundance,1.4000000000000001,10,COMPLETE
428,0.5314760792325063,2024-12-18 23:48:42.416820,2024-12-18 23:48:42.537752,0 days 00:00:00.120932,kmeans,abundance,1.0,9,COMPLETE
429,0.5724706044426981,2024-12-18 23:48:42.539211,2024-12-18 23:48:42.653119,0 days 00:00:00.113908,kmeans,abundance,2.2,10,COMPLETE
430,0.5527134833848003,2024-12-18 23:48:42.654557,2024-12-18 23:48:42.771718,0 days 00:00:00.117161,kmeans,abundance,1.5,8,COMPLETE
431,0.5791526019957701,2024-12-18 23:48:42.773069,2024-12-18 23:48:42.886944,0 days 00:00:00.113875,kmeans,abundance,2.1,10,COMPLETE
432,0.6432169575535092,2024-12-18 23:48:42.888392,2024-12-18 23:48:43.009567,0 days 00:00:00.121175,kmeans,abundance,1.7000000000000002,8,COMPLETE
433,0.6145346362032007,2024-12-18 23:48:43.010697,2024-12-18 23:48:43.128833,0 days 00:00:00.118136,kmeans,abundance,1.7000000000000002,4,COMPLETE
434,0.5728876562731892,2024-12-18 23:48:43.130323,2024-12-18 23:48:43.250551,0 days 00:00:00.120228,kmeans,abundance,1.7000000000000002,8,COMPLETE
435,0.5800247244677169,2024-12-18 23:48:43.252263,2024-12-18 23:48:43.371458,0 days 00:00:00.119195,kmeans,abundance,1.6,8,COMPLETE
436,0.572649137211873,2024-12-18 23:48:43.372800,2024-12-18 23:48:43.490747,0 days 00:00:00.117947,kmeans,abundance,1.7000000000000002,8,COMPLETE
437,0.5358235340473122,2024-12-18 23:48:43.492220,2024-12-18 23:48:43.606915,0 days 00:00:00.114695,kmeans,abundance,1.8,7,COMPLETE
438,0.5569787962945957,2024-12-18 23:48:43.608387,2024-12-18 23:48:43.726870,0 days 00:00:00.118483,kmeans,abundance,1.6,8,COMPLETE
439,0.5103154524424948,2024-12-18 23:48:43.728346,2024-12-18 23:48:43.845144,0 days 00:00:00.116798,kmeans,abundance,1.7000000000000002,8,COMPLETE
440,0.4416895734074018,2024-12-18 23:48:43.846468,2024-12-18 23:48:43.963399,0 days 00:00:00.116931,kmeans,abundance,1.8,8,COMPLETE
441,0.6270931864260794,2024-12-18 23:48:43.964761,2024-12-18 23:48:44.082435,0 days 00:00:00.117674,kmeans,abundance,1.6,8,COMPLETE
442,0.4639525869082736,2024-12-18 23:48:44.083890,2024-12-18 23:48:44.203346,0 days 00:00:00.119456,kmeans,abundance,1.8,7,COMPLETE
443,0.4953794070036268,2024-12-18 23:48:44.204709,2024-12-18 23:48:44.320687,0 days 00:00:00.115978,kmeans,abundance,1.7000000000000002,10,COMPLETE
444,0.5931069882235093,2024-12-18 23:48:44.322197,2024-12-18 23:48:44.438978,0 days 00:00:00.116781,kmeans,abundance,1.6,8,COMPLETE
445,0.44916674076216867,2024-12-18 23:48:44.440460,2024-12-18 23:48:44.562672,0 days 00:00:00.122212,kmeans,abundance,1.1,10,COMPLETE
446,0.5051280169334745,2024-12-18 23:48:44.563855,2024-12-18 23:48:44.682029,0 days 00:00:00.118174,kmeans,abundance,1.8,7,COMPLETE
447,0.5689296187144116,2024-12-18 23:48:44.683253,2024-12-18 23:48:44.804296,0 days 00:00:00.121043,kmeans,abundance,1.5,10,COMPLETE
448,0.4936553817099627,2024-12-18 23:48:44.805760,2024-12-18 23:48:44.925612,0 days 00:00:00.119852,kmeans,abundance,1.6,10,COMPLETE
449,0.5757973552812219,2024-12-18 23:48:44.926721,2024-12-18 23:48:45.044577,0 days 00:00:00.117856,kmeans,abundance,1.7000000000000002,8,COMPLETE
450,0.546344484289652,2024-12-18 23:48:45.045927,2024-12-18 23:48:45.163094,0 days 00:00:00.117167,kmeans,abundance,2.2,10,COMPLETE
451,0.4867535939262588,2024-12-18 23:48:45.164567,2024-12-18 23:48:45.282258,0 days 00:00:00.117691,kmeans,abundance,2.1,10,COMPLETE
452,0.4632954486486405,2024-12-18 23:48:45.283608,2024-12-18 23:48:45.406151,0 days 00:00:00.122543,kmeans,abundance,1.5,8,COMPLETE
453,0.6386536896683798,2024-12-18 23:48:45.407627,2024-12-18 23:48:45.526205,0 days 00:00:00.118578,kmeans,abundance,1.7000000000000002,10,COMPLETE
454,0.5185733735805237,2024-12-18 23:48:45.527685,2024-12-18 23:48:45.647421,0 days 00:00:00.119736,kmeans,abundance,1.8,10,COMPLETE
455,0.5947067476217752,2024-12-18 23:48:45.648569,2024-12-18 23:48:45.766179,0 days 00:00:00.117610,kmeans,abundance,1.7000000000000002,10,COMPLETE
456,0.6972365082575106,2024-12-18 23:48:45.767642,2024-12-18 23:48:45.889278,0 days 00:00:00.121636,kmeans,abundance,1.6,10,COMPLETE
457,0.5873309207243639,2024-12-18 23:48:45.890731,2024-12-18 23:48:46.014185,0 days 00:00:00.123454,kmeans,abundance,1.6,10,COMPLETE
458,0.523795390828054,2024-12-18 23:48:46.015669,2024-12-18 23:48:46.139969,0 days 00:00:00.124300,kmeans,abundance,1.7000000000000002,10,COMPLETE
459,0.5034642023908195,2024-12-18 23:48:46.141181,2024-12-18 23:48:46.263981,0 days 00:00:00.122800,kmeans,abundance,1.6,10,COMPLETE
460,0.5531300642843359,2024-12-18 23:48:46.265208,2024-12-18 23:48:46.389713,0 days 00:00:00.124505,kmeans,abundance,1.0,10,COMPLETE
461,0.5221681746658019,2024-12-18 23:48:46.391216,2024-12-18 23:48:46.512832,0 days 00:00:00.121616,kmeans,abundance,1.7000000000000002,5,COMPLETE
462,0.5719514404715612,2024-12-18 23:48:46.513958,2024-12-18 23:48:46.630372,0 days 00:00:00.116414,kmeans,abundance,2.0,10,COMPLETE
463,0.5428209314929703,2024-12-18 23:48:46.631759,2024-12-18 23:48:46.748024,0 days 00:00:00.116265,kmeans,abundance,1.9000000000000001,10,COMPLETE
464,0.5028621004139721,2024-12-18 23:48:46.749551,2024-12-18 23:48:46.867734,0 days 00:00:00.118183,kmeans,abundance,1.7000000000000002,10,COMPLETE
465,0.5740717754388169,2024-12-18 23:48:46.869225,2024-12-18 23:48:46.987340,0 days 00:00:00.118115,kmeans,abundance,1.8,10,COMPLETE
466,0.498808276632638,2024-12-18 23:48:46.988812,2024-12-18 23:48:47.110293,0 days 00:00:00.121481,kmeans,abundance,1.6,10,COMPLETE
467,0.6193295569864823,2024-12-18 23:48:47.111675,2024-12-18 23:48:47.228916,0 days 00:00:00.117241,kmeans,abundance,2.3000000000000003,10,COMPLETE
468,0.5406330575605425,2024-12-18 23:48:47.230211,2024-12-18 23:48:47.349256,0 days 00:00:00.119045,kmeans,abundance,1.1,10,COMPLETE
469,0.5917889852188872,2024-12-18 23:48:47.350618,2024-12-18 23:48:47.469014,0 days 00:00:00.118396,kmeans,abundance,1.6,10,COMPLETE
470,0.5312050022891992,2024-12-18 23:48:47.470491,2024-12-18 23:48:47.588061,0 days 00:00:00.117570,kmeans,abundance,1.7000000000000002,10,COMPLETE
471,0.5672276186250059,2024-12-18 23:48:47.589410,2024-12-18 23:48:47.707708,0 days 00:00:00.118298,kmeans,abundance,2.1,10,COMPLETE
472,0.5474302455113826,2024-12-18 23:48:47.709204,2024-12-18 23:48:47.829040,0 days 00:00:00.119836,kmeans,abundance,1.5,10,COMPLETE
473,0.6061845390720189,2024-12-18 23:48:47.830484,2024-12-18 23:48:47.950211,0 days 00:00:00.119727,kmeans,abundance,1.6,10,COMPLETE
474,0.5873755873365326,2024-12-18 23:48:47.951589,2024-12-18 23:48:48.072762,0 days 00:00:00.121173,kmeans,abundance,1.8,10,COMPLETE
475,0.5501471692140995,2024-12-18 23:48:48.074234,2024-12-18 23:48:48.201267,0 days 00:00:00.127033,kmeans,abundance,0.9,10,COMPLETE
476,0.6605125920253938,2024-12-18 23:48:48.202338,2024-12-18 23:48:48.319067,0 days 00:00:00.116729,kmeans,abundance,1.9000000000000001,10,COMPLETE
477,0.5261820258129454,2024-12-18 23:48:48.320539,2024-12-18 23:48:48.438639,0 days 00:00:00.118100,kmeans,abundance,1.9000000000000001,10,COMPLETE
478,0.6858194419217171,2024-12-18 23:48:48.439996,2024-12-18 23:48:48.557420,0 days 00:00:00.117424,kmeans,abundance,1.9000000000000001,10,COMPLETE
479,0.48743940371187006,2024-12-18 23:48:48.558907,2024-12-18 23:48:48.673964,0 days 00:00:00.115057,kmeans,abundance,2.0,10,COMPLETE
480,0.6297458306224779,2024-12-18 23:48:48.675302,2024-12-18 23:48:48.792132,0 days 00:00:00.116830,kmeans,abundance,1.9000000000000001,10,COMPLETE
481,0.5635335951812416,2024-12-18 23:48:48.793502,2024-12-18 23:48:48.909644,0 days 00:00:00.116142,kmeans,abundance,2.0,10,COMPLETE
482,0.44583642042050214,2024-12-18 23:48:48.911147,2024-12-18 23:48:49.034411,0 days 00:00:00.123264,kmeans,abundance,1.9000000000000001,10,COMPLETE
483,0.5667046515285219,2024-12-18 23:48:49.035905,2024-12-18 23:48:49.156616,0 days 00:00:00.120711,kmeans,abundance,1.9000000000000001,10,COMPLETE
484,0.5185096674698926,2024-12-18 23:48:49.158076,2024-12-18 23:48:49.276214,0 days 00:00:00.118138,kmeans,abundance,2.0,10,COMPLETE
485,0.5997527792569207,2024-12-18 23:48:49.277687,2024-12-18 23:48:49.396695,0 days 00:00:00.119008,kmeans,abundance,2.0,6,COMPLETE
486,0.5444284079539093,2024-12-18 23:48:49.398189,2024-12-18 23:48:49.518492,0 days 00:00:00.120303,kmeans,abundance,1.9000000000000001,10,COMPLETE
487,0.5549816081781197,2024-12-18 23:48:49.520000,2024-12-18 23:48:49.641455,0 days 00:00:00.121455,kmeans,abundance,1.8,10,COMPLETE
488,0.5522845151514469,2024-12-18 23:48:49.642541,2024-12-18 23:48:49.760568,0 days 00:00:00.118027,kmeans,abundance,1.9000000000000001,10,COMPLETE
489,0.5809742378133483,2024-12-18 23:48:49.761946,2024-12-18 23:48:49.879226,0 days 00:00:00.117280,kmeans,abundance,2.0,10,COMPLETE
490,0.6384228207246027,2024-12-18 23:48:49.880685,2024-12-18 23:48:49.999598,0 days 00:00:00.118913,kmeans,abundance,1.8,2,COMPLETE
491,0.5567802760083052,2024-12-18 23:48:50.001076,2024-12-18 23:48:50.119627,0 days 00:00:00.118551,kmeans,abundance,1.9000000000000001,10,COMPLETE
492,0.5210083855945188,2024-12-18 23:48:50.121077,2024-12-18 23:48:50.239967,0 days 00:00:00.118890,kmeans,abundance,1.8,10,COMPLETE
493,0.6316526084049827,2024-12-18 23:48:50.241280,2024-12-18 23:48:50.357864,0 days 00:00:00.116584,kmeans,abundance,1.9000000000000001,10,COMPLETE
494,0.5461701557072597,2024-12-18 23:48:50.359349,2024-12-18 23:48:50.476400,0 days 00:00:00.117051,kmeans,abundance,2.0,10,COMPLETE
495,0.5442900671568071,2024-12-18 23:48:50.477874,2024-12-18 23:48:50.594340,0 days 00:00:00.116466,kmeans,abundance,2.1,10,COMPLETE
496,0.6133303416839611,2024-12-18 23:48:50.595829,2024-12-18 23:48:50.712726,0 days 00:00:00.116897,kmeans,abundance,1.8,10,COMPLETE
497,0.6001428724146702,2024-12-18 23:48:50.714208,2024-12-18 23:48:50.830092,0 days 00:00:00.115884,kmeans,abundance,2.4000000000000004,10,COMPLETE
498,0.5626003434679169,2024-12-18 23:48:50.831559,2024-12-18 23:48:50.954099,0 days 00:00:00.122540,kmeans,abundance,1.8,10,COMPLETE
499,0.5482778517743583,2024-12-18 23:48:50.955582,2024-12-18 23:48:51.074695,0 days 00:00:00.119113,kmeans,abundance,1.9000000000000001,10,COMPLETE
500,0.5526987618877245,2024-12-18 23:48:51.076187,2024-12-18 23:48:51.198918,0 days 00:00:00.122731,kmeans,abundance,2.0,7,COMPLETE
501,0.5356821142636026,2024-12-18 23:48:51.200229,2024-12-18 23:48:51.316811,0 days 00:00:00.116582,kmeans,abundance,2.1,10,COMPLETE
502,0.6323136201216382,2024-12-18 23:48:51.318321,2024-12-18 23:48:51.439847,0 days 00:00:00.121526,kmeans,abundance,1.2000000000000002,10,COMPLETE
503,0.5242370543341616,2024-12-18 23:48:51.441301,2024-12-18 23:48:51.558813,0 days 00:00:00.117512,kmeans,abundance,1.8,10,COMPLETE
504,0.5603526527796662,2024-12-18 23:48:51.560341,2024-12-18 23:48:51.683282,0 days 00:00:00.122941,kmeans,abundance,1.0,10,COMPLETE
505,0.6240735267098846,2024-12-18 23:48:51.684790,2024-12-18 23:48:51.804427,0 days 00:00:00.119637,kmeans,abundance,1.7000000000000002,10,COMPLETE
506,0.5473396250033872,2024-12-18 23:48:51.805921,2024-12-18 23:48:51.922821,0 days 00:00:00.116900,kmeans,abundance,1.8,8,COMPLETE
507,0.4956284132242268,2024-12-18 23:48:51.924300,2024-12-18 23:48:52.043139,0 days 00:00:00.118839,kmeans,abundance,1.9000000000000001,7,COMPLETE
508,0.5746072155012217,2024-12-18 23:48:52.044631,2024-12-18 23:48:52.162948,0 days 00:00:00.118317,kmeans,abundance,1.7000000000000002,10,COMPLETE
509,0.6238973596104456,2024-12-18 23:48:52.164339,2024-12-18 23:48:52.281287,0 days 00:00:00.116948,kmeans,abundance,2.2,10,COMPLETE
510,0.5583660313352344,2024-12-18 23:48:52.282758,2024-12-18 23:48:52.396908,0 days 00:00:00.114150,kmeans,abundance,2.1,10,COMPLETE
511,0.5675862174749764,2024-12-18 23:48:52.398400,2024-12-18 23:48:52.522711,0 days 00:00:00.124311,kmeans,abundance,1.6,8,COMPLETE
512,0.5024705802217478,2024-12-18 23:48:52.524223,2024-12-18 23:48:52.648738,0 days 00:00:00.124515,kmeans,abundance,1.1,10,COMPLETE
513,0.6234885121982792,2024-12-18 23:48:52.649917,2024-12-18 23:48:52.768084,0 days 00:00:00.118167,kmeans,abundance,2.0,10,COMPLETE
514,0.596950724729528,2024-12-18 23:48:52.769583,2024-12-18 23:48:52.890208,0 days 00:00:00.120625,kmeans,abundance,1.6,10,COMPLETE
515,0.48778705144528417,2024-12-18 23:48:52.891683,2024-12-18 23:48:53.009467,0 days 00:00:00.117784,kmeans,abundance,1.9000000000000001,10,COMPLETE
516,0.6038474769228347,2024-12-18 23:48:53.010999,2024-12-18 23:48:53.130977,0 days 00:00:00.119978,kmeans,abundance,1.7000000000000002,3,COMPLETE
517,0.4938378030178772,2024-12-18 23:48:53.132465,2024-12-18 23:48:53.254604,0 days 00:00:00.122139,kmeans,abundance,1.8,8,COMPLETE
518,0.510020083301134,2024-12-18 23:48:53.256079,2024-12-18 23:48:53.375376,0 days 00:00:00.119297,kmeans,abundance,1.5,10,COMPLETE
519,0.6044401544475244,2024-12-18 23:48:53.376850,2024-12-18 23:48:53.497257,0 days 00:00:00.120407,kmeans,abundance,1.7000000000000002,10,COMPLETE
520,0.5796103922562187,2024-12-18 23:48:53.498756,2024-12-18 23:48:53.621424,0 days 00:00:00.122668,kmeans,abundance,1.1,8,COMPLETE
521,0.5007117838562174,2024-12-18 23:48:53.622920,2024-12-18 23:48:53.741595,0 days 00:00:00.118675,kmeans,abundance,1.6,7,COMPLETE
522,0.5537414273613055,2024-12-18 23:48:53.743082,2024-12-18 23:48:53.867987,0 days 00:00:00.124905,kmeans,abundance,1.2000000000000002,10,COMPLETE
523,0.5877205443417904,2024-12-18 23:48:53.869492,2024-12-18 23:48:53.989914,0 days 00:00:00.120422,kmeans,abundance,1.8,10,COMPLETE
524,0.6143660026352137,2024-12-18 23:48:53.991408,2024-12-18 23:48:54.112176,0 days 00:00:00.120768,kmeans,abundance,2.0,10,COMPLETE
525,0.6780092391241305,2024-12-18 23:48:54.113689,2024-12-18 23:48:54.237070,0 days 00:00:00.123381,kmeans,abundance,1.5,10,COMPLETE
526,0.5683298676813947,2024-12-18 23:48:54.238563,2024-12-18 23:48:54.359845,0 days 00:00:00.121282,kmeans,abundance,1.5,8,COMPLETE
527,0.5412961438993884,2024-12-18 23:48:54.361345,2024-12-18 23:48:54.481711,0 days 00:00:00.120366,kmeans,abundance,1.5,10,COMPLETE
528,0.553632845448249,2024-12-18 23:48:54.483111,2024-12-18 23:48:54.602984,0 days 00:00:00.119873,kmeans,abundance,1.4000000000000001,8,COMPLETE
529,0.537140338071549,2024-12-18 23:48:54.604492,2024-12-18 23:48:54.723040,0 days 00:00:00.118548,kmeans,abundance,1.5,10,COMPLETE
530,0.5336416276882748,2024-12-18 23:48:54.724521,2024-12-18 23:48:54.846189,0 days 00:00:00.121668,kmeans,abundance,1.5,10,COMPLETE
531,0.5030492321215255,2024-12-18 23:48:54.847678,2024-12-18 23:48:54.966577,0 days 00:00:00.118899,kmeans,abundance,1.5,10,COMPLETE
532,0.4592543545920372,2024-12-18 23:48:54.968056,2024-12-18 23:48:55.089155,0 days 00:00:00.121099,kmeans,abundance,1.4000000000000001,10,COMPLETE
533,0.5303826405918405,2024-12-18 23:48:55.090653,2024-12-18 23:48:55.211326,0 days 00:00:00.120673,kmeans,abundance,2.1,8,COMPLETE
534,0.5568242563373785,2024-12-18 23:48:55.212412,2024-12-18 23:48:55.331609,0 days 00:00:00.119197,kmeans,abundance,1.2000000000000002,10,COMPLETE
535,0.5372799171827579,2024-12-18 23:48:55.333085,2024-12-18 23:48:55.450933,0 days 00:00:00.117848,kmeans,abundance,2.2,10,COMPLETE
536,0.4626675633400401,2024-12-18 23:48:55.452422,2024-12-18 23:48:55.576238,0 days 00:00:00.123816,kmeans,abundance,1.0,6,COMPLETE
537,0.528649759285582,2024-12-18 23:48:55.577741,2024-12-18 23:48:55.702269,0 days 00:00:00.124528,kmeans,abundance,1.4000000000000001,10,COMPLETE
538,0.4882784739035085,2024-12-18 23:48:55.703769,2024-12-18 23:48:55.826622,0 days 00:00:00.122853,kmeans,abundance,1.6,8,COMPLETE
539,0.5631719005911794,2024-12-18 23:48:55.828111,2024-12-18 23:48:55.946356,0 days 00:00:00.118245,kmeans,abundance,2.3000000000000003,10,COMPLETE
540,0.5283450149909857,2024-12-18 23:48:55.947837,2024-12-18 23:48:56.070967,0 days 00:00:00.123130,kmeans,abundance,1.4000000000000001,10,COMPLETE
541,0.560886964945812,2024-12-18 23:48:56.072432,2024-12-18 23:48:56.193521,0 days 00:00:00.121089,kmeans,abundance,2.0,10,COMPLETE
542,0.5764604486747638,2024-12-18 23:48:56.194980,2024-12-18 23:48:56.311565,0 days 00:00:00.116585,kmeans,abundance,1.9000000000000001,8,COMPLETE
543,0.608005640923405,2024-12-18 23:48:56.313038,2024-12-18 23:48:56.430678,0 days 00:00:00.117640,kmeans,abundance,1.6,10,COMPLETE
544,0.5281325149001466,2024-12-18 23:48:56.432190,2024-12-18 23:48:56.551948,0 days 00:00:00.119758,kmeans,abundance,1.5,7,COMPLETE
545,0.655086042123556,2024-12-18 23:48:56.553446,2024-12-18 23:48:56.671022,0 days 00:00:00.117576,kmeans,abundance,1.9000000000000001,10,COMPLETE
546,0.6649878419285595,2024-12-18 23:48:56.672491,2024-12-18 23:48:56.791828,0 days 00:00:00.119337,kmeans,abundance,1.9000000000000001,8,COMPLETE
547,0.5249256334545161,2024-12-18 23:48:56.793327,2024-12-18 23:48:56.913099,0 days 00:00:00.119772,kmeans,abundance,1.9000000000000001,10,COMPLETE
548,0.6877192386284658,2024-12-18 23:48:56.914598,2024-12-18 23:48:57.034829,0 days 00:00:00.120231,kmeans,abundance,1.9000000000000001,10,COMPLETE
549,0.5389326661730584,2024-12-18 23:48:57.036334,2024-12-18 23:48:57.155996,0 days 00:00:00.119662,kmeans,abundance,1.9000000000000001,10,COMPLETE
550,0.5807075409355712,2024-12-18 23:48:57.157499,2024-12-18 23:48:57.281431,0 days 00:00:00.123932,kmeans,abundance,2.0,10,COMPLETE
551,0.5388625357334448,2024-12-18 23:48:57.282943,2024-12-18 23:48:57.401432,0 days 00:00:00.118489,kmeans,abundance,1.9000000000000001,8,COMPLETE
552,0.6887914996484358,2024-12-18 23:48:57.402933,2024-12-18 23:48:57.523479,0 days 00:00:00.120546,kmeans,abundance,1.9000000000000001,10,COMPLETE
553,0.5903985147126076,2024-12-18 23:48:57.524995,2024-12-18 23:48:57.646987,0 days 00:00:00.121992,kmeans,abundance,1.9000000000000001,10,COMPLETE
554,0.5879245976752097,2024-12-18 23:48:57.648392,2024-12-18 23:48:57.764924,0 days 00:00:00.116532,kmeans,abundance,2.0,10,COMPLETE
555,0.6909014285614982,2024-12-18 23:48:57.766437,2024-12-18 23:48:57.884883,0 days 00:00:00.118446,kmeans,abundance,1.9000000000000001,10,COMPLETE
556,0.544810623350999,2024-12-18 23:48:57.886372,2024-12-18 23:48:58.011623,0 days 00:00:00.125251,kmeans,abundance,1.9000000000000001,10,COMPLETE
557,0.500154773275807,2024-12-18 23:48:58.013101,2024-12-18 23:48:58.138586,0 days 00:00:00.125485,kmeans,abundance,1.9000000000000001,5,COMPLETE
558,0.41474528199140726,2024-12-18 23:48:58.139957,2024-12-18 23:48:58.259261,0 days 00:00:00.119304,kmeans,abundance,2.0,10,COMPLETE
559,0.565377395229199,2024-12-18 23:48:58.260666,2024-12-18 23:48:58.377768,0 days 00:00:00.117102,kmeans,abundance,1.9000000000000001,10,COMPLETE
560,0.6299912199335512,2024-12-18 23:48:58.379274,2024-12-18 23:48:58.499001,0 days 00:00:00.119727,kmeans,abundance,1.9000000000000001,10,COMPLETE
561,0.6253664578392027,2024-12-18 23:48:58.500521,2024-12-18 23:48:58.618340,0 days 00:00:00.117819,kmeans,abundance,1.9000000000000001,10,COMPLETE
562,0.45845082266495485,2024-12-18 23:48:58.619831,2024-12-18 23:48:58.737865,0 days 00:00:00.118034,kmeans,abundance,2.0,10,COMPLETE
563,0.4846706618169472,2024-12-18 23:48:58.739384,2024-12-18 23:48:58.860323,0 days 00:00:00.120939,kmeans,abundance,2.0,10,COMPLETE
564,0.5569127071244132,2024-12-18 23:48:58.861812,2024-12-18 23:48:58.982463,0 days 00:00:00.120651,kmeans,abundance,1.9000000000000001,10,COMPLETE
565,0.5297088497088086,2024-12-18 23:48:58.983873,2024-12-18 23:48:59.105467,0 days 00:00:00.121594,kmeans,abundance,1.9000000000000001,10,COMPLETE
566,0.5227383184261107,2024-12-18 23:48:59.106975,2024-12-18 23:48:59.230504,0 days 00:00:00.123529,kmeans,abundance,2.0,10,COMPLETE
567,0.5736948861507106,2024-12-18 23:48:59.232015,2024-12-18 23:48:59.349297,0 days 00:00:00.117282,kmeans,abundance,1.9000000000000001,10,COMPLETE
568,0.5656257115164895,2024-12-18 23:48:59.350778,2024-12-18 23:48:59.469464,0 days 00:00:00.118686,kmeans,abundance,1.9000000000000001,10,COMPLETE
569,0.594906431492458,2024-12-18 23:48:59.470955,2024-12-18 23:48:59.589524,0 days 00:00:00.118569,kmeans,abundance,2.0,10,COMPLETE
570,0.5638965460549438,2024-12-18 23:48:59.591015,2024-12-18 23:48:59.709782,0 days 00:00:00.118767,kmeans,abundance,2.0,10,COMPLETE
571,0.582388539378294,2024-12-18 23:48:59.711279,2024-12-18 23:48:59.829944,0 days 00:00:00.118665,kmeans,abundance,2.1,10,COMPLETE
572,0.6139777640033909,2024-12-18 23:48:59.831433,2024-12-18 23:48:59.954333,0 days 00:00:00.122900,kmeans,abundance,1.9000000000000001,10,COMPLETE
573,0.6430270738894086,2024-12-18 23:48:59.955849,2024-12-18 23:49:00.077547,0 days 00:00:00.121698,kmeans,abundance,1.9000000000000001,10,COMPLETE
574,0.5268039822843396,2024-12-18 23:49:00.079036,2024-12-18 23:49:00.203127,0 days 00:00:00.124091,kmeans,abundance,1.8,10,COMPLETE
575,0.5890997729557158,2024-12-18 23:49:00.204624,2024-12-18 23:49:00.324590,0 days 00:00:00.119966,kmeans,abundance,2.0,10,COMPLETE
576,0.5107069202809272,2024-12-18 23:49:00.326076,2024-12-18 23:49:00.447961,0 days 00:00:00.121885,kmeans,abundance,1.9000000000000001,10,COMPLETE
577,0.5148683819826799,2024-12-18 23:49:00.449379,2024-12-18 23:49:00.574002,0 days 00:00:00.124623,kmeans,abundance,2.1,10,COMPLETE
578,0.5825735077119482,2024-12-18 23:49:00.575517,2024-12-18 23:49:00.699532,0 days 00:00:00.124015,kmeans,abundance,1.8,10,COMPLETE
579,0.4697964344238697,2024-12-18 23:49:00.701028,2024-12-18 23:49:00.821861,0 days 00:00:00.120833,kmeans,abundance,2.0,10,COMPLETE
580,0.5644573998021574,2024-12-18 23:49:00.823371,2024-12-18 23:49:00.944839,0 days 00:00:00.121468,kmeans,abundance,1.8,10,COMPLETE
581,0.44749764237030104,2024-12-18 23:49:00.946349,2024-12-18 23:49:01.067243,0 days 00:00:00.120894,kmeans,abundance,1.9000000000000001,10,COMPLETE
582,0.42005069206506745,2024-12-18 23:49:01.068701,2024-12-18 23:49:01.189732,0 days 00:00:00.121031,kmeans,abundance,2.0,10,COMPLETE
583,0.45513373015027536,2024-12-18 23:49:01.191255,2024-12-18 23:49:01.318108,0 days 00:00:00.126853,kmeans,abundance,0.7000000000000001,10,COMPLETE
584,0.5770483968927813,2024-12-18 23:49:01.319686,2024-12-18 23:49:01.439243,0 days 00:00:00.119557,kmeans,abundance,1.8,10,COMPLETE
585,0.55118815737201,2024-12-18 23:49:01.440662,2024-12-18 23:49:01.559929,0 days 00:00:00.119267,kmeans,abundance,1.9000000000000001,10,COMPLETE
586,0.530862244953331,2024-12-18 23:49:01.561515,2024-12-18 23:49:01.686185,0 days 00:00:00.124670,kmeans,abundance,0.8,4,COMPLETE
587,0.5017807124191725,2024-12-18 23:49:01.687694,2024-12-18 23:49:01.809001,0 days 00:00:00.121307,kmeans,abundance,1.9000000000000001,10,COMPLETE
588,0.5460419682171342,2024-12-18 23:49:01.810514,2024-12-18 23:49:01.931896,0 days 00:00:00.121382,kmeans,abundance,2.1,10,COMPLETE
589,0.6170416604509222,2024-12-18 23:49:01.933413,2024-12-18 23:49:02.058383,0 days 00:00:00.124970,kmeans,abundance,1.9000000000000001,10,COMPLETE
590,0.6687301411644556,2024-12-18 23:49:02.059541,2024-12-18 23:49:02.182570,0 days 00:00:00.123029,kmeans,abundance,2.0,10,COMPLETE
591,0.575294606722157,2024-12-18 23:49:02.184095,2024-12-18 23:49:02.306218,0 days 00:00:00.122123,kmeans,abundance,2.0,10,COMPLETE
592,0.5286045037278185,2024-12-18 23:49:02.307751,2024-12-18 23:49:02.427700,0 days 00:00:00.119949,kmeans,abundance,2.1,10,COMPLETE
593,0.5555431344038332,2024-12-18 23:49:02.429089,2024-12-18 23:49:02.547597,0 days 00:00:00.118508,kmeans,abundance,2.0,10,COMPLETE
594,0.5796775589009302,2024-12-18 23:49:02.548991,2024-12-18 23:49:02.669712,0 days 00:00:00.120721,kmeans,abundance,2.0,6,COMPLETE
595,0.5349351870942766,2024-12-18 23:49:02.671225,2024-12-18 23:49:02.790884,0 days 00:00:00.119659,kmeans,abundance,2.1,10,COMPLETE
596,0.5332697217832846,2024-12-18 23:49:02.792367,2024-12-18 23:49:02.913696,0 days 00:00:00.121329,kmeans,abundance,2.0,9,COMPLETE
597,0.599667360980976,2024-12-18 23:49:02.915218,2024-12-18 23:49:03.038368,0 days 00:00:00.123150,kmeans,abundance,1.9000000000000001,10,COMPLETE
598,0.6471945991423916,2024-12-18 23:49:03.039880,2024-12-18 23:49:03.162916,0 days 00:00:00.123036,kmeans,abundance,2.0,10,COMPLETE
599,0.5846735585829422,2024-12-18 23:49:03.164436,2024-12-18 23:49:03.285580,0 days 00:00:00.121144,kmeans,abundance,2.1,10,COMPLETE
600,0.5949046254657567,2024-12-18 23:49:03.287064,2024-12-18 23:49:03.407777,0 days 00:00:00.120713,kmeans,abundance,2.0,10,COMPLETE
601,0.5390889338093174,2024-12-18 23:49:03.409289,2024-12-18 23:49:03.532375,0 days 00:00:00.123086,kmeans,abundance,2.0,9,COMPLETE
602,0.6076304170042782,2024-12-18 23:49:03.533925,2024-12-18 23:49:03.657406,0 days 00:00:00.123481,kmeans,abundance,2.1,10,COMPLETE
603,0.6061656989674703,2024-12-18 23:49:03.658549,2024-12-18 23:49:03.778398,0 days 00:00:00.119849,kmeans,abundance,2.2,10,COMPLETE
604,0.6040206901616486,2024-12-18 23:49:03.779954,2024-12-18 23:49:03.903626,0 days 00:00:00.123672,kmeans,abundance,2.0,10,COMPLETE
605,0.43607152655222925,2024-12-18 23:49:03.905036,2024-12-18 23:49:04.027776,0 days 00:00:00.122740,kmeans,abundance,2.1,7,COMPLETE
606,0.5934382829767096,2024-12-18 23:49:04.029310,2024-12-18 23:49:04.154421,0 days 00:00:00.125111,kmeans,abundance,2.0,10,COMPLETE
607,0.6415635133491246,2024-12-18 23:49:04.155917,2024-12-18 23:49:04.281443,0 days 00:00:00.125526,kmeans,abundance,1.4000000000000001,10,COMPLETE
608,0.5990069554960221,2024-12-18 23:49:04.282963,2024-12-18 23:49:04.406547,0 days 00:00:00.123584,kmeans,abundance,2.0,10,COMPLETE
609,0.5662450126018483,2024-12-18 23:49:04.408068,2024-12-18 23:49:04.529275,0 days 00:00:00.121207,kmeans,abundance,1.9000000000000001,10,COMPLETE
610,0.5247833815297543,2024-12-18 23:49:04.530770,2024-12-18 23:49:04.651759,0 days 00:00:00.120989,kmeans,abundance,2.0,10,COMPLETE
611,0.5373237772707392,2024-12-18 23:49:04.653286,2024-12-18 23:49:04.776665,0 days 00:00:00.123379,kmeans,abundance,1.5,10,COMPLETE
612,0.5464405696777973,2024-12-18 23:49:04.778185,2024-12-18 23:49:04.898814,0 days 00:00:00.120629,kmeans,abundance,2.1,10,COMPLETE
613,0.6304265375500211,2024-12-18 23:49:04.900311,2024-12-18 23:49:05.023423,0 days 00:00:00.123112,kmeans,abundance,1.9000000000000001,9,COMPLETE
614,0.6358348517612851,2024-12-18 23:49:05.024952,2024-12-18 23:49:05.147759,0 days 00:00:00.122807,kmeans,abundance,2.2,10,COMPLETE
615,0.6159522693984067,2024-12-18 23:49:05.149005,2024-12-18 23:49:05.272369,0 days 00:00:00.123364,kmeans,abundance,2.5,10,COMPLETE
616,0.5359402304698285,2024-12-18 23:49:05.273783,2024-12-18 23:49:05.398239,0 days 00:00:00.124456,kmeans,abundance,1.9000000000000001,9,COMPLETE
617,0.5862806952497285,2024-12-18 23:49:05.399781,2024-12-18 23:49:05.523295,0 days 00:00:00.123514,kmeans,abundance,2.0,7,COMPLETE
618,0.6230921830761408,2024-12-18 23:49:05.524826,2024-12-18 23:49:05.649178,0 days 00:00:00.124352,kmeans,abundance,1.4000000000000001,9,COMPLETE
619,0.5231555463635064,2024-12-18 23:49:05.650695,2024-12-18 23:49:05.771331,0 days 00:00:00.120636,kmeans,abundance,2.1,10,COMPLETE
620,0.607350817473484,2024-12-18 23:49:05.772836,2024-12-18 23:49:05.893795,0 days 00:00:00.120959,kmeans,abundance,1.9000000000000001,10,COMPLETE
621,0.525673984490106,2024-12-18 23:49:05.895210,2024-12-18 23:49:06.019159,0 days 00:00:00.123949,kmeans,abundance,2.0,10,COMPLETE
622,0.5410876107253809,2024-12-18 23:49:06.020689,2024-12-18 23:49:06.145692,0 days 00:00:00.125003,kmeans,abundance,1.4000000000000001,10,COMPLETE
623,0.5698356231204288,2024-12-18 23:49:06.147215,2024-12-18 23:49:06.269077,0 days 00:00:00.121862,kmeans,abundance,1.5,10,COMPLETE
624,0.5772759072004175,2024-12-18 23:49:06.270589,2024-12-18 23:49:06.390617,0 days 00:00:00.120028,kmeans,abundance,2.1,10,COMPLETE
625,0.5730665747319597,2024-12-18 23:49:06.392027,2024-12-18 23:49:06.513429,0 days 00:00:00.121402,kmeans,abundance,1.9000000000000001,10,COMPLETE
626,0.5587480248832228,2024-12-18 23:49:06.514925,2024-12-18 23:49:06.637602,0 days 00:00:00.122677,kmeans,abundance,1.9000000000000001,10,COMPLETE
627,0.4702731711060501,2024-12-18 23:49:06.639091,2024-12-18 23:49:06.761118,0 days 00:00:00.122027,kmeans,abundance,2.4000000000000004,10,COMPLETE
628,0.5462224627662428,2024-12-18 23:49:06.762630,2024-12-18 23:49:06.883956,0 days 00:00:00.121326,kmeans,abundance,2.2,9,COMPLETE
629,0.525907888601902,2024-12-18 23:49:06.885489,2024-12-18 23:49:07.012481,0 days 00:00:00.126992,kmeans,abundance,2.0,10,COMPLETE
630,0.5092784548632153,2024-12-18 23:49:07.014010,2024-12-18 23:49:07.142752,0 days 00:00:00.128742,kmeans,abundance,1.5,10,COMPLETE
631,0.5626173814661555,2024-12-18 23:49:07.144264,2024-12-18 23:49:07.268371,0 days 00:00:00.124107,kmeans,abundance,1.4000000000000001,10,COMPLETE
632,0.5962875964620805,2024-12-18 23:49:07.269891,2024-12-18 23:49:07.390559,0 days 00:00:00.120668,kmeans,abundance,2.0,10,COMPLETE
633,0.6704466375489654,2024-12-18 23:49:07.391963,2024-12-18 23:49:07.516524,0 days 00:00:00.124561,kmeans,abundance,1.8,7,COMPLETE
634,0.6049381766277042,2024-12-18 23:49:07.518020,2024-12-18 23:49:07.641471,0 days 00:00:00.123451,kmeans,abundance,1.8,7,COMPLETE
635,0.591276321906497,2024-12-18 23:49:07.642988,2024-12-18 23:49:07.767484,0 days 00:00:00.124496,kmeans,abundance,1.8,7,COMPLETE
636,0.5352080303744898,2024-12-18 23:49:07.769038,2024-12-18 23:49:07.892963,0 days 00:00:00.123925,kmeans,abundance,1.8,7,COMPLETE
637,0.6581681067815799,2024-12-18 23:49:07.894401,2024-12-18 23:49:08.021234,0 days 00:00:00.126833,kmeans,abundance,1.9000000000000001,7,COMPLETE
638,0.6476027223053712,2024-12-18 23:49:08.022661,2024-12-18 23:49:08.147662,0 days 00:00:00.125001,kmeans,abundance,1.9000000000000001,7,COMPLETE
639,0.49179274844674775,2024-12-18 23:49:08.149212,2024-12-18 23:49:08.273309,0 days 00:00:00.124097,kmeans,abundance,1.8,7,COMPLETE
640,0.5939947672068463,2024-12-18 23:49:08.274871,2024-12-18 23:49:08.402587,0 days 00:00:00.127716,kmeans,abundance,1.9000000000000001,7,COMPLETE
641,0.5672961526124922,2024-12-18 23:49:08.404009,2024-12-18 23:49:08.535057,0 days 00:00:00.131048,kmeans,abundance,1.8,6,COMPLETE
642,0.6057886484059268,2024-12-18 23:49:08.536601,2024-12-18 23:49:08.663182,0 days 00:00:00.126581,kmeans,abundance,1.9000000000000001,7,COMPLETE
643,0.5933486333092312,2024-12-18 23:49:08.664723,2024-12-18 23:49:08.787954,0 days 00:00:00.123231,kmeans,abundance,1.9000000000000001,7,COMPLETE
644,0.5842456789586824,2024-12-18 23:49:08.789496,2024-12-18 23:49:08.914179,0 days 00:00:00.124683,kmeans,abundance,1.8,6,COMPLETE
645,0.5522451770450686,2024-12-18 23:49:08.915686,2024-12-18 23:49:09.041827,0 days 00:00:00.126141,kmeans,abundance,1.8,7,COMPLETE
646,0.6580884345049623,2024-12-18 23:49:09.043365,2024-12-18 23:49:09.169064,0 days 00:00:00.125699,kmeans,abundance,2.3000000000000003,7,COMPLETE
647,0.48644239286395335,2024-12-18 23:49:09.170567,2024-12-18 23:49:09.298635,0 days 00:00:00.128068,kmeans,abundance,2.3000000000000003,7,COMPLETE
648,0.6079373282880249,2024-12-18 23:49:09.300057,2024-12-18 23:49:09.422003,0 days 00:00:00.121946,kmeans,abundance,2.5,7,COMPLETE
649,0.5951897104785983,2024-12-18 23:49:09.423526,2024-12-18 23:49:09.547313,0 days 00:00:00.123787,kmeans,abundance,2.3000000000000003,7,COMPLETE
650,0.5668006568917189,2024-12-18 23:49:09.548843,2024-12-18 23:49:09.673768,0 days 00:00:00.124925,kmeans,abundance,2.2,7,COMPLETE
651,0.5860851081018364,2024-12-18 23:49:09.675313,2024-12-18 23:49:09.795787,0 days 00:00:00.120474,kmeans,abundance,2.3000000000000003,7,COMPLETE
652,0.5505527574278917,2024-12-18 23:49:09.797293,2024-12-18 23:49:09.922790,0 days 00:00:00.125497,kmeans,abundance,2.4000000000000004,7,COMPLETE
653,0.5368452968676274,2024-12-18 23:49:09.923992,2024-12-18 23:49:10.049541,0 days 00:00:00.125549,kmeans,abundance,2.5,7,COMPLETE
654,0.5691210218476244,2024-12-18 23:49:10.051069,2024-12-18 23:49:10.179661,0 days 00:00:00.128592,kmeans,abundance,2.4000000000000004,7,COMPLETE
655,0.5472746587590462,2024-12-18 23:49:10.181211,2024-12-18 23:49:10.305074,0 days 00:00:00.123863,kmeans,abundance,2.3000000000000003,6,COMPLETE
656,0.5140178209169887,2024-12-18 23:49:10.306560,2024-12-18 23:49:10.427943,0 days 00:00:00.121383,kmeans,abundance,2.4000000000000004,7,COMPLETE
657,0.5239673257098462,2024-12-18 23:49:10.429459,2024-12-18 23:49:10.554559,0 days 00:00:00.125100,kmeans,abundance,1.9000000000000001,7,COMPLETE
658,0.6329429767537424,2024-12-18 23:49:10.556094,2024-12-18 23:49:10.681487,0 days 00:00:00.125393,kmeans,abundance,1.9000000000000001,7,COMPLETE
659,0.40653941649847497,2024-12-18 23:49:10.682975,2024-12-18 23:49:10.806027,0 days 00:00:00.123052,kmeans,abundance,2.2,7,COMPLETE
660,0.5244495924983977,2024-12-18 23:49:10.807507,2024-12-18 23:49:10.928620,0 days 00:00:00.121113,kmeans,abundance,2.1,6,COMPLETE
661,0.5690952016350342,2024-12-18 23:49:10.930121,2024-12-18 23:49:11.057828,0 days 00:00:00.127707,kmeans,abundance,1.8,7,COMPLETE
662,0.6355943300689119,2024-12-18 23:49:11.059345,2024-12-18 23:49:11.185409,0 days 00:00:00.126064,kmeans,abundance,1.9000000000000001,7,COMPLETE
663,0.6287430697896514,2024-12-18 23:49:11.186935,2024-12-18 23:49:11.308860,0 days 00:00:00.121925,kmeans,abundance,1.9000000000000001,7,COMPLETE
664,0.42996373354094825,2024-12-18 23:49:11.310435,2024-12-18 23:49:11.434403,0 days 00:00:00.123968,kmeans,abundance,2.5,7,COMPLETE
665,0.5794444811291869,2024-12-18 23:49:11.435940,2024-12-18 23:49:11.565672,0 days 00:00:00.129732,kmeans,abundance,1.8,7,COMPLETE
666,0.45286722071368574,2024-12-18 23:49:11.566960,2024-12-18 23:49:11.700407,0 days 00:00:00.133447,kmeans,abundance,0.6000000000000001,6,COMPLETE
667,0.6342653068578802,2024-12-18 23:49:11.701903,2024-12-18 23:49:11.826287,0 days 00:00:00.124384,kmeans,abundance,2.0,7,COMPLETE
668,0.6584416205272917,2024-12-18 23:49:11.827792,2024-12-18 23:49:11.951256,0 days 00:00:00.123464,kmeans,abundance,2.1,5,COMPLETE
669,0.6090526854661499,2024-12-18 23:49:11.952748,2024-12-18 23:49:12.077432,0 days 00:00:00.124684,kmeans,abundance,2.1,6,COMPLETE
670,0.3858014413847956,2024-12-18 23:49:12.078953,2024-12-18 23:49:12.204138,0 days 00:00:00.125185,kmeans,abundance,2.1,5,COMPLETE
671,0.5578144115603726,2024-12-18 23:49:12.205666,2024-12-18 23:49:12.324983,0 days 00:00:00.119317,kmeans,abundance,2.2,5,COMPLETE
672,0.5620500405725574,2024-12-18 23:49:12.326507,2024-12-18 23:49:12.448964,0 days 00:00:00.122457,kmeans,abundance,2.2,4,COMPLETE
673,0.6055172939165474,2024-12-18 23:49:12.450449,2024-12-18 23:49:12.572528,0 days 00:00:00.122079,kmeans,abundance,2.1,5,COMPLETE
674,0.5601658410224325,2024-12-18 23:49:12.574030,2024-12-18 23:49:12.697347,0 days 00:00:00.123317,kmeans,abundance,2.0,7,COMPLETE
675,0.5223879339008911,2024-12-18 23:49:12.698871,2024-12-18 23:49:12.821895,0 days 00:00:00.123024,kmeans,abundance,2.2,4,COMPLETE
676,0.5935930551307926,2024-12-18 23:49:12.823305,2024-12-18 23:49:12.946602,0 days 00:00:00.123297,kmeans,abundance,2.0,8,COMPLETE
677,0.545385518228774,2024-12-18 23:49:12.948143,2024-12-18 23:49:13.076219,0 days 00:00:00.128076,kmeans,abundance,2.1,6,COMPLETE
678,0.5263585607405853,2024-12-18 23:49:13.077405,2024-12-18 23:49:13.205223,0 days 00:00:00.127818,kmeans,abundance,2.0,5,COMPLETE
679,0.5513844035658698,2024-12-18 23:49:13.206759,2024-12-18 23:49:13.334184,0 days 00:00:00.127425,kmeans,abundance,2.3000000000000003,3,COMPLETE
680,0.5535546479862853,2024-12-18 23:49:13.335700,2024-12-18 23:49:13.459569,0 days 00:00:00.123869,kmeans,abundance,2.4000000000000004,7,COMPLETE
681,0.5770814525383193,2024-12-18 23:49:13.461072,2024-12-18 23:49:13.585333,0 days 00:00:00.124261,kmeans,abundance,2.1,6,COMPLETE
682,0.482355770555706,2024-12-18 23:49:13.586759,2024-12-18 23:49:13.709898,0 days 00:00:00.123139,kmeans,abundance,2.0,5,COMPLETE
683,0.5251217008015856,2024-12-18 23:49:13.711431,2024-12-18 23:49:13.835743,0 days 00:00:00.124312,kmeans,abundance,2.1,8,COMPLETE
684,0.5258841293013101,2024-12-18 23:49:13.837207,2024-12-18 23:49:13.963795,0 days 00:00:00.126588,kmeans,abundance,1.3,5,COMPLETE
685,0.5942610887064105,2024-12-18 23:49:13.965296,2024-12-18 23:49:14.091635,0 days 00:00:00.126339,kmeans,abundance,1.9000000000000001,7,COMPLETE
686,0.5814372605323963,2024-12-18 23:49:14.093100,2024-12-18 23:49:14.219197,0 days 00:00:00.126097,kmeans,abundance,2.1,9,COMPLETE
687,0.5488866907076556,2024-12-18 23:49:14.220744,2024-12-18 23:49:14.344723,0 days 00:00:00.123979,kmeans,abundance,1.9000000000000001,9,COMPLETE
688,0.567699404101934,2024-12-18 23:49:14.346145,2024-12-18 23:49:14.472440,0 days 00:00:00.126295,kmeans,abundance,2.2,9,COMPLETE
689,0.5691324875040329,2024-12-18 23:49:14.473850,2024-12-18 23:49:14.600729,0 days 00:00:00.126879,kmeans,abundance,2.0,6,COMPLETE
690,0.6514236788250805,2024-12-18 23:49:14.602241,2024-12-18 23:49:14.727603,0 days 00:00:00.125362,kmeans,abundance,2.0,8,COMPLETE
691,0.6084127226303508,2024-12-18 23:49:14.728824,2024-12-18 23:49:14.855330,0 days 00:00:00.126506,kmeans,abundance,1.9000000000000001,8,COMPLETE
692,0.543744989038927,2024-12-18 23:49:14.856836,2024-12-18 23:49:14.983827,0 days 00:00:00.126991,kmeans,abundance,2.0,7,COMPLETE
693,0.5080655443549897,2024-12-18 23:49:14.985395,2024-12-18 23:49:15.108260,0 days 00:00:00.122865,kmeans,abundance,2.2,4,COMPLETE
694,0.5222664488351594,2024-12-18 23:49:15.109821,2024-12-18 23:49:15.235607,0 days 00:00:00.125786,kmeans,abundance,1.9000000000000001,9,COMPLETE
695,0.43334783973982843,2024-12-18 23:49:15.237095,2024-12-18 23:49:15.362557,0 days 00:00:00.125462,kmeans,abundance,1.3,5,COMPLETE
696,0.5448439234710595,2024-12-18 23:49:15.364074,2024-12-18 23:49:15.487210,0 days 00:00:00.123136,kmeans,abundance,2.1,8,COMPLETE
697,0.605233774458598,2024-12-18 23:49:15.488763,2024-12-18 23:49:15.612758,0 days 00:00:00.123995,kmeans,abundance,1.9000000000000001,8,COMPLETE
698,0.5543858783656604,2024-12-18 23:49:15.614302,2024-12-18 23:49:15.736910,0 days 00:00:00.122608,kmeans,abundance,2.0,7,COMPLETE
699,0.6625203387720994,2024-12-18 23:49:15.738445,2024-12-18 23:49:15.863405,0 days 00:00:00.124960,kmeans,abundance,2.2,7,COMPLETE
700,0.5984143739941942,2024-12-18 23:49:15.864959,2024-12-18 23:49:15.991009,0 days 00:00:00.126050,kmeans,abundance,2.2,7,COMPLETE
701,0.5908353495451283,2024-12-18 23:49:15.992556,2024-12-18 23:49:16.116667,0 days 00:00:00.124111,kmeans,abundance,2.2,7,COMPLETE
702,0.5445963864062774,2024-12-18 23:49:16.118229,2024-12-18 23:49:16.246541,0 days 00:00:00.128312,kmeans,abundance,2.1,7,COMPLETE
703,0.5083765173344968,2024-12-18 23:49:16.247962,2024-12-18 23:49:16.372749,0 days 00:00:00.124787,kmeans,abundance,2.3000000000000003,7,COMPLETE
704,0.5434942901061999,2024-12-18 23:49:16.374309,2024-12-18 23:49:16.502672,0 days 00:00:00.128363,kmeans,abundance,2.2,7,COMPLETE
705,0.6379652520118363,2024-12-18 23:49:16.504125,2024-12-18 23:49:16.631516,0 days 00:00:00.127391,kmeans,abundance,2.1,7,COMPLETE
706,0.4978309940153894,2024-12-18 23:49:16.633037,2024-12-18 23:49:16.754423,0 days 00:00:00.121386,kmeans,abundance,2.3000000000000003,7,COMPLETE
707,0.5002644740434686,2024-12-18 23:49:16.755993,2024-12-18 23:49:16.879982,0 days 00:00:00.123989,kmeans,abundance,2.1,7,COMPLETE
708,0.567318062527368,2024-12-18 23:49:16.881547,2024-12-18 23:49:17.007019,0 days 00:00:00.125472,kmeans,abundance,2.2,7,COMPLETE
709,0.5558046506566764,2024-12-18 23:49:17.008557,2024-12-18 23:49:17.132758,0 days 00:00:00.124201,kmeans,abundance,2.1,7,COMPLETE
710,0.5947803858909836,2024-12-18 23:49:17.134309,2024-12-18 23:49:17.260463,0 days 00:00:00.126154,kmeans,abundance,2.1,6,COMPLETE
711,0.5966045228589283,2024-12-18 23:49:17.261992,2024-12-18 23:49:17.384923,0 days 00:00:00.122931,kmeans,abundance,2.3000000000000003,6,COMPLETE
712,0.6283483932487476,2024-12-18 23:49:17.386480,2024-12-18 23:49:17.511215,0 days 00:00:00.124735,kmeans,abundance,2.2,7,COMPLETE
713,0.5630565134987876,2024-12-18 23:49:17.512762,2024-12-18 23:49:17.635272,0 days 00:00:00.122510,kmeans,abundance,2.0,7,COMPLETE
714,0.5377508533486988,2024-12-18 23:49:17.636694,2024-12-18 23:49:17.760935,0 days 00:00:00.124241,kmeans,abundance,2.2,7,COMPLETE
715,0.5745410888712157,2024-12-18 23:49:17.762119,2024-12-18 23:49:17.889997,0 days 00:00:00.127878,kmeans,abundance,2.1,7,COMPLETE
716,0.5369179366237006,2024-12-18 23:49:17.891549,2024-12-18 23:49:18.022853,0 days 00:00:00.131304,kmeans,abundance,2.0,8,COMPLETE
717,0.5925707750223065,2024-12-18 23:49:18.024442,2024-12-18 23:49:18.153819,0 days 00:00:00.129377,kmeans,abundance,2.0,3,COMPLETE
718,0.5175765862680618,2024-12-18 23:49:18.155333,2024-12-18 23:49:18.281333,0 days 00:00:00.126000,kmeans,abundance,2.1,8,COMPLETE
719,0.5655195884561205,2024-12-18 23:49:18.282874,2024-12-18 23:49:18.403483,0 days 00:00:00.120609,kmeans,abundance,2.5,7,COMPLETE
720,0.5786688691569287,2024-12-18 23:49:18.405032,2024-12-18 23:49:18.533155,0 days 00:00:00.128123,kmeans,abundance,1.3,10,COMPLETE
721,0.505710332517412,2024-12-18 23:49:18.534694,2024-12-18 23:49:18.659579,0 days 00:00:00.124885,kmeans,abundance,2.0,6,COMPLETE
722,0.43391379662455387,2024-12-18 23:49:18.661121,2024-12-18 23:49:18.784160,0 days 00:00:00.123039,kmeans,abundance,2.1,10,COMPLETE
723,0.5825162201594167,2024-12-18 23:49:18.785601,2024-12-18 23:49:18.907642,0 days 00:00:00.122041,kmeans,abundance,2.4000000000000004,10,COMPLETE
724,0.5647692663184131,2024-12-18 23:49:18.909061,2024-12-18 23:49:19.037374,0 days 00:00:00.128313,kmeans,abundance,1.9000000000000001,7,COMPLETE
725,0.5731091436135767,2024-12-18 23:49:19.038938,2024-12-18 23:49:19.165370,0 days 00:00:00.126432,kmeans,abundance,2.1,10,COMPLETE
726,0.5338339013012047,2024-12-18 23:49:19.166920,2024-12-18 23:49:19.300663,0 days 00:00:00.133743,kmeans,abundance,0.7000000000000001,10,COMPLETE
727,0.5284972692328274,2024-12-18 23:49:19.302117,2024-12-18 23:49:19.428416,0 days 00:00:00.126299,kmeans,abundance,2.2,8,COMPLETE
728,0.509333097474427,2024-12-18 23:49:19.429972,2024-12-18 23:49:19.558674,0 days 00:00:00.128702,kmeans,abundance,2.0,10,COMPLETE
729,0.5456545955536497,2024-12-18 23:49:19.560101,2024-12-18 23:49:19.695167,0 days 00:00:00.135066,kmeans,abundance,1.4000000000000001,4,COMPLETE
730,0.4997507977048437,2024-12-18 23:49:19.696731,2024-12-18 23:49:19.824381,0 days 00:00:00.127650,kmeans,abundance,1.9000000000000001,10,COMPLETE
731,0.48718600179081717,2024-12-18 23:49:19.825930,2024-12-18 23:49:19.951179,0 days 00:00:00.125249,kmeans,abundance,2.0,8,COMPLETE
732,0.5584513018866754,2024-12-18 23:49:19.952701,2024-12-18 23:49:20.080508,0 days 00:00:00.127807,kmeans,abundance,1.9000000000000001,7,COMPLETE
733,0.5376208518377782,2024-12-18 23:49:20.082038,2024-12-18 23:49:20.207788,0 days 00:00:00.125750,kmeans,abundance,2.3000000000000003,10,COMPLETE
734,0.6568799712340676,2024-12-18 23:49:20.209316,2024-12-18 23:49:20.331939,0 days 00:00:00.122623,kmeans,abundance,2.0,7,COMPLETE
735,0.6109868150488514,2024-12-18 23:49:20.333390,2024-12-18 23:49:20.458180,0 days 00:00:00.124790,kmeans,abundance,2.1,7,COMPLETE
736,0.577071116445863,2024-12-18 23:49:20.459703,2024-12-18 23:49:20.587591,0 days 00:00:00.127888,kmeans,abundance,2.0,7,COMPLETE
737,0.5295151099081791,2024-12-18 23:49:20.589159,2024-12-18 23:49:20.712334,0 days 00:00:00.123175,kmeans,abundance,2.1,7,COMPLETE
738,0.5799377232638988,2024-12-18 23:49:20.713894,2024-12-18 23:49:20.838306,0 days 00:00:00.124412,kmeans,abundance,2.2,7,COMPLETE
739,0.650858051325791,2024-12-18 23:49:20.839726,2024-12-18 23:49:20.967103,0 days 00:00:00.127377,kmeans,abundance,2.0,7,COMPLETE
740,0.5044161403340548,2024-12-18 23:49:20.968415,2024-12-18 23:49:21.097097,0 days 00:00:00.128682,kmeans,abundance,2.1,7,COMPLETE
741,0.6465052258248839,2024-12-18 23:49:21.098557,2024-12-18 23:49:21.229366,0 days 00:00:00.130809,kmeans,abundance,2.0,7,COMPLETE
742,0.5649254359229537,2024-12-18 23:49:21.230929,2024-12-18 23:49:21.357564,0 days 00:00:00.126635,kmeans,abundance,2.2,7,COMPLETE
743,0.6375476559976824,2024-12-18 23:49:21.359069,2024-12-18 23:49:21.485144,0 days 00:00:00.126075,kmeans,abundance,2.1,7,COMPLETE
744,0.5685100811804386,2024-12-18 23:49:21.486552,2024-12-18 23:49:21.612901,0 days 00:00:00.126349,kmeans,abundance,2.0,7,COMPLETE
745,0.556993033571041,2024-12-18 23:49:21.614479,2024-12-18 23:49:21.737651,0 days 00:00:00.123172,kmeans,abundance,2.1,6,COMPLETE
746,0.7018317998714437,2024-12-18 23:49:21.739111,2024-12-18 23:49:21.868150,0 days 00:00:00.129039,kmeans,abundance,1.4000000000000001,7,COMPLETE
747,0.49197486144522623,2024-12-18 23:49:21.869726,2024-12-18 23:49:21.999532,0 days 00:00:00.129806,kmeans,abundance,1.4000000000000001,7,COMPLETE
748,0.658677031955511,2024-12-18 23:49:22.000987,2024-12-18 23:49:22.129022,0 days 00:00:00.128035,kmeans,abundance,1.4000000000000001,7,COMPLETE
749,0.5170796329568731,2024-12-18 23:49:22.130607,2024-12-18 23:49:22.260317,0 days 00:00:00.129710,kmeans,abundance,1.4000000000000001,7,COMPLETE
750,0.5572413625879574,2024-12-18 23:49:22.261907,2024-12-18 23:49:22.391042,0 days 00:00:00.129135,kmeans,abundance,1.3,7,COMPLETE
751,0.5169945384114586,2024-12-18 23:49:22.392622,2024-12-18 23:49:22.524807,0 days 00:00:00.132185,kmeans,abundance,1.3,7,COMPLETE
752,0.5656302102014416,2024-12-18 23:49:22.526404,2024-12-18 23:49:22.659610,0 days 00:00:00.133206,kmeans,abundance,1.4000000000000001,7,COMPLETE
753,0.5197160780748534,2024-12-18 23:49:22.661267,2024-12-18 23:49:22.792741,0 days 00:00:00.131474,kmeans,abundance,1.3,7,COMPLETE
754,0.38414771758979277,2024-12-18 23:49:22.794406,2024-12-18 23:49:22.924855,0 days 00:00:00.130449,kmeans,abundance,1.4000000000000001,7,COMPLETE
755,0.4925805753578795,2024-12-18 23:49:22.926379,2024-12-18 23:49:23.056584,0 days 00:00:00.130205,kmeans,abundance,1.4000000000000001,7,COMPLETE
756,0.642936919808072,2024-12-18 23:49:23.058088,2024-12-18 23:49:23.188468,0 days 00:00:00.130380,kmeans,abundance,1.3,7,COMPLETE
757,0.5980348418252949,2024-12-18 23:49:23.190044,2024-12-18 23:49:23.320038,0 days 00:00:00.129994,kmeans,abundance,1.4000000000000001,7,COMPLETE
758,0.47956194161468857,2024-12-18 23:49:23.321608,2024-12-18 23:49:23.453091,0 days 00:00:00.131483,kmeans,abundance,1.3,6,COMPLETE
759,0.6379832954033487,2024-12-18 23:49:23.454647,2024-12-18 23:49:23.583159,0 days 00:00:00.128512,kmeans,abundance,1.4000000000000001,7,COMPLETE
760,0.5906906453426418,2024-12-18 23:49:23.584712,2024-12-18 23:49:23.712695,0 days 00:00:00.127983,kmeans,abundance,1.4000000000000001,7,COMPLETE
761,0.5512806558504016,2024-12-18 23:49:23.714267,2024-12-18 23:49:23.842860,0 days 00:00:00.128593,kmeans,abundance,1.3,7,COMPLETE
762,0.6808499873774178,2024-12-18 23:49:23.844217,2024-12-18 23:49:23.973884,0 days 00:00:00.129667,kmeans,abundance,1.4000000000000001,8,COMPLETE
763,0.5557661331901435,2024-12-18 23:49:23.975469,2024-12-18 23:49:24.107402,0 days 00:00:00.131933,kmeans,abundance,1.4000000000000001,8,COMPLETE
764,0.24881732422023783,2024-12-18 23:49:24.108986,2024-12-18 23:49:24.301914,0 days 00:00:00.192928,kmeans,abundance,0.1,8,COMPLETE
765,0.5618540786391844,2024-12-18 23:49:24.303456,2024-12-18 23:49:24.436528,0 days 00:00:00.133072,kmeans,abundance,1.4000000000000001,2,COMPLETE
766,0.5209000902887243,2024-12-18 23:49:24.438067,2024-12-18 23:49:24.569171,0 days 00:00:00.131104,kmeans,abundance,1.5,8,COMPLETE
767,0.523701615313421,2024-12-18 23:49:24.570330,2024-12-18 23:49:24.698044,0 days 00:00:00.127714,kmeans,abundance,1.3,8,COMPLETE
768,0.6154713038947762,2024-12-18 23:49:24.699605,2024-12-18 23:49:24.828060,0 days 00:00:00.128455,kmeans,abundance,1.4000000000000001,8,COMPLETE
769,0.7014345147527145,2024-12-18 23:49:24.829376,2024-12-18 23:49:24.955763,0 days 00:00:00.126387,kmeans,abundance,2.0,8,COMPLETE
770,0.6075146647993961,2024-12-18 23:49:24.957228,2024-12-18 23:49:25.087542,0 days 00:00:00.130314,kmeans,abundance,1.5,8,COMPLETE
771,0.5107739404838014,2024-12-18 23:49:25.089078,2024-12-18 23:49:25.217915,0 days 00:00:00.128837,kmeans,abundance,1.9000000000000001,8,COMPLETE
772,0.516666331724389,2024-12-18 23:49:25.219481,2024-12-18 23:49:25.350946,0 days 00:00:00.131465,kmeans,abundance,0.8,8,COMPLETE
773,0.5524617621435643,2024-12-18 23:49:25.352517,2024-12-18 23:49:25.478554,0 days 00:00:00.126037,kmeans,abundance,2.2,8,COMPLETE
774,0.6248994770264203,2024-12-18 23:49:25.480128,2024-12-18 23:49:25.606546,0 days 00:00:00.126418,kmeans,abundance,2.0,8,COMPLETE
775,0.5842577484256953,2024-12-18 23:49:25.608028,2024-12-18 23:49:25.735327,0 days 00:00:00.127299,kmeans,abundance,1.9000000000000001,8,COMPLETE
776,0.585206494961073,2024-12-18 23:49:25.736580,2024-12-18 23:49:25.867752,0 days 00:00:00.131172,kmeans,abundance,1.3,8,COMPLETE
777,0.5435479632778885,2024-12-18 23:49:25.869209,2024-12-18 23:49:25.998727,0 days 00:00:00.129518,kmeans,abundance,2.0,8,COMPLETE
778,0.4971451468293664,2024-12-18 23:49:25.999951,2024-12-18 23:49:26.131476,0 days 00:00:00.131525,kmeans,abundance,1.4000000000000001,8,COMPLETE
779,0.5492845713239629,2024-12-18 23:49:26.133044,2024-12-18 23:49:26.261829,0 days 00:00:00.128785,kmeans,abundance,2.0,8,COMPLETE
780,0.6261289768225927,2024-12-18 23:49:26.263445,2024-12-18 23:49:26.387302,0 days 00:00:00.123857,kmeans,abundance,2.1,8,COMPLETE
781,0.4457577284319234,2024-12-18 23:49:26.388864,2024-12-18 23:49:26.514885,0 days 00:00:00.126021,kmeans,abundance,2.3000000000000003,8,COMPLETE
782,0.5089085372908999,2024-12-18 23:49:26.516080,2024-12-18 23:49:26.645093,0 days 00:00:00.129013,kmeans,abundance,1.5,8,COMPLETE
783,0.06786219133429733,2024-12-18 23:49:26.646670,2024-12-18 23:49:27.468976,0 days 00:00:00.822306,kmeans,abundance,0.0,8,COMPLETE
784,0.571569841417601,2024-12-18 23:49:27.470478,2024-12-18 23:49:27.605632,0 days 00:00:00.135154,kmeans,abundance,1.9000000000000001,8,COMPLETE
785,0.4876044650544988,2024-12-18 23:49:27.607239,2024-12-18 23:49:27.733012,0 days 00:00:00.125773,kmeans,abundance,2.1,8,COMPLETE
786,0.5532433292056229,2024-12-18 23:49:27.734633,2024-12-18 23:49:27.859212,0 days 00:00:00.124579,kmeans,abundance,2.2,8,COMPLETE
787,0.6304183990812507,2024-12-18 23:49:27.860792,2024-12-18 23:49:28.005661,0 days 00:00:00.144869,kmeans,abundance,2.0,8,COMPLETE
788,0.4941244099936973,2024-12-18 23:49:28.007146,2024-12-18 23:49:28.143113,0 days 00:00:00.135967,kmeans,abundance,1.9000000000000001,8,COMPLETE
789,0.5966111043857895,2024-12-18 23:49:28.144705,2024-12-18 23:49:28.275278,0 days 00:00:00.130573,kmeans,abundance,1.4000000000000001,8,COMPLETE
790,0.5856687995759265,2024-12-18 23:49:28.276852,2024-12-18 23:49:28.401383,0 days 00:00:00.124531,kmeans,abundance,1.9000000000000001,8,COMPLETE
791,0.5536908192420907,2024-12-18 23:49:28.402980,2024-12-18 23:49:28.531428,0 days 00:00:00.128448,kmeans,abundance,1.3,5,COMPLETE
792,0.6475454750561446,2024-12-18 23:49:28.533025,2024-12-18 23:49:28.660534,0 days 00:00:00.127509,kmeans,abundance,1.5,8,COMPLETE
793,0.5457502844386777,2024-12-18 23:49:28.662091,2024-12-18 23:49:28.790405,0 days 00:00:00.128314,kmeans,abundance,2.0,8,COMPLETE
794,0.5291486052776893,2024-12-18 23:49:28.791681,2024-12-18 23:49:28.919145,0 days 00:00:00.127464,kmeans,abundance,2.1,9,COMPLETE
795,0.4733809534470135,2024-12-18 23:49:28.920757,2024-12-18 23:49:29.049886,0 days 00:00:00.129129,kmeans,abundance,2.2,8,COMPLETE
796,0.4649966666308134,2024-12-18 23:49:29.051474,2024-12-18 23:49:29.181071,0 days 00:00:00.129597,kmeans,abundance,2.0,8,COMPLETE
797,0.524473942893785,2024-12-18 23:49:29.182660,2024-12-18 23:49:29.309061,0 days 00:00:00.126401,kmeans,abundance,1.9000000000000001,8,COMPLETE
798,0.5803920016584714,2024-12-18 23:49:29.310648,2024-12-18 23:49:29.442130,0 days 00:00:00.131482,kmeans,abundance,0.9,9,COMPLETE
799,0.5516938843106987,2024-12-18 23:49:29.443546,2024-12-18 23:49:29.568672,0 days 00:00:00.125126,kmeans,abundance,2.3000000000000003,6,COMPLETE
800,0.5369660654704707,2024-12-18 23:49:29.570261,2024-12-18 23:49:29.697154,0 days 00:00:00.126893,kmeans,abundance,1.4000000000000001,6,COMPLETE
801,0.5093111853442328,2024-12-18 23:49:29.698764,2024-12-18 23:49:29.825060,0 days 00:00:00.126296,kmeans,abundance,2.0,8,COMPLETE
802,0.5665386273801764,2024-12-18 23:49:29.826644,2024-12-18 23:49:29.952927,0 days 00:00:00.126283,kmeans,abundance,1.9000000000000001,5,COMPLETE
803,0.550239700045548,2024-12-18 23:49:29.954528,2024-12-18 23:49:30.084733,0 days 00:00:00.130205,kmeans,abundance,1.5,9,COMPLETE
804,0.576839643343012,2024-12-18 23:49:30.086224,2024-12-18 23:49:30.215031,0 days 00:00:00.128807,kmeans,abundance,2.1,8,COMPLETE
805,0.5754368020320317,2024-12-18 23:49:30.216612,2024-12-18 23:49:30.343738,0 days 00:00:00.127126,kmeans,abundance,1.4000000000000001,8,COMPLETE
806,0.5352653891286016,2024-12-18 23:49:30.345324,2024-12-18 23:49:30.477987,0 days 00:00:00.132663,kmeans,abundance,1.9000000000000001,7,COMPLETE
807,0.5798387232887415,2024-12-18 23:49:30.479609,2024-12-18 23:49:30.611852,0 days 00:00:00.132243,kmeans,abundance,1.8,9,COMPLETE
808,0.611636782256527,2024-12-18 23:49:30.613486,2024-12-18 23:49:30.742621,0 days 00:00:00.129135,kmeans,abundance,2.0,7,COMPLETE
809,0.5772613578236129,2024-12-18 23:49:30.744193,2024-12-18 23:49:30.872411,0 days 00:00:00.128218,kmeans,abundance,2.1,8,COMPLETE
810,0.5040604423332455,2024-12-18 23:49:30.873920,2024-12-18 23:49:31.009643,0 days 00:00:00.135723,kmeans,abundance,0.8,8,COMPLETE
811,0.5349471806750297,2024-12-18 23:49:31.011095,2024-12-18 23:49:31.142866,0 days 00:00:00.131771,kmeans,abundance,1.3,7,COMPLETE
812,0.5544444941622035,2024-12-18 23:49:31.144327,2024-12-18 23:49:31.269467,0 days 00:00:00.125140,kmeans,abundance,2.2,7,COMPLETE
813,0.5067711840310117,2024-12-18 23:49:31.271016,2024-12-18 23:49:31.398822,0 days 00:00:00.127806,kmeans,abundance,1.9000000000000001,6,COMPLETE
814,0.4135592386144899,2024-12-18 23:49:31.400421,2024-12-18 23:49:31.527021,0 days 00:00:00.126600,kmeans,abundance,2.0,8,COMPLETE
815,0.5561613446992625,2024-12-18 23:49:31.528452,2024-12-18 23:49:31.656417,0 days 00:00:00.127965,kmeans,abundance,1.8,5,COMPLETE
816,0.5177137644465276,2024-12-18 23:49:31.657688,2024-12-18 23:49:31.783419,0 days 00:00:00.125731,kmeans,abundance,2.1,8,COMPLETE
817,0.5804947348517921,2024-12-18 23:49:31.784884,2024-12-18 23:49:31.915178,0 days 00:00:00.130294,kmeans,abundance,1.4000000000000001,4,COMPLETE
818,0.5995017527675479,2024-12-18 23:49:31.916658,2024-12-18 23:49:32.046433,0 days 00:00:00.129775,kmeans,abundance,2.2,9,COMPLETE
819,0.6428587524768222,2024-12-18 23:49:32.047905,2024-12-18 23:49:32.178036,0 days 00:00:00.130131,kmeans,abundance,1.9000000000000001,7,COMPLETE
820,0.46290373320890793,2024-12-18 23:49:32.179630,2024-12-18 23:49:32.308113,0 days 00:00:00.128483,kmeans,abundance,2.0,7,COMPLETE
821,0.6132297964942827,2024-12-18 23:49:32.309719,2024-12-18 23:49:32.440779,0 days 00:00:00.131060,kmeans,abundance,1.5,9,COMPLETE
822,0.43162215090391753,2024-12-18 23:49:32.442196,2024-12-18 23:49:32.574020,0 days 00:00:00.131824,kmeans,abundance,1.3,8,COMPLETE
823,0.5339910265815738,2024-12-18 23:49:32.575603,2024-12-18 23:49:32.700578,0 days 00:00:00.124975,kmeans,abundance,2.1,8,COMPLETE
824,0.546039116376129,2024-12-18 23:49:32.702181,2024-12-18 23:49:32.830421,0 days 00:00:00.128240,kmeans,abundance,2.0,7,COMPLETE
825,0.5349898597341011,2024-12-18 23:49:32.831902,2024-12-18 23:49:32.959379,0 days 00:00:00.127477,kmeans,abundance,1.9000000000000001,7,COMPLETE
826,0.6281336099169114,2024-12-18 23:49:32.960931,2024-12-18 23:49:33.089581,0 days 00:00:00.128650,kmeans,abundance,1.5,8,COMPLETE
827,0.583591846270899,2024-12-18 23:49:33.091112,2024-12-18 23:49:33.223967,0 days 00:00:00.132855,kmeans,abundance,1.4000000000000001,8,COMPLETE
828,0.5861733657059748,2024-12-18 23:49:33.225461,2024-12-18 23:49:33.351165,0 days 00:00:00.125704,kmeans,abundance,1.8,9,COMPLETE
829,0.6752687650596404,2024-12-18 23:49:33.352675,2024-12-18 23:49:33.480490,0 days 00:00:00.127815,kmeans,abundance,2.0,10,COMPLETE
830,0.5780086360658171,2024-12-18 23:49:33.482078,2024-12-18 23:49:33.609010,0 days 00:00:00.126932,kmeans,abundance,2.0,6,COMPLETE
831,0.4811161494304412,2024-12-18 23:49:33.610506,2024-12-18 23:49:33.740568,0 days 00:00:00.130062,kmeans,abundance,2.0,10,COMPLETE
832,0.5497177294658456,2024-12-18 23:49:33.742015,2024-12-18 23:49:33.871820,0 days 00:00:00.129805,kmeans,abundance,2.1,6,COMPLETE
833,0.6204792167733554,2024-12-18 23:49:33.873389,2024-12-18 23:49:34.003893,0 days 00:00:00.130504,kmeans,abundance,2.0,5,COMPLETE
834,0.4478480250692926,2024-12-18 23:49:34.005469,2024-12-18 23:49:34.133143,0 days 00:00:00.127674,kmeans,abundance,1.9000000000000001,10,COMPLETE
835,0.5244027828771691,2024-12-18 23:49:34.134697,2024-12-18 23:49:34.262978,0 days 00:00:00.128281,kmeans,abundance,2.1,10,COMPLETE
836,0.6290336950048016,2024-12-18 23:49:34.264456,2024-12-18 23:49:34.390798,0 days 00:00:00.126342,kmeans,abundance,1.9000000000000001,10,COMPLETE
837,0.5494291337205223,2024-12-18 23:49:34.392250,2024-12-18 23:49:34.520326,0 days 00:00:00.128076,kmeans,abundance,2.0,10,COMPLETE
838,0.5093173163822322,2024-12-18 23:49:34.521591,2024-12-18 23:49:34.648141,0 days 00:00:00.126550,kmeans,abundance,2.1,10,COMPLETE
839,0.4764930808871321,2024-12-18 23:49:34.649330,2024-12-18 23:49:34.775063,0 days 00:00:00.125733,kmeans,abundance,2.0,10,COMPLETE
840,0.4751681856465179,2024-12-18 23:49:34.776519,2024-12-18 23:49:34.901334,0 days 00:00:00.124815,kmeans,abundance,2.3000000000000003,10,COMPLETE
841,0.6204283981070499,2024-12-18 23:49:34.902920,2024-12-18 23:49:35.030555,0 days 00:00:00.127635,kmeans,abundance,2.2,10,COMPLETE
842,0.6743674874552368,2024-12-18 23:49:35.032101,2024-12-18 23:49:35.160075,0 days 00:00:00.127974,kmeans,abundance,1.9000000000000001,10,COMPLETE
843,0.52926147563092,2024-12-18 23:49:35.161643,2024-12-18 23:49:35.292444,0 days 00:00:00.130801,kmeans,abundance,1.9000000000000001,10,COMPLETE
844,0.6456623605869796,2024-12-18 23:49:35.294003,2024-12-18 23:49:35.424015,0 days 00:00:00.130012,kmeans,abundance,1.9000000000000001,10,COMPLETE
845,0.5279612175988333,2024-12-18 23:49:35.425486,2024-12-18 23:49:35.553633,0 days 00:00:00.128147,kmeans,abundance,1.8,10,COMPLETE
846,0.6266466544654433,2024-12-18 23:49:35.555240,2024-12-18 23:49:35.681744,0 days 00:00:00.126504,kmeans,abundance,1.9000000000000001,10,COMPLETE
847,0.5075699262539645,2024-12-18 23:49:35.683254,2024-12-18 23:49:35.809912,0 days 00:00:00.126658,kmeans,abundance,1.9000000000000001,10,COMPLETE
848,0.4706322688301426,2024-12-18 23:49:35.811489,2024-12-18 23:49:35.940188,0 days 00:00:00.128699,kmeans,abundance,1.8,10,COMPLETE
849,0.6311331915411983,2024-12-18 23:49:35.941749,2024-12-18 23:49:36.070826,0 days 00:00:00.129077,kmeans,abundance,2.0,10,COMPLETE
850,0.6013869574503171,2024-12-18 23:49:36.072448,2024-12-18 23:49:36.203626,0 days 00:00:00.131178,kmeans,abundance,1.9000000000000001,10,COMPLETE
851,0.49801705069080554,2024-12-18 23:49:36.205188,2024-12-18 23:49:36.330706,0 days 00:00:00.125518,kmeans,abundance,2.0,10,COMPLETE
852,0.6583851954254981,2024-12-18 23:49:36.332185,2024-12-18 23:49:36.459868,0 days 00:00:00.127683,kmeans,abundance,1.8,10,COMPLETE
853,0.5488905496554124,2024-12-18 23:49:36.461452,2024-12-18 23:49:36.588293,0 days 00:00:00.126841,kmeans,abundance,1.8,10,COMPLETE
854,0.5892987751412453,2024-12-18 23:49:36.589820,2024-12-18 23:49:36.716928,0 days 00:00:00.127108,kmeans,abundance,2.1,10,COMPLETE
855,0.41224357246915644,2024-12-18 23:49:36.718418,2024-12-18 23:49:36.850482,0 days 00:00:00.132064,kmeans,abundance,1.8,10,COMPLETE
856,0.5460614963334621,2024-12-18 23:49:36.852024,2024-12-18 23:49:36.984154,0 days 00:00:00.132130,kmeans,abundance,1.8,10,COMPLETE
857,0.4682277752384316,2024-12-18 23:49:36.985715,2024-12-18 23:49:37.114771,0 days 00:00:00.129056,kmeans,abundance,2.0,10,COMPLETE
858,0.6584319032122715,2024-12-18 23:49:37.116275,2024-12-18 23:49:37.248228,0 days 00:00:00.131953,kmeans,abundance,1.8,10,COMPLETE
859,0.5791027491818864,2024-12-18 23:49:37.249783,2024-12-18 23:49:37.375343,0 days 00:00:00.125560,kmeans,abundance,1.9000000000000001,10,COMPLETE
860,0.5481857831943255,2024-12-18 23:49:37.376962,2024-12-18 23:49:37.506761,0 days 00:00:00.129799,kmeans,abundance,1.8,10,COMPLETE
861,0.6611098680141596,2024-12-18 23:49:37.507903,2024-12-18 23:49:37.635418,0 days 00:00:00.127515,kmeans,abundance,1.9000000000000001,10,COMPLETE
862,0.4891000768326934,2024-12-18 23:49:37.636887,2024-12-18 23:49:37.763695,0 days 00:00:00.126808,kmeans,abundance,2.0,10,COMPLETE
863,0.5791266750970471,2024-12-18 23:49:37.765280,2024-12-18 23:49:37.893059,0 days 00:00:00.127779,kmeans,abundance,1.9000000000000001,10,COMPLETE
864,0.5886780825079928,2024-12-18 23:49:37.894580,2024-12-18 23:49:38.029640,0 days 00:00:00.135060,kmeans,abundance,2.0,10,COMPLETE
865,0.5511870804930499,2024-12-18 23:49:38.031240,2024-12-18 23:49:38.161401,0 days 00:00:00.130161,kmeans,abundance,1.9000000000000001,10,COMPLETE
866,0.5507857171141525,2024-12-18 23:49:38.162974,2024-12-18 23:49:38.290370,0 days 00:00:00.127396,kmeans,abundance,2.1,10,COMPLETE
867,0.5382732482454662,2024-12-18 23:49:38.291949,2024-12-18 23:49:38.422324,0 days 00:00:00.130375,kmeans,abundance,2.0,10,COMPLETE
868,0.5184596944427133,2024-12-18 23:49:38.423863,2024-12-18 23:49:38.555039,0 days 00:00:00.131176,kmeans,abundance,1.9000000000000001,10,COMPLETE
869,0.5575444784531131,2024-12-18 23:49:38.556644,2024-12-18 23:49:38.686279,0 days 00:00:00.129635,kmeans,abundance,2.0,10,COMPLETE
870,0.556625048900229,2024-12-18 23:49:38.687745,2024-12-18 23:49:38.820406,0 days 00:00:00.132661,kmeans,abundance,1.4000000000000001,10,COMPLETE
871,0.5274013459505115,2024-12-18 23:49:38.821886,2024-12-18 23:49:38.948417,0 days 00:00:00.126531,kmeans,abundance,1.9000000000000001,5,COMPLETE
872,0.46936142307036355,2024-12-18 23:49:38.950003,2024-12-18 23:49:39.078953,0 days 00:00:00.128950,kmeans,abundance,2.0,10,COMPLETE
873,0.56623234396297,2024-12-18 23:49:39.080579,2024-12-18 23:49:39.210232,0 days 00:00:00.129653,kmeans,abundance,2.1,10,COMPLETE
874,0.4741657541643109,2024-12-18 23:49:39.211796,2024-12-18 23:49:39.339497,0 days 00:00:00.127701,kmeans,abundance,1.5,10,COMPLETE
875,0.5346496194513594,2024-12-18 23:49:39.341107,2024-12-18 23:49:39.466602,0 days 00:00:00.125495,kmeans,abundance,1.9000000000000001,10,COMPLETE
876,0.5640531283754502,2024-12-18 23:49:39.468168,2024-12-18 23:49:39.594763,0 days 00:00:00.126595,kmeans,abundance,2.0,10,COMPLETE
877,0.6034973862051952,2024-12-18 23:49:39.596170,2024-12-18 23:49:39.723357,0 days 00:00:00.127187,kmeans,abundance,2.1,4,COMPLETE
878,0.6508790385844351,2024-12-18 23:49:39.724928,2024-12-18 23:49:39.853643,0 days 00:00:00.128715,kmeans,abundance,1.9000000000000001,10,COMPLETE
879,0.6276581905328555,2024-12-18 23:49:39.855261,2024-12-18 23:49:39.990537,0 days 00:00:00.135276,kmeans,abundance,1.4000000000000001,10,COMPLETE
880,0.5647260430190068,2024-12-18 23:49:39.991814,2024-12-18 23:49:40.123561,0 days 00:00:00.131747,kmeans,abundance,1.4000000000000001,10,COMPLETE
881,0.5346640378439165,2024-12-18 23:49:40.125381,2024-12-18 23:49:40.258790,0 days 00:00:00.133409,kmeans,abundance,1.5,10,COMPLETE
882,0.5400515394932384,2024-12-18 23:49:40.260421,2024-12-18 23:49:40.389247,0 days 00:00:00.128826,kmeans,abundance,2.0,10,COMPLETE
883,0.5141579081727153,2024-12-18 23:49:40.390833,2024-12-18 23:49:40.518500,0 days 00:00:00.127667,kmeans,abundance,2.1,10,COMPLETE
884,0.4909636443963425,2024-12-18 23:49:40.519842,2024-12-18 23:49:40.647154,0 days 00:00:00.127312,kmeans,abundance,2.0,10,COMPLETE
885,0.6552061912839471,2024-12-18 23:49:40.648505,2024-12-18 23:49:40.776646,0 days 00:00:00.128141,kmeans,abundance,1.9000000000000001,10,COMPLETE
886,0.5552575855586771,2024-12-18 23:49:40.778174,2024-12-18 23:49:40.903470,0 days 00:00:00.125296,kmeans,abundance,2.1,10,COMPLETE
887,0.5575987377813673,2024-12-18 23:49:40.905008,2024-12-18 23:49:41.034284,0 days 00:00:00.129276,kmeans,abundance,1.9000000000000001,10,COMPLETE
888,0.468011665232094,2024-12-18 23:49:41.035832,2024-12-18 23:49:41.169519,0 days 00:00:00.133687,kmeans,abundance,1.3,10,COMPLETE
889,0.5503953978691322,2024-12-18 23:49:41.171032,2024-12-18 23:49:41.300300,0 days 00:00:00.129268,kmeans,abundance,1.4000000000000001,10,COMPLETE
890,0.6858596719088562,2024-12-18 23:49:41.301895,2024-12-18 23:49:41.429538,0 days 00:00:00.127643,kmeans,abundance,2.0,10,COMPLETE
891,0.602416217148302,2024-12-18 23:49:41.431002,2024-12-18 23:49:41.562317,0 days 00:00:00.131315,kmeans,abundance,2.0,10,COMPLETE
892,0.6348416898643388,2024-12-18 23:49:41.563928,2024-12-18 23:49:41.693629,0 days 00:00:00.129701,kmeans,abundance,1.9000000000000001,10,COMPLETE
893,0.6032078522698857,2024-12-18 23:49:41.695262,2024-12-18 23:49:41.824343,0 days 00:00:00.129081,kmeans,abundance,2.0,10,COMPLETE
894,0.44372007942360403,2024-12-18 23:49:41.825804,2024-12-18 23:49:41.955571,0 days 00:00:00.129767,kmeans,abundance,1.9000000000000001,10,COMPLETE
895,0.5581700891850498,2024-12-18 23:49:41.957067,2024-12-18 23:49:42.084656,0 days 00:00:00.127589,kmeans,abundance,2.0,10,COMPLETE
896,0.5937148630467649,2024-12-18 23:49:42.086298,2024-12-18 23:49:42.216661,0 days 00:00:00.130363,kmeans,abundance,1.8,10,COMPLETE
897,0.5861982808402675,2024-12-18 23:49:42.218266,2024-12-18 23:49:42.342736,0 days 00:00:00.124470,kmeans,abundance,2.0,10,COMPLETE
898,0.38611105167151044,2024-12-18 23:49:42.344370,2024-12-18 23:49:42.491323,0 days 00:00:00.146953,kmeans,abundance,0.30000000000000004,10,COMPLETE
899,0.5051297657222399,2024-12-18 23:49:42.492956,2024-12-18 23:49:42.622671,0 days 00:00:00.129715,kmeans,abundance,1.9000000000000001,10,COMPLETE
900,0.5793484857703709,2024-12-18 23:49:42.624304,2024-12-18 23:49:42.755778,0 days 00:00:00.131474,kmeans,abundance,1.5,10,COMPLETE
901,0.6196173067085544,2024-12-18 23:49:42.757407,2024-12-18 23:49:42.885722,0 days 00:00:00.128315,kmeans,abundance,1.9000000000000001,10,COMPLETE
902,0.5334538455925538,2024-12-18 23:49:42.887230,2024-12-18 23:49:43.016862,0 days 00:00:00.129632,kmeans,abundance,1.9000000000000001,10,COMPLETE
903,0.5634726328905574,2024-12-18 23:49:43.018498,2024-12-18 23:49:43.149470,0 days 00:00:00.130972,kmeans,abundance,2.0,10,COMPLETE
904,0.5705070808007154,2024-12-18 23:49:43.151072,2024-12-18 23:49:43.287334,0 days 00:00:00.136262,kmeans,abundance,1.5,10,COMPLETE
905,0.47476304883307624,2024-12-18 23:49:43.288808,2024-12-18 23:49:43.417464,0 days 00:00:00.128656,kmeans,abundance,1.9000000000000001,10,COMPLETE
906,0.5031410991335955,2024-12-18 23:49:43.419085,2024-12-18 23:49:43.550400,0 days 00:00:00.131315,kmeans,abundance,1.8,10,COMPLETE
907,0.6016685786780238,2024-12-18 23:49:43.551998,2024-12-18 23:49:43.682448,0 days 00:00:00.130450,kmeans,abundance,2.0,10,COMPLETE
908,0.657238664095223,2024-12-18 23:49:43.683959,2024-12-18 23:49:43.815751,0 days 00:00:00.131792,kmeans,abundance,1.3,8,COMPLETE
909,0.5465535913974756,2024-12-18 23:49:43.817380,2024-12-18 23:49:43.958243,0 days 00:00:00.140863,kmeans,abundance,1.4000000000000001,10,COMPLETE
910,0.5474552929038299,2024-12-18 23:49:43.959968,2024-12-18 23:49:44.097730,0 days 00:00:00.137762,kmeans,abundance,1.9000000000000001,10,COMPLETE
911,0.5621942915297568,2024-12-18 23:49:44.099362,2024-12-18 23:49:44.235305,0 days 00:00:00.135943,kmeans,abundance,2.0,10,COMPLETE
912,0.5554227055708165,2024-12-18 23:49:44.236613,2024-12-18 23:49:44.367660,0 days 00:00:00.131047,kmeans,abundance,1.8,10,COMPLETE
913,0.5545077323752579,2024-12-18 23:49:44.369215,2024-12-18 23:49:44.503621,0 days 00:00:00.134406,kmeans,abundance,2.0,8,COMPLETE
914,0.582262253994164,2024-12-18 23:49:44.505262,2024-12-18 23:49:44.641610,0 days 00:00:00.136348,kmeans,abundance,1.3,8,COMPLETE
915,0.6199424895911863,2024-12-18 23:49:44.643223,2024-12-18 23:49:44.779094,0 days 00:00:00.135871,kmeans,abundance,1.9000000000000001,10,COMPLETE
916,0.540255681655301,2024-12-18 23:49:44.780711,2024-12-18 23:49:44.915283,0 days 00:00:00.134572,kmeans,abundance,1.8,10,COMPLETE
917,0.5806060865074846,2024-12-18 23:49:44.916916,2024-12-18 23:49:45.051231,0 days 00:00:00.134315,kmeans,abundance,1.5,10,COMPLETE
918,0.5015160391049441,2024-12-18 23:49:45.052816,2024-12-18 23:49:45.185496,0 days 00:00:00.132680,kmeans,abundance,1.4000000000000001,10,COMPLETE
919,0.443487240807235,2024-12-18 23:49:45.187126,2024-12-18 23:49:45.314743,0 days 00:00:00.127617,kmeans,abundance,2.0,8,COMPLETE
920,0.5384034592555275,2024-12-18 23:49:45.316364,2024-12-18 23:49:45.442724,0 days 00:00:00.126360,kmeans,abundance,2.1,9,COMPLETE
921,0.49421423595103436,2024-12-18 23:49:45.444129,2024-12-18 23:49:45.572843,0 days 00:00:00.128714,kmeans,abundance,1.9000000000000001,10,COMPLETE
922,0.5495759789065501,2024-12-18 23:49:45.574473,2024-12-18 23:49:45.703789,0 days 00:00:00.129316,kmeans,abundance,1.8,10,COMPLETE
923,0.5102215173254427,2024-12-18 23:49:45.705411,2024-12-18 23:49:45.835565,0 days 00:00:00.130154,kmeans,abundance,2.0,10,COMPLETE
924,0.48184851476978147,2024-12-18 23:49:45.836856,2024-12-18 23:49:45.965870,0 days 00:00:00.129014,kmeans,abundance,1.9000000000000001,8,COMPLETE
925,0.5991144118621267,2024-12-18 23:49:45.967498,2024-12-18 23:49:46.100105,0 days 00:00:00.132607,kmeans,abundance,1.4000000000000001,9,COMPLETE
926,0.5912429337813757,2024-12-18 23:49:46.101723,2024-12-18 23:49:46.235209,0 days 00:00:00.133486,kmeans,abundance,1.8,10,COMPLETE
927,0.638928300585727,2024-12-18 23:49:46.236592,2024-12-18 23:49:46.366359,0 days 00:00:00.129767,kmeans,abundance,2.0,10,COMPLETE
928,0.577310970252891,2024-12-18 23:49:46.367973,2024-12-18 23:49:46.500951,0 days 00:00:00.132978,kmeans,abundance,2.1,8,COMPLETE
929,0.5552849251559125,2024-12-18 23:49:46.502466,2024-12-18 23:49:46.633754,0 days 00:00:00.131288,kmeans,abundance,2.1,10,COMPLETE
930,0.6596286585029438,2024-12-18 23:49:46.635355,2024-12-18 23:49:46.768314,0 days 00:00:00.132959,kmeans,abundance,1.9000000000000001,10,COMPLETE
931,0.6000867322972049,2024-12-18 23:49:46.770024,2024-12-18 23:49:46.899140,0 days 00:00:00.129116,kmeans,abundance,1.9000000000000001,10,COMPLETE
932,0.5301065372592676,2024-12-18 23:49:46.900729,2024-12-18 23:49:47.031320,0 days 00:00:00.130591,kmeans,abundance,1.9000000000000001,10,COMPLETE
933,0.5459809185075732,2024-12-18 23:49:47.032944,2024-12-18 23:49:47.165321,0 days 00:00:00.132377,kmeans,abundance,1.9000000000000001,10,COMPLETE
934,0.5389347443255185,2024-12-18 23:49:47.166945,2024-12-18 23:49:47.295604,0 days 00:00:00.128659,kmeans,abundance,1.8,10,COMPLETE
935,0.6042519219879421,2024-12-18 23:49:47.297206,2024-12-18 23:49:47.426472,0 days 00:00:00.129266,kmeans,abundance,1.8,10,COMPLETE
936,0.5775559962821935,2024-12-18 23:49:47.428102,2024-12-18 23:49:47.557706,0 days 00:00:00.129604,kmeans,abundance,1.9000000000000001,10,COMPLETE
937,0.485689795550808,2024-12-18 23:49:47.559226,2024-12-18 23:49:47.688827,0 days 00:00:00.129601,kmeans,abundance,1.9000000000000001,10,COMPLETE
938,0.651314267285193,2024-12-18 23:49:47.690524,2024-12-18 23:49:47.821771,0 days 00:00:00.131247,kmeans,abundance,2.0,10,COMPLETE
939,0.48450108839548117,2024-12-18 23:49:47.823401,2024-12-18 23:49:47.961100,0 days 00:00:00.137699,kmeans,abundance,1.9000000000000001,10,COMPLETE
940,0.5389746950831623,2024-12-18 23:49:47.962723,2024-12-18 23:49:48.096530,0 days 00:00:00.133807,kmeans,abundance,2.0,10,COMPLETE
941,0.504058374392416,2024-12-18 23:49:48.098096,2024-12-18 23:49:48.234002,0 days 00:00:00.135906,kmeans,abundance,1.8,10,COMPLETE
942,0.5398713394542236,2024-12-18 23:49:48.235313,2024-12-18 23:49:48.364106,0 days 00:00:00.128793,kmeans,abundance,2.0,10,COMPLETE
943,0.6373747815753444,2024-12-18 23:49:48.365714,2024-12-18 23:49:48.501630,0 days 00:00:00.135916,kmeans,abundance,1.9000000000000001,10,COMPLETE
944,0.6151231997170714,2024-12-18 23:49:48.503260,2024-12-18 23:49:48.639225,0 days 00:00:00.135965,kmeans,abundance,2.0,9,COMPLETE
945,0.6031676723938677,2024-12-18 23:49:48.640807,2024-12-18 23:49:48.772630,0 days 00:00:00.131823,kmeans,abundance,1.9000000000000001,10,COMPLETE
946,0.5234451681303333,2024-12-18 23:49:48.774259,2024-12-18 23:49:48.903532,0 days 00:00:00.129273,kmeans,abundance,2.0,10,COMPLETE
947,0.6306709946457104,2024-12-18 23:49:48.905047,2024-12-18 23:49:49.038748,0 days 00:00:00.133701,kmeans,abundance,1.8,10,COMPLETE
948,0.692566830918446,2024-12-18 23:49:49.040403,2024-12-18 23:49:49.170767,0 days 00:00:00.130364,kmeans,abundance,2.1,10,COMPLETE
949,0.5397863108364935,2024-12-18 23:49:49.172385,2024-12-18 23:49:49.304791,0 days 00:00:00.132406,kmeans,abundance,2.2,10,COMPLETE
950,0.5284455854513485,2024-12-18 23:49:49.306448,2024-12-18 23:49:49.440669,0 days 00:00:00.134221,kmeans,abundance,2.1,10,COMPLETE
951,0.581608115074018,2024-12-18 23:49:49.442300,2024-12-18 23:49:49.579384,0 days 00:00:00.137084,kmeans,abundance,2.1,10,COMPLETE
952,0.6552054138070543,2024-12-18 23:49:49.581003,2024-12-18 23:49:49.710460,0 days 00:00:00.129457,kmeans,abundance,2.2,10,COMPLETE
953,0.5408521627216235,2024-12-18 23:49:49.712072,2024-12-18 23:49:49.843710,0 days 00:00:00.131638,kmeans,abundance,2.1,10,COMPLETE
954,0.5108479172218864,2024-12-18 23:49:49.845242,2024-12-18 23:49:49.977082,0 days 00:00:00.131840,kmeans,abundance,2.2,10,COMPLETE
955,0.5995224506866167,2024-12-18 23:49:49.978726,2024-12-18 23:49:50.111653,0 days 00:00:00.132927,kmeans,abundance,2.1,10,COMPLETE
956,0.6543196241802165,2024-12-18 23:49:50.113302,2024-12-18 23:49:50.244828,0 days 00:00:00.131526,kmeans,abundance,2.1,10,COMPLETE
957,0.46472632566105765,2024-12-18 23:49:50.246458,2024-12-18 23:49:50.376998,0 days 00:00:00.130540,kmeans,abundance,1.9000000000000001,10,COMPLETE
958,0.5426058645063703,2024-12-18 23:49:50.378643,2024-12-18 23:49:50.509104,0 days 00:00:00.130461,kmeans,abundance,1.8,10,COMPLETE
959,0.590223846006812,2024-12-18 23:49:50.510729,2024-12-18 23:49:50.642372,0 days 00:00:00.131643,kmeans,abundance,2.0,10,COMPLETE
960,0.5743732789180988,2024-12-18 23:49:50.643854,2024-12-18 23:49:50.771267,0 days 00:00:00.127413,kmeans,abundance,2.2,10,COMPLETE
961,0.47304976887360156,2024-12-18 23:49:50.773005,2024-12-18 23:49:50.905858,0 days 00:00:00.132853,kmeans,abundance,1.9000000000000001,10,COMPLETE
962,0.5268782761392788,2024-12-18 23:49:50.907420,2024-12-18 23:49:51.043937,0 days 00:00:00.136517,kmeans,abundance,2.0,10,COMPLETE
963,0.44635459614172174,2024-12-18 23:49:51.045549,2024-12-18 23:49:51.181868,0 days 00:00:00.136319,kmeans,abundance,2.1,10,COMPLETE
964,0.6937344324712079,2024-12-18 23:49:51.183428,2024-12-18 23:49:51.314455,0 days 00:00:00.131027,kmeans,abundance,1.9000000000000001,10,COMPLETE
965,0.49960823209102534,2024-12-18 23:49:51.316107,2024-12-18 23:49:51.451034,0 days 00:00:00.134927,kmeans,abundance,2.1,10,COMPLETE
966,0.5731113024678406,2024-12-18 23:49:51.452569,2024-12-18 23:49:51.586048,0 days 00:00:00.133479,kmeans,abundance,1.8,10,COMPLETE
967,0.5581254089138968,2024-12-18 23:49:51.587680,2024-12-18 23:49:51.717090,0 days 00:00:00.129410,kmeans,abundance,2.0,10,COMPLETE
968,0.5290958135363415,2024-12-18 23:49:51.718706,2024-12-18 23:49:51.850964,0 days 00:00:00.132258,kmeans,abundance,1.8,10,COMPLETE
969,0.5359459737741183,2024-12-18 23:49:51.852594,2024-12-18 23:49:51.983462,0 days 00:00:00.130868,kmeans,abundance,2.2,9,COMPLETE
970,0.6031791520338303,2024-12-18 23:49:51.985000,2024-12-18 23:49:52.123991,0 days 00:00:00.138991,kmeans,abundance,1.9000000000000001,10,COMPLETE
971,0.5586597568968718,2024-12-18 23:49:52.125599,2024-12-18 23:49:52.265107,0 days 00:00:00.139508,kmeans,abundance,2.0,10,COMPLETE
972,0.5177496770159198,2024-12-18 23:49:52.266762,2024-12-18 23:49:52.401930,0 days 00:00:00.135168,kmeans,abundance,2.1,10,COMPLETE
973,0.5717725927160218,2024-12-18 23:49:52.403566,2024-12-18 23:49:52.538956,0 days 00:00:00.135390,kmeans,abundance,1.9000000000000001,10,COMPLETE
974,0.5015955390649051,2024-12-18 23:49:52.540547,2024-12-18 23:49:52.676478,0 days 00:00:00.135931,kmeans,abundance,2.0,10,COMPLETE
975,0.5566073094003232,2024-12-18 23:49:52.678125,2024-12-18 23:49:52.811265,0 days 00:00:00.133140,kmeans,abundance,2.1,9,COMPLETE
976,0.6757563125635516,2024-12-18 23:49:52.812905,2024-12-18 23:49:52.945182,0 days 00:00:00.132277,kmeans,abundance,1.9000000000000001,10,COMPLETE
977,0.47963891793842756,2024-12-18 23:49:52.946831,2024-12-18 23:49:53.077896,0 days 00:00:00.131065,kmeans,abundance,2.2,10,COMPLETE
978,0.4572156189172434,2024-12-18 23:49:53.079436,2024-12-18 23:49:53.212238,0 days 00:00:00.132802,kmeans,abundance,1.8,10,COMPLETE
979,0.5839062818953197,2024-12-18 23:49:53.213487,2024-12-18 23:49:53.346139,0 days 00:00:00.132652,kmeans,abundance,1.9000000000000001,10,COMPLETE
980,0.5082451008827474,2024-12-18 23:49:53.347765,2024-12-18 23:49:53.478179,0 days 00:00:00.130414,kmeans,abundance,2.0,10,COMPLETE
981,0.6530184246210737,2024-12-18 23:49:53.479814,2024-12-18 23:49:53.609949,0 days 00:00:00.130135,kmeans,abundance,1.9000000000000001,10,COMPLETE
982,0.6062465811609911,2024-12-18 23:49:53.611539,2024-12-18 23:49:53.740620,0 days 00:00:00.129081,kmeans,abundance,2.0,10,COMPLETE
983,0.5227090630327512,2024-12-18 23:49:53.742240,2024-12-18 23:49:53.874253,0 days 00:00:00.132013,kmeans,abundance,2.1,9,COMPLETE
984,0.6010729015391093,2024-12-18 23:49:53.875787,2024-12-18 23:49:54.008773,0 days 00:00:00.132986,kmeans,abundance,1.8,10,COMPLETE
985,0.5812895251975734,2024-12-18 23:49:54.010413,2024-12-18 23:49:54.143167,0 days 00:00:00.132754,kmeans,abundance,1.9000000000000001,10,COMPLETE
986,0.4841010155566061,2024-12-18 23:49:54.144806,2024-12-18 23:49:54.280201,0 days 00:00:00.135395,kmeans,abundance,2.0,10,COMPLETE
987,0.439606643264646,2024-12-18 23:49:54.281713,2024-12-18 23:49:54.415249,0 days 00:00:00.133536,kmeans,abundance,1.8,10,COMPLETE
988,0.5553599254075512,2024-12-18 23:49:54.416916,2024-12-18 23:49:54.548907,0 days 00:00:00.131991,kmeans,abundance,2.1,10,COMPLETE
989,0.5398828848305743,2024-12-18 23:49:54.550576,2024-12-18 23:49:54.679029,0 days 00:00:00.128453,kmeans,abundance,2.2,10,COMPLETE
990,0.5432117445578865,2024-12-18 23:49:54.680673,2024-12-18 23:49:54.814288,0 days 00:00:00.133615,kmeans,abundance,2.0,10,COMPLETE
991,0.5243397953527617,2024-12-18 23:49:54.815590,2024-12-18 23:49:54.952018,0 days 00:00:00.136428,kmeans,abundance,1.5,10,COMPLETE
992,0.558974712528156,2024-12-18 23:49:54.953701,2024-12-18 23:49:55.082319,0 days 00:00:00.128618,kmeans,abundance,2.1,9,COMPLETE
993,0.5961099258448748,2024-12-18 23:49:55.083963,2024-12-18 23:49:55.217633,0 days 00:00:00.133670,kmeans,abundance,1.9000000000000001,10,COMPLETE
994,0.6391013864673998,2024-12-18 23:49:55.218957,2024-12-18 23:49:55.349643,0 days 00:00:00.130686,kmeans,abundance,1.9000000000000001,10,COMPLETE
995,0.5308113673452656,2024-12-18 23:49:55.351308,2024-12-18 23:49:55.484787,0 days 00:00:00.133479,kmeans,abundance,1.5,10,COMPLETE
996,0.5425330209378979,2024-12-18 23:49:55.486438,2024-12-18 23:49:55.616115,0 days 00:00:00.129677,kmeans,abundance,2.0,9,COMPLETE
997,0.4413590963956983,2024-12-18 23:49:55.617748,2024-12-18 23:49:55.752400,0 days 00:00:00.134652,kmeans,abundance,1.9000000000000001,10,COMPLETE
998,0.5282372684043665,2024-12-18 23:49:55.754067,2024-12-18 23:49:55.887614,0 days 00:00:00.133547,kmeans,abundance,2.0,10,COMPLETE
999,0.5252236916748589,2024-12-18 23:49:55.889242,2024-12-18 23:49:56.025128,0 days 00:00:00.135886,kmeans,abundance,1.9000000000000001,10,COMPLETE
