Index,Lifestyle,Taxon,Mean BHC,Median BHC,BHC standard deviation,Mean sample BHC percent,Population BHC percent
Combined,Rural,Actinomyces,0.01258748917500983,0.006811517026165885,0.014268443796188992,0.7628633042487784,0.6727750572272747
Combined,Rural,Agathobacter,0.012391188251701398,0.004745753581887636,0.022326107728684798,0.6136115007326547,0.6622831820743816
Combined,Rural,Agathobaculum,0.010804952070347972,0.00555903169084969,0.016566563191668493,0.5908970909553418,0.5775021647604032
Combined,Rural,Akkermansia,0.013339980410575963,0.002849562076263517,0.02640031535744137,0.6609401297733121,0.7129941451670768
Combined,Rural,Alistipes,0.012297667979343943,0.003372937948023303,0.021225741223758154,0.5883100840631924,0.6572847184640128
Combined,Rural,Anaerostipes,0.013121145518186434,0.0064368280899997745,0.017603719571124363,0.7129701468832252,0.7012978763398526
Combined,Rural,Anaerotignum,0.013402252422853736,0.007832429404396815,0.021590277754359326,0.706680265875729,0.7163224544145645
Combined,Rural,Anthropogastromicrobium,0.012971413833864588,0.007000764030101056,0.01675077365679557,0.6881451738674668,0.6932950299351575
Combined,Rural,Bacteroides,0.012320395690279502,0.005079189761285051,0.02261330929542737,0.6205095256201069,0.6584994672366015
Combined,Rural,Barnesiella,0.012093362338479515,0.00277251777402304,0.0307175054970416,0.561127081504597,0.6463650078439388
Combined,Rural,Bifidobacterium,0.012846141079601806,0.004949070867609452,0.018436877170508653,0.692002198219395,0.6865994623563997
Combined,Rural,Bilophila,0.01248133631707442,0.003127683771562154,0.04224662486957991,0.5640448955051929,0.6671014082509468
Combined,Rural,Brotocaccenecus,0.012768186498031884,0.005627633084329225,0.019862171977097248,0.6915041195486245,0.6824329524712548
Combined,Rural,Butyricicoccus,0.012633863480314695,0.007350955746551839,0.015670273135996657,0.6520902360784306,0.6752536671765327
Combined,Rural,Butyricimonas,0.012585245888642361,0.002217978900027145,0.03532893378337793,0.5680017062820817,0.6726551582471629
Combined,Rural,Candidatus Cibionibacter,0.013432361613897706,0.003815657294993549,0.027969361399195678,0.7274424370332494,0.7179317279119265
Combined,Rural,Catenibacterium,0.011721395504276701,0.003102636180190413,0.020347628149953993,0.5934163214761337,0.6264841559370891
Combined,Rural,Clostridium,0.012498820142003928,0.003559633641696632,0.03530807604152122,0.6238650059016049,0.6680358822476239
Combined,Rural,Coprococcus,0.012626349946758222,0.005489777636296297,0.02204059688403941,0.7403701144538712,0.6748520844702316
Combined,Rural,Dysosmobacter,0.011763721205669885,0.0052485822676166674,0.016495621230902986,0.6403287737611596,0.6287463764467612
Combined,Rural,Ellagibacter,0.011165438528285129,0.004289958035126626,0.017347462812819073,0.5665601803575553,0.5967694144872049
Combined,Rural,Enterococcus,0.013533791143362199,0.007677318235674952,0.01659254031599911,0.7819453267868496,0.7233529248274708
Combined,Rural,Eubacterium,0.013596625444442494,0.004503346679163784,0.021720892173668942,0.8490961678786346,0.7267112872393374
Combined,Rural,Faecalibacterium,0.01179739037121898,0.004278156401331468,0.03232149640273357,0.6034861187509628,0.6305459231604981
Combined,Rural,Faecalicatena,0.011952868891724715,0.004747873192430137,0.017067168821311544,0.5879269382368687,0.6388559259796882
Combined,Rural,Flavonifractor,0.012261698201446885,0.001786427133835824,0.05151183325629635,0.4762756589699597,0.6553622088160054
Combined,Rural,Fusicatenibacter,0.01191294551527497,0.004765885787276657,0.02233323837954887,0.57426745888301,0.6367221047304905
Combined,Rural,GGB115571,0.012881459453831796,0.007755519703287635,0.014605193453327867,0.7488069823249146,0.6884871558362821
Combined,Rural,GGB1239,0.011294543743217565,0.004665314571109018,0.01784011759151781,0.6026904765846504,0.6036698190998222
Combined,Rural,GGB1247,0.012834332631486998,0.00827262321792545,0.014062834285344713,0.7159691314945775,0.6859683254198946
Combined,Rural,GGB1266,0.01307069856372956,0.008773659099723245,0.014914989493880952,0.7553203027476342,0.6986015917830368
Combined,Rural,GGB13404,0.012921106131916106,0.004024708127425679,0.01966355329487622,0.671947303467041,0.6906061881346374
Combined,Rural,GGB143455,0.011929125029192564,0.004504020850186564,0.01741029276261879,0.6454725202800001,0.6375868660224747
Combined,Rural,GGB143497,0.012008651324217063,0.005821992333501447,0.017544961385587532,0.6265974734118301,0.6418373807154606
Combined,Rural,GGB1495,0.012512087456752419,0.0062156864144208715,0.016276517157953203,0.6108880305008715,0.6687449925646273
Combined,Rural,GGB1627,0.012020461103304259,0.004951762034415286,0.018013702783557465,0.6482307049909557,0.6424685887896652
Combined,Rural,GGB3109,0.011586911060851763,0.0033768722146706918,0.059086411864800334,0.5234715011409071,0.6192962427747868
Combined,Rural,GGB3118,0.012907173930004321,0.005893650332050966,0.018661491262985656,0.6808271922442756,0.6898615409847424
Combined,Rural,GGB3189,0.013531169895098385,0.0056054056618888536,0.016235874837563058,0.7719473960564552,0.7232128245718776
Combined,Rural,GGB3304,0.012159504163173407,0.004372660691384221,0.018253928749945462,0.6654690385530843,0.6499001504982733
Combined,Rural,GGB3306,0.011538878791312289,0.004792954473631937,0.01796322921223919,0.6018972031724691,0.6167290180932885
Combined,Rural,GGB3321,0.012550244727387385,0.006509389576025181,0.016081933554902155,0.7005501167939678,0.6707844191395507
Combined,Rural,GGB3429,0.013417569973957042,0.00723235529565357,0.01533600404825772,0.7189878983424035,0.7171411455909246
Combined,Rural,GGB34797,0.01229642806464608,0.0074702240419147305,0.016334410995202393,0.6652196799521536,0.657218447608069
Combined,Rural,GGB35068,0.011821699774273674,0.006560763300675554,0.013438292800072391,0.6606691456283057,0.6318452100797474
Combined,Rural,GGB3588,0.012218027478804403,0.0035177243807386904,0.024894786020150078,0.5950397669320323,0.6530280997243144
Combined,Rural,GGB3623,0.012625064728336327,0.006605355933950808,0.01620777989925897,0.6839344564540788,0.674783392224676
Combined,Rural,GGB3636,0.013619450249624538,0.007664177415248624,0.020134741284438835,0.7263638577097876,0.7279312254970034
Combined,Rural,GGB3653,0.013042396172401941,0.004707787967323171,0.01878064681571285,0.72903332961712,0.6970888879641601
Combined,Rural,GGB3730,0.013103108631697327,0.007630741818978512,0.016252062440719108,0.7799878993324815,0.7003338423556962
Combined,Rural,GGB3862,0.01170591205398994,0.004705370347148171,0.01729837441326931,0.6489725744049647,0.6256565977951974
Combined,Rural,GGB4266,0.012654407688853184,0.004726515034252755,0.02118161896533012,0.6700803773283917,0.676351712297605
Combined,Rural,GGB4456,0.012468408294350914,0.006008376602501639,0.014954048158826325,0.6910646193915694,0.6664104323854095
Combined,Rural,GGB4552,0.013313448161459969,0.007238573612811025,0.01598452724483944,0.7249640182320111,0.7115760517594718
Combined,Rural,GGB4578,0.013196133599362244,0.005558994290485905,0.020102417615764746,0.6909804937561024,0.7053058329627333
Combined,Rural,GGB4584,0.013440837745485502,0.008120668243435679,0.018110757318020983,0.7384107750130613,0.7183847594764236
Combined,Rural,GGB4599,0.013086519510149533,0.007281303067221456,0.01526065246984558,0.7969241370156962,0.699447188389723
Combined,Rural,GGB4604,0.012664511328013842,0.005913397190005869,0.01585388317387965,0.6763012654457159,0.6768917307492602
Combined,Rural,GGB4642,0.013217671822698868,0.005241021476643702,0.020053993165319337,0.6752489144240188,0.7064570061026981
Combined,Rural,GGB4644,0.013119054579561518,0.005632047315905887,0.01885626731261793,0.7507481139925493,0.7011861200290047
Combined,Rural,GGB4672,0.011041381982821855,0.005266265830564526,0.014801169383227133,0.564881058258066,0.5901388507335397
Combined,Rural,GGB4682,0.013800762447776584,0.009875918833040943,0.014230690278289979,0.7984141488891214,0.7376219845349472
Combined,Rural,GGB4710,0.013154589316582654,0.006138164675516821,0.01907060514972236,0.7868988697020995,0.7030853776490561
Combined,Rural,GGB4723,0.013270730250195203,0.004835586500325936,0.020815088847888102,0.6977196343705406,0.7092928684497423
Combined,Rural,GGB4884,0.012473769709163071,0.005148088501821364,0.017744295443363728,0.6873300696564442,0.6666969888310135
Combined,Rural,GGB4888,0.01120927196711287,0.0048324871424907994,0.016479252928346837,0.5934504756966688,0.5991122204198089
Combined,Rural,GGB49284,0.011404950022315015,0.005094368659726918,0.013268254368122715,0.6578608475240036,0.609570804570817
Combined,Rural,GGB49409,0.01283047648424495,0.005501057439244177,0.016725009440523575,0.7117550261260057,0.6857622223881165
Combined,Rural,GGB49418,0.012382927965530546,0.006083750978215699,0.015086845288806926,0.703640065272079,0.6618416869974808
Combined,Rural,GGB51431,0.013490107528339705,0.007132520426673544,0.016760622774090527,0.7900512104066717,0.7210181266649429
Combined,Rural,GGB58067,0.011522817080255798,0.00459468177878009,0.016410193214064932,0.622031272519554,0.6158705531186651
Combined,Rural,GGB74412,0.013622459783503089,0.005109158122861876,0.023413520178017972,0.7734783512126623,0.7280920788093057
Combined,Rural,GGB81330,0.012452676365275327,0.005824245593810345,0.015714458321973383,0.7042080983735951,0.6655695935702202
Combined,Rural,GGB82047,0.01329160198376942,0.006369810333539634,0.01539204010068282,0.7573266846561703,0.7104084191012341
Combined,Rural,GGB82668,0.012699970188035016,0.006524663886149996,0.016257419953191046,0.7043365412213476,0.6787869329018326
Combined,Rural,GGB9189,0.012373892902012398,0.003931810140145438,0.022141325945559724,0.7076019730367836,0.6613587816864246
Combined,Rural,GGB9293,0.01257352010917246,0.0064536209545316215,0.017602812525086477,0.6947277288234398,0.6720284397774019
Combined,Rural,GGB9370,0.011953777753519643,0.0038674841976385466,0.020081646052216632,0.5916906107712686,0.6389045027480647
Combined,Rural,GGB9380,0.012675451468754049,0.0050024927004297505,0.01973939711675943,0.6677907750952496,0.6774764584666179
Combined,Rural,GGB9383,0.012531518380229567,0.007064936471318421,0.018380932342113306,0.7209358558386356,0.6697835349198629
Combined,Rural,GGB9420,0.013105164708021432,0.00830169307506057,0.015902789347965064,0.7571364203586298,0.7004437353492378
Combined,Rural,GGB9502,0.013013490985398469,0.0035192371900912853,0.031052481169761066,0.7312646314073324,0.6955439659729631
Combined,Rural,GGB9590,0.01300588475444264,0.005960906833288404,0.019384619631115173,0.6721882329645219,0.6951374287838984
Combined,Rural,GGB9602,0.012271836007528885,0.006259941547489797,0.015588232682842578,0.6731277575378722,0.6559040534183839
Combined,Rural,GGB9603,0.012506429037968963,0.006922733087723404,0.017574355726062887,0.6830528671624605,0.6684425618758754
Combined,Rural,GGB9618,0.012728403086522094,0.005061908530555281,0.01860539342746494,0.7244870829095135,0.6803066120563346
Combined,Rural,GGB9627,0.012849632705135903,0.0059761762053361445,0.01686713759910282,0.700042115117853,0.6867860824627495
Combined,Rural,GGB9634,0.011329480632865232,0.004751474177340276,0.021924300974097883,0.5596798188252051,0.6055371230240009
Combined,Rural,GGB9642,0.01293286974717745,0.006154470061716686,0.01631728122402738,0.7420359005979966,0.6912349288485806
Combined,Rural,GGB9690,0.012338537805387198,0.0047312111747778935,0.018688215778221336,0.6820410174792466,0.6594691254710677
Combined,Rural,GGB9699,0.012499521817345156,0.004100737502624147,0.01823142651617777,0.7082485042198858,0.6680733853319393
Combined,Rural,GGB9707,0.012328008319572972,0.007682794214132839,0.017837273344253547,0.6611126260153914,0.6589063464034755
Combined,Rural,GGB9708,0.012339378792214108,0.003699955914944133,0.028447141153257003,0.6268706092425307,0.659514074463892
Combined,Rural,GGB9712,0.011793355726903198,0.004434061576811447,0.021584076961383085,0.6226849397176684,0.6303302798322138
Combined,Rural,GGB9715,0.011387389232980879,0.004901727751944788,0.019024453873395398,0.5661006346454128,0.6086322169871482
Combined,Rural,GGB9730,0.01183507784488181,0.002875349174527222,0.024722345297654675,0.6506471820459426,0.6325602400665733
Combined,Rural,GGB9747,0.012178229433991399,0.004174674207311345,0.016706314862584448,0.6803830889533063,0.6509009771898411
Combined,Rural,GGB9758,0.012813331015083078,0.006680543324504634,0.01572864100416995,0.7043337978712506,0.6848458328019019
Combined,Rural,GGB9759,0.012483332866708913,0.0048369300938902945,0.017953706380101058,0.6920158073780305,0.6672081196670144
Combined,Rural,GGB9762,0.012124996066696286,0.005383202709184525,0.017027438033229723,0.6630300447409746,0.648055764675222
Combined,Rural,GGB9766,0.012521400888436236,0.004937231592743188,0.016482147876120592,0.7016718923764937,0.6692427760738677
Combined,Rural,GGB9767,0.012678348748115431,0.005652412961040739,0.0175777491079946,0.6685971745216229,0.677631312008977
Combined,Rural,GGB9778,0.012673806175904167,0.005525512502879959,0.016574148837662898,0.7502982556093709,0.6773885209934772
Combined,Rural,GGB9786,0.013240799910983892,0.007313498938303981,0.016426032786240247,0.7504498166066018,0.7076931542100114
Combined,Rural,GGB9787,0.013247071984400498,0.00797021451643849,0.015018707396414702,0.7343002727427079,0.7080283834597151
Combined,Rural,GGB9790,0.012423145864565738,0.004404056925537463,0.02072001351888674,0.6502345935136775,0.6639912498649254
Combined,Rural,GGB99810,0.012761825228985613,0.006810766820593587,0.01737601621441958,0.7011447416520286,0.6820929559010778
Combined,Rural,Gallintestinimicrobium,0.012618608495500994,0.005889941954794005,0.01885833492313036,0.6546710647622129,0.6744383200379298
Combined,Rural,Holdemanella,0.013541138899553122,0.0017277370188327754,0.042244114391185535,0.6207173893687467,0.7237456470791533
Combined,Rural,Holdemania,0.011922886715582766,0.001997547023609125,0.05499266967451582,0.4681124712401523,0.6372534411640711
Combined,Rural,Hominenteromicrobium,0.01356053627088399,0.006945755031194547,0.015952403298869804,0.7658218116365793,0.7247823961421112
Combined,Rural,Hominifimenecus,0.013057386751672789,0.00260667245039888,0.02764661228520993,0.6584007035783629,0.6978901031776624
Combined,Rural,Hominilimicola,0.013291440029263283,0.009341861223261447,0.012976160032260903,0.7831261240284305,0.7103997629704822
Combined,Rural,Hominiventricola,0.012285694022593161,0.002649288316780377,0.03464801349092541,0.6607827085578033,0.656644735435925
Combined,Rural,Intestinibacter,0.012508734088364741,0.007446803493968147,0.015832117696411588,0.7531667240070149,0.6685657620145504
Combined,Rural,Lachnospira,0.013394124303490516,0.007285227880869961,0.016394810841310847,0.7485290666469947,0.7158880233780242
Combined,Rural,Lawsonibacter,0.012033739328269628,0.0031405110779254464,0.03764940088471339,0.5457967932430448,0.6431782822350179
Combined,Rural,Lentihominibacter,0.012174363189633088,0.004093485526286414,0.018665633143370663,0.642757073624413,0.6506943344882464
Combined,Rural,Leyella,0.012364401984751826,0.005686525915697416,0.01796605189874943,0.6442935267918428,0.6608515119430831
Combined,Rural,Ligilactobacillus,0.01279922196479297,0.007223558059810547,0.015380016045333905,0.7215652413461576,0.684091733474834
Combined,Rural,Mediterraneibacter,0.011837594511117685,0.003808910134362361,0.02515813811201497,0.5995470103471995,0.6326947506307788
Combined,Rural,Methanobrevibacter,0.012032612470140263,0.005701794325716492,0.015082295461643582,0.6260521570414982,0.6431180540169888
Combined,Rural,Mogibacterium,0.01223722411602222,0.0035250598884139124,0.01988642332562189,0.6456745531543299,0.6540541199673687
Combined,Rural,Odoribacter,0.012027625221367072,0.004200530201901144,0.02724681808198293,0.5756701565606013,0.6428514959662022
Combined,Rural,Oscillibacter,0.011563085151116625,0.006414691167373695,0.015313315666263696,0.6136338774651701,0.6180227975656045
Combined,Rural,Parabacteroides,0.011056588905440942,0.003748826348187198,0.020919732444978984,0.5358971171744485,0.5909516290480283
Combined,Rural,Paraprevotella,0.011198322875779964,0.0022147274378724988,0.03563667317101033,0.5278505140693011,0.5985270143119295
Combined,Rural,Paratractidigestivibacter,0.012194789832611661,0.003752784326103228,0.01692328884461776,0.6056843467489273,0.651786095975212
Combined,Rural,Parolsenella,0.01272683505480586,0.00763118687154721,0.017733762677109115,0.7044830206624396,0.6802228040297331
Combined,Rural,Phascolarctobacterium,0.011779466035704577,0.004711434363309897,0.015889600952370388,0.6091109693133687,0.6295879047913221
Combined,Rural,Phocaeicola,0.01153047274658953,0.004268673274759737,0.02360146528640537,0.5507347774636647,0.6162797325256286
Combined,Rural,Phoenicibacter,0.012053408546716283,0.005027043506435734,0.016748886589268337,0.6625154735720631,0.6442295609596372
Combined,Rural,Pilosibacter,0.012911638562282378,0.006096112929258372,0.018105831745104554,0.6771009205920621,0.6901001662732815
Combined,Rural,Prevotella,0.011527166392659048,0.0049666290205097946,0.016440305775709697,0.6067403445436307,0.616103014800285
Combined,Rural,Romboutsia,0.011736238764304765,0.007336745856784907,0.013667870594720922,0.6418491596837173,0.627277497244158
Combined,Rural,Roseburia,0.010748194327991577,0.003380402850508192,0.024272779268591584,0.5796199453055815,0.574468581745474
Combined,Rural,Rothia,0.013041292422102554,0.006343897739403889,0.017458371258694046,0.7306038104404748,0.697029894811474
Combined,Rural,Ruminococcus,0.01354126222484828,0.005514916616609467,0.034726056658786135,0.7089029709387439,0.7237522385591025
Combined,Rural,Ruthenibacterium,0.012824558141255974,0.0021883356029944534,0.051237448418828824,0.4979579344643487,0.6854458992924028
Combined,Rural,Sarcina,0.012933030769194062,0.006645046017538136,0.015905484780770394,0.7171153128254807,0.6912435351397112
Combined,Rural,Segatella,0.01211272163164438,0.0035777234652504186,0.03881854152005556,0.6069037440011058,0.6473997217082995
Combined,Rural,Senegalimassilia,0.012182642719808075,0.004349173756385685,0.023027693709282527,0.6201180476614832,0.6511368581170532
Combined,Rural,Slackia,0.011540837351539645,0.003977100540237226,0.020791522281799205,0.5943703913666789,0.6168336990547355
Combined,Rural,Streptococcus,0.011195248984486376,0.0030225193998373204,0.019601559727200762,0.5783876266042872,0.5983627212299493
Combined,Rural,Thomasclavelia,0.011968905189682931,0.003145122675538389,0.02460844300378248,0.5942913131946376,0.6397130326771836
Combined,Rural,Treponema,0.01248518161467472,0.0068848193337105795,0.01727950431224526,0.689502849625546,0.6673069313919902
Combined,Rural,Vescimonas,0.012098496861185118,0.004442255956257007,0.017710443561363014,0.6629668759493446,0.6466394373794141
Combined,Rural,Waltera,0.013101530549635846,0.008457947459636276,0.014805165341195909,0.7034459997001463,0.7002494971590917
Combined,Rural,Wujia,0.013013220493755561,0.007234771712397976,0.014077147901025672,0.7266556312488606,0.6955295087585015
Combined,Rural,otros,0.012395461198142034,0.0045287375671508754,0.019104509647688984,0.7138686674011013,0.662511562154488
Combined,Urban,Actinomyces,0.01748856682390656,0.006651251701857397,0.023341618396095,0.4612028868236947,0.46394237995569065
Combined,Urban,Agathobacter,0.05602619352404272,0.04148580136305895,0.052247915008615246,1.5142934329398972,1.4862810557964425
Combined,Urban,Agathobaculum,0.005521024876329471,0.002504750433948119,0.007206916267939195,0.16098434512152726,0.1464635408212769
Combined,Urban,Akkermansia,0.03331095117378951,0.017365350209689018,0.04038228758517506,0.8845626242502612,0.8836837301630613
Combined,Urban,Alistipes,0.017930481631457027,0.007877552008025335,0.021784626327357594,0.5008236163702571,0.47566563947815543
Combined,Urban,Anaerostipes,0.02688159112992918,0.01388664489704737,0.03101445634541095,0.7263752101100043,0.7131235790440412
Combined,Urban,Anaerotignum,0.010134235655874275,0.006118132800492281,0.011480160955084417,0.28774110246995915,0.26884429447877844
Combined,Urban,Anthropogastromicrobium,0.02706640284764236,0.017330738491610445,0.028834734255021043,0.7251317795786325,0.7180263243074406
Combined,Urban,Bacteroides,0.02049272035011837,0.013358256670158428,0.02472524357689271,0.6075272793487503,0.5436375402702426
Combined,Urban,Barnesiella,0.07662533765180554,0.03572095358053634,0.08896508012519615,1.8726348988402144,2.0327418406001794
Combined,Urban,Bifidobacterium,0.013364942381085803,0.007340562587439303,0.015635369249220703,0.36645981271465716,0.3545495316274609
Combined,Urban,Bilophila,0.08475173573597136,0.04703102799263172,0.09425867039179898,2.086218161643999,2.248321567949906
Combined,Urban,Brotocaccenecus,0.03961792334753851,0.02939934959102987,0.04204144532909528,1.0408413685771332,1.050997136119434
Combined,Urban,Butyricicoccus,0.011802748861189313,0.00902160640297173,0.012060786490645715,0.3281781310902737,0.3131071546236809
Combined,Urban,Butyricimonas,0.06587896688968028,0.02768583958609898,0.08421919980398959,1.641040241225235,1.7476586272375336
Combined,Urban,Candidatus Cibionibacter,0.023267109411488827,0.012695001310561907,0.028681031906824882,0.6488479330412493,0.617237434247588
Combined,Urban,Catenibacterium,0.01265452141905042,0.005940826118702149,0.01601999784711214,0.35261640500298147,0.3357032536439181
Combined,Urban,Clostridium,0.011566185175810588,0.006889941570697831,0.014111196057580926,0.31557007451447905,0.30683151635607475
Combined,Urban,Coprococcus,0.012870347791512565,0.005399925977012906,0.020254651304478507,0.3505714925443957,0.3414287657402217
Combined,Urban,Dysosmobacter,0.039107939866614844,0.029784181071033866,0.03522433401704179,0.9994101114760121,1.0374681287250498
Combined,Urban,Ellagibacter,0.013400918311720932,0.00728304335882379,0.01585236266665837,0.3928656930290727,0.35550391279820187
Combined,Urban,Enterococcus,0.013288259931159492,0.007338603991913901,0.01608794677573878,0.39143480330267605,0.35251527469389593
Combined,Urban,Eubacterium,0.011191474424057182,0.005027829969317314,0.01864860066047322,0.34152545876304596,0.29689106784969294
Combined,Urban,Faecalibacterium,0.021301113329857933,0.010832964003797914,0.024548108393260253,0.5297527599165759,0.5650828517549528
Combined,Urban,Faecalicatena,0.01212452973070896,0.0052199305513212155,0.01865166991069033,0.347951821674088,0.32164346202567357
Combined,Urban,Flavonifractor,0.07610781344884768,0.03681087225225799,0.09999240527641629,1.9638576787369015,2.019012790482892
Combined,Urban,Fusicatenibacter,0.010404154760954475,0.006233155991475579,0.012489984758753292,0.2950343308546988,0.27600479615209084
Combined,Urban,GGB115571,0.012253592670766133,0.0037687239486421976,0.020266841249288285,0.3336271759214792,0.32506728561151205
Combined,Urban,GGB1239,0.009138132638462785,0.004508961372685153,0.012564260327402321,0.24204365178644585,0.24241935015760047
Combined,Urban,GGB1247,0.011900097168390673,0.005085857770982775,0.01718589042138272,0.3162747429250022,0.31568964213008527
Combined,Urban,GGB1266,0.011630520301593802,0.004945554118369488,0.01597639571299051,0.31994070640404726,0.3085382194650918
Combined,Urban,GGB13404,0.018129840141704653,0.008275999662131103,0.0253894308288012,0.5148207043987821,0.4809542867778456
Combined,Urban,GGB143455,0.012802661900685743,0.007732026316686163,0.015419107704983458,0.3435325390618792,0.3396331724479978
Combined,Urban,GGB143497,0.015658745458138355,0.008509795325247597,0.01849131892275734,0.4303052287742752,0.4154002845469463
Combined,Urban,GGB1495,0.025451283015017492,0.0090774730410928,0.04019785882110879,0.640383768711185,0.6751799008922694
Combined,Urban,GGB1627,0.01069623894859358,0.005121660242943752,0.015306189698105379,0.2853742336149113,0.28375330033343243
Combined,Urban,GGB3109,0.050899666708832586,0.02909083924370025,0.052915389750129604,1.3743572556216046,1.3502828876501536
Combined,Urban,GGB3118,0.03352545234179552,0.023694934557830772,0.03707503584288796,0.9217462359342623,0.8893740868052046
Combined,Urban,GGB3189,0.015322670662269323,0.007221361484483575,0.0197711860649162,0.4222922191288499,0.40648478322493614
Combined,Urban,GGB3304,0.01343490223385214,0.005431966590951631,0.01786102016944183,0.37734535358282717,0.3564054493204645
Combined,Urban,GGB3306,0.014626663116210433,0.006617193697729282,0.020106358744345628,0.3961301237108118,0.388020869021042
Combined,Urban,GGB3321,0.013830921997746869,0.007455396414287282,0.015348235382962918,0.3704640645007157,0.36691119022083696
Combined,Urban,GGB3429,0.006840125997796118,0.00255719326821636,0.010902904199402139,0.20208246328643026,0.18145708373749125
Combined,Urban,GGB34797,0.013162408318477873,0.006911247730525403,0.01547987033689114,0.34603373776918006,0.3491766422435252
Combined,Urban,GGB35068,0.009094935727138048,0.004952565724364183,0.010936974476776077,0.25943700416118354,0.2412734084661785
Combined,Urban,GGB3588,0.02333192396218318,0.012014749473962204,0.028630678482769078,0.6593903244602703,0.6189568556963366
Combined,Urban,GGB3623,0.008052506459430342,0.003999493760071555,0.009445032189888037,0.22145535440966238,0.21361950633311916
Combined,Urban,GGB3636,0.04325398796524755,0.035911191899594075,0.0343382831713977,1.1124597402512804,1.1474558390765348
Combined,Urban,GGB3653,0.018365935165970373,0.006827966969502391,0.024195145656384896,0.5199021138780578,0.48721749225125255
Combined,Urban,GGB3730,0.03680185708799211,0.02941813314416452,0.035073795157129654,0.9631778903238085,0.9762916158945905
Combined,Urban,GGB3862,0.02762538667932397,0.018715707112688072,0.028315097709761695,0.7182462244349227,0.7328552289191445
Combined,Urban,GGB4266,0.025494871619909005,0.017093108387232755,0.02868414812037131,0.6918425569867547,0.6763362335578296
Combined,Urban,GGB4456,0.009759985034634096,0.0037307094877801054,0.015984817721825542,0.2771434734047474,0.2589160524640747
Combined,Urban,GGB4552,0.018471301844455664,0.009540177949684052,0.021988803761483013,0.4945646309210007,0.4900126937149693
Combined,Urban,GGB4578,0.008388638884846814,0.004764429862305351,0.010642589789371817,0.24264933250892262,0.22253653647047844
Combined,Urban,GGB4584,0.010546246512169441,0.00473282904478637,0.01802320177989637,0.28656442995445164,0.27977425227130975
Combined,Urban,GGB4599,0.023400723072535642,0.015081248632407469,0.025209700649596607,0.6751163659207453,0.6207819808376445
Combined,Urban,GGB4604,0.0271228517780868,0.009263702206731481,0.044446516278767716,0.6536041222718101,0.7195238198655413
Combined,Urban,GGB4642,0.020808029991280414,0.010176820317705237,0.025371036349531268,0.5588746802356399,0.5520021768248928
Combined,Urban,GGB4644,0.01125878851951634,0.004647456529930642,0.0164438193280734,0.3282417512244239,0.29867679803366637
Combined,Urban,GGB4672,0.01041256239038777,0.004091069007372862,0.014811958329631728,0.28956075655312347,0.2762278364759975
Combined,Urban,GGB4682,0.016849731001393125,0.009322982264603995,0.01979713824570841,0.4635947423892362,0.4469951358000012
Combined,Urban,GGB4710,0.010387831541703441,0.002843234473882031,0.01934538754062832,0.25621086346790456,0.2755717684909842
Combined,Urban,GGB4723,0.0218344897607322,0.009303742764884805,0.03492705305309505,0.5576069846444585,0.5792324349222717
Combined,Urban,GGB4884,0.012636846378133232,0.00552862445993141,0.019316504261745304,0.3789482417005011,0.33523436441866006
Combined,Urban,GGB4888,0.011309650702772171,0.004954687495246167,0.014776204784973334,0.30866116081335004,0.30002608654810287
Combined,Urban,GGB49284,0.012479248275577285,0.006641769502271818,0.014514418517193813,0.3400799946747329,0.33105355077552284
Combined,Urban,GGB49409,0.014127163813639036,0.008137880483632537,0.016563477365482207,0.4133971784831731,0.3747699893146272
Combined,Urban,GGB49418,0.022527664581934448,0.014917837465449172,0.022994846802275166,0.5969573897930047,0.5976212016812675
Combined,Urban,GGB51431,0.007455137702398549,0.003931532561140333,0.00827787546857027,0.21686619394747916,0.19777231395657455
Combined,Urban,GGB58067,0.015578188105721657,0.008418318249066952,0.021214382074919665,0.40562450764696667,0.41326323294177747
Combined,Urban,GGB74412,0.061669008160438236,0.030022262246037865,0.06774009730462133,1.7517311179786368,1.6359754749228552
Combined,Urban,GGB81330,0.011299534337680302,0.004951203627276721,0.015211051885049724,0.31048557783503766,0.2997577163297493
Combined,Urban,GGB82047,0.012297277986306329,0.00707905881206849,0.01331147013883598,0.3424108945391263,0.32622618384856644
Combined,Urban,GGB82668,0.012450041329235126,0.004759535597060705,0.016987699378110226,0.34088428414218747,0.330278739418271
Combined,Urban,GGB9189,0.025669296360209648,0.008522195821958107,0.042508728944184324,0.683297185887187,0.6809634297113539
Combined,Urban,GGB9293,0.016843579036553393,0.008721403955450069,0.020051565785871195,0.43946436022364443,0.4468319344789389
Combined,Urban,GGB9370,0.017506312515398918,0.007896618652978462,0.02260677850327885,0.4782718347951333,0.4644131434223499
Combined,Urban,GGB9380,0.018657727883676943,0.010356422990794038,0.02306451567684445,0.48747678659760346,0.4949582642235716
Combined,Urban,GGB9383,0.007843663735594518,0.004437271272055154,0.008758685788079121,0.21777849269962757,0.2080792587354502
Combined,Urban,GGB9420,0.020878186204803598,0.014861622237033776,0.022203116969334923,0.518363749844566,0.5538633036398205
Combined,Urban,GGB9502,0.04912948950273125,0.03258359802385926,0.048211258652427515,1.3389539201532819,1.3033230518779437
Combined,Urban,GGB9590,0.016019831831206383,0.005482844275867895,0.026305812009976913,0.4159437455241963,0.4249793011111709
Combined,Urban,GGB9602,0.017955243364989142,0.00891078571588479,0.021683838948830973,0.5113849222055327,0.47632252678644044
Combined,Urban,GGB9603,0.02737289048766596,0.018498566843586355,0.029639674096924126,0.716796892005475,0.7261569279510267
Combined,Urban,GGB9618,0.015874359992441012,0.007520430750610973,0.021482664781985766,0.4255414046961039,0.4211201769317625
Combined,Urban,GGB9627,0.021274225138144507,0.011022163749432877,0.02655309843571487,0.5938461787565088,0.5643695530734862
Combined,Urban,GGB9634,0.02405149851574376,0.0127388357546315,0.029645560197977976,0.6468978387109142,0.6380459631284043
Combined,Urban,GGB9642,0.05170823406525388,0.04445115297016436,0.04505497556968822,1.399861982746418,1.371732825056104
Combined,Urban,GGB9690,0.010705796114632998,0.003988718705534899,0.012755643776241454,0.283648064271004,0.28400683593772774
Combined,Urban,GGB9699,0.024940129286154578,0.009187744980381676,0.03063548392025831,0.6469588085496834,0.6616198487805256
Combined,Urban,GGB9707,0.01358821480582799,0.006247440585095231,0.017584248323190815,0.357321708266069,0.36047257501668645
Combined,Urban,GGB9708,0.023016429987779398,0.009776569824060354,0.03205316652379032,0.5959665205604973,0.6105873290895889
Combined,Urban,GGB9712,0.012504896354705189,0.006570852236207602,0.017195494885319847,0.3227928247425952,0.3317339513476054
Combined,Urban,GGB9715,0.017491766841230813,0.009081343638707103,0.02284736119139156,0.48061248353193625,0.4640272710544446
Combined,Urban,GGB9730,0.033689138078173135,0.012290966643621398,0.04507734613928495,0.8216448896802476,0.8937163951752662
Combined,Urban,GGB9747,0.012929908256710037,0.004200026457475095,0.01902648236833669,0.37978225455948617,0.34300880510269305
Combined,Urban,GGB9758,0.024634688155873732,0.015705154554799587,0.027966878236945894,0.6662241502010612,0.6535170072872398
Combined,Urban,GGB9759,0.01763096598702189,0.008770313944599963,0.023122108057136142,0.47834096471133747,0.4677199911976315
Combined,Urban,GGB9762,0.022132566847894743,0.014153897156296735,0.02569130577635321,0.5788372213363783,0.5871399206883099
Combined,Urban,GGB9766,0.013318034495905504,0.0055079984491332185,0.020859455739292345,0.36649140775648814,0.353305144016494
Combined,Urban,GGB9767,0.031549490822266296,0.014747633174670087,0.03749636184445917,0.7981590257052247,0.8369551379398183
Combined,Urban,GGB9778,0.011765314150329933,0.005426140339436465,0.016260723574569872,0.3207699750468859,0.3121140744574255
Combined,Urban,GGB9786,0.011558746347566599,0.00407692866479686,0.017771083674675246,0.3181346767055843,0.30663417670472726
Combined,Urban,GGB9787,0.016760460131930596,0.008198373976713639,0.02381339914728441,0.4537383222411773,0.4446269291850061
Combined,Urban,GGB9790,0.015381757826289125,0.007595536090329167,0.0186566536872547,0.4194787592239148,0.40805226670006606
Combined,Urban,GGB99810,0.01563167686299282,0.0068215831945540465,0.01995009283878373,0.44509801427016266,0.41468220006464845
Combined,Urban,Gallintestinimicrobium,0.011200618382581198,0.006970711850603923,0.013211942099345729,0.2943371837601653,0.29713364175083434
Combined,Urban,Holdemanella,0.0978077017223435,0.07638265855124143,0.09159788023883861,2.508537912665153,2.594674473441163
Combined,Urban,Holdemania,0.0409597014880595,0.019692056919691548,0.04745261892177501,1.0904681685634208,1.0865922623612752
Combined,Urban,Hominenteromicrobium,0.029452726699061165,0.01969958885476928,0.032615819194410235,0.7955141708619141,0.7813314983745838
Combined,Urban,Hominifimenecus,0.027253758283784596,0.016001838599924798,0.03281159200145659,0.7420530397004403,0.7229965501593753
Combined,Urban,Hominilimicola,0.02717427588799057,0.016435715952102567,0.027025560113498867,0.7135238620376759,0.720888015352575
Combined,Urban,Hominiventricola,0.15513518583454297,0.14896231830557408,0.11331352988113597,3.8818323187437356,4.115476588542369
Combined,Urban,Intestinibacter,0.01558039706846321,0.008505341562786015,0.018829789355182366,0.41409319527981275,0.4133218330227257
Combined,Urban,Lachnospira,0.016060798219446216,0.007722188948434215,0.01821128324571362,0.45519226813222946,0.4260660707618546
Combined,Urban,Lawsonibacter,0.05213775214945716,0.030708354312338586,0.06114588570665512,1.2889198224725036,1.3831272202758926
Combined,Urban,Lentihominibacter,0.015718614564052512,0.007266897356106229,0.023597279931083952,0.4249008399092166,0.4169885116305781
Combined,Urban,Leyella,0.013174378863541872,0.008077375040630393,0.014331504806693405,0.3659607684853079,0.34949420075030724
Combined,Urban,Ligilactobacillus,0.017959051494164515,0.007298131405458088,0.02143717390447091,0.4705915734339846,0.4764235500738596
Combined,Urban,Mediterraneibacter,0.028927130613957547,0.015345909592989279,0.03690003259138839,0.743920922804258,0.7673883147464644
Combined,Urban,Methanobrevibacter,0.015834825824063425,0.008120153676390686,0.020161983705325716,0.43912194834591756,0.4200714016746846
Combined,Urban,Mogibacterium,0.012309038164909426,0.00682435561873711,0.016710044734122374,0.327714905745973,0.3265381616855591
Combined,Urban,Odoribacter,0.025523735193601658,0.014733115959117263,0.03172536940336709,0.7010613868823655,0.6771019358139282
Combined,Urban,Oscillibacter,0.017732570784953706,0.009270973350527293,0.022648648929166404,0.4634512563791981,0.47041539627238965
Combined,Urban,Parabacteroides,0.03884706889913131,0.03363083863737189,0.03141477811202697,1.07508084137677,1.030547658984201
Combined,Urban,Paraprevotella,0.07774617126925307,0.03791525160089079,0.08208616667929673,1.9274361504335218,2.0624756787842276
Combined,Urban,Paratractidigestivibacter,0.022159547068517266,0.008251723893881756,0.029996409555549452,0.6370805235336383,0.5878556607425625
Combined,Urban,Parolsenella,0.009639677880404792,0.004962419140782092,0.010998995809849458,0.2582243354732709,0.25572450520803874
Combined,Urban,Phascolarctobacterium,0.01275440918714931,0.005368865899328645,0.017612371057477455,0.35726924084331896,0.3383531087936787
Combined,Urban,Phocaeicola,0.030571284084541545,0.020848692980115456,0.030871033629937376,0.8885492340868326,0.8110049519378222
Combined,Urban,Phoenicibacter,0.0123567040648026,0.00743395178791771,0.015556507048135547,0.32581438355276615,0.3278026581569875
Combined,Urban,Pilosibacter,0.025376813405891922,0.01371160271940754,0.0335057800969278,0.702095812757658,0.6732043469180661
Combined,Urban,Prevotella,0.043767163453576646,0.037242468079414046,0.036463183312462254,1.1385401152065842,1.161069525079945
Combined,Urban,Romboutsia,0.026903944729340754,0.017842667883411288,0.025843530481748336,0.6906461789226477,0.7137165825883571
Combined,Urban,Roseburia,0.009251236458267737,0.005487195477426429,0.01219127452462715,0.26561329052135335,0.24541980501881064
Combined,Urban,Rothia,0.030469380551240707,0.021658962396665232,0.03094643201496622,0.7730387974455272,0.8083016219141831
Combined,Urban,Ruminococcus,0.026280231766715536,0.01294909542758632,0.03798183116174981,0.6988367602017252,0.6971705225707918
Combined,Urban,Ruthenibacterium,0.09168692854150313,0.07166320180964815,0.09326207202906352,2.454249751044366,2.4323006148350794
Combined,Urban,Sarcina,0.01194105434069526,0.00403428825054096,0.0181434808893445,0.3474472398269064,0.31677616729744607
Combined,Urban,Segatella,0.07030869509649311,0.017779982071536762,0.09481862947030882,1.6874333868839992,1.8651718956213248
Combined,Urban,Senegalimassilia,0.07031596101173598,0.06370232157951652,0.053090720369872654,1.8603245315972219,1.8653646481804267
Combined,Urban,Slackia,0.031111550566958763,0.01965867750032012,0.03956124470203715,0.8185592760064071,0.8253373166299532
Combined,Urban,Streptococcus,0.05139432857022505,0.043780117628369815,0.047651354965147455,1.339839608942226,1.363405438146059
Combined,Urban,Thomasclavelia,0.03876527759932065,0.02478481542033978,0.04315093272080079,1.011212295867033,1.0283778728218522
Combined,Urban,Treponema,0.026687088202768144,0.01965911623612286,0.026306180987216363,0.6846515432698245,0.707963742229278
Combined,Urban,Vescimonas,0.017844385251604807,0.009899713479537484,0.02201538892482107,0.4750452354101722,0.47338164675442884
Combined,Urban,Waltera,0.014941757389274217,0.005931156301665113,0.022105936845601425,0.42139930120093305,0.3963797922208428
Combined,Urban,Wujia,0.023785647864374433,0.01155942421092224,0.025626106219429734,0.6701914413919228,0.630993390716327
Combined,Urban,otros,0.04611823630728381,0.03207609642183711,0.04416183830475421,1.156448270744214,1.2234395492323569
Q,Rural,Actinomyces,0.22490134715067722,0.10288290460337614,0.3085309243171544,0.6589815996784009,0.6552156432138564
Q,Rural,Agathobacter,0.21867539775994962,0.13750998169479897,0.30596141161778934,0.6682062925543069,0.6370772928378159
Q,Rural,Agathobaculum,0.22001395358977346,0.08786055959104873,0.31173405987482683,0.666017253049914,0.6409769703191966
Q,Rural,Akkermansia,0.18957892019359715,0.08316393719162879,0.23908993668734196,0.5646473543279633,0.552309160030134
Q,Rural,Alistipes,0.2212341339228406,0.06970957086890217,0.4165983164408411,0.687441970586953,0.6445317789137038
Q,Rural,Anaerostipes,0.20266362994941572,0.10325591337361453,0.25772786087915617,0.578790267707897,0.5904294586745945
Q,Rural,Anaerotignum,0.18897111651999912,0.07419861508180586,0.267349416653135,0.5749225997795002,0.550538417079993
Q,Rural,Anthropogastromicrobium,0.24118721960022957,0.1310975866796943,0.32165765657545453,0.7234854762026734,0.7026620392782746
Q,Rural,Bacteroides,0.19576799157318572,0.06435897919159975,0.3317131756328828,0.5738904537425912,0.5703400719666318
Q,Rural,Barnesiella,0.26475788579592063,0.1335038408017123,0.37915564901766985,0.8392812387117715,0.7713315666423856
Q,Rural,Bifidobacterium,0.20942562796147604,0.0940927382138317,0.28659534518386154,0.6124660589813067,0.6101295046414804
Q,Rural,Bilophila,0.22264070287533141,0.06781766886916576,0.5293101646238005,0.6386041184921025,0.6486296022153734
Q,Rural,Brotocaccenecus,0.26133764398963377,0.10915913275437916,0.32724983365069427,0.7471995494419682,0.7613672157683476
Q,Rural,Butyricicoccus,0.28075998618424214,0.10226204636485844,0.44619463531867753,0.7545506647477089,0.817951236251044
Q,Rural,Butyricimonas,0.22282572375673151,0.10192898244633299,0.2992726782283531,0.689659493002383,0.6491686322272004
Q,Rural,Candidatus Cibionibacter,0.21549637005484168,0.09736012156005272,0.3185836277218497,0.6680159514305767,0.6278156823184202
Q,Rural,Catenibacterium,0.21895409303463892,0.08568445817343362,0.39282518323833204,0.6282774803093462,0.6378892288532275
Q,Rural,Clostridium,0.16154277061535893,0.0718994176250177,0.2098655960907555,0.5119972646921866,0.47063013048284513
Q,Rural,Coprococcus,0.27864603737444926,0.09444931247719461,0.5501833068148168,0.783765299385178,0.8117925700328216
Q,Rural,Dysosmobacter,0.22788401750547407,0.09152483947465215,0.3704463176388803,0.6358236547744432,0.6639051966548316
Q,Rural,Ellagibacter,0.18087593038490443,0.06824083614839385,0.3226310252033378,0.540578065837704,0.5269543316236779
Q,Rural,Enterococcus,0.24940183588406004,0.11898450182051058,0.35162971758789874,0.7407698223777526,0.7265940661885404
Q,Rural,Eubacterium,0.302403774114358,0.13899539081109938,0.40053097984302033,0.8878590112990279,0.8810070987875813
Q,Rural,Faecalibacterium,0.15667810068012822,0.07258987589867,0.2599172184566765,0.48563351844933106,0.456457659392666
Q,Rural,Faecalicatena,0.27335640624585555,0.11006372312824575,0.4094943554562112,0.82337319755469,0.7963820395660407
Q,Rural,Flavonifractor,0.16266929387929482,0.069338435972897,0.25300793784835796,0.5308738376154353,0.4739120835450498
Q,Rural,Fusicatenibacter,0.20813468918020306,0.06692019463710897,0.3243602685875044,0.6064803619686635,0.6063685521410278
Q,Rural,GGB115571,0.2541094597279788,0.150031568799988,0.3762345336142306,0.7478271951039334,0.7403090075349592
Q,Rural,GGB1239,0.19871088785415017,0.08889610847792294,0.31433612838869385,0.5697767418033676,0.5789137497327856
Q,Rural,GGB1247,0.20838416163837908,0.10074251209892501,0.30135854545869284,0.625630284716033,0.607095351954452
Q,Rural,GGB1266,0.24377579113334855,0.09764303651866099,0.3543727652782775,0.7541401821625169,0.7102034461376178
Q,Rural,GGB13404,0.2485035918887059,0.10612679170260006,0.3276716374786707,0.7040695919706588,0.7239771698264895
Q,Rural,GGB143455,0.25706919373703185,0.1029373326292162,0.3428000782634996,0.7173565683373173,0.7489317394440943
Q,Rural,GGB143497,0.23722077813526354,0.08019157448390636,0.34059571771238173,0.6705801439333261,0.6911064193201752
Q,Rural,GGB1495,0.21703291664197827,0.08064800511020369,0.3789001068277824,0.58805332243585,0.6322921755594512
Q,Rural,GGB1627,0.2599598767124074,0.12855888250160943,0.37963125390672964,0.7826577500713298,0.7573533017381124
Q,Rural,GGB3109,0.28175322513278295,0.10192633728684793,1.1113485392334483,0.8025021907147238,0.820844885865767
Q,Rural,GGB3118,0.21183257253345514,0.08562146579013326,0.3385171666976052,0.6674826653367517,0.6171417691560758
Q,Rural,GGB3189,0.24472394378778528,0.13714302987151925,0.3311067513492422,0.709730066611817,0.7129657437370425
Q,Rural,GGB3304,0.3008569144663012,0.12985267274767523,0.43242074174107115,0.8236839418891432,0.8765005600224575
Q,Rural,GGB3306,0.2567228192054508,0.13234049735870174,0.3142633105342912,0.8012240731612392,0.7479226302752163
Q,Rural,GGB3321,0.2406917084104773,0.10545242259960198,0.3407658345224254,0.6813323353418819,0.7012184432881818
Q,Rural,GGB3429,0.2907384469248174,0.13148866776988036,0.4120700571574344,0.830911316615868,0.8470219539468341
Q,Rural,GGB34797,0.1752360717877379,0.07292311705833555,0.2626213252530887,0.5058332833371751,0.5105234670459664
Q,Rural,GGB35068,0.27259025231303324,0.10755232994784958,0.4527813634599834,0.7430332966928812,0.794149967378591
Q,Rural,GGB3588,0.3068054840510073,0.11819147421398249,0.4410695561658108,0.8778911187391405,0.893830806799656
Q,Rural,GGB3623,0.21108040598273536,0.07141710513639712,0.3357032217275206,0.5924652587546204,0.6149504470649563
Q,Rural,GGB3636,0.2078590677174612,0.09245449060298769,0.28448153779076385,0.6158354338257779,0.605565571206134
Q,Rural,GGB3653,0.23001748267316713,0.08441666677190032,0.32789508196885553,0.6425182378569693,0.6701207207939015
Q,Rural,GGB3730,0.2595053723969033,0.11637670765526853,0.3958936279407232,0.7192853561582551,0.7560291729981145
Q,Rural,GGB3862,0.23435697652349965,0.10162652504968551,0.3582819425127114,0.7220059041542533,0.6827631717635849
Q,Rural,GGB4266,0.22379052639356867,0.09826532044326841,0.310044956308229,0.6754573678903107,0.6519794370012874
Q,Rural,GGB4456,0.17908787323345007,0.08680582660531123,0.3193262090371698,0.49236305930765656,0.5217451008590067
Q,Rural,GGB4552,0.2716843052061024,0.1033903624886839,0.3964045362345659,0.7684140038073622,0.7915106291802844
Q,Rural,GGB4578,0.23595452316329685,0.10000899919622815,0.3628489122354263,0.6712207593254478,0.6874173793191206
Q,Rural,GGB4584,0.23440569344898102,0.0931146943491119,0.38126772111221524,0.7025118401064326,0.6829051010675623
Q,Rural,GGB4599,0.298633939537114,0.12582161475135983,0.4093110330761178,0.8547227877177603,0.8700242628969457
Q,Rural,GGB4604,0.24326353241967275,0.10708537706037573,0.35495850203445073,0.7051372923356259,0.7087110588005686
Q,Rural,GGB4642,0.21620549672316744,0.09716551022307528,0.35274051690085323,0.6260819618248529,0.6298816143014594
Q,Rural,GGB4644,0.21370830953030562,0.08988685017913577,0.33164516015464796,0.616651780025234,0.6226064417267919
Q,Rural,GGB4672,0.18542785546216875,0.054158818986877945,0.28053360136679456,0.5355812458988556,0.5402156684504549
Q,Rural,GGB4682,0.2590516239933931,0.11807357006463591,0.33198331080725413,0.7298133867454071,0.7547072464919827
Q,Rural,GGB4710,0.3151361575286045,0.18083435408837417,0.3614426813024876,0.9477118039375768,0.9181009485759589
Q,Rural,GGB4723,0.259694166298377,0.11191617509560445,0.3212817938377718,0.7762437161139417,0.756579195126288
Q,Rural,GGB4884,0.2315398550196674,0.12182217504513786,0.34497633598298644,0.6720325967529812,0.6745559195548715
Q,Rural,GGB4888,0.20628979253916208,0.10693312779628024,0.2875920894359598,0.605175339487325,0.6009937282253983
Q,Rural,GGB49284,0.2483645639757799,0.11595615215654147,0.32262428557450573,0.7690826650096776,0.7235721332869286
Q,Rural,GGB49409,0.22976327336508096,0.09792758347475007,0.3152071091569948,0.6668045916670303,0.6693801208934613
Q,Rural,GGB49418,0.23094831869500115,0.08853467956858785,0.3681940351989658,0.6490141464220536,0.6728325690353617
Q,Rural,GGB51431,0.23486789283964318,0.08336643545337594,0.38325761108301626,0.6713969332625549,0.6842516482309409
Q,Rural,GGB58067,0.222460382936914,0.1207007014851859,0.304215851461691,0.6681086074810931,0.6481042676812263
Q,Rural,GGB74412,0.23401862312194113,0.09366815809609998,0.3463851501466745,0.671449675523966,0.6817774309290169
Q,Rural,GGB81330,0.20940148756375374,0.10214561241716912,0.28965985469414035,0.6024256963018273,0.6100591752885376
Q,Rural,GGB82047,0.25632304141013273,0.13303858937024068,0.34350929577502576,0.7079889366597724,0.746757938873317
Q,Rural,GGB82668,0.23360654133163292,0.08480674777440228,0.36415516150430877,0.666924246215635,0.6805768937214179
Q,Rural,GGB9189,0.2756500512270633,0.09971190639407779,0.5129526159429444,0.7395678169974996,0.8030642230687453
Q,Rural,GGB9293,0.26083552147448263,0.13972840906443004,0.37923290462306825,0.7363865095289817,0.7599043586938788
Q,Rural,GGB9370,0.2031128858218573,0.0721476901264713,0.286555369591559,0.5626143041550586,0.5917382968792504
Q,Rural,GGB9380,0.17807588299986626,0.06812244134579351,0.2770006634671287,0.5159128817549257,0.5187968222460755
Q,Rural,GGB9383,0.26791540335088593,0.1082603654025836,0.37770589683076766,0.771342945038011,0.7805305106324789
Q,Rural,GGB9420,0.23499177361209828,0.08831666810522881,0.3871400649053305,0.6633623450645592,0.6846125558957208
Q,Rural,GGB9502,0.25646318532035056,0.08289501217007533,0.47855725225529916,0.6986122315849026,0.7471662267001319
Q,Rural,GGB9590,0.29711411597029336,0.13301686719979045,0.3934991240393543,0.832632468131214,0.865596489615362
Q,Rural,GGB9602,0.2274874738768375,0.08819885876452478,0.3800061059371974,0.6771176872256848,0.6627499275024179
Q,Rural,GGB9603,0.26662623929074014,0.13326578340801284,0.3324116530982228,0.7733983071685315,0.7767747285103261
Q,Rural,GGB9618,0.2304235706370073,0.08595517749243105,0.3577156297350127,0.6659523360359627,0.6713037959057223
Q,Rural,GGB9627,0.2507276591841,0.0916077176846364,0.3605149498536449,0.6884867568959722,0.7304566493937071
Q,Rural,GGB9634,0.21672257058987515,0.06629349506072459,0.40950390446778345,0.6814816057897536,0.6313880298496819
Q,Rural,GGB9642,0.23745965799908642,0.13315990965783778,0.29755185387825545,0.6904012462173248,0.6918023592316453
Q,Rural,GGB9690,0.16717345278090115,0.07215106916383567,0.2587496680264164,0.4693423794842373,0.48703426093190283
Q,Rural,GGB9699,0.21859535466611732,0.09295355055814541,0.3523239680587216,0.614022051964125,0.6368440995382888
Q,Rural,GGB9707,0.21803910865078255,0.0813822468732186,0.31307954006274064,0.615904101654133,0.6352235619321777
Q,Rural,GGB9708,0.18817143839299247,0.11467380471442877,0.2782890162717449,0.5562753722346788,0.548208677285239
Q,Rural,GGB9712,0.24587504600161797,0.12737809614439777,0.37482718917377805,0.6969647811403142,0.7163193038068093
Q,Rural,GGB9715,0.3152070329913384,0.19516929668929522,0.3795588964217417,0.9281832975175549,0.9183074333858171
Q,Rural,GGB9730,0.1677952877792372,0.05256771656664789,0.34265601367476417,0.46126613096338615,0.4888458819985151
Q,Rural,GGB9747,0.2086043900032414,0.07407650139384576,0.319604580707727,0.619426221656853,0.6077369535791881
Q,Rural,GGB9758,0.2425641569039921,0.08442693358757038,0.3763357625825797,0.6807968897322493,0.7066735353078893
Q,Rural,GGB9759,0.27230857643442635,0.12047142307763783,0.35173047491623555,0.7623479213726049,0.793329347829987
Q,Rural,GGB9762,0.24012741844612945,0.0983801196561137,0.3326293034861747,0.680458724335123,0.6995744708681252
Q,Rural,GGB9766,0.16927247917367624,0.06561029960278109,0.2660311386373666,0.5431241836967206,0.4931494529727205
Q,Rural,GGB9767,0.2408145018511323,0.11049152275581349,0.3792524753733586,0.6894526077051959,0.7015761831782293
Q,Rural,GGB9778,0.2403682632851106,0.10784265662960388,0.3147210419429262,0.700661397365213,0.7002761354338872
Q,Rural,GGB9786,0.23416356399951327,0.13352657674396554,0.31601673155114185,0.6889933030062004,0.6821996939858175
Q,Rural,GGB9787,0.2352476636318085,0.09574858038885824,0.3149711575631997,0.6945854577405847,0.6853580522921656
Q,Rural,GGB9790,0.23706144296154844,0.10197336363306328,0.31615541194027114,0.7492188741215748,0.6906422206852849
Q,Rural,GGB99810,0.2648220514409287,0.09445984890498937,0.40098858079442734,0.7445166578134074,0.7715185034255522
Q,Rural,Gallintestinimicrobium,0.1651159750842152,0.07467098973265915,0.24970165803450756,0.46894898541340135,0.48104011465616237
Q,Rural,Holdemanella,0.19703383933586457,0.09370113449333793,0.280967228436944,0.5953736177511154,0.5740279256257688
Q,Rural,Holdemania,0.18351538227820652,0.05688705930261448,0.40909953150805417,0.5746569138184368,0.5346439706227867
Q,Rural,Hominenteromicrobium,0.27031330763580813,0.1527467067964891,0.3697328668381309,0.7998088527868024,0.7875164376547743
Q,Rural,Hominifimenecus,0.2910583055796921,0.09914078459911778,0.4180248009129035,0.8376003305805796,0.847953813168428
Q,Rural,Hominilimicola,0.20797533783162722,0.1038364094761141,0.2664444132797461,0.6030619973182637,0.6059043063831572
Q,Rural,Hominiventricola,0.19706448924247136,0.09359208933387585,0.33887498516526265,0.5490419477502415,0.5741172194362606
Q,Rural,Intestinibacter,0.1647484582418621,0.06509193714814364,0.24161735871535087,0.4663023902070057,0.4799694106016732
Q,Rural,Lachnospira,0.2524789300877566,0.10476585191909273,0.343771265751827,0.728622024574516,0.7355587090572819
Q,Rural,Lawsonibacter,0.15379682691766228,0.041297905154969956,0.2490958588218641,0.5099907731185928,0.4480635093999382
Q,Rural,Lentihominibacter,0.24027223591528502,0.10998432134945739,0.3204866640730976,0.6945405117434291,0.6999963743933975
Q,Rural,Leyella,0.2352700844345089,0.08896130729132068,0.45302837648159794,0.6407070090106596,0.6854233718682768
Q,Rural,Ligilactobacillus,0.23943839463613087,0.1045849502064751,0.35062900118856644,0.6879784763277913,0.6975671054851361
Q,Rural,Mediterraneibacter,0.17301322380485637,0.06044055065030202,0.256799283745771,0.49909552377918126,0.504047539759081
Q,Rural,Methanobrevibacter,0.21685526551266734,0.11595202422426067,0.26961882457195374,0.641427412693514,0.6317746161920493
Q,Rural,Mogibacterium,0.24250159453255143,0.09934769987963632,0.3183821248146078,0.6780899071982129,0.7064912694168051
Q,Rural,Odoribacter,0.15539404009204802,0.05614565128194887,0.25309998334373246,0.4529954075827695,0.45271674545505025
Q,Rural,Oscillibacter,0.21879292082575708,0.07912795972003439,0.3470729942794122,0.6244522302108763,0.6374196782976234
Q,Rural,Parabacteroides,0.19497441044629021,0.06825291966495074,0.32244372203290644,0.6461026900261212,0.5680280948482695
Q,Rural,Paraprevotella,0.16911189535337062,0.04744731794346335,0.36491441672778296,0.4899037339459466,0.49268161659715276
Q,Rural,Paratractidigestivibacter,0.22235539091000217,0.09395555636922602,0.3430073618429944,0.6375410485501041,0.6477983894847774
Q,Rural,Parolsenella,0.20398268517613596,0.08592078218159777,0.2991239293835375,0.5922554907444866,0.5942723241343156
Q,Rural,Phascolarctobacterium,0.18758428772858657,0.07618534240829808,0.26719643245652636,0.5239803468876443,0.5464981037154666
Q,Rural,Phocaeicola,0.23188199731678333,0.09206425147209178,0.3449484303803778,0.7020092115171149,0.6755526987565775
Q,Rural,Phoenicibacter,0.23793061458710577,0.08033502262283083,0.4420420859742149,0.6687404857140679,0.6931744191488238
Q,Rural,Pilosibacter,0.211992510153428,0.0783909280846715,0.2791834714498518,0.6047990705668274,0.6176077229259054
Q,Rural,Prevotella,0.2976861388282546,0.0927417765682222,0.4919581569443257,0.8839357195432216,0.8672629906370789
Q,Rural,Romboutsia,0.18313699572648712,0.06465356639340557,0.33093434739040045,0.5360153986956627,0.5335415993341781
Q,Rural,Roseburia,0.16595026319899378,0.06259088468237317,0.2580107379471303,0.4801471480488032,0.4834706853516065
Q,Rural,Rothia,0.20565132584137172,0.07890715915171627,0.3227297991243378,0.5703555807791474,0.5991336532486884
Q,Rural,Ruminococcus,0.22102660796341903,0.12991835157239157,0.277656002357416,0.70078717132329,0.6439271838025199
Q,Rural,Ruthenibacterium,0.1849870460694052,0.0675520330614045,0.30080622489225417,0.5768453689975643,0.5389314377712106
Q,Rural,Sarcina,0.26738588138548935,0.15801761449280244,0.3404880227060055,0.848392331382328,0.7789878294544923
Q,Rural,Segatella,0.18932854697511722,0.12432427256792432,0.2594851549282607,0.5686682017455897,0.5515797359894681
Q,Rural,Senegalimassilia,0.18246720138075867,0.07539437064049766,0.24680748764079133,0.5260034574676876,0.5315902560513678
Q,Rural,Slackia,0.16151799964015873,0.09617072045716583,0.20822615549410203,0.4809612620181077,0.47055796403895994
Q,Rural,Streptococcus,0.22752895562594308,0.09244776302674998,0.3809581370817248,0.6455479981445007,0.6628707782277078
Q,Rural,Thomasclavelia,0.26969250750640145,0.09746726954650763,0.4198517037454174,0.822794127026582,0.7857078315203526
Q,Rural,Treponema,0.29189524969312386,0.1490371685371659,0.3487889896381525,0.7915448914758992,0.8503921217093229
Q,Rural,Vescimonas,0.2513337810397288,0.09974365708634642,0.363145526884278,0.7241514702816036,0.7322224926246761
Q,Rural,Waltera,0.2856390220353809,0.15261798724363543,0.3944456064624297,0.8584820972514275,0.8321655602378433
Q,Rural,Wujia,0.23521414148350359,0.1164322934944297,0.2887116236165798,0.7076845190955772,0.6852603906452179
Q,Rural,otros,0.20612184814749576,0.07468386342118381,0.29479122922463524,0.5971145155657807,0.6005044479520522
Q,Urban,Actinomyces,0.6842435492766179,0.3910238829116231,0.8268660786291885,0.2895987194386445,0.2844275651954093
Q,Urban,Agathobacter,1.0702354192006136,0.45694397912014517,1.7330613587742623,0.46104436228743245,0.4448773463643684
Q,Urban,Agathobaculum,0.46343880936507476,0.17104057215252397,0.7401281715549727,0.21742358582361948,0.19264306152995112
Q,Urban,Akkermansia,3.500735051171305,1.670282815072136,3.9870971307079737,1.4156772265510118,1.4551917194565305
Q,Urban,Alistipes,0.8006885340606581,0.42296927505591214,0.9735263097778564,0.3474342629200433,0.33283162181582704
Q,Urban,Anaerostipes,1.2939339334189375,0.6012447605464661,1.8754792057310163,0.6026851817304834,0.5378647392367073
Q,Urban,Anaerotignum,1.7149062441753886,1.1368224279500105,1.8691150611970935,0.7145142366050923,0.7128552517373039
Q,Urban,Anthropogastromicrobium,0.9460844049278824,0.37606880180197855,1.3084842430035803,0.39187474808209155,0.39327003381686204
Q,Urban,Bacteroides,1.872272471406614,0.7085057520422311,2.7040427188921257,0.7066808531944905,0.7782695225809012
Q,Urban,Barnesiella,3.5176779311086004,1.3813858587306784,4.818729738570641,1.4187130978482199,1.4622345656668567
Q,Urban,Bifidobacterium,0.9234006825021858,0.4470731420566929,1.131063872654709,0.40122302014749806,0.3838408240772448
Q,Urban,Bilophila,5.526861894682571,3.9328597381739727,5.177188405645262,2.1610039285152918,2.297415698749019
Q,Urban,Brotocaccenecus,1.3746308829943692,0.7561805532125618,1.6191567997965517,0.5792620672777439,0.5714089895415908
Q,Urban,Butyricicoccus,0.7395350739456924,0.27944268390908467,1.0480987948701568,0.29489730496300587,0.30741124367391703
Q,Urban,Butyricimonas,2.749583784964019,1.0425664382440538,4.037279602602332,0.9973167295039974,1.142951836498692
Q,Urban,Candidatus Cibionibacter,2.4581122599984133,1.2285819772341093,3.0793158450114415,1.0251409818107342,1.021792439004328
Q,Urban,Catenibacterium,0.883078763756062,0.4315971754822079,1.1833032303694915,0.407967389876572,0.36707973778700237
Q,Urban,Clostridium,1.3576105927611104,0.5768826692823147,1.8819439065033248,0.5792737657845363,0.5643339652829289
Q,Urban,Coprococcus,1.9887677776298873,1.3407182086673104,2.698191432345437,0.8217003994239085,0.8266944969059189
Q,Urban,Dysosmobacter,1.4497727377313177,0.6724364584737883,1.7585890571990117,0.6372183671629705,0.6026440882278588
Q,Urban,Ellagibacter,1.1819725484507195,0.46352402308415547,1.6893902468044353,0.5331790390814743,0.4913244332943531
Q,Urban,Enterococcus,1.0474903624024756,0.5798095211808802,1.235888029599461,0.4589305215333352,0.4354226410446543
Q,Urban,Eubacterium,2.399438388451817,1.5562143745846702,2.62308474167816,0.9569222234259845,0.9974027806111584
Q,Urban,Faecalibacterium,0.9829882279864806,0.4203976507876951,1.586154727162221,0.41141402338141,0.4086102800640589
Q,Urban,Faecalicatena,2.689032661039498,1.1624309274026818,3.6535958151128782,1.0534522598781604,1.1177818385266183
Q,Urban,Flavonifractor,5.547619045063554,4.181504084429356,5.432137600679929,2.262190929675858,2.3060440676236684
Q,Urban,Fusicatenibacter,0.973717576937917,0.31233113422722447,1.9989438833568127,0.39478866083245007,0.40475663948782425
Q,Urban,GGB115571,0.9418290311303531,0.5454157885653266,1.014612412793912,0.4170809900132716,0.39150115253254864
Q,Urban,GGB1239,1.060443188358459,0.49826435756226795,1.4017635003494182,0.432123729943217,0.44080689457975175
Q,Urban,GGB1247,0.6136813786841832,0.28159815088188567,0.8141900701190402,0.2770114776982956,0.2550961576903957
Q,Urban,GGB1266,1.4483945981998185,0.5180482855216406,2.1001107425399184,0.6253283527408864,0.6020712207571193
Q,Urban,GGB13404,1.5304471347887234,1.1720123581650141,1.4615831252547578,0.6383080876292578,0.6361789638622789
Q,Urban,GGB143455,1.961241870103998,1.0711513831255366,2.8146804315749594,0.7838791535462764,0.8152524791248822
Q,Urban,GGB143497,1.1551755111672461,0.4597995067464263,1.7159278225100865,0.45108640383941595,0.48018539358101314
Q,Urban,GGB1495,0.9171045293988417,0.4948609464319642,1.344452921609132,0.3763249077610396,0.38122362805226956
Q,Urban,GGB1627,0.744256519283013,0.3646079581407019,1.1063059225303093,0.3339729907664033,0.30937386239778664
Q,Urban,GGB3109,6.72709173653283,4.284674522632641,6.360727983501529,2.8682693339049172,2.796329355959592
Q,Urban,GGB3118,0.7568267486292278,0.3911461108952198,0.9642577560175055,0.34318640317496674,0.31459907749944394
Q,Urban,GGB3189,1.4212783088826906,0.5914029056689285,2.57877925376905,0.5675041916179654,0.5907994737954435
Q,Urban,GGB3304,2.235463283322257,1.0429710382054276,3.122475109980162,0.9074249132514828,0.9292413197483286
Q,Urban,GGB3306,1.2879819902454237,0.697430761650583,1.7910661936721708,0.5203232044712427,0.5353906250023625
Q,Urban,GGB3321,1.3527820395045314,0.38072890088674916,2.0609582551279932,0.5546024444644829,0.562326823750302
Q,Urban,GGB3429,0.7204258670022071,0.4336527988851002,0.9569056715440555,0.3211721144396552,0.2994678948334394
Q,Urban,GGB34797,0.4980983514812022,0.19614774929191564,0.8856947290736971,0.21561446662856268,0.20705040111729525
Q,Urban,GGB35068,1.0831234970603856,0.4735232581546358,1.5889705174281084,0.4543680966140185,0.45023468529665234
Q,Urban,GGB3588,0.8190916626918001,0.4227736850821564,1.1821668526671436,0.3584359828396673,0.3404814667782931
Q,Urban,GGB3623,1.6948509113074315,0.8979242604719919,1.841329324745467,0.7969451716971941,0.7045186156040921
Q,Urban,GGB3636,1.7581429706241574,0.7748364091534852,2.09634782184252,0.7161380667921854,0.7308279704335114
Q,Urban,GGB3653,1.2477514642100538,0.5127072302889203,1.4825551867370466,0.5715746793692751,0.518667528995293
Q,Urban,GGB3730,1.269862456020132,0.5380630955577336,1.7183779123526595,0.5580575045779922,0.5278586650626259
Q,Urban,GGB3862,0.910538573523206,0.48201871157579734,1.1193446272110654,0.3775766742650954,0.3784942799351234
Q,Urban,GGB4266,1.0019378679849136,0.6790187689026466,1.487781083639929,0.40578225649894556,0.4164872998354282
Q,Urban,GGB4456,0.7367392210706074,0.3758129596310774,0.9359731223892401,0.3225997640644987,0.30624905862044344
Q,Urban,GGB4552,1.2957445857973307,0.5860028774844561,1.8073158001698628,0.5522088673286168,0.5386173944103602
Q,Urban,GGB4578,1.3656137462232028,0.48986342496130486,2.0625688505260316,0.5739853605797431,0.5676607302272454
Q,Urban,GGB4584,2.9537936360796553,2.5479546904163937,2.3753918242578957,1.2378626997340618,1.2278381475251425
Q,Urban,GGB4599,1.4894375903987012,0.7852777943970617,1.6462940794052079,0.6597430468184271,0.6191320441317845
Q,Urban,GGB4604,0.912200743124656,0.5337059011489544,1.142674254665202,0.40901749929640774,0.379185213526214
Q,Urban,GGB4642,0.9907084111723959,0.34463184586986473,1.7139826693724727,0.43507994364945296,0.411819419424969
Q,Urban,GGB4644,0.7127463629869075,0.4083204477227794,0.8514285662075312,0.3181546765399986,0.29627566506190667
Q,Urban,GGB4672,0.8693645641913003,0.4752406054317653,1.150702531025066,0.3777656440934619,0.3613789951275605
Q,Urban,GGB4682,1.1657274138462013,0.522918781985439,1.6859809127134842,0.4534487678428798,0.48457162709439744
Q,Urban,GGB4710,0.977956286206303,0.4194397369855123,1.3638924110181976,0.4332271159220149,0.4065185936312763
Q,Urban,GGB4723,0.9549010530786055,0.4514591050884422,1.23432765332484,0.4186112807402969,0.3969349536679091
Q,Urban,GGB4884,0.977534991189779,0.5188828499710314,1.1943194903664396,0.4361431374787562,0.4063434689758731
Q,Urban,GGB4888,0.584928247880105,0.25167370886488494,0.7888741735182947,0.24849874480430742,0.24314400557292953
Q,Urban,GGB49284,0.866149113994028,0.5106642159571692,1.0864062367472656,0.3821936144781405,0.3600423911192595
Q,Urban,GGB49409,2.1863447045061966,1.1203797794537411,3.0570949609496343,0.8464068047408765,0.9088236222877084
Q,Urban,GGB49418,0.6912993512850941,0.31725642186784775,0.9967706914952319,0.3211253611807547,0.2873605334168758
Q,Urban,GGB51431,0.5583422928308199,0.26718598846736585,0.7501201142862742,0.2626631882152497,0.2320927088949308
Q,Urban,GGB58067,0.7297122836425083,0.2754251602515356,1.206112783536913,0.3041391111393756,0.3033280888786494
Q,Urban,GGB74412,2.144670251509825,0.9494036151034514,2.7916213059527513,0.9157673150080262,0.8915003121751909
Q,Urban,GGB81330,1.3525360292253257,0.7115397830519126,1.6483255683506663,0.563394478844347,0.5622245617636139
Q,Urban,GGB82047,0.8617283805094071,0.4349422909881614,1.2453645085986969,0.39433090088454764,0.35820477282861163
Q,Urban,GGB82668,0.7845174554614628,0.2566781602549314,1.1336080151600623,0.35247416194917935,0.32610959934675837
Q,Urban,GGB9189,1.7465891373894313,0.675683877677985,2.478927469087417,0.6719346184966871,0.7260252526598457
Q,Urban,GGB9293,1.0370026817547717,0.4142037130577381,1.5965575774680467,0.42747877148548624,0.4310631034584731
Q,Urban,GGB9370,0.43321139630364924,0.11410433054387333,0.6189101576644116,0.1936936419579527,0.1800780771639217
Q,Urban,GGB9380,0.7729429698438737,0.48434241402887385,0.8234684583109808,0.35584066797021835,0.3212982967541646
Q,Urban,GGB9383,0.9685471512009612,0.45010278631551215,1.3537360627260613,0.36360029732721827,0.4026073877996779
Q,Urban,GGB9420,1.0975208125522578,0.6666248201476901,1.3146578268404543,0.4841495673500816,0.45621938678931906
Q,Urban,GGB9502,6.009613017712735,2.376452122192454,7.46164887556771,2.344560412194376,2.498086536879654
Q,Urban,GGB9590,1.2796050689936345,0.7450088220336812,1.8644992798634223,0.5309719521607932,0.5319084916041024
Q,Urban,GGB9602,2.4927898608837173,0.9872838396013042,3.548398948318734,0.9392224945832961,1.0362072852926894
Q,Urban,GGB9603,1.038607060536756,0.4307535871831768,1.4247653707029826,0.44211421378843546,0.43173001445981674
Q,Urban,GGB9618,1.277812877334027,0.6834600060295567,1.6881748076885599,0.5622731861726216,0.531163510214589
Q,Urban,GGB9627,1.337796993912043,0.6670033778297912,1.7135979201676663,0.5681326916211736,0.556097813572976
Q,Urban,GGB9634,1.0418027590356402,0.5140186047108821,1.51308780714095,0.42670917338848086,0.43305840804730056
Q,Urban,GGB9642,1.088929894164159,0.610402630427866,1.5200085245657213,0.47862951352517996,0.45264829868406375
Q,Urban,GGB9690,1.20865757884815,0.722482583034639,1.6952934931609576,0.506338004209343,0.5024169137877837
Q,Urban,GGB9699,1.90994041934766,0.7320980799628065,3.079458345900777,0.7437425723931848,0.793927401606733
Q,Urban,GGB9707,1.275961983150985,0.5690068267805355,1.7548179046464512,0.5372171689248303,0.5303941272566151
Q,Urban,GGB9708,1.0238832693279027,0.5495873458469238,1.2853986499436922,0.4359914629028084,0.42560960296539035
Q,Urban,GGB9712,1.3417198590397708,0.4672214782692588,1.8572643388777514,0.5505727336264643,0.5577284770670626
Q,Urban,GGB9715,1.5798931839837378,0.9733394194097833,1.8914084769966124,0.6892269408262262,0.6567327847875015
Q,Urban,GGB9730,1.6023293407049484,0.5826832800845937,2.185244338330478,0.6970334012218574,0.6660590859785074
Q,Urban,GGB9747,1.2365902392046044,0.5996966528888368,1.4390494597744554,0.5349635045582163,0.5140280113027197
Q,Urban,GGB9758,3.5184606643557013,2.756523195351623,3.5097877300989127,1.3914866012344957,1.4625599336033257
Q,Urban,GGB9759,1.4357590357932333,0.5482219389759879,2.638545756364778,0.5809652051814995,0.5968188478937154
Q,Urban,GGB9762,1.191979232862314,0.6496129732752632,1.3674095919912053,0.5414743802127844,0.4954840295168935
Q,Urban,GGB9766,4.13384624099645,2.8437240178366157,4.064678794242434,1.6322924663645726,1.7183644953055812
Q,Urban,GGB9767,0.709916050768615,0.41653237507919927,0.7549621311023826,0.3093623244528547,0.2950991558878811
Q,Urban,GGB9778,1.0427648348584129,0.53919880648777,1.2586365788572316,0.41757040476303536,0.4334583254218872
Q,Urban,GGB9786,1.0920687542923482,0.6177812121218713,1.248915792206713,0.47007781909045854,0.45395306559738524
Q,Urban,GGB9787,0.7143357443711357,0.2890329968967629,0.965499285176474,0.32357352698909325,0.29693634191850377
Q,Urban,GGB9790,1.9449494521498876,1.1397279229241537,2.209268261236705,0.8243187574335787,0.808480018098786
Q,Urban,GGB99810,0.7081412637594479,0.340206106429431,0.969876794380622,0.3174514274422831,0.294361409294155
Q,Urban,Gallintestinimicrobium,1.0211923522084652,0.37721331080034926,1.5014164645519583,0.4484702447540426,0.42449103779187364
Q,Urban,Holdemanella,2.2052316011635367,1.170551005926699,2.7802139268348887,0.8978195827885753,0.9166745607964073
Q,Urban,Holdemania,4.798069200324059,2.249498894098263,6.970217839092222,1.8049244163089553,1.9944698663655946
Q,Urban,Hominenteromicrobium,2.0496017446253423,1.231638868570505,2.5223543721598007,0.8762341687325021,0.8519820675844992
Q,Urban,Hominifimenecus,1.6279216107882841,0.9172756220846973,2.0118319104410953,0.6770693572642723,0.6766973259375423
Q,Urban,Hominilimicola,0.8280720914406693,0.26275874908260066,1.2433487894257034,0.36341411080173447,0.3442144672371971
Q,Urban,Hominiventricola,2.7921059665871053,1.8580445193673008,3.1395157769007698,1.2271089992517448,1.1606275319416928
Q,Urban,Intestinibacter,0.9605062404392213,0.3294399398482225,1.4081825953129743,0.4157572257677686,0.3992649278344606
Q,Urban,Lachnospira,1.6692630354070115,0.7232623015458323,2.1363224555365066,0.7021241336703145,0.6938822022267604
Q,Urban,Lawsonibacter,4.838737287041076,2.7863031370393476,5.32452614908815,1.8480033609343087,2.0113748483684297
Q,Urban,Lentihominibacter,1.536107510076022,0.815724992128445,1.929077531321798,0.6561046408283977,0.6385318786435152
Q,Urban,Leyella,1.5652690594377927,0.6520594135781153,2.2475138121416376,0.6321820951193157,0.6506538029072704
Q,Urban,Ligilactobacillus,1.591324385970915,1.0762045337490704,2.016186116060949,0.7009688916360791,0.6614845269879315
Q,Urban,Mediterraneibacter,0.8214012303371102,0.4967789072656041,1.094839330659768,0.36860372730674157,0.3414415119299122
Q,Urban,Methanobrevibacter,1.0335493001466804,0.5876456161905299,1.2703845473652218,0.4804552549407959,0.4296275957017417
Q,Urban,Mogibacterium,0.8584682668385565,0.2802329620027715,1.3251232099789094,0.3853544078734985,0.35684960302885155
Q,Urban,Odoribacter,1.242678310440636,0.5412523795101685,2.0406271677416696,0.5075671473632417,0.5165587114901475
Q,Urban,Oscillibacter,3.93021440966685,3.020026885055656,3.5791921131988724,1.5699459531141342,1.6337184565631018
Q,Urban,Parabacteroides,1.3189493640031598,0.5933987003018373,1.8160791913574903,0.5647747616337523,0.5482631975355209
Q,Urban,Paraprevotella,4.460240715537339,3.395316605410524,4.1993255736035815,1.7888493103511127,1.8540407260644187
Q,Urban,Paratractidigestivibacter,1.912227251732655,1.340601256224452,1.8564641670330246,0.7826907757065207,0.7948779961252518
Q,Urban,Parolsenella,1.2184932559179036,0.5393774144940378,1.6818216602778229,0.5169754740611554,0.5065054253769041
Q,Urban,Phascolarctobacterium,1.5144349333280023,0.5708699360918763,2.753114780030428,0.6010048508283625,0.6295229837223036
Q,Urban,Phocaeicola,0.840585127496905,0.46359790257252376,0.9902090301036531,0.36396136324720163,0.3494159081312181
Q,Urban,Phoenicibacter,1.058874490919858,0.46270391282632917,1.439078568468994,0.44776448188067,0.4401548156621481
Q,Urban,Pilosibacter,2.4702812664547498,1.1993713663803582,3.8552420605241995,0.9964957282884843,1.0268508730675825
Q,Urban,Prevotella,1.4888258487573316,0.7223696220137779,1.9879549186672714,0.603677921171252,0.6188777542875217
Q,Urban,Romboutsia,0.9940799231056813,0.42262327448817505,1.4777231740669208,0.41634020140715267,0.4132208954509037
Q,Urban,Roseburia,0.9348573314337723,0.5587528693183614,1.0524038782271008,0.4078960341283983,0.3886031441084014
Q,Urban,Rothia,0.7269647402343361,0.3787197132781633,1.021719463511249,0.3130028250780046,0.3021859851895737
Q,Urban,Ruminococcus,1.8851790519990588,0.9810646462904322,4.272889987488137,0.776265165103989,0.7836345527617312
Q,Urban,Ruthenibacterium,3.8188610559693545,2.5871919512860417,3.6073212758348756,1.607561327543794,1.5874308981315968
Q,Urban,Sarcina,1.7191385019912302,1.1193787389534606,2.20224000035022,0.7040015075127294,0.7146145241295855
Q,Urban,Segatella,3.2738829853087745,1.5520348907095305,3.947640456698215,1.3314897796383938,1.360893452675584
Q,Urban,Senegalimassilia,1.5027248506509396,1.0764600031969866,1.4187200660748458,0.6373786099273142,0.6246553159049089
Q,Urban,Slackia,3.1320278010522653,2.4689378529594515,2.9640565608582836,1.3578413211438238,1.3019268395287291
Q,Urban,Streptococcus,1.5752647771475559,0.7736952949803109,1.9529499960014582,0.6790312432174235,0.6548088404718543
Q,Urban,Thomasclavelia,2.0012082119818677,0.8547978008059104,2.6459927371604937,0.8249938014571133,0.8318657585954853
Q,Urban,Treponema,0.8611742683205071,0.28434416490063397,1.329956286717907,0.3455580342862513,0.35797443849677824
Q,Urban,Vescimonas,0.755546348948556,0.36165299805403694,0.9848628913480949,0.3260609043145378,0.31406683870225616
Q,Urban,Waltera,1.4744877413802808,0.9800854270606273,1.6387500510853605,0.5991494382114383,0.6129176645284347
Q,Urban,Wujia,1.0522840433871565,0.4784075131227879,1.3645642639460895,0.44843137830294844,0.4374152868098029
Q,Urban,otros,2.4560242679730053,1.6320173872454353,2.6280195534538136,1.071265168616973,1.0209244987971282
T2,Rural,Actinomyces,0.9914529914529923,0.5357550602035227,1.1362092958355179,0.758963157122709,0.666666666666667
T2,Rural,Agathobacter,0.9914529914529924,0.3195484408453382,1.7336367487185878,0.6151040672877053,0.6666666666666671
T2,Rural,Agathobaculum,0.9914529914529921,0.4702143472326113,1.5713140250089541,0.6794893463096487,0.666666666666667
T2,Rural,Akkermansia,0.991452991452992,0.22973274045902628,1.93650295516579,0.6203255578734458,0.6666666666666669
T2,Rural,Alistipes,0.9914529914529921,0.2714779074059792,1.6718188968382623,0.6000480339983221,0.666666666666667
T2,Rural,Anaerostipes,0.9914529914529919,0.46418994682850245,1.3371333093842805,0.6785729532070592,0.6666666666666667
T2,Rural,Anaerotignum,0.9914529914529918,0.5890047317385778,1.6148404585791636,0.6576613383962895,0.6666666666666667
T2,Rural,Anthropogastromicrobium,0.991452991452992,0.5381696973488421,1.2936516451221516,0.6583799425290097,0.6666666666666669
T2,Rural,Bacteroides,0.991452991452992,0.39608697316946295,1.8553195748661278,0.6349879817281924,0.6666666666666669
T2,Rural,Barnesiella,0.991452991452991,0.24934327292821223,2.383571353695433,0.5897716103161031,0.6666666666666662
T2,Rural,Bifidobacterium,0.9914529914529918,0.3460941367760179,1.4371908758090364,0.6714239994744552,0.6666666666666667
T2,Rural,Bilophila,0.9914529914529914,0.26879799966250034,3.1392660509069445,0.5736534400434457,0.6666666666666664
T2,Rural,Brotocaccenecus,0.991452991452992,0.4298635592421649,1.536880123024666,0.6783232797018336,0.6666666666666669
T2,Rural,Butyricicoccus,0.9914529914529924,0.5457998807598871,1.243939254772176,0.6416887410749698,0.6666666666666671
T2,Rural,Butyricimonas,0.9914529914529915,0.1992932455648179,2.7163266362971696,0.5702271119905679,0.6666666666666665
T2,Rural,Candidatus Cibionibacter,0.9914529914529926,0.29886343772986645,2.022090521960239,0.6797946935990309,0.6666666666666673
T2,Rural,Catenibacterium,0.9914529914529918,0.3140663220115645,1.6854361224652918,0.6334259511896404,0.6666666666666667
T2,Rural,Clostridium,0.9914529914529917,0.3273936125152052,2.711975747986959,0.6247604401849506,0.6666666666666667
T2,Rural,Coprococcus,0.9914529914529915,0.4123785978718464,1.5906885451943678,0.7272113184064846,0.6666666666666665
T2,Rural,Dysosmobacter,0.9914529914529923,0.40051161435161364,1.3969810743440751,0.6770253831713843,0.666666666666667
T2,Rural,Ellagibacter,0.9914529914529916,0.43438774767879745,1.500695487090163,0.6328119363548204,0.6666666666666666
T2,Rural,Enterococcus,0.9914529914529917,0.5478794259781651,1.2206016723276838,0.7240770802761067,0.6666666666666667
T2,Rural,Eubacterium,0.9914529914529917,0.3332827762362718,1.5769116686601894,0.7802777196219568,0.6666666666666667
T2,Rural,Faecalibacterium,0.9914529914529916,0.4086837991010599,2.6391385809698558,0.6369032024116413,0.6666666666666666
T2,Rural,Faecalicatena,0.9914529914529917,0.4222607839228396,1.432372122454473,0.6139185306220818,0.6666666666666667
T2,Rural,Flavonifractor,0.9914529914529908,0.14460403310827752,3.9747318193840733,0.4951155987162335,0.6666666666666661
T2,Rural,Fusicatenibacter,0.9914529914529914,0.3990122719848328,1.871156316879529,0.5979985844753162,0.6666666666666664
T2,Rural,GGB115571,0.9914529914529918,0.5386637005488709,1.1467094729100589,0.7257928413670325,0.6666666666666667
T2,Rural,GGB1239,0.9914529914529915,0.43778483624735903,1.5786975667661882,0.6644411037009821,0.6666666666666665
T2,Rural,GGB1247,0.9914529914529914,0.6716512458992044,1.0846363042420044,0.6932128652387092,0.6666666666666664
T2,Rural,GGB1266,0.9914529914529924,0.6531280676080984,1.1536126398176187,0.7220715806748988,0.6666666666666671
T2,Rural,GGB13404,0.9914529914529923,0.35043424364493336,1.5071205305223168,0.6466753738923066,0.666666666666667
T2,Rural,GGB143455,0.9914529914529921,0.3967081084148101,1.4733728071751997,0.6745261784358151,0.666666666666667
T2,Rural,GGB143497,0.9914529914529916,0.43888324359176,1.4092327081063918,0.6528433314346131,0.6666666666666666
T2,Rural,GGB1495,0.9914529914529916,0.5108793631745067,1.2794502472694362,0.6094134372654447,0.6666666666666666
T2,Rural,GGB1627,0.991452991452992,0.3856424458948278,1.4763646352601116,0.6748702388703679,0.6666666666666669
T2,Rural,GGB3109,0.9914529914529917,0.3117619351044834,4.390893448520947,0.5831010877620374,0.6666666666666667
T2,Rural,GGB3118,0.9914529914529919,0.46839432213588117,1.4243988552323916,0.6598415080080687,0.6666666666666667
T2,Rural,GGB3189,0.991452991452991,0.43550324546253794,1.190216802103795,0.7116122052678343,0.6666666666666662
T2,Rural,GGB3304,0.9914529914529921,0.40047692246655275,1.5017707185660918,0.6772222414891278,0.666666666666667
T2,Rural,GGB3306,0.9914529914529919,0.386812888371266,1.522492251022887,0.6484179189948788,0.6666666666666667
T2,Rural,GGB3321,0.9914529914529915,0.5427739339868614,1.26319710064317,0.6962997199520841,0.6666666666666665
T2,Rural,GGB3429,0.9914529914529914,0.5076085285908111,1.1463174081878427,0.6654906023905746,0.6666666666666664
T2,Rural,GGB34797,0.9914529914529924,0.5869722745946137,1.3264254519177119,0.67611442935275,0.6666666666666671
T2,Rural,GGB35068,0.9914529914529923,0.5437697066816339,1.1481939205835652,0.6951896161091753,0.666666666666667
T2,Rural,GGB3588,0.9914529914529917,0.261814792239076,2.1072831851287206,0.6045205080816205,0.6666666666666667
T2,Rural,GGB3623,0.9914529914529919,0.5187042351265351,1.2922482528772272,0.6700829301510577,0.6666666666666667
T2,Rural,GGB3636,0.991452991452991,0.5822968434431846,1.4773847670951683,0.6661658998672045,0.6666666666666662
T2,Rural,GGB3653,0.9914529914529926,0.35019497765647345,1.4509713789871406,0.6985942606858571,0.6666666666666673
T2,Rural,GGB3730,0.9914529914529918,0.5793972369612448,1.2705273444379224,0.7415597553236394,0.6666666666666667
T2,Rural,GGB3862,0.991452991452992,0.40314699965803436,1.4565907923923846,0.6950297073179849,0.6666666666666669
T2,Rural,GGB4266,0.9914529914529919,0.3497719817336669,1.6962736218415446,0.6595055268230432,0.6666666666666667
T2,Rural,GGB4456,0.9914529914529926,0.5048662193258184,1.1776688473419092,0.6942944463005223,0.6666666666666673
T2,Rural,GGB4552,0.9914529914529916,0.5513794352176602,1.2215963822192792,0.6806807855884479,0.6666666666666666
T2,Rural,GGB4578,0.9914529914529919,0.41840437171076944,1.512402056994161,0.6528467575272756,0.6666666666666667
T2,Rural,GGB4584,0.9914529914529916,0.5876559335401762,1.3587849503838627,0.6845347138124589,0.6666666666666666
T2,Rural,GGB4599,0.9914529914529926,0.5678336845952754,1.1752994053635795,0.757482299934249,0.6666666666666673
T2,Rural,GGB4604,0.991452991452992,0.4518462254016869,1.2682789420249343,0.6669015254933877,0.6666666666666669
T2,Rural,GGB4642,0.9914529914529918,0.3973203162680304,1.490977220532144,0.641550281248271,0.6666666666666667
T2,Rural,GGB4644,0.9914529914529919,0.4189889057779521,1.4207893831174978,0.7162295582002823,0.6666666666666667
T2,Rural,GGB4672,0.9914529914529927,0.4538558746200892,1.3002147508246427,0.6438893332484659,0.6666666666666674
T2,Rural,GGB4682,0.9914529914529916,0.6960274475516444,1.0316667568071585,0.7269104102767161,0.6666666666666666
T2,Rural,GGB4710,0.9914529914529917,0.46613135451550425,1.4509355546417622,0.7428018946623923,0.6666666666666667
T2,Rural,GGB4723,0.9914529914529918,0.3891620330184509,1.5565761145811614,0.6557934345351658,0.6666666666666667
T2,Rural,GGB4884,0.9914529914529915,0.37675302277379774,1.4314970783410408,0.6866885888051419,0.6666666666666665
T2,Rural,GGB4888,0.9914529914529914,0.39476274945106316,1.4723988900578637,0.6610666046441659,0.6666666666666664
T2,Rural,GGB49284,0.9914529914529914,0.4484344836341847,1.1456313618965277,0.7105212362493284,0.6666666666666664
T2,Rural,GGB49409,0.9914529914529924,0.39343668482001853,1.2772252197118952,0.6927549198332126,0.6666666666666671
T2,Rural,GGB49418,0.9914529914529916,0.5041177637236072,1.1892739411552078,0.7097598766285932,0.6666666666666666
T2,Rural,GGB51431,0.9914529914529917,0.5449486369115272,1.243994086343833,0.7301122053163993,0.6666666666666667
T2,Rural,GGB58067,0.991452991452992,0.37618600660485624,1.3735885592052308,0.6774678138586856,0.6666666666666669
T2,Rural,GGB74412,0.9914529914529919,0.36696705767525917,1.6794408996253158,0.7126919829355834,0.6666666666666667
T2,Rural,GGB81330,0.9914529914529916,0.46927049164216855,1.2391373549395912,0.6999979942665616,0.6666666666666666
T2,Rural,GGB82047,0.9914529914529916,0.4750043978925407,1.157786823880346,0.7118621833005792,0.6666666666666666
T2,Rural,GGB82668,0.9914529914529919,0.5032452529750031,1.2825042169149754,0.6907207294868597,0.6666666666666667
T2,Rural,GGB9189,0.9914529914529926,0.3289706184907805,1.7519910778444125,0.7102373680467324,0.6666666666666673
T2,Rural,GGB9293,0.9914529914529909,0.5113676431011692,1.3628248964291558,0.68300232927424,0.6666666666666661
T2,Rural,GGB9370,0.9914529914529914,0.37108821312058243,1.6455084588518365,0.6229101460872397,0.6666666666666664
T2,Rural,GGB9380,0.9914529914529919,0.419898340268682,1.5545796225898882,0.6609422772024842,0.6666666666666667
T2,Rural,GGB9383,0.9914529914529916,0.5354318696194325,1.4926932108826971,0.7202364404717969,0.6666666666666666
T2,Rural,GGB9420,0.9914529914529924,0.6106846636980644,1.199275937289084,0.7179715232973181,0.6666666666666671
T2,Rural,GGB9502,0.9914529914529913,0.2373824545453591,2.317360011389123,0.700719260461377,0.6666666666666663
T2,Rural,GGB9590,0.9914529914529916,0.5150923019906566,1.4894275210215204,0.6387018750293668,0.6666666666666666
T2,Rural,GGB9602,0.9914529914529917,0.5290500513229996,1.2436910145910296,0.6866186243262604,0.6666666666666667
T2,Rural,GGB9603,0.9914529914529919,0.5174937809109686,1.3792351278485115,0.6875469377105946,0.6666666666666667
T2,Rural,GGB9618,0.9914529914529915,0.40708031264085753,1.4628128256448483,0.7087505162072696,0.6666666666666665
T2,Rural,GGB9627,0.9914529914529921,0.45684300604091294,1.2919927498253152,0.6813249652702358,0.666666666666667
T2,Rural,GGB9634,0.9914529914529915,0.4115630355682778,1.938154928798712,0.6088975919402796,0.6666666666666665
T2,Rural,GGB9642,0.9914529914529918,0.46333285106259486,1.2389328014959384,0.7153841801945511,0.6666666666666667
T2,Rural,GGB9690,0.9914529914529914,0.3974076602107775,1.5029212014597557,0.6885243556099337,0.6666666666666664
T2,Rural,GGB9699,0.9914529914529921,0.3142465225699488,1.4665087051209222,0.7052548089316415,0.666666666666667
T2,Rural,GGB9707,0.9914529914529913,0.662486639278246,1.4074858535903998,0.6678963586288558,0.6666666666666663
T2,Rural,GGB9708,0.9914529914529919,0.2825230603204787,2.303810890766374,0.6322292728753676,0.6666666666666667
T2,Rural,GGB9712,0.991452991452991,0.39038727850259036,1.81538726224701,0.6503448231645229,0.6666666666666662
T2,Rural,GGB9715,0.9914529914529915,0.3976177559383532,1.6376485371263383,0.6215797890660827,0.6666666666666665
T2,Rural,GGB9730,0.9914529914529918,0.23988349252303479,2.0443093986299825,0.6847968649705755,0.6666666666666667
T2,Rural,GGB9747,0.9914529914529918,0.33348682858938444,1.3489520412773828,0.6970444583606666,0.6666666666666667
T2,Rural,GGB9758,0.9914529914529917,0.5206730476709969,1.231558503016745,0.6872768166264265,0.6666666666666667
T2,Rural,GGB9759,0.9914529914529918,0.3784179208915694,1.4090785403334665,0.6912110761756523,0.6666666666666667
T2,Rural,GGB9762,0.9914529914529915,0.4747990324496574,1.373835957041278,0.6796400233576569,0.6666666666666665
T2,Rural,GGB9766,0.9914529914529924,0.4064217202654747,1.3210746785013057,0.6974494540686503,0.6666666666666671
T2,Rural,GGB9767,0.9914529914529916,0.5183528768762464,1.364683551245531,0.658163191739911,0.6666666666666666
T2,Rural,GGB9778,0.9914529914529928,0.43938909062333337,1.281593063065742,0.7425028976794364,0.6666666666666674
T2,Rural,GGB9786,0.9914529914529913,0.5057036974383432,1.2376120493743155,0.7075063923500374,0.6666666666666663
T2,Rural,GGB9787,0.991452991452992,0.5814654653753707,1.1261053014765228,0.6928625779381962,0.6666666666666669
T2,Rural,GGB9790,0.9914529914529924,0.36760095428602246,1.6466121173002715,0.6475846689290043,0.6666666666666671
T2,Rural,GGB99810,0.9914529914529923,0.5637818346963822,1.3623530825519303,0.6847507034048765,0.666666666666667
T2,Rural,Gallintestinimicrobium,0.9914529914529918,0.45967133736787374,1.4839148932922888,0.649599459642422,0.6666666666666667
T2,Rural,Holdemanella,0.9914529914529928,0.142416135393745,3.015516862985755,0.5748530259356619,0.6666666666666674
T2,Rural,Holdemania,0.9914529914529918,0.17983807849181283,4.27673693451765,0.5007662894014445,0.6666666666666667
T2,Rural,Hominenteromicrobium,0.9914529914529917,0.4607391151208714,1.1891700689544553,0.7070577641141972,0.6666666666666667
T2,Rural,Hominifimenecus,0.991452991452992,0.22124794716102109,2.0977111665170134,0.6265641889579334,0.6666666666666669
T2,Rural,Hominilimicola,0.9914529914529921,0.6830924214859002,0.9761137913896392,0.7362346419685025,0.666666666666667
T2,Rural,Hominiventricola,0.9914529914529923,0.2064798843629323,2.6766836620606402,0.6739057524058097,0.666666666666667
T2,Rural,Intestinibacter,0.9914529914529924,0.575150949901206,1.2705300540704019,0.7549194348575751,0.6666666666666671
T2,Rural,Lachnospira,0.9914529914529917,0.5179251167009208,1.2403773470877555,0.6948435055357166,0.6666666666666667
T2,Rural,Lawsonibacter,0.9914529914529919,0.2982153584816727,2.963491601138487,0.5719897729309789,0.6666666666666667
T2,Rural,Lentihominibacter,0.9914529914529917,0.30932279327081896,1.5221049879130932,0.6591154336954783,0.6666666666666667
T2,Rural,Leyella,0.9914529914529923,0.45036319451178786,1.4471466461520313,0.6518483787305505,0.666666666666667
T2,Rural,Ligilactobacillus,0.9914529914529916,0.5498489974800544,1.2108893634169722,0.701040136994995,0.6666666666666666
T2,Rural,Mediterraneibacter,0.9914529914529915,0.3461602535304805,2.0847241262422807,0.6285461066025133,0.6666666666666665
T2,Rural,Methanobrevibacter,0.9914529914529924,0.5515148710757148,1.2252576940549809,0.6557224407489587,0.6666666666666671
T2,Rural,Mogibacterium,0.9914529914529918,0.3271285811142848,1.612807651531915,0.6605578342556734,0.6666666666666667
T2,Rural,Odoribacter,0.9914529914529926,0.3699660140533077,2.154922305780703,0.607103129081591,0.6666666666666673
T2,Rural,Oscillibacter,0.9914529914529918,0.5888321548254715,1.324400646257937,0.6619968890304635,0.6666666666666667
T2,Rural,Parabacteroides,0.9914529914529921,0.3531983112722259,1.8004786316602506,0.6123491759383936,0.666666666666667
T2,Rural,Paraprevotella,0.9914529914529929,0.23627963602905777,2.9460126784063094,0.5952956450926145,0.6666666666666675
T2,Rural,Paratractidigestivibacter,0.9914529914529913,0.29570843191272733,1.3871505145142409,0.6203892108285611,0.6666666666666663
T2,Rural,Parolsenella,0.9914529914529919,0.5837701539849244,1.3635058920453602,0.6891681312455888,0.6666666666666667
T2,Rural,Phascolarctobacterium,0.9914529914529923,0.4032860972944264,1.3604485898496161,0.6405170943988868,0.666666666666667
T2,Rural,Phocaeicola,0.9914529914529917,0.4080202237141521,1.9120075770051614,0.6004789665910342,0.6666666666666667
T2,Rural,Phoenicibacter,0.9914529914529917,0.43812244897050584,1.397581259302351,0.6815660920076084,0.6666666666666667
T2,Rural,Pilosibacter,0.9914529914529919,0.47616728156200744,1.3638238956883,0.6557625783842637,0.6666666666666667
T2,Rural,Prevotella,0.9914529914529917,0.3975100607355359,1.4092068318394093,0.6596462745975161,0.6666666666666667
T2,Rural,Romboutsia,0.9914529914529924,0.6279677128561756,1.1516720568519458,0.6809042512461005,0.6666666666666671
T2,Rural,Roseburia,0.9914529914529918,0.35532910300980225,2.1537427001351515,0.6787622658338384,0.6666666666666667
T2,Rural,Rothia,0.9914529914529918,0.44802480134590855,1.3496817281514641,0.6963556721673378,0.6666666666666667
T2,Rural,Ruminococcus,0.9914529914529926,0.4081178806980665,2.50964725177514,0.6522065395483251,0.6666666666666673
T2,Rural,Ruthenibacterium,0.991452991452991,0.18465467928083695,3.8363098953464463,0.49085795416912664,0.6666666666666662
T2,Rural,Sarcina,0.9914529914529927,0.554271298659413,1.246269447555753,0.6905978708245799,0.6666666666666674
T2,Rural,Segatella,0.9914529914529926,0.2933000419783791,3.0561472885605476,0.6299892610504547,0.6666666666666673
T2,Rural,Senegalimassilia,0.9914529914529914,0.33457570904808653,1.813376856720406,0.6401142060868719,0.6666666666666664
T2,Rural,Slackia,0.9914529914529921,0.35541382054584203,1.7158259067402892,0.6496377481722748,0.666666666666667
T2,Rural,Streptococcus,0.9914529914529916,0.2586222617490098,1.7313332037769213,0.6427946265843294,0.6666666666666666
T2,Rural,Thomasclavelia,0.9914529914529915,0.32637688358865047,1.9122341962323095,0.6273915282155795,0.6666666666666665
T2,Rural,Treponema,0.9914529914529916,0.49769026075764594,1.3978640820445214,0.6889909587702375,0.6666666666666666
T2,Rural,Vescimonas,0.9914529914529918,0.35415111200552496,1.4551825248402173,0.6824628611225003,0.6666666666666667
T2,Rural,Waltera,0.9914529914529918,0.6713569033460148,1.1258490094385818,0.6714828124445591,0.6666666666666667
T2,Rural,Wujia,0.991452991452992,0.5873419039768396,1.0993041838890942,0.6953081313723034,0.6666666666666669
T2,Rural,otros,0.9914529914529923,0.3680683431303301,1.5088232736004343,0.7183479443261498,0.666666666666667
T2,Urban,Actinomyces,1.4401026313983158,0.5167526364668867,1.9503126076014916,0.4839854326594799,0.4856078086149275
T2,Urban,Agathobacter,4.565935414496686,3.2554396350322086,4.196691862619043,1.5731682672595042,1.53964991283858
T2,Urban,Agathobaculum,0.5094195813323603,0.28978608114967225,0.651137593196017,0.18964815274342509,0.17177812272736512
T2,Urban,Akkermansia,2.5674075124505653,1.4189112972374245,3.176854829591734,0.8631458092914818,0.8657390860622514
T2,Urban,Alistipes,1.4116682217154002,0.6325013721102004,1.7180654676069553,0.5054905130337519,0.47601962297153877
T2,Urban,Anaerostipes,2.2467875556766654,1.2946748772132326,2.5634461676320006,0.7726806636300819,0.7576248786352374
T2,Urban,Anaerotignum,0.7891859828327774,0.46384379185786895,0.8972868189448229,0.2884189323069469,0.26611636376285774
T2,Urban,Anthropogastromicrobium,2.084885486033442,1.0936717900683104,2.3363852253809902,0.7110806638111726,0.7030309159998608
T2,Urban,Bacteroides,1.5605463594183615,0.911689873753283,1.9206990408351525,0.596164594928916,0.5262218687173214
T2,Urban,Barnesiella,6.283524021755479,3.0477508231554724,7.4452360635608406,1.9519715725975295,2.1188269947268585
T2,Urban,Bifidobacterium,1.0936615880954808,0.6796892785919078,1.192507703175732,0.37587577689438195,0.36878663755074714
T2,Urban,Bilophila,5.6605701813808125,2.8386650667892974,6.6156212232475635,1.7596929143476154,1.9087647097917484
T2,Urban,Brotocaccenecus,3.203436374928702,2.264367966629015,3.3680744360672077,1.0757025585846616,1.0802103156745149
T2,Urban,Butyricicoccus,1.0364140406586744,0.7669265026552707,1.0624219030887838,0.3634661316507754,0.34948255779056125
T2,Urban,Butyricimonas,5.087283027644067,1.9905934889582928,6.653640761400503,1.6053440104353098,1.7154502109751775
T2,Urban,Candidatus Cibionibacter,1.698143973172385,1.0009917115163787,2.125432267444974,0.6089319677257935,0.5726202810449588
T2,Urban,Catenibacterium,1.0698474916351028,0.4415439862797363,1.3688168760723498,0.37608088373606413,0.3607564382134681
T2,Urban,Clostridium,0.9714737628837329,0.46191174621008296,1.2153325847852166,0.34249182967443037,0.32758446157604804
T2,Urban,Coprococcus,1.1422153879913013,0.601992431764891,1.5389123722766709,0.3881952455244659,0.3851591542403689
T2,Urban,Dysosmobacter,3.589004726804161,2.6519057855801544,3.2521795646285256,1.1803286223381437,1.2102253565078955
T2,Urban,Ellagibacter,1.3056850918785807,0.7077885689534507,1.5920895503062602,0.48262841151220465,0.44028172880476235
T2,Urban,Enterococcus,1.036806797472536,0.6279464638076977,1.224437985526579,0.38361530287122,0.3496149968067394
T2,Urban,Eubacterium,0.9232127085502649,0.4700284258556703,1.4218099809608298,0.35376780587675277,0.3113106597473788
T2,Urban,Faecalibacterium,1.8662540682459983,0.8976624968991892,2.180060240985639,0.5828856783002715,0.6293076122773708
T2,Urban,Faecalicatena,1.0732726448140513,0.3932364330836251,1.604395685276672,0.38751835943245355,0.3619114122362463
T2,Urban,Flavonifractor,5.107921267831799,2.2594067167129674,6.956750624390764,1.6912895666068104,1.7224095001068844
T2,Urban,Fusicatenibacter,0.8556760336736434,0.49821927137934185,1.0477013218280298,0.3049599453333355,0.2885370490526116
T2,Urban,GGB115571,0.9501878862107705,0.31458757948310956,1.53206345466061,0.33288027486603194,0.32040678708241266
T2,Urban,GGB1239,0.9442759476162809,0.5018934282553895,1.2650163854754035,0.3116287916717219,0.31841326003583786
T2,Urban,GGB1247,0.9811566303195215,0.4110685307252515,1.3927897955711417,0.33064439672262336,0.33084955944760497
T2,Urban,GGB1266,0.9370583763259847,0.34849221328815416,1.398173120847692,0.32266043531707805,0.31597946892860296
T2,Urban,GGB13404,1.3056913268038246,0.6059519402258644,1.9385132060540142,0.47439025961538245,0.44028383124407366
T2,Urban,GGB143455,1.2412635552120552,0.8680673747491825,1.465815033897904,0.4243286264264544,0.41855855396557623
T2,Urban,GGB143497,1.3038592818188102,0.7268722233566858,1.561780347303161,0.46101884217190703,0.439666059058217
T2,Urban,GGB1495,1.9670759462214438,0.698081855772138,3.1178984881470013,0.6300424252232939,0.6633051136752804
T2,Urban,GGB1627,0.8924423848384931,0.36582573778895544,1.3965475175924456,0.2979632299279567,0.30093479545669505
T2,Urban,GGB3109,3.3519539310574964,2.6169362207845674,3.5234414966689234,1.1519763473158664,1.1302909720111538
T2,Urban,GGB3118,2.6080685725047568,1.854512342165283,2.980001177958683,0.9121608853609825,0.8794501423705811
T2,Urban,GGB3189,1.102191817613866,0.5901253583932401,1.356024835914945,0.3918653760074002,0.3716630617535023
T2,Urban,GGB3304,1.0172372738611162,0.5272581108861748,1.3348916420448955,0.3583373373047244,0.34301608276451434
T2,Urban,GGB3306,1.3070747580574493,0.5938299690563342,1.8117372196371853,0.442045400769622,0.4407503292594198
T2,Urban,GGB3321,1.1150999726742978,0.635493811542968,1.2008376116988033,0.3821297755241189,0.37601573826105894
T2,Urban,GGB3429,0.5293779985570178,0.16695306332363127,0.8548652489815551,0.19653778725558194,0.178508173100565
T2,Urban,GGB34797,1.0736995179363218,0.5319837693579088,1.284450309883712,0.357840353783122,0.3620553553948399
T2,Urban,GGB35068,0.8964621871090747,0.48648089528619265,1.0906818855456133,0.32312088412346074,0.3022902873009027
T2,Urban,GGB3588,2.022928147677693,1.0997088516489377,2.519721924955803,0.7204668252469739,0.6821386777311654
T2,Urban,GGB3623,0.6597124112472653,0.31967453814854346,0.7814616101130831,0.2303251659135234,0.22245740779654619
T2,Urban,GGB3636,3.4286663456668114,2.616618775401025,2.7488609991044615,1.1183058178564065,1.1561586752843698
T2,Urban,GGB3653,1.3301463540828253,0.5408513564479982,1.7659615963347137,0.47450405853771394,0.44853015476828173
T2,Urban,GGB3730,2.6746830907485184,1.9034694164729866,2.6700425738027884,0.8931885243222408,0.9019127985181379
T2,Urban,GGB3862,2.700348854922862,1.7833005794208372,2.7449691595539574,0.8912578127596643,0.9105673868963486
T2,Urban,GGB4266,1.912479525805359,1.2706655968720488,2.202899391672925,0.6535787910867233,0.6448950035217207
T2,Urban,GGB4456,0.8329363996464411,0.3318732007016023,1.3283937407519333,0.2990596449067163,0.2808691623285015
T2,Urban,GGB4552,1.3285336877783864,0.7958217965255009,1.6289236153332673,0.45361036116879017,0.44798635786585866
T2,Urban,GGB4578,0.6405941303560981,0.3937525981057232,0.753874803757451,0.23235537207930967,0.2160106544293714
T2,Urban,GGB4584,0.8571666993157144,0.33114255173754303,1.3818223326437116,0.30045590268192857,0.2890397068910469
T2,Urban,GGB4599,1.7152555848830981,0.9032255097773572,1.9858064866607805,0.6394040315334322,0.5783903783168737
T2,Urban,GGB4604,2.1986219218433227,0.6789745331263056,3.483433366009314,0.6702307002017794,0.7413832529438465
T2,Urban,GGB4642,1.6399219443044721,0.75746119379698,2.0076784054666947,0.5580605471131774,0.5529876026266092
T2,Urban,GGB4644,0.8312472745747667,0.34381748796453016,1.2254223685987524,0.3099854077064629,0.2802995832536158
T2,Urban,GGB4672,1.056700766010703,0.5602505501637838,1.4309344571111942,0.3743152334590248,0.3563233148500814
T2,Urban,GGB4682,1.29797158742273,0.7231983108978779,1.5257265184289337,0.45157044019816805,0.43768070724291014
T2,Urban,GGB4710,0.8417669518852595,0.2732985335228606,1.5103540632606918,0.2659561553482319,0.2838468564372808
T2,Urban,GGB4723,1.550609060492209,0.5546951054506406,2.470809850074829,0.5044407251892529,0.5228709756282679
T2,Urban,GGB4884,0.9888137289008925,0.3910463191123022,1.4839854273417827,0.3775655455351926,0.3334315607448581
T2,Urban,GGB4888,1.080111070877521,0.5073940826235905,1.414685845042021,0.3794572193117118,0.36421735420361306
T2,Urban,GGB49284,1.2531959028937045,0.7790965008772761,1.4359215722153236,0.4333000477388306,0.42258218470062375
T2,Urban,GGB49409,0.943392251321242,0.5753372666953027,1.06602654092534,0.3634988756985779,0.3181152744534504
T2,Urban,GGB49418,1.8018271621466435,1.1565950113219028,1.8706118911798026,0.601165417412433,0.6075826268460414
T2,Urban,GGB51431,0.5972201510231504,0.3405293132678944,0.6664323150576038,0.2190417841105002,0.2013847919418275
T2,Urban,GGB58067,1.2853967824589985,0.6933044438134235,1.817465520551226,0.4321203271119233,0.43344043759194184
T2,Urban,GGB74412,4.23505749541341,2.060352129914123,4.62954211532686,1.524775698787422,1.4280766834715297
T2,Urban,GGB81330,0.9158833397877263,0.545248092834953,1.1887799790106526,0.3212427167066668,0.3088391701287179
T2,Urban,GGB82047,1.0452920416457478,0.6593843379638535,1.1450538739995093,0.37082065071460046,0.3524762517886257
T2,Urban,GGB82668,1.0053535781630776,0.5238795516141882,1.3829818389077546,0.3498451971367927,0.33900885765405964
T2,Urban,GGB9189,2.03533500212281,0.7486726543206981,3.3007539839253064,0.6897951509933993,0.6863223138606596
T2,Urban,GGB9293,1.2625295981080544,0.7126485917090949,1.508456959016038,0.4197504459787631,0.42572954043798467
T2,Urban,GGB9370,1.5728285877315746,0.7967717474290716,2.0672428632557875,0.5447359268464392,0.5303634804650177
T2,Urban,GGB9380,1.5080861454187366,0.7138189954833543,1.881587325407149,0.5041073982215244,0.5085320950828602
T2,Urban,GGB9383,0.6500006397115115,0.383872366319604,0.7699247048285968,0.22502124511328872,0.21918256335808628
T2,Urban,GGB9420,1.664598480743846,0.9483317516901264,1.78745778429761,0.5302277322411416,0.5613086198397332
T2,Urban,GGB9502,3.0566577997838706,2.0697415013217313,3.188505398511518,1.0613331235062557,1.0307160500064532
T2,Urban,GGB9590,1.227118465415669,0.38305756445767536,2.0490686686170405,0.41149413821066116,0.4137887785975423
T2,Urban,GGB9602,1.3453609186140123,0.6691569591432832,1.590729579106598,0.4839567214151851,0.4536605608795781
T2,Urban,GGB9603,2.0961738657659374,1.3806997511691312,2.3375624624443083,0.6948124218690696,0.7068373984165949
T2,Urban,GGB9618,1.3410481065284365,0.6685310724736202,1.7166407701659556,0.4582938209685158,0.4522062650674728
T2,Urban,GGB9627,1.6486050754821246,0.9452854707398988,2.0975943724598882,0.5864728856932983,0.5559155858211134
T2,Urban,GGB9634,2.0050716285314656,0.9019294820104373,2.5074133726897916,0.6862904434765591,0.676117394981567
T2,Urban,GGB9642,3.882073405402307,3.118966877240186,3.3760286785761107,1.3430197191354003,1.3090491734253964
T2,Urban,GGB9690,0.8765589089679781,0.37672742222787425,1.0200091806609544,0.2947690411851805,0.2955788300258288
T2,Urban,GGB9699,2.047030691486426,0.8840028368546091,2.4709886391277185,0.6739450599695737,0.6902661425561128
T2,Urban,GGB9707,1.0449487004298093,0.5113866034921836,1.280747224962173,0.35764097531631783,0.3523604758905446
T2,Urban,GGB9708,1.9531114864956431,0.8375571089521219,2.529678880376764,0.6508484801759519,0.6585962474194408
T2,Urban,GGB9712,1.0326952598161245,0.5122241626302528,1.483717285583901,0.34026603869163935,0.3482285714591035
T2,Urban,GGB9715,1.4719758705816328,0.7014263425853036,1.9129021746600297,0.5094614282929597,0.4963555799860841
T2,Urban,GGB9730,2.6298786399898364,1.0641358519913622,3.451347027602425,0.8030680079766357,0.8868045758993146
T2,Urban,GGB9747,1.015482148634798,0.2737132172814748,1.4875216232056518,0.3776232393406121,0.3424242481991059
T2,Urban,GGB9758,2.2132288540343863,1.4888335086003832,2.515917836475796,0.7562043265671183,0.7463087632354302
T2,Urban,GGB9759,1.5034940283337728,0.7631431468957899,2.014797513784945,0.514296447342386,0.5069836166161782
T2,Urban,GGB9762,1.7673442865614464,1.095554083266923,2.104536200802413,0.58250810409647,0.5959548766547863
T2,Urban,GGB9766,1.3324867081544125,0.7299528136788836,1.8637158395159654,0.46558857407101634,0.44931933061402185
T2,Urban,GGB9767,2.4732296970246854,0.970106619852831,2.8958481685180417,0.7902445741722727,0.8339819865528254
T2,Urban,GGB9778,1.0182063261038417,0.4404159260355659,1.4003677856434558,0.35295851047219884,0.34334285068074705
T2,Urban,GGB9786,0.8944878923706403,0.32996946833477037,1.334997404822409,0.31184540374758685,0.3016245479844207
T2,Urban,GGB9787,1.2806219497672071,0.6600156789704605,1.7531925168217122,0.44048171556248067,0.43183034676271237
T2,Urban,GGB9790,1.3972131816740356,0.767978788113635,1.6247245088068172,0.4816629266432675,0.4711453312614317
T2,Urban,GGB99810,1.213764443411954,0.5246250235437109,1.5405082630123474,0.4366535188936936,0.4092857541463455
T2,Urban,Gallintestinimicrobium,0.8873390938951422,0.4083598201169224,1.1076860800362236,0.299816680820365,0.29921394731872675
T2,Urban,Holdemanella,6.780108531920294,4.838554303235995,6.580284298731364,2.207057537561378,2.28627708509931
T2,Urban,Holdemania,2.7292638309619077,1.4974593612616043,3.2299904461344804,0.9202615726609152,0.9203176212507155
T2,Urban,Hominenteromicrobium,1.9461748395274836,1.1546962609143536,2.2169046852793124,0.669109207961836,0.656257185008262
T2,Urban,Hominifimenecus,1.9499275341220723,1.2837479087007821,2.339874119663712,0.6761766934624652,0.6575226071793957
T2,Urban,Hominilimicola,2.0883678412371367,1.094380912963425,2.1803415298466104,0.6959670387742624,0.7042051787519835
T2,Urban,Hominiventricola,12.030615562002907,11.177806085535321,8.71563477339921,3.820052042331046,4.056767019222954
T2,Urban,Intestinibacter,1.3440299913256635,0.8116234591135355,1.5981773882026302,0.4501415218688677,0.45321176739095487
T2,Urban,Lachnospira,1.236353406506431,0.6710526428862911,1.4037981423444876,0.4428450590237371,0.4169028340877531
T2,Urban,Lawsonibacter,3.4114172315192226,2.052173284957769,3.9984950293037707,1.0860971621243334,1.1503422116941142
T2,Urban,Lentihominibacter,1.2205441097024339,0.5405843388619251,1.8355186831456007,0.4147260115358445,0.41157188210603374
T2,Urban,Leyella,1.1733336145371882,0.6608068758350542,1.2976651261252017,0.4162337537816537,0.39565233262325833
T2,Urban,Ligilactobacillus,1.4388235874046176,0.567858400601088,1.7376320162688685,0.4854475345725385,0.4851765103606505
T2,Urban,Mediterraneibacter,2.4309937008868245,1.2725878698667752,3.2581402533330754,0.7834206288921539,0.8197398561087889
T2,Urban,Methanobrevibacter,1.3865354312700668,0.6672824919450733,1.7025821746705856,0.4924912140523403,0.4675447552597244
T2,Urban,Mogibacterium,1.0722087177060673,0.5074819365500007,1.5270155219243378,0.35990490388359525,0.36155265217278304
T2,Urban,Odoribacter,1.9116222257058324,1.050717342667548,2.551626098058399,0.6680011860871516,0.6446059188317969
T2,Urban,Oscillibacter,1.2812303718743212,0.6251269217122227,1.7280437591193067,0.4444238905805134,0.4320355088947068
T2,Urban,Parabacteroides,3.173540451578482,2.617019979484544,2.7437336922332993,1.1122994573736775,1.070129302343872
T2,Urban,Paraprevotella,6.0505999832671264,2.534154568091199,6.535288989684645,1.8962265183229445,2.040284167682483
T2,Urban,Paratractidigestivibacter,2.0686689576797987,1.1207614982633536,2.742618681881088,0.7633451579744778,0.6975626440687775
T2,Urban,Parolsenella,0.7977116855103161,0.44772043697332403,0.9371041778410228,0.2693966987955116,0.26899126149852953
T2,Urban,Phascolarctobacterium,1.0977239501921265,0.44137850895904085,1.447775389124335,0.3887915482103071,0.3701564807220196
T2,Urban,Phocaeicola,2.62311463260494,1.7128555975381405,2.7331470296197407,0.9732395383083229,0.8845237281791453
T2,Urban,Phoenicibacter,1.03585747336899,0.5244701605957903,1.3480841828079388,0.3508034025145045,0.34929488129029135
T2,Urban,Pilosibacter,2.1677847170100235,1.094262497558592,2.886857931058796,0.756278898214161,0.730984836097425
T2,Urban,Prevotella,4.141332562213411,3.571461044635463,3.5378586774478076,1.3530297279438472,1.3964722974843733
T2,Urban,Romboutsia,2.1060325752713354,1.3663208752185843,2.1010384922195655,0.6827898162510148,0.7101617908691238
T2,Urban,Roseburia,1.0049170472259958,0.6398266149285363,1.280697903525827,0.35809913778295055,0.33886165784543
T2,Urban,Rothia,2.2738806988039872,1.5806140257718102,2.358587464702159,0.7334037688473514,0.7667607843517448
T2,Urban,Ruminococcus,1.9537014440710851,1.03221753897677,2.5816892711783193,0.6581928151814103,0.6587951832446659
T2,Urban,Ruthenibacterium,6.254581868201715,4.812740929567733,6.484793083710942,2.1272538456096615,2.1090675960163696
T2,Urban,Sarcina,0.9554661775931308,0.37216495682419126,1.4722997896789916,0.3616880091120318,0.3221866460004748
T2,Urban,Segatella,4.936287901389412,1.633139091340087,6.6786338559385925,1.4987962034012103,1.6645341090437058
T2,Urban,Senegalimassilia,5.286573964525888,4.500859889612176,4.265881951000573,1.769315313943787,1.782651834683085
T2,Urban,Slackia,2.201165504321864,1.207405163318093,3.187361920010972,0.7234505535031815,0.7422409581424241
T2,Urban,Streptococcus,5.128008700957927,4.588908055688686,4.437168611037418,1.6875993385067671,1.729183055108035
T2,Urban,Thomasclavelia,3.4759586875728186,2.3329229756674086,3.8597643382607862,1.1406632437428212,1.172105823783741
T2,Urban,Treponema,2.015294228026419,1.2738727217863435,2.1318827250100316,0.6607084828154479,0.6795644924528578
T2,Urban,Vescimonas,1.3685776641731424,0.6598741651292341,1.8007762721401586,0.4667663629520361,0.4614893313354675
T2,Urban,Waltera,1.190683689460545,0.4943629827644048,1.722337982057148,0.42736805327462074,0.401502840551749
T2,Urban,Wujia,1.8282367869717076,1.054006304411081,1.9882547849694419,0.6578765879145577,0.6164880477223224
T2,Urban,otros,4.264537360681725,2.879675856511778,4.032087086989619,1.3570602932730553,1.4380174005142516
