Gene	Mean_Difference	p_value	p_adj
K03088	-3641.032171957761	1.7845005299266848e-23	3.1389364321410385e-20
K10773	546.7376752683385	2.2048223818571015e-21	3.878282569686642e-18
K04767	182.9996771376819	6.011159566052038e-20	1.0573629676685535e-16
K01950	-803.1581426880535	2.4855574722966654e-19	4.3720955937698343e-16
K08217	-649.1015786583134	2.6195392988950263e-19	4.607769626756352e-16
K16212	-564.9610462609771	6.119019366410587e-18	1.0763355065516223e-14
K14652	-1172.1143338495658	3.1389299339215026e-17	5.521377753767923e-14
K00606	-824.9091004318607	5.200256337055261e-17	9.147250896880205e-14
K00099	-858.1089526728106	9.412713819084118e-17	1.6556963607768963e-13
K02622	737.6277434810858	1.0183541663097441e-16	1.79128497853884e-13
K02864	1230.4575481050567	1.2024834780388971e-16	2.1151684378704202e-13
K01579	-1061.1755841688546	1.4566699190210561e-16	2.5622823875580376e-13
K02760	434.99935160173027	1.5739986062477577e-16	2.7686635483898056e-13
K01190	-796.411612005272	1.619802199343232e-16	2.849232068644745e-13
K09458	-1165.3519705617773	2.084272314557044e-16	3.6662350013058403e-13
K06287	-1130.8841975232258	3.70715799139724e-16	6.520890906867746e-13
K18785	-654.3873527520384	4.4400599307030844e-16	7.810065418106726e-13
K19285	114.58031871736853	5.098958906013212e-16	8.96906871567724e-13
K01546	-557.0046019920883	6.795360253681032e-16	1.1953038686224936e-12
K01945	375.3748717652718	9.86419190223355e-16	1.7351113556028815e-12
K18332	-281.77716108414825	1.0019461885117444e-15	1.7624233455921585e-12
K02440	556.697391404105	2.5466359308257834e-15	4.479532602322553e-12
K01912	-927.6979064504764	2.745142020991268e-15	4.82870481492364e-12
K02122	300.9487984549518	3.034124251957858e-15	5.337024559193872e-12
K19312	-699.3386868672559	4.989470898472733e-15	8.776479310413538e-12
K06179	145.90637676483027	8.47531446600872e-15	1.490807814570934e-11
K00957	-726.8548778124975	1.0569072734623352e-14	1.8590998940202476e-11
K09692	128.6448135360836	1.810473033412459e-14	3.1846220657725156e-11
K01524	291.8445681618334	2.0209616973923688e-14	3.554871625713177e-11
K01647	459.38269742315697	2.2571929723410528e-14	3.970402438347912e-11
K22373	226.1549263349885	2.5037455619086556e-14	4.4040884433973255e-11
K10206	-1150.8421381896085	2.5931772558641455e-14	4.561398793065032e-11
K04488	-978.2276316189999	4.689589020176638e-14	8.248987086490706e-11
K09014	1333.5313143998105	5.709455867253526e-14	1.0042932870498953e-10
K03892	103.28566893261929	6.72439113330276e-14	1.1828204003479555e-10
K04041	-658.6231412287234	8.314083545125076e-14	1.462447295587501e-10
K07175	-284.88651234936276	8.619467964293444e-14	1.516164414919217e-10
K01548	-539.7516547449122	1.3831416812036876e-13	2.4329462172372864e-10
K03496	-1629.9414865084632	2.3456889568924563e-13	4.1260668751738306e-10
K01686	-715.3494338706806	2.9368095598856616e-13	5.165848015838879e-10
K01805	-460.4756457866024	3.752539821904263e-13	6.600717546729599e-10
K01129	-832.3230957959115	3.9896161716942483e-13	7.017734846010183e-10
K05606	-438.774412572166	5.679924049730111e-13	9.990986403475266e-10
K15532	-283.7943903050251	5.74324283210812e-13	1.0102364141678183e-09
K03568	278.34221238096154	5.77085776918888e-13	1.015093881600324e-09
K06997	-659.4993646995837	8.827145733567452e-13	1.5526949345345148e-09
K17320	-612.5370904562787	9.06981052381077e-13	1.5953796711383144e-09
K14441	-766.7963931696902	1.0876159796772979e-12	1.9131165082523668e-09
K02232	-701.8584264796016	1.1170933471646518e-12	1.9649671976626225e-09
K12574	1255.541620571481	1.1399328049861183e-12	2.005141803970582e-09
K05515	113.77180185631254	1.3424278538781294e-12	2.3613305949716298e-09
K00865	369.7236254720658	1.5322131399224396e-12	2.6951629131235713e-09
K10907	-907.4883309363516	1.98475528132327e-12	3.491184539847632e-09
K01200	-438.0687617032872	2.0762896470177942e-12	3.6521934891043e-09
K06392	-1121.7020093855722	2.3483392872475125e-12	4.130728806268374e-09
K01885	-1080.46251180321	3.2894456258625694e-12	5.7861348558922594e-09
K00180	111.86395451695626	3.7678277025593865e-12	6.627608928801961e-09
K02108	706.2045975408707	3.8840218784633476e-12	6.831994484217029e-09
K01886	-857.0682420680739	3.999059075847817e-12	7.03434491441631e-09
K01918	-783.2825723200353	4.232716654180554e-12	7.445348594703594e-09
K02587	65.60376283408712	5.088434726374688e-12	8.950556683693075e-09
K01610	-939.3339350138842	5.949229865687771e-12	1.0464695333744789e-08
K02072	211.10391181999873	5.996850014067935e-12	1.0548459174745498e-08
K03386	-544.8197818210417	6.101007498165833e-12	1.07316721892737e-08
K03475	191.05674853361498	7.494168242952365e-12	1.318224193935321e-08
K07009	276.7861957780273	9.999955752903242e-12	1.7589922169356802e-08
K00860	-446.9233635638526	1.0282389576206223e-11	1.8086723264546746e-08
K13378	-388.010423853975	1.0428335111650905e-11	1.8343441461393943e-08
K00873	649.4603038846511	1.3947874846449013e-11	2.4534311854903812e-08
K07220	-281.2842030443636	1.4242107522624452e-11	2.505186713229641e-08
K01620	115.74174125313198	1.4287306776413269e-11	2.513137261971094e-08
K03303	87.58015305179714	1.4965454257976182e-11	2.6324234039780105e-08
K01821	1101.0522602752867	2.4644659570976045e-11	4.334995618534686e-08
K11645	-475.5468119018156	3.027338664549503e-11	5.3250887109425756e-08
K02477	152.66321358107982	3.43258511831104e-11	6.03791722310912e-08
K00657	-167.353349251429	3.8772988825939e-11	6.82016873448267e-08
K07080	-397.6947632768459	4.190577405665821e-11	7.371225656566179e-08
K06410	-209.3616005332738	4.1957747394262186e-11	7.380367766650718e-08
K07533	237.8752800026734	4.456888015696135e-11	7.8396660196095e-08
K18888	455.3292102562339	4.504773525226033e-11	7.923896630872591e-08
K02233	195.98803521032437	4.5846793777757126e-11	8.064451025507479e-08
K09690	-191.0128175316501	4.7124977674832166e-11	8.289283573002978e-08
K03437	-508.2230488209177	5.099046854758684e-11	8.969223417520525e-08
K05942	-447.15890197957617	5.124975323137288e-11	9.014831593398489e-08
K00956	-305.6898302831357	5.628868567325717e-11	9.901179809925935e-08
K00059	-972.5349650541589	5.973292073780438e-11	1.0507020757779791e-07
K00639	-234.84846546504872	6.589393761867233e-11	1.1590743627124462e-07
K03527	-600.1615646822314	6.811258685574477e-11	1.1981004027925503e-07
K03525	-629.8035716462354	6.901834224368121e-11	1.2140326400663526e-07
K02217	-862.2959142971788	6.922907361347074e-11	1.2177394048609504e-07
K03091	-2461.218874897925	7.474399527588613e-11	1.314746876902837e-07
K07646	-379.93082394605494	7.571691454474605e-11	1.331860526842083e-07
K13292	583.4697945710666	8.015705391525687e-11	1.4099625783693685e-07
K09976	859.5012943968835	8.210537934998648e-11	1.4442336227662623e-07
K00266	65.38426729355615	9.868973445740658e-11	1.7359524291057817e-07
K06381	-191.403383934374	1.0220963536421016e-10	1.7978674860564566e-07
K22431	-697.5540772406125	1.0304187618907845e-10	1.81250660216589e-07
K03698	-593.5270627066408	1.0346160074123196e-10	1.8198895570382702e-07
K10546	125.43877364207233	1.0915763618419784e-10	1.92008282048004e-07
K03077	-783.1941261459936	1.0961963931156713e-10	1.9282094554904659e-07
K01267	66.31425948382793	1.140322954444181e-10	2.0058280768673144e-07
K00943	783.7000357931624	1.3129277750687626e-10	2.3094399563459535e-07
K03832	-630.8730003701388	1.4628156497552743e-10	2.5730927279195275e-07
K01572	-552.8904618942495	1.6410592797329821e-10	2.8866232730503156e-07
K01815	-756.669763214941	1.6638896575280893e-10	2.926781907591909e-07
K00849	-538.4543905352746	1.7059778903053485e-10	3.000815109047108e-07
K06966	-409.78017171678164	1.8620685169762393e-10	3.275378521361205e-07
K06379	-833.9201926341447	1.8830324232745054e-10	3.312254032539855e-07
K07742	274.59927832458936	2.002187780329816e-10	3.5218483056001463e-07
K03786	-994.2412196629464	2.0121677357849452e-10	3.539403047245719e-07
K18138	-316.19034915387704	2.0738939875880123e-10	3.647979524167314e-07
K02316	195.28926426699047	2.2137415080854706e-10	3.8939713127223427e-07
K08325	-229.39401974919267	2.2499048629700313e-10	3.957582653964285e-07
K00962	-925.3612659102382	2.2524557006602518e-10	3.962069577461383e-07
K03048	792.441335412848	2.287419685267018e-10	4.0235712263846845e-07
K10021	-530.6192714653471	2.3014717109198251e-10	4.0482887395079723e-07
K06942	804.256308911727	2.3554815085117377e-10	4.1432919734721466e-07
K00281	-267.58783001708986	2.4271384865646577e-10	4.2693365978672326e-07
K10545	95.32341510011253	2.479938880251755e-10	4.362212490362837e-07
K16923	156.44541120950845	2.5672470775521536e-10	4.5157876094142384e-07
K00847	599.2464162646819	2.5902949427928535e-10	4.5563288043726295e-07
K12527	70.68290674644638	2.712153594296218e-10	4.770678172367047e-07
K01270	-370.1390483666784	2.8071262855915083e-10	4.937735136355463e-07
K09015	-338.32781591590856	2.8884645668490215e-10	5.080809173087428e-07
K21574	-489.7554393259581	3.204724148338657e-10	5.637109776927698e-07
K01208	-487.09165845987775	3.298736779012424e-10	5.802477994282853e-07
K10541	85.64746647184506	3.3727555470907385e-10	5.932677007332609e-07
K12308	-154.1700456289794	3.424135794128151e-10	6.023054861871418e-07
K02437	-585.4487948695299	3.5735762103602127e-10	6.285920554023614e-07
K00603	-294.9612753600229	4.1630433094304505e-10	7.322793181288162e-07
K02008	252.29655894792614	4.252398936225303e-10	7.479969728820309e-07
K06168	-763.8094982042946	4.464512140788279e-10	7.853076855646583e-07
K21572	-2627.653577955434	4.632967709096606e-10	8.14939020030093e-07
K01685	-449.4414210776533	5.154526574395366e-10	9.066812244361449e-07
K01442	-1032.5332648455073	5.215869382017664e-10	9.174714242969071e-07
K03574	630.1902096275849	5.484412188750967e-10	9.647081040012951e-07
K03474	-406.70417968897584	6.059508105777698e-10	1.0658674758062971e-06
K06178	475.80155201531306	6.123580475968368e-10	1.077137805722836e-06
K03147	-718.0668491296167	6.521195214711013e-10	1.1470782382676671e-06
K01438	-361.5254902572799	6.555055179505182e-10	1.1530342060749616e-06
K07718	-308.6144729969004	6.831246918073175e-10	1.2016163328890714e-06
K02073	734.3828108562702	6.970768709200136e-10	1.226158215948304e-06
K19118	-378.6774798117217	7.09950917145103e-10	1.2488036632582363e-06
K00997	719.5301838966013	7.274923382373616e-10	1.279659022959519e-06
K03587	57.7090569195118	7.355817885677382e-10	1.2938883660906515e-06
K02777	506.2342877230557	7.588981646804131e-10	1.3349018716728466e-06
K03476	166.09953372964827	8.440136836404113e-10	1.4846200695234835e-06
K01812	-644.3043587241548	8.558926719169038e-10	1.505515209901834e-06
K22024	-413.75545903048453	8.581520366997932e-10	1.5094894325549363e-06
K01304	135.8255699891821	9.407815738826107e-10	1.6548347884595122e-06
K07699	-403.98892978453887	9.411618883608318e-10	1.6555037616267032e-06
K20107	442.072691250699	9.931076388427035e-10	1.7468763367243155e-06
K20108	442.072691250699	9.931076388427035e-10	1.7468763367243155e-06
K11145	684.9780117321553	1.0422648695042823e-09	1.8333439054580327e-06
K02749	76.97467035011574	1.0657515929485025e-09	1.8746570519964159e-06
K03700	602.3580837313531	1.107585946163116e-09	1.948243679300921e-06
K03696	-671.8585929963167	1.1753279260878185e-09	2.0674018219884727e-06
K09812	187.52350265832735	1.2349409958476817e-09	2.172261211696072e-06
K06193	556.4738137087357	1.3456482101611008e-09	2.366995201673376e-06
K07043	-425.5173558178675	1.3763839272442493e-09	2.4210593280226347e-06
K03306	-210.2736272771569	1.4288324548407934e-09	2.5133162880649555e-06
K07792	-215.17938230029017	1.4313429551527968e-09	2.5177322581137696e-06
K15987	-229.50918711135665	1.4631420712694512e-09	2.5736669033629646e-06
K01251	-331.12485630209767	1.4912104428009226e-09	2.623039168886823e-06
K03043	-665.4729841253834	1.5134540747942056e-09	2.6621657175630077e-06
K00797	-564.7523631844415	1.6730155536877861e-09	2.942834358936816e-06
K17319	-1113.2203273033572	1.6798838157658813e-09	2.954915631932185e-06
K01232	137.1797601253275	1.7313069634687951e-09	3.0453689487416105e-06
K01783	-551.125858173791	1.8043940898679268e-09	3.1739292040776834e-06
K01006	-713.3238422130644	1.80495482700926e-09	3.1749155407092884e-06
K02621	448.169373308408	1.887864633780366e-09	3.3207538908196635e-06
K13789	-187.60836352067622	1.9131307694334064e-09	3.365197023433362e-06
K03410	-424.80033229301347	1.9701925931545475e-09	3.465568771358849e-06
K15531	-422.81058081436856	1.9742589258225917e-09	3.4727214505219386e-06
K22432	-463.0551010748384	2.0918153396001734e-09	3.679503182356705e-06
K01198	-290.72220983379293	2.205534568036499e-09	3.879535305176202e-06
K01186	-260.20387971149125	2.2555247506259854e-09	3.967468036351108e-06
K06972	42.94531106617751	2.333842320586652e-09	4.105228641911921e-06
K00602	735.1608791680613	2.6693622413367843e-09	4.695408182511403e-06
K02551	-263.6833654202212	2.704094471097857e-09	4.75650217466113e-06
K00248	-453.7802940736136	2.8001005108667135e-09	4.925376798614549e-06
K15986	622.8237757453011	2.808804230155602e-09	4.940686640843704e-06
K01448	-536.9919983384715	2.974625984717943e-09	5.232367107118862e-06
K00681	60.67145337536844	3.0273848591253836e-09	5.32516996720155e-06
K12410	-871.251210582494	3.0838138792167764e-09	5.42442861354231e-06
K04652	138.2900673252539	3.199651508095578e-09	5.628187002740122e-06
K03613	-245.06178996724884	3.402357522521578e-09	5.984746882115456e-06
K02038	489.25562452933207	3.4119807892686094e-09	6.001674208323484e-06
K01633	164.811089453877	3.461106250571268e-09	6.088085894754861e-06
K03558	-231.53929528305156	3.537733702790152e-09	6.222873583207878e-06
K01807	406.7172212323352	3.875532776927317e-09	6.817062154615151e-06
K01159	-384.35347623406653	3.888347543325775e-09	6.839603328710038e-06
K04758	-1287.7816778637743	3.894178125136726e-09	6.8498593221155004e-06
K11071	-461.8104259690309	3.979392966697434e-09	6.999752228420786e-06
K09773	169.65138187602278	4.171613137366312e-09	7.337867508627342e-06
K02338	684.8701814686641	4.2956656200648806e-09	7.556075825694125e-06
K14170	-37.60498608021208	4.473977802580522e-09	7.869726954739137e-06
K01752	400.93942132520567	4.4747818475923604e-09	7.871141269914962e-06
K06385	-340.2949816275651	4.7654375232050405e-09	8.382404603317666e-06
K09022	508.1748467615412	4.78138167718209e-09	8.410450370163296e-06
K01430	381.3196918665153	5.352224143051951e-09	9.414562267628382e-06
K19802	-269.28779729344126	5.528546402359855e-09	9.724713121750985e-06
K00874	106.66614151222034	5.6810105322101316e-09	9.992897526157621e-06
K20074	144.46695019500493	5.80609981331701e-09	1.021292957162462e-05
K09936	175.31581610177287	5.8466718792983e-09	1.028429583568571e-05
K15770	119.18061803247997	5.8651658752698175e-09	1.031682677459961e-05
K01628	249.82158149638843	6.169748959058567e-09	1.085258841898402e-05
K02039	-514.8120553470435	6.2404918172024736e-09	1.0977025106459151e-05
K11755	-432.51537881426634	6.299270064284125e-09	1.1080416043075776e-05
K01834	579.9143870871776	6.456215460185462e-09	1.1356482994466228e-05
K02652	-357.2513556830133	6.504239501942648e-09	1.1440957283917118e-05
K02759	561.4888008281577	7.090666998847184e-09	1.2472483250972198e-05
K01595	434.36067615277426	7.59049160398323e-09	1.3351674731406502e-05
K01425	-466.487440616975	7.759447541916429e-09	1.3648868226230997e-05
K19955	-200.97261881306525	8.237284501085879e-09	1.4489383437410061e-05
K09117	-408.5445238783136	8.336085799006055e-09	1.466317492045165e-05
K00661	-622.6611143903193	8.896614262749522e-09	1.564914448817641e-05
K00096	-396.8568661167567	9.350394725146753e-09	1.644734432153314e-05
K16899	492.5768526005791	9.359072291234739e-09	1.6462608160281906e-05
K03299	86.74069653436439	9.474843207446833e-09	1.6666249201898977e-05
K00974	411.5412965810741	1.0038634988561458e-08	1.7657958944879606e-05
K02750	99.47432843065606	1.0316434230320518e-08	1.814660781113379e-05
K06399	-256.64945967337655	1.060944106531132e-08	1.8662006833882613e-05
K01956	587.0092627878352	1.075026569936078e-08	1.8909717365175612e-05
K01804	-518.4271835969995	1.1490668284168346e-08	2.021208551185212e-05
K00926	349.7891901044224	1.158645746259807e-08	2.0380578676710003e-05
K07056	622.9499487018404	1.1608787675101809e-08	2.0419857520504084e-05
K03526	-595.3943949385321	1.1762788642647336e-08	2.0690745222416664e-05
K02945	489.55176608967497	1.1780193598968756e-08	2.072136054058604e-05
K11754	740.375140746238	1.2315615016186749e-08	2.1663166813472492e-05
K00655	-343.3728680915889	1.2771492207275618e-08	2.2465054792597813e-05
K15633	-732.1148399402905	1.347852587363687e-08	2.3708727011727252e-05
K05985	625.9570296862316	1.4297647651450606e-08	2.5149562218901618e-05
K01823	481.5978420163524	1.4383093810625794e-08	2.529986201289077e-05
K02419	-380.47011876422516	1.4429729594101118e-08	2.5381894356023867e-05
K03149	-387.9447115852105	1.5820945673982292e-08	2.782904344053485e-05
K07473	-1341.6918452746224	1.6419306687143006e-08	2.8881560462684546e-05
K00948	1133.3825089336685	1.6543529131709148e-08	2.910006774267639e-05
K00012	-400.17375931260597	1.6562057917535577e-08	2.913265987694508e-05
K03639	169.30115510793217	1.7444886877403365e-08	3.0685556017352516e-05
K07979	-452.3781399974167	1.7464614715505516e-08	3.0720257284574204e-05
K17103	-201.71455537877017	1.979470461116487e-08	3.4818885411039006e-05
K01653	463.80107978872445	2.037504862121926e-08	3.5839710524724675e-05
K10563	398.63045094786526	2.0970462756645787e-08	3.688704398893994e-05
K05816	152.6643558157271	2.1180274260580653e-08	3.725610242436137e-05
K01879	534.4167095307627	2.28885551775641e-08	4.026096855733525e-05
K01847	-107.72289305203245	2.5924391095150126e-08	4.560100393636907e-05
K02770	-684.2846252748299	2.6621847729558536e-08	4.6827830156293464e-05
K04047	-299.8199951543611	2.685061254485844e-08	4.7230227466405995e-05
K00605	-326.6230295882184	2.7815071625591437e-08	4.892671098941534e-05
K01012	-883.2844866565044	2.8897183484385015e-08	5.0830145749033244e-05
K00615	-1939.2222358650783	2.9160987387976157e-08	5.129417681545006e-05
K03411	-352.2665773406774	2.922379493776218e-08	5.140465529552368e-05
K00674	525.7824859064956	3.005771002979118e-08	5.2871511942402684e-05
K01809	698.4723732637575	3.1241428391446025e-08	5.4953672540553556e-05
K19294	-182.49745209430486	3.143125691021055e-08	5.5287580905060357e-05
K03703	-637.8782028611226	3.174860131878435e-08	5.5845789719741666e-05
K02231	-247.88131080635267	3.1774237375972445e-08	5.589088354433553e-05
K02027	-427.811274043793	3.233449726417047e-08	5.687638068767586e-05
K02769	-679.1946768757814	3.401639483846028e-08	5.983483852085163e-05
K06042	-548.2956933596449	3.4594903653166473e-08	6.0852435525919826e-05
K02071	662.9299766858688	3.54588786634677e-08	6.237216756903969e-05
K02056	486.933994443992	3.608889486690925e-08	6.348036607089337e-05
K00031	-476.4960148233811	3.7279509145412217e-08	6.557465658678008e-05
K00791	-887.6392007633231	3.792178032820373e-08	6.670441159731036e-05
K00123	74.29000546158747	4.2121257480879004e-08	7.409129190886617e-05
K00616	-657.3883086808398	4.292051603453577e-08	7.549718770474842e-05
K03546	127.40435175867495	4.550968921523634e-08	8.005154332960072e-05
K16898	413.0393638689302	4.657351641121813e-08	8.19228153673327e-05
K00335	-213.94850187130652	4.7135201632530786e-08	8.291081967162165e-05
K07085	-986.0805260090556	4.876775085999026e-08	8.578247376272286e-05
K00525	-342.5001217379184	5.155842389230227e-08	9.06912676265597e-05
K03469	-429.7333785058903	5.306395592168233e-08	9.333949846623923e-05
K06391	-153.44632260429864	5.419315414282736e-08	9.532575813723333e-05
K07460	-451.8092903394735	5.4195432666805745e-08	9.53297660609113e-05
K00702	-551.3586274917582	5.665654414123932e-08	9.965886114443996e-05
K07729	-1191.1329433347337	5.764489398005962e-08	0.00010139736851092486
K00286	-463.8629029148191	5.951165941478685e-08	0.00010468100891061007
K07053	-169.66771656572234	6.009136532084705e-08	0.00010570071159936996
K06889	-590.382749195923	6.152579240099128e-08	0.00010822386883334366
K04087	113.3101370878927	6.254319991583833e-08	0.00011001348865195963
K00147	-833.8491990908365	6.264969804626506e-08	0.00011020081886338023
K18581	-261.05063164350156	6.439993069353048e-08	0.00011327947808992011
K01243	166.52564658321245	6.444777297477608e-08	0.00011336363266263112
K02030	507.63351120384334	6.487196022948665e-08	0.00011410977804366701
K03722	127.4399856981255	6.533850837359679e-08	0.00011493043622915675
K11720	87.89871129423095	6.560325028191953e-08	0.00011539611724589644
K00970	-283.0974546249306	6.711721808563014e-08	0.00011805918661262341
K03186	139.20734217807092	7.079046236403758e-08	0.0001245204232983421
K03563	-693.314186116911	7.143975045732046e-08	0.0001256625210544267
K10439	218.44256915715192	7.323202368842978e-08	0.000128815129667948
K02203	-312.72593523515076	7.407170365891177e-08	0.0001302921267360258
K00872	291.549394906286	7.720529011957125e-08	0.00013580410532032581
K06864	165.0890376202064	7.742531589007494e-08	0.0001361911306506418
K01775	528.8923131334743	7.823297364474832e-08	0.0001376118006411123
K00133	516.6917808217689	8.031144029086788e-08	0.0001412678234716366
K03076	781.3072921975265	8.205211066858365e-08	0.00014432966266603864
K18941	381.97397546365795	8.262043255213885e-08	0.00014532934085921222
K14155	173.2071864746784	8.69475444772771e-08	0.00015294073073553042
K11753	386.52092189231314	8.698681075557643e-08	0.00015300980011905894
K04771	345.4430537321334	8.879759293992177e-08	0.0001561949659813224
K01916	506.0567855782493	9.048171541257002e-08	0.00015915733741071067
K03547	-133.11576632669113	9.103632395743988e-08	0.00016013289384113674
K00383	388.20380196766405	9.417525017845154e-08	0.00016565426506389626
K01875	591.0030381578229	9.897254718252446e-08	0.00017409271049406054
K01919	461.73217661354266	1.0235754277710412e-07	0.00018004691774492615
K11991	588.0731506459849	1.0806633332599114e-07	0.00019008868032041842
K14188	425.0529814677802	1.1003550509658194e-07	0.00019355245346488762
K10536	-328.2368705902506	1.1642038700793926e-07	0.00020478346074696515
K01042	152.13845115070546	1.204295180870858e-07	0.00021183552231518395
K07030	506.56656086658177	1.2579297610229046e-07	0.00022126984496392892
K01512	665.1754389639157	1.2663536160176586e-07	0.00022275160105750613
K01703	-651.2053838835095	1.2676014092902167e-07	0.00022297108789414913
K06941	-555.0377402107083	1.2727563207440461e-07	0.0002238778368188777
K14445	-69.44929276237806	1.283591975979296e-07	0.00022578382857475817
K17686	168.95666911044103	1.2916389775022563e-07	0.0002271992961426469
K02768	-644.4947905992198	1.3111758364606408e-07	0.0002306358296334267
K00949	-324.3190537617553	1.3965791782951123e-07	0.00024565827746211025
K07586	475.28609454013974	1.4134685943909232e-07	0.0002486291257533634
K03565	562.7721045282693	1.4590904008616808e-07	0.00025665400151156966
K08384	-287.9899017264924	1.4629481375887117e-07	0.0002573325774018544
K07173	668.9017510973424	1.5740273971734614e-07	0.00027687141916281187
K20444	72.4995612189586	1.5759332791326004e-07	0.0002772066637994244
K06960	-733.5528909057439	1.6139292922441156e-07	0.00028389016250573995
K03631	-508.9946088102796	1.6224453973976285e-07	0.00028538814540224284
K13280	-312.2116711609864	1.6239786876318295e-07	0.0002856578511544388
K01867	680.0090193839369	1.6373289551752876e-07	0.00028800616321533306
K00757	-468.5772141858305	1.6699953500567822e-07	0.000293752182074988
K09121	222.15812020553952	1.6993401839386572e-07	0.0002989139383548098
K03833	79.01492738610321	1.711660286597133e-07	0.0003010810444124357
K00048	-555.6848863365233	1.7665969078483104e-07	0.0003107443960905178
K03718	523.1203287146857	1.8115034101343135e-07	0.00031864344984262573
K01754	380.993599756159	1.8320793464116385e-07	0.0003222627570338072
K00901	86.23989019030336	1.9388678391436143e-07	0.00034104685290536175
K02037	291.0380610615222	2.0820355447754653e-07	0.00036623005232600436
K01439	115.10392276276784	2.0881756565828134e-07	0.0003673100979929169
K01026	74.92208266840515	2.1258978267761384e-07	0.00037394542772992275
K02427	178.84958363750138	2.2443489995205475e-07	0.0003947809890156643
K06411	-197.26604556341863	2.3269707754007037e-07	0.0004093141593929838
K08969	277.96152109117213	2.3299118759736717e-07	0.00040983149898376884
K03327	202.27420036324986	2.332879971260071e-07	0.0004103535869446465
K03571	424.53951585545224	2.3534727584544708e-07	0.0004139758582121414
K04517	146.57935132791064	2.3651248279871802e-07	0.000416025457242945
K00876	492.0392642951306	2.6124664765879184e-07	0.00045953285323181486
K03191	139.16401745210703	2.646759208358581e-07	0.00046556494475027434
K00793	141.77690601042121	2.652222595670619e-07	0.00046652595457846187
K05846	286.1052881659039	2.737715246642146e-07	0.00048156411188435353
K01878	478.0865915202616	2.7379920998944287e-07	0.00048161281037143003
K01952	457.6629340813504	2.9071878490962395e-07	0.0005113743426560285
K00979	-462.35360418068655	2.9166710359517267e-07	0.0005130424352239087
K01079	393.94339977618074	2.930326606415077e-07	0.000515444450068412
K07154	-232.587195486979	2.9383805893407123e-07	0.0005168611456650313
K19157	-1992.3699719991373	3.0033568425228687e-07	0.0005282904685997726
K00927	-646.1733776425394	3.128622221678814e-07	0.0005503246487933034
K02029	814.7985115622722	3.149534603380324e-07	0.000554003136734599
K02601	612.708311867085	3.1665647703761e-07	0.000556998743109156
K16509	1055.6488665954687	3.247820168997588e-07	0.0005712915677266758
K06191	644.9358955234601	3.2566760536466015e-07	0.0005728493178364372
K02115	-859.1698094057497	3.2879744119524905e-07	0.0005783546990624431
K17073	50.1962070295819	3.4906240600296305e-07	0.000614000772159212
K01596	-213.23686581278855	3.5134833473262375e-07	0.0006180217207946852
K02189	-264.0105430357919	3.749282154040464e-07	0.0006594987308957175
K01220	549.9491792053126	3.8091804443754757e-07	0.0006700348401656462
K07502	-108.48921565495024	3.8878339579571847e-07	0.0006838699932046688
K03413	-702.5390666641395	3.909727538065883e-07	0.0006877210739457888
K00929	-304.77690006448626	3.9388629123835225e-07	0.0006928459862882615
K01710	346.41232166349636	4.001545810408133e-07	0.0007038719080507906
K00930	-774.4316162993982	4.0197779250299483e-07	0.0007070789370127679
K03652	61.75910606853045	4.040144392666236e-07	0.0007106613986699909
K03684	76.02406738749443	4.130926497018906e-07	0.0007266299708256255
K06182	-250.7715934456411	4.1535922884103197e-07	0.0007306168835313752
K15738	75.4789447196051	4.2485903039402293e-07	0.0007473270344630864
K01429	164.0221470288629	4.328054307552574e-07	0.0007613047526984978
K07478	511.2756714313467	4.362059612819716e-07	0.000767286285894988
K02794	470.2097725462177	4.3904857813938767e-07	0.0007722864489471829
K00074	96.25570022382283	4.7597971327810084e-07	0.0008372483156561794
K09710	584.223197595466	4.82827216259614e-07	0.0008492930734006611
K05366	434.42319753696535	4.992219907111368e-07	0.0008781314816608898
K02033	444.22051527390227	5.012616005100391e-07	0.0008817191552971588
K01485	66.10620906853096	5.044074620211523e-07	0.0008872527256952069
K07304	367.7007521534266	5.048992499583595e-07	0.0008881177806767544
K01262	501.87213094907764	5.290677326395823e-07	0.0009306301417130252
K03763	482.3881651654163	5.355461182781483e-07	0.0009420256220512628
K01163	-141.8363981592335	5.727523207100335e-07	0.001007471332128949
K09749	-288.0154498715034	5.745777426000692e-07	0.0010106822492335218
K07636	-428.3892424449048	5.832605148212444e-07	0.001025955245570569
K00364	127.28186420382933	5.920052833212388e-07	0.001041337293362059
K03293	163.39038594719335	6.383838925392033e-07	0.0011229172669764585
K01223	1573.795093095634	6.593954885050821e-07	0.0011598766642804395
K01224	-140.53687715971517	6.785440585641768e-07	0.001193558999014387
K06969	-587.8583599297251	6.798624878740235e-07	0.0011958781161704073
K00024	-98.21315879468118	6.812042055117735e-07	0.0011982381974952098
K00566	-821.9097271689093	6.973296059227416e-07	0.0012266027768181025
K01496	326.1280622555117	7.107388872972619e-07	0.0012501897027558837
K00805	142.81128170898853	7.14634622434374e-07	0.0012570423008620639
K05896	493.1532067057659	7.287752414061623e-07	0.0012819156496334395
K10026	-369.04283075666945	7.439140015571797e-07	0.001308544728739079
K06131	564.8027496086639	7.562933439554489e-07	0.0013303199920176347
K01854	-638.5010281822379	7.865360254051229e-07	0.0013835168686876112
K02013	548.5063986054076	8.616746177966105e-07	0.001515685652704238
K02500	-600.7502929941693	8.906305964361156e-07	0.0015666192191311273
K02047	-461.47653197656575	8.959170981050142e-07	0.00157591817556672
K18672	132.05876713631812	8.975621760169336e-07	0.0015788118676137862
K11175	-295.3989962600701	9.131776408274846e-07	0.0016062794702155453
K06967	362.2109562119276	9.280554193956196e-07	0.001632449482716895
K02410	-331.6362249917811	1.023263377288968e-06	0.001799920280651295
K02019	138.99286358484036	1.0250943608825283e-06	0.0018031409807923672
K00347	-107.46888863081813	1.0421416077727545e-06	0.001833127088072275
K06394	-109.8288228918613	1.0928208523874693e-06	0.0019222718793495584
K07088	354.0981301554289	1.0958920733562808e-06	0.001927674157033698
K02793	459.6039201126231	1.1182828055871553e-06	0.0019670594550278064
K00705	-265.31999509188216	1.1439918068672841e-06	0.002012281588279553
K03550	-463.433244186037	1.1661640958466533e-06	0.002051282644594263
K02773	116.60939280883314	1.1980589078685632e-06	0.0021073856189408025
K03798	-1008.967769583568	1.2640663636683797e-06	0.00222349273369268
K03429	-274.47792171082534	1.3829624316235949e-06	0.0024326309172259036
K01711	-217.2389033984294	1.385571528412607e-06	0.0024372203184777758
K04096	114.39207089799606	1.3913291933302912e-06	0.002447348051067982
K04084	127.46093911703176	1.396138487215145e-06	0.00245580759901144
K08483	174.32120190905252	1.415404272009045e-06	0.00248969611446391
K00965	470.7340321727468	1.4174826756816291e-06	0.0024933520265239856
K21011	104.7620474325042	1.4248147831901562e-06	0.002506249203631485
K00763	399.0902640799807	1.5102071124936941e-06	0.002656454310876408
K02897	-311.3336428683964	1.5199677226572578e-06	0.0026736232241541167
K02407	-327.2281476091443	1.6610933193671776e-06	0.0029218631487668654
K06901	369.63438658386076	1.695532067765284e-06	0.0029824409071991347
K02887	-856.8026292284871	1.7167779527537245e-06	0.0030198124188938013
K07099	-126.75654635829414	1.7212812187698231e-06	0.0030277336638161187
K01953	147.08269325720582	1.7614616966615596e-06	0.003098411124427683
K01356	-472.57389614011277	1.836534131731711e-06	0.00323046353771608
K02017	174.7004183129057	1.8617578437526e-06	0.0032748320471608235
K00265	-486.6223224451778	1.8769252992883537e-06	0.003301511601448214
K02226	95.64772656773647	1.8948746279797084e-06	0.0033330844706163073
K02283	113.62059023766624	1.8978856935116176e-06	0.0033383809348869354
K15772	-394.9349391418071	1.931764148068388e-06	0.0033979731364522947
K00867	152.28277768889504	1.9520120372369232e-06	0.003433589173499748
K02160	458.44519446335175	1.9531360645680867e-06	0.0034355663375752648
K00941	117.45558800483236	1.964722534055793e-06	0.00345594693740414
K06382	-284.4024087444312	2.039081183902967e-06	0.003586743802485319
K03610	-380.4169107005536	2.122500653665498e-06	0.003733478649797611
K07308	74.90602306416241	2.156106798064015e-06	0.003792591857794602
K03608	-452.74157550038757	2.257697026908702e-06	0.003971289070332407
K15533	-492.2200267131277	2.2628244853300154e-06	0.003980308269695497
K01760	147.5165169958489	2.2815585253251443e-06	0.004013261446046929
K03647	492.0472248494927	2.3050922428458494e-06	0.004054657255165849
K03609	-326.99238202649724	2.306005826911036e-06	0.004056264249536512
K03575	-212.24251048609926	2.3299873738027183e-06	0.004098447790518982
K01092	291.28136186181393	2.4308360881554684e-06	0.004275840679065469
K07137	-868.7927723151583	2.4554994096750373e-06	0.004319223461618391
K03750	115.93077520368303	2.527346389732386e-06	0.004445602299539267
K00384	-466.8777495940519	2.5307992863771784e-06	0.004451675944737457
K03742	-148.6639808317579	2.606394072978185e-06	0.004584647174368627
K07001	-205.46181401222572	2.905311268243618e-06	0.005110442520840524
K03980	49.8135610192639	2.9075540995038414e-06	0.005114387661027257
K00800	453.21080686777975	2.914598986119721e-06	0.005126779616584589
K12257	-269.6553781684117	2.9485329958938774e-06	0.0051864695397773304
K03387	234.98898907321365	2.961212495242275e-06	0.005208772779131162
K05823	323.0764978039637	3.023526344853083e-06	0.005318382840596573
K02379	141.993504985014	3.0605910687050005e-06	0.005383579689852096
K07171	-611.8725571762045	3.1131896232009775e-06	0.005476100547210519
K03307	-193.32778850018252	3.155875542849444e-06	0.005551185079872172
K00097	-197.40573817347394	3.4158322862524836e-06	0.006008448991518119
K09698	494.4043792481682	3.425614850108141e-06	0.00602565652134022
K01776	462.2936614046621	3.4664944673108383e-06	0.006097563767999765
K01719	-183.77001145662314	3.514722758058299e-06	0.006182397331424548
K00058	169.94563342544876	3.5708829643206244e-06	0.006281183134239979
K01753	-121.47137650160832	3.6250133636567405e-06	0.006376398506672207
K07124	362.6773566455039	3.754586296805927e-06	0.0066043172960816255
K02761	358.61057768097174	3.7933758899000132e-06	0.006672548190334123
K07726	-351.34939602895565	3.796633485650408e-06	0.006678278301259067
K02416	-265.021583690496	3.8062466508629615e-06	0.006695187858867949
K07813	-529.4015919860644	3.810004693585178e-06	0.006701798256016328
K09777	-546.6622616627224	3.834632222784064e-06	0.00674511807987717
K01008	-352.3764432927545	3.8356959208034895e-06	0.006746989124693338
K09825	-278.2370489425298	3.9356653479551855e-06	0.006922835347053171
K03629	-598.8555739942788	3.9861522555599635e-06	0.007011641817529976
K02835	-622.5080005078698	4.118805374641876e-06	0.00724497865399506
K01179	-403.02072585410275	4.163327711393596e-06	0.007323293444341335
K04720	-152.29211409409052	4.22584124024308e-06	0.007433254741587577
K01035	-53.494565227617976	4.302995711870874e-06	0.007568969457180867
K01895	-462.64579023165913	4.444484099793921e-06	0.007817847531537508
K00768	-216.05997155508678	4.517291249197094e-06	0.00794591530733769
K05881	174.44806186632542	4.664889456573262e-06	0.008205540554112368
K04654	-139.93632890251294	4.873023163916571e-06	0.008571647745329248
K07402	-295.56859201953125	4.933079354673048e-06	0.008677286584869891
K02825	434.55023347558466	5.007569011694384e-06	0.008808313891570422
K15460	-227.27486892328167	5.02648673534634e-06	0.008841590167474211
K01611	-156.41878716635085	5.1372922030118615e-06	0.009036496985097864
K01205	-226.2501752161112	5.17506416241331e-06	0.009102937861685012
K09769	-212.47568378382024	5.3894390652207446e-06	0.00948002331572329
K11733	97.11140239920202	5.5353811196918025e-06	0.009736735389537881
K02045	-433.449462914024	5.648387883430594e-06	0.009935514286954415
K02501	-547.3510282661341	5.649615908368989e-06	0.009937674382821051
K02600	472.0699465882195	5.968030693684721e-06	0.010497765990191425
K06518	95.29991924700376	5.971650067219492e-06	0.010504132468239086
K16924	289.12702161597014	6.090948362788789e-06	0.01071397817014548
K07814	46.63953359928139	6.229289134560527e-06	0.010957319587691966
K01491	-538.858326002663	6.324475830738601e-06	0.011124752986269198
K15580	769.6438055180572	6.335664538733142e-06	0.011144433923631597
K19002	344.0607755347334	6.613418068811633e-06	0.011633002383039662
K07238	302.5980564494845	6.750306154338914e-06	0.011873788525482149
K00561	-610.9699784593766	6.7518675512135855e-06	0.011876535022584697
K02426	-348.98124842394526	6.8562454450351765e-06	0.012060135737816875
K00041	-404.3179478477723	6.9329682155221526e-06	0.012195091091103467
K07307	108.7560337341916	7.011930278643494e-06	0.012333985360133906
K00060	-83.47506913305222	7.153828976649349e-06	0.012583585169926205
K01734	-277.17601118281755	7.18701125928542e-06	0.012641952805083054
K01627	187.11973662150316	7.205790992641258e-06	0.012674986356055974
K03559	-253.56023214869523	7.385540072582336e-06	0.012991164987672329
K00145	-571.0200900493751	7.557106231208076e-06	0.013292949860695005
K02109	540.8997011778474	7.5681497322595555e-06	0.013312375379044557
K01770	-531.1597278122351	7.73309713371069e-06	0.013602517858197105
K06403	-291.32616020405055	8.026485762748348e-06	0.014118588456674346
K07095	-313.05210583875004	8.14587618070721e-06	0.014328596201863983
K03100	684.3423589812655	8.358241696769888e-06	0.014702147144618233
K18889	-250.42730847560765	8.591279588629424e-06	0.015112060796399157
K03074	74.90970586019978	8.618292742973865e-06	0.015159576934891028
K03110	323.4251654701986	9.098513226149125e-06	0.01600428476479631
K00053	-520.2175153544865	9.174242742998725e-06	0.01613749298493476
K06183	-239.76189516024854	9.451704914934157e-06	0.016625548945369183
K00788	-353.15820504010264	9.765512830370967e-06	0.01717753706862253
K03189	276.39242973423984	1.0182217958739324e-05	0.017910521389422472
K01785	-168.15996280812374	1.0394245148397956e-05	0.018283477216032004
K03654	-560.0990858913826	1.0663174625739976e-05	0.018756524166676617
K04029	95.84218242711961	1.068424685360644e-05	0.01879359021549373
K01571	64.20679311208623	1.115527072096505e-05	0.019622121198177522
K17716	-163.30776482572458	1.122856874250078e-05	0.01975105241805887
K02536	-372.7773648948011	1.1295963836348444e-05	0.019869600388136913
K03544	-505.86045116934383	1.1479960755792185e-05	0.020193250969438453
K02334	-63.94822471248716	1.1617349700354082e-05	0.02043491812292283
K01069	333.71513899247384	1.1907197964887878e-05	0.02094476122023778
K02003	-1353.6063592012074	1.1941911636463911e-05	0.021005822568540018
K01819	780.1491376833903	1.2175954668609642e-05	0.02141750426208436
K03210	160.73601746035945	1.2176453059950252e-05	0.021418380932452494
K01813	-327.39389987226747	1.243391489765189e-05	0.021871256304969673
K01443	105.72320482581145	1.2732603862478617e-05	0.02239665019409989
K02994	817.8909816616142	1.278708162939868e-05	0.022492476586112278
K18682	-665.5333290053627	1.3144388335211398e-05	0.02312097908163685
K00259	-367.5169984452264	1.3498514790566524e-05	0.023743887516606516
K00013	-548.1130687105942	1.3859589551102233e-05	0.02437901802038883
K03426	74.31567430312745	1.3922975887695218e-05	0.02449051458645589
K18430	-101.04247760581434	1.3926886333231153e-05	0.024497393060153597
K06213	131.20380953886405	1.4160970324976623e-05	0.02490914680163388
K03101	414.1050544499906	1.4229054216923164e-05	0.025028906367567844
K04485	-324.0815178064827	1.4866704760322092e-05	0.02615053367340656
K14260	55.32164139833941	1.5758832386555408e-05	0.027719786167950962
K08602	-278.3921908200088	1.6507027704618926e-05	0.02903586173242469
K07722	129.89054330910645	1.7087733499604165e-05	0.030057323225803727
K07216	-109.57493050519244	1.7617267212266556e-05	0.030988773026376874
K07090	123.92910323005947	1.7990625961682535e-05	0.03164551106659958
K06881	257.2922282005334	1.846410048701627e-05	0.03247835275666162
K01118	95.70868996884711	1.8482559374763642e-05	0.032510821940209246
K00336	36.71954215427109	1.8716871217312667e-05	0.03292297647125298
K00991	-490.1047839366581	1.9277205354734762e-05	0.03390860421897845
K05832	48.48428902942199	1.954474937200348e-05	0.03437921414535412
K09011	-283.8439149274238	1.968496782646522e-05	0.03462585840675232
K03617	-300.5497682388652	1.981584640935051e-05	0.03485607383404755
K00640	-557.552074148153	1.986581209505579e-05	0.034943963475203135
K03500	112.21011064064552	2.045393484360849e-05	0.035978471389907334
K01696	-502.079522445925	2.050159766153082e-05	0.03606231028663271
K03070	-577.5999225593118	2.0922804434894908e-05	0.03680321300098014
K02420	30.594631711262764	2.115947655715184e-05	0.03721951926403008
K05808	387.7034973967508	2.127626912315123e-05	0.03742495738762302
K03657	-376.07583953937933	2.1418695254597967e-05	0.037675484952837825
K05516	112.48243504439522	2.1557740303693327e-05	0.037920065194196564
K03072	-179.1299045230976	2.160249139698205e-05	0.03799878236729142
K02669	-291.4667009668608	2.176231769854125e-05	0.03827991683173406
K01926	-506.10726108830227	2.2178773447434083e-05	0.03901246249403655
K09761	-287.5832990642748	2.242932627892787e-05	0.03945318492463413
K00978	-200.53923254503127	2.2512309794417262e-05	0.03959915292837996
K10040	645.7153197640037	2.253583919202049e-05	0.03964054113876404
K00971	-139.57142853867032	2.2602090987150263e-05	0.03975707804639731
K00175	-256.5957650507705	2.3059766798330365e-05	0.04056212979826311
K03797	-386.88776210924755	2.3071577231670546e-05	0.04058290435050849
K03589	98.30723918765742	2.3211378025540025e-05	0.040828813946924905
K01662	-535.2577756224114	2.3421327484981493e-05	0.041198115046082444
K03769	119.46404600649015	2.4275287653288894e-05	0.042700230982135164
K03394	94.51959630319922	2.4561106352776043e-05	0.04320298607453306
K01255	79.11697100015061	2.46252136110387e-05	0.04331575074181707
K01756	-635.3379916164231	2.573909188518009e-05	0.04527506262603178
K00170	152.69899018671723	2.5947076032405456e-05	0.0456409067410012
K00169	122.88467503223758	2.648441321645522e-05	0.04658608284774473
K06187	-548.2443558847945	2.6512149109694863e-05	0.046634870283953266
K07052	-494.95685387959406	2.6911943729855548e-05	0.04733810902081591
K03621	442.89183966479845	2.7309178295997075e-05	0.04803684462265886
K07012	119.11360669791664	2.735655996106334e-05	0.048120188971510415
K02304	46.29178623862899	2.7419682167553317e-05	0.04823122093272628
K03407	61.543527591412214	2.7791967282655583e-05	0.04888607045019117
K02492	122.55087076435755	2.7837922863573027e-05	0.04896690631702495
K01975	109.48490878453646	2.7886094169498117e-05	0.04905163964414719
K00951	-357.076853036129	2.9146410170682316e-05	0.051268535490230194
K00826	-554.337565624425	2.9159182450413718e-05	0.05129100193027773
K00052	-527.1769731252145	3.0350598819342954e-05	0.053386703323224254
K15051	506.61581226315207	3.152042479703119e-05	0.05544442721797787
K03408	116.25156980449476	3.161001531524584e-05	0.05560201693951743
K03780	-339.2463553084351	3.192399942445281e-05	0.05615431498761249
K21993	-113.33894000534436	3.300082237904949e-05	0.05804844656474806
K04061	-299.6796732451397	3.369170107088318e-05	0.05926370218368351
K00432	194.09332880440783	3.395107879904675e-05	0.059719947607523235
K10672	-70.42165580493005	3.4312420292976474e-05	0.06035554729534562
K01649	-523.4775908533975	3.435470896950186e-05	0.060429933077353774
K02110	-1093.7352773344132	3.508895465568204e-05	0.06172147123934471
K12111	-62.385461219323034	3.554699272210314e-05	0.06252716019817942
K12952	199.5972193391419	3.6805897576131554e-05	0.0647415738364154
K03590	59.076891630977215	3.712581618328239e-05	0.06530431066639372
K01358	-585.1320636664191	3.727977044364229e-05	0.06557511621036678
K00794	-385.9495242521066	3.8005535464653215e-05	0.066851736882325
K15771	107.49804356578379	3.820196989566208e-05	0.0671972650464696
K01704	-674.4843607100688	3.859196162645371e-05	0.06788326050093207
K00088	-554.2520666066889	3.9096920137198185e-05	0.06877148252133161
K00620	256.8152571618047	3.955770015907807e-05	0.06958199457981833
K07023	130.2087337209431	3.9569916688845003e-05	0.06960348345567836
K18640	-153.5140852241695	4.097828212819989e-05	0.07208079826350361
K06956	67.8178378290118	4.154558098127205e-05	0.07307867694605755
K01462	-597.1691421719343	4.3164312024399843e-05	0.07592602485091933
K03465	-295.5647894536701	4.322438769197028e-05	0.07603169795017573
K02422	-223.18309911772138	4.3636374181600086e-05	0.07675638218543455
K02520	-614.6902383554611	4.3890930595164955e-05	0.07720414691689516
K02227	-215.42595800351086	4.462459014779699e-05	0.0784946540699749
K04042	229.40686503654229	4.462785098866746e-05	0.07850038988906606
K07098	191.38909118521616	4.4725693336566216e-05	0.07867249457901998
K06438	-107.03744690482705	4.5198583255440354e-05	0.07950430794631959
K03205	-295.72675245911057	4.5334770131080805e-05	0.07974386066057114
K03316	80.82536313861853	4.557731264505678e-05	0.08017049294265488
K00831	-574.7169369998169	4.583893752823839e-05	0.08063069111217133
K02398	-202.57044674912964	4.722850676473273e-05	0.08307494339916488
K01872	-500.77694035347713	4.900471340455147e-05	0.08619929087860603
K07568	-515.5547204660775	5.0665705801267797e-05	0.08912097650443006
K02650	-178.10169933602234	5.181761690279458e-05	0.09114718813201567
K04076	86.29111077714208	5.2875062264105646e-05	0.09300723452256184
K16202	-128.8692612792359	5.3788455688852565e-05	0.09461389355669166
K15598	-31.005015818602867	5.4243597217526526e-05	0.09541448750562916
K03784	378.9581569382284	5.4525268806921374e-05	0.0959099478313747
K08234	370.8570374495296	5.49713446298999e-05	0.09669459520399393
K01520	-640.9436732911029	5.560076519123672e-05	0.09780174597138538
K02335	353.0750706752866	5.727899887835379e-05	0.10075375902702433
K01738	-728.234015125111	5.9465726183280684e-05	0.10460021235639072
K01814	-510.3322089839917	6.374212530995593e-05	0.11212239842021249
K06209	-411.81381678376704	6.381230402326879e-05	0.1122458427769298
K16213	-184.52814234891358	6.455800504241631e-05	0.11355753086961029
K15582	249.88831457775353	6.544134471776688e-05	0.11511132535855194
K00351	-57.900574232525805	6.546276967523323e-05	0.11514901185873526
K01714	-570.7648637400473	6.569592068537488e-05	0.11555912448557441
K00766	-502.73426466335263	6.670956984556677e-05	0.11734213335835195
K08968	287.8969619287213	6.9246179985696e-05	0.12180403059483927
K06283	-247.03820972530605	7.09298294042862e-05	0.12476556992213943
K01308	-87.02763424129024	7.109381195579517e-05	0.1250540152302437
K07483	355.0411824578093	7.120581603911553e-05	0.12525103041280422
K14623	-294.41708862891824	7.15748283336537e-05	0.12590012303889686
K00244	78.03086929118709	7.243128191127941e-05	0.1274066248819405
K00700	232.34374146743545	7.280461550599151e-05	0.12806331867503906
K12373	-337.44262308395736	7.30980739695002e-05	0.12857951211235086
K03529	-183.3964691304389	7.320340148794374e-05	0.12876478321729304
K03778	-174.96530033258568	7.329495140729621e-05	0.12892581952543405
K03300	-21.534063096196572	7.674081022438403e-05	0.13498708518469152
K09163	-42.71705010256369	7.679193840092763e-05	0.1350770196472317
K02114	-308.7627659172455	7.767779100714323e-05	0.13663523438156494
K03312	46.61340170290518	8.035562123893261e-05	0.14134553775928246
K07462	-257.98490642126046	8.08007350089181e-05	0.14212849288068694
K21417	99.03676174225954	8.28523814914329e-05	0.14573733904343047
K19147	37.668038194642264	8.382556490276654e-05	0.14744916866396635
K07089	347.6523460602873	8.411249821349621e-05	0.14795388435753984
K09762	333.7038545568777	8.531578538740612e-05	0.15007046649644737
K02188	86.68734098440706	8.76269772555372e-05	0.15413585299248994
K01607	-104.15105896011266	9.494189708036229e-05	0.16700279696435727
K19117	-102.62656686719453	9.553518257821753e-05	0.16804638615508463
K00029	-63.71827070956522	9.765976733252256e-05	0.1717835307379072
K00014	-692.3543305880567	9.986212626514714e-05	0.1756574801003938
K00864	-379.0585962933733	9.996708565559317e-05	0.1758421036681884
K06396	-117.49808526104324	0.00010283617734222276	0.18088883594496985
K11749	400.5330454840972	0.000104400965468494	0.18364129825908096
K06282	49.742751817895176	0.00010458385594441293	0.18396300260622236
K02570	71.38301984161615	0.0001047048920141548	0.18417590505289827
K03612	-142.85084767246357	0.0001053314279598642	0.18527798178140112
K00610	-442.0394768063147	0.00010568036057355953	0.1858917542488912
K17076	63.91982834580607	0.00010867331943218541	0.19115636888121412
K01465	364.14660877574806	0.0001087671591461839	0.19132143293813747
K00850	-576.6261728169288	0.0001100171739197809	0.1935202089248946
K02224	-235.90379062892146	0.00011004628299186622	0.1935714117826927
K06206	-276.06872975732506	0.00011038777373716089	0.194172094003666
K07106	-226.91620552779784	0.00011048425788372357	0.19434180961746975
K01990	-1591.836709789016	0.00011993191695464327	0.2109602419232175
K00548	88.68424407099252	0.00012099232161521583	0.21282549372116466
K00077	144.09929088883632	0.00012115043167175591	0.21310360931061864
K02337	256.7937807861165	0.0001222075156969627	0.21496302011095736
K05970	-131.4790037433582	0.00012376376368512457	0.2177004603221341
K10118	329.75819807568104	0.00012632938003868778	0.2222133794880518
K01818	-230.87465370172288	0.0001298441621327109	0.22839588119143847
K04487	267.30332315114606	0.0001311667538126014	0.23072231995636586
K07341	-39.262595754668126	0.0001362737755556687	0.23970557120242122
K03427	455.75537458152724	0.00013775189816180323	0.24230558886661188
K10041	-137.90539389610336	0.00013844968130761196	0.24353298942008944
K00703	-521.4512653904399	0.00014422262867672396	0.25368760384235745
K20492	-332.41742932059117	0.00014739071624858037	0.2592602698812529
K00940	296.4948522379909	0.00014973978696256258	0.2633922852671476
K22015	53.24900092718783	0.00015412204174611218	0.2711006714314113
K00760	616.4396060310551	0.00015535492890770427	0.27326931994865183
K01409	-430.9373377608099	0.00015838368204143893	0.27859689671089105
K09155	-111.34898531356636	0.00016042027250086612	0.2821792593290235
K03340	-321.46139552628154	0.00016218429566999546	0.285282176083522
K09810	-284.0575154919074	0.00016722374709222582	0.29414657113522524
K02041	298.00648511470644	0.00016763302273947847	0.2948664869987426
K05592	311.4302426445164	0.00017089516758403807	0.30060459978032295
K02042	59.64227730894781	0.0001710858437939287	0.3009399992335206
K10194	-152.68818541892824	0.00017483715024876152	0.3075385472875715
K00331	-343.5408981243359	0.00017641466526463774	0.3103133962004978
K06284	-120.2233827926601	0.00017724678909461288	0.3117771020174241
K02822	113.17694362963252	0.00017934199240788782	0.3154625646454747
K22129	-81.25043419296271	0.0001803707744906884	0.31727219232912085
K00857	372.0645417555253	0.0001814717462139058	0.31920880159026027
K04074	-40.4352338394362	0.00018207342063748786	0.3202671469013411
K02000	-101.348651342122	0.00018331670599322738	0.32245408584208696
K00651	-495.7247970534313	0.0001957942851238322	0.34440214753282083
K02662	-207.53029243552731	0.00019621941645238993	0.3451499535397539
K03630	285.8566616437134	0.00019876071555931425	0.34962009866883376
K03168	-424.16093138913266	0.00019908985787859182	0.35019906000844303
K02009	185.72958713055547	0.00020260573977803344	0.35638349626956084
K04651	161.64654508631565	0.00020391259188201058	0.3586822491204566
K03320	-538.6212485140038	0.00020771652562388222	0.3653733685724088
K00226	266.9135103316212	0.00021719875523507374	0.3820526104584947
K01493	142.7975632431178	0.00022061255238153675	0.3880574796391231
K01479	40.76532812011992	0.00022255293891358067	0.3914706195489884
K01915	-557.949100304942	0.00022258260190830925	0.391522796756716
K21140	63.0142408503166	0.00023411399922486755	0.411806524636542
K00526	419.5221570409411	0.00024146716662368773	0.4247407460910667
K02401	-111.19425641303513	0.000242343053852251	0.42628143172610955
K02016	-236.68226892284264	0.00024757663578165844	0.4354873023399372
K00796	127.63581466158769	0.0002488845172209694	0.43778786579168516
K00297	-115.42888885753155	0.0002514558887542119	0.44231090831865877
K19689	284.7301769613557	0.0002601650660700368	0.4576303512171947
K00626	-273.35661298547086	0.00026872471069632197	0.47268676611483035
K21636	331.351868053945	0.0002715968462662349	0.4777388525823072
K00275	-93.88092096791163	0.0002725795112183587	0.479467360233093
K07263	79.68122745419856	0.00027462186680867737	0.4830598637164635
K01839	-284.8307614307604	0.0002780197169330363	0.4890366820852108
K00176	-181.80448865848138	0.0002790035715796625	0.4907672824086263
K01151	-468.30184179446223	0.00029463085495908903	0.5182556738730376
K14742	45.951080164237894	0.0003005915137778797	0.5287404727352903
K03106	-450.28796172954435	0.0003175901097365325	0.5586410030265606
K13747	-94.02230795453939	0.00031786658197839726	0.5591273177000008
K07107	-234.5005492774386	0.0003181345251756758	0.5595986297840138
K03624	560.5623927348247	0.0003352382260417494	0.5896840396074372
K06153	-411.54745686751653	0.00033712791651474967	0.5930080051494446
K00027	126.25697614293864	0.00034208258059800366	0.6017232592718884
K03561	-131.10440556697228	0.00034452822835908867	0.606025153683637
K06330	94.76761128283295	0.0003561495129595269	0.6264669932958078
K01588	-422.0367274789378	0.0003588231254078701	0.6311698775924435
K01844	-60.47570337766842	0.00036771351493187024	0.6468080727651597
K06442	240.48172171655784	0.00037422446126845327	0.6582608273712093
K02237	-251.23997175076357	0.0003812679008625002	0.6706502376171378
K02619	43.59691568255066	0.00038249036176154865	0.6728005463385641
K03310	403.0413285184841	0.0003871465751248948	0.6809908256446899
K07667	-123.57187952182923	0.00039036526004780376	0.6866524924240868
K02970	-1680.5719148691242	0.0003909883751241799	0.6877485518434325
K01874	380.59853040736164	0.0004012783036535506	0.7058485361265955
K03625	439.6254623582271	0.00040224921358953595	0.7075563667039937
K08679	-77.57442979081452	0.0004046823238786314	0.7118362077025127
K06406	-175.43163128789126	0.0004062713495555687	0.7146313038682454
K14048	-101.33202078797481	0.00040866760348483544	0.7188463145298255
K00600	-461.5449631156689	0.00041389192789704696	0.7280359011709056
K00912	-292.78211699750625	0.0004223055783806922	0.7428355123716376
K02567	28.63563966353944	0.0004264343519975433	0.7500980251636787
K09952	186.69367889345833	0.00042904893630831887	0.7546970789663329
K06416	225.1347090592152	0.0004371556581391374	0.7689568026667427
K03442	-101.7823970712648	0.000443178266733026	0.7795505711833927
K10562	43.319756668143356	0.0004638168984846631	0.8158539244345224
K03570	325.0853015610761	0.0004698576111692099	0.8264795380466402
K03823	52.33755919125186	0.0004748575043880125	0.835274350218514
K05349	-223.04497630250546	0.0004781585465909855	0.8410808834535435
K15974	67.5075559918775	0.00048185956580904925	0.8475909762581176
K02867	638.6411141922326	0.0004870995423373457	0.8568080949713911
K03816	-545.1590624391697	0.0004882009587048	0.8587454863617432
K10793	-43.70023136546084	0.0005026524933501079	0.8841657358028397
K07491	465.80784466837815	0.00050830653297175	0.8941111914973082
K02548	70.84000525624293	0.0005087775069534795	0.8949396347311704
K01089	-254.9109944450363	0.0005136120178833449	0.9034435394568036
K01733	78.93020842576638	0.0005196445729393242	0.9140548038002713
K06158	-233.19506472971284	0.0005224216672479104	0.9189397126890744
K03152	-135.23183578379218	0.0005282065030599497	0.9291152388824516
K11752	67.74208037946622	0.000535313262391853	0.9416160285472693
K00919	-417.08196914802784	0.0005381327738623805	0.9465755492239273
K01537	-343.7890433864985	0.0005393037015428765	0.9486352110139198
K03695	-313.95350939880973	0.0005393971162222881	0.9487995274350048
K21471	-192.7786923485764	0.0005574507326875104	0.9805558387973308
K13954	96.86945040882956	0.0005608021197319096	0.986450928608429
K00337	-301.97203333061134	0.0005615602901451058	0.987784550365241
K02412	-127.85612086535639	0.0005627906800619583	0.9899488062289847
K00382	152.4369719165606	0.0005781907762834027	1.0170375754825054
K01585	-293.28140418418	0.0005797280712033122	1.0197416772466261
K01433	-103.06951379275728	0.000584531064473408	1.0281901424087245
K02837	-452.5864759593155	0.0005846422415121612	1.0283857028198915
K00278	50.033602619034966	0.0005895087036878912	1.0369458097870008
K01193	354.5433793013102	0.0005932183623053544	1.0434710992951184
K22605	-653.0381934137703	0.000600963394442979	1.0570946108252
K01709	-145.73550422023806	0.0006126715719471732	1.0776892950550776
K01951	-533.4704538656529	0.0006139010247023794	1.0798519024514854
K06173	414.54987028652704	0.0006254675467250733	1.100197414689404
K17236	-150.62697594731674	0.0006266924244147852	1.1023519745456072
K01736	-385.4663154054458	0.0006399897029391295	1.1257418874699288
K06346	339.3602622944001	0.0006573706123124903	1.1563149070576704
K09767	108.46832956071063	0.0006955215052062224	1.2234223276577452
K09131	76.98938103435493	0.0006990009688150367	1.2295427041456497
K03785	377.0251346487985	0.0007070385725598987	1.2436808491328617
K18979	104.49293529872165	0.0007141806108266099	1.2562436944440067
K00567	-104.01201736423786	0.0007280225756682274	1.280591710600412
K01629	-211.53129330407478	0.000749593733589973	1.3185353773847623
K03169	-234.58853100217618	0.0007648198251778471	1.345318072487833
K01658	-282.1299176513203	0.0007730223527859566	1.3597463185504977
K21672	82.35929602124705	0.0007740873843198468	1.3616197090186106
K03734	118.36222031877475	0.000787693586957161	1.3855530194576462
K06412	-478.02335892692076	0.0007925246137515102	1.3940507955889063
K01091	95.84276363838458	0.0007925493863180716	1.394094370533488
K03743	-123.82868763025826	0.0007966432858388368	1.401295539790514
K08301	59.165467128775916	0.0007986777140243495	1.4048740989688309
K03789	148.2105258782948	0.0008171364198267463	1.4373429624752467
K10119	294.4660364141263	0.0008279502078321046	1.4563644155766722
K03495	-485.00521062080225	0.0008325001440933697	1.4643677534602373
K13626	-75.41460850014275	0.0008454590327608083	1.4871624386262619
K00945	-344.3671515001547	0.0008504868238144859	1.4960063230896807
K00764	366.9799278159319	0.0008884522649298847	1.5627875340116673
K01749	146.64150313537846	0.0008965205977336635	1.576979731413514
K01486	148.20604430926312	0.0008991256409242834	1.5815620023858146
K09779	-171.419170458521	0.0009123443085408426	1.604813638723342
K02871	-516.7179544841861	0.0009584601038087825	1.6859313225996484
K15599	-29.148257086907016	0.0009841208621724344	1.731068596561312
K19159	103.68975891626681	0.00098801725709462	1.7379223552294365
K02342	330.66473209088394	0.001084258550014732	1.9072107894759136
K03628	-201.5933070465503	0.0010959054715603907	1.927697724474727
K07139	184.22041849081026	0.001098698102819215	1.932609962858999
K03284	101.56154310695035	0.0011055271993565003	1.944622343668084
K21600	160.5565248256583	0.0011058479428796598	1.9451865315253216
K04077	-501.6630483961462	0.0011170173760853231	1.9648335645340833
K06926	-195.36588243646898	0.0011215547491669783	1.9728148037847149
K06281	37.90851104809393	0.001166599798344447	2.052049045287882
K02341	-111.2587991423937	0.0011730329510437002	2.0633649608858686
K02919	-916.6621783825826	0.0011978200716815106	2.106965506087777
K21071	-175.94934913192316	0.0012215937054674577	2.148783327917258
K02502	-246.83609927074303	0.0012315929265273938	2.166371957761686
K01613	-314.0140480728701	0.0012535576315603448	2.2050078739146466
K02279	-69.09974248924124	0.0012583232021883234	2.213390512649261
K01226	133.84753340677497	0.0012920900804798767	2.2727864515641034
K04078	-586.2717647203103	0.0013505746979978245	2.375660893778173
K00932	41.028177192117724	0.001350793583784725	2.3760459138773316
K02823	246.50674194403683	0.0013740036008600205	2.4168723339127762
K17836	-39.42560495077917	0.001392088793149822	2.448684187150537
K16345	-62.86846708804846	0.001392262530734243	2.4489897915615333
K20265	-130.42970892963567	0.001415028663635651	2.48903541933511
K03787	-148.6976729006702	0.0014188300171894968	2.495722000236325
K01142	-411.49407123706897	0.0014778947190302299	2.599616810774174
K00330	-372.32562930226834	0.0014915525267763406	2.6236408945995833
K00350	-242.66391110860087	0.0015473713646248892	2.72182623037518
K16787	525.9324106409019	0.0015731391390655589	2.767151745616318
K07114	61.963726604307496	0.001573363672299482	2.767546699574789
K02113	358.6812231043217	0.001607116449023508	2.8269178338323506
K06378	-42.399584186990126	0.0016173641117002836	2.8449434724807987
K22900	49.431271662561855	0.0016421011624556108	2.8884559447594196
K00547	31.5580061749223	0.0016782800963819954	2.95209468953593
K02169	-48.818613869511836	0.0016909201541764564	2.9743285511963866
K01958	29.031361101651576	0.0016974686945093814	2.985847433642002
K02065	-328.6988192144979	0.0017292422955422506	3.0417371978588186
K03390	74.5151300911078	0.00173351619126632	3.049254980437457
K03308	56.720268104135585	0.0017469002995576654	3.0727976269219335
K06393	-99.21052272845313	0.0017552667896031503	3.0875142829119415
K08998	-546.5461738027543	0.0017648703909231042	3.1044070176337404
K06896	115.65740465673676	0.0017790975128361233	3.129432525078741
K01676	-269.8223652451774	0.001783232819856723	3.1367065301279755
K07507	39.48255397763188	0.001803903548918914	3.1730663425483696
K00575	-49.77425828643712	0.0018669823977223536	3.28402203759362
K03424	157.1881746702436	0.0018777118422457792	3.3028951305103256
K09817	337.19486149426933	0.0018973466011119305	3.3374326713558857
K10542	-246.0945114178055	0.0019285547632468911	3.3923278285512817
K05989	-53.49041587349174	0.001938092367336712	3.4091044741452765
K07105	-216.39374717416447	0.001990766291659368	3.501757907028828
K07503	95.2319978390136	0.0020137987855050657	3.5422720637034106
K00858	-327.4280005684768	0.002023562483317117	3.5594464081548085
K00282	-129.03513598156235	0.0020536076532914685	3.612295862139693
K03289	-74.2326773313942	0.0020741183142102713	3.648374114695867
K04083	-265.923369574646	0.0020910887879973298	3.678225178087303
K02014	-112.28201433259113	0.0021026723845146643	3.6986007243612944
K03116	-279.9790861255195	0.002112883269307992	3.716561670712758
K09703	46.20630590643444	0.002129399754415449	3.745614168016775
K10710	-47.37610966038001	0.002224044371422748	3.912094049332614
K03665	-163.1542352377586	0.002309883250134061	4.063084636985813
K07452	53.29704051746222	0.002395785133205434	4.214186049308359
K07862	325.6881608791357	0.002399629951634408	4.220949084924923
K02795	83.03235727668834	0.002429396197434303	4.273307911286939
K01464	29.9747423346857	0.0024368141925200783	4.286356164642818
K03686	-451.3451595937895	0.002440940050085728	4.2936135481007955
K02821	69.0936731018833	0.0024924748993194025	4.384263347902829
K13043	-206.75890839393418	0.002524822496935554	4.44116277210964
K07316	92.80588362059743	0.0025272572490581085	4.445445501093213
K00245	47.45939118975012	0.002547736240537922	4.481468047106205
K01778	-312.9280283100013	0.0025688337441236078	4.518578555913426
K05833	-243.0526895385775	0.0025689422522510927	4.518769421709672
K01995	230.3874932751056	0.0025850774036410367	4.547151153004584
K09775	-23.337659568274365	0.002642292709917602	4.647792876745062
K04028	68.43260030775389	0.0027773935104643496	4.8854351849067905
K10111	101.58882001774629	0.0028558737825794783	5.023481983557303
K07260	-270.893846202899	0.002867840614631415	5.044531641136659
K01265	180.2770563484642	0.002901871150505132	5.104391353738527
K02357	406.9707514058118	0.002979738920286675	5.241360760784262
K00845	-87.51674615934317	0.002996359834477804	5.270596948846457
K01899	-72.09159454975332	0.003022873843541857	5.317235090790127
K07816	-262.42732347213837	0.0030302026799696514	5.330126514066617
K04762	-71.99910926070852	0.0031595317885803396	5.557616416112817
K02556	-81.32176848511475	0.00317692698231272	5.5882145618880745
K04024	36.44243950207896	0.0031989736028614894	5.62699456743336
K01788	177.9720510454447	0.003205211798435959	5.637967553448852
K07129	-32.85034698112361	0.003234131637545825	5.688837550443107
K02112	-590.8465182222053	0.0032673564955350556	5.747280075646163
K08744	48.4308770746548	0.003305104807753026	5.813679356837572
K06333	-86.64888146845712	0.003357982557077832	5.906691317899907
K03324	337.5321807551503	0.0033607500214429668	5.911559287718179
K02025	-181.45195467866597	0.0033697995703297775	5.927477444210078
K10254	304.2102384664595	0.0034611738366926805	6.088204778742425
K16927	-82.40719116339058	0.0035770880111310357	6.292097811579492
K04653	191.4395489539674	0.0036868266184787338	6.485128021904092
K07407	-240.90083621619715	0.0037725962797645813	6.635996856105899
K07126	-287.60455515696435	0.003777180737173067	6.644060916687425
K07458	133.7505121789565	0.0037783960615773568	6.64619867231457
K00981	89.16183215453341	0.003798014166198883	6.6807069183438355
K03605	107.53355754749963	0.0038766459563844007	6.819020237280161
K07058	-161.34969358566255	0.003926332042740601	6.906418063180718
K16850	-30.6993618190954	0.003979723099922706	7.00033293276404
K12573	213.8760698900931	0.004050869768950208	7.125479923583415
K04068	236.06980221943968	0.004065346124665061	7.150943833285843
K07560	-421.800076427719	0.004073274016782547	7.164888995520499
K07025	161.83787072376447	0.004073418603582587	7.165143323701771
K00789	-389.0210469161898	0.0041023440950560194	7.216023263203538
K18471	-109.58082532394465	0.004261646995416683	7.4962370649379455
K02950	512.20684720395	0.0044224389916807955	7.7790701863665195
K00558	-198.50562042721447	0.0044351804439870515	7.8014824009732235
K03177	-144.80501436581739	0.004462701046820597	7.84989114135743
K02968	-598.9147898821457	0.004517881956884769	7.946954362160309
K01838	55.582253667283894	0.004624311550188014	8.134164016780716
K01209	-146.55715838582455	0.004663455703160116	8.203018581858643
K14392	46.578912542700834	0.0046696855166666	8.21397682381655
K16363	-209.0514549251991	0.004683607385928871	8.238465391848884
K01880	-426.3973731777169	0.004739221049240686	8.336289825614367
K11202	179.32112912886018	0.004982154912539493	8.763610491156967
K08600	-289.10619740860045	0.0050602431743735675	8.900967743723106
K10200	-50.91110478163458	0.005176619920430374	9.105674440037028
K01810	-387.21716129363267	0.005186696614876243	9.12339934556731
K10947	110.02070139632823	0.0052180143077288355	9.178487167295021
K08369	-107.70750693651439	0.005353877450831002	9.417470436011731
K09815	71.47997549851584	0.005466536718613907	9.615638088041862
K01657	173.4747840320601	0.005503506355252055	9.680667678888366
K07284	489.49685146653417	0.005508929613389231	9.690207189951657
K01935	-99.5071729610969	0.005649869623878929	9.938120668403036
K02034	-219.4124966112754	0.005696382089333998	10.019936095138503
K00928	268.4478082582932	0.005800071629050007	10.202325995498962
K03217	325.6435447275471	0.0058535324442460105	10.296363569428733
K07775	-125.87046376622499	0.005872994428885939	10.330597200410367
K03536	492.38951664421415	0.005876470194293566	10.336711071762382
K00287	173.87484422631724	0.005945245815906258	10.457687390179109
K18910	-130.785609787	0.005973620421580556	10.507598321560197
K02346	256.91070401456096	0.0061552556761767085	10.82709473439483
K01626	112.64122360164384	0.006331117195300485	11.136435146533552
K02574	23.15789564996504	0.006360119076622167	11.187449455778392
K09811	197.91111808623242	0.0063779344497009146	11.218786697023909
K04759	-95.98980421809887	0.006385029757746258	11.231267343875666
K01972	-269.979087884484	0.006392021111173445	11.243565134554089
K07738	-392.2555196930607	0.006443008751471332	11.333252393838073
K01478	51.94283323918394	0.006619988082951355	11.644559037911433
K00975	-546.4343353324693	0.006623747219952926	11.651171359897196
K01873	-397.92158049775844	0.006838440231956433	12.028816368011364
K03737	-33.47825289572175	0.00687084388755867	12.085814398215701
K20461	-154.94614917721134	0.006914803624181244	12.163139574934808
K03588	57.841443299177314	0.006925760807324766	12.182413260084262
K01706	38.91401042100828	0.007017637654251323	12.344024633828077
K00677	-90.35615178399448	0.007112982658633741	12.51173649653675
K22958	-43.356354213016104	0.007113760309644692	12.513104384665013
K08289	-214.85118554850084	0.007344671161691309	12.919276573415013
K02986	435.78425354042065	0.007374401930567906	12.971572995868947
K03282	-334.4330983361633	0.007449282608022798	13.103288107512101
K04516	41.8474372468464	0.007537541669786828	13.25853579715503
K02654	-60.22001135442284	0.007608837378532634	13.383944948838904
K11069	89.42112739993277	0.00795381594996027	13.990762255980114
K00848	-203.9667096138188	0.008125775291536552	14.293238737812795
K06890	198.71476982814733	0.008195269066771762	14.415478288451528
K00554	270.44214385854366	0.008199136617759584	14.422281310639109
K15923	-151.1596615879895	0.00831746830239179	14.630426743907158
K01876	-483.79683368528003	0.008375769513681899	14.732978574566461
K18014	-61.4940097703432	0.008552480638270679	15.043813442718124
K00891	246.9578509989667	0.008632828039536168	15.18514452154412
K00016	415.19458241495363	0.008664699876238663	15.241207082303807
K00174	-94.71354003816165	0.00869585837954893	15.296014889626568
K02050	91.46741073751829	0.008738800079491866	15.371549339826192
K02819	64.66309252039659	0.00874165610042659	15.37657308065037
K02818	64.66309252039659	0.00874165610042659	15.37657308065037
K02445	-51.96543575747626	0.008840083050821047	15.549706086394222
K11927	-60.74761607179745	0.00891978774658197	15.689906646237686
K06387	-49.15172697357311	0.008958078848347113	15.757260694242571
K02005	-302.8223564427749	0.008962261335738865	15.764617689564663
K07559	-86.29134323140514	0.009005347362640552	15.840406010884731
K03325	-84.82599848433983	0.009037257593759408	15.896536107422799
K06001	-254.40741285481738	0.009411113225713804	16.554148164030583
K10017	47.59127705974163	0.009572184116287873	16.83747186055037
K03215	-182.9564786049234	0.009683256010847194	17.032847323080215
K06390	-35.03898239200723	0.009707188038920015	17.074943760460307
K04070	29.894849517952302	0.00981317095475938	17.26136770942175
K10794	-42.44815974655948	0.010044685574971906	17.668601926375583
K05878	35.70075469388885	0.010333042083374417	18.1758210246556
K09457	-395.22298312645603	0.01037212644447929	18.24457041583907
K10823	-115.9285813272976	0.01044238941045479	18.368162972989975
K00980	112.16748864566881	0.010523438415701738	18.51072817321936
K01489	-227.7686428628341	0.010634558869902921	18.70618905215924
K02573	35.24265043497637	0.010640701901219221	18.71699464424461
K00179	-96.80585443242157	0.01064228951518669	18.719787257213387
K14415	65.99602568072122	0.010867976490961785	19.11677064760178
K03502	37.59739774836822	0.010909192646282956	19.18926986481172
K00854	35.103013662634986	0.011025240391555764	19.393397848746588
K02111	-500.4460600266302	0.011067703233045489	19.468089986927016
K03648	-321.1138696489852	0.01113560991264826	19.58753783634829
K17074	25.004162932089486	0.011262381916548355	19.810529791208555
K05813	19.67600948418838	0.01142755050477728	20.101061337903236
K03117	62.05478235450143	0.011526520024960253	20.275148723905083
K11717	-250.87980541169634	0.011529966520087897	20.28121110883461
K06133	39.642576872736385	0.01153348030411827	20.287391854944037
K02503	111.25108521492427	0.011705444923655951	20.58987762071082
K00343	-173.70543107960862	0.011888277035024363	20.911479304607855
K06940	167.40015132334204	0.011898404673634181	20.929293820922524
K02418	-51.71235481177973	0.01196796524713561	21.051650869711537
K07584	-65.8170597157762	0.011976461214245735	21.066595275858248
K00878	-237.39795215781487	0.011983468339117422	21.078920808507547
K05934	-47.7023740417066	0.012110778312985819	21.302859052542054
K12510	-189.59410284507095	0.012134397331585126	21.344404906258237
K00895	-163.776346335784	0.01226346755056798	21.571439421449078
K06334	-80.91139432956459	0.012287178443263947	21.613146881701283
K08309	-64.93246835131838	0.012341547230114226	21.708781577770925
K12960	65.8742747345289	0.012394761540933236	21.802385550501562
K01187	-78.10035528395741	0.012403369270410237	21.817526546651607
K00821	168.2700904777967	0.012436316501038316	21.875480725326398
K07451	-34.14186333856206	0.012487421445896828	21.965374323332522
K12139	28.33917569412862	0.012541558551564084	22.060601492201222
K02314	-100.89064690617042	0.012772876362366795	22.46748952140319
K00942	-284.0457631372442	0.012915493254617855	22.718352634872808
K01740	-257.7303813812648	0.012986744111065296	22.843682891363855
K07150	52.199210089247856	0.013114415128986022	23.068256211886414
K06726	74.9545944571438	0.013227115318069863	23.26649584448489
K00243	41.40616561458708	0.01332719642478818	23.442538511202407
K02860	-289.96598634987436	0.013347998621178948	23.47912957465377
K00806	319.261857021153	0.013611289845206211	23.942258837717723
K02385	53.27162719068401	0.01362532405289605	23.966945009044153
K19302	-215.20369029961591	0.013632119374699866	23.978897980097067
K00969	252.8990026982516	0.013663224995755351	24.03361276753366
K09903	265.0900094831136	0.013726303229750937	24.1445673811319
K18011	-57.13340331660737	0.013814707883602144	24.30007116725617
K03183	-232.2387410553397	0.014004541858144292	24.63398912847581
K16785	438.7903161138711	0.014126286151064447	24.848137339722363
K03616	-74.6785439312718	0.014233008457900948	25.03586187744777
K00645	254.83820954298915	0.014329480453214779	25.205556117204797
K03453	24.125955322646618	0.014344246869054294	25.2315302426665
K06223	-144.88644310467126	0.014423873088818265	25.37159276323133
K07391	-218.30104993271232	0.014482942573474877	25.47549598674231
K10716	89.88354461670882	0.014490369949799803	25.488560741697853
K02006	102.03728530852665	0.01455394992584802	25.600397919566667
K01191	-72.34645390840771	0.01462903464232691	25.732471935853034
K05364	37.92576080189107	0.01519378447749942	26.72586689592148
K18829	-124.6578142896528	0.015275815545168377	26.870159543951175
K06987	54.05502594960858	0.015288041551095812	26.891665088377533
K01759	-121.5444265352084	0.015535014259110294	27.326090081775007
K03439	290.7041133893724	0.015579276602120776	27.403947543130446
K05787	218.172474309196	0.015582138301328303	27.408981272036485
K07045	-38.114219147229875	0.015967596562298278	28.08700235308267
K03767	138.28393253263903	0.016024868360524126	28.187743446161935
K03711	85.88098729208207	0.016241768994836814	28.569271661917956
K00759	296.5316782412617	0.016377933355208308	28.808784771811414
K01858	-185.89842553407925	0.016440216706816575	28.918341187290356
K05601	-166.4683076481017	0.01652713853289137	29.07123667935592
K01258	-265.2846819508675	0.016668900105014418	29.320595284720362
K07271	83.40415913292492	0.01675579489865653	29.473443226736833
K01338	-218.12651580140857	0.016791787285171746	29.5367538346171
K03701	-302.59322272768713	0.016850103861746953	29.63933269281289
K10008	-99.56175519064442	0.01686426952230929	29.664250089742044
K02963	590.9655190929288	0.017114019680645763	30.103560618255898
K02413	57.099413566246895	0.01715051471299038	30.16775538015008
K03762	31.590353641111108	0.017221058546214214	30.291841982790803
K21498	87.40051715616005	0.017304280985060337	30.438230252721134
K01625	-133.64137316061286	0.0175206488045912	30.81882124727592
K15342	211.13589526542967	0.017540665751035172	30.854031056070866
K00560	241.67718014790057	0.01783221229553677	31.366861427849177
K07566	99.4758341998782	0.017906519001634636	31.497566923875326
K04567	-419.45364222935314	0.01843878721826292	32.43382671692448
K02810	192.72465046599666	0.018608851119351823	32.732969118939856
K02809	192.605098421065	0.01868144381242489	32.86065966605538
K13004	58.393130394000494	0.018963822065087607	33.3573630124891
K02032	-309.0209478228371	0.01935913245712384	34.05271399208083
K16264	55.0619352281973	0.019449573188535744	34.21179923863437
K17318	-118.29948236347462	0.019782904280230818	34.79812862892601
K01843	-43.607318066907524	0.02015525903162007	35.4531006366197
K10440	-164.2244735731109	0.020430480113432407	35.9372145195276
K01693	-313.5465868993199	0.020483135888888105	36.02983602855418
K01928	-197.11173224076936	0.02052173100548689	36.09772483865144
K04477	56.48192051486073	0.020809105790724727	36.60321708588479
K02406	-105.05096164267721	0.02102745493660826	36.98729323349393
K03733	59.06888614237323	0.02113724161181916	37.1804079951899
K03758	41.859626384245374	0.02127806346294533	37.42811363132084
K03270	-106.82149928869214	0.021413524898590854	37.666390296621316
K22278	28.636379998882774	0.02159782923351051	37.99058162174499
K13012	-42.05248827589141	0.022516795281728237	39.60704290055997
K07007	13.651124068397458	0.02266209124658606	39.86261850274488
K03521	73.70882597244892	0.022838937563560847	40.17369117430353
K00604	-279.26804840860405	0.02301198107188574	40.47807470544702
K02647	50.017658046659136	0.023420107266336913	41.19596868148663
K09760	26.509223275610204	0.02342900740888561	41.21162403222979
K00571	78.2630470863781	0.02377522802583209	41.82062609743864
K15832	64.90068616786505	0.02389310960219782	42.02797979026596
K01494	86.5397353913043	0.02394353311873051	42.11667475584697
K22933	-37.900386236720934	0.023948189356522237	42.12486507812262
K03451	22.13174731921238	0.023951940314693106	42.13146301354517
K02400	51.59066348797434	0.023960783488595875	42.14701815644015
K02781	71.329700153001	0.024765496585269955	43.56250849348985
K01222	50.96261442774346	0.02485761415252644	43.72454329429401
K01687	-343.8389530843406	0.0248600509883409	43.72882968849164
K02990	363.49095023050995	0.0249830283676168	43.94514689863795
K02040	278.57292711554146	0.02539197698124992	44.66448751001861
K09787	237.77600374590656	0.025814502555898837	45.40770999582605
K09772	-243.18976762022726	0.025839132108968835	45.45103337967618
K01929	29.676316413911415	0.02590297217382338	45.56332805375532
K19221	-67.50383445661654	0.02601678200788216	45.76351955186472
K01897	-85.58035664410457	0.026067221863683158	45.85224325821867
K02933	383.35022280735484	0.026098315031814274	45.90693614096131
K19956	48.46858166434632	0.026275048885417564	46.2178109894495
K02851	56.13079997354592	0.026654523656417926	46.88530711163913
K04769	-80.50883895023946	0.02702053228171217	47.52911628353171
K06317	55.212005407571795	0.027098025204057463	47.66542633393708
K02564	-436.1364382479069	0.027207165527522618	47.85740416291228
K01154	-118.93732471463306	0.027245375239684906	47.92461504660575
K13788	33.700238774545824	0.027498884138383715	48.37053719941696
K07404	42.27549504786049	0.027608428147830436	48.563225112033734
K02874	-370.56526802990766	0.027819724670296513	48.934895695051566
K04027	46.846139322175034	0.028517517532025444	50.16231333883275
K09955	-132.8121723991119	0.028587039995415037	50.28460335193505
K01624	297.60274306719475	0.02875373425789851	50.57781855964348
K01914	-244.49587099667997	0.02895294636998206	50.92823266479844
K11928	41.89986030317061	0.029271837034198826	51.489161343155736
K00968	52.78412624469467	0.02937378292619157	51.668484167170966
K01893	190.8628978760703	0.029525398350340907	51.93517569824966
K01424	-110.45193274453726	0.02953360746226472	51.949615526123644
K00954	-305.995139828789	0.02980054348276891	52.41915598619051
K01580	53.618687110513164	0.02988678070629108	52.57084726236601
K00528	57.995093109246824	0.0300982582139897	52.94283619840788
K00395	34.36653370077937	0.0307467428798063	54.083520725579284
K02221	61.443781467530755	0.030960574644956985	54.45965080047934
K18707	45.2742679984664	0.031452955945364375	55.325749507895935
K03637	129.09764033147326	0.03145944907674742	55.33717092599871
K10548	35.87112035657344	0.031849597429857386	56.02344187911914
K08316	31.475148249862812	0.032497106316779385	57.16241001121494
K02687	-241.1234759785716	0.03306118146600512	58.154618198703005
K02529	333.78300718988226	0.03326755954670943	58.517637242661884
K02935	-407.57787839907724	0.03380421076207956	59.46160673049795
K01845	-178.119456358795	0.03391008222818797	59.64783463938264
K09013	233.0564970028181	0.03433875274936643	60.40186608613555
K08681	-178.94487694709005	0.034752598884721084	61.12982143822438
K01737	54.26976670424159	0.034830665237108545	61.26714015207393
K08303	-211.72470957522887	0.03508740329505406	61.718742396000096
K05303	-22.800731500404638	0.0359475484342069	63.231737695769944
K00609	232.63735722171054	0.03628253196835983	63.82097373234494
K01679	-66.57088778216914	0.03666075140892754	64.48626172830355
K07217	25.960733406556848	0.0376005630632746	66.13939042830002
K21929	-141.01080440600015	0.03786128307916076	66.59799693624377
K06902	95.82484598081697	0.03814171664332935	67.09127957561633
K00633	40.194883957193184	0.03832325353936935	67.41060297575069
K03976	-79.61197868561356	0.03843117359534102	67.60043435420485
K06898	70.1889066875024	0.03853688667822531	67.78638366699832
K04043	-374.2066985911224	0.03910153407965513	68.77959844611337
K02575	27.783859248686337	0.03910576312293503	68.78703733324272
K15581	-165.28733644064414	0.03963376039233223	69.7157845301124
K05845	138.91761464090928	0.04061661440706409	71.44462474202574
K19158	-221.04824958985864	0.04062920062429417	71.46676389813345
K15583	269.1754963613316	0.04088133135002144	71.91026184468771
K03741	-100.06887215863605	0.041414186754930166	72.84755450192216
K02007	84.96973916374057	0.04198239391554466	73.84703089744306
K03977	-272.4720523201481	0.042162858759842554	74.16446855856306
K01961	165.69546370820603	0.04233526895258327	74.46773808759397
K07027	65.53668155702121	0.04321990622637922	76.02381505220106
K04486	-59.257218619669175	0.04337555096958276	76.29759415549607
K09768	-222.74765769392036	0.043573770847687106	76.64626292108161
K04761	70.3318439304792	0.04363647581618746	76.75656096067374
K13929	-32.07916435300966	0.043702493192495216	76.87268552559908
K03273	-84.05360444811768	0.043751690930042025	76.95922434594392
K03979	-233.73440268718377	0.04399618810707971	77.38929488035322
K01207	51.268504809538655	0.04472193184784462	78.66587812035868
K00939	-335.00167996227674	0.0448082698047291	78.81774658651848
K10974	32.16174114560642	0.045099071298138775	79.32926641342611
K02446	53.94314531770445	0.045157370771205935	79.43181518655123
K02431	-50.10829941130328	0.0456876457956449	80.36456895453938
K12142	29.071203390464717	0.046289626665044194	81.42345330381274
K02907	-647.7631664473229	0.04629188543268199	81.42742647608762
K03660	-69.23887001294491	0.04647470599222026	81.74900784031544
K03531	-218.71916186360818	0.04668861714865599	82.12527756448588
K10112	-331.83661426735307	0.047599138483965096	83.7268845932946
K07496	597.6806559992865	0.04762463539848815	83.77173366594066
K03555	-193.7771578557738	0.04880171838882695	85.8422226459466
K08978	22.78723416388641	0.0488353468175752	85.90137505211477
K13288	66.27024623199574	0.0494522389427653	86.98648830032415
K02798	36.648384187822764	0.04957326593614599	87.1993747816808
K02049	54.4625882806248	0.04962653473980808	87.29307460732242
K02904	-748.1252835646719	0.04996921589231352	87.89585075457948
K08591	-193.7640756140653	0.050506069010930056	88.84017539022597
K00765	-215.03115520677784	0.050560014816526465	88.93506606227005
K02895	-261.0914070862914	0.050774816651777466	89.31290249047656
K02051	-43.89144611248622	0.05239220519665102	92.15788894090915
K02931	-644.0065821400567	0.052738561037603854	92.76712886514518
K18234	-61.90335337798305	0.05293154868739704	93.10659414113138
K16511	-272.1692606380358	0.052998262168873926	93.22394315504924
K00057	-239.63232820281678	0.05369393886918712	94.44763847090015
K04095	-51.67054886223363	0.054005447295097056	94.99558179207573
K07005	-52.90888715612539	0.054206695113842907	95.34957670524967
K10190	-124.13548325620275	0.05428856059505465	95.49357808670113
K07258	98.72755786601448	0.05446299194812953	95.80040283675984
K16960	-90.68843436705814	0.05458253071975977	96.01067153605743
K02124	-111.39211293367703	0.05544600688391233	97.52952610880179
K03768	200.75810039061025	0.05585153318789879	98.24284687751397
K00625	196.7949496424801	0.056560791858524084	99.49043287914387
K03416	-34.6514052460432	0.057717714519022086	101.52545983895985
K01808	-127.13653222386927	0.058474781052751945	102.85713987179066
K02315	-71.81871669933636	0.058975441384934796	103.73780139610031
K01755	-283.11128681462515	0.05916381491595399	104.06915043716306
K00955	24.275946924007222	0.05974423666021395	105.09011228531634
K00262	-117.59614771892552	0.06013692286205757	105.78084731435926
K00208	39.195922460890024	0.0601430469805115	105.79161963871972
K00836	-27.235756492145192	0.06022426339641722	105.93447931429789
K13653	-15.920709782374352	0.06051578393860594	106.44726394800784
K00065	-34.877696012659364	0.061206053535405903	107.66144816877899
K07141	37.18866431971244	0.061533004752535536	108.23655535971001
K02035	108.40546625551133	0.06357539329966062	111.82911681410303
K00783	299.4307939908317	0.06379853771194514	112.22162783531151
K10010	150.71066074114174	0.06380048512044656	112.22505332686549
K00036	-73.06175012911564	0.06394886743764738	112.48605782282175
K02392	66.5467454515584	0.06442490921066979	113.32341530156816
K11065	-137.2507053637989	0.06471019135461045	113.82522659275979
K03856	121.59781605087255	0.06482351789570548	114.02456797854593
K03431	-266.6142159351125	0.06490763968397112	114.1725382041052
K01790	222.64934881830345	0.06517232925854455	114.63812716577986
K09765	96.31320798796219	0.06557304428547421	115.34298489814914
K03534	-91.581866899278	0.06629047057011786	116.60493773283731
K01698	-123.20507863341072	0.0679886021942871	119.591951259751
K02118	-229.64539366204508	0.06926776794937148	121.84200382294443
K01992	-433.24894098411914	0.06941448309335325	122.10007576120837
K02879	268.2563519369369	0.06952251786543459	122.29010892529945
K03338	-68.63222681126535	0.0701680382153817	123.4255792208564
K01939	219.2621838309376	0.07026526437981284	123.59660004409079
K00549	117.3564355870501	0.07158604290456903	125.91984946913693
K02120	137.09853739927178	0.07163475744136294	126.00553833935741
K01962	-236.15670610590814	0.07167532961652964	126.07690479547564
K06012	-95.68191725937623	0.07183333792732392	126.35484141416278
K07301	-158.15162651851767	0.07334312198642204	129.01055157411636
K03311	33.08977652645733	0.07345733527987726	129.2114527573041
K03218	76.79305092968366	0.07477692634095315	131.5326134337366
K03820	-46.29915592334034	0.07573027555223918	133.20955469638872
K08223	-47.30388121261633	0.07573619532652574	133.21996757935878
K08963	-64.29460263742968	0.0764199070755576	134.4226165459058
K00767	-81.2974895371978	0.07677906321437124	135.054372194079
K06024	195.25350109521355	0.07712855850272962	135.6691344063014
K03271	-46.720129102354775	0.078310868148208	137.74881707269785
K01206	-52.37507286054071	0.07972216058108317	140.23128046212528
K02988	-298.0670250171843	0.07989413891515068	140.53379035175004
K03151	172.57738067032324	0.0813948846568182	143.1736021113432
K03086	214.66331349063057	0.08227064680804573	144.71406773535244
K01419	71.32064735778047	0.08311710029719793	146.20297942277116
K06217	-103.55308812588885	0.08373540615164453	147.29057942074272
K00690	-165.39994105100567	0.08393028287056932	147.63336756933143
K06871	-164.14582730378334	0.08423484190224537	148.16908690604959
K01887	218.17850632492855	0.08499981915987598	149.51468190222184
K10441	-134.74212459883643	0.08585144597726492	151.01269347400898
K21903	-71.10871136531372	0.08705485983540556	153.1294984504784
K00010	-82.54120705412672	0.08749992617647391	153.91237014441762
K20534	-63.23558535365203	0.08805608313263945	154.8906502303128
K02946	370.636269096718	0.08890207256708192	156.3787456454971
K02783	55.70278901638113	0.08957818723913179	157.56803135363282
K09951	-283.0946345706584	0.09095236355588263	159.98520749479755
K06897	-14.519871191006004	0.0912471196622184	160.50368348584217
K01495	-157.0629983755307	0.09140418860654011	160.77996775890404
K10004	32.16335026905342	0.092177955931635	162.14102448374595
K07277	-106.24840235245847	0.09231383927317487	162.3800432815146
K00030	43.590101830098945	0.09235035821808073	162.444280105604
K05815	41.99379833961118	0.09334869965524914	164.20036269358323
K01246	161.99169104094574	0.0952937121066663	167.62163959562602
K03335	-63.409258026997605	0.09531338367592367	167.65624188594973
K01911	19.064697329798648	0.09542673535005132	167.85562748074028
K01870	-233.29238733611692	0.0960222145193259	168.90307533949425
K02598	22.51169108813719	0.09721885019697153	171.00795749647293
K06180	168.57416345052206	0.09755737520650858	171.60342298824858
K03313	-65.41078120350141	0.09773430638515435	171.9146449314865
K01119	-44.71277473424726	0.09841597145005973	173.11369378065507
K09988	-19.64146945500371	0.09943109123405078	174.89928948069533
K00812	-28.999954182453678	0.09991473044367348	175.75001085042166
K00931	168.41721476818998	0.10013896388441652	176.14443747268868
K02909	-449.694746969858	0.10133410904484041	178.2466978098743
K06909	-23.43285724744645	0.10142547007480032	178.40740186157376
K07497	-265.5200323453689	0.10154186432267559	178.61213934358636
K02472	-20.288518056875077	0.10168487906312444	178.86370227203588
K05810	55.06655352317466	0.10206777309134575	179.53721286767717
K03551	-210.9064709725435	0.10224659544074867	179.8517613802769
K02892	416.8510520184768	0.10508290220489296	184.84082497840672
K03811	110.27341717438907	0.10544591582817203	185.4793659417546
K09972	45.48806730361207	0.1067474813784142	187.76881974463058
K12452	-15.389429607026742	0.1082390810732224	190.39254360779822
K03685	-210.4897263005539	0.10851223823106924	190.8730270484508
K02278	-14.851667666525337	0.11054882030355118	194.4553749139465
K10670	-48.78891141341296	0.11198612058635164	196.98358611139253
K00042	-38.62750203295357	0.11209795594291544	197.18030450358825
K01652	147.89205667844635	0.11462386394032288	201.62337667102796
K07448	-62.20339019079995	0.1147026576551437	201.76197481539776
K03111	302.0449043143167	0.1148294669198773	201.9850323120642
K02916	-495.1010080883434	0.11543412352611072	203.04862328242876
K03581	-70.25779695606832	0.11604656763740728	204.12591247419942
K05946	-43.59603259823868	0.1162116991277571	204.41637876572474
K00375	-24.984099301972904	0.11771221454976623	207.0557853930388
K00128	-32.801709580265964	0.11796420471786945	207.49903609873235
K03530	-323.97196990339353	0.11895797266419328	209.24707391631597
K03315	32.07637860819287	0.12048903061294258	211.940204848166
K03839	29.821229677928116	0.12079848268685046	212.48453104616996
K01906	-17.571742315708473	0.12180669359742084	214.25797403786325
K01666	-53.052011758013336	0.12390677824856763	217.95202293923046
K15555	-31.34397638628323	0.12441514790225401	218.8462451600648
K02004	-216.0713887987315	0.12525502503872524	220.3235890431177
K03978	566.1424281430918	0.12529488042493592	220.39369466746228
K03292	78.13715408860725	0.12572432137072415	221.14908129110378
K06215	-122.38725003511968	0.1258986978574495	221.45580953125366
K01937	-207.47064603854687	0.12593767819761895	221.52437594961174
K03773	-45.791792235835544	0.12616426079113585	221.92293473160797
K03216	200.6331025254358	0.1286877317332621	226.36172011880802
K05350	-42.65903843085397	0.12953185735706252	227.84653709107297
K02952	346.5288062893396	0.12982083793134191	228.35485392123041
K06395	-22.09140025972158	0.13086862412204495	230.19790983067705
K02340	-50.225341390213	0.13259873540012854	233.2411755688261
K01921	160.02698970805227	0.132776629090814	233.55409057074183
K01902	35.07623197411766	0.13312037967589588	234.15874784990086
K03522	16.752422063104618	0.13608751090178717	239.37793167624363
K01689	149.44230658886454	0.1369278843051005	240.8561484926718
K00127	25.355785985458255	0.13769137792122477	242.19913376343436
K03584	185.1945744675188	0.13773192551648641	242.2704569834996
K13038	-117.28500047013881	0.13903636439584477	244.56496497229094
K01259	78.75424539188691	0.13905193236657853	244.59234903281165
K02535	20.965279859029025	0.13941956330004673	245.2390118447822
K22927	-49.17296317126787	0.14086783275392736	247.78651781415823
K06921	55.43630860508324	0.1409628992288716	247.95373974358512
K03075	-135.20186103957803	0.14190069282702555	249.60331868273795
K02526	23.118132130157043	0.14355967660104002	252.5214711412294
K07493	47.1814098385929	0.14490037335042405	254.8797567233959
K07079	54.941955353655885	0.14824010936835366	260.7543523789341
K07160	58.49587638464919	0.1484749448016492	261.1674279061009
K06398	-80.15739124038663	0.14977049312920987	263.44629741428014
K02948	262.7328272981067	0.14994541719096016	263.7539888388989
K03969	-34.67706771233475	0.15056710988839694	264.84754629369024
K02557	93.10393154724682	0.15562923114112853	273.7518175772451
K02469	-260.9847108298909	0.15601161834448463	274.42443666794844
K01997	34.090197451791624	0.15625734578068595	274.8566712282266
K17203	6.59198164632674	0.15817982779425274	278.23831709009056
K07464	74.94573971706461	0.15865019601493804	279.06569479027604
K00104	16.349788135890904	0.16005585884764864	281.53825571301394
K00283	-47.062937198658304	0.16027719930411527	281.9275935759388
K10709	-21.40715575068738	0.16050157230969508	282.32226569275366
K09816	37.54168003835565	0.16224824565926238	285.3946641146425
K03569	-170.02081003987587	0.1651414111369982	290.48374218997986
K00761	-209.37661074738799	0.1661687697803825	292.2908660436928
K00973	158.0261291284305	0.16783364205975632	295.21937638311135
K00989	39.699177390792244	0.16789130158983898	295.3207994965268
K02961	-378.0615434995725	0.16883056159869603	296.97295785210633
K00134	-200.2143833455516	0.16891733008618898	297.12558362160644
K07240	-59.17762790107976	0.16951438407728847	298.1758015919504
K02012	26.852351846990075	0.17254826485777083	303.5123978848189
K03688	-87.66120627001277	0.1732976846237584	304.83062725319104
K02878	253.7008374746365	0.17581472228342235	309.2580964965399
K01507	82.84540871590497	0.1765080842270325	310.4777201553502
K06207	-206.33526991892677	0.176533899685711	310.52312954716564
K14540	26.388383212993915	0.1774520204979051	312.13810405581506
K03517	80.1359505254319	0.17790930255559323	312.9424631952885
K04564	119.1587108546758	0.17807649941131584	313.2365624645046
K21394	25.474225980381725	0.18024993656743657	317.05963842212094
K03498	-145.6619501905734	0.18026778977261476	317.09104221002934
K01924	-169.7338214131994	0.18150649845912326	319.2699307895978
K02653	-20.549093884329523	0.18169679764800428	319.60466706283955
K03336	8.997658219525963	0.18220425190769926	320.497279105643
K00790	214.86153798916848	0.18572711691996716	326.6939986622222
K17723	49.21305701795137	0.18597865451398038	327.1364532900915
K01684	25.240524998464892	0.18630588126072867	327.7120451376217
K21030	51.17941468759392	0.18703454910285558	328.99377187192295
K01923	-194.65776927332354	0.187895393683768	330.50799748974794
K00005	25.21472444957827	0.18894143999251095	332.34799294682676
K00075	-154.5354236214373	0.1897201734668135	333.71778512812494
K03524	45.90009731077333	0.1899309913594164	334.08861380121346
K02433	-167.42503498842962	0.19071703744218813	335.4712688608089
K03595	140.43443866034045	0.1933446188433055	340.09318454537436
K03614	-32.467375835111085	0.1942117201604981	341.61841576231615
K01619	171.2550284415811	0.19518680631933752	343.33359231571467
K00887	136.45821221007066	0.1955019000204227	343.8878421359235
K03305	-61.482129015826985	0.19790613108746138	348.1168845828446
K02805	33.20473877126858	0.19807877827971987	348.42057099402723
K03826	-66.15311125698659	0.20329204967042974	357.5907153702859
K03501	-201.41962669115992	0.20519740965195038	360.94224357778074
K16329	-41.01925307831212	0.20935358166636456	368.2529501511353
K02756	38.86930293564302	0.2107911441181647	370.78162250385174
K02757	38.86930293564302	0.2107911441181647	370.78162250385174
K03667	-46.88138933868527	0.2110748018268835	371.2805764134881
K19271	28.112154771004256	0.2116608856959152	372.3114979391149
K02755	38.75658822869937	0.21232252003537244	373.4753127422201
K01708	15.5832760859263	0.21458076265136494	377.44756150375093
K02026	111.12226275773435	0.21566547215883317	379.3555655273875
K01195	-22.481673707022345	0.21581158468060221	379.6125774531793
K19171	26.776354165181885	0.21593665135488846	379.8325697332488
K01739	44.66240727072716	0.21684142392976177	381.42406469245094
K03602	193.36383383353336	0.21765691529500025	382.85851400390544
K06016	47.73080390771318	0.2177730630782059	383.0628179545642
K01673	37.583350801531424	0.22138210964771704	389.41113087033426
K06971	-12.12402917485646	0.22549227389718052	396.64090978514054
K02926	231.26829630722887	0.22605018731278093	397.62227948318167
K18475	38.84640935614925	0.226386811526726	398.214401475511
K03480	9.472626731424182	0.22823456209152496	401.4645947189924
K14534	-17.799583497206243	0.2286390049715193	402.17600974490244
K02954	-294.09222667481527	0.23017138046516497	404.87145823822516
K03188	57.02131284014436	0.23238388145170752	408.7632474735535
K01940	-186.94770342516586	0.23301077271413767	409.86594920416815
K02782	18.106766021147102	0.23379074198343933	411.2379151488698
K06407	11.684269301343527	0.23529674453163635	413.88697363114835
K09808	-35.48248445368155	0.23633862598116354	415.7196431008667
K00634	37.9420197254106	0.23754116549166063	417.83491009983106
K03705	151.03762749051634	0.23780306908347343	418.2955985178298
K00290	30.5757254908618	0.23818068728802147	418.95982893962974
K04075	103.06511794715891	0.23835828147497617	419.2722171144831
K00425	24.150273816164642	0.23882540505647037	420.0938874943314
K02881	-247.93921970235533	0.23931901212729464	420.96214233191125
K15894	-39.337312135472615	0.24075621181664555	423.4901765854795
K05967	-13.012025088534223	0.24249917068800692	426.55604124020414
K02614	25.11091255434856	0.2448766108067085	430.73795840900027
K04655	-66.94151744367696	0.24564075656605783	432.0820907996957
K03723	-89.07458124396805	0.24665780727031322	433.87108298848096
K00196	-11.639022933112656	0.24705015150115106	434.5612164905247
K10117	-115.5220885923627	0.24867591878442183	437.420941141798
K03687	149.4935015220035	0.24915724262484248	438.26758977709795
K01567	16.613516214403653	0.24979674205715585	439.39246927853713
K01745	-21.28167883964487	0.250764695352808	441.09509912558923
K00937	-84.38283616179365	0.25601836609641054	450.33630596358614
K03073	-60.6615424738132	0.2575453253448403	453.0222272815741
K02888	-167.25330640086577	0.2585825757401518	454.84675072692704
K02838	-173.56472194987964	0.2601817953781445	457.65977807015616
K01925	-126.79835051753662	0.26139434533334993	459.7926534413625
K02563	102.96952659207136	0.26867141456925947	472.59301822732743
K03596	-136.60694138040026	0.27110798312619644	476.8789423189795
K00773	-139.07894544532155	0.27167753196257327	477.8807787221664
K09790	-19.30642808126028	0.2722768955086236	478.9350591996689
K02843	-12.175120051783118	0.27562280880686996	484.82052069128423
K01998	-26.111007923523488	0.27688348442679456	487.03804910673165
K02356	145.79266540971548	0.277263188300323	487.7059482202681
K03814	-20.719909061632308	0.2777053164067014	488.48365155938774
K02377	-39.071267191052925	0.28173654685698124	495.57458592143
K03710	-40.14890940584996	0.28457771823958955	500.572206383438
K02808	84.59132582767228	0.28535348876534744	501.93678673824616
K02913	4875.1080762903075	0.2853555558135957	501.9404226761148
K01817	85.6036365111313	0.28614696235262244	503.3325067782629
K03699	-52.59893197421502	0.2865888442956965	504.1097771161301
K01426	-6.680991990939916	0.28856718740204523	507.58968264019757
K03593	22.10231646445881	0.29004286305843097	510.1853961197801
K06958	108.91214235334678	0.2903066746556352	510.6494407192623
K02499	32.21526330567099	0.2918477393079469	513.3601734426786
K06949	-133.94439682758343	0.2932168165544113	515.7683803192094
K02558	-10.23798461396391	0.29352946831862586	516.3183347724629
K03929	54.43940695697316	0.29487139249320865	518.678779395554
K03406	-128.3506326576928	0.29525653237435234	519.3562404464858
K02409	-11.755709889497282	0.2966030758451173	521.7248104115613
K06041	30.468899339795215	0.30145976322139795	530.267723506439
K11072	-106.99586052859195	0.3014825756221183	530.307850519306
K06023	92.03889391770326	0.30337186533816674	533.6311111298353
K00595	15.947216766906166	0.30527421765298246	536.9773488515962
K06142	102.44521722960235	0.3072105148214006	540.3832955708436
K06934	29.697179104190752	0.30787105261244607	541.5451815452926
K03402	-132.91718869758824	0.30871424611315007	543.028358913031
K02528	-139.39360925720757	0.3088319885008338	543.2354677729667
K03466	61.23320786878759	0.30919270243661817	543.8699635860114
K13542	-20.68019162314232	0.30999006191463524	545.2725189078434
K03150	20.8883709139119	0.3109387840200564	546.9413210912793
K01963	-123.8358195120295	0.31675014113938	557.1634982641694
K06409	12.823265048047197	0.31798540635591316	559.3363297800513
K06218	88.28844023664195	0.31934585467641824	561.7293583758196
K04066	-95.0717509526271	0.3196893919038963	562.3336403589535
K02470	-153.8987330140999	0.3206741582014287	564.0658442763131
K04069	89.54643425503855	0.321081785890533	564.7828613814476
K01176	56.58801393879432	0.3221824761793955	566.7189755995566
K17450	38.76167095226725	0.32377955869334774	569.5282437415987
K07042	-137.75564956706512	0.32555790030027376	572.6563466281815
K07736	21.83028993858403	0.3262408518715306	573.8576584420224
K02959	-187.54486097180597	0.33140967705954005	582.949621947731
K02876	157.77871717877133	0.333066977802987	585.8648139554541
K02078	276.2488974073044	0.34289523854391624	603.1527245987487
K02048	38.700963975012456	0.3432437206272828	603.7657045833905
K04072	-74.97690761404522	0.34476677808189604	606.4447626460551
K02982	-177.58988609268727	0.34747869363426576	611.2150221026735
K03332	-63.27602362845346	0.3538415443770896	622.4072765593006
K01487	-26.088422560798847	0.35419192946172706	623.0236039231779
K03549	-33.660549349764466	0.3545773410910754	623.7015429792017
K03736	13.188489742316392	0.3552670914604652	624.9148138789583
K13891	14.385156707937185	0.356417920335237	626.9391218696819
K07576	-6.894534076113715	0.35706633743433447	628.0796875469944
K03924	60.360708703241585	0.35780870657828145	629.3855148711971
K00215	-124.33664363523349	0.35917492569936427	631.7886943051817
K01104	-96.86393562791955	0.3593463180480778	632.0901734465689
K19055	-14.012349392632444	0.36054030609458987	634.1903984203835
K02428	-105.48020312008407	0.36088247635601933	634.792275910238
K02911	311.3891474382308	0.36466747275394185	641.4500845741837
K11189	60.919419393201906	0.3650656432424585	642.1504664634845
K05919	55.711154823070615	0.36645812860985494	644.5998482247348
K02902	-285.6961780801903	0.36703570595299373	645.615806771316
K03704	-183.66628386404113	0.36729174819236265	646.0661850703659
K02996	152.78068694757349	0.3672964224894685	646.0744071589751
K01784	-117.33501660656611	0.37122447015026916	652.9838429943235
K02519	85.50059356541169	0.37279071213676973	655.738862648578
K01903	23.852888089387562	0.3730053959195627	656.1164914225109
K06383	-16.60507254144791	0.3760987760256518	661.5577470291215
K03497	84.56670585572704	0.37609953859930945	661.5590883961853
K06113	53.34994538039629	0.3773748890891496	663.8024299078141
K08659	-69.83138845034978	0.37760557722288024	664.2082103350464
K03564	-41.64263006500394	0.38117906235122245	670.4939706758003
K11051	27.00861376967299	0.3829529882672261	673.6143063620508
K07574	-74.48538592194006	0.38545291174919527	678.0116717668345
K00784	-103.99156071982657	0.38550253478673846	678.0989586898729
K02355	-147.53937420043985	0.39140582708800475	688.4828498478004
K06374	23.28984664992214	0.39445968708820256	693.8545895881483
K01480	40.86596419735844	0.39480283119523707	694.458180072422
K01993	-32.598427754843385	0.39691071930464206	698.1659552568653
K22132	15.072114009253283	0.39744672376708956	699.1087871063105
K04751	-43.865106999974785	0.39764752322736374	699.4619933569328
K06973	-41.56307896346186	0.40105319249285265	705.4525655949278
K03274	19.12456725624935	0.4028131322536469	708.5482996341649
K01056	127.09017019314297	0.40889675250049795	719.2493876483759
K05352	32.439770953406935	0.40925795252880937	719.8847384981757
K06201	73.99800384879768	0.41249384072188544	725.5766658297965
K07720	-50.112887900669705	0.4126524758308986	725.8557049865507
K03783	-26.797136183298562	0.4158889399964226	731.5486454537074
K03154	-104.10142603572615	0.42345659165241034	744.8601447165898
K04094	74.98524502197097	0.4249519627707734	747.4905025137904
K03079	-6.259152849238106	0.4293817187893162	755.2824433504072
K03438	-159.8234022648744	0.4306101010360197	757.4431677223587
K06950	-34.206654547091716	0.4308806350498199	757.9190370526331
K07082	-18.76515846324756	0.43278848333164444	761.2749421803626
K01002	18.024835822568534	0.432900914597782	761.4727087774986
K01744	-37.93942428066464	0.4335153486500909	762.5534982755099
K03790	-22.13656389864616	0.4387332066794376	771.7317105491308
K02036	178.5974019208993	0.4396301037074146	773.3093524213423
K12267	-19.795264488648286	0.4422854515122907	777.9801092101194
K07015	-7.118785051366565	0.4440095355356315	781.0127730071758
K01646	-29.128677809834187	0.44437443904852225	781.6546382863506
K12942	-19.603681749861494	0.4447963258060673	782.3967370928724
K02906	128.32279474363986	0.44716111814936876	786.5564068247396
K01938	96.17118811637829	0.4478721779400865	787.8071609966121
K03572	93.38443067130834	0.45159449716993993	794.3547205219244
K03113	29.99009670475985	0.4549602014717262	800.2749943887665
K03321	-12.561043701552265	0.45853685228740304	806.566323173542
K11068	65.65124582069086	0.4589977326768403	807.3770117785621
K02834	-90.96861900155204	0.46019035882735326	809.4748411773144
K01934	23.650182960918215	0.4624467881138813	813.4439002923172
K20202	-38.40954962940816	0.46290704493008206	814.2534920320144
K01955	-136.55896740076014	0.4633408159488127	815.0164952539616
K02010	11.324399130143561	0.467470391419871	822.2804185075531
K07447	-101.44743515743812	0.46771626989554005	822.7129187462549
K02518	198.43407712271346	0.46927476532459844	825.4543122059687
K07075	-81.6432528295976	0.46964675541270684	826.1086427709513
K03545	95.1076021598958	0.4710952792667098	828.6565962301426
K03436	9.647563727034324	0.471574941346819	829.5003218290547
K01933	-103.37487342769964	0.4750192146491118	835.5587985677877
K05814	11.118950524443676	0.4753176426305399	836.0837333871197
K01959	-24.449407023047286	0.4755856968620443	836.555240780336
K19225	12.972378452671336	0.4807169148138789	845.581053157613
K01835	-36.738374504007425	0.4818328347063845	847.5439562485303
K02358	-97.68429409272903	0.48282118565110566	849.2824655602949
K13252	-11.564100935776665	0.4833751655108042	850.2569161335045
K05337	-25.168943258794997	0.48664255862825556	856.0042606271015
K02053	9.650324642412983	0.48733944099634663	857.2300767125737
K10671	3.771414678176491	0.4895824875462019	861.1755955937692
K02388	-16.610881064158605	0.49078713737076374	863.2945746351734
K02057	-76.62132997049662	0.49133602958114264	864.2600760332299
K02483	12.938797348370088	0.4914736185105393	864.5020949600386
K09861	-96.95024517646766	0.49655696756326206	873.443705943778
K20038	-2.169595500561549	0.4968278614590884	873.9202083065366
K02132	-35.56956402824204	0.49753517718303375	875.1643766649564
K07443	15.827243189676068	0.4992379886998737	878.1596221230778
K07456	76.04352536305896	0.5009717564361503	881.2093195711884
K00925	-86.24131545561613	0.5011032641956097	881.4406417200775
K07335	16.300933014101503	0.5017791093491247	882.6294533451104
K08281	-11.087103589128887	0.5036815453178108	885.9758382140293
K00338	42.07965106364509	0.5061214944671126	890.2677087676511
K03046	64.91501717867595	0.507059540628411	891.9177319653749
K03601	-68.76537623736431	0.5074925836787325	892.6794546908905
K02967	98.34768692791886	0.5087236422636151	894.8448867416989
K08177	-12.259396008111793	0.5128302276323502	902.068370405304
K09807	13.969212031140216	0.5157185102978785	907.1488596139683
K06920	64.59963276703547	0.516398856604668	908.345588767611
K02836	-88.44655981609594	0.5172743917941901	909.8856551659804
K03719	25.735564275378238	0.522017489593331	918.2287641946693
K01581	18.049760594498125	0.5234321038554863	920.7170706818005
K00950	-18.12052687691282	0.5249927389661877	923.4622278415242
K02018	-30.922930338159745	0.5257142602299455	924.7313837444741
K02058	-13.719384135699187	0.5294408931140027	931.2865309875307
K02939	-106.52104887571295	0.5321453204370639	936.0436186487954
K06199	60.87853165204524	0.5322830640276903	936.2859096247073
K01715	-34.45602086472729	0.5324617777324796	936.6002670314316
K01883	82.47730551772702	0.5332705318657374	938.0228655518321
K02796	15.353221358845616	0.5363576703707736	943.4531421821908
K01000	-50.453586082873244	0.5364584789347482	943.630464446222
K17759	-34.25090103018903	0.537265866891391	945.0506598619568
K06959	61.250309928835804	0.5420713892113046	953.5035736226848
K01881	-80.63731146744885	0.5490042219795279	965.6984264619896
K00995	-18.47952493021259	0.5491223251549504	965.9061699475577
K00111	-16.739678565837607	0.5505367085629251	968.3940703621853
K07138	36.40810756686187	0.5562560043521289	978.4543116553947
K03650	59.52818293148084	0.5633207476834807	990.8811951752426
K01999	-11.274260902632562	0.5710567007119548	1004.4887365523285
K02435	78.33949172797497	0.5740676915052557	1009.7850693577448
K04763	45.29086267585933	0.5767646348832098	1014.5289927595661
K00611	-74.36374567452708	0.5799464972764437	1020.1258887092644
K02956	122.06968580952525	0.586023064540468	1030.8145705266834
K01534	-37.744068268966885	0.5922313033504323	1041.7348625934103
K01803	-82.40630127615486	0.5939140231570355	1044.6947667332254
K03499	-56.77593389092726	0.5960741471086299	1048.4944247640801
K01621	24.54848758512378	0.596642516879208	1049.4941871905269
K01599	10.57710342405504	0.5987843925805776	1053.261746549236
K00859	49.5888175956635	0.5988121051418236	1053.3104929444678
K00198	4.732954965908995	0.6085566459481128	1070.4511402227304
K00648	71.87531357453986	0.60964934935438	1072.3732055143544
K07406	-8.12846028392569	0.6112448676904825	1075.1797222675586
K04794	30.897186964871253	0.6147846538121174	1081.4062060555145
K00003	13.640496515360212	0.61487228918953	1081.5603566843831
K09888	13.810740534528577	0.6161838205861934	1083.8673404111141
K03799	19.650734130806313	0.617591394264565	1086.3432625113699
K00241	7.039979539528403	0.6185170357205168	1087.971465832389
K01735	51.02971199119645	0.6264008620512236	1101.8391163481024
K02914	-513.4084646916654	0.6308351574907851	1109.639042026291
K01996	33.00724838534995	0.6316467588394663	1111.0666487986211
K00656	71.54146617003471	0.6326555748658331	1112.8411561890005
K02119	-18.234701943633524	0.6345383645900265	1116.1529833138568
K03615	8.410035214603553	0.6346788936309684	1116.4001738968734
K18828	17.672335484878857	0.6366313493071655	1119.8345434313042
K00177	-19.898930307261764	0.6370395378727651	1120.5525471181938
K19265	11.578580616673861	0.6394332551086213	1124.7630957360648
K01869	-60.24118603180705	0.6398945272908974	1125.5744735046885
K03488	14.530440824153573	0.6417140810259694	1128.7750685246801
K03470	47.41371119370547	0.6452259966586933	1134.9525281226415
K00852	16.412200037840194	0.6490620310046327	1141.700112537149
K06928	4.301620681791064	0.6494062731223693	1142.3056344222475
K01515	-18.70316253249689	0.6534377122289292	1149.3969358106865
K05837	-8.376863092822987	0.6566845389818	1155.1081040689862
K01591	45.008951675348726	0.6584898014032736	1158.2835606683584
K03118	7.84150477809699	0.6611205861864897	1162.9111111020354
K03671	-58.10382079102396	0.664775613804727	1169.340304682515
K09748	58.43026120883587	0.6687355951459253	1176.3059118616825
K06993	4.651438847255278	0.6718135716143387	1181.7200724696218
K02493	-24.592782206333823	0.6810540579852392	1197.9740879960357
K01126	-26.976923389803403	0.6858849739099675	1206.4716691076328
K02313	-57.90401800207792	0.6866578567182846	1207.8311699674625
K03664	-63.427498126381124	0.6878350273546256	1209.9018131167866
K01182	27.70122954587987	0.691579667199061	1216.4886346031483
K08722	6.7951115334497985	0.6931828481949068	1219.308629974841
K00963	41.44888393652661	0.6955161781226895	1223.4129573178109
K18120	2.0843676182359587	0.6965701889565176	1225.2669623745144
K10038	-5.707503457817907	0.6992943962583551	1230.0588430184466
K03523	20.49809628492011	0.7077307047931292	1244.8983097311143
K02238	-18.136658368518624	0.7093702455458237	1247.7822619151038
K02343	-11.360415027977979	0.7099664190189495	1248.8309310543323
K00762	49.727984880810254	0.7215859400431286	1269.2696685358633
K14761	-12.947612777787299	0.721684384917423	1269.4428330697472
K01488	30.095429281217207	0.7310137585920435	1285.8532013634047
K07133	-54.558700048685296	0.7342800689414661	1291.5986412680388
K01523	24.046128589839327	0.7350185571309673	1292.8976419933715
K07321	-10.990511463754387	0.7373302525521326	1296.9639142392011
K01761	-14.94678439197628	0.7416723145658137	1304.6016013212663
K01681	20.80666763919953	0.7438934118862937	1308.5085115079905
K11741	25.319332385632435	0.7489826304413842	1317.460446946395
K02405	6.946227257357435	0.751632984605846	1322.122419921683
K07727	53.689700716604875	0.75250300416874	1323.6527843328138
K02117	36.82701821896717	0.7563695187674094	1330.4539835118733
K01811	-7.557457731269409	0.7590222744431583	1335.1201807455154
K05795	4.00052241364034	0.7609194997636228	1338.4574000842126
K01468	-7.423717465846664	0.7613820774612048	1339.2710742542592
K03040	-37.62001871023131	0.7654068025397461	1346.3505656674135
K01866	-35.710132416984834	0.7727879647279434	1359.3340299564525
K02965	65.12991215059355	0.7732137850949222	1360.083047981968
K02121	-13.592680456980474	0.775903604457276	1364.8144402403486
K01791	20.326088947117682	0.7761297236387709	1365.2121838805979
K02031	22.34888754419694	0.7779808331411292	1368.4682854952462
K15372	-9.132309485496052	0.7818500686464704	1375.2742707491416
K09157	-36.00970033039357	0.7943889498180478	1397.330162729946
K02015	25.42899138373241	0.7955823107098758	1399.4292845386717
K06925	-10.858162301539437	0.7963272174686971	1400.739575527438
K17828	20.708666136384863	0.8019750289648888	1410.6740759492395
K03925	19.78422151388554	0.8030562411456318	1412.5759281751664
K06861	10.53034099951293	0.8044617137224761	1415.0481544378354
K03092	-4.34712359778996	0.8068930881516949	1419.3249420588313
K00652	-2.4498046020105235	0.8124486636287283	1429.097199322933
K07040	6.117641305211748	0.8131351834407039	1430.3047876721982
K02899	38.040887311327424	0.8149883677176706	1433.5645388153825
K01609	-21.914400614958595	0.8183030456983689	1439.3950573834309
K18955	-10.392032841970718	0.819742737563053	1441.9274753734103
K01695	19.124635273362287	0.8217126317988281	1445.3925193341388
K03060	-37.431720525402625	0.8254151006709886	1451.9051620802688
K01183	-2.4241946591192374	0.8259545101669428	1452.8539833836523
K00688	27.12953099942365	0.8268919735380463	1454.5029814534234
K03655	-23.1503008846355	0.8300066274652327	1459.9816577113443
K00067	3.124726057438153	0.8309252493165317	1461.5975135477793
K01892	25.066335895050315	0.840620753586315	1478.6519055583283
K03975	4.510819573476795	0.8440484212856585	1484.6811730414734
K03706	21.336797809549807	0.8446292924783312	1485.7029254693846
K16963	3.2831202613120922	0.8448766992922865	1486.1381140551318
K02372	-28.974040056390322	0.849906653354019	1494.9858032497195
K00868	-8.368927448525113	0.8505468902078933	1496.1119798756843
K02886	-29.90849704026641	0.8516342822893028	1498.0247025468836
K03484	3.745485190351687	0.8577275393987414	1508.742741802386
K02992	-33.0920620971101	0.8604749824031847	1513.5754940472018
K02054	-2.1775676513461377	0.865823344089312	1522.9832622530998
K02429	2.933872305491448	0.8678052382832803	1526.46941414029
K01051	-3.798499611012005	0.8704855496256692	1531.184081791552
K10193	-1.4967399763777252	0.8720098158170693	1533.865266022225
K01153	11.659783734293683	0.8725820731660026	1534.8718666989985
K07658	-17.8235848009449	0.8781885400228221	1544.733641900144
K00394	1.5386937514551278	0.882166091033374	1551.7301541277047
K16786	-30.514541717072916	0.8833728846523303	1553.852904103449
K06384	2.0301757151186095	0.8836823524119803	1554.3972578926735
K06872	3.7554012447165235	0.8858511474663184	1558.2121683932542
K02863	-22.92662125309471	0.8862594615703276	1558.9303929022062
K00990	3.535662726671731	0.8876299412266041	1561.3410666175967
K07313	3.8635835079966796	0.8880380331068571	1562.0589002349618
K03702	-17.232156939798642	0.8907802322879917	1566.8824285945775
K03666	-7.659298680403083	0.8913289331191927	1567.84759335666
K16926	-7.5791612634783405	0.8918114112679751	1568.6962724203684
K00817	-11.402744061294584	0.8943704937229802	1573.197698458722
K01678	-2.070416017302847	0.8999696100749369	1583.0465441218141
K02389	-3.054064512722462	0.906858070298872	1595.1633456557158
K03553	-14.38567688305875	0.9070409772049411	1595.4850789034915
K01372	-4.5697815999093905	0.9082281832480834	1597.5733743333788
K01421	-4.412819611857287	0.9151347473331181	1609.7220205589547
K06147	18.116056371505692	0.9172264367460141	1613.4013022362387
K04079	-9.760043519155715	0.9219582499021595	1621.7245615778986
K01890	-8.28893482530566	0.9228320180405054	1623.261519733249
K07484	6.739515458032031	0.9234180333488784	1624.2923206606772
K17758	5.244785811791701	0.9277996900389246	1631.9996547784683
K02824	4.954088558421915	0.9313665021680998	1638.2736773136876
K02011	-1.0153990155287147	0.9373347069855549	1648.771749587591
K07461	-8.309088711771892	0.9386219047979866	1651.0359305396585
K02890	-15.768587212961393	0.9403439525990216	1654.065012621679
K01868	-10.130950801005838	0.9405907114791099	1654.4990614917542
K02884	11.133110842085443	0.9433680572712091	1659.3844127400569
K00113	1.4428659100215526	0.9454776391596984	1663.0951672819094
K01156	-3.418662476525526	0.9469216639889264	1665.6352069565216
K02434	-7.9144573477808535	0.9475435938945044	1666.7291816604331
K01586	-4.925395690715277	0.9496207870672969	1670.3829644513753
K03744	-2.1160637212663573	0.9556525673248043	1680.9928659243308
K07166	-10.429893212974093	0.9594163006514198	1687.6132728458474
K01889	-5.316604328824724	0.9616330743978211	1691.5125778657673
K01273	0.5410848263036669	0.9644354587150854	1696.4419718798351
K01449	-2.0913438638148705	0.9654814435620829	1698.2818592257038
K02028	2.240438238649176	0.9733647014317639	1712.1485098184728
K09747	5.152833329759687	0.9737482052235941	1712.823092988302
K12506	-0.3875770259423348	0.9754211739232523	1715.7658449310009
K02066	0.39093509632098744	0.9756956515217177	1716.2486510267013
K12132	-0.8938296361509401	0.9825385707538181	1728.285345955966
K01661	0.9773798939525591	0.9835736091597687	1730.105978512033
K07010	-0.18057995565992258	0.9900504338583442	1741.4987131568275
K00820	-1.1517870469442641	0.9931880393770252	1747.0177612641874
