,Bacteroides,Bifidobacterium,Phocaeicola,Fusicatenibacter,Roseburia,Hominilimicola,Blautia,Faecalibacterium,GGB4605,Ruminococcus,Anaerostipes,Collinsella,Agathobacter,Alistipes,GGB3612,Faecalibacillus,Dorea,Simiaoa,Hominenteromicrobium,Mediterraneibacter,Waltera,Parabacteroides,Candidatus Cibionibacter,Streptococcus,Escherichia,Coprococcus,Clostridium,Agathobaculum,Anaerobutyricum,Ruthenibacterium,Anaerotignum,Phascolarctobacterium,Eubacterium,Odoribacter,Lentihominibacter,Flavonifractor,Gallintestinimicrobium,Dysosmobacter,Lachnospira,Thomasclavelia,Veillonella,Haemophilus,Intestinibacter,Enterococcus,GGB51491,Actinomyces,Prevotella,Segatella,GGB3277,GGB4585,GGB4710,GGB4266,GGB3345,Holdemanella,Catenibacterium,Sarcina,Paratractidigestivibacter,Anthropogastromicrobium,GGB4564,Oscillibacter,Oliverpabstia,GGB4644,GGB82047,Pseudoflavonifractor,Vescimonas,GGB3862,Leyella,GGB9730,GGB51647,Butyricicoccus,GGB3118,GGB58067,GGB3478,GGB4604,GGB4682,GGB9642,GGB9715,GGB1495,GGB9627,GGB3636,GGB81330,GGB9634,Ellagibacter,GGB1239,GGB4552,Romboutsia,GGB9737,GGB51431,Slackia,GGB101072,GGB99810,GGB3189,Ligilactobacillus,GGB2983,GGB143455,GGB3256,GGB4642,GGB35068,GGB4723,Senegalimassilia,GGB9712,GGB3429,GGB9760,GGB9766,GGB49409,GGB4704,GGB9603,GGB4888,GGB9370,Pilosibacter,Faecalicatena,GGB9708,Rothia,GGB9290,GGB3588,GGB13404,Eshraghiella,Parolsenella,GGB9690,GGB9758,GGB9774,GGB9790,GGB4456,GGB1247,GGB3304,GGB3730,GGB9380,GGB4672,GGB9759,GGB115571,Jutongia,Mogibacterium,GGB9590,Akkermansia,GGB34797,GGB3109,GGB4611,Brotocaccenecus,GGB4591,Methanobrevibacter,GGB3623,GGB1627,GGB3306,GGB9342,GGB4699,GGB9691,GGB9677,GGB9636,GGB9602,GGB31460,GGB143497,GGB3653,Kineothrix,GGB9707,GGB4603,GGB9699,GGB13493,GGB4578,GGB1266,GGB4684,Wujia,GGB3619,GGB9747,GGB9293,GGB3321,GGB82668,GGB9618,GGB4584,GGB2958,GGB9778,GGB9608,GGB49418,GGB49284,GGB9786,GGB34228,Butyricimonas,GGB9302,GGB74412,GGB9383,GGB4884,GGB9767,Paraprevotella,Barnesiella,GGB9502,Bilophila,Hominiventricola,Holdemania,Lawsonibacter,GGB9522,GGB4599,Phoenicibacter,GGB9420,GGB9347,Treponema,GGB9762,GGB9345,GGB9787,Hominifimenecus,GGB9189,otros
36703_3#10,32.439276799999995,11.2000668,10.1730168,6.6152068,5.2506968,4.1556068,3.9277068,3.5587768000000004,3.3923667999999996,2.8647868,2.3346368,2.1192068,1.5203568,0.9865568,0.8595068,0.8291767999999999,0.8282068,0.8190068,0.6534068000000001,0.6472068000000001,0.4478268,0.43075680000000005,0.32756679999999994,0.3145468,0.26183680000000004,0.25956679999999993,0.25912680000000005,0.1685968,0.1515268,0.1255768,0.1013168,0.1009668,0.0807668,0.07294679999999999,0.0728368,0.03732679999999999,0.036676799999999996,0.036246799999999996,0.0232468,0.0192568,0.012616800000000001,0.0060968,0.0045068,0.0042968,0.0038468,0.0011968,0.0008667999999999,1.6800000000000002e-05,1.6800000000000002e-05,1.6800000000000002e-05,1.6800000000000002e-05,1.6800000000000002e-05,1.6800000000000002e-05,1.6800000000000002e-05,1.6800000000000002e-05,1.6800000000000002e-05,1.6800000000000002e-05,1.6800000000000002e-05,1.6800000000000002e-05,1.6800000000000002e-05,1.6800000000000002e-05,1.6800000000000002e-05,1.6800000000000002e-05,1.6800000000000002e-05,1.6800000000000002e-05,1.6800000000000002e-05,1.6800000000000002e-05,1.6800000000000002e-05,1.6800000000000002e-05,1.6800000000000002e-05,1.6800000000000002e-05,1.6800000000000002e-05,1.6800000000000002e-05,1.6800000000000002e-05,1.6800000000000002e-05,1.6800000000000002e-05,1.6800000000000002e-05,1.6800000000000002e-05,1.6800000000000002e-05,1.6800000000000002e-05,1.6800000000000002e-05,1.6800000000000002e-05,1.6800000000000002e-05,1.6800000000000002e-05,1.6800000000000002e-05,1.6800000000000002e-05,1.6800000000000002e-05,1.6800000000000002e-05,1.6800000000000002e-05,1.6800000000000002e-05,1.6800000000000002e-05,1.6800000000000002e-05,1.6800000000000002e-05,1.6800000000000002e-05,1.6800000000000002e-05,1.6800000000000002e-05,1.6800000000000002e-05,1.6800000000000002e-05,1.6800000000000002e-05,1.6800000000000002e-05,1.6800000000000002e-05,1.6800000000000002e-05,1.6800000000000002e-05,1.6800000000000002e-05,1.6800000000000002e-05,1.6800000000000002e-05,1.6800000000000002e-05,1.6800000000000002e-05,1.6800000000000002e-05,1.6800000000000002e-05,1.6800000000000002e-05,1.6800000000000002e-05,1.6800000000000002e-05,1.6800000000000002e-05,1.6800000000000002e-05,1.6800000000000002e-05,1.6800000000000002e-05,1.6800000000000002e-05,1.6800000000000002e-05,1.6800000000000002e-05,1.6800000000000002e-05,1.6800000000000002e-05,1.6800000000000002e-05,1.6800000000000002e-05,1.6800000000000002e-05,1.6800000000000002e-05,1.6800000000000002e-05,1.6800000000000002e-05,1.6800000000000002e-05,1.6800000000000002e-05,1.6800000000000002e-05,1.6800000000000002e-05,1.6800000000000002e-05,1.6800000000000002e-05,1.6800000000000002e-05,1.6800000000000002e-05,1.6800000000000002e-05,1.6800000000000002e-05,1.6800000000000002e-05,1.6800000000000002e-05,1.6800000000000002e-05,1.6800000000000002e-05,1.6800000000000002e-05,1.6800000000000002e-05,1.6800000000000002e-05,1.6800000000000002e-05,1.6800000000000002e-05,1.6800000000000002e-05,1.6800000000000002e-05,1.6800000000000002e-05,1.6800000000000002e-05,1.6800000000000002e-05,1.6800000000000002e-05,1.6800000000000002e-05,1.6800000000000002e-05,1.6800000000000002e-05,1.6800000000000002e-05,1.6800000000000002e-05,1.6800000000000002e-05,1.6800000000000002e-05,1.6800000000000002e-05,1.6800000000000002e-05,1.6800000000000002e-05,1.6800000000000002e-05,1.6800000000000002e-05,1.6800000000000002e-05,1.6800000000000002e-05,1.6800000000000002e-05,1.6800000000000002e-05,1.6800000000000002e-05,1.6800000000000002e-05,1.6800000000000002e-05,1.6800000000000002e-05,1.6800000000000002e-05,1.6800000000000002e-05,1.6800000000000002e-05,1.6800000000000002e-05,1.6800000000000002e-05,1.6800000000000002e-05,1.6800000000000002e-05,1.6800000000000002e-05,1.6800000000000002e-05,1.6800000000000002e-05,1.6800000000000002e-05,1.6800000000000002e-05,1.6800000000000002e-05,1.6800000000000002e-05,1.6800000000000002e-05,1.6800000000000002e-05,1.6800000000000002e-05,1.6800000000000002e-05,1.6800000000000002e-05,1.6800000000000002e-05,1.6800000000000002e-05,1.6800000000000002e-05,1.6800000000000002e-05,1.6800000000000002e-05,1.6800000000000002e-05,1.6800000000000002e-05,1.4607268000000295
36703_3#12,3.814999999999999e-05,2.08144815,3.814999999999999e-05,1.63038815,2.77932815,0.02310815,2.39339815,13.650338150000001,3.814999999999999e-05,11.70033815,3.814999999999999e-05,0.25041815,4.57062815,3.814999999999999e-05,0.04333815,0.0614981499999999,2.87551815,0.16370815,0.08038815,1.74167815,3.814999999999999e-05,3.814999999999999e-05,0.09195815,0.38994815,1.23234815,2.30798815,2.85436815,1.13897815,0.0526981499999999,3.814999999999999e-05,0.01768815,3.814999999999999e-05,1.10829815,3.814999999999999e-05,0.00956815,3.814999999999999e-05,0.34380815,3.814999999999999e-05,0.05989815,3.814999999999999e-05,0.11153815,0.15784815,0.02982815,0.05381815,3.814999999999999e-05,3.814999999999999e-05,0.12430815,4.06719815,2.87022815,2.5187881500000002,2.47847815,2.13720815,1.5578481499999999,1.1654881499999998,1.08245815,0.6454881499999999,0.59489815,0.5646581499999999,0.5197781499999999,0.47724815,0.45775815,0.40790815,0.40115815,0.3861381499999999,0.38585815,0.35011815,0.33795815,0.33276815,0.31474815,0.30340815,0.29266815,0.27009815,0.2684781499999999,0.26235815,0.26062815,0.23238815,0.20595815,0.19098815,0.15881815,0.14253815,0.14198815,0.1400781499999999,0.12791815,0.1264781499999999,0.11735815,0.11208815,0.10431815,0.10127815,0.08641815,0.07250815,0.07157815,0.06282815,0.05706815,0.04952815,0.04668815,0.03973815,0.03774815,0.03338815,0.03322815,0.03026815,0.02869815,0.02775815,0.02456815,0.02442815,0.02425815,0.02372815,0.02331815,0.02216815,0.0194381499999999,0.01674815,0.0156881499999999,0.01546815,0.01250815,0.01173815,0.0075581500000000005,0.00716815,0.00650815,0.00575815,0.00538815,0.0044281500000000005,0.0026781500000000002,0.00231815,0.00091815,3.814999999999999e-05,3.814999999999999e-05,3.814999999999999e-05,3.814999999999999e-05,3.814999999999999e-05,3.814999999999999e-05,3.814999999999999e-05,3.814999999999999e-05,3.814999999999999e-05,3.814999999999999e-05,3.814999999999999e-05,3.814999999999999e-05,3.814999999999999e-05,3.814999999999999e-05,3.814999999999999e-05,3.814999999999999e-05,3.814999999999999e-05,3.814999999999999e-05,3.814999999999999e-05,3.814999999999999e-05,3.814999999999999e-05,3.814999999999999e-05,3.814999999999999e-05,3.814999999999999e-05,3.814999999999999e-05,3.814999999999999e-05,3.814999999999999e-05,3.814999999999999e-05,3.814999999999999e-05,3.814999999999999e-05,3.814999999999999e-05,3.814999999999999e-05,3.814999999999999e-05,3.814999999999999e-05,3.814999999999999e-05,3.814999999999999e-05,3.814999999999999e-05,3.814999999999999e-05,3.814999999999999e-05,3.814999999999999e-05,3.814999999999999e-05,3.814999999999999e-05,3.814999999999999e-05,3.814999999999999e-05,3.814999999999999e-05,3.814999999999999e-05,3.814999999999999e-05,3.814999999999999e-05,3.814999999999999e-05,3.814999999999999e-05,3.814999999999999e-05,3.814999999999999e-05,3.814999999999999e-05,3.814999999999999e-05,3.814999999999999e-05,3.814999999999999e-05,3.814999999999999e-05,3.814999999999999e-05,3.814999999999999e-05,3.814999999999999e-05,3.814999999999999e-05,3.814999999999999e-05,3.814999999999999e-05,3.814999999999999e-05,3.814999999999999e-05,3.814999999999999e-05,3.814999999999999e-05,3.814999999999999e-05,3.814999999999999e-05,3.814999999999999e-05,3.814999999999999e-05,3.814999999999999e-05,3.814999999999999e-05,3.814999999999999e-05,3.814999999999999e-05,3.814999999999999e-05,17.297878150000038
36703_3#13,0.0149473,1.2632173,2.73e-05,0.0559372999999999,3.7361873,2.73e-05,0.4636772999999999,20.1100373,2.73e-05,6.141437300000001,2.73e-05,0.11548729999999999,7.2229773,2.73e-05,0.1200073,0.0382473,0.24787729999999988,3.4351773000000003,2.73e-05,0.3608772999999999,0.7546173,2.73e-05,2.73e-05,0.3605773,0.0071573,0.9955173,1.7542872999999999,0.3718373,0.0089773,2.73e-05,2.73e-05,0.47767729999999997,0.7533773,2.73e-05,2.73e-05,0.007617299999999901,0.2255473,0.07477729999999999,0.7513573,2.73e-05,0.0549872999999999,0.5413773000000001,0.0546173,2.73e-05,0.00010729999999999999,2.73e-05,1.5206073,22.6253273,2.73e-05,2.73e-05,2.73e-05,2.9967973000000003,2.73e-05,0.16285729999999998,0.3363073,2.73e-05,0.49349729999999997,0.08183729999999999,2.73e-05,0.10556729999999999,2.73e-05,0.7444873000000001,2.73e-05,2.73e-05,2.73e-05,2.73e-05,0.6911973,0.1631273,2.73e-05,2.73e-05,0.1346773,0.0150673,0.0565273,0.06798729999999999,2.73e-05,2.73e-05,2.73e-05,0.6996673000000001,2.73e-05,2.73e-05,0.2437973,2.73e-05,0.0050973,0.3497473,2.73e-05,0.0593973,2.73e-05,2.73e-05,0.0107673,2.73e-05,0.0047873,2.73e-05,2.73e-05,2.73e-05,0.1476573,2.73e-05,0.07298729999999999,2.73e-05,2.73e-05,0.0244373,2.73e-05,0.0121473,0.0382173,0.0325673,2.73e-05,2.73e-05,2.73e-05,0.0558472999999999,2.73e-05,0.11394729999999999,0.0327673,0.5004073,0.0042873,2.73e-05,2.73e-05,0.0169973,2.73e-05,0.0161773,2.73e-05,2.73e-05,2.73e-05,2.73e-05,0.11373729999999989,1.0394173,0.1838773,0.1710273,0.11795729999999999,0.0798873,0.0501873,0.0264373,0.0246373,0.0140573,0.0137573,2.73e-05,2.73e-05,2.73e-05,2.73e-05,2.73e-05,2.73e-05,2.73e-05,2.73e-05,2.73e-05,2.73e-05,2.73e-05,2.73e-05,2.73e-05,2.73e-05,2.73e-05,2.73e-05,2.73e-05,2.73e-05,2.73e-05,2.73e-05,2.73e-05,2.73e-05,2.73e-05,2.73e-05,2.73e-05,2.73e-05,2.73e-05,2.73e-05,2.73e-05,2.73e-05,2.73e-05,2.73e-05,2.73e-05,2.73e-05,2.73e-05,2.73e-05,2.73e-05,2.73e-05,2.73e-05,2.73e-05,2.73e-05,2.73e-05,2.73e-05,2.73e-05,2.73e-05,2.73e-05,2.73e-05,2.73e-05,2.73e-05,2.73e-05,2.73e-05,2.73e-05,2.73e-05,2.73e-05,2.73e-05,2.73e-05,2.73e-05,2.73e-05,2.73e-05,2.73e-05,2.73e-05,2.73e-05,2.73e-05,2.73e-05,2.73e-05,2.73e-05,15.0036073
36703_3#14,0.01124275,3.93264275,0.02553275,0.32465275,0.16466275,0.08691275,1.64627275,0.50791275,0.08942275,2.75044275,2.2750000000000004e-05,0.8784427499999999,0.50365275,2.2750000000000004e-05,2.2750000000000004e-05,0.12445275,1.1206627500000002,0.01042275,0.0640827499999999,0.6385027499999999,2.2750000000000004e-05,2.2750000000000004e-05,0.07855275,5.61193275,0.03933275,0.67951275,8.49724275,0.06505275,0.17405275,2.2750000000000004e-05,2.2750000000000004e-05,0.034702750000000004,0.016952750000000003,2.2750000000000004e-05,0.021312750000000002,2.2750000000000004e-05,0.00121275,2.2750000000000004e-05,2.2750000000000004e-05,2.2750000000000004e-05,2.2750000000000004e-05,0.0961927499999999,0.19707275,2.2750000000000004e-05,2.2750000000000004e-05,0.24653275,2.2750000000000004e-05,33.00634275,2.2750000000000004e-05,2.2750000000000004e-05,2.2750000000000004e-05,2.2750000000000004e-05,2.2750000000000004e-05,3.88215275,2.0261627499999997,1.88078275,2.2750000000000004e-05,0.04869275,2.2750000000000004e-05,2.2750000000000004e-05,0.8358027499999999,2.2750000000000004e-05,2.2750000000000004e-05,2.2750000000000004e-05,2.2750000000000004e-05,2.2750000000000004e-05,1.71525275,0.6007927499999999,0.03530275,0.01165275,2.2750000000000004e-05,2.2750000000000004e-05,0.00185275,0.0086627499999999,0.014312749999999999,0.07455275,2.2750000000000004e-05,0.00385275,2.2750000000000004e-05,2.2750000000000004e-05,2.2750000000000004e-05,2.2750000000000004e-05,1.02017275,1.1512327500000001,2.2750000000000004e-05,2.61364275,2.2750000000000004e-05,2.2750000000000004e-05,0.73614275,2.2750000000000004e-05,2.2750000000000004e-05,2.2750000000000004e-05,0.81296275,2.2750000000000004e-05,2.2750000000000004e-05,2.2750000000000004e-05,2.2750000000000004e-05,2.2750000000000004e-05,2.2750000000000004e-05,1.61274275,2.2750000000000004e-05,0.0600327499999999,2.2750000000000004e-05,2.2750000000000004e-05,2.2750000000000004e-05,2.2750000000000004e-05,2.2750000000000004e-05,2.2750000000000004e-05,2.2750000000000004e-05,2.2750000000000004e-05,0.03406275,2.2750000000000004e-05,0.1564627499999999,2.2750000000000004e-05,2.2750000000000004e-05,2.2750000000000004e-05,0.03408275,2.2750000000000004e-05,2.2750000000000004e-05,2.2750000000000004e-05,2.2750000000000004e-05,2.2750000000000004e-05,0.09111275,2.2750000000000004e-05,2.2750000000000004e-05,2.2750000000000004e-05,2.2750000000000004e-05,2.2750000000000004e-05,0.00227275,0.00159275,2.2750000000000004e-05,2.2750000000000004e-05,2.2750000000000004e-05,0.30124275,0.2115727499999999,0.05975275,0.04343275,0.0008727499999999,2.2750000000000004e-05,2.2750000000000004e-05,2.2750000000000004e-05,2.2750000000000004e-05,2.2750000000000004e-05,2.2750000000000004e-05,2.2750000000000004e-05,2.2750000000000004e-05,2.2750000000000004e-05,2.2750000000000004e-05,2.2750000000000004e-05,2.2750000000000004e-05,2.2750000000000004e-05,2.2750000000000004e-05,2.2750000000000004e-05,2.2750000000000004e-05,2.2750000000000004e-05,2.2750000000000004e-05,2.2750000000000004e-05,2.2750000000000004e-05,2.2750000000000004e-05,2.2750000000000004e-05,2.2750000000000004e-05,2.2750000000000004e-05,2.2750000000000004e-05,2.2750000000000004e-05,2.2750000000000004e-05,2.2750000000000004e-05,2.2750000000000004e-05,2.2750000000000004e-05,2.2750000000000004e-05,2.2750000000000004e-05,2.2750000000000004e-05,2.2750000000000004e-05,2.2750000000000004e-05,2.2750000000000004e-05,2.2750000000000004e-05,2.2750000000000004e-05,2.2750000000000004e-05,2.2750000000000004e-05,2.2750000000000004e-05,2.2750000000000004e-05,2.2750000000000004e-05,2.2750000000000004e-05,2.2750000000000004e-05,2.2750000000000004e-05,2.2750000000000004e-05,2.2750000000000004e-05,2.2750000000000004e-05,2.2750000000000004e-05,2.2750000000000004e-05,2.2750000000000004e-05,2.2750000000000004e-05,2.2750000000000004e-05,2.2750000000000004e-05,2.2750000000000004e-05,2.2750000000000004e-05,2.2750000000000004e-05,2.2750000000000004e-05,2.2750000000000004e-05,2.2750000000000004e-05,18.26779275000001
36703_3#15,1.8549999999999997e-05,14.905088549999999,1.8549999999999997e-05,0.6065485500000001,0.09419855,1.44970855,3.14176855,0.48583855,0.10207855,4.45753855,0.72218855,1.56349855,44.21779855,1.8549999999999997e-05,1.8549999999999997e-05,0.44349855,0.87967855,1.8549999999999997e-05,0.20857855,0.33396855,1.8549999999999997e-05,1.8549999999999997e-05,1.3896385500000001,2.42142855,1.8549999999999997e-05,0.4330885499999999,3.36339855,1.8549999999999997e-05,0.16104854999999998,1.8549999999999997e-05,1.8549999999999997e-05,1.8549999999999997e-05,0.03955855,1.8549999999999997e-05,0.01057855,1.8549999999999997e-05,0.02292855,1.8549999999999997e-05,0.0032085499999999997,0.01114855,1.8549999999999997e-05,1.8549999999999997e-05,0.0543885499999999,1.8549999999999997e-05,0.0012185499999999,0.04440855,1.8549999999999997e-05,0.40056854999999997,1.8549999999999997e-05,1.8549999999999997e-05,1.8549999999999997e-05,1.8549999999999997e-05,1.8549999999999997e-05,1.8549999999999997e-05,1.8549999999999997e-05,0.29711855,1.8549999999999997e-05,0.0023485499999999996,1.8549999999999997e-05,1.8549999999999997e-05,0.45368854999999997,1.8549999999999997e-05,1.8549999999999997e-05,1.8549999999999997e-05,0.027998549999999997,1.8549999999999997e-05,1.8549999999999997e-05,4.88785855,1.8549999999999997e-05,1.8549999999999997e-05,1.8549999999999997e-05,1.8549999999999997e-05,1.8549999999999997e-05,1.8549999999999997e-05,0.20822854999999998,1.8549999999999997e-05,0.06121855,1.8549999999999997e-05,0.0057285499999999,1.8549999999999997e-05,1.8549999999999997e-05,1.8549999999999997e-05,1.8549999999999997e-05,1.8549999999999997e-05,0.004048550000000001,0.58979855,1.8549999999999997e-05,1.8549999999999997e-05,1.54559855,1.8549999999999997e-05,0.019808549999999998,1.8549999999999997e-05,0.02349855,1.8549999999999997e-05,1.8549999999999997e-05,2.49398855,1.49015855,1.8549999999999997e-05,1.8549999999999997e-05,1.8549999999999997e-05,1.8549999999999997e-05,1.8549999999999997e-05,0.2309185499999999,1.8549999999999997e-05,0.05209855,1.8549999999999997e-05,1.8549999999999997e-05,1.8549999999999997e-05,1.8549999999999997e-05,1.8549999999999997e-05,1.8549999999999997e-05,1.8549999999999997e-05,0.0945785499999999,1.8549999999999997e-05,0.04472855,1.8549999999999997e-05,1.8549999999999997e-05,1.8549999999999997e-05,1.8549999999999997e-05,1.8549999999999997e-05,1.8549999999999997e-05,0.00989855,0.07665855,1.8549999999999997e-05,1.8549999999999997e-05,1.8549999999999997e-05,1.8549999999999997e-05,1.8549999999999997e-05,0.13442854999999998,1.8549999999999997e-05,1.8549999999999997e-05,1.8549999999999997e-05,1.8549999999999997e-05,1.8549999999999997e-05,1.8549999999999997e-05,1.8549999999999997e-05,1.8549999999999997e-05,1.8549999999999997e-05,0.41972855,1.8549999999999997e-05,1.8549999999999997e-05,1.8549999999999997e-05,1.8549999999999997e-05,1.8549999999999997e-05,1.8549999999999997e-05,1.8549999999999997e-05,1.8549999999999997e-05,1.8549999999999997e-05,1.8549999999999997e-05,1.8549999999999997e-05,1.8549999999999997e-05,1.8549999999999997e-05,1.8549999999999997e-05,1.8549999999999997e-05,1.8549999999999997e-05,1.8549999999999997e-05,1.8549999999999997e-05,1.8549999999999997e-05,1.8549999999999997e-05,1.8549999999999997e-05,1.8549999999999997e-05,1.8549999999999997e-05,1.8549999999999997e-05,1.8549999999999997e-05,1.8549999999999997e-05,1.8549999999999997e-05,1.8549999999999997e-05,1.8549999999999997e-05,1.8549999999999997e-05,1.8549999999999997e-05,1.8549999999999997e-05,1.8549999999999997e-05,1.8549999999999997e-05,1.8549999999999997e-05,1.8549999999999997e-05,1.8549999999999997e-05,1.8549999999999997e-05,1.8549999999999997e-05,1.8549999999999997e-05,1.8549999999999997e-05,1.8549999999999997e-05,1.8549999999999997e-05,1.8549999999999997e-05,1.8549999999999997e-05,1.8549999999999997e-05,1.8549999999999997e-05,1.8549999999999997e-05,1.8549999999999997e-05,1.8549999999999997e-05,1.8549999999999997e-05,1.8549999999999997e-05,1.8549999999999997e-05,1.8549999999999997e-05,1.8549999999999997e-05,1.8549999999999997e-05,1.8549999999999997e-05,1.8549999999999997e-05,1.8549999999999997e-05,1.8549999999999997e-05,4.854558550000022
36703_3#16,0.0236011,1.5297711,5.1099999999999995e-05,0.1906411,0.8994411,5.1099999999999995e-05,0.3091611,4.4834911,5.1099999999999995e-05,8.4393111,5.1099999999999995e-05,0.0987711,3.3552111,0.0142811,0.2015211,0.0032411,0.18912110000000001,4.5498311000000005,0.09317109999999999,0.0917311,0.6235210999999999,0.010081099999999999,0.1221011,0.1049411,0.0046311,1.5564911000000001,0.9980810999999999,0.048851099999999995,0.0887311,5.1099999999999995e-05,0.0045611,0.004741100000000001,0.2646411,5.1099999999999995e-05,0.010811099999999999,5.1099999999999995e-05,0.3346011,0.3136911,0.1953511,5.1099999999999995e-05,0.1211811,0.020641099999999902,5.1099999999999995e-05,0.021241100000000002,5.1099999999999995e-05,0.0050911,0.1860111,9.6501811,0.6039810999999999,0.0237311,0.14411110000000002,2.4303611,0.0553511,0.23522110000000002,1.0803511000000001,5.1099999999999995e-05,0.0044811,0.0820611,0.1713410999999999,1.4758211,5.1099999999999995e-05,0.2899511,5.1099999999999995e-05,0.2631510999999999,0.2335111,0.0331611,0.2428111,0.0985110999999999,1.5439411,0.056831099999999996,0.0481111,0.0149510999999999,0.0037011,0.0414511,0.7123111,0.050441099999999996,1.8213311,0.9967210999999999,0.0809011,0.1422411,0.9322611,1.5538911,5.1099999999999995e-05,0.08372109999999999,0.3124911,5.1099999999999995e-05,0.0896111,0.0027010999999999,5.1099999999999995e-05,5.1099999999999995e-05,0.0158511,0.0284511,5.1099999999999995e-05,0.010721099999999999,0.5892010999999999,5.1099999999999995e-05,0.1872211,0.0024211,0.0200911,5.1099999999999995e-05,0.1163910999999999,0.0153311,0.12410109999999999,0.0865411,0.0002911,5.1099999999999995e-05,0.2518111,0.0379411,5.1099999999999995e-05,0.0455811,5.1099999999999995e-05,0.2817811,0.1068011,0.0171911,5.1099999999999995e-05,0.1391611,1.8743711,0.021411100000000002,0.1596911,0.2671510999999999,0.0727211,0.0670711,5.1099999999999995e-05,5.1099999999999995e-05,1.7833011,0.0152611,0.0115410999999999,0.021421100000000002,0.0224811,0.15976110000000002,5.1099999999999995e-05,5.1099999999999995e-05,0.0347011,5.1099999999999995e-05,5.1099999999999995e-05,5.1099999999999995e-05,5.1099999999999995e-05,0.1372610999999999,5.1099999999999995e-05,2.3353911,1.6741511000000002,1.5360911000000002,1.2765611,0.6190210999999999,0.6148210999999999,0.5244911,0.4668511,0.3545011,0.2920911,0.17975110000000002,0.1546211,0.1066211,0.1062511,0.0890011,0.0664411,0.0653711,0.0629011,0.062361099999999996,0.0531211,0.0456911,0.042711099999999995,0.040311099999999996,0.0359211,0.0263811,0.023041100000000002,0.0219511,0.0215611,0.0209611,0.0146311,0.0137811,0.0130311,0.0105311,0.0100311,0.0077311,0.0062911,0.0027911,0.0026311,0.0003911,5.1099999999999995e-05,5.1099999999999995e-05,5.1099999999999995e-05,5.1099999999999995e-05,5.1099999999999995e-05,5.1099999999999995e-05,5.1099999999999995e-05,5.1099999999999995e-05,5.1099999999999995e-05,5.1099999999999995e-05,5.1099999999999995e-05,5.1099999999999995e-05,5.1099999999999995e-05,5.1099999999999995e-05,5.1099999999999995e-05,5.1099999999999995e-05,5.1099999999999995e-05,5.1099999999999995e-05,5.1099999999999995e-05,5.1099999999999995e-05,5.1099999999999995e-05,27.153441100000027
36703_3#17,2.4849999999999994e-05,1.08832485,2.4849999999999994e-05,1.75830485,0.05893485,2.4849999999999994e-05,6.05945485,7.9465248499999985,0.016764849999999998,1.6503948499999999,0.059724849999999996,2.32653485,0.02191485,2.4849999999999994e-05,2.4849999999999994e-05,0.98235485,2.76058485,2.4849999999999994e-05,0.05925485,0.20435485,2.4849999999999994e-05,2.4849999999999994e-05,2.4849999999999994e-05,17.65509485,0.08559485,0.61823485,5.86948485,0.8296548499999999,1.27970485,2.4849999999999994e-05,2.4849999999999994e-05,2.4849999999999994e-05,0.2019548499999999,0.0082848499999999,0.00052485,2.4849999999999994e-05,0.025194849999999998,2.4849999999999994e-05,0.19308485,2.4849999999999994e-05,0.19341485,3.18914485,0.16373485000000002,10.33855485,0.008994849999999999,2.4849999999999994e-05,0.0019248499999999999,4.66541485,2.4849999999999994e-05,0.53044485,2.4849999999999994e-05,2.4849999999999994e-05,0.06399485,13.03422485,2.4849999999999994e-05,2.4849999999999994e-05,2.4849999999999994e-05,0.59188485,2.4849999999999994e-05,0.03871485,0.10706485,0.02346485,2.4849999999999994e-05,2.4849999999999994e-05,0.18798485,2.4849999999999994e-05,2.4849999999999994e-05,0.19843485,0.7612448499999999,2.4849999999999994e-05,0.027754849999999998,0.07172485,2.4849999999999994e-05,0.11477485000000001,2.4849999999999994e-05,0.1499148499999999,0.4258748499999999,2.4849999999999994e-05,0.19124485,2.4849999999999994e-05,2.4849999999999994e-05,0.00842485,2.4849999999999994e-05,2.4849999999999994e-05,0.26319485,1.00952485,2.4849999999999994e-05,2.4849999999999994e-05,0.09273485000000001,2.4849999999999994e-05,0.0308448499999999,2.4849999999999994e-05,2.4849999999999994e-05,2.4849999999999994e-05,2.4849999999999994e-05,0.04937485,0.1751148499999999,2.4849999999999994e-05,2.4849999999999994e-05,0.19120485,2.4849999999999994e-05,2.4849999999999994e-05,0.12912485,2.4849999999999994e-05,0.0031648500000000003,2.4849999999999994e-05,2.4849999999999994e-05,0.2233248499999999,0.08483485,2.4849999999999994e-05,0.008824849999999999,2.4849999999999994e-05,0.18983485,2.4849999999999994e-05,0.048984849999999996,2.4849999999999994e-05,2.4849999999999994e-05,2.4849999999999994e-05,2.4849999999999994e-05,2.4849999999999994e-05,2.4849999999999994e-05,0.00230485,0.15669485,2.4849999999999994e-05,2.4849999999999994e-05,2.4849999999999994e-05,2.4849999999999994e-05,2.4849999999999994e-05,0.0570448499999999,2.4849999999999994e-05,2.4849999999999994e-05,2.4849999999999994e-05,2.4849999999999994e-05,2.4849999999999994e-05,2.4849999999999994e-05,2.4849999999999994e-05,2.4849999999999994e-05,2.4849999999999994e-05,0.08840485000000001,2.4849999999999994e-05,2.4849999999999994e-05,2.4849999999999994e-05,2.4849999999999994e-05,2.4849999999999994e-05,2.4849999999999994e-05,2.4849999999999994e-05,2.4849999999999994e-05,2.4849999999999994e-05,2.4849999999999994e-05,2.4849999999999994e-05,2.4849999999999994e-05,2.4849999999999994e-05,2.4849999999999994e-05,2.4849999999999994e-05,0.00707485,0.07506485,2.4849999999999994e-05,2.4849999999999994e-05,2.4849999999999994e-05,2.4849999999999994e-05,0.00547485,2.4849999999999994e-05,2.4849999999999994e-05,2.4849999999999994e-05,2.4849999999999994e-05,2.4849999999999994e-05,2.4849999999999994e-05,2.4849999999999994e-05,2.4849999999999994e-05,2.4849999999999994e-05,2.4849999999999994e-05,2.4849999999999994e-05,2.4849999999999994e-05,2.4849999999999994e-05,2.4849999999999994e-05,2.4849999999999994e-05,2.4849999999999994e-05,2.4849999999999994e-05,2.4849999999999994e-05,2.4849999999999994e-05,2.4849999999999994e-05,2.4849999999999994e-05,2.4849999999999994e-05,2.4849999999999994e-05,2.4849999999999994e-05,2.4849999999999994e-05,2.4849999999999994e-05,2.4849999999999994e-05,2.4849999999999994e-05,2.4849999999999994e-05,2.4849999999999994e-05,2.4849999999999994e-05,2.4849999999999994e-05,2.4849999999999994e-05,2.4849999999999994e-05,2.4849999999999994e-05,2.4849999999999994e-05,2.4849999999999994e-05,2.4849999999999994e-05,10.256044850000011
36703_3#18,0.02505115,6.47915115,3.115e-05,0.1300211499999999,0.62908115,3.115e-05,1.00151115,35.750381149999996,0.0226811499999999,2.1040511499999996,3.115e-05,2.26010115,0.4848811499999999,3.115e-05,3.115e-05,0.01402115,2.66950115,0.00142115,0.00583115,2.98365115,3.115e-05,3.115e-05,0.80624115,4.37780115,1.3098311500000002,0.53438115,0.87686115,0.09350115,0.06726114999999999,3.115e-05,0.03301115,3.115e-05,0.00037115,3.115e-05,0.2462811499999999,3.115e-05,0.09792115000000001,3.115e-05,3.115e-05,3.115e-05,0.02315115,1.7792011500000002,0.31484115,3.115e-05,3.115e-05,0.38865115,0.11364114999999991,2.05865115,0.97281115,0.16963114999999998,3.115e-05,0.31221115000000005,3.115e-05,7.128961149999999,3.5013911500000003,3.115e-05,1.16201115,0.08371115000000001,3.115e-05,0.02781115,0.33475115,3.115e-05,0.12958115,0.03587115,0.21817114999999998,3.115e-05,0.23499114999999998,0.40767115000000004,0.54867115,3.115e-05,0.50144115,0.00716115,3.115e-05,3.115e-05,3.115e-05,0.06502115,0.50020115,3.115e-05,0.00612115,3.115e-05,0.04234115,0.18200115,0.37819115000000003,0.04440115,3.115e-05,2.11635115,0.05322115,3.115e-05,0.15437114999999998,3.115e-05,3.115e-05,3.115e-05,0.23975115,3.115e-05,3.115e-05,0.06908115000000001,0.61481115,3.115e-05,3.115e-05,0.0807411499999999,0.03545115,0.00346115,0.44570114999999993,0.05094115,3.115e-05,3.115e-05,3.115e-05,0.23747115,0.02130115,3.115e-05,3.115e-05,3.115e-05,0.77194115,3.115e-05,3.115e-05,3.115e-05,3.115e-05,0.45393115,0.00139115,0.01465115,0.10672114999999999,0.12843115,0.01872115,3.115e-05,3.115e-05,0.00659115,3.115e-05,3.115e-05,0.12402114999999991,3.115e-05,3.115e-05,0.12563115,3.115e-05,3.115e-05,0.00783115,3.115e-05,3.115e-05,3.115e-05,3.115e-05,3.115e-05,3.115e-05,0.01270115,3.115e-05,3.115e-05,3.115e-05,3.115e-05,3.115e-05,3.115e-05,3.115e-05,3.115e-05,3.115e-05,3.115e-05,3.115e-05,0.00045115,3.115e-05,3.115e-05,3.115e-05,0.06678115000000001,0.09616115,3.115e-05,3.115e-05,3.115e-05,3.115e-05,3.115e-05,3.115e-05,3.115e-05,3.115e-05,3.115e-05,3.115e-05,3.115e-05,3.115e-05,3.115e-05,3.115e-05,0.01265115,3.115e-05,3.115e-05,3.115e-05,3.115e-05,0.49993114999999994,0.22221115,0.02509115,3.115e-05,3.115e-05,3.115e-05,3.115e-05,3.115e-05,3.115e-05,3.115e-05,3.115e-05,3.115e-05,3.115e-05,3.115e-05,3.115e-05,3.115e-05,3.115e-05,3.115e-05,3.115e-05,3.115e-05,3.115e-05,8.499981150000043
36703_3#19,0.0057244999999999996,12.165424499999999,0.0242145,0.8752445,1.1459645,0.040704500000000005,3.2709145,1.6179745,2.45e-05,1.8523645,0.1495245,2.45e-05,0.9456745,2.45e-05,2.45e-05,0.4645444999999999,8.260774499999998,0.2365345,2.45e-05,0.5408744999999999,2.45e-05,2.45e-05,6.1363345,8.4075145,0.35376450000000004,0.4292245,1.4761445,0.0021045,1.2841045,2.45e-05,2.45e-05,0.0478845,0.061754500000000004,2.45e-05,0.6882345,2.45e-05,0.0117945,0.0126745,2.45e-05,2.45e-05,2.45e-05,0.08158449999999999,0.0006644999999999,15.2773445,0.0008145,0.0491245,2.45e-05,1.6858045000000002,2.45e-05,2.45e-05,0.0067044999999999995,2.45e-05,0.0384945,2.45e-05,2.45e-05,0.9799245,2.45e-05,2.45e-05,2.45e-05,0.0031145,0.005094499999999999,0.1440344999999999,2.45e-05,2.45e-05,2.45e-05,2.45e-05,2.45e-05,11.3772945,2.45e-05,2.45e-05,2.45e-05,2.45e-05,2.45e-05,0.1027644999999999,2.45e-05,0.0283545,0.1588345,2.45e-05,2.45e-05,2.45e-05,2.45e-05,2.45e-05,2.45e-05,2.45e-05,0.0974945,0.1535345,2.45e-05,0.0204345,1.5835045,2.45e-05,0.00032450000000000003,2.45e-05,0.6130345,2.45e-05,2.45e-05,3.8707545,2.45e-05,0.0015345,0.032384500000000004,0.032384500000000004,2.45e-05,2.45e-05,0.0172045,2.45e-05,2.45e-05,2.45e-05,2.45e-05,2.45e-05,0.6480944999999999,2.45e-05,0.26429450000000004,2.45e-05,0.018384499999999998,2.45e-05,0.1295645,2.45e-05,2.45e-05,2.45e-05,2.45e-05,0.0027245,2.45e-05,0.22818449999999998,0.0283645,2.45e-05,2.45e-05,2.45e-05,2.45e-05,2.45e-05,0.0231845,2.45e-05,2.45e-05,0.0233345,2.45e-05,2.45e-05,0.0536745,2.45e-05,2.45e-05,2.45e-05,2.45e-05,2.45e-05,2.45e-05,2.45e-05,2.45e-05,2.45e-05,2.45e-05,2.45e-05,2.45e-05,2.45e-05,2.45e-05,2.45e-05,2.45e-05,0.0346645,0.0154045,2.45e-05,2.45e-05,2.45e-05,2.45e-05,2.45e-05,0.0100345,0.3528744999999999,0.050204500000000006,2.45e-05,2.45e-05,2.45e-05,2.45e-05,2.45e-05,2.45e-05,2.45e-05,2.45e-05,2.45e-05,2.45e-05,2.45e-05,2.45e-05,2.45e-05,2.45e-05,2.45e-05,2.45e-05,2.45e-05,2.45e-05,2.45e-05,2.45e-05,2.45e-05,2.45e-05,2.45e-05,2.45e-05,2.45e-05,2.45e-05,2.45e-05,2.45e-05,2.45e-05,2.45e-05,2.45e-05,2.45e-05,2.45e-05,2.45e-05,2.45e-05,2.45e-05,2.45e-05,2.45e-05,11.24329449999997
36703_3#1,5.269458,2.7999999999999996e-05,5.297008,1.141608,5.992398000000001,0.417628,0.8999280000000001,15.333307999999999,2.7999999999999996e-05,1.2284979999999999,0.516408,0.418588,12.222237999999999,1.9736079999999998,0.303968,0.339258,1.348378,0.047678,0.118978,2.812728,1.8659679999999998,0.911228,0.055978,0.010128,2.7999999999999996e-05,11.044037999999999,1.0943479999999999,0.379938,0.015458,0.166198,0.984708,2.224368,3.4755279999999997,0.133188,0.15604800000000002,0.095388,0.15255800000000003,0.319838,2.462668,0.1647379999999999,2.7999999999999996e-05,2.7999999999999996e-05,2.7999999999999996e-05,2.7999999999999996e-05,0.006658,2.7999999999999996e-05,2.7999999999999996e-05,2.7999999999999996e-05,2.7999999999999996e-05,2.7999999999999996e-05,2.7999999999999996e-05,2.7999999999999996e-05,2.7999999999999996e-05,2.7999999999999996e-05,2.7999999999999996e-05,2.7999999999999996e-05,2.7999999999999996e-05,0.732708,2.7999999999999996e-05,2.8996779999999998,1.037758,2.7999999999999996e-05,2.7999999999999996e-05,0.151518,0.14155800000000002,2.7999999999999996e-05,2.948918,0.216708,2.7999999999999996e-05,2.7999999999999996e-05,2.7999999999999996e-05,0.037658,2.7999999999999996e-05,2.7999999999999996e-05,2.7999999999999996e-05,2.7999999999999996e-05,0.5204880000000001,2.7999999999999996e-05,0.938038,2.7999999999999996e-05,0.025797999999999998,0.554188,2.7999999999999996e-05,2.7999999999999996e-05,2.7999999999999996e-05,0.029588,0.046718,2.7999999999999996e-05,2.7999999999999996e-05,2.7999999999999996e-05,2.7999999999999996e-05,2.7999999999999996e-05,2.7999999999999996e-05,2.7999999999999996e-05,2.7999999999999996e-05,2.7999999999999996e-05,2.7999999999999996e-05,0.0001879999999999,2.7999999999999996e-05,2.7999999999999996e-05,2.7999999999999996e-05,2.7999999999999996e-05,0.080748,2.7999999999999996e-05,0.022698,2.7999999999999996e-05,0.057608,2.7999999999999996e-05,2.7999999999999996e-05,2.7999999999999996e-05,2.7999999999999996e-05,0.0623979999999999,2.7999999999999996e-05,2.7999999999999996e-05,2.7999999999999996e-05,2.7999999999999996e-05,2.7999999999999996e-05,2.7999999999999996e-05,2.7999999999999996e-05,2.7999999999999996e-05,2.7999999999999996e-05,2.7999999999999996e-05,2.7999999999999996e-05,2.7999999999999996e-05,0.18427800000000003,2.7999999999999996e-05,2.7999999999999996e-05,2.7999999999999996e-05,0.037587999999999996,0.104998,2.7999999999999996e-05,2.7999999999999996e-05,2.7999999999999996e-05,1.185528,2.7999999999999996e-05,0.091258,2.7999999999999996e-05,2.7999999999999996e-05,2.7999999999999996e-05,2.7999999999999996e-05,2.7999999999999996e-05,2.7999999999999996e-05,2.7999999999999996e-05,2.7999999999999996e-05,2.7999999999999996e-05,2.7999999999999996e-05,2.7999999999999996e-05,2.7999999999999996e-05,0.048658,2.7999999999999996e-05,2.7999999999999996e-05,0.0007779999999999999,2.7999999999999996e-05,0.208098,2.7999999999999996e-05,0.1235879999999999,2.7999999999999996e-05,2.7999999999999996e-05,2.7999999999999996e-05,2.7999999999999996e-05,2.7999999999999996e-05,2.7999999999999996e-05,2.7999999999999996e-05,2.7999999999999996e-05,0.048728,2.7999999999999996e-05,0.030718,2.7999999999999996e-05,2.7999999999999996e-05,2.7999999999999996e-05,2.7999999999999996e-05,2.7999999999999996e-05,2.7999999999999996e-05,2.7999999999999996e-05,0.002858,0.019538,2.7999999999999996e-05,1.339718,2.7999999999999996e-05,2.7999999999999996e-05,2.7999999999999996e-05,0.687828,0.1907679999999999,0.069898,0.051818,0.0400979999999999,0.019278,0.006228,0.002058,2.7999999999999996e-05,2.7999999999999996e-05,2.7999999999999996e-05,2.7999999999999996e-05,2.7999999999999996e-05,2.7999999999999996e-05,2.7999999999999996e-05,2.7999999999999996e-05,2.7999999999999996e-05,2.7999999999999996e-05,3.5967379999999842
36703_3#21,5.144999999999999e-05,2.51675145,5.144999999999999e-05,0.02605145,0.3105514499999999,0.02964145,0.7824614500000001,1.08258145,0.00419145,1.58147145,0.009911449999999999,0.66760145,0.78107145,5.144999999999999e-05,5.144999999999999e-05,5.144999999999999e-05,0.21382145,0.01582145,0.10277145,0.08351144999999999,0.20818145,5.144999999999999e-05,0.87352145,0.01508145,0.00426145,0.26716144999999997,0.46139145,0.07805145,0.16728145,5.144999999999999e-05,0.00653145,0.12380145,2.2256814499999997,5.144999999999999e-05,0.04923145,5.144999999999999e-05,0.03173145,0.3695514499999999,0.40907145,5.144999999999999e-05,5.144999999999999e-05,5.144999999999999e-05,0.03191145,5.144999999999999e-05,0.02853145,5.144999999999999e-05,5.144999999999999e-05,1.38979145,5.144999999999999e-05,0.10702144999999999,5.144999999999999e-05,5.144999999999999e-05,0.00499145,0.4036414499999999,0.48093145,0.00544145,0.008371449999999999,0.32420145,5.144999999999999e-05,1.0300714499999999,0.012971449999999999,0.03243145,5.144999999999999e-05,0.19973145,0.12777144999999998,5.144999999999999e-05,5.144999999999999e-05,0.1201414499999999,5.144999999999999e-05,5.144999999999999e-05,0.010841449999999999,0.008641449999999998,5.144999999999999e-05,0.0235514499999999,5.144999999999999e-05,0.16166144999999998,1.4905814499999999,0.018771450000000002,0.04061145,0.00950145,0.0469214499999999,10.07342145,0.1799414499999999,0.07993144999999999,0.03344145,0.01840145,0.04909145,5.144999999999999e-05,0.03734145,0.00164145,0.00714145,0.45340145,0.04386145,5.144999999999999e-05,0.02859145,0.01814145,0.72023145,0.00013145,0.01172145,0.02333145,0.6348314500000001,5.144999999999999e-05,0.46050145,0.058811449999999904,0.024211450000000002,5.144999999999999e-05,0.01556145,0.02529145,0.00684145,5.144999999999999e-05,0.013861449999999999,0.6087914500000001,0.009191449999999999,5.144999999999999e-05,5.144999999999999e-05,0.00279145,0.02998145,0.17633145,0.07972144999999989,0.06826144999999999,0.043591450000000004,0.03744145,0.05670145,5.144999999999999e-05,1.61775145,0.00314145,0.11886145,0.07896144999999999,0.022591449999999902,0.00861145,0.009951449999999999,0.07936144999999989,0.00089145,5.144999999999999e-05,0.0052714499999999,5.144999999999999e-05,5.144999999999999e-05,0.29873145,5.144999999999999e-05,7.631451449999999,0.79678145,12.546081449999999,1.68595145,2.56033145,0.12065145,0.99721145,0.31059145,0.08746145,0.0556214499999999,5.144999999999999e-05,0.10733145,0.03379145,0.07211145,0.02995145,5.144999999999999e-05,0.09142144999999999,0.18347144999999998,0.0006914499999999,5.144999999999999e-05,5.144999999999999e-05,5.144999999999999e-05,0.05119145,5.144999999999999e-05,0.00160145,0.06331144999999999,0.07742144999999999,0.17710145,0.00428145,0.75002145,0.03959145,0.29393145,0.04033145,0.01248145,0.01125145,0.00733145,5.144999999999999e-05,0.07042145,5.144999999999999e-05,0.02469145,0.00448145,0.49757144999999997,5.144999999999999e-05,5.144999999999999e-05,5.144999999999999e-05,5.144999999999999e-05,5.144999999999999e-05,5.144999999999999e-05,5.144999999999999e-05,0.0551714499999999,0.12413144999999999,0.06619145,0.03598145,1.79275145,0.9942614500000001,0.35034145,0.05121145,0.04686145,0.00564145,0.0025214499999999,31.039901449999988
36703_3#22,5.18e-05,4.4669918,5.18e-05,0.9066418,2.9868218,0.051661799999999994,1.7462118,2.8466218000000003,5.18e-05,6.0961517999999995,0.0234118,0.9182318,1.2615018,5.18e-05,0.09855180000000001,0.041151799999999995,1.4827818,0.3059318,0.17753180000000002,1.6096618,1.1895118,5.18e-05,0.7348818,2.2247918,0.0063717999999999995,0.28343179999999996,1.1280318,0.10080180000000001,0.2493118,5.18e-05,0.0073818,0.1193218,2.4508318,5.18e-05,0.0633818,5.18e-05,0.0736618,0.0497118,1.4368618,5.18e-05,0.1686318,0.014231800000000001,0.0153718,5.18e-05,0.0662218,5.18e-05,0.2198918,8.5380318,5.18e-05,0.09769180000000001,0.1291418,0.6124518,5.18e-05,3.8447118000000002,6.0919918,0.015781800000000002,0.0733218,0.3995718,5.18e-05,0.5638118000000001,0.0005817999999999999,1.7697018000000002,0.1503518,0.044961799999999996,0.33322179999999996,5.18e-05,0.2619417999999999,1.2687018,5.18e-05,5.18e-05,0.022421800000000002,0.0983118,0.0339618,0.3060618,5.18e-05,0.052111799999999896,0.2425618,0.2439818,0.0029418,0.043321799999999994,0.2552118,0.35182179999999996,0.20137180000000002,0.061721799999999896,0.3185418,5.18e-05,0.022421800000000002,5.18e-05,0.1165917999999999,0.0273118,0.0135017999999999,5.18e-05,0.2355118,5.18e-05,0.0744318,5.18e-05,0.8938018000000001,0.0169318,0.09970180000000001,0.1562518,0.052931799999999994,0.0999218,0.1970917999999999,0.057411799999999895,0.1086718,0.0222418,0.1942218,0.09350180000000001,0.0009017999999999,0.0066417999999999,0.0017918,0.2509418,0.0355418,0.007461799999999999,0.0230718,0.0069018,0.1651218,1.0190318,0.1702118,0.0258517999999999,0.12635180000000001,0.10650180000000001,0.0746218,0.2144017999999999,0.1278418,5.18e-05,0.1570417999999999,0.1302418,0.06784180000000001,5.18e-05,0.007211799999999899,0.0280218,5.18e-05,5.18e-05,0.031421799999999896,5.18e-05,5.18e-05,0.0229818,5.18e-05,6.0294718,0.041011799999999994,0.3812618,0.1491718,5.18e-05,5.18e-05,0.060341799999999994,0.1276718,0.0043717999999999995,0.0017018,0.0057617999999998995,0.0055918,0.0273717999999999,0.0870318,5.18e-05,5.18e-05,5.18e-05,5.18e-05,0.7037818,0.31297179999999997,0.34387179999999995,0.0139618,0.1708117999999999,0.012231800000000001,0.0018118000000000001,0.0732518,0.014531800000000001,0.0135517999999999,0.0383018,5.18e-05,0.0644618,0.0940718,0.0122118,0.0198118,0.0329118,5.18e-05,5.18e-05,0.0070117999999999995,5.18e-05,0.1226917999999999,5.18e-05,0.0005718,5.18e-05,5.18e-05,5.18e-05,5.18e-05,5.18e-05,5.18e-05,5.18e-05,0.0011918,1.2807618,0.046611799999999995,0.0674518,5.18e-05,5.18e-05,0.0653918,0.0671018,0.0177517999999999,5.18e-05,5.18e-05,22.134241799999984
36703_3#23,2.31e-05,0.0036430999999999,2.31e-05,3.2663231,0.2451531,0.1274731,11.144923100000002,0.08234309999999989,0.1350231,3.2491431,1.1434330999999998,0.5676431,0.9444431000000001,2.31e-05,2.31e-05,2.2901731,1.2677231,2.31e-05,0.0004231,0.33697309999999997,2.31e-05,2.31e-05,0.9633631,0.5900131000000001,0.1181130999999999,0.3263531,0.8068631,0.013323099999999899,0.3303931,2.31e-05,2.31e-05,2.31e-05,0.0392731,2.31e-05,2.31e-05,2.31e-05,0.08709309999999999,2.31e-05,0.040823099999999994,0.36532309999999996,2.31e-05,2.31e-05,2.31e-05,19.571033099999998,2.31e-05,0.032783099999999996,2.31e-05,2.31e-05,2.31e-05,2.31e-05,2.31e-05,2.31e-05,2.31e-05,16.331443099999998,0.1162531,1.3958431,0.48961309999999997,0.21199310000000002,0.0061131,2.31e-05,0.012313099999999999,2.31e-05,2.31e-05,0.009753099999999999,0.0094331,2.31e-05,2.31e-05,7.6411831,2.31e-05,0.2531631,2.31e-05,2.31e-05,2.31e-05,0.0963031,2.31e-05,2.31e-05,2.31e-05,2.31e-05,2.31e-05,2.31e-05,2.31e-05,2.31e-05,1.0574131,2.31e-05,0.0219631,2.31e-05,2.31e-05,2.31e-05,0.0781631,2.31e-05,0.0453031,2.31e-05,2.31e-05,2.31e-05,0.0007231,2.31e-05,0.2116831,0.0220031,0.0025631,0.15243310000000002,2.31e-05,0.0009431,0.07328309999999989,0.0092331,0.026823099999999902,0.4076631,2.31e-05,2.31e-05,2.31e-05,2.31e-05,0.0117831,2.31e-05,0.054143099999999895,2.31e-05,0.06554309999999999,2.31e-05,2.31e-05,2.31e-05,2.31e-05,0.12289309999999999,2.31e-05,0.0139031,2.31e-05,2.31e-05,2.31e-05,2.31e-05,2.31e-05,2.31e-05,0.042993099999999895,5.3235531,0.0008131,2.31e-05,2.31e-05,0.1841131,2.31e-05,2.31e-05,2.31e-05,2.31e-05,2.31e-05,2.31e-05,2.31e-05,2.31e-05,2.31e-05,2.31e-05,2.31e-05,2.31e-05,2.31e-05,2.31e-05,2.31e-05,2.31e-05,2.31e-05,2.31e-05,2.31e-05,2.31e-05,2.31e-05,2.31e-05,2.31e-05,2.31e-05,2.31e-05,2.31e-05,2.31e-05,2.31e-05,2.31e-05,2.31e-05,2.31e-05,2.31e-05,2.31e-05,2.31e-05,2.31e-05,2.31e-05,2.31e-05,2.31e-05,2.31e-05,2.31e-05,2.31e-05,2.31e-05,2.31e-05,2.31e-05,2.31e-05,2.31e-05,2.31e-05,2.31e-05,2.31e-05,2.31e-05,2.31e-05,2.31e-05,2.31e-05,2.31e-05,2.31e-05,1.6261731,2.31e-05,2.31e-05,2.31e-05,2.31e-05,2.31e-05,2.31e-05,0.010063099999999998,2.31e-05,2.31e-05,15.767743100000004
36703_3#24,2.8699999999999993e-05,2.8699999999999993e-05,2.8699999999999993e-05,5.431528699999999,0.0620587,2.8699999999999993e-05,2.0305687,0.4814986999999999,2.8699999999999993e-05,1.1810187,0.0009587,0.1850887,0.0357787,2.8699999999999993e-05,0.0078487,0.9192087,0.8874687,2.8699999999999993e-05,0.1024187,1.5284587,2.8699999999999993e-05,2.8699999999999993e-05,0.1200587,62.00743870000001,3.2874087000000003,0.0016087,6.677528699999999,0.0253786999999999,0.1671487,2.8699999999999993e-05,2.8699999999999993e-05,0.016768699999999997,0.16670870000000002,2.8699999999999993e-05,0.0149786999999999,2.8699999999999993e-05,0.0019087,2.8699999999999993e-05,0.0274486999999999,2.8699999999999993e-05,0.0024086999999999997,0.6803087,2.8699999999999993e-05,0.9767387,2.8699999999999993e-05,0.2165786999999999,2.8699999999999993e-05,0.5526087,2.8699999999999993e-05,0.2323087,2.8699999999999993e-05,0.0030987,0.0023287,3.8487687,0.41518869999999997,0.0233487,0.25504869999999996,0.3065987,2.8699999999999993e-05,2.8699999999999993e-05,0.2045587,2.8699999999999993e-05,2.8699999999999993e-05,0.00021869999999999998,0.0149987,0.1478487,0.2387286999999999,0.4608387,2.8699999999999993e-05,0.011398700000000001,0.0074087,0.0331987,0.028178699999999997,0.0409687,2.8699999999999993e-05,2.8699999999999993e-05,2.8699999999999993e-05,2.8699999999999993e-05,0.0051886999999998995,2.8699999999999993e-05,0.0014687,2.8699999999999993e-05,0.1334187,0.0098387,2.8699999999999993e-05,0.0497887,2.8699999999999993e-05,0.0273787,0.0271887,2.8699999999999993e-05,0.0002087,2.8699999999999993e-05,2.8699999999999993e-05,2.8699999999999993e-05,2.8699999999999993e-05,0.010978700000000001,0.0017587,2.8699999999999993e-05,0.028008699999999997,0.0123987,2.8699999999999993e-05,0.019988699999999998,0.040058699999999996,2.8699999999999993e-05,0.0054487,0.11338869999999991,2.8699999999999993e-05,0.4093187,0.0638687,2.8699999999999993e-05,2.8699999999999993e-05,2.8699999999999993e-05,2.8699999999999993e-05,2.8699999999999993e-05,0.0602386999999999,2.8699999999999993e-05,2.8699999999999993e-05,0.0222387,2.8699999999999993e-05,2.8699999999999993e-05,2.8699999999999993e-05,0.0039886999999999995,2.8699999999999993e-05,0.0112587,2.8699999999999993e-05,0.0267587,2.8699999999999993e-05,0.0266187,0.0195987,2.8699999999999993e-05,2.8699999999999993e-05,0.0746087,2.8699999999999993e-05,2.8699999999999993e-05,2.8699999999999993e-05,2.8699999999999993e-05,2.8699999999999993e-05,2.8699999999999993e-05,2.8699999999999993e-05,0.011618700000000001,2.8699999999999993e-05,2.8699999999999993e-05,2.8699999999999993e-05,2.8699999999999993e-05,2.8699999999999993e-05,2.8699999999999993e-05,2.8699999999999993e-05,2.8699999999999993e-05,2.8699999999999993e-05,2.8699999999999993e-05,2.8699999999999993e-05,2.8699999999999993e-05,2.8699999999999993e-05,2.8699999999999993e-05,0.010208700000000001,2.8699999999999993e-05,2.8699999999999993e-05,2.8699999999999993e-05,2.8699999999999993e-05,2.8699999999999993e-05,2.8699999999999993e-05,2.8699999999999993e-05,2.8699999999999993e-05,2.8699999999999993e-05,2.8699999999999993e-05,2.8699999999999993e-05,2.8699999999999993e-05,0.08141870000000001,2.8699999999999993e-05,2.8699999999999993e-05,2.8699999999999993e-05,2.8699999999999993e-05,2.8699999999999993e-05,2.8699999999999993e-05,2.8699999999999993e-05,2.8699999999999993e-05,2.8699999999999993e-05,2.8699999999999993e-05,2.8699999999999993e-05,0.1775886999999999,2.8699999999999993e-05,2.8699999999999993e-05,2.8699999999999993e-05,2.8699999999999993e-05,2.8699999999999993e-05,2.8699999999999993e-05,2.8699999999999993e-05,2.8699999999999993e-05,2.8699999999999993e-05,2.8699999999999993e-05,0.0919587,0.0111386999999999,2.8699999999999993e-05,2.8699999999999993e-05,2.8699999999999993e-05,2.8699999999999993e-05,2.8699999999999993e-05,2.8699999999999993e-05,2.8699999999999993e-05,4.3357086999999614
36703_3#25,2.5199999999999996e-05,1.9834852,2.5199999999999996e-05,1.8399452,5.9559852,2.5199999999999996e-05,0.9504752000000001,5.2306951999999995,2.5199999999999996e-05,0.3992852,0.0204852,1.3056552000000001,1.0428652,2.5199999999999996e-05,0.0473552,0.0427752,2.9525752,0.003925199999999999,0.0292451999999999,0.8078652000000001,0.0006351999999999,2.5199999999999996e-05,0.0598152,24.8548652,20.6067752,0.24632519999999988,0.6871952,0.3720652,0.0869852,2.5199999999999996e-05,2.5199999999999996e-05,0.0221552,0.050635200000000005,2.5199999999999996e-05,2.5199999999999996e-05,2.5199999999999996e-05,0.0528152,2.5199999999999996e-05,0.8102452,2.5199999999999996e-05,0.4067152,3.4778952000000003,2.5199999999999996e-05,2.5199999999999996e-05,2.5199999999999996e-05,2.5199999999999996e-05,0.0230852,7.6646352,2.5199999999999996e-05,0.2285952,2.5199999999999996e-05,0.5365852000000001,2.5199999999999996e-05,4.7508652,4.9038151999999995,2.5199999999999996e-05,0.1146552,0.0407652,2.5199999999999996e-05,0.0712552,0.0704552,2.5199999999999996e-05,0.0821152,2.5199999999999996e-05,2.5199999999999996e-05,0.0510952,0.1501352,0.0383452,0.0215552,2.5199999999999996e-05,0.7250752,0.0357552,2.5199999999999996e-05,0.0199452,2.5199999999999996e-05,0.0017352,2.5199999999999996e-05,2.5199999999999996e-05,2.5199999999999996e-05,0.0580052,2.5199999999999996e-05,2.5199999999999996e-05,0.0607052,0.056415200000000006,0.0167852,2.5199999999999996e-05,2.5199999999999996e-05,0.0077151999999999,0.1454352,2.5199999999999996e-05,2.5199999999999996e-05,2.5199999999999996e-05,2.5199999999999996e-05,0.0007752,2.5199999999999996e-05,0.019985199999999998,2.5199999999999996e-05,2.5199999999999996e-05,2.5199999999999996e-05,0.0321451999999999,2.5199999999999996e-05,2.5199999999999996e-05,2.5199999999999996e-05,2.5199999999999996e-05,2.5199999999999996e-05,2.5199999999999996e-05,2.5199999999999996e-05,0.0401952,2.5199999999999996e-05,0.0197552,2.5199999999999996e-05,2.5199999999999996e-05,0.036965200000000004,2.5199999999999996e-05,0.0069952,2.5199999999999996e-05,2.5199999999999996e-05,0.0227752,2.5199999999999996e-05,2.5199999999999996e-05,2.5199999999999996e-05,2.5199999999999996e-05,2.5199999999999996e-05,0.1769952,0.0065252,0.08453519999999991,0.24091519999999988,0.0369852,2.5199999999999996e-05,0.1053852,2.5199999999999996e-05,0.031045199999999898,2.5199999999999996e-05,2.5199999999999996e-05,2.5199999999999996e-05,2.5199999999999996e-05,2.5199999999999996e-05,2.5199999999999996e-05,2.5199999999999996e-05,0.0070052,2.5199999999999996e-05,2.5199999999999996e-05,2.5199999999999996e-05,2.5199999999999996e-05,2.5199999999999996e-05,2.5199999999999996e-05,2.5199999999999996e-05,2.5199999999999996e-05,2.5199999999999996e-05,2.5199999999999996e-05,2.5199999999999996e-05,2.5199999999999996e-05,2.5199999999999996e-05,2.5199999999999996e-05,2.5199999999999996e-05,2.5199999999999996e-05,2.5199999999999996e-05,2.5199999999999996e-05,2.5199999999999996e-05,2.5199999999999996e-05,2.5199999999999996e-05,2.5199999999999996e-05,2.5199999999999996e-05,2.5199999999999996e-05,2.5199999999999996e-05,2.5199999999999996e-05,2.5199999999999996e-05,2.5199999999999996e-05,2.5199999999999996e-05,2.5199999999999996e-05,2.5199999999999996e-05,2.5199999999999996e-05,2.5199999999999996e-05,2.5199999999999996e-05,2.5199999999999996e-05,2.5199999999999996e-05,2.5199999999999996e-05,2.5199999999999996e-05,0.0209452,2.5199999999999996e-05,2.5199999999999996e-05,2.5199999999999996e-05,2.5199999999999996e-05,2.5199999999999996e-05,2.5199999999999996e-05,2.5199999999999996e-05,2.5199999999999996e-05,2.5199999999999996e-05,2.5199999999999996e-05,2.5199999999999996e-05,2.5199999999999996e-05,2.5199999999999996e-05,2.5199999999999996e-05,2.5199999999999996e-05,2.5199999999999996e-05,2.5199999999999996e-05,2.5199999999999996e-05,2.5199999999999996e-05,2.5199999999999996e-05,4.883575199999967
36703_3#26,3.955e-05,0.21118955,3.955e-05,1.17101955,3.46646955,3.955e-05,0.70073955,9.324069549999999,3.955e-05,1.2242595500000002,0.00393955,0.96987955,5.15060955,3.955e-05,0.05335955,0.27275954999999996,0.94388955,5.46393955,0.0721995499999999,0.32750955,1.15135955,3.955e-05,0.16324955000000002,0.5118895499999999,0.76367955,11.956819549999999,1.4334795500000002,0.05286955,0.02319955,3.955e-05,0.01901955,0.018719549999999998,0.09467955,3.955e-05,0.24612955,3.955e-05,0.043199549999999996,0.02887955,3.955e-05,3.955e-05,0.00691955,0.02958955,0.01542955,0.00031955,3.955e-05,3.955e-05,0.8334795500000001,21.94408955,3.955e-05,3.955e-05,3.955e-05,0.06716955,0.08631955,1.6040695500000002,4.24093955,3.955e-05,0.36146955,3.955e-05,3.955e-05,0.51480955,0.05056955,3.955e-05,3.955e-05,0.04293955,0.09518955,0.70077955,0.24130955,0.34598955,0.24020955000000002,3.955e-05,0.0254795499999999,3.955e-05,0.029299549999999997,3.955e-05,3.955e-05,0.046459549999999995,0.43119955,0.3169895499999999,0.04379955,0.19601955000000001,0.04821955,0.67879955,0.23313955,1.14987955,3.955e-05,0.08684955,0.009109550000000001,3.955e-05,0.06008955,3.955e-05,3.955e-05,3.955e-05,0.01081955,0.07350954999999999,0.02607955,0.31883954999999997,3.955e-05,0.01464955,3.955e-05,0.026479549999999998,0.1114295499999999,0.0876995499999999,0.17019955,0.05627955,0.01039955,3.955e-05,0.06602954999999999,0.07722955,0.01670955,3.955e-05,3.955e-05,3.955e-05,3.955e-05,0.00439955,0.00233955,0.00043955,0.08092955,0.056999549999999996,3.955e-05,0.05151955,3.955e-05,0.034339549999999996,0.026829549999999997,0.1192995499999999,0.19521955000000002,0.13220955,0.01806955,0.19197955,0.08636955,3.955e-05,0.07242955,0.26878955,0.037169549999999996,3.955e-05,3.955e-05,3.955e-05,3.955e-05,3.955e-05,3.955e-05,3.955e-05,3.955e-05,0.54548955,3.955e-05,3.955e-05,3.955e-05,3.955e-05,3.955e-05,3.955e-05,3.955e-05,3.955e-05,0.0031595499999999,3.955e-05,0.32946955,0.00156955,3.955e-05,0.02574955,3.955e-05,3.955e-05,3.955e-05,3.955e-05,0.4394395499999999,0.06323955,0.0577995499999999,0.040809549999999896,0.11476955,3.955e-05,0.015929549999999997,3.955e-05,0.01032955,3.955e-05,3.955e-05,0.09207955,3.955e-05,3.955e-05,3.955e-05,3.955e-05,3.955e-05,3.955e-05,0.06719955,0.00202955,0.0141295499999999,3.955e-05,3.955e-05,3.955e-05,3.955e-05,3.955e-05,3.955e-05,3.955e-05,0.01444955,3.955e-05,3.955e-05,0.09241955,3.955e-05,3.955e-05,3.955e-05,3.955e-05,0.023919549999999998,3.955e-05,3.955e-05,14.956959549999974
36703_3#27,4.62e-05,2.7127562,4.62e-05,0.08561619999999999,0.0691262,4.62e-05,0.4943262,6.8238062,4.62e-05,3.9472161999999997,0.0195562,1.4916062,0.5648462,4.62e-05,4.62e-05,4.62e-05,1.3466062,0.0156262,0.09831619999999999,1.2633562,0.0444661999999999,4.62e-05,0.14557620000000002,0.16292620000000002,0.0017461999999998999,2.3382761999999997,0.5631662,0.0407562,0.2267962,4.62e-05,4.62e-05,0.0319762,0.23352620000000002,4.62e-05,0.0249862,4.62e-05,0.0466762,0.0432562,4.62e-05,4.62e-05,0.0489262,0.4527362,4.62e-05,0.0573161999999999,4.62e-05,4.62e-05,0.4428562,8.0852862,4.0324762,0.0507962,4.62e-05,0.7478661999999999,4.62e-05,2.3174162,2.4601062,0.0078162,0.1435062,0.1621562,4.62e-05,0.3522961999999999,0.2384562,4.62e-05,2.8549762,0.0533562,0.18520620000000002,1.6785262,0.4553762,0.0369062,10.8928162,4.62e-05,0.0042762,0.0431662,0.0175262,0.0209762,0.5491961999999999,0.29086619999999996,0.2618262,0.14191620000000002,4.62e-05,4.62e-05,0.0043462,1.3297562,0.08490619999999989,0.1985462,0.055656199999999906,0.2590961999999999,0.0361462,0.023676199999999998,0.0371662,0.0061762,0.0108062,4.62e-05,4.62e-05,0.0069162,0.0536162,0.0677262,0.2215462,4.62e-05,4.62e-05,0.0318862,0.1177462,4.62e-05,0.0622662,0.1030162,0.0039362,0.008826200000000001,4.62e-05,4.62e-05,0.0051262,4.62e-05,4.62e-05,0.1338162,4.62e-05,4.62e-05,0.020356199999999998,4.62e-05,1.9502662000000002,0.011926200000000001,0.0010762,1.8926662,0.1568662,0.11558619999999989,4.62e-05,0.3120362,0.15720620000000002,0.0098861999999999,0.0232162,0.0976162,0.019246199999999998,0.0221262,4.62e-05,0.0280362,4.62e-05,4.62e-05,4.62e-05,4.62e-05,4.62e-05,0.0015762,4.62e-05,8.7322062,4.62e-05,3.7129562,0.5104362,0.3807462,4.62e-05,0.0257661999999999,0.1014262,0.0835862,0.0057662,4.62e-05,0.010746200000000001,4.62e-05,4.62e-05,0.0047862,4.62e-05,0.009766200000000001,0.0285162,4.62e-05,0.1078362,0.07626619999999999,4.62e-05,0.0171361999999999,0.020946199999999998,0.014616200000000001,4.62e-05,0.011836199999999901,0.0382062,0.010346200000000002,0.033046200000000005,0.0833762,4.62e-05,0.0547862,4.62e-05,0.0270161999999999,0.0007662,4.62e-05,0.1293062,4.62e-05,0.0218662,4.62e-05,0.1459862,4.62e-05,4.62e-05,4.62e-05,4.62e-05,4.62e-05,4.62e-05,4.62e-05,0.0212362,4.62e-05,4.62e-05,0.0026661999999999,4.62e-05,0.34332619999999997,0.1941562,0.0121861999999999,0.0181762,0.0102462,0.0010462,17.387566200000016
36703_3#28,4.13e-05,1.5002913,4.13e-05,0.47407130000000003,4.8151013,4.13e-05,1.1843613,13.7196813,0.0307913,1.1725313,4.13e-05,1.4306212999999999,3.0133413,0.0002813,0.0032113,0.2222812999999999,0.7198313000000001,0.3273213,0.0309213,1.5486813,0.10314129999999999,0.0093413,0.1458613,19.4406613,0.2882912999999999,0.9078613,0.3103613,0.0558113,0.1927613,4.13e-05,0.0624313,4.13e-05,0.2351912999999999,4.13e-05,0.07533129999999999,4.13e-05,0.1788913,0.0507913,4.13e-05,4.13e-05,0.3560313,2.8447613,0.0292113,0.3402113,4.13e-05,0.0168713,0.0235013,5.841271300000001,0.0762113,4.13e-05,4.13e-05,2.6407113,4.13e-05,2.0216312999999997,5.116561300000001,4.13e-05,1.0342212999999998,0.0797813,4.13e-05,0.9038113,0.0094313,0.0344813,1.0459113,0.0336413,0.5148513,1.9803613,0.1920813,0.09938129999999999,0.1251013,0.031101300000000002,0.0938913,0.024121300000000002,0.0015713,0.7760412999999999,4.13e-05,0.2480412999999999,0.0553413,0.08936129999999999,0.0066913,0.0015213,0.0769913,0.34691130000000003,0.4058613,0.22825130000000002,0.3860513,4.13e-05,0.0092913,4.13e-05,0.1029113,4.13e-05,0.0025313,0.1193713,3.9903013,4.13e-05,0.0236613,4.13e-05,0.0140813,0.0087013,0.0164613,0.14865130000000001,0.0545513,0.0269013,0.1149812999999999,0.10772129999999999,0.024461300000000002,4.13e-05,0.0135113,0.1715013,4.13e-05,4.13e-05,4.13e-05,0.0651113,2.8789613,0.0035813,0.08123129999999999,0.0051813,0.0510813,0.19947130000000002,0.0089113,0.0482813,0.0003112999999999,0.0873113,0.0298412999999999,0.0445013,4.13e-05,4.13e-05,0.4825112999999999,0.09860129999999999,0.0252513,4.13e-05,4.13e-05,0.0146713,4.13e-05,4.13e-05,4.13e-05,4.13e-05,0.0299313,4.13e-05,4.13e-05,0.08711129999999999,4.13e-05,0.7228513,4.13e-05,4.13e-05,4.13e-05,4.13e-05,4.13e-05,4.13e-05,4.13e-05,0.0388513,4.13e-05,4.13e-05,4.13e-05,0.0251913,4.13e-05,4.13e-05,4.13e-05,4.13e-05,0.8807713,4.13e-05,0.013411300000000001,0.0057813,4.13e-05,4.13e-05,4.13e-05,0.09362129999999999,4.13e-05,4.13e-05,4.13e-05,4.13e-05,4.13e-05,4.13e-05,0.0493913,4.13e-05,4.13e-05,4.13e-05,4.13e-05,4.13e-05,0.0524113,0.3507513,0.0017813,4.13e-05,4.13e-05,4.13e-05,4.13e-05,4.13e-05,4.13e-05,4.13e-05,4.13e-05,4.13e-05,0.1684513,4.13e-05,4.13e-05,1.1837113,4.13e-05,4.13e-05,4.13e-05,4.13e-05,4.13e-05,6.83636129999997
36703_3#29,3.535e-05,3.535e-05,3.535e-05,0.24385535,0.58366535,3.535e-05,0.17349535,15.41391535,3.535e-05,0.9090553499999999,3.535e-05,0.37632534999999995,0.35826535,3.535e-05,0.01171535,0.04392535,0.66464535,0.037995350000000004,0.026305349999999998,0.57071535,0.14076535,3.535e-05,0.16873535,2.5328853500000004,0.3511253499999999,0.08709535,11.02672535,0.22494535000000002,0.02083535,3.535e-05,0.0042553499999999,1.65277535,1.5018753500000002,3.535e-05,0.00133535,3.535e-05,1.4550353500000002,3.535e-05,0.18232535,3.535e-05,1.07205535,4.74944535,0.8041753500000001,3.535e-05,3.535e-05,3.535e-05,0.66304535,15.71805535,0.90450535,0.74589535,3.535e-05,0.43367534999999996,0.00444535,1.17892535,0.46082534999999997,0.0086753499999999,0.01367535,0.0124253499999999,3.535e-05,0.31258535,0.01981535,0.3557853499999999,0.01732535,0.04344535,3.535e-05,0.26435535,1.49647535,0.13445535,0.006625349999999901,0.0036053500000000002,0.03522535,0.00254535,3.535e-05,0.26716534999999997,3.535e-05,0.2412353499999999,3.535e-05,0.02457535,3.535e-05,0.08680535,0.14527535,0.23008535,0.055395349999999906,0.53232535,0.0512553499999999,0.75986535,3.535e-05,3.535e-05,0.02076535,3.535e-05,3.535e-05,0.00416535,3.535e-05,3.535e-05,0.41999535,0.07305535,0.03844535,3.535e-05,3.535e-05,0.01294535,0.01829535,0.0027853500000000002,0.056985350000000004,0.01174535,3.535e-05,3.535e-05,0.05128535,3.535e-05,3.535e-05,3.535e-05,0.037095350000000006,0.18640535,0.020005349999999998,3.535e-05,3.535e-05,3.535e-05,3.535e-05,3.535e-05,0.00948535,0.05453535,3.535e-05,0.00385535,0.10411535000000001,0.3889753499999999,0.0362553499999999,0.03019535,3.535e-05,0.13838535,0.00403535,3.535e-05,3.535e-05,3.535e-05,3.535e-05,3.535e-05,3.535e-05,3.535e-05,3.535e-05,3.535e-05,3.535e-05,0.35111535,0.00274535,0.13801535,3.535e-05,3.535e-05,3.535e-05,3.535e-05,3.535e-05,0.04571535,0.00724535,3.535e-05,3.535e-05,3.535e-05,0.37079534999999997,0.0040453499999999,3.535e-05,3.535e-05,3.535e-05,3.535e-05,0.9633353499999999,3.535e-05,3.535e-05,0.033985350000000004,3.535e-05,3.535e-05,3.535e-05,3.535e-05,3.535e-05,3.535e-05,3.535e-05,3.535e-05,3.535e-05,3.535e-05,3.535e-05,3.535e-05,3.535e-05,3.535e-05,3.535e-05,3.535e-05,3.535e-05,1.09483535,3.535e-05,3.535e-05,3.535e-05,3.535e-05,3.535e-05,3.535e-05,3.535e-05,3.535e-05,3.535e-05,3.535e-05,3.535e-05,3.535e-05,0.01900535,0.54677535,0.00464535,0.03427535,3.535e-05,3.535e-05,3.535e-05,24.035505350000054
36703_3#2,2.34621645,0.7005164500000001,13.023566449999999,0.30754644999999997,3.62698645,0.46718645,0.97731645,22.02343645,1.645e-05,0.45808644999999987,0.13405644999999988,0.51509645,2.2491864500000003,0.10233645,1.645e-05,0.22328645,0.15817644999999989,1.645e-05,0.0369164499999999,0.36558645,1.645e-05,0.13769645,0.0141664499999999,0.0780764499999999,1.05864645,1.93430645,4.363536450000001,0.1205264499999999,0.00592645,0.058106450000000004,0.0289864499999999,0.3775664499999999,0.04063645,1.645e-05,1.645e-05,0.01309645,0.020436450000000002,0.03409645,5.65791645,1.645e-05,0.01026645,0.0116764499999999,1.645e-05,1.645e-05,1.645e-05,1.645e-05,1.645e-05,27.96406645,1.645e-05,1.645e-05,1.645e-05,1.645e-05,1.645e-05,1.645e-05,1.645e-05,1.645e-05,1.645e-05,0.0034964500000000003,1.645e-05,1.645e-05,1.645e-05,1.645e-05,1.645e-05,1.645e-05,0.3375064499999999,1.645e-05,1.645e-05,0.10344645,1.645e-05,1.645e-05,1.645e-05,1.645e-05,1.645e-05,1.645e-05,1.645e-05,1.645e-05,1.645e-05,1.645e-05,1.645e-05,1.645e-05,1.645e-05,1.645e-05,1.645e-05,1.645e-05,1.645e-05,1.645e-05,1.645e-05,1.645e-05,1.645e-05,1.645e-05,1.645e-05,1.645e-05,1.645e-05,1.645e-05,1.645e-05,4.158576450000001,1.645e-05,1.645e-05,1.645e-05,1.645e-05,1.645e-05,1.645e-05,1.645e-05,1.645e-05,1.645e-05,1.645e-05,1.645e-05,1.645e-05,1.645e-05,0.44221645,0.10026645000000001,1.645e-05,1.645e-05,1.645e-05,1.645e-05,1.645e-05,1.645e-05,1.645e-05,1.645e-05,1.645e-05,1.645e-05,1.645e-05,1.645e-05,1.645e-05,1.645e-05,1.645e-05,1.645e-05,1.645e-05,1.645e-05,1.645e-05,1.645e-05,1.645e-05,1.645e-05,1.645e-05,1.645e-05,0.03696645,1.645e-05,1.645e-05,1.645e-05,1.645e-05,1.645e-05,1.645e-05,1.645e-05,1.645e-05,1.645e-05,1.645e-05,1.645e-05,1.645e-05,1.645e-05,1.645e-05,1.645e-05,1.645e-05,1.645e-05,1.645e-05,1.645e-05,1.645e-05,1.645e-05,1.645e-05,1.645e-05,1.645e-05,1.645e-05,1.645e-05,1.645e-05,1.645e-05,1.645e-05,1.645e-05,1.645e-05,1.645e-05,1.645e-05,1.645e-05,1.645e-05,1.645e-05,1.645e-05,1.645e-05,1.645e-05,1.645e-05,1.645e-05,1.645e-05,1.645e-05,1.645e-05,1.645e-05,1.645e-05,0.01579645,1.645e-05,1.645e-05,0.07464645,1.645e-05,0.04617645,1.645e-05,1.645e-05,1.645e-05,1.645e-05,1.645e-05,1.645e-05,1.645e-05,1.645e-05,1.645e-05,1.645e-05,1.645e-05,5.033156449999994
36703_3#30,0.12726005,0.02536005,5.005e-05,0.04124005,1.03525005,0.12685005000000002,0.40285005,2.24844005,0.00985005,1.51524005,5.005e-05,0.30001005000000003,0.92558005,0.00153005,0.01343005,5.005e-05,0.32343005,0.42686005,0.04911005,0.25604005,0.053210049999999905,0.00145005,0.23452005,0.15773005,1.37219005,0.36242005,0.8656000500000001,0.14063005,0.0272000499999999,5.005e-05,5.005e-05,5.005e-05,4.198280049999999,5.005e-05,0.11697004999999999,5.005e-05,5.005e-05,0.06897004999999999,0.11116005,5.005e-05,5.005e-05,0.04027005,0.04018005,5.005e-05,0.0144900499999999,5.005e-05,0.24626005,21.07265005,0.10547005,0.15961005,0.04202005,0.09627005,0.01382005,0.46635005,0.63393005,5.005e-05,0.12980005,0.02093005,5.005e-05,0.57187005,0.01659005,0.69409005,4.08636005,0.08585005,0.07446004999999989,1.0691400500000001,0.01808005,0.43676005,0.01701005,0.00278005,5.005e-05,0.01598005,0.07282005,0.05459005,5.005e-05,0.13995005000000002,5.79884005,0.44213005,0.0202900499999999,0.27802005,0.06214005,2.0106700500000003,0.15745005,0.4204500499999999,0.27866005,5.005e-05,5.005e-05,0.019090049999999997,0.02500005,0.021970049999999998,0.0149500499999999,0.53638005,0.004670049999999999,5.005e-05,0.00419005,0.2097500499999999,0.66245005,0.00657005,0.009420050000000001,0.07756004999999999,0.032980050000000004,0.01878005,0.21708005,0.06251005,0.018920049999999997,5.005e-05,0.21729005,0.004360049999999899,0.004060049999999899,5.005e-05,5.005e-05,0.66326005,5.005e-05,0.08729005,5.005e-05,0.02382005,0.25177005,0.09255005,0.018560049999999998,0.56729005,5.005e-05,0.07873005,0.01024005,5.005e-05,1.45364005,0.05715005,0.15894005,0.12270004999999999,0.0063900499999999,5.005e-05,0.004030049999999999,0.12023004999999999,0.017470049999999997,5.005e-05,0.02421005,5.005e-05,5.005e-05,0.09546004999999999,0.0025400500000000003,1.64248005,0.0200400499999999,5.005e-05,0.48398005,0.07258005,5.005e-05,0.03283005,5.005e-05,0.22918005,5.005e-05,0.022140049999999998,0.00730005,0.20713005,0.12143005,0.02280005,0.0098400499999999,5.005e-05,0.19446005,1.70374005,5.005e-05,0.01804005,0.34469005,0.00089005,0.00738005,0.00179005,0.19340005000000002,0.01332005,0.019940049999999997,5.005e-05,5.005e-05,5.005e-05,0.021460049999999998,0.020690049999999998,0.01273005,0.01854005,5.005e-05,5.005e-05,0.01650005,0.030310049999999998,0.01217005,5.005e-05,0.07856004999999999,5.005e-05,5.005e-05,5.005e-05,5.005e-05,5.005e-05,5.005e-05,5.005e-05,0.04569005,5.005e-05,0.00998005,5.005e-05,5.005e-05,5.005e-05,0.05345005,0.0135500499999999,5.005e-05,5.005e-05,5.005e-05,32.82419004999995
36703_3#31,2.9049999999999995e-05,1.41085905,2.9049999999999995e-05,0.15319904999999998,0.20247905,0.15254905,1.68823905,0.29277904999999993,0.05136905,3.25847905,2.9049999999999995e-05,0.80747905,0.01858905,2.9049999999999995e-05,2.9049999999999995e-05,0.1049690499999999,1.04483905,0.009309050000000001,0.0890390499999999,0.79291905,2.9049999999999995e-05,2.9049999999999995e-05,0.14899905,68.92686905,0.10190905,0.06250905,0.43148905000000004,0.00942905,0.14374905,2.9049999999999995e-05,2.9049999999999995e-05,2.9049999999999995e-05,0.03854905,2.9049999999999995e-05,2.9049999999999995e-05,2.9049999999999995e-05,2.9049999999999995e-05,2.9049999999999995e-05,2.9049999999999995e-05,2.9049999999999995e-05,2.9049999999999995e-05,0.04067905,2.9049999999999995e-05,0.019479049999999998,2.9049999999999995e-05,0.08973905,2.9049999999999995e-05,0.24308905,2.9049999999999995e-05,0.02173905,2.9049999999999995e-05,0.01179905,2.9049999999999995e-05,2.88614905,2.86197905,0.28810905000000003,2.2377890500000004,0.0005990500000000001,0.13850905,0.00719905,0.02190905,0.016579049999999998,2.9049999999999995e-05,0.0014790499999998998,2.9049999999999995e-05,1.76088905,0.0127190499999999,0.76560905,0.0704990499999999,2.9049999999999995e-05,2.9049999999999995e-05,0.007209050000000001,2.9049999999999995e-05,0.10609905,2.9049999999999995e-05,0.01724905,2.9049999999999995e-05,2.9049999999999995e-05,0.04690905,2.9049999999999995e-05,0.05860905,2.9049999999999995e-05,0.52951905,0.00774905,0.00258905,0.03288905,0.0050390499999999,2.9049999999999995e-05,0.05628905,2.9049999999999995e-05,0.04608905,2.9049999999999995e-05,0.6015290499999999,2.9049999999999995e-05,2.9049999999999995e-05,2.9049999999999995e-05,0.08956905,2.9049999999999995e-05,2.9049999999999995e-05,0.05280905,2.9049999999999995e-05,0.05810905,0.03231905,2.9049999999999995e-05,0.03414905,0.03195905,2.9049999999999995e-05,0.13531904999999989,0.11012905,2.9049999999999995e-05,2.9049999999999995e-05,2.9049999999999995e-05,0.10676904999999991,2.9049999999999995e-05,0.04098905,2.9049999999999995e-05,0.057979050000000004,0.42228905,2.9049999999999995e-05,2.9049999999999995e-05,2.9049999999999995e-05,0.020409049999999998,2.9049999999999995e-05,2.9049999999999995e-05,2.9049999999999995e-05,0.27399905,0.0712490499999999,0.42813905,0.0313490499999999,2.9049999999999995e-05,2.9049999999999995e-05,0.08231905,2.9049999999999995e-05,0.00312905,0.03949905,2.9049999999999995e-05,2.9049999999999995e-05,2.9049999999999995e-05,2.9049999999999995e-05,2.9049999999999995e-05,2.9049999999999995e-05,2.9049999999999995e-05,2.9049999999999995e-05,2.9049999999999995e-05,2.9049999999999995e-05,2.9049999999999995e-05,2.9049999999999995e-05,2.9049999999999995e-05,2.9049999999999995e-05,2.9049999999999995e-05,2.9049999999999995e-05,2.9049999999999995e-05,0.00877905,2.9049999999999995e-05,2.9049999999999995e-05,2.9049999999999995e-05,2.9049999999999995e-05,2.9049999999999995e-05,2.9049999999999995e-05,0.02275905,2.9049999999999995e-05,2.9049999999999995e-05,2.9049999999999995e-05,2.9049999999999995e-05,2.9049999999999995e-05,0.07336905,2.9049999999999995e-05,0.056509050000000005,2.9049999999999995e-05,2.9049999999999995e-05,2.9049999999999995e-05,2.9049999999999995e-05,0.01350905,2.9049999999999995e-05,2.9049999999999995e-05,2.9049999999999995e-05,2.9049999999999995e-05,2.9049999999999995e-05,2.9049999999999995e-05,2.9049999999999995e-05,2.9049999999999995e-05,2.9049999999999995e-05,2.9049999999999995e-05,2.9049999999999995e-05,2.9049999999999995e-05,2.9049999999999995e-05,2.9049999999999995e-05,2.9049999999999995e-05,2.9049999999999995e-05,2.9049999999999995e-05,2.9049999999999995e-05,0.10030905,2.9049999999999995e-05,2.9049999999999995e-05,2.9049999999999995e-05,2.9049999999999995e-05,2.9049999999999995e-05,2.9049999999999995e-05,2.9049999999999995e-05,4.6439790500000395
36703_3#32,3.255e-05,0.01407255,3.255e-05,1.20159255,0.18837255,3.255e-05,5.05237255,2.39279255,0.0040425499999999,1.34586255,0.1083725499999999,3.18889255,1.26130255,3.255e-05,0.0923025499999999,0.63774255,1.87460255,0.11818255000000001,0.02771255,2.57210255,0.0635925499999999,3.255e-05,0.32692255,19.15619255,3.255e-05,1.4591825500000002,0.0403525499999999,0.3134325499999999,0.5381225500000001,3.255e-05,3.255e-05,0.02516255,0.06068255,3.255e-05,0.02439255,3.255e-05,3.255e-05,3.255e-05,0.01407255,3.255e-05,3.255e-05,0.08687255,0.00111255,8.21224255,0.0101225499999999,0.0577925499999999,0.13086255,5.02102255,3.255e-05,0.73028255,3.255e-05,0.56820255,0.0609425499999999,6.24755255,11.627182549999999,3.255e-05,0.81409255,0.005662550000000001,1.52079255,3.255e-05,0.12350255,3.255e-05,0.18040255,3.255e-05,3.255e-05,0.37238255,0.31896255,0.8618725500000001,0.039112549999999996,0.01437255,3.255e-05,3.255e-05,3.255e-05,0.61416255,3.255e-05,0.00095255,3.255e-05,3.255e-05,3.255e-05,0.04019255,0.00407255,3.255e-05,0.8236325500000001,0.40028255,0.44722255,0.16381255,3.255e-05,3.255e-05,0.21739255000000002,3.255e-05,3.255e-05,3.255e-05,0.36066255,3.255e-05,0.00033255,3.255e-05,2.0736325499999997,0.021432549999999998,0.15610255,0.27434255,3.255e-05,0.026972549999999998,0.00756255,3.255e-05,0.00970255,3.255e-05,0.01173255,0.76276255,0.20541255,3.255e-05,3.255e-05,3.255e-05,1.27456255,3.255e-05,0.10246255,3.255e-05,3.255e-05,3.255e-05,3.255e-05,3.255e-05,3.255e-05,0.04070255,3.255e-05,0.036202549999999896,3.255e-05,0.1364925499999999,0.33189255,0.15113255,0.024852549999999998,3.255e-05,3.255e-05,0.38331255000000003,3.255e-05,3.255e-05,0.00597255,3.255e-05,3.255e-05,3.255e-05,0.09116255000000001,0.02669255,3.255e-05,3.255e-05,3.255e-05,3.255e-05,3.255e-05,3.255e-05,3.255e-05,3.255e-05,3.255e-05,3.255e-05,3.255e-05,3.255e-05,0.94402255,3.255e-05,3.255e-05,3.255e-05,3.255e-05,0.48984255,3.255e-05,0.03144255,0.28957255,3.255e-05,3.255e-05,3.255e-05,3.255e-05,0.37505255,3.255e-05,0.16143255,3.255e-05,3.255e-05,3.255e-05,3.255e-05,3.255e-05,3.255e-05,3.255e-05,3.255e-05,3.255e-05,3.255e-05,0.02666255,0.0548925499999999,3.255e-05,3.255e-05,3.255e-05,3.255e-05,3.255e-05,3.255e-05,3.255e-05,3.255e-05,3.255e-05,3.255e-05,3.255e-05,0.01172255,3.255e-05,0.029792549999999998,3.255e-05,3.255e-05,3.255e-05,3.255e-05,3.255e-05,9.246492550000013
36703_3#3,0.18884045,0.03231045,0.30660045,0.06336045,0.87101045,3.045e-05,0.14393045,6.22994045,3.045e-05,1.6138704499999998,0.0413004499999999,0.2128804499999999,2.22237045,0.09798045,0.01947045,0.69676045,0.76001045,0.4175504499999999,0.00685045,0.79607045,3.045e-05,0.011490450000000001,0.08677045,0.11713045,3.045e-05,3.1859904500000003,0.39309045,0.88191045,0.02784045,3.045e-05,0.02474045,3.045e-05,0.05580045,0.0539504499999999,3.045e-05,3.045e-05,0.13977045,0.08595045,1.26516045,3.045e-05,0.01854045,0.041690450000000004,3.045e-05,3.045e-05,3.045e-05,3.045e-05,3.045e-05,57.747530450000006,3.045e-05,0.71510045,3.045e-05,4.112330449999999,3.045e-05,0.55982045,3.045e-05,3.045e-05,0.10033045,0.01709045,3.045e-05,0.68154045,0.004270449999999999,3.045e-05,3.045e-05,0.05672045,0.04837045,3.045e-05,3.045e-05,0.31315045,3.23573045,3.045e-05,0.04219045,3.045e-05,3.045e-05,0.74434045,3.045e-05,0.1570204499999999,0.74649045,0.55451045,0.062220450000000004,0.0020804499999999997,3.045e-05,0.14313045,0.06437045,3.045e-05,3.045e-05,0.025040450000000002,0.04032045,3.045e-05,0.0279604499999999,3.045e-05,3.045e-05,3.045e-05,0.04168045,0.01938045,0.01564045,3.045e-05,0.01677045,3.045e-05,3.045e-05,3.045e-05,3.045e-05,3.045e-05,3.045e-05,0.00214045,3.045e-05,3.045e-05,0.008460450000000001,3.045e-05,3.045e-05,0.06737045,0.07238045,3.045e-05,3.045e-05,3.045e-05,3.045e-05,3.045e-05,1.1959904499999998,3.045e-05,3.045e-05,0.0035704499999999998,3.045e-05,3.045e-05,3.045e-05,3.045e-05,0.013310450000000001,3.045e-05,3.045e-05,3.045e-05,3.045e-05,3.045e-05,3.045e-05,3.045e-05,0.00470045,3.045e-05,3.045e-05,0.0143804499999999,3.045e-05,0.24937045,3.045e-05,3.045e-05,3.045e-05,3.045e-05,3.045e-05,3.045e-05,3.045e-05,3.045e-05,3.045e-05,3.045e-05,3.045e-05,3.045e-05,0.00150045,0.00645045,0.02644045,0.010510450000000001,3.045e-05,0.03213045,0.0007204499999999,3.045e-05,3.045e-05,3.045e-05,1.43567045,3.045e-05,0.0143804499999999,3.045e-05,0.0023804499999999997,3.045e-05,0.00839045,3.045e-05,3.045e-05,3.045e-05,3.045e-05,3.045e-05,3.045e-05,3.045e-05,3.045e-05,0.0018804499999999001,3.045e-05,3.045e-05,3.045e-05,3.045e-05,3.045e-05,0.25402045,0.02518045,3.045e-05,0.007950450000000001,0.03438045,3.045e-05,3.045e-05,3.045e-05,3.045e-05,3.045e-05,3.045e-05,3.045e-05,3.045e-05,3.045e-05,3.045e-05,3.045e-05,3.045e-05,3.045e-05,5.096830449999969
36703_3#5,0.59738995,4.016039950000001,0.07459995,1.9949999999999997e-05,0.3512699499999999,1.9949999999999997e-05,1.54833995,0.13390995,0.0229199499999999,2.76759995,0.00036995,3.66670995,0.09794995000000001,0.09849995,1.9949999999999997e-05,0.17720995,0.84999995,1.9949999999999997e-05,1.9949999999999997e-05,4.265099950000001,1.9949999999999997e-05,0.02062995,1.9949999999999997e-05,0.6543899499999999,0.69175995,0.42443994999999995,0.6974899499999999,1.9949999999999997e-05,0.05631995,0.48305994999999996,1.9949999999999997e-05,0.00318995,0.76530995,0.01218995,0.03616995,1.9949999999999997e-05,1.9949999999999997e-05,0.00834995,0.02949995,0.033959949999999996,1.9949999999999997e-05,1.9949999999999997e-05,1.9949999999999997e-05,0.15783995,1.9949999999999997e-05,0.02367995,1.9949999999999997e-05,0.1786599499999999,1.9949999999999997e-05,1.9949999999999997e-05,1.9949999999999997e-05,1.9949999999999997e-05,1.9949999999999997e-05,1.9949999999999997e-05,1.9949999999999997e-05,1.9949999999999997e-05,1.9949999999999997e-05,1.9949999999999997e-05,1.9949999999999997e-05,0.03194995,1.9949999999999997e-05,1.9949999999999997e-05,1.9949999999999997e-05,1.9949999999999997e-05,0.28046994999999997,1.9949999999999997e-05,1.9949999999999997e-05,1.9949999999999997e-05,3.77956995,1.9949999999999997e-05,1.9949999999999997e-05,1.9949999999999997e-05,1.9949999999999997e-05,1.9949999999999997e-05,1.9949999999999997e-05,1.9949999999999997e-05,0.16336995,1.9949999999999997e-05,1.9949999999999997e-05,1.9949999999999997e-05,1.9949999999999997e-05,1.9949999999999997e-05,1.9949999999999997e-05,1.9949999999999997e-05,1.9949999999999997e-05,1.9949999999999997e-05,1.9949999999999997e-05,1.9949999999999997e-05,1.9949999999999997e-05,1.9949999999999997e-05,1.9949999999999997e-05,1.9949999999999997e-05,1.9949999999999997e-05,1.9949999999999997e-05,1.9949999999999997e-05,0.042719949999999896,1.9949999999999997e-05,1.9949999999999997e-05,1.9949999999999997e-05,1.9949999999999997e-05,0.02424995,1.9949999999999997e-05,1.9949999999999997e-05,1.9949999999999997e-05,1.9949999999999997e-05,1.9949999999999997e-05,1.9949999999999997e-05,1.9949999999999997e-05,1.9949999999999997e-05,1.9949999999999997e-05,0.30003995,0.00321995,1.9949999999999997e-05,1.9949999999999997e-05,1.9949999999999997e-05,1.9949999999999997e-05,1.9949999999999997e-05,1.9949999999999997e-05,1.9949999999999997e-05,0.1233599499999999,1.9949999999999997e-05,1.9949999999999997e-05,1.9949999999999997e-05,1.9949999999999997e-05,1.9949999999999997e-05,1.9949999999999997e-05,1.9949999999999997e-05,1.9949999999999997e-05,1.9949999999999997e-05,1.9949999999999997e-05,0.03645995,0.01670995,1.9949999999999997e-05,0.09312995,1.9949999999999997e-05,0.01679995,1.9949999999999997e-05,1.9949999999999997e-05,1.9949999999999997e-05,1.9949999999999997e-05,1.9949999999999997e-05,1.9949999999999997e-05,1.9949999999999997e-05,0.67904995,0.66573995,1.9949999999999997e-05,0.79104995,1.9949999999999997e-05,1.9949999999999997e-05,1.9949999999999997e-05,1.9949999999999997e-05,0.52535995,0.0004999500000000001,1.9949999999999997e-05,1.9949999999999997e-05,0.01062995,1.9949999999999997e-05,1.9949999999999997e-05,1.9949999999999997e-05,1.9949999999999997e-05,1.9949999999999997e-05,1.9949999999999997e-05,0.06660995,0.10422995,1.9949999999999997e-05,1.9949999999999997e-05,1.9949999999999997e-05,1.9949999999999997e-05,1.9949999999999997e-05,1.9949999999999997e-05,1.9949999999999997e-05,1.9949999999999997e-05,1.9949999999999997e-05,1.9949999999999997e-05,1.9949999999999997e-05,1.9949999999999997e-05,0.00990995,1.9949999999999997e-05,1.9949999999999997e-05,1.9949999999999997e-05,1.9949999999999997e-05,1.9949999999999997e-05,0.00117995,1.9949999999999997e-05,1.9949999999999997e-05,1.9949999999999997e-05,1.9949999999999997e-05,1.9949999999999997e-05,1.9949999999999997e-05,1.9949999999999997e-05,1.9949999999999997e-05,1.9949999999999997e-05,1.9949999999999997e-05,1.9949999999999997e-05,1.9949999999999997e-05,0.38259994999999997,1.9949999999999997e-05,1.9949999999999997e-05,1.9949999999999997e-05,68.90338994999999
36703_3#6,1.8549999999999997e-05,5.17542855,0.01243855,0.36278855,2.55577855,0.00526855,3.53559855,0.25140855,1.8549999999999997e-05,9.01405855,0.35482854999999996,4.82255855,14.080348549999998,1.8549999999999997e-05,1.8549999999999997e-05,0.49669855,2.57876855,1.8549999999999997e-05,0.17750855,0.69463855,0.00448855,1.8549999999999997e-05,0.022038549999999997,27.18065855,0.28132855,4.14365855,0.30518855,0.19369855,0.0930385499999999,1.8549999999999997e-05,1.8549999999999997e-05,0.0231585499999999,0.13490855,1.8549999999999997e-05,0.09790855000000001,1.8549999999999997e-05,0.05070855,1.8549999999999997e-05,0.016148549999999998,1.8549999999999997e-05,1.8549999999999997e-05,1.8549999999999997e-05,1.8549999999999997e-05,0.13950854999999998,1.8549999999999997e-05,1.8549999999999997e-05,1.8549999999999997e-05,1.0060285500000001,0.07457855000000001,1.8549999999999997e-05,1.8549999999999997e-05,1.8549999999999997e-05,1.8549999999999997e-05,0.043858549999999996,0.058948549999999995,1.8549999999999997e-05,1.8549999999999997e-05,0.0288685499999999,1.8549999999999997e-05,0.01703855,0.061758549999999995,1.8549999999999997e-05,1.8549999999999997e-05,1.8549999999999997e-05,1.8549999999999997e-05,1.8549999999999997e-05,1.8549999999999997e-05,0.03613855,0.03604855,1.8549999999999997e-05,1.8549999999999997e-05,1.8549999999999997e-05,1.8549999999999997e-05,1.8549999999999997e-05,1.8549999999999997e-05,1.8549999999999997e-05,1.8549999999999997e-05,1.8549999999999997e-05,1.8549999999999997e-05,1.8549999999999997e-05,1.8549999999999997e-05,0.0229085499999999,0.03234855,1.8549999999999997e-05,1.8549999999999997e-05,1.8549999999999997e-05,1.8549999999999997e-05,1.8549999999999997e-05,1.8549999999999997e-05,1.8549999999999997e-05,1.8549999999999997e-05,1.8549999999999997e-05,1.8549999999999997e-05,1.8549999999999997e-05,1.8549999999999997e-05,1.8549999999999997e-05,1.8549999999999997e-05,1.8549999999999997e-05,1.8549999999999997e-05,1.8549999999999997e-05,1.8549999999999997e-05,1.8549999999999997e-05,1.8549999999999997e-05,1.8549999999999997e-05,1.8549999999999997e-05,1.8549999999999997e-05,1.8549999999999997e-05,1.8549999999999997e-05,1.8549999999999997e-05,1.8549999999999997e-05,0.018378549999999997,0.03469855,1.8549999999999997e-05,1.8549999999999997e-05,1.8549999999999997e-05,1.8549999999999997e-05,0.02410855,0.00588855,1.8549999999999997e-05,1.8549999999999997e-05,1.8549999999999997e-05,1.8549999999999997e-05,1.8549999999999997e-05,1.8549999999999997e-05,0.00142855,1.8549999999999997e-05,1.8549999999999997e-05,0.01364855,1.8549999999999997e-05,1.8549999999999997e-05,1.8549999999999997e-05,1.8549999999999997e-05,1.8549999999999997e-05,1.8549999999999997e-05,1.8549999999999997e-05,1.8549999999999997e-05,0.15323855,1.8549999999999997e-05,1.8549999999999997e-05,0.016228549999999998,1.8549999999999997e-05,1.8549999999999997e-05,1.8549999999999997e-05,0.00331855,1.8549999999999997e-05,1.8549999999999997e-05,1.8549999999999997e-05,1.8549999999999997e-05,1.8549999999999997e-05,1.8549999999999997e-05,1.8549999999999997e-05,0.09095855,0.00484855,1.8549999999999997e-05,1.8549999999999997e-05,1.8549999999999997e-05,1.8549999999999997e-05,1.8549999999999997e-05,1.8549999999999997e-05,1.8549999999999997e-05,1.8549999999999997e-05,1.8549999999999997e-05,1.8549999999999997e-05,1.8549999999999997e-05,1.8549999999999997e-05,1.8549999999999997e-05,1.8549999999999997e-05,1.8549999999999997e-05,1.8549999999999997e-05,1.8549999999999997e-05,1.8549999999999997e-05,1.8549999999999997e-05,1.8549999999999997e-05,1.8549999999999997e-05,1.8549999999999997e-05,1.8549999999999997e-05,1.8549999999999997e-05,1.8549999999999997e-05,1.8549999999999997e-05,1.8549999999999997e-05,1.8549999999999997e-05,1.8549999999999997e-05,1.8549999999999997e-05,1.8549999999999997e-05,1.8549999999999997e-05,1.8549999999999997e-05,1.8549999999999997e-05,1.8549999999999997e-05,1.8549999999999997e-05,0.055368549999999996,1.8549999999999997e-05,1.8549999999999997e-05,1.8549999999999997e-05,1.8549999999999997e-05,1.8549999999999997e-05,1.8549999999999997e-05,1.8549999999999997e-05,1.8549999999999997e-05,1.8549999999999997e-05,21.352078550000027
36703_3#7,4.4109436,0.7480836,6.926203599999999,0.5097636,0.5165536,0.0041636,0.8370635999999999,3.3547436000000004,3.36e-05,1.5545736,0.6423135999999999,1.8710936,0.12508360000000002,1.8349436000000001,3.36e-05,0.34784360000000003,1.5220736000000001,0.10485359999999999,0.0530536,1.3653236,0.1184336,1.3368036,0.7260036,0.0220336,0.5822636,0.2879436,0.8006936,0.0632136,0.0558836,1.7631936000000001,0.06763359999999999,0.4539535999999999,0.5772136,0.1848935999999999,0.3282336,0.07332359999999999,0.07254359999999989,1.3238636000000001,0.09838359999999999,0.8932736,0.0428136,0.07980359999999999,3.36e-05,3.36e-05,3.36e-05,3.36e-05,3.36e-05,5.2555336,3.36e-05,3.36e-05,0.0339236,3.36e-05,3.36e-05,3.36e-05,3.36e-05,3.36e-05,3.36e-05,0.07582359999999999,0.0495436,2.3165536,0.4909036,0.0323236,3.36e-05,0.0384535999999999,1.1289836,3.36e-05,3.36e-05,0.3356936,3.36e-05,3.36e-05,3.36e-05,3.36e-05,3.36e-05,3.36e-05,3.36e-05,3.36e-05,1.1197136,3.36e-05,0.6213135999999999,3.36e-05,0.1931836,1.8261036000000002,3.36e-05,3.36e-05,3.36e-05,3.36e-05,3.36e-05,3.36e-05,3.36e-05,3.36e-05,3.36e-05,3.36e-05,3.36e-05,3.36e-05,3.36e-05,0.2677036,0.0496436,3.36e-05,3.36e-05,3.36e-05,0.5869036,3.36e-05,3.36e-05,3.36e-05,0.0357036,0.0288436,3.36e-05,3.36e-05,3.36e-05,3.36e-05,1.2977935999999999,1.6586336000000002,3.36e-05,3.36e-05,0.12611360000000002,0.018763600000000002,0.7393835999999999,3.36e-05,3.36e-05,3.36e-05,3.36e-05,3.36e-05,3.36e-05,3.36e-05,1.4085836,3.36e-05,3.36e-05,3.36e-05,3.36e-05,0.0335736,0.0054636,3.36e-05,3.36e-05,3.36e-05,3.36e-05,0.0607935999999999,3.36e-05,1.5265136000000001,3.36e-05,1.0151836,3.36e-05,3.36e-05,3.36e-05,3.36e-05,3.1790436,3.36e-05,3.36e-05,3.36e-05,0.017983599999999902,3.36e-05,0.0244436,0.2091936,1.4312336,0.0787036,3.36e-05,3.36e-05,3.36e-05,3.36e-05,3.8861236,0.08957359999999999,0.2472336,3.36e-05,0.2808336,3.36e-05,0.0243536,3.36e-05,0.0053435999999999,3.36e-05,3.36e-05,3.36e-05,0.0308936,3.36e-05,3.36e-05,3.36e-05,3.36e-05,0.06874359999999999,0.10332359999999999,3.36e-05,3.36e-05,3.36e-05,3.36e-05,0.34690360000000003,0.0185835999999999,3.36e-05,0.06433359999999999,0.0367236,0.06677359999999999,0.009393599999999998,0.0226536,3.36e-05,3.36e-05,3.36e-05,3.36e-05,3.36e-05,3.36e-05,3.36e-05,0.2524936,0.0194536,0.12600360000000002,30.297443600000022
36703_3#8,4.3494601,0.3588501,1.7340101,2.3238601,5.2581501,0.39064010000000005,0.5807101,18.6781801,3.01e-05,12.1363101,0.4857401,0.0926900999999999,5.4316301000000005,2.3288501000000004,3.01e-05,0.2566801,0.1852200999999999,0.0097001,0.23724009999999998,0.7451101,0.0519201,0.3324301,1.7223401,0.020100100000000003,0.0015701,3.1949401,3.7285601,0.11815010000000001,0.0057801,0.0046701,0.2851501,0.0858701,0.5131701000000001,0.1281201,3.01e-05,0.0206701,1.4805601,0.4255701,1.2645001,0.032770099999999996,0.0061001,0.0165601,3.01e-05,3.01e-05,3.01e-05,3.01e-05,3.01e-05,3.01e-05,3.01e-05,3.01e-05,3.01e-05,3.01e-05,1.6704501000000005,3.01e-05,3.01e-05,3.01e-05,3.01e-05,0.35649010000000003,3.01e-05,0.7732101,3.01e-05,3.01e-05,3.01e-05,0.0031500999999999,0.031340099999999996,3.01e-05,3.01e-05,0.0122501,3.01e-05,3.01e-05,3.01e-05,3.01e-05,0.18506009999999998,3.01e-05,3.01e-05,3.01e-05,0.7503501,3.01e-05,3.01e-05,3.01e-05,3.01e-05,1.5141701,3.01e-05,3.01e-05,0.4543801,3.01e-05,3.01e-05,3.01e-05,3.01e-05,3.01e-05,3.01e-05,3.01e-05,3.01e-05,3.01e-05,0.0116101,1.6236501,3.01e-05,3.01e-05,0.1954001,3.01e-05,3.01e-05,3.01e-05,0.0655201,3.01e-05,3.01e-05,3.01e-05,3.01e-05,3.01e-05,3.01e-05,0.44509010000000004,0.2120601,0.4410601,3.01e-05,0.0063001,3.01e-05,3.01e-05,3.01e-05,3.01e-05,3.01e-05,5.2424701,3.01e-05,3.01e-05,3.01e-05,3.01e-05,3.01e-05,3.01e-05,3.01e-05,3.01e-05,3.01e-05,0.7614801,0.014980099999999899,3.01e-05,3.01e-05,3.01e-05,3.01e-05,0.0816801,1.5313201,0.2629801,3.01e-05,3.01e-05,3.01e-05,3.01e-05,3.01e-05,0.0111901,3.01e-05,0.011810099999999999,0.0013701,3.01e-05,0.1512701,3.01e-05,0.0648201,0.15626009999999999,0.4055301,0.0874501,3.01e-05,0.2154601,0.027850099999999902,1.3058501,3.01e-05,0.47927010000000003,3.01e-05,3.01e-05,0.24379009999999998,3.01e-05,3.01e-05,3.01e-05,3.01e-05,3.01e-05,3.01e-05,3.01e-05,0.0036601000000000003,3.01e-05,3.01e-05,3.01e-05,3.01e-05,0.0314601,3.01e-05,0.3973301,3.01e-05,3.01e-05,3.01e-05,3.01e-05,0.4739601,0.1684900999999999,0.062480100000000004,0.8589201000000001,0.0038501,0.058590099999999895,3.01e-05,3.01e-05,3.01e-05,3.01e-05,3.01e-05,3.01e-05,3.01e-05,3.01e-05,3.01e-05,3.01e-05,3.01e-05,9.106920099999964
36703_3#9,3.9628701,0.3129601,4.7388101,0.46307010000000004,5.552880099999999,0.2592901,0.7108701000000001,8.2254901,3.01e-05,19.156990099999998,0.042830099999999996,0.1442301,6.613140100000001,1.3396901,0.023760100000000003,0.043940099999999996,0.1020301,0.025390100000000002,0.21615009999999998,0.6056301,3.3659201,0.2979501,0.6889201,0.019260100000000002,3.01e-05,2.9913601,0.5989301,0.1305200999999999,0.0218701,0.0085601,0.0250901,0.5118201,0.3612700999999999,0.23105009999999998,3.01e-05,0.013520099999999998,0.7345401,0.4565500999999999,2.6197701,3.01e-05,0.035030099999999995,0.0505701,0.0308500999999999,3.01e-05,3.01e-05,3.01e-05,3.01e-05,3.01e-05,3.01e-05,0.3717301,3.01e-05,3.01e-05,3.01e-05,3.01e-05,3.01e-05,3.01e-05,3.01e-05,0.1408700999999999,3.01e-05,0.5874001,3.01e-05,3.01e-05,3.01e-05,3.01e-05,0.6382301,3.01e-05,3.01e-05,0.1428700999999999,0.7263001,3.01e-05,3.01e-05,3.01e-05,0.0965001,0.1902101,3.01e-05,3.01e-05,1.7986201,3.01e-05,3.01e-05,3.01e-05,0.1348101,3.01e-05,3.01e-05,3.01e-05,0.44497010000000004,0.0042101000000000005,0.1138701,3.01e-05,3.01e-05,3.01e-05,3.01e-05,1.3263801000000002,3.01e-05,0.0092801,0.0607801,3.01e-05,3.01e-05,3.01e-05,3.01e-05,3.01e-05,3.01e-05,3.01e-05,0.023940100000000002,3.01e-05,3.01e-05,3.01e-05,3.01e-05,3.01e-05,3.01e-05,0.1353200999999999,0.1007001,0.0427901,3.01e-05,3.01e-05,3.01e-05,0.011020099999999899,2.9569901,3.01e-05,3.01e-05,2.2748001,3.01e-05,0.0065201,3.01e-05,3.01e-05,3.01e-05,3.01e-05,3.01e-05,3.01e-05,0.0123501,5.0667901,3.01e-05,3.01e-05,3.01e-05,0.1058101,0.014440099999999999,3.01e-05,3.01e-05,3.01e-05,3.01e-05,3.01e-05,3.01e-05,0.0036500999999999,3.01e-05,3.01e-05,3.01e-05,3.01e-05,3.01e-05,3.01e-05,3.01e-05,3.01e-05,0.0809500999999999,0.0775701,0.1970101,0.024040100000000002,0.4350101,0.1779501,3.01e-05,3.01e-05,3.01e-05,3.01e-05,0.0064501,3.01e-05,3.01e-05,3.01e-05,0.0747001,3.01e-05,3.01e-05,3.01e-05,3.01e-05,3.01e-05,3.01e-05,3.01e-05,3.01e-05,3.01e-05,3.01e-05,0.0060400999999999,3.01e-05,1.0727801000000001,3.01e-05,3.01e-05,3.01e-05,1.7007501000000003,0.2207101,3.01e-05,0.0812400999999999,0.23327009999999998,0.0019301,0.0042901,3.01e-05,3.01e-05,3.01e-05,3.01e-05,3.01e-05,3.01e-05,3.01e-05,3.01e-05,3.01e-05,0.0118601,3.01e-05,12.314490099999981
37035_1#10,3.955e-05,0.01215955,3.955e-05,0.04112955,0.0437395499999999,3.955e-05,1.0077095500000002,0.00182955,0.01840955,0.33698954999999997,3.955e-05,0.17159955000000002,3.955e-05,3.955e-05,3.955e-05,0.03142955,0.1768495499999999,0.00881955,0.03962955,0.11010955,0.0004495499999999,3.955e-05,0.10675955,0.04828955,0.47599955,0.061659549999999896,0.97411955,3.955e-05,0.0855495499999999,3.955e-05,3.955e-05,3.955e-05,0.11731955,3.955e-05,0.16462955,3.955e-05,3.955e-05,3.955e-05,3.955e-05,3.955e-05,3.955e-05,0.01406955,0.07398955,0.53179955,3.955e-05,0.00361955,3.955e-05,0.22856955,3.955e-05,0.08231955,3.955e-05,0.0049695500000000005,3.955e-05,0.35132955,0.34460955,0.03319955,0.06688954999999999,3.955e-05,0.16794955,0.08731955,0.04218955,0.17925955000000002,0.004919550000000001,3.955e-05,0.00177955,0.0915995499999999,3.955e-05,0.054189549999999996,0.02999955,3.955e-05,3.955e-05,3.955e-05,3.955e-05,0.03171955,2.25402955,0.00669955,0.0559995499999999,3.955e-05,3.955e-05,0.00322955,3.955e-05,0.21119955,0.31281955,3.955e-05,0.0146795499999999,0.03449955,3.955e-05,0.0067595500000000005,0.026299549999999998,3.955e-05,3.955e-05,3.955e-05,3.955e-05,3.955e-05,3.955e-05,0.0053095500000000006,0.37813955,0.00544955,0.00307955,0.05541955,0.00246955,0.0290595499999999,0.01938955,3.955e-05,3.955e-05,0.053349549999999996,3.955e-05,0.13631955,0.03796955,3.955e-05,3.955e-05,0.0061995499999999,3.955e-05,3.955e-05,0.06502955,3.955e-05,0.023579549999999998,0.10008955,3.955e-05,0.01231955,3.955e-05,0.12299955,0.039459549999999996,3.955e-05,0.14760955,0.00186955,0.03722955,0.2998395499999999,0.01104955,0.03584955,0.00031955,0.0333595499999999,3.955e-05,3.955e-05,0.02149955,3.955e-05,3.955e-05,3.955e-05,0.1022595499999999,1.9221195500000001,0.00305955,0.04974955,0.017359549999999998,0.014859550000000001,3.955e-05,0.00153955,3.955e-05,3.955e-05,3.955e-05,0.0252395499999999,3.955e-05,3.955e-05,0.0044095499999999,0.00032955,0.00063955,3.955e-05,3.955e-05,0.27970955,9.955e-05,1.22331955,3.955e-05,0.007409550000000001,0.00262955,3.955e-05,0.017019549999999998,0.025529549999999998,3.955e-05,3.955e-05,0.00399955,0.0150895499999999,3.955e-05,0.00137955,3.955e-05,0.01554955,3.955e-05,3.955e-05,3.955e-05,3.955e-05,0.05603955,0.16971955000000002,3.955e-05,3.955e-05,3.955e-05,3.955e-05,3.955e-05,3.955e-05,3.955e-05,3.955e-05,3.955e-05,0.40857954999999996,0.03028955,0.07031955,0.00157955,0.47132955,0.00226955,0.0041395500000000005,0.0075895500000000005,3.955e-05,3.955e-05,83.96945955000001
37035_1#11,2.17e-05,2.17e-05,2.17e-05,0.0065017,0.0058617,2.17e-05,0.2884117,0.0195117,2.17e-05,0.2193017,2.17e-05,0.2136216999999999,0.0167817,2.17e-05,2.17e-05,0.0047117,0.1162917,2.17e-05,0.0014116999999999999,0.1498017,2.17e-05,2.17e-05,0.1314117,2.6202217,1.9776717,2.17e-05,0.0100417,2.17e-05,0.0656117,2.17e-05,2.17e-05,2.17e-05,2.17e-05,2.17e-05,0.0146417,2.17e-05,2.17e-05,2.17e-05,2.17e-05,2.17e-05,2.17e-05,0.21544169999999999,2.17e-05,0.0122517,2.17e-05,2.17e-05,0.010541700000000001,0.1931117,2.17e-05,2.17e-05,2.17e-05,2.17e-05,2.17e-05,0.3450817,0.5090416999999999,2.17e-05,0.0862317,2.17e-05,2.17e-05,2.17e-05,0.0009716999999998999,2.17e-05,2.17e-05,2.17e-05,2.17e-05,0.008841700000000001,0.0330017,0.3244817,0.008701700000000001,2.17e-05,2.17e-05,2.17e-05,2.17e-05,0.0063616999999999,2.17e-05,2.17e-05,2.17e-05,2.17e-05,2.17e-05,2.17e-05,2.17e-05,0.0069616999999999995,0.1042217,0.0044816999999999,2.17e-05,2.17e-05,2.17e-05,2.17e-05,0.0104116999999999,2.17e-05,2.17e-05,2.17e-05,2.17e-05,2.17e-05,2.17e-05,2.17e-05,0.0248017,2.17e-05,0.0048717,0.015901699999999998,2.17e-05,2.17e-05,0.0022217,2.17e-05,2.17e-05,2.17e-05,2.17e-05,0.0298916999999999,0.0501117,2.17e-05,2.17e-05,2.17e-05,2.17e-05,2.17e-05,0.0050217,2.17e-05,2.17e-05,0.0993217,2.17e-05,2.17e-05,2.17e-05,0.0068616999999998995,2.17e-05,0.0034017,0.0016817,0.0057817,0.0824917,0.0367517,2.17e-05,2.17e-05,2.17e-05,0.0462017,2.17e-05,2.17e-05,0.0010417,2.17e-05,1.1445617,2.17e-05,0.048051699999999996,0.0131917,2.17e-05,2.17e-05,2.17e-05,2.17e-05,2.17e-05,2.17e-05,2.17e-05,2.17e-05,2.17e-05,2.17e-05,2.17e-05,2.17e-05,0.0022017,2.17e-05,2.17e-05,2.17e-05,2.17e-05,0.0076416999999999995,2.17e-05,0.0618816999999999,2.17e-05,2.17e-05,2.17e-05,2.17e-05,2.17e-05,2.17e-05,2.17e-05,2.17e-05,2.17e-05,2.17e-05,2.17e-05,2.17e-05,0.0097217,2.17e-05,2.17e-05,2.17e-05,2.17e-05,2.17e-05,0.0020417,0.010541700000000001,2.17e-05,2.17e-05,2.17e-05,2.17e-05,2.17e-05,2.17e-05,2.17e-05,2.17e-05,2.17e-05,2.17e-05,0.014841700000000001,0.0508117,2.17e-05,2.17e-05,2.17e-05,2.17e-05,2.17e-05,2.17e-05,2.17e-05,90.4732117
37035_1#12,0.0598124999999999,0.0271325,5.2499999999999995e-05,0.0400025,0.8473825,0.1706325,0.6060425,1.6969725000000002,0.0173725,1.4847525,5.2499999999999995e-05,0.2230625,0.7281825,0.0031625,0.0177825,0.0009825,0.2778125,0.7466524999999999,0.06593249999999999,0.2632425,0.1594325,0.0024324999999999998,0.3094725,0.1547424999999999,1.4353925,0.3739725,1.1565425,0.1992725,0.047942500000000006,5.2499999999999995e-05,0.0085925,5.2499999999999995e-05,6.557752499999999,5.2499999999999995e-05,0.0758525,5.2499999999999995e-05,5.2499999999999995e-05,0.0945925,0.1069125,5.2499999999999995e-05,5.2499999999999995e-05,0.0518525,0.0946225,5.2499999999999995e-05,0.0145325,5.2499999999999995e-05,0.2539125,13.8982425,0.0932225,0.2176425,0.07857249999999999,0.0996425,0.0248625,0.41908249999999997,0.5823325,5.2499999999999995e-05,0.1367025,0.0213725,0.0064725,0.7033825,0.0561325,0.8340425,2.7300625000000003,0.1056225,0.0782725,0.9766925,0.0017925,0.6799925,0.0178825,0.0075124999999998995,5.2499999999999995e-05,0.0300725,0.0113325,0.0795525,5.2499999999999995e-05,0.1116225,5.680952499999999,0.4438724999999999,0.0301724999999999,0.1743325,0.0713525,2.5814625,0.2658025,0.5508725,0.3803225,0.0075025,5.2499999999999995e-05,0.0192525,0.0140125,0.0080625,0.0071325,0.5107725,0.0004525,5.2499999999999995e-05,0.0244125,0.1756525,1.2029025,0.0106125,0.0203525,0.0852525,0.0742925,0.0107225,0.3003725,0.1007525,0.0288325,5.2499999999999995e-05,0.1548925,0.0038925,0.0027725,5.2499999999999995e-05,5.2499999999999995e-05,0.8421725,5.2499999999999995e-05,0.1027525,0.0007524999999999999,0.035902500000000004,0.2337725,0.0811025,0.0234225,0.8097525,0.0050725,0.1171325,0.07073249999999999,5.2499999999999995e-05,1.6650025000000002,0.0390925,0.1287424999999999,0.1305725,0.0174725,5.2499999999999995e-05,0.0058825,0.0928325,0.0241725,5.2499999999999995e-05,0.0518225,5.2499999999999995e-05,5.2499999999999995e-05,0.1067825,0.0081125,1.8685425,0.0301825,5.2499999999999995e-05,0.5123525,0.0759125,5.2499999999999995e-05,0.057022500000000004,5.2499999999999995e-05,0.32572249999999997,5.2499999999999995e-05,0.0306125,0.0491725,0.1435225,0.1592124999999999,0.048142500000000005,0.0290024999999999,5.2499999999999995e-05,0.1201424999999999,2.1845225000000004,5.2499999999999995e-05,0.0390425,0.2525125,0.0026825,0.0053124999999999995,0.0010525,0.2956825,0.012262499999999999,0.0163225,5.2499999999999995e-05,5.2499999999999995e-05,5.2499999999999995e-05,0.0351425,0.0182825,0.0253225,0.0308825,0.0006825,5.2499999999999995e-05,0.0272024999999999,0.0277625,0.0059225,5.2499999999999995e-05,0.1214825,5.2499999999999995e-05,5.2499999999999995e-05,5.2499999999999995e-05,5.2499999999999995e-05,5.2499999999999995e-05,5.2499999999999995e-05,5.2499999999999995e-05,0.056322500000000005,5.2499999999999995e-05,0.0161825,5.2499999999999995e-05,5.2499999999999995e-05,5.2499999999999995e-05,0.18322249999999998,0.0235925,5.2499999999999995e-05,5.2499999999999995e-05,5.2499999999999995e-05,35.25448250000001
37035_1#13,4.2699999999999994e-05,0.0011926999999999999,4.2699999999999994e-05,0.0455527,2.3399327,4.2699999999999994e-05,0.1317026999999999,4.3294426999999995,0.0042127,5.6023927,4.2699999999999994e-05,0.0206527,3.4688227,4.2699999999999994e-05,0.1632427,4.2699999999999994e-05,0.1427627,0.0314727,0.0132426999999999,0.4242626999999999,0.0664127,4.2699999999999994e-05,0.0017927,0.9935627,1.9158927000000001,1.2310327,0.6584727,0.024022699999999998,0.0002627,4.2699999999999994e-05,0.029712699999999998,0.0404327,0.027242699999999998,4.2699999999999994e-05,4.2699999999999994e-05,4.2699999999999994e-05,0.0543026999999999,0.09615270000000001,4.2699999999999994e-05,4.2699999999999994e-05,4.2699999999999994e-05,4.2699999999999994e-05,4.2699999999999994e-05,4.2699999999999994e-05,4.2699999999999994e-05,4.2699999999999994e-05,1.1333327,37.0738427,0.1373727,0.12343269999999991,4.2699999999999994e-05,0.8433127,0.2226027,0.0603927,0.2361527,4.2699999999999994e-05,0.0017726999999999999,0.3474627,4.2699999999999994e-05,0.7645127,4.2699999999999994e-05,0.0337027,2.4698727,0.4730327,0.0314327,0.1663927,0.9295227,0.0090427,0.0147326999999999,0.0266027,0.1051227,0.08272270000000001,0.0183227,0.4680626999999999,0.015752699999999998,0.1021427,2.6027427,0.2389827,4.2699999999999994e-05,0.2386326999999999,0.13279269999999999,0.34608269999999997,4.2699999999999994e-05,1.9502027,0.0269426999999999,0.07793270000000001,0.0031727,0.0221827,4.2699999999999994e-05,0.0066526999999999,4.2699999999999994e-05,0.0420927,0.0269527,0.0053727,0.0778827,0.2203327,0.059652699999999996,4.2699999999999994e-05,0.0873227,4.2699999999999994e-05,0.042512699999999896,4.2699999999999994e-05,0.0101927,0.0021827,4.2699999999999994e-05,4.2699999999999994e-05,0.1157827,0.0096927,4.2699999999999994e-05,0.008102700000000001,0.0015926999999999998,0.7475427,4.2699999999999994e-05,0.0034127,4.2699999999999994e-05,0.0267626999999999,0.8087127000000001,4.2699999999999994e-05,0.0214826999999999,0.0060427,0.08974270000000001,0.0003526999999999,4.2699999999999994e-05,0.3919127,0.2786326999999999,0.0478327,4.2699999999999994e-05,0.0017626999999999999,0.0061126999999999996,0.0157727,0.0307626999999999,4.2699999999999994e-05,4.2699999999999994e-05,4.2699999999999994e-05,4.2699999999999994e-05,4.2699999999999994e-05,0.0870627,0.0372027,4.2699999999999994e-05,0.5078227000000001,0.0504827,0.47186269999999997,0.1335026999999999,0.0590026999999999,0.0051427,0.20311269999999998,0.0089227,4.2699999999999994e-05,0.06880270000000001,0.0062227,0.0911627,4.2699999999999994e-05,0.0087527,0.0502327,4.2699999999999994e-05,4.2699999999999994e-05,0.19529269999999999,0.1294927,0.4849527,4.2699999999999994e-05,0.038032699999999996,0.044152699999999996,0.0152227,4.2699999999999994e-05,0.0152926999999999,4.2699999999999994e-05,4.2699999999999994e-05,0.0903627,4.2699999999999994e-05,4.2699999999999994e-05,4.2699999999999994e-05,4.2699999999999994e-05,4.2699999999999994e-05,4.2699999999999994e-05,0.0043627,4.2699999999999994e-05,4.2699999999999994e-05,4.2699999999999994e-05,4.2699999999999994e-05,4.2699999999999994e-05,4.2699999999999994e-05,4.2699999999999994e-05,4.2699999999999994e-05,4.2699999999999994e-05,4.2699999999999994e-05,4.2699999999999994e-05,4.2699999999999994e-05,4.2699999999999994e-05,4.2699999999999994e-05,0.4560727,4.2699999999999994e-05,4.2699999999999994e-05,0.0010727,3.7617426999999997,0.0172327,4.2699999999999994e-05,4.2699999999999994e-05,4.2699999999999994e-05,4.2699999999999994e-05,16.3724327
37035_1#14,5.144999999999999e-05,5.144999999999999e-05,5.144999999999999e-05,0.05068145,0.00642145,0.06021145,0.9627514500000001,0.32985145,0.013901449999999899,1.1876414499999999,5.144999999999999e-05,0.13061145,0.02169145,5.144999999999999e-05,5.144999999999999e-05,0.0015914500000000001,0.18764145,0.015241449999999998,0.15572144999999998,0.41543145,0.02497145,5.144999999999999e-05,0.17804145,0.03129145,5.144999999999999e-05,0.23506145,0.22627144999999999,0.0619214499999999,0.058561449999999904,5.144999999999999e-05,5.144999999999999e-05,0.01322145,0.14871145,5.144999999999999e-05,0.016811450000000002,5.144999999999999e-05,0.01053145,0.18125144999999998,5.144999999999999e-05,5.144999999999999e-05,5.144999999999999e-05,0.02696145,0.0141014499999999,5.144999999999999e-05,5.144999999999999e-05,5.144999999999999e-05,0.03306145,1.2690814499999998,5.144999999999999e-05,0.02008145,0.42486145,0.04148145,0.07700145,0.25830145,0.96083145,5.144999999999999e-05,0.04881145,0.04482145,0.06261144999999989,1.15668145,0.00207145,0.16167145,0.04466145,0.05522145,0.39539145,2.02321145,0.00524145,0.11825145,0.25179144999999997,5.144999999999999e-05,0.00525145,0.03040145,0.00078145,0.00151145,0.34676144999999997,0.26237145,0.8228414500000001,0.11502145,0.05253145,5.144999999999999e-05,0.10408144999999999,2.2328014499999997,0.29994145,0.02494145,0.014981449999999999,0.00665145,0.00136145,0.047581450000000004,0.00637145,5.144999999999999e-05,0.0069114499999999,5.144999999999999e-05,5.144999999999999e-05,5.144999999999999e-05,0.015241449999999998,0.15088145,1.2037714499999999,5.144999999999999e-05,0.021161450000000002,5.144999999999999e-05,0.14549145,0.02460145,0.22843144999999998,0.09879144999999999,0.012261449999999998,0.00256145,0.03344145,0.03761145,0.0075414499999999,5.144999999999999e-05,5.144999999999999e-05,1.4260814499999999,0.0047614499999999,0.08400144999999999,5.144999999999999e-05,5.144999999999999e-05,5.144999999999999e-05,0.01941145,0.06210145,0.29971145,0.05215145,0.06368145,0.05101145,0.13927145,0.51308145,0.02347145,0.013911449999999999,0.09984145,0.06992145,0.00507145,5.144999999999999e-05,0.09684145,0.01793145,5.144999999999999e-05,5.144999999999999e-05,5.144999999999999e-05,14.00701145,0.19222145,5.144999999999999e-05,4.7835414499999995,0.03327145,5.17484145,0.49578145,0.02868145,0.24498145,0.22928145,0.15018145,1.0073114499999998,0.24792145,0.02151145,0.02051145,0.1456914499999999,0.00169145,5.144999999999999e-05,5.144999999999999e-05,0.04473145,0.016561450000000002,0.011861449999999999,5.144999999999999e-05,1.1903814499999998,0.04286145,0.10507145,1.18054145,0.09478144999999999,0.24342144999999998,5.144999999999999e-05,0.11337145,0.0023714499999999,0.03090145,0.21978145,0.00645145,0.0310714499999999,0.02893145,0.02778145,0.01926145,5.144999999999999e-05,0.03188145,5.144999999999999e-05,0.05030145,0.0183414499999999,0.3216014499999999,5.144999999999999e-05,5.144999999999999e-05,0.0013414499999999,5.144999999999999e-05,5.144999999999999e-05,5.144999999999999e-05,5.144999999999999e-05,0.05692145,5.144999999999999e-05,0.0075414499999999,0.026691450000000002,0.5656514500000001,1.02355145,0.31723144999999997,0.8540714500000001,0.04101145,5.144999999999999e-05,5.144999999999999e-05,44.85718145
37035_1#15,2.0999999999999995e-05,2.0999999999999995e-05,2.0999999999999995e-05,1.738961,0.21394100000000002,2.0999999999999995e-05,15.640680999999999,30.795991,2.0999999999999995e-05,4.942761,2.0999999999999995e-05,2.0999999999999995e-05,1.207861,2.0999999999999995e-05,2.0999999999999995e-05,2.0999999999999995e-05,1.870161,2.0999999999999995e-05,2.0999999999999995e-05,2.024851,0.128141,2.0999999999999995e-05,0.078561,1.138071,0.5432710000000001,0.5186810000000001,2.0999999999999995e-05,0.0369209999999999,0.707971,2.0999999999999995e-05,2.0999999999999995e-05,2.0999999999999995e-05,0.206421,2.0999999999999995e-05,0.150671,2.0999999999999995e-05,1.568921,0.013661,2.0999999999999995e-05,0.054301,0.052121,2.0999999999999995e-05,2.0999999999999995e-05,2.0999999999999995e-05,2.0999999999999995e-05,2.0999999999999995e-05,0.46974099999999996,4.970811,11.005590999999999,2.0999999999999995e-05,2.0999999999999995e-05,2.0999999999999995e-05,2.0999999999999995e-05,7.442590999999999,0.191531,2.0999999999999995e-05,2.0999999999999995e-05,0.008341,2.0999999999999995e-05,2.0999999999999995e-05,2.0999999999999995e-05,2.0999999999999995e-05,2.0999999999999995e-05,2.0999999999999995e-05,0.36866099999999996,0.06924100000000001,0.41507099999999997,0.046690999999999996,0.030711,2.0999999999999995e-05,2.0999999999999995e-05,0.079291,2.0999999999999995e-05,2.0999999999999995e-05,2.0999999999999995e-05,2.0999999999999995e-05,0.013841,2.0999999999999995e-05,2.0999999999999995e-05,2.0999999999999995e-05,0.181371,0.33597099999999996,2.0999999999999995e-05,0.558541,2.0999999999999995e-05,2.0999999999999995e-05,2.0999999999999995e-05,2.0999999999999995e-05,2.0999999999999995e-05,0.0437409999999999,2.0999999999999995e-05,2.0999999999999995e-05,2.0999999999999995e-05,2.0999999999999995e-05,2.0999999999999995e-05,2.0999999999999995e-05,2.0999999999999995e-05,2.0999999999999995e-05,2.0999999999999995e-05,2.0999999999999995e-05,0.10064100000000001,2.0999999999999995e-05,0.150291,0.11693100000000001,2.0999999999999995e-05,2.0999999999999995e-05,0.052101,0.187921,2.0999999999999995e-05,2.0999999999999995e-05,2.0999999999999995e-05,0.031831,2.0999999999999995e-05,2.0999999999999995e-05,2.0999999999999995e-05,2.0999999999999995e-05,2.0999999999999995e-05,2.0999999999999995e-05,0.034131,2.0999999999999995e-05,2.0999999999999995e-05,2.0999999999999995e-05,2.0999999999999995e-05,0.49771099999999996,0.0002909999999999,2.0999999999999995e-05,2.0999999999999995e-05,0.010451,2.0999999999999995e-05,2.0999999999999995e-05,2.0999999999999995e-05,0.003841,2.0999999999999995e-05,2.0999999999999995e-05,2.0999999999999995e-05,2.0999999999999995e-05,2.0999999999999995e-05,0.2816709999999999,2.0999999999999995e-05,0.696231,2.0999999999999995e-05,0.336161,2.0999999999999995e-05,2.0999999999999995e-05,2.0999999999999995e-05,0.004121,2.0999999999999995e-05,0.000311,0.001731,2.0999999999999995e-05,0.048941,2.0999999999999995e-05,2.0999999999999995e-05,2.0999999999999995e-05,2.0999999999999995e-05,2.0999999999999995e-05,2.0999999999999995e-05,2.0999999999999995e-05,2.0999999999999995e-05,2.0999999999999995e-05,2.0999999999999995e-05,2.0999999999999995e-05,2.0999999999999995e-05,2.0999999999999995e-05,2.0999999999999995e-05,2.0999999999999995e-05,2.0999999999999995e-05,2.0999999999999995e-05,0.010681,2.0999999999999995e-05,2.0999999999999995e-05,2.0999999999999995e-05,2.0999999999999995e-05,2.0999999999999995e-05,2.0999999999999995e-05,2.0999999999999995e-05,2.0999999999999995e-05,2.0999999999999995e-05,2.0999999999999995e-05,0.506241,2.0999999999999995e-05,2.0999999999999995e-05,2.0999999999999995e-05,2.0999999999999995e-05,2.0999999999999995e-05,2.0999999999999995e-05,2.0999999999999995e-05,2.0999999999999995e-05,0.039620999999999996,2.0999999999999995e-05,2.0999999999999995e-05,2.0999999999999995e-05,2.0999999999999995e-05,2.0999999999999995e-05,2.0999999999999995e-05,2.0999999999999995e-05,2.0999999999999995e-05,2.0999999999999995e-05,2.0999999999999995e-05,7.020551000000015
37035_1#16,4.5849999999999996e-05,4.5849999999999996e-05,4.5849999999999996e-05,0.09217585,0.52658585,4.5849999999999996e-05,0.16663585,3.5220858500000003,0.0025158499999999,3.67619585,4.5849999999999996e-05,0.0039058499999998996,0.65739585,4.5849999999999996e-05,0.13071585,4.5849999999999996e-05,0.16763585,4.5849999999999996e-05,0.014935849999999999,0.11123585,0.28408585,4.5849999999999996e-05,0.05424585,0.25132585,0.21410585,0.36684585,0.76271585,0.23115585,0.03705585,4.5849999999999996e-05,4.5849999999999996e-05,0.5163558500000001,0.15976585,4.5849999999999996e-05,4.5849999999999996e-05,4.5849999999999996e-05,0.06501585,0.59277585,0.0778558499999999,4.5849999999999996e-05,0.23297585,0.25419585,0.17507585,4.5849999999999996e-05,4.5849999999999996e-05,4.5849999999999996e-05,0.78824585,9.62175585,0.0706558499999999,0.31289585,0.23075585,0.93900585,0.02140585,0.02096585,0.14021585,4.5849999999999996e-05,0.00477585,0.12344585,0.10120585,1.43492585,4.5849999999999996e-05,0.03786585,5.03040585,1.40374585,0.28775585,0.22762585,0.5042058500000001,0.035045849999999996,0.03977585,0.20701585,0.20345585,0.08803585,0.13356584999999999,0.00530585,0.16099585,0.02426585,0.15182585,0.0791058499999999,0.04008585,0.11332585,0.49118585,1.11865585,4.5849999999999996e-05,0.30806585,0.19826585,0.09424585,0.23048585,0.03288585,4.5849999999999996e-05,0.0819058499999999,4.5849999999999996e-05,0.03226585,4.5849999999999996e-05,0.04597585,0.00170585,0.19527585,0.016695849999999998,0.0073358499999999,0.19829585,4.5849999999999996e-05,0.03789585,0.00313585,0.02386585,0.0033158499999998998,0.0043358500000000005,4.5849999999999996e-05,0.6786558500000001,0.0038058499999998998,4.5849999999999996e-05,4.5849999999999996e-05,0.02366585,1.88482585,4.5849999999999996e-05,0.00538585,4.5849999999999996e-05,4.5849999999999996e-05,2.25592585,4.5849999999999996e-05,0.03731585,0.2295458499999999,0.09566585,4.5849999999999996e-05,0.16047585,0.0585158499999999,0.53671585,4.5849999999999996e-05,4.5849999999999996e-05,0.0223458499999999,4.5849999999999996e-05,0.08664585,0.0272158499999999,4.5849999999999996e-05,0.01400585,4.5849999999999996e-05,4.5849999999999996e-05,4.5849999999999996e-05,4.5849999999999996e-05,0.31119585,4.5849999999999996e-05,0.38303585,0.17344585,0.63557585,0.13214585,0.57909585,4.5849999999999996e-05,0.021815849999999998,0.63264585,0.81676585,0.58809585,4.5849999999999996e-05,0.17626585,0.10616585,0.25760585,0.03273585,4.5849999999999996e-05,0.00647585,0.31114585,0.06269585,0.012715849999999999,4.5849999999999996e-05,0.061445849999999996,0.23261585,0.03438585,0.0523058499999999,0.1088358499999999,4.5849999999999996e-05,0.06213585,0.013615849999999999,0.21462585,0.012335849999999999,4.5849999999999996e-05,4.5849999999999996e-05,4.5849999999999996e-05,4.5849999999999996e-05,0.03989585,4.5849999999999996e-05,4.5849999999999996e-05,4.5849999999999996e-05,4.5849999999999996e-05,0.0063158500000000005,4.5849999999999996e-05,4.5849999999999996e-05,4.5849999999999996e-05,4.5849999999999996e-05,4.5849999999999996e-05,4.5849999999999996e-05,4.5849999999999996e-05,4.5849999999999996e-05,4.5849999999999996e-05,4.5849999999999996e-05,4.5849999999999996e-05,4.5849999999999996e-05,0.05713585,4.46549585,0.09458585,0.10129584999999999,4.5849999999999996e-05,4.5849999999999996e-05,0.013145849999999999,44.00928585
37035_1#17,4.8299999999999995e-05,0.0280482999999999,4.8299999999999995e-05,0.3616983,0.0348883,0.0246583,0.7985383,1.5421283,4.8299999999999995e-05,7.4236583000000005,0.0047282999999999995,0.19942829999999998,0.12862829999999997,4.8299999999999995e-05,0.0006983,0.0276583,0.6441283,0.08945829999999991,0.0494283,0.3024383,0.0171883,4.8299999999999995e-05,0.1038283,7.6482983,1.1976883,0.6057583,0.7742883,0.0291183,0.0892383,4.8299999999999995e-05,4.8299999999999995e-05,4.8299999999999995e-05,0.1433283,4.8299999999999995e-05,0.0347383,4.8299999999999995e-05,0.0804983,0.0102783,0.0160883,4.8299999999999995e-05,0.0221383,1.1903283,0.0620783,0.0959883,4.8299999999999995e-05,0.0223883,0.016718300000000002,0.8495983,0.9492283,0.1154483,0.7923483,0.0045483,4.8299999999999995e-05,1.2420383,1.1855483,4.8299999999999995e-05,0.0187983,4.8299999999999995e-05,0.33032829999999996,0.1496082999999999,0.0169983,0.6438283,4.8299999999999995e-05,0.1099382999999999,0.2551283,0.6240283,0.0199482999999999,0.19457829999999998,0.0903783,0.0299783,0.0027683,0.0038983,0.1331683,0.21429829999999989,0.5567783,0.0099083,0.40975829999999996,0.005518299999999999,4.8299999999999995e-05,4.8299999999999995e-05,0.3237883,0.5634283,0.2367783,0.0200983,0.0446883,0.007608299999999999,0.048688300000000004,4.8299999999999995e-05,0.0260283,4.8299999999999995e-05,0.0255183,0.1925883,4.8299999999999995e-05,4.8299999999999995e-05,0.3834683,0.0505682999999999,0.6861683,0.022678300000000002,0.39415829999999996,0.0552783,0.0051883,0.0082583,0.1549082999999999,0.1128283,0.0111582999999999,0.0666683,0.0219783,0.3518982999999999,0.0193283,4.8299999999999995e-05,0.005988299999999999,0.0270983,0.0793582999999999,4.8299999999999995e-05,0.0316883,4.8299999999999995e-05,4.8299999999999995e-05,0.0240883,0.0329683,0.16970829999999998,4.8299999999999995e-05,0.0544883,0.0233783,0.0065983,4.8299999999999995e-05,4.8299999999999995e-05,0.0136183,0.16950829999999997,0.1053583,0.0286283,0.007608299999999999,0.15921829999999998,4.8299999999999995e-05,4.8299999999999995e-05,4.8299999999999995e-05,4.8299999999999995e-05,0.1363683,0.0149583,0.3714783,0.4134583,0.1054083,0.0768483,0.0184083,0.0097283,4.8299999999999995e-05,4.8299999999999995e-05,0.017318300000000002,0.0945082999999999,4.8299999999999995e-05,0.0211283,0.0002182999999999,4.8299999999999995e-05,0.0230083,4.8299999999999995e-05,4.8299999999999995e-05,4.8299999999999995e-05,4.8299999999999995e-05,0.3516583,0.005328299999999999,0.3214683,4.8299999999999995e-05,4.8299999999999995e-05,0.0023383,0.006098299999999999,0.0116883,0.0093883,4.8299999999999995e-05,0.0009883000000000001,4.8299999999999995e-05,0.0067282999999999996,4.8299999999999995e-05,0.0024683,4.8299999999999995e-05,0.0121283,4.8299999999999995e-05,4.8299999999999995e-05,4.8299999999999995e-05,4.8299999999999995e-05,0.0412483,0.0695083,0.0169283,4.8299999999999995e-05,4.8299999999999995e-05,4.8299999999999995e-05,4.8299999999999995e-05,4.8299999999999995e-05,4.8299999999999995e-05,4.8299999999999995e-05,0.007118299999999999,4.8299999999999995e-05,0.0388283,0.0314483,4.8299999999999995e-05,0.0044283,0.0034983,0.0056783,0.0296883,4.8299999999999995e-05,4.8299999999999995e-05,60.16387829999999
37035_1#18,4.4449999999999996e-05,0.00262445,4.4449999999999996e-05,0.1405544499999999,0.12056445,0.03623445,4.7962244499999995,1.4760244500000002,0.53919445,8.97059445,0.00466445,0.9103544499999999,0.11586445000000001,4.4449999999999996e-05,4.4449999999999996e-05,2.22063445,0.9453844499999999,0.07714445,0.11714445,1.49338445,4.4449999999999996e-05,4.4449999999999996e-05,1.8133344500000002,13.305954449999998,3.73963445,1.4377244500000002,3.3001244499999998,0.03532445,0.26426445000000004,4.4449999999999996e-05,4.4449999999999996e-05,0.0598044499999999,0.67042445,4.4449999999999996e-05,0.01425445,4.4449999999999996e-05,0.01323445,0.00464445,0.12019445,4.4449999999999996e-05,4.4449999999999996e-05,0.35223445000000003,0.19230445,4.4449999999999996e-05,0.00462445,0.05732445,0.10387445000000001,4.90594445,0.09186445,0.24726445,4.4449999999999996e-05,0.07436445,0.00893445,4.1072244499999995,0.35909445,1.6953444500000001,0.33159444999999993,0.06636445,4.4449999999999996e-05,0.22031445,0.13594445,0.27030445000000003,0.0967544499999999,0.052944450000000004,0.01352445,4.6671444499999994,0.2240944499999999,2.0657044499999997,0.00292445,0.07824445000000001,0.0776044499999999,4.4449999999999996e-05,4.4449999999999996e-05,0.51970445,4.4449999999999996e-05,0.04484445,0.6522544499999999,0.02277445,4.4449999999999996e-05,0.01745445,0.01820445,0.0749544499999999,0.5527444499999999,0.62153445,0.51258445,0.66193445,0.021054450000000002,4.4449999999999996e-05,0.14009444999999998,0.01649445,0.02128445,0.12636445,0.01131445,4.4449999999999996e-05,0.01238445,4.4449999999999996e-05,0.39250445,0.0016644499999998999,0.03665445,0.06734445,0.0006644499999999999,0.50309445,0.14417444999999998,0.03377445,0.23201444999999998,0.21073445,4.4449999999999996e-05,1.75025445,0.14068445,4.4449999999999996e-05,4.4449999999999996e-05,4.4449999999999996e-05,0.31368445,4.4449999999999996e-05,0.0561144499999999,4.4449999999999996e-05,0.16576444999999998,0.06724445,4.4449999999999996e-05,0.03673445,4.4449999999999996e-05,0.1856544499999999,0.1907344499999999,0.16066445,0.01766445,0.04352445,0.29285445,1.44096445,0.09304445,0.0787544499999999,4.4449999999999996e-05,0.14152445,4.4449999999999996e-05,4.4449999999999996e-05,0.00443445,4.4449999999999996e-05,4.4449999999999996e-05,4.4449999999999996e-05,0.01487445,0.4415944499999999,0.21589444999999988,0.0578544499999999,0.01057445,4.4449999999999996e-05,0.08519445,4.4449999999999996e-05,4.4449999999999996e-05,4.4449999999999996e-05,4.4449999999999996e-05,4.4449999999999996e-05,4.4449999999999996e-05,0.01797445,4.4449999999999996e-05,4.4449999999999996e-05,0.27485445000000003,4.4449999999999996e-05,4.4449999999999996e-05,0.11787445,0.12604444999999997,0.8512044499999999,4.4449999999999996e-05,0.12838444999999998,4.4449999999999996e-05,4.4449999999999996e-05,0.03173445,0.02499445,4.4449999999999996e-05,0.00212445,0.0017444499999998999,0.009194450000000002,4.4449999999999996e-05,4.4449999999999996e-05,0.0814644499999999,0.01920445,4.4449999999999996e-05,4.4449999999999996e-05,4.4449999999999996e-05,4.4449999999999996e-05,0.02153445,0.17001444999999998,4.4449999999999996e-05,4.4449999999999996e-05,4.4449999999999996e-05,4.4449999999999996e-05,4.4449999999999996e-05,4.4449999999999996e-05,4.4449999999999996e-05,4.4449999999999996e-05,4.4449999999999996e-05,4.4449999999999996e-05,4.4449999999999996e-05,4.4449999999999996e-05,4.4449999999999996e-05,0.86531445,4.4449999999999996e-05,0.01322445,0.0214844499999999,4.4449999999999996e-05,4.4449999999999996e-05,18.29212445000004
37035_1#1,0.6199379500000001,0.4454979499999999,4.794999999999999e-05,0.08047795,1.93023795,4.794999999999999e-05,0.56164795,3.31377795,4.794999999999999e-05,6.27292795,0.04369795,0.23226795,1.1907879499999998,4.794999999999999e-05,0.10265795,0.06264795000000001,0.59531795,0.01641795,0.059817949999999995,0.43373795,0.19263795,4.794999999999999e-05,0.05407795,0.053447949999999994,0.15054795,1.1001879499999998,0.69084795,0.46175795000000003,0.06294795,4.794999999999999e-05,0.06381795,0.71694795,0.16843795,4.794999999999999e-05,0.00340795,4.794999999999999e-05,0.05833795,0.77580795,4.794999999999999e-05,4.794999999999999e-05,0.45560795,0.14026795,0.08105795,4.794999999999999e-05,4.794999999999999e-05,4.794999999999999e-05,0.92762795,9.38643795,2.79844795,0.33113795,4.794999999999999e-05,2.12786795,4.794999999999999e-05,0.8163379500000001,0.42019795,4.794999999999999e-05,4.794999999999999e-05,0.08136795000000001,4.794999999999999e-05,4.18088795,0.00309795,4.794999999999999e-05,4.794999999999999e-05,0.07906795,1.68354795,0.3531879499999999,0.33737795,0.034547949999999994,0.42138795,0.053467949999999896,0.07865795,0.07666795,0.03596795,4.794999999999999e-05,0.64892795,0.30001795,0.33898795,0.29746795,0.05713795,0.08442795,0.16744795,4.48302795,0.00317795,0.06523795,0.30452795,0.02750795,0.33757795,4.794999999999999e-05,0.01198795,0.0132479499999999,4.794999999999999e-05,0.018767950000000002,4.794999999999999e-05,0.06741795,0.20640795,4.794999999999999e-05,0.32331795,0.010617950000000001,0.01962795,0.011327950000000002,0.19400795,0.06358795,0.06012795,0.034567949999999896,4.794999999999999e-05,4.794999999999999e-05,0.028547949999999902,0.00529795,4.794999999999999e-05,0.00488795,4.794999999999999e-05,0.64473795,0.00591795,0.02500795,0.00495795,0.03693795,1.75051795,4.794999999999999e-05,0.26138795,0.06888795,0.01387795,0.02890795,0.01785795,0.25727795,5.35145795,0.09953795,4.794999999999999e-05,0.058327949999999996,0.01709795,0.051607949999999896,4.794999999999999e-05,0.01759795,4.794999999999999e-05,4.794999999999999e-05,4.794999999999999e-05,4.794999999999999e-05,4.794999999999999e-05,0.053767949999999995,0.04738795,4.794999999999999e-05,0.48153795,0.25513795,4.794999999999999e-05,4.794999999999999e-05,0.67417795,0.37650795,6.13234795,0.00412795,0.01087795,4.794999999999999e-05,0.11340794999999991,0.05123795,0.18608795,0.25114795,4.794999999999999e-05,0.0059079499999999,0.0069379499999999,0.02306795,0.21866795,4.794999999999999e-05,0.28309795,0.65332795,0.11739795,0.048167949999999994,1.03506795,0.009197950000000002,0.24370795,4.794999999999999e-05,4.794999999999999e-05,4.794999999999999e-05,0.0104379499999999,0.03220795,4.794999999999999e-05,4.794999999999999e-05,0.03473795,4.794999999999999e-05,0.036317949999999995,4.794999999999999e-05,4.794999999999999e-05,0.01847795,0.02339795,4.794999999999999e-05,4.794999999999999e-05,0.00679795,4.794999999999999e-05,4.794999999999999e-05,4.794999999999999e-05,4.794999999999999e-05,0.02017795,4.794999999999999e-05,4.794999999999999e-05,4.794999999999999e-05,4.794999999999999e-05,4.794999999999999e-05,0.04389795,4.794999999999999e-05,0.00770795,0.00532795,0.027707950000000002,26.127067949999997
37035_1#20,3.64e-05,1.7094064,3.64e-05,1.4348763999999998,0.0560264,3.64e-05,11.6311064,0.28747639999999997,0.053236399999999996,4.4968264,0.6838064,3.7753464,0.1706064,3.64e-05,0.1799064,15.6690364,7.3883664,0.0056664,0.1154064,6.5140564,0.2752964,3.64e-05,0.29985639999999997,0.0941564,0.0302563999999999,0.9620164,4.0491864,0.0342564,1.5504764,3.64e-05,3.64e-05,3.64e-05,0.10877639999999991,3.64e-05,1.8917564,3.64e-05,3.64e-05,0.1497764,0.20085640000000002,3.64e-05,3.64e-05,3.64e-05,0.1377964,0.0094964,0.0842264,0.0686264,0.0010164,0.6666564,3.64e-05,3.64e-05,3.64e-05,0.0041564,0.0095064,5.8940064,6.7794864,0.3070363999999999,1.2355064,0.0072064,0.2090564,0.037326399999999996,0.6747664,1.1976664,3.64e-05,3.64e-05,0.0331864,3.64e-05,0.0403464,0.2405863999999999,1.0891064,0.0038864,3.64e-05,3.64e-05,3.64e-05,3.64e-05,2.0313164,0.0069064,0.1172664,3.64e-05,3.64e-05,3.64e-05,3.64e-05,0.0168164,1.8698763999999999,0.0808064,0.0152564,0.0112864,3.64e-05,3.64e-05,0.34774639999999996,3.64e-05,0.0139964,0.0007364,0.0138164,3.64e-05,3.64e-05,0.029716399999999997,3.64e-05,0.0844064,0.0089763999999999,0.5076964,3.64e-05,0.2061964,0.0365364,0.0009164,0.1076864,3.64e-05,3.64e-05,0.5406464000000001,0.7563264000000001,0.0183263999999999,3.64e-05,3.64e-05,0.0046964,3.64e-05,0.2162464,3.64e-05,3.64e-05,0.26605639999999997,3.64e-05,3.64e-05,3.64e-05,0.015906399999999998,0.015636399999999998,0.0048963999999999,3.64e-05,3.64e-05,0.1975664,0.1519564,3.64e-05,3.64e-05,0.057336399999999996,0.5232664,3.64e-05,3.64e-05,0.1100164,3.64e-05,0.0675664,3.64e-05,3.64e-05,0.0025464,3.64e-05,0.027086399999999997,3.64e-05,3.64e-05,3.64e-05,3.64e-05,3.64e-05,0.0039064,3.64e-05,3.64e-05,3.64e-05,3.64e-05,3.64e-05,3.64e-05,0.10436640000000001,3.64e-05,3.64e-05,0.0395964,3.64e-05,3.64e-05,3.64e-05,3.64e-05,3.64e-05,3.64e-05,3.64e-05,0.2921564,3.64e-05,3.64e-05,0.0072864,0.0771964,3.64e-05,0.10193640000000001,0.6725964000000001,0.061076399999999996,0.0338563999999999,3.64e-05,3.64e-05,0.017956399999999997,0.0044464,0.6698864,3.64e-05,3.64e-05,3.64e-05,3.64e-05,3.64e-05,3.64e-05,3.64e-05,3.64e-05,3.64e-05,3.64e-05,0.1447464,3.64e-05,3.64e-05,3.64e-05,3.64e-05,0.0395564,0.0320064,3.64e-05,3.64e-05,6.661426399999971
37035_1#21,1.5750000000000003e-05,3.0322957500000003,1.5750000000000003e-05,1.44538575,0.06727575,1.5750000000000003e-05,18.45150575,1.5750000000000003e-05,1.5750000000000003e-05,0.53594575,0.18316575,1.78096575,0.06505575,1.5750000000000003e-05,1.5750000000000003e-05,10.11537575,2.75954575,1.5750000000000003e-05,1.5750000000000003e-05,2.40923575,0.19295574999999998,1.5750000000000003e-05,0.01565575,22.369155749999997,0.03045575,1.6547257499999999,11.65716575,0.10594574999999999,0.35962575,1.5750000000000003e-05,0.12788575,1.5750000000000003e-05,0.1057557499999999,1.5750000000000003e-05,0.0563357499999999,1.5750000000000003e-05,0.01126575,1.5750000000000003e-05,1.5750000000000003e-05,0.26168575,1.5750000000000003e-05,1.5750000000000003e-05,0.03174575,0.99398575,1.5750000000000003e-05,1.5750000000000003e-05,1.5750000000000003e-05,0.01287575,1.5750000000000003e-05,1.5750000000000003e-05,1.5750000000000003e-05,1.5750000000000003e-05,1.5750000000000003e-05,1.5750000000000003e-05,1.5750000000000003e-05,1.5750000000000003e-05,1.5750000000000003e-05,0.01962575,1.5750000000000003e-05,1.5750000000000003e-05,0.17500575,15.93999575,1.5750000000000003e-05,1.5750000000000003e-05,1.5750000000000003e-05,1.5750000000000003e-05,1.5750000000000003e-05,0.030755750000000002,1.5750000000000003e-05,0.0056857499999999,1.5750000000000003e-05,1.5750000000000003e-05,1.5750000000000003e-05,1.5750000000000003e-05,1.5750000000000003e-05,1.5750000000000003e-05,1.5750000000000003e-05,1.5750000000000003e-05,1.5750000000000003e-05,1.5750000000000003e-05,1.5750000000000003e-05,1.5750000000000003e-05,1.5750000000000003e-05,1.5750000000000003e-05,0.01020575,0.2300557499999999,1.5750000000000003e-05,1.5750000000000003e-05,1.5750000000000003e-05,1.5750000000000003e-05,1.5750000000000003e-05,1.5750000000000003e-05,0.07834574999999999,1.5750000000000003e-05,1.5750000000000003e-05,0.33076575,1.5750000000000003e-05,1.5750000000000003e-05,1.5750000000000003e-05,0.85918575,1.5750000000000003e-05,0.13615575,1.5750000000000003e-05,0.01087575,1.5750000000000003e-05,1.5750000000000003e-05,1.5750000000000003e-05,1.5750000000000003e-05,1.5750000000000003e-05,1.5750000000000003e-05,1.5750000000000003e-05,1.5750000000000003e-05,0.00157575,1.5750000000000003e-05,0.01808575,1.5750000000000003e-05,1.5750000000000003e-05,1.5750000000000003e-05,1.5750000000000003e-05,1.5750000000000003e-05,1.5750000000000003e-05,1.5750000000000003e-05,0.0524357499999999,1.5750000000000003e-05,1.5750000000000003e-05,1.5750000000000003e-05,1.5750000000000003e-05,1.5750000000000003e-05,1.5750000000000003e-05,1.5750000000000003e-05,1.5750000000000003e-05,1.5750000000000003e-05,1.5750000000000003e-05,1.5750000000000003e-05,0.08279574999999999,1.5750000000000003e-05,1.5750000000000003e-05,1.5750000000000003e-05,1.5750000000000003e-05,1.5750000000000003e-05,1.5750000000000003e-05,1.5750000000000003e-05,1.5750000000000003e-05,1.5750000000000003e-05,1.5750000000000003e-05,1.5750000000000003e-05,1.5750000000000003e-05,1.5750000000000003e-05,1.5750000000000003e-05,1.5750000000000003e-05,1.5750000000000003e-05,0.04376575,1.5750000000000003e-05,1.5750000000000003e-05,1.5750000000000003e-05,1.5750000000000003e-05,1.5750000000000003e-05,1.5750000000000003e-05,1.5750000000000003e-05,1.5750000000000003e-05,1.5750000000000003e-05,1.5750000000000003e-05,1.5750000000000003e-05,1.5750000000000003e-05,1.5750000000000003e-05,1.5750000000000003e-05,1.5750000000000003e-05,1.5750000000000003e-05,1.5750000000000003e-05,1.5750000000000003e-05,1.5750000000000003e-05,1.5750000000000003e-05,1.5750000000000003e-05,1.5750000000000003e-05,1.5750000000000003e-05,1.5750000000000003e-05,1.5750000000000003e-05,1.5750000000000003e-05,1.5750000000000003e-05,1.5750000000000003e-05,1.5750000000000003e-05,1.5750000000000003e-05,1.5750000000000003e-05,1.5750000000000003e-05,1.5750000000000003e-05,1.5750000000000003e-05,1.5750000000000003e-05,1.5750000000000003e-05,1.5750000000000003e-05,1.5750000000000003e-05,1.5750000000000003e-05,1.5750000000000003e-05,1.5750000000000003e-05,1.5750000000000003e-05,1.5750000000000003e-05,1.5750000000000003e-05,1.5750000000000003e-05,1.5750000000000003e-05,1.5750000000000003e-05,3.1392657500000074
37035_1#22,3.7449999999999995e-05,0.0591474499999999,3.7449999999999995e-05,0.0028074499999998998,1.0215074499999999,3.7449999999999995e-05,20.90217745,0.44652745,3.7449999999999995e-05,4.47970745,0.01818745,1.78661745,3.7449999999999995e-05,3.7449999999999995e-05,1.62317745,0.01147745,5.823527449999999,0.2463874499999999,0.07715744999999999,0.01449745,0.18458745000000001,3.7449999999999995e-05,0.020707450000000002,0.0214774499999999,3.7449999999999995e-05,0.43235744999999987,0.61827745,0.07123745,0.29709745,3.7449999999999995e-05,0.04202745,0.012087450000000001,0.06727744999999999,3.7449999999999995e-05,6.06544745,3.7449999999999995e-05,0.00473745,0.1249274499999999,0.03528745,3.7449999999999995e-05,3.7449999999999995e-05,3.7449999999999995e-05,0.19087745,3.7449999999999995e-05,0.07034744999999999,0.0734474499999999,0.21557745,3.6413374500000004,0.021907450000000002,3.7449999999999995e-05,3.7449999999999995e-05,3.7449999999999995e-05,3.7449999999999995e-05,0.10050745,2.28622745,4.45865745,0.05226745,0.08759745,3.7449999999999995e-05,0.18291745,0.06899744999999999,3.7449999999999995e-05,0.32604744999999996,0.48547745,0.05028745,3.7449999999999995e-05,0.31295744999999997,7.82871745,3.7449999999999995e-05,3.7449999999999995e-05,3.7449999999999995e-05,3.7449999999999995e-05,3.7449999999999995e-05,3.7449999999999995e-05,1.22473745,0.26535745,0.3935874499999999,3.7449999999999995e-05,0.0569474499999999,0.00720745,0.12917745,0.18374745,4.39030745,0.03827745,3.7449999999999995e-05,0.02468745,0.00341745,3.7449999999999995e-05,0.26790745,3.7449999999999995e-05,3.7449999999999995e-05,0.04254745,3.7449999999999995e-05,3.7449999999999995e-05,3.7449999999999995e-05,0.05015745,0.34276745,3.7449999999999995e-05,3.7449999999999995e-05,0.99668745,0.06078745,0.50279745,0.2383374499999999,0.00622745,0.07544744999999989,3.7449999999999995e-05,0.64747745,0.14856745000000002,0.38661745,3.7449999999999995e-05,0.03172745,0.34350745,3.7449999999999995e-05,3.7449999999999995e-05,0.11922744999999989,3.7449999999999995e-05,0.01765745,0.54532745,0.01176745,0.09358744999999999,3.7449999999999995e-05,3.7449999999999995e-05,0.37506744999999997,0.51404745,0.50045745,3.7449999999999995e-05,3.7449999999999995e-05,3.7449999999999995e-05,0.0033574499999999997,0.42326745,3.7449999999999995e-05,0.51527745,3.7449999999999995e-05,3.7449999999999995e-05,0.83772745,3.7449999999999995e-05,3.7449999999999995e-05,0.65379745,3.7449999999999995e-05,3.7449999999999995e-05,3.7449999999999995e-05,3.7449999999999995e-05,0.0066474499999999,3.7449999999999995e-05,3.7449999999999995e-05,0.2320774499999999,0.01424745,3.7449999999999995e-05,0.39038744999999997,3.7449999999999995e-05,3.7449999999999995e-05,3.7449999999999995e-05,3.7449999999999995e-05,3.7449999999999995e-05,3.7449999999999995e-05,0.03133745,0.01520745,3.7449999999999995e-05,3.7449999999999995e-05,3.7449999999999995e-05,0.01346745,3.7449999999999995e-05,3.7449999999999995e-05,0.028537449999999902,3.7449999999999995e-05,3.7449999999999995e-05,0.00700745,3.7449999999999995e-05,3.7449999999999995e-05,0.0014674500000000001,0.36386745,0.00142745,1.67223745,0.01666745,0.01283745,3.7449999999999995e-05,0.05402745,3.7449999999999995e-05,3.7449999999999995e-05,3.7449999999999995e-05,0.0305074499999999,3.7449999999999995e-05,3.7449999999999995e-05,3.7449999999999995e-05,3.7449999999999995e-05,3.7449999999999995e-05,3.7449999999999995e-05,3.7449999999999995e-05,3.7449999999999995e-05,3.7449999999999995e-05,3.7449999999999995e-05,3.7449999999999995e-05,0.11415745,3.7449999999999995e-05,0.03359745,3.7449999999999995e-05,0.06425745,0.10180745,3.7449999999999995e-05,16.356567449999993
37035_1#23,3.115e-05,19.42343115,0.10550114999999999,0.51224115,0.19466115,3.115e-05,1.04494115,0.28362114999999993,3.115e-05,0.17521114999999998,0.00605115,0.52777115,0.10156114999999999,3.115e-05,3.115e-05,3.115e-05,0.8567411499999998,0.01170115,0.0229211499999999,2.4143311499999998,0.0038011499999999,3.115e-05,0.08526115000000001,31.27869115,1.0255311500000002,0.5014311499999999,10.13927115,0.05891115,0.2072811499999999,3.115e-05,3.115e-05,0.01173115,0.05287115,3.115e-05,0.07447115000000001,3.115e-05,3.115e-05,0.00113115,0.14989115,3.115e-05,0.22625114999999998,0.60194115,1.12720115,1.4353711500000002,3.115e-05,0.06514115000000001,0.32456115,4.07038115,0.12724115,3.115e-05,3.115e-05,0.12040115000000001,3.115e-05,8.492141150000002,0.75861115,0.01469115,0.27524115000000005,0.07139114999999999,3.115e-05,0.03841115,0.23850115,3.115e-05,3.115e-05,3.115e-05,3.115e-05,0.04969115,0.82395115,0.05676115,0.11217114999999989,0.01783115,0.00217115,0.00414115,3.115e-05,3.115e-05,3.115e-05,0.08096115000000001,3.115e-05,3.115e-05,3.115e-05,3.115e-05,3.115e-05,0.01307115,0.56517115,0.05699115,3.115e-05,0.33128115,3.115e-05,0.00964115,0.27403115,3.115e-05,3.115e-05,3.115e-05,0.22740115,3.115e-05,3.115e-05,0.00397115,3.115e-05,3.115e-05,3.115e-05,0.20938115,3.115e-05,0.01300115,0.01583115,3.115e-05,0.03383115,3.115e-05,3.115e-05,0.40069115,0.09734114999999999,3.115e-05,3.115e-05,3.115e-05,0.08598115,3.115e-05,0.03889115,3.115e-05,3.115e-05,0.18518115,3.115e-05,3.115e-05,3.115e-05,0.02096115,0.15196115,3.115e-05,3.115e-05,3.115e-05,0.46057115000000004,0.15220114999999998,0.01878115,3.115e-05,3.115e-05,0.16471115,3.115e-05,3.115e-05,0.01777115,3.115e-05,3.115e-05,0.0009311499999999,3.115e-05,0.0440011499999999,3.115e-05,0.00713115,3.115e-05,3.115e-05,3.115e-05,3.115e-05,3.115e-05,3.115e-05,3.115e-05,3.115e-05,3.115e-05,3.115e-05,3.115e-05,3.115e-05,3.115e-05,3.115e-05,3.115e-05,3.115e-05,0.06745114999999999,3.115e-05,3.115e-05,3.115e-05,3.115e-05,3.115e-05,3.115e-05,0.10969114999999999,3.115e-05,3.115e-05,3.115e-05,3.115e-05,0.0073211499999999,3.115e-05,0.00248115,3.115e-05,3.115e-05,3.115e-05,3.115e-05,0.07896115000000001,0.02819115,0.0350511499999999,3.115e-05,3.115e-05,3.115e-05,3.115e-05,3.115e-05,3.115e-05,3.115e-05,3.115e-05,3.115e-05,3.115e-05,0.03833115,0.07166115,3.115e-05,0.05751115,3.115e-05,3.115e-05,3.115e-05,3.115e-05,3.115e-05,7.493061149999995
37035_1#24,0.013858849999999999,0.09037885000000001,3.8849999999999996e-05,0.96989885,1.08949885,0.0365088499999999,11.91616885,3.8849999999999996e-05,0.04845885,1.2024688499999998,0.32494885,2.1346188500000003,3.8849999999999996e-05,3.8849999999999996e-05,0.6559688499999999,2.2730988500000002,1.8925788499999998,1.29877885,3.8849999999999996e-05,0.09412885,1.7757288499999997,3.8849999999999996e-05,1.07134885,0.34056885000000003,3.8849999999999996e-05,0.47264885,0.91331885,0.09281885000000001,2.49914885,3.8849999999999996e-05,0.13616884999999998,3.8849999999999996e-05,0.18842884999999998,3.8849999999999996e-05,0.43306885,3.8849999999999996e-05,0.10683885000000001,0.13661885,0.02243885,3.8849999999999996e-05,3.8849999999999996e-05,3.8849999999999996e-05,0.16735885,3.8849999999999996e-05,3.8849999999999996e-05,3.8849999999999996e-05,0.0037988499999998997,1.31836885,3.8849999999999996e-05,3.8849999999999996e-05,3.8849999999999996e-05,0.0009988500000000001,0.16304885,2.3014488500000003,1.88297885,2.2616088500000004,2.79212885,0.008458849999999999,0.34035885000000005,0.61557885,1.0163288499999998,0.01065885,3.8849999999999996e-05,3.8849999999999996e-05,0.44908884999999993,3.8849999999999996e-05,3.8849999999999996e-05,0.09101885000000001,3.8849999999999996e-05,0.05910885,3.8849999999999996e-05,3.8849999999999996e-05,0.56143885,3.8849999999999996e-05,3.8849999999999996e-05,0.48511885000000005,0.58110885,0.02932885,3.8849999999999996e-05,0.04909885,3.8849999999999996e-05,0.8986988499999999,2.1591488500000002,3.8849999999999996e-05,0.05661885,0.04086885,3.8849999999999996e-05,0.007908849999999999,0.2086288499999999,3.8849999999999996e-05,0.011098849999999999,3.8849999999999996e-05,0.19061884999999998,3.8849999999999996e-05,0.03320885,0.13034885,3.34206885,3.8849999999999996e-05,0.14117885,2.41360885,0.0070088500000000005,3.8849999999999996e-05,0.38222885,0.08711885000000001,0.03683885,3.8849999999999996e-05,0.0065188500000000005,1.36287885,0.0523488499999999,3.8849999999999996e-05,3.8849999999999996e-05,0.37176885000000004,3.8849999999999996e-05,3.8849999999999996e-05,0.42136885,3.8849999999999996e-05,0.08431885,0.26963884999999993,3.8849999999999996e-05,3.8849999999999996e-05,3.8849999999999996e-05,0.53630885,0.15807885,3.8849999999999996e-05,0.21263884999999988,3.8849999999999996e-05,0.09862885,3.8849999999999996e-05,0.00562885,0.07625885,3.8849999999999996e-05,3.8849999999999996e-05,3.8849999999999996e-05,3.4461688500000003,0.78257885,3.8849999999999996e-05,3.8849999999999996e-05,0.14585884999999998,3.8849999999999996e-05,1.09654885,1.3033088499999999,3.8849999999999996e-05,0.06138885,3.8849999999999996e-05,3.8849999999999996e-05,0.03707885,0.74060885,0.00594885,0.00958885,0.01657885,0.004728850000000001,0.70888885,3.8849999999999996e-05,3.8849999999999996e-05,3.8849999999999996e-05,0.012578849999999999,0.17818884999999998,3.8849999999999996e-05,3.8849999999999996e-05,2.7697188500000003,0.58806885,0.09859885,3.8849999999999996e-05,3.8849999999999996e-05,0.08351885,3.8849999999999996e-05,0.13337885,3.8849999999999996e-05,0.21998884999999999,3.8849999999999996e-05,0.1804288499999999,0.00219885,0.45251885000000003,3.8849999999999996e-05,0.01811885,3.8849999999999996e-05,3.8849999999999996e-05,0.032568849999999996,0.02982885,3.8849999999999996e-05,3.8849999999999996e-05,3.8849999999999996e-05,3.8849999999999996e-05,3.8849999999999996e-05,3.8849999999999996e-05,3.8849999999999996e-05,3.8849999999999996e-05,3.8849999999999996e-05,3.8849999999999996e-05,3.8849999999999996e-05,3.8849999999999996e-05,3.8849999999999996e-05,0.38591885000000004,3.8849999999999996e-05,0.28249885,0.01180885,3.8849999999999996e-05,3.8849999999999996e-05,3.8849999999999996e-05,24.93480885000001
37035_1#25,4.759999999999999e-05,1.8244076,4.759999999999999e-05,0.1117276,0.2980776,0.0042176,4.1197476,0.0128376,4.759999999999999e-05,13.0033076,0.0705976,0.6387376,0.08747759999999999,4.759999999999999e-05,0.0989476,4.759999999999999e-05,0.7911776,0.0414276,0.018587599999999902,0.3674276,0.021237600000000002,4.759999999999999e-05,0.4641076,0.2590776,4.759999999999999e-05,0.14369759999999998,4.283417600000001,0.0019276,0.5431776,4.759999999999999e-05,4.759999999999999e-05,0.0006076,4.759999999999999e-05,4.759999999999999e-05,2.9590176,4.759999999999999e-05,0.024807600000000003,0.008087599999999999,0.033887600000000004,4.759999999999999e-05,4.759999999999999e-05,4.759999999999999e-05,0.6696076000000001,0.39385760000000003,0.0173576,0.0365376,0.018937600000000002,0.2061776,0.1466776,0.0271676,4.759999999999999e-05,0.0139376,0.0290076,1.8256776000000001,1.2725276,0.0301476,0.4712175999999999,0.0152676,4.759999999999999e-05,0.21785759999999998,1.5953876,3.2503075999999997,4.759999999999999e-05,0.0430376,0.11170759999999999,0.3366576,0.0025175999999999,0.8952976000000001,0.3002076,4.759999999999999e-05,4.759999999999999e-05,0.0042776,0.0310576,4.759999999999999e-05,0.39385760000000003,0.0220476,0.2223276,4.759999999999999e-05,0.0527376,4.759999999999999e-05,0.1267776,1.4811376,0.4589976,0.006867600000000001,4.759999999999999e-05,0.2070475999999999,4.759999999999999e-05,0.0877776,0.1291176,4.759999999999999e-05,0.1076476,0.029917599999999902,0.0736076,4.759999999999999e-05,0.0067576,4.759999999999999e-05,0.7424776000000001,0.013067599999999999,4.759999999999999e-05,0.020037599999999902,0.0560876,0.0041476,1.5427276,0.0606776,0.08217759999999999,4.759999999999999e-05,0.0218076,0.4352976,0.0443276,4.759999999999999e-05,4.759999999999999e-05,0.1583876,0.0024876,0.0877876,0.1423075999999999,4.759999999999999e-05,4.759999999999999e-05,0.0849576,0.0085776,0.2682676,4.759999999999999e-05,0.3033076,0.2132676,4.759999999999999e-05,0.2751676,0.0206076,0.1819875999999999,1.0606176,0.0375676,0.10469759999999999,4.759999999999999e-05,0.10626759999999999,4.759999999999999e-05,4.759999999999999e-05,0.0010776000000000002,4.759999999999999e-05,20.7258076,0.0177976,4.759999999999999e-05,0.2521476,0.08045759999999999,1.1299976,0.4896376,0.5044276,4.759999999999999e-05,0.1341376,4.759999999999999e-05,0.011187599999999999,0.0210476,4.759999999999999e-05,4.759999999999999e-05,4.759999999999999e-05,0.0208576,0.0024376,4.759999999999999e-05,0.0249276,4.759999999999999e-05,0.0394276,4.759999999999999e-05,1.0233476,0.09939759999999999,0.0166876,0.023037600000000002,0.025237599999999902,4.759999999999999e-05,0.8052676,0.035407600000000004,4.759999999999999e-05,0.0148276,0.0384175999999999,0.6158776,0.09438759999999999,0.0004776,0.3429376,0.024637599999999902,4.759999999999999e-05,0.10661759999999999,4.759999999999999e-05,0.0535276,1.1694376,0.0262675999999999,4.759999999999999e-05,4.759999999999999e-05,4.759999999999999e-05,4.759999999999999e-05,4.759999999999999e-05,4.759999999999999e-05,4.759999999999999e-05,0.0096376,4.759999999999999e-05,0.09609759999999999,0.28745760000000004,0.0419376,0.6887976,4.759999999999999e-05,0.1167676,0.1725976,4.759999999999999e-05,4.759999999999999e-05,18.932597599999966
37035_1#26,2.9049999999999995e-05,0.34833905000000004,2.9049999999999995e-05,1.45708905,0.04820905,2.9049999999999995e-05,2.48944905,0.51001905,2.9049999999999995e-05,0.13739905,0.06603905,1.09536905,0.5888590499999999,2.9049999999999995e-05,2.9049999999999995e-05,7.184889050000001,0.76695905,2.9049999999999995e-05,2.9049999999999995e-05,0.39739905000000003,0.06406905,2.9049999999999995e-05,0.07327905,61.21772905,0.01273905,0.21189904999999998,0.023989049999999998,2.9049999999999995e-05,0.18863904999999997,2.9049999999999995e-05,2.9049999999999995e-05,2.9049999999999995e-05,2.9049999999999995e-05,2.9049999999999995e-05,0.03231905,2.9049999999999995e-05,2.9049999999999995e-05,0.00170905,0.04606905,2.9049999999999995e-05,2.9049999999999995e-05,2.9049999999999995e-05,2.9049999999999995e-05,0.26889905000000003,2.9049999999999995e-05,0.00894905,2.9049999999999995e-05,0.31383905,2.9049999999999995e-05,2.9049999999999995e-05,2.9049999999999995e-05,2.9049999999999995e-05,0.00024905,4.2773990500000005,3.69888905,2.9049999999999995e-05,0.7874490499999999,0.015739049999999997,2.9049999999999995e-05,0.02661905,0.01673905,1.85229905,2.9049999999999995e-05,2.9049999999999995e-05,0.00470905,0.052879050000000004,0.0099890499999999,0.96826905,2.9049999999999995e-05,2.9049999999999995e-05,2.9049999999999995e-05,2.9049999999999995e-05,2.9049999999999995e-05,2.9049999999999995e-05,2.9049999999999995e-05,0.02150905,0.010029050000000001,2.9049999999999995e-05,2.9049999999999995e-05,2.9049999999999995e-05,0.01958905,0.12961904999999999,0.18759905,2.9049999999999995e-05,2.9049999999999995e-05,2.9049999999999995e-05,2.9049999999999995e-05,2.9049999999999995e-05,0.01063905,2.9049999999999995e-05,2.9049999999999995e-05,2.9049999999999995e-05,0.40641905,2.9049999999999995e-05,0.01148905,0.03707905,1.97313905,2.9049999999999995e-05,2.9049999999999995e-05,0.04983905,2.9049999999999995e-05,2.9049999999999995e-05,0.17719905,2.9049999999999995e-05,0.0058890499999999,2.9049999999999995e-05,0.00289905,0.29089905,0.06655905000000001,2.9049999999999995e-05,2.9049999999999995e-05,0.00592905,0.019229049999999998,2.9049999999999995e-05,0.0168690499999999,2.9049999999999995e-05,2.9049999999999995e-05,0.23729904999999998,2.9049999999999995e-05,2.9049999999999995e-05,2.9049999999999995e-05,0.1480890499999999,2.9049999999999995e-05,0.01470905,2.9049999999999995e-05,0.12539904999999998,0.09899905,0.30284905,0.03093905,2.9049999999999995e-05,2.9049999999999995e-05,0.46891905,2.9049999999999995e-05,2.9049999999999995e-05,2.9049999999999995e-05,2.9049999999999995e-05,0.5093590499999999,2.9049999999999995e-05,2.9049999999999995e-05,0.0115690499999999,2.9049999999999995e-05,0.07105905,0.0152790499999999,2.9049999999999995e-05,2.9049999999999995e-05,0.01824905,0.01764905,2.9049999999999995e-05,2.9049999999999995e-05,2.9049999999999995e-05,2.9049999999999995e-05,2.9049999999999995e-05,2.9049999999999995e-05,2.9049999999999995e-05,2.9049999999999995e-05,2.9049999999999995e-05,2.9049999999999995e-05,2.9049999999999995e-05,0.04607905,2.9049999999999995e-05,0.0032890499999998998,2.9049999999999995e-05,2.9049999999999995e-05,2.9049999999999995e-05,2.9049999999999995e-05,0.12558904999999998,2.9049999999999995e-05,2.9049999999999995e-05,2.9049999999999995e-05,2.9049999999999995e-05,2.9049999999999995e-05,0.0009790499999998998,0.0081190499999999,2.9049999999999995e-05,2.9049999999999995e-05,2.9049999999999995e-05,2.9049999999999995e-05,2.9049999999999995e-05,2.9049999999999995e-05,0.13204905,0.00698905,2.9049999999999995e-05,2.9049999999999995e-05,2.9049999999999995e-05,2.9049999999999995e-05,2.9049999999999995e-05,2.9049999999999995e-05,2.9049999999999995e-05,2.9049999999999995e-05,2.9049999999999995e-05,0.0099890499999999,0.016919049999999998,2.9049999999999995e-05,0.01440905,2.9049999999999995e-05,0.02090905,0.00789905,2.9049999999999995e-05,2.9049999999999995e-05,4.825219049999947
37035_1#27,3.255e-05,0.30834255,3.255e-05,1.79832255,0.10223255,3.255e-05,3.99490255,0.32202255,3.255e-05,0.15820255,0.06935255,1.39499255,0.78678255,3.255e-05,3.255e-05,8.47078255,0.96034255,0.00443255,3.255e-05,0.76659255,0.13006255,3.255e-05,0.14994255,50.40518255,0.00069255,0.31158255,0.05654255,0.00201255,0.2513725499999999,3.255e-05,3.255e-05,3.255e-05,3.255e-05,3.255e-05,0.03719255,3.255e-05,0.006472549999999901,0.015062550000000001,0.11511255000000001,3.255e-05,3.255e-05,3.255e-05,3.255e-05,0.22232255,3.255e-05,0.00327255,0.0035925499999998997,0.64580255,3.255e-05,3.255e-05,3.255e-05,3.255e-05,0.009312550000000001,4.543612550000001,5.282492550000001,3.255e-05,1.01017255,0.03794255,3.255e-05,0.061992549999999896,0.02439255,2.13935255,3.255e-05,3.255e-05,0.015652549999999998,0.05432255,0.030912549999999997,1.4392825500000002,3.255e-05,3.255e-05,3.255e-05,3.255e-05,3.255e-05,3.255e-05,3.255e-05,0.05133255,0.02080255,3.255e-05,3.255e-05,3.255e-05,0.02968255,0.1488425499999999,0.10296255,3.255e-05,3.255e-05,3.255e-05,3.255e-05,3.255e-05,0.006642549999999901,3.255e-05,3.255e-05,3.255e-05,0.49500255,3.255e-05,0.01098255,0.019822549999999998,2.20665255,3.255e-05,3.255e-05,0.07352255,0.00086255,0.00029255,0.26144255,3.255e-05,0.01563255,3.255e-05,0.0016825499999999999,0.33975255,0.07964255,3.255e-05,3.255e-05,0.0155325499999999,0.04087255,3.255e-05,0.02657255,3.255e-05,3.255e-05,0.30336255,3.255e-05,3.255e-05,3.255e-05,0.21470255,3.255e-05,0.02304255,3.255e-05,0.11438255,0.1877225499999999,0.3561725499999999,0.02285255,0.00514255,3.255e-05,0.3357325499999999,3.255e-05,3.255e-05,3.255e-05,3.255e-05,0.52690255,3.255e-05,3.255e-05,3.255e-05,3.255e-05,0.055362549999999996,0.018652549999999997,3.255e-05,3.255e-05,0.03193255,0.031722549999999995,0.00654255,3.255e-05,3.255e-05,3.255e-05,3.255e-05,3.255e-05,3.255e-05,3.255e-05,3.255e-05,0.0059825500000000005,3.255e-05,0.13400255,3.255e-05,0.012632550000000001,3.255e-05,3.255e-05,3.255e-05,3.255e-05,0.14768255,3.255e-05,0.0012325499999998998,3.255e-05,3.255e-05,3.255e-05,0.00054255,0.00281255,3.255e-05,0.0053225500000000005,3.255e-05,3.255e-05,3.255e-05,3.255e-05,0.1178225499999999,0.0033725499999999998,3.255e-05,3.255e-05,3.255e-05,3.255e-05,3.255e-05,3.255e-05,3.255e-05,3.255e-05,3.255e-05,0.00524255,0.03124255,3.255e-05,0.03491255,3.255e-05,0.03052255,0.0134825499999999,3.255e-05,3.255e-05,7.1239825499999885
37035_1#29,4.78602445,4.32167445,2.34712445,0.4707444499999999,0.38208445,0.015504450000000001,2.77947445,7.79123445,4.4449999999999996e-05,2.1887444499999997,0.14023444999999998,0.8064044499999999,2.29070445,1.75320445,0.00403445,0.009074450000000001,1.73120445,0.07241445,0.14825444999999998,3.1650244499999998,0.01519445,1.21112445,2.82021445,0.06006445,1.6959644500000002,2.42588445,0.053624450000000004,0.04149445,0.04047445,1.71674445,0.04168445,0.45321445,0.93478445,0.22734444999999998,0.06311445,4.4449999999999996e-05,0.13354444999999998,0.07613445,0.00056445,0.70613445,0.01215445,0.01391445,4.4449999999999996e-05,4.4449999999999996e-05,0.008054450000000001,4.4449999999999996e-05,0.25440445,0.59098445,4.4449999999999996e-05,4.4449999999999996e-05,4.4449999999999996e-05,4.4449999999999996e-05,4.4449999999999996e-05,1.03831445,0.71090445,4.4449999999999996e-05,4.4449999999999996e-05,0.01965445,0.0452144499999999,0.71213445,0.06309445,4.4449999999999996e-05,4.4449999999999996e-05,0.00218445,1.5992244500000001,4.4449999999999996e-05,4.4449999999999996e-05,0.32385445,4.4449999999999996e-05,4.4449999999999996e-05,4.4449999999999996e-05,4.4449999999999996e-05,4.4449999999999996e-05,0.03272445,0.0030444499999999998,0.19605445,1.3571244500000001,4.4449999999999996e-05,0.0405944499999999,4.4449999999999996e-05,0.04912445,0.39633445,0.09558445,4.4449999999999996e-05,0.00523445,0.008444450000000001,0.03488445,4.4449999999999996e-05,4.4449999999999996e-05,4.4449999999999996e-05,0.0007844499999999999,4.4449999999999996e-05,4.4449999999999996e-05,4.4449999999999996e-05,0.0033544499999999,4.4449999999999996e-05,0.60540445,0.018584449999999902,0.02691445,0.05931445,0.13438445,0.00130445,0.17095444999999998,0.05567445,0.0011844499999999999,4.4449999999999996e-05,0.017064450000000002,4.4449999999999996e-05,4.4449999999999996e-05,4.4449999999999996e-05,0.15305444999999998,1.0036844500000002,4.4449999999999996e-05,0.03276445,4.4449999999999996e-05,4.4449999999999996e-05,4.4449999999999996e-05,4.4449999999999996e-05,0.00326445,1.68925445,0.04331445,4.4449999999999996e-05,0.03058445,4.4449999999999996e-05,4.33865445,0.08470445,4.4449999999999996e-05,4.4449999999999996e-05,0.02477445,4.4449999999999996e-05,0.00436445,4.4449999999999996e-05,4.4449999999999996e-05,4.4449999999999996e-05,0.014824450000000001,4.4449999999999996e-05,0.22430445,0.49992445,4.4449999999999996e-05,7.80597445,1.14740445,4.4449999999999996e-05,4.4449999999999996e-05,0.20702445,4.4449999999999996e-05,4.4449999999999996e-05,0.03091445,2.31513445,0.23623444999999998,2.59504445,0.11245445,0.1122344499999999,0.00998445,0.012864450000000001,4.4449999999999996e-05,0.06161445,0.00406445,0.6815044499999999,4.4449999999999996e-05,0.03717445,4.4449999999999996e-05,0.04774445,0.04243445,0.02220445,0.03500445,4.4449999999999996e-05,0.06872445,4.4449999999999996e-05,4.4449999999999996e-05,4.4449999999999996e-05,0.056344450000000004,0.010514450000000002,4.4449999999999996e-05,0.14136444999999997,0.0012744499999999999,0.00791445,0.02445445,0.01462445,4.4449999999999996e-05,4.4449999999999996e-05,4.4449999999999996e-05,0.06028445,0.5429644499999999,4.4449999999999996e-05,0.01823445,4.4449999999999996e-05,0.06041445,4.4449999999999996e-05,0.04199445,0.01496445,4.4449999999999996e-05,4.4449999999999996e-05,1.46960445,4.4449999999999996e-05,4.4449999999999996e-05,1.1231944500000002,4.4449999999999996e-05,0.02713445,0.0304644499999999,15.989164450000013
37035_1#2,0.1678683,0.0642383,0.0408283,0.1249882999999999,0.13526829999999998,0.23709829999999987,1.5323283,1.6004783,0.024378300000000002,8.4934083,0.0353783,0.42196829999999996,0.0244383,0.15138829999999998,4.8299999999999995e-05,0.32621829999999996,1.1709483,0.0390183,0.0913783,0.6706583,0.4586982999999999,0.0371982999999999,0.23365829999999999,0.0121983,4.8299999999999995e-05,1.0439183,0.1500483,0.18995829999999989,0.0576383,4.8299999999999995e-05,0.14153829999999998,0.0193283,9.2151783,0.0407683,0.0772383,4.8299999999999995e-05,0.19773829999999998,0.22437829999999997,0.21979829999999997,4.8299999999999995e-05,0.0356283,0.0504982999999999,4.8299999999999995e-05,4.8299999999999995e-05,4.8299999999999995e-05,4.8299999999999995e-05,4.8299999999999995e-05,1.3778883,4.8299999999999995e-05,4.8299999999999995e-05,0.0903883,0.1168583,4.8299999999999995e-05,0.9609183,3.1104883,4.8299999999999995e-05,0.1413082999999999,0.14617829999999998,0.1599483,1.8285282999999999,0.19708829999999988,0.2652383,4.8299999999999995e-05,0.28459829999999997,1.6327083,4.8299999999999995e-05,4.8299999999999995e-05,0.22743829999999998,0.7082083,0.0013083,0.0918083,0.0294182999999999,0.0242583,0.0880883,0.13875829999999997,0.18744829999999998,0.1860383,4.8299999999999995e-05,0.0475483,0.15427829999999998,0.0278883,6.162708300000001,0.0745383,4.8299999999999995e-05,0.0408283,0.006628299999999999,0.0255283,0.0349583,0.0171283,0.012698300000000001,0.0189383,0.0508083,4.8299999999999995e-05,0.0238883,4.8299999999999995e-05,4.8299999999999995e-05,0.5078982999999999,0.0036483,0.19068829999999998,0.020378300000000002,0.3300183,0.3179683,0.1637882999999999,0.0447883,0.0168483,0.0412982999999999,0.43201829999999997,4.8299999999999995e-05,4.8299999999999995e-05,4.8299999999999995e-05,4.8299999999999995e-05,0.7053383,0.0063882999999999,0.0532783,0.0090083,0.0070482999999999995,4.8299999999999995e-05,4.8299999999999995e-05,0.0276982999999999,0.2304683,0.13442829999999997,0.0879783,4.8299999999999995e-05,4.8299999999999995e-05,0.3877583,4.8299999999999995e-05,4.8299999999999995e-05,4.8299999999999995e-05,0.019868300000000002,4.8299999999999995e-05,4.8299999999999995e-05,4.8299999999999995e-05,0.004798299999999999,4.8299999999999995e-05,0.0075583,4.8299999999999995e-05,4.8299999999999995e-05,4.8299999999999995e-05,0.1114382999999999,4.8299999999999995e-05,0.21472829999999998,4.8299999999999995e-05,3.0334083,4.8299999999999995e-05,4.1070983000000005,0.0666483,0.15058829999999998,0.3846783,0.40992829999999997,0.24621829999999997,0.1721983,0.2904483,0.1459683,0.0865983,4.8299999999999995e-05,0.0806383,0.0249483,0.1212882999999999,0.3576283,0.6261682999999999,4.8299999999999995e-05,0.2930383,0.6833783,4.8299999999999995e-05,0.2818883,0.0199583,0.18880829999999998,0.5376083,4.8299999999999995e-05,4.8299999999999995e-05,0.0369283,0.0794983,4.8299999999999995e-05,0.0307583,4.8299999999999995e-05,0.0092283,4.8299999999999995e-05,4.8299999999999995e-05,0.026258300000000002,4.8299999999999995e-05,0.0865883,4.8299999999999995e-05,0.0578383,0.0320683,4.8299999999999995e-05,4.8299999999999995e-05,4.8299999999999995e-05,4.8299999999999995e-05,0.0176883,4.8299999999999995e-05,4.8299999999999995e-05,4.8299999999999995e-05,0.7893883,4.8299999999999995e-05,0.0774983,0.4069383,0.0140483,0.0044082999999999995,0.0158183,35.474828299999984
37035_1#30,0.8219197500000001,0.00880975,2.20913975,0.04987975,8.88015975,0.52315975,0.22058975,8.149419750000002,2.974999999999999e-05,1.25181975,2.974999999999999e-05,0.13430975,5.24275975,1.3972797499999998,2.974999999999999e-05,0.09147975,0.2998297499999999,0.02526975,0.31283974999999997,0.88948975,0.28136975,0.37558975,0.16630975,0.01247975,2.974999999999999e-05,2.56722975,3.2636897499999997,0.12687975,0.02000975,0.00557975,0.26527975,0.18268975,0.2767297499999999,0.02740975,0.00101975,0.03702975,0.04298975,0.37161974999999997,1.32985975,2.974999999999999e-05,2.974999999999999e-05,2.974999999999999e-05,2.974999999999999e-05,2.974999999999999e-05,2.974999999999999e-05,2.974999999999999e-05,2.974999999999999e-05,29.28774975,2.974999999999999e-05,2.974999999999999e-05,2.974999999999999e-05,2.974999999999999e-05,1.82702975,0.31180975,2.974999999999999e-05,2.974999999999999e-05,2.974999999999999e-05,0.16901975,2.974999999999999e-05,1.3372897499999998,0.004989749999999999,2.974999999999999e-05,2.974999999999999e-05,0.004989749999999999,0.80413975,2.974999999999999e-05,3.2171997500000002,0.01350975,1.16851975,2.974999999999999e-05,2.974999999999999e-05,2.974999999999999e-05,2.974999999999999e-05,2.974999999999999e-05,2.974999999999999e-05,2.974999999999999e-05,0.89781975,1.4811997499999998,0.25590975,2.974999999999999e-05,0.02765975,0.87753975,2.974999999999999e-05,2.974999999999999e-05,2.974999999999999e-05,2.974999999999999e-05,2.974999999999999e-05,2.974999999999999e-05,2.974999999999999e-05,0.017489750000000002,0.0008797499999998999,2.974999999999999e-05,2.974999999999999e-05,2.974999999999999e-05,2.974999999999999e-05,1.24634975,2.974999999999999e-05,2.974999999999999e-05,2.974999999999999e-05,2.974999999999999e-05,0.06859974999999989,2.974999999999999e-05,0.05712975,2.974999999999999e-05,0.00380975,2.974999999999999e-05,0.06262975,2.974999999999999e-05,2.974999999999999e-05,0.32122975,2.974999999999999e-05,0.16217975,2.974999999999999e-05,2.974999999999999e-05,2.974999999999999e-05,2.974999999999999e-05,2.974999999999999e-05,2.974999999999999e-05,2.974999999999999e-05,0.16822975,2.974999999999999e-05,2.974999999999999e-05,2.974999999999999e-05,2.974999999999999e-05,0.36727974999999996,0.04019975,2.974999999999999e-05,2.974999999999999e-05,2.974999999999999e-05,2.974999999999999e-05,2.974999999999999e-05,2.974999999999999e-05,0.008279749999999999,0.05662975,2.974999999999999e-05,2.974999999999999e-05,2.974999999999999e-05,0.2312797499999999,2.974999999999999e-05,2.974999999999999e-05,2.974999999999999e-05,2.974999999999999e-05,2.974999999999999e-05,2.974999999999999e-05,0.10752975,2.974999999999999e-05,2.974999999999999e-05,2.974999999999999e-05,0.18214975,2.974999999999999e-05,2.974999999999999e-05,2.974999999999999e-05,0.07431974999999999,0.11334975,2.974999999999999e-05,0.26766975,2.974999999999999e-05,2.974999999999999e-05,2.974999999999999e-05,2.974999999999999e-05,0.8705597500000001,2.974999999999999e-05,2.974999999999999e-05,2.974999999999999e-05,0.09010974999999999,2.974999999999999e-05,0.03730975,2.974999999999999e-05,2.974999999999999e-05,2.974999999999999e-05,2.974999999999999e-05,0.00070975,2.974999999999999e-05,2.974999999999999e-05,2.974999999999999e-05,0.00446975,2.974999999999999e-05,4.84751975,2.974999999999999e-05,2.974999999999999e-05,2.974999999999999e-05,0.056259750000000004,2.974999999999999e-05,0.09589974999999999,0.08901975,0.16187975000000002,0.01090975,0.061879750000000004,2.974999999999999e-05,2.974999999999999e-05,2.974999999999999e-05,2.974999999999999e-05,2.974999999999999e-05,2.974999999999999e-05,2.974999999999999e-05,2.974999999999999e-05,2.974999999999999e-05,2.974999999999999e-05,0.038559750000000004,8.525979750000035
37035_1#31,0.16277925000000001,2.11615925,2.6348292499999997,3.41218925,31.56750925,0.7245692499999999,0.8403692500000001,20.35832925,1.925e-05,2.88603925,0.2214192499999999,0.10231925,9.70818925,0.036689249999999896,0.00352925,0.56657925,0.10012924999999989,0.00191925,0.019669249999999902,1.27304925,1.26319925,0.00984925,1.79887925,0.04672925,0.01743925,0.66673925,1.6777292499999998,0.32854925,0.04825925,1.925e-05,0.0106592499999999,0.50852925,0.48019925,1.925e-05,1.925e-05,1.925e-05,1.86159925,1.925e-05,2.54926925,1.925e-05,0.052559249999999995,0.08100924999999999,1.925e-05,1.925e-05,1.925e-05,1.925e-05,1.925e-05,1.925e-05,1.925e-05,1.925e-05,1.925e-05,0.0061192500000000006,1.925e-05,1.925e-05,1.925e-05,1.925e-05,1.925e-05,0.36389925,1.925e-05,1.925e-05,0.03019925,1.925e-05,1.925e-05,1.925e-05,0.0758292499999999,1.925e-05,1.925e-05,0.12827925,0.9474392500000001,1.925e-05,1.925e-05,1.925e-05,1.925e-05,0.31866925,1.925e-05,1.925e-05,0.20482925000000002,1.925e-05,1.925e-05,1.925e-05,1.925e-05,1.925e-05,1.925e-05,1.925e-05,1.925e-05,0.08809925,1.925e-05,1.925e-05,1.925e-05,1.925e-05,1.925e-05,1.925e-05,1.925e-05,1.925e-05,1.925e-05,1.925e-05,1.925e-05,1.925e-05,1.925e-05,1.925e-05,1.925e-05,1.925e-05,0.02386925,1.925e-05,1.925e-05,1.925e-05,1.925e-05,1.925e-05,1.925e-05,0.52466925,0.17692925,1.925e-05,1.925e-05,1.925e-05,1.925e-05,1.925e-05,1.925e-05,1.925e-05,1.925e-05,0.27978925,1.925e-05,1.925e-05,1.925e-05,1.925e-05,1.925e-05,1.925e-05,1.925e-05,1.925e-05,1.925e-05,1.925e-05,1.925e-05,1.925e-05,1.925e-05,1.925e-05,1.925e-05,0.032509249999999996,1.925e-05,1.925e-05,1.925e-05,1.925e-05,1.925e-05,1.925e-05,1.925e-05,1.925e-05,1.925e-05,1.925e-05,1.925e-05,1.925e-05,1.925e-05,1.925e-05,1.925e-05,1.925e-05,1.925e-05,1.925e-05,1.925e-05,1.925e-05,1.925e-05,1.925e-05,1.925e-05,1.925e-05,0.00101925,1.925e-05,1.925e-05,1.925e-05,1.925e-05,1.925e-05,1.925e-05,1.925e-05,1.925e-05,1.925e-05,1.925e-05,1.925e-05,1.925e-05,1.925e-05,1.925e-05,1.925e-05,1.925e-05,3.79794925,1.925e-05,1.925e-05,1.925e-05,0.19445925,1.925e-05,1.925e-05,1.925e-05,0.12635925,1.925e-05,1.925e-05,1.925e-05,0.038309249999999996,1.925e-05,1.925e-05,1.925e-05,1.925e-05,1.925e-05,1.925e-05,1.925e-05,1.925e-05,1.925e-05,4.500519250000026
37035_1#32,1.046109,0.476209,0.154719,0.130409,3.015609,0.026319,0.344989,12.537649,0.14746900000000002,2.5342290000000003,4.9e-05,0.1072089999999999,4.800109,0.339439,4.9e-05,4.9e-05,0.5055689999999999,0.286709,0.080449,0.8481089999999999,0.5274789999999999,0.2485989999999999,0.234869,4.9e-05,0.048049,1.4393289999999999,1.345709,0.195919,0.021519,4.9e-05,0.118939,0.012879,0.06902900000000001,0.032649,4.9e-05,4.9e-05,0.1423889999999999,0.199689,1.316079,4.9e-05,0.014009,0.0253989999999999,4.9e-05,4.9e-05,4.9e-05,4.9e-05,0.709599,13.615329,0.187569,0.2579389999999999,4.9e-05,3.774639,1.591549,0.12160900000000001,1.553479,4.9e-05,4.9e-05,4.9e-05,0.060409,1.427389,0.016439,0.10614900000000001,4.9e-05,0.079249,0.428079,4.9e-05,4.9e-05,0.170829,2.209309,4.9e-05,0.153969,0.020028999999999998,0.0005290000000000001,4.9e-05,0.101219,0.037439,1.5993490000000001,1.154649,0.002509,4.9e-05,0.218339,1.857259,0.12024900000000001,4.9e-05,0.163249,4.9e-05,0.029109,0.006619,0.025829,0.011319,4.9e-05,0.202429,0.07009900000000001,0.022429,0.010349,1.585539,0.307679,0.009639,0.1420589999999999,4.9e-05,0.115929,4.9e-05,0.205789,0.041329,0.026939,0.009469,0.226829,4.9e-05,4.9e-05,0.059989,0.10029900000000001,2.330719,0.005389,0.021969,4.9e-05,0.002829,0.9666089999999999,0.009399,0.026339,0.06816900000000001,0.340719,0.002689,4.9e-05,4.9e-05,0.979189,4.9e-05,4.9e-05,4.9e-05,0.0118389999999999,4.9e-05,0.018179,0.013019,0.010219,4.9e-05,4.9e-05,4.9e-05,4.9e-05,0.5202189999999999,0.009299,0.187109,0.093479,4.9e-05,1.364519,0.378829,0.10216900000000001,0.0541589999999999,0.019499,0.13761900000000002,0.098149,0.061109,0.723159,0.006009,0.2601489999999999,0.195529,0.06672900000000001,0.179769,0.029929,0.8746189999999999,4.9e-05,4.9e-05,0.588639,0.11963899999999991,0.8253589999999998,0.038949,0.065359,4.9e-05,0.167919,4.9e-05,0.0207989999999999,4.9e-05,0.032029,0.013619,4.9e-05,4.9e-05,0.002209,4.9e-05,4.9e-05,0.258819,4.9e-05,4.9e-05,0.027729,0.033279,4.9e-05,0.081349,0.003919,0.06375899999999991,4.9e-05,4.9e-05,4.9e-05,0.8279089999999999,4.9e-05,4.9e-05,0.216669,4.9e-05,0.090059,0.384899,4.9e-05,0.07442900000000001,0.064059,17.504479000000053
37035_1#3,8.3540878,0.1706778,0.042997799999999996,0.06714779999999991,0.1948478,0.036427799999999996,0.5941078,3.3450678,3.78e-05,3.7629378,3.78e-05,0.0689078,7.1058478,0.5212778,3.78e-05,3.78e-05,1.7860378000000001,0.8455577999999999,0.3051878,5.4707878,0.0013978,0.006557800000000001,0.3981478,0.033537799999999895,0.8082577999999999,3.0082378,0.1209978,1.8622578,0.0425278,0.10784779999999991,0.6854178,0.0394478,0.1151978,0.052577799999999994,0.23738779999999998,0.032797799999999995,3.78e-05,0.0252978,0.0582078,0.039207799999999994,0.0030878,0.0039578,3.78e-05,3.78e-05,0.0034278,3.78e-05,3.78e-05,1.6323578,0.0759778,0.1691578,3.78e-05,3.78e-05,0.1220478,4.3801778,3.78e-05,0.0058078,3.78e-05,0.0471478,3.78e-05,2.6263278,0.1678778,0.0768077999999999,3.78e-05,0.0115078,1.4340178000000001,3.78e-05,3.78e-05,0.1838078,3.78e-05,3.78e-05,0.1426277999999999,0.032887799999999995,3.78e-05,3.78e-05,9.9154978,0.2613278,5.500047800000001,3.78e-05,1.3328978,3.78e-05,0.0054977999999999,10.8339978,3.78e-05,3.78e-05,0.1257578,0.008887800000000001,3.78e-05,3.78e-05,3.78e-05,0.047417799999999996,0.0037078,3.78e-05,3.78e-05,0.0031878,3.78e-05,0.6472477999999999,3.78e-05,3.78e-05,3.78e-05,0.1009778,3.78e-05,0.0907878,0.049027799999999996,0.0422378,0.0194978,3.78e-05,0.0255178,3.78e-05,0.0213778,0.0445978,0.051057799999999896,1.4142278000000001,0.0009578,3.78e-05,0.5955978,0.0875578,0.0781478,3.78e-05,3.78e-05,3.78e-05,3.78e-05,0.1092678,3.78e-05,3.78e-05,3.78e-05,0.0940178,3.78e-05,3.78e-05,3.78e-05,3.78e-05,3.78e-05,3.78e-05,0.0035977999999998998,3.78e-05,0.0109478,3.78e-05,0.038097799999999994,3.78e-05,0.3139678,3.78e-05,3.78e-05,3.78e-05,3.78e-05,3.78e-05,3.78e-05,3.78e-05,3.78e-05,3.78e-05,3.78e-05,3.78e-05,0.0767178,0.1964078,3.78e-05,0.2642778,3.78e-05,0.2296078,3.78e-05,1.2682078,3.78e-05,0.6423677999999999,0.0055577999999999,0.0380678,0.1592777999999999,3.78e-05,0.2559277999999999,3.78e-05,0.039327799999999996,3.78e-05,3.78e-05,3.78e-05,0.0255678,0.0691477999999999,3.78e-05,3.78e-05,0.060957799999999895,3.78e-05,0.057807799999999895,3.78e-05,3.78e-05,3.78e-05,0.3408678,0.0019578,3.78e-05,3.78e-05,3.78e-05,3.78e-05,0.0088778,0.0033878,3.78e-05,3.78e-05,3.78e-05,3.78e-05,3.78e-05,3.78e-05,0.1371578,3.78e-05,3.78e-05,0.012337800000000001,0.0983478,12.6611978
37035_1#4,3.395e-05,0.00470395,3.395e-05,0.74213395,3.395e-05,3.395e-05,1.6981739499999997,0.06344395,3.395e-05,0.85215395,0.00251395,0.65848395,0.036683949999999896,3.395e-05,3.395e-05,0.062093949999999995,0.55176395,3.395e-05,0.13661394999999998,0.19667395,3.395e-05,3.395e-05,0.43311394999999997,10.55745395,1.84056395,0.0035439499999999997,6.07266395,3.395e-05,0.24175395,3.395e-05,0.06260395,3.395e-05,1.20306395,3.395e-05,0.27062395,3.395e-05,3.395e-05,0.0005239499999999999,0.0090239499999999,3.395e-05,3.395e-05,0.00746395,0.06546395,0.09348395000000001,3.395e-05,3.395e-05,0.01953395,0.45305394999999987,3.395e-05,0.037663949999999995,3.395e-05,0.0150839499999999,0.00346395,1.06294395,1.3028939499999999,3.395e-05,0.3410739499999999,3.395e-05,3.395e-05,0.0783039499999999,0.047683949999999996,0.11963395,3.395e-05,0.01539395,0.02806395,1.29412395,0.027343950000000002,0.5971939500000001,0.0048939499999999,3.395e-05,3.395e-05,3.395e-05,3.395e-05,3.395e-05,3.395e-05,0.02350395,0.15895394999999998,3.395e-05,3.395e-05,3.395e-05,0.01176395,3.395e-05,0.6708439500000001,0.0038839499999999997,3.395e-05,0.08645395,3.395e-05,0.00623395,0.07041395,3.395e-05,3.395e-05,3.395e-05,3.395e-05,3.395e-05,3.395e-05,0.15965395,0.89382395,3.395e-05,0.00699395,0.11431395,0.05555395,0.00146395,0.44866395,0.23641394999999998,0.02273395,3.395e-05,3.395e-05,0.06607395,0.07626395000000001,3.395e-05,3.395e-05,0.00947395,3.395e-05,0.04794395,0.032083949999999896,3.395e-05,3.395e-05,0.19348395,3.395e-05,0.12531394999999998,3.395e-05,0.35276395,0.01862395,0.03684395,0.7082439500000001,3.395e-05,3.395e-05,0.9654839500000001,0.29751394999999997,3.395e-05,3.395e-05,0.22657394999999989,3.395e-05,3.395e-05,0.03037395,3.395e-05,3.395e-05,3.395e-05,3.395e-05,0.8786839500000001,0.032813949999999995,0.042563949999999996,0.0047839499999999995,3.395e-05,3.395e-05,0.00824395,0.23610394999999998,0.51675395,3.395e-05,3.395e-05,3.395e-05,3.395e-05,0.033473949999999995,3.395e-05,3.395e-05,3.395e-05,3.395e-05,3.395e-05,3.395e-05,0.9790239500000001,3.395e-05,3.395e-05,3.395e-05,3.395e-05,0.01775395,0.33588395,3.395e-05,0.00464395,3.395e-05,0.11887394999999991,3.395e-05,0.0035639499999999998,0.02765395,0.10156395,3.395e-05,3.395e-05,3.395e-05,3.395e-05,0.03194395,0.0283039499999999,0.28045395,3.395e-05,3.395e-05,3.395e-05,3.395e-05,3.395e-05,3.395e-05,3.395e-05,3.395e-05,3.395e-05,3.395e-05,0.37481395,3.395e-05,3.395e-05,0.00857395,3.395e-05,3.395e-05,3.395e-05,3.395e-05,58.45617395000001
37035_1#5,3.7449999999999995e-05,3.7682974500000004,3.7449999999999995e-05,3.3707974500000004,0.67738745,0.011867450000000002,3.9151874500000003,1.0015774499999999,3.7449999999999995e-05,1.63349745,3.7449999999999995e-05,2.2073574500000004,1.88358745,3.7449999999999995e-05,3.7449999999999995e-05,0.28598745,1.31035745,0.03512745,3.7449999999999995e-05,1.64109745,3.7449999999999995e-05,3.7449999999999995e-05,0.64445745,0.16349745000000002,0.16000745,1.44843745,2.80290745,3.7449999999999995e-05,0.22461745,3.7449999999999995e-05,0.02577745,3.7449999999999995e-05,0.0042774499999999995,3.7449999999999995e-05,0.08996744999999999,3.7449999999999995e-05,0.02866745,3.7449999999999995e-05,0.07213744999999999,3.7449999999999995e-05,3.7449999999999995e-05,3.7449999999999995e-05,0.33409744999999996,0.03238745,0.011967450000000001,3.7449999999999995e-05,0.24365745,3.62351745,2.2771574500000002,3.7449999999999995e-05,3.7449999999999995e-05,0.1146274499999999,0.10096744999999989,11.94443745,6.94076745,0.25985745,1.01702745,0.08364744999999989,3.7449999999999995e-05,0.010307450000000001,0.06393744999999999,0.8318974499999999,3.7449999999999995e-05,0.06838744999999999,0.00323745,5.69245745,0.2573774499999999,2.1213874500000003,0.70459745,0.03166745,3.7449999999999995e-05,0.00297745,3.7449999999999995e-05,0.61504745,1.96691745,0.05108745,0.06292745,0.010857450000000001,3.7449999999999995e-05,0.08333745,0.02490745,0.11570744999999999,1.66486745,3.7449999999999995e-05,3.7449999999999995e-05,1.13798745,0.0010774499999999,0.30651744999999997,0.43840744999999987,3.7449999999999995e-05,0.02199745,3.7449999999999995e-05,5.90648745,3.7449999999999995e-05,3.7449999999999995e-05,0.00636745,0.94476745,0.01159745,0.11465745,0.17449745,3.7449999999999995e-05,3.7449999999999995e-05,0.39307745,0.07986744999999999,0.03730745,0.00763745,0.02603745,0.3427374499999999,0.09452745,3.7449999999999995e-05,3.7449999999999995e-05,3.7449999999999995e-05,3.7449999999999995e-05,3.7449999999999995e-05,0.30346744999999997,3.7449999999999995e-05,3.7449999999999995e-05,7.55109745,0.02886745,0.09092744999999999,0.0041274499999999995,0.22398744999999992,0.029827450000000002,3.7449999999999995e-05,3.7449999999999995e-05,0.20974745,0.4946574499999999,0.8357574499999999,0.15713745,3.7449999999999995e-05,0.00694745,0.05868745,3.7449999999999995e-05,3.7449999999999995e-05,0.05305745,3.7449999999999995e-05,3.7449999999999995e-05,3.7449999999999995e-05,3.7449999999999995e-05,3.7449999999999995e-05,3.7449999999999995e-05,3.7449999999999995e-05,3.7449999999999995e-05,3.7449999999999995e-05,3.7449999999999995e-05,3.7449999999999995e-05,3.7449999999999995e-05,3.7449999999999995e-05,3.7449999999999995e-05,3.7449999999999995e-05,3.7449999999999995e-05,0.02136745,3.7449999999999995e-05,3.7449999999999995e-05,0.01405745,3.7449999999999995e-05,3.7449999999999995e-05,0.09700745,0.02966745,3.7449999999999995e-05,0.07359745,3.7449999999999995e-05,3.7449999999999995e-05,3.7449999999999995e-05,0.08351745,0.40187744999999997,3.7449999999999995e-05,0.00630745,3.7449999999999995e-05,3.7449999999999995e-05,3.7449999999999995e-05,0.0350574499999999,0.10800744999999999,0.08501745,3.7449999999999995e-05,3.7449999999999995e-05,3.7449999999999995e-05,0.04168745,3.7449999999999995e-05,0.17208745,3.7449999999999995e-05,3.7449999999999995e-05,3.7449999999999995e-05,3.7449999999999995e-05,3.7449999999999995e-05,3.7449999999999995e-05,3.7449999999999995e-05,3.7449999999999995e-05,3.7449999999999995e-05,3.7449999999999995e-05,0.15593745,3.7449999999999995e-05,3.7449999999999995e-05,0.37529745,0.00714745,3.7449999999999995e-05,0.00086745,3.7449999999999995e-05,3.7449999999999995e-05,9.419277450000006
37035_1#6,2.6949999999999998e-05,2.6949999999999998e-05,2.6949999999999998e-05,1.4604869500000002,0.13199695,0.00804695,4.902276949999999,0.02287695,0.0214769499999999,0.53321695,0.19593695,2.52005695,0.80740695,2.6949999999999998e-05,2.6949999999999998e-05,5.565676949999999,1.24641695,0.15723695000000001,0.01880695,1.29044695,0.00085695,2.6949999999999998e-05,0.5019869499999999,1.3069469500000002,23.843966950000002,0.9522469499999999,0.63197695,2.6949999999999998e-05,0.37779695,2.6949999999999998e-05,0.09984694999999989,2.6949999999999998e-05,0.02561695,2.6949999999999998e-05,2.6949999999999998e-05,2.6949999999999998e-05,0.00151695,2.6949999999999998e-05,2.6949999999999998e-05,2.6949999999999998e-05,2.6949999999999998e-05,2.6949999999999998e-05,0.00293695,23.98475695,0.0087169499999999,0.06268694999999999,0.21638695000000002,2.02983695,2.6949999999999998e-05,2.6949999999999998e-05,2.6949999999999998e-05,2.6949999999999998e-05,2.6949999999999998e-05,10.70430695,0.07541695,0.23235695,0.47662695,0.014796950000000001,2.6949999999999998e-05,2.6949999999999998e-05,0.20128695000000002,2.6949999999999998e-05,0.049756949999999994,2.6949999999999998e-05,2.6949999999999998e-05,2.6949999999999998e-05,0.11242695,0.7347869499999999,2.6949999999999998e-05,0.92605695,2.6949999999999998e-05,2.6949999999999998e-05,2.6949999999999998e-05,0.01465695,2.6949999999999998e-05,2.6949999999999998e-05,0.01794695,2.6949999999999998e-05,0.00151695,2.6949999999999998e-05,2.6949999999999998e-05,2.6949999999999998e-05,1.09370695,2.6949999999999998e-05,0.12047695,0.42171695000000003,2.6949999999999998e-05,2.6949999999999998e-05,0.10833694999999989,2.6949999999999998e-05,0.0852869499999999,2.6949999999999998e-05,3.29769695,2.6949999999999998e-05,2.6949999999999998e-05,2.6949999999999998e-05,0.86036695,0.01217695,2.6949999999999998e-05,0.36423695,2.6949999999999998e-05,2.6949999999999998e-05,0.11343695,2.6949999999999998e-05,0.01912695,0.034666949999999995,2.6949999999999998e-05,0.8978969499999999,2.6949999999999998e-05,2.6949999999999998e-05,0.00044695,2.6949999999999998e-05,0.046586949999999995,2.6949999999999998e-05,0.015396950000000001,2.6949999999999998e-05,0.02119695,0.42611695,2.6949999999999998e-05,2.6949999999999998e-05,2.6949999999999998e-05,0.12131694999999999,2.6949999999999998e-05,0.038476949999999996,2.6949999999999998e-05,2.6949999999999998e-05,0.79132695,0.22611695,0.06827695,2.6949999999999998e-05,2.6949999999999998e-05,0.0070169499999998995,2.6949999999999998e-05,0.04800695,0.01192695,2.6949999999999998e-05,0.07074694999999989,2.6949999999999998e-05,2.6949999999999998e-05,2.6949999999999998e-05,2.6949999999999998e-05,2.6949999999999998e-05,2.6949999999999998e-05,2.6949999999999998e-05,2.6949999999999998e-05,2.6949999999999998e-05,2.6949999999999998e-05,2.6949999999999998e-05,2.6949999999999998e-05,2.6949999999999998e-05,2.6949999999999998e-05,2.6949999999999998e-05,2.6949999999999998e-05,2.6949999999999998e-05,2.6949999999999998e-05,2.6949999999999998e-05,2.6949999999999998e-05,2.6949999999999998e-05,2.6949999999999998e-05,2.6949999999999998e-05,2.6949999999999998e-05,2.6949999999999998e-05,2.6949999999999998e-05,2.6949999999999998e-05,2.6949999999999998e-05,0.007486949999999899,2.6949999999999998e-05,0.01960695,2.6949999999999998e-05,2.6949999999999998e-05,2.6949999999999998e-05,2.6949999999999998e-05,0.03001695,2.6949999999999998e-05,2.6949999999999998e-05,2.6949999999999998e-05,2.6949999999999998e-05,2.6949999999999998e-05,2.6949999999999998e-05,2.6949999999999998e-05,2.6949999999999998e-05,2.6949999999999998e-05,2.6949999999999998e-05,2.6949999999999998e-05,2.6949999999999998e-05,2.6949999999999998e-05,2.6949999999999998e-05,2.6949999999999998e-05,2.6949999999999998e-05,0.8089269499999999,0.043886949999999994,2.6949999999999998e-05,2.6949999999999998e-05,2.6949999999999998e-05,2.6949999999999998e-05,2.6949999999999998e-05,2.6949999999999998e-05,2.6949999999999998e-05,2.6949999999999998e-05,3.27228694999996
37035_1#7,3.395e-05,1.22196395,3.395e-05,0.12838395,0.16972394999999998,0.09762395,1.0945839499999999,0.08858395000000001,0.16200394999999998,0.50895395,3.395e-05,1.4289139499999999,0.15715395,3.395e-05,3.395e-05,0.08000395,0.45943395,0.06393395,3.395e-05,0.10204394999999991,3.395e-05,3.395e-05,1.4850739499999999,21.02389395,0.16521395,0.14503395,5.34802395,3.395e-05,0.22117394999999998,3.395e-05,0.00607395,3.395e-05,3.395e-05,3.395e-05,0.02609395,3.395e-05,3.395e-05,3.395e-05,0.0006439499999998999,3.395e-05,0.02604395,0.13765395,0.20173395,0.37538394999999997,3.395e-05,0.0194239499999999,3.395e-05,1.7566639499999999,0.01522395,0.04252395,3.395e-05,0.049903949999999996,3.395e-05,3.4431039500000002,1.32752395,0.07820395000000001,2.4413539500000003,0.00467395,3.395e-05,3.395e-05,0.18577395,3.395e-05,0.28557394999999997,3.395e-05,3.395e-05,1.40483395,0.026403949999999902,0.28480395,3.395e-05,0.010893950000000001,3.395e-05,0.00038395000000000004,3.395e-05,0.041333949999999994,0.24471394999999999,3.395e-05,0.00358395,3.395e-05,3.395e-05,0.00039395,3.395e-05,3.395e-05,3.8318139500000004,0.10596395,0.02056395,0.5683839500000001,0.0054939499999998994,3.395e-05,0.16741394999999998,3.395e-05,3.395e-05,3.395e-05,0.44719395,0.01248395,3.395e-05,0.04223395,0.13366395,0.00230395,3.395e-05,0.33725394999999997,3.395e-05,0.0214739499999999,0.17520395,0.01235395,0.0022039499999999997,3.395e-05,3.395e-05,0.48939394999999997,0.05285395,3.395e-05,3.395e-05,3.395e-05,0.00769395,3.395e-05,0.02185395,3.395e-05,0.00853395,3.3070539500000002,3.395e-05,0.00611395,3.395e-05,0.20709395,0.13761394999999998,0.02322395,3.395e-05,0.08511395000000001,1.0466939499999999,0.056203949999999996,0.02814395,3.395e-05,3.395e-05,0.15158395,3.395e-05,3.395e-05,0.041453949999999996,3.395e-05,3.395e-05,3.395e-05,3.395e-05,0.43354395,3.395e-05,0.039293949999999994,3.395e-05,3.395e-05,3.395e-05,3.395e-05,3.395e-05,3.395e-05,3.395e-05,3.395e-05,3.395e-05,0.00024395,0.00415395,3.395e-05,0.04626395,3.395e-05,3.395e-05,0.01469395,0.01232395,0.08902395,3.395e-05,3.395e-05,3.395e-05,3.395e-05,3.395e-05,0.27345395,3.395e-05,0.0014739500000000001,3.395e-05,3.395e-05,3.395e-05,3.395e-05,0.17031395,3.395e-05,3.395e-05,3.395e-05,3.395e-05,3.395e-05,0.00128395,0.10668395,3.395e-05,3.395e-05,3.395e-05,3.395e-05,3.395e-05,3.395e-05,3.395e-05,3.395e-05,3.395e-05,3.395e-05,0.2276339499999999,3.395e-05,3.395e-05,0.1498439499999999,3.395e-05,0.00363395,3.395e-05,3.395e-05,3.395e-05,40.27337394999996
37035_1#8,4.0249999999999996e-05,4.0249999999999996e-05,4.0249999999999996e-05,0.05560025,3.00290025,4.0249999999999996e-05,0.51893025,6.37385025,4.0249999999999996e-05,17.68353025,4.0249999999999996e-05,0.04233025,2.67253025,4.0249999999999996e-05,4.0249999999999996e-05,0.047190249999999996,0.16786025000000002,0.09047025,0.01352025,0.23200025,0.0862602499999999,4.0249999999999996e-05,0.05454025,2.9041602500000003,0.01177025,0.51645025,1.00262025,0.17491025000000002,0.03565025,4.0249999999999996e-05,0.042090249999999996,0.1251502499999999,0.3531802499999999,4.0249999999999996e-05,0.01052025,4.0249999999999996e-05,0.15593025,0.0920602499999999,0.08156025,4.0249999999999996e-05,4.0249999999999996e-05,1.0554702500000002,4.0249999999999996e-05,0.06864025,4.0249999999999996e-05,4.0249999999999996e-05,0.66661025,20.17359025,0.18850025,1.3224102500000001,0.0095802499999999,0.25369025,0.12189025,0.29931025,0.12626025000000002,4.0249999999999996e-05,4.0249999999999996e-05,0.11286025000000001,4.0249999999999996e-05,1.22740025,0.01542025,4.0249999999999996e-05,0.6131702499999999,0.21788025,0.15781025,0.14166025000000002,1.04858025,0.03380025,4.0249999999999996e-05,4.0249999999999996e-05,0.17824025000000002,0.022270250000000002,0.032610249999999896,4.0249999999999996e-05,4.0249999999999996e-05,0.24212025,0.05303025,0.35340025,4.0249999999999996e-05,4.0249999999999996e-05,0.08142025,1.41000025,0.00421025,3.29662025,0.03934025,0.17934025,0.048210249999999996,4.0249999999999996e-05,0.09029025,0.02398025,4.0249999999999996e-05,4.0249999999999996e-05,4.0249999999999996e-05,0.0101802499999999,0.10332025,0.09812025,1.10036025,0.00891025,4.0249999999999996e-05,0.44633025,0.060210249999999896,0.007950249999999999,0.006200249999999899,0.00987025,4.0249999999999996e-05,4.0249999999999996e-05,0.1049802499999999,4.0249999999999996e-05,4.0249999999999996e-05,0.02042025,4.0249999999999996e-05,0.34211025,0.00890025,0.00190025,4.0249999999999996e-05,4.0249999999999996e-05,0.02673025,4.0249999999999996e-05,0.010290249999999999,0.0043602499999999995,0.03032025,4.0249999999999996e-05,4.0249999999999996e-05,0.93102025,0.00119025,4.0249999999999996e-05,4.0249999999999996e-05,0.04043025,4.0249999999999996e-05,0.1120302499999999,0.022860250000000002,4.0249999999999996e-05,0.00619025,4.0249999999999996e-05,0.02960025,4.0249999999999996e-05,4.0249999999999996e-05,0.0022002500000000004,4.0249999999999996e-05,0.031960249999999996,4.0249999999999996e-05,0.26844025,0.01372025,4.0249999999999996e-05,0.01430025,4.0249999999999996e-05,0.0112802499999999,0.08391025,0.03661025,0.00125025,0.030020250000000002,4.0249999999999996e-05,0.04643025,0.08836025,4.0249999999999996e-05,4.0249999999999996e-05,4.0249999999999996e-05,0.17435025,0.72011025,0.01803025,0.024800250000000003,0.058020249999999995,0.02587025,4.0249999999999996e-05,0.21324025,4.0249999999999996e-05,0.01201025,4.0249999999999996e-05,4.0249999999999996e-05,4.0249999999999996e-05,4.0249999999999996e-05,0.0061502499999999995,4.0249999999999996e-05,4.0249999999999996e-05,0.00410025,4.0249999999999996e-05,4.0249999999999996e-05,0.09269025,4.0249999999999996e-05,0.11838024999999991,4.0249999999999996e-05,4.0249999999999996e-05,4.0249999999999996e-05,4.0249999999999996e-05,4.0249999999999996e-05,4.0249999999999996e-05,4.0249999999999996e-05,4.0249999999999996e-05,4.0249999999999996e-05,4.0249999999999996e-05,4.0249999999999996e-05,4.0249999999999996e-05,0.01718025,1.28907025,4.0249999999999996e-05,4.0249999999999996e-05,4.0249999999999996e-05,4.0249999999999996e-05,4.0249999999999996e-05,22.592120250000004
37035_1#9,2.6600000000000003e-05,2.1180866,2.6600000000000003e-05,0.0500966,0.1482066,2.6600000000000003e-05,6.1507366,0.2518665999999999,0.1609266,0.5757266,0.6030565999999999,3.4622066,0.0258666,2.6600000000000003e-05,2.6600000000000003e-05,0.1045365999999999,1.6076466,2.6600000000000003e-05,2.6600000000000003e-05,0.1426966,2.6600000000000003e-05,2.6600000000000003e-05,0.1388665999999999,21.985006600000002,0.0044666,0.1578566,2.6600000000000003e-05,2.6600000000000003e-05,0.4214965999999999,2.6600000000000003e-05,0.34313659999999996,2.6600000000000003e-05,0.3897266,2.6600000000000003e-05,0.4669465999999999,2.6600000000000003e-05,2.6600000000000003e-05,0.0029965999999999,2.6600000000000003e-05,2.6600000000000003e-05,2.6600000000000003e-05,0.0616465999999999,0.0036365999999999,2.6600000000000003e-05,2.6600000000000003e-05,2.6600000000000003e-05,2.6600000000000003e-05,0.6666966,2.6600000000000003e-05,0.0749166,0.0734966,0.0200066,2.6600000000000003e-05,3.4540166,11.0532666,2.6600000000000003e-05,0.6412366,2.6600000000000003e-05,2.6600000000000003e-05,2.6600000000000003e-05,0.0656066,2.6600000000000003e-05,0.0057966,2.6600000000000003e-05,2.6600000000000003e-05,2.6600000000000003e-05,2.6600000000000003e-05,0.1180866,2.6600000000000003e-05,2.6600000000000003e-05,2.6600000000000003e-05,2.6600000000000003e-05,0.0064266,0.1059266,1.8860666,0.015316599999999899,0.0083665999999999,2.6600000000000003e-05,2.6600000000000003e-05,0.0284166,2.6600000000000003e-05,0.0647466,3.1313866,0.0037566,2.6600000000000003e-05,2.6600000000000003e-05,2.6600000000000003e-05,2.6600000000000003e-05,0.3345066,2.6600000000000003e-05,2.6600000000000003e-05,0.015076599999999898,5.1173166,2.6600000000000003e-05,2.6600000000000003e-05,0.0916865999999999,5.8205266,2.6600000000000003e-05,2.6600000000000003e-05,1.0720566,2.6600000000000003e-05,2.6600000000000003e-05,0.2281166,0.0064766,2.6600000000000003e-05,2.6600000000000003e-05,2.6600000000000003e-05,0.3072066,0.27131659999999996,2.6600000000000003e-05,2.6600000000000003e-05,2.6600000000000003e-05,2.6600000000000003e-05,2.6600000000000003e-05,0.1931966,2.6600000000000003e-05,2.6600000000000003e-05,0.8187566,2.6600000000000003e-05,2.6600000000000003e-05,2.6600000000000003e-05,0.26332659999999997,2.6600000000000003e-05,2.6600000000000003e-05,2.6600000000000003e-05,2.6600000000000003e-05,0.3065266,0.020016599999999902,0.1915866,0.6389465999999999,2.6600000000000003e-05,0.5679765999999999,2.6600000000000003e-05,2.6600000000000003e-05,0.0129265999999999,2.6600000000000003e-05,2.6600000000000003e-05,2.6600000000000003e-05,2.6600000000000003e-05,2.6600000000000003e-05,2.6600000000000003e-05,0.011506599999999999,2.6600000000000003e-05,2.6600000000000003e-05,0.0202266,2.6600000000000003e-05,2.6600000000000003e-05,2.6600000000000003e-05,2.6600000000000003e-05,0.012436599999999999,2.6600000000000003e-05,2.6600000000000003e-05,2.6600000000000003e-05,2.6600000000000003e-05,2.6600000000000003e-05,2.6600000000000003e-05,2.6600000000000003e-05,2.6600000000000003e-05,2.6600000000000003e-05,2.6600000000000003e-05,0.31604659999999996,2.6600000000000003e-05,2.6600000000000003e-05,2.6600000000000003e-05,2.6600000000000003e-05,0.6395065999999999,2.6600000000000003e-05,2.6600000000000003e-05,2.6600000000000003e-05,0.0323566,2.6600000000000003e-05,2.6600000000000003e-05,0.31420659999999995,2.6600000000000003e-05,2.6600000000000003e-05,2.6600000000000003e-05,2.6600000000000003e-05,0.0068466,0.0792666,0.9076766,2.6600000000000003e-05,2.6600000000000003e-05,2.6600000000000003e-05,2.6600000000000003e-05,2.6600000000000003e-05,2.6600000000000003e-05,2.6600000000000003e-05,2.6600000000000003e-05,2.6600000000000003e-05,2.2178766,1.3994666,2.6600000000000003e-05,2.6600000000000003e-05,0.3137966,2.6600000000000003e-05,2.6600000000000003e-05,2.6600000000000003e-05,2.6600000000000003e-05,2.6600000000000003e-05,16.646966600000003
37035_2#10,3.9048471,0.040087099999999896,3.2483971,0.07504709999999999,2.9222771,1.0340271,0.8203371,7.3197570999999995,0.0808271,5.7547571,0.1701871,0.0561771,2.1396071,2.0864871000000003,3.71e-05,3.71e-05,0.8501771,12.019447099999999,0.09981709999999999,0.5623071,0.4004471,0.7228570999999999,0.4317871,0.1841571,3.71e-05,1.0374771,1.6567871000000003,0.0070171,0.007067100000000001,3.71e-05,0.1755571,1.0672171000000001,0.2372671,0.4048971,3.71e-05,3.71e-05,0.0661171,1.1414471,1.7515771,0.004427100000000001,0.0066671000000000005,0.0663071,3.71e-05,0.0080171,3.71e-05,3.71e-05,3.3395471000000003,15.0260471,3.71e-05,3.71e-05,3.71e-05,3.71e-05,3.71e-05,0.6033571,0.1270671,3.71e-05,3.71e-05,0.21917709999999999,3.71e-05,1.7113871000000003,0.1019971,3.71e-05,3.71e-05,3.71e-05,0.35706709999999997,3.71e-05,3.71e-05,0.0019871,3.71e-05,3.71e-05,3.71e-05,0.0229771,3.71e-05,3.71e-05,3.71e-05,0.0074871,0.6153971,3.71e-05,0.3924071,3.71e-05,0.0103871,1.4791571000000001,3.71e-05,3.71e-05,3.71e-05,0.020967100000000002,0.3429071,3.71e-05,3.71e-05,0.0068371000000000005,0.0007071,3.71e-05,0.0095871,3.71e-05,0.020547100000000002,3.71e-05,3.71e-05,3.71e-05,3.71e-05,3.71e-05,0.058177099999999995,3.71e-05,0.1020871,0.0043671000000000005,0.0024270999999999997,3.71e-05,3.71e-05,3.71e-05,3.71e-05,0.0939771,0.2820971,0.1314470999999999,3.71e-05,3.71e-05,3.71e-05,0.038157099999999895,0.8707771000000001,3.71e-05,0.1583771,0.060807099999999996,0.0252471,0.0266371,3.71e-05,3.71e-05,0.1551371,3.71e-05,3.71e-05,3.71e-05,3.71e-05,0.3933071,3.71e-05,3.71e-05,0.011737099999999999,3.71e-05,3.71e-05,0.0099271,0.0142771,0.7743771,3.71e-05,3.71e-05,3.71e-05,2.2409271,0.11317709999999989,3.71e-05,3.71e-05,3.71e-05,0.0313171,0.9916571,3.71e-05,3.71e-05,0.09247709999999999,0.1433071,0.5525171,0.0217771,0.10647709999999999,0.0513271,3.71e-05,3.71e-05,3.71e-05,3.71e-05,2.0107071000000003,0.2869771,0.0525271,0.1069871,3.71e-05,3.71e-05,0.0430771,3.71e-05,0.0027871,3.71e-05,0.0008271,3.71e-05,3.71e-05,3.71e-05,0.0189671,0.0306971,3.71e-05,3.71e-05,3.71e-05,3.71e-05,0.0056171,0.1627571,0.1130671,0.0149571,0.0733671,0.1122071,3.71e-05,3.71e-05,3.71e-05,3.71e-05,3.71e-05,3.71e-05,3.71e-05,3.71e-05,3.71e-05,0.013327099999999899,3.71e-05,0.00032710000000000004,0.0062671,12.404097099999982
37035_2#11,4.1543129500000004,0.43070295,6.570902950000001,1.2950000000000003e-05,1.95052295,0.32519295,0.52078295,17.571892950000002,1.2950000000000003e-05,6.51568295,0.1884529499999999,0.12869295,1.2950000000000003e-05,11.01749295,1.2950000000000003e-05,0.61648295,1.2950000000000003e-05,1.2950000000000003e-05,1.2950000000000003e-05,1.4089629500000003,1.2950000000000003e-05,1.2950000000000003e-05,1.2950000000000003e-05,0.00964295,0.01562295,0.02916295,2.45027295,0.05680295,0.051132949999999996,0.22162294999999999,0.38036295,1.2950000000000003e-05,0.40835295,0.28194294999999997,1.2950000000000003e-05,0.59023295,1.2950000000000003e-05,1.01848295,19.35684295,0.055932949999999995,0.08905294999999999,0.00783295,1.2950000000000003e-05,1.2950000000000003e-05,1.2950000000000003e-05,1.2950000000000003e-05,1.2950000000000003e-05,1.2950000000000003e-05,1.2950000000000003e-05,1.2950000000000003e-05,1.2950000000000003e-05,1.2950000000000003e-05,1.2950000000000003e-05,1.2950000000000003e-05,1.2950000000000003e-05,1.2950000000000003e-05,1.2950000000000003e-05,1.2950000000000003e-05,1.2950000000000003e-05,1.2950000000000003e-05,1.2950000000000003e-05,1.2950000000000003e-05,1.2950000000000003e-05,0.01365295,1.2950000000000003e-05,1.2950000000000003e-05,1.2950000000000003e-05,1.2950000000000003e-05,1.2950000000000003e-05,1.2950000000000003e-05,1.2950000000000003e-05,1.2950000000000003e-05,1.2950000000000003e-05,1.2950000000000003e-05,1.2950000000000003e-05,1.2950000000000003e-05,1.2950000000000003e-05,1.2950000000000003e-05,1.2950000000000003e-05,1.2950000000000003e-05,1.2950000000000003e-05,1.2950000000000003e-05,1.2950000000000003e-05,1.2950000000000003e-05,1.2950000000000003e-05,1.2950000000000003e-05,1.2950000000000003e-05,1.2950000000000003e-05,1.2950000000000003e-05,1.2950000000000003e-05,1.2950000000000003e-05,1.2950000000000003e-05,1.2950000000000003e-05,1.2950000000000003e-05,1.2950000000000003e-05,1.2950000000000003e-05,1.2950000000000003e-05,1.2950000000000003e-05,1.2950000000000003e-05,1.2950000000000003e-05,1.2950000000000003e-05,1.2950000000000003e-05,1.2950000000000003e-05,1.2950000000000003e-05,1.2950000000000003e-05,1.2950000000000003e-05,1.2950000000000003e-05,1.2950000000000003e-05,1.2950000000000003e-05,0.19991295,1.2950000000000003e-05,1.2950000000000003e-05,1.2950000000000003e-05,1.2950000000000003e-05,1.2950000000000003e-05,1.2950000000000003e-05,1.2950000000000003e-05,1.2950000000000003e-05,1.2950000000000003e-05,1.2950000000000003e-05,1.2950000000000003e-05,1.2950000000000003e-05,1.2950000000000003e-05,1.2950000000000003e-05,1.2950000000000003e-05,1.2950000000000003e-05,1.2950000000000003e-05,1.2950000000000003e-05,1.2950000000000003e-05,1.2950000000000003e-05,1.2950000000000003e-05,1.2950000000000003e-05,1.2950000000000003e-05,3.58050295,1.2950000000000003e-05,0.053182949999999896,1.2950000000000003e-05,1.2950000000000003e-05,1.2950000000000003e-05,1.2950000000000003e-05,1.2950000000000003e-05,1.2950000000000003e-05,1.2950000000000003e-05,1.2950000000000003e-05,1.2950000000000003e-05,1.2950000000000003e-05,1.2950000000000003e-05,1.2950000000000003e-05,1.2950000000000003e-05,1.2950000000000003e-05,1.2950000000000003e-05,1.2950000000000003e-05,1.2950000000000003e-05,1.2950000000000003e-05,1.2950000000000003e-05,1.9361229500000001,1.2950000000000003e-05,1.2950000000000003e-05,1.2950000000000003e-05,1.2950000000000003e-05,1.2950000000000003e-05,1.2950000000000003e-05,1.2950000000000003e-05,1.2950000000000003e-05,1.2950000000000003e-05,1.2950000000000003e-05,1.2950000000000003e-05,1.2950000000000003e-05,1.2950000000000003e-05,1.2950000000000003e-05,1.2950000000000003e-05,1.2950000000000003e-05,1.2950000000000003e-05,1.2950000000000003e-05,1.2950000000000003e-05,1.2950000000000003e-05,1.2950000000000003e-05,1.2950000000000003e-05,1.2950000000000003e-05,1.2950000000000003e-05,1.2950000000000003e-05,1.2950000000000003e-05,1.5595329500000001,1.2950000000000003e-05,1.2950000000000003e-05,1.2950000000000003e-05,0.15812294999999998,1.2950000000000003e-05,1.2950000000000003e-05,1.2950000000000003e-05,1.2950000000000003e-05,1.2950000000000003e-05,1.2950000000000003e-05,1.2950000000000003e-05,1.2950000000000003e-05,1.2950000000000003e-05,1.2950000000000003e-05,1.2950000000000003e-05,1.2950000000000003e-05,16.07348294999999
37035_2#12,0.4306555,0.2255055,0.5985455,0.7586255000000001,4.9285255,0.7561455,1.3403855,10.0935355,4.5499999999999995e-05,2.5335655,0.0064854999999999,0.1356155,6.1759455,0.6521055,0.0423055,0.6931255000000001,1.2376354999999999,0.0625555,0.15063549999999998,0.8150255000000001,0.9506355,0.07982550000000001,0.23203549999999998,0.0035354999999999996,0.0020955,1.7916954999999999,4.3836755,0.0796255,0.0535655,0.013065499999999999,0.0238155,0.1794555,1.9419155,0.0164655,4.5499999999999995e-05,0.0085055,0.3196255,0.20789549999999998,2.3391055,0.0283455,0.1314255,0.0148455,0.0106155,0.0593155,0.010895499999999999,4.5499999999999995e-05,4.5499999999999995e-05,1.4068654999999999,4.5499999999999995e-05,2.6052155,4.5499999999999995e-05,4.5499999999999995e-05,0.23561549999999998,4.5499999999999995e-05,4.5499999999999995e-05,4.5499999999999995e-05,4.5499999999999995e-05,0.1372455,0.09134550000000001,0.9459055000000001,0.0149854999999999,4.5499999999999995e-05,4.5499999999999995e-05,5.2416655,0.09793550000000001,4.5499999999999995e-05,4.5499999999999995e-05,0.5994555,4.5499999999999995e-05,4.5499999999999995e-05,4.5499999999999995e-05,4.5499999999999995e-05,0.0348154999999999,0.0856055,4.5499999999999995e-05,0.0187655,0.8456755,4.5499999999999995e-05,0.0447455,4.5499999999999995e-05,0.2359055,1.8816555,4.5499999999999995e-05,4.5499999999999995e-05,0.7607355,0.044305500000000005,4.5499999999999995e-05,4.5499999999999995e-05,4.5499999999999995e-05,4.5499999999999995e-05,4.5499999999999995e-05,4.5499999999999995e-05,0.0014155,0.0124354999999999,0.0554455,4.5499999999999995e-05,0.1021055,0.0003955,0.4748454999999999,4.5499999999999995e-05,0.1467655,0.0040855,0.21978549999999988,0.036195500000000005,0.0182555,0.0095255,0.23131549999999998,4.5499999999999995e-05,4.5499999999999995e-05,0.052285500000000006,0.6727455,0.9363755,4.5499999999999995e-05,4.5499999999999995e-05,4.5499999999999995e-05,0.0124155,4.506295499999999,4.5499999999999995e-05,0.0342055,1.2682255,4.5499999999999995e-05,0.0141954999999999,4.5499999999999995e-05,4.5499999999999995e-05,0.5290355000000001,4.5499999999999995e-05,4.5499999999999995e-05,4.5499999999999995e-05,0.0704855,0.0473654999999999,0.0018355000000000001,4.5499999999999995e-05,0.0148255,4.5499999999999995e-05,4.5499999999999995e-05,0.0633055,0.0010955,0.6817055000000001,0.3808555,4.5499999999999995e-05,4.5499999999999995e-05,4.5499999999999995e-05,4.5499999999999995e-05,4.5499999999999995e-05,0.1209554999999999,4.5499999999999995e-05,4.5499999999999995e-05,0.062185500000000005,0.1984655,0.1179555,0.35440550000000004,0.0267855,0.0167954999999999,0.19906549999999998,0.1941755,4.5499999999999995e-05,0.0291654999999999,3.5441055000000006,4.5499999999999995e-05,0.6632055,0.0663755,0.0074754999999999995,0.3347155,0.0085855,0.1362554999999999,4.5499999999999995e-05,0.0264455,0.6080154999999999,0.0191854999999999,4.5499999999999995e-05,0.012085499999999999,0.010295499999999999,4.5499999999999995e-05,4.5499999999999995e-05,0.0006554999999999,0.0011255,0.0110955,4.5499999999999995e-05,4.5499999999999995e-05,4.5499999999999995e-05,0.0518455,4.5499999999999995e-05,0.1455255,0.0900055,4.5499999999999995e-05,0.0495654999999999,0.0139055,0.0007055,0.0212454999999999,5.8649854999999995,4.5499999999999995e-05,4.5499999999999995e-05,0.0245155,4.5499999999999995e-05,4.5499999999999995e-05,0.0515154999999999,4.5499999999999995e-05,0.0055555,0.0087755,16.451915500000073
37035_2#13,2.56360925,0.07004925,4.954979250000001,0.022309249999999902,4.58450925,0.32947925,0.07644925,5.74345925,1.925e-05,1.925e-05,1.925e-05,0.00355925,1.71688925,1.80688925,0.08794924999999999,0.018649250000000003,0.008009249999999999,1.925e-05,0.0493392499999999,0.11513925,0.30648925,0.5524592500000001,0.02267925,0.025719249999999902,0.01059925,0.035359249999999995,0.35654925,0.00712925,1.925e-05,0.036189249999999895,0.3664192499999999,0.17476925000000001,1.925e-05,0.07749924999999999,1.925e-05,0.23745925,0.01455925,0.15617925000000002,1.68737925,1.925e-05,0.028349250000000003,0.05106925,1.925e-05,1.925e-05,1.925e-05,1.925e-05,1.925e-05,62.49216925,1.925e-05,1.925e-05,1.925e-05,1.925e-05,1.925e-05,0.19629925,1.925e-05,1.925e-05,1.925e-05,0.17706925,1.925e-05,0.89317925,1.925e-05,1.925e-05,1.925e-05,0.00329925,0.42143925,1.925e-05,1.925e-05,0.023949250000000002,1.925e-05,1.925e-05,1.925e-05,1.925e-05,1.925e-05,1.925e-05,1.925e-05,1.925e-05,0.16578925,1.0234792499999998,1.925e-05,1.925e-05,1.925e-05,1.925e-05,0.0039292500000000005,1.925e-05,1.925e-05,0.0016192499999999,1.925e-05,1.925e-05,1.925e-05,1.925e-05,1.925e-05,1.925e-05,0.05165925,1.925e-05,1.925e-05,0.10349925,1.925e-05,1.925e-05,1.925e-05,1.925e-05,1.925e-05,1.925e-05,1.925e-05,1.925e-05,1.925e-05,1.925e-05,1.925e-05,1.925e-05,1.925e-05,0.15749925,1.925e-05,1.925e-05,1.925e-05,1.925e-05,1.925e-05,1.925e-05,1.925e-05,1.925e-05,1.925e-05,1.925e-05,1.925e-05,1.925e-05,1.925e-05,1.925e-05,1.925e-05,1.925e-05,1.925e-05,1.925e-05,1.925e-05,1.925e-05,1.925e-05,1.925e-05,1.925e-05,1.925e-05,1.925e-05,1.925e-05,1.925e-05,1.925e-05,1.925e-05,1.925e-05,1.925e-05,1.925e-05,1.925e-05,1.925e-05,1.925e-05,1.925e-05,1.925e-05,1.925e-05,1.925e-05,1.925e-05,1.925e-05,1.925e-05,1.925e-05,1.925e-05,1.925e-05,0.46628925,1.925e-05,1.925e-05,1.925e-05,1.925e-05,1.925e-05,1.925e-05,1.925e-05,1.925e-05,1.925e-05,1.925e-05,1.925e-05,1.925e-05,1.925e-05,1.925e-05,1.925e-05,1.925e-05,1.925e-05,1.925e-05,1.925e-05,0.02849925,1.925e-05,1.925e-05,1.925e-05,1.925e-05,1.925e-05,1.925e-05,0.34432925000000003,1.925e-05,0.07753924999999989,0.09573925,1.925e-05,0.036859249999999996,1.925e-05,1.925e-05,1.925e-05,1.925e-05,1.925e-05,1.925e-05,1.925e-05,1.925e-05,1.925e-05,1.925e-05,1.925e-05,6.93494925000001
37035_2#14,0.8834198999999999,3.9899999999999994e-05,0.019489899999999998,0.22619989999999998,0.9063299,0.044799900000000004,0.6201599,2.5977699,3.9899999999999994e-05,4.5015099,0.25213990000000003,0.1616399,0.0001799,0.5626499,3.9899999999999994e-05,0.0148699,0.31997990000000004,1.5911599,0.0419299,0.0249099,0.10522989999999989,0.5572598999999999,0.0320399,3.9899999999999994e-05,0.00032990000000000005,0.6349899,0.2832699,0.7159299,0.0706899,0.08339989999999989,0.024609899999999997,0.8387498999999999,0.0706299,0.12153989999999999,0.0118099,3.9899999999999994e-05,0.0049799,0.8172299,0.4727499,3.9899999999999994e-05,3.9899999999999994e-05,3.9899999999999994e-05,3.9899999999999994e-05,3.9899999999999994e-05,3.9899999999999994e-05,3.9899999999999994e-05,0.4258999,3.2040999,3.9899999999999994e-05,0.0405499,3.9899999999999994e-05,3.9899999999999994e-05,1.0143498999999998,0.0619399,3.9899999999999994e-05,3.9899999999999994e-05,3.9899999999999994e-05,0.0033699,0.22422989999999998,2.6222399,3.9899999999999994e-05,3.9899999999999994e-05,3.9899999999999994e-05,0.3437898999999999,0.46379990000000004,3.9899999999999994e-05,0.9832299,0.0180799,3.9899999999999994e-05,3.9899999999999994e-05,3.9899999999999994e-05,3.9899999999999994e-05,3.9899999999999994e-05,3.9899999999999994e-05,3.9899999999999994e-05,0.017119899999999997,0.5080299,3.9899999999999994e-05,3.9899999999999994e-05,3.9899999999999994e-05,0.0270999,5.844899900000001,3.9899999999999994e-05,0.7166999,3.9899999999999994e-05,3.9899999999999994e-05,3.9899999999999994e-05,3.9899999999999994e-05,0.027849899999999997,3.9899999999999994e-05,0.0590699,3.9899999999999994e-05,3.9899999999999994e-05,0.0288299,0.0757499,0.25509990000000005,0.06280989999999999,3.9899999999999994e-05,3.9899999999999994e-05,0.046729900000000005,1.5650199,3.9899999999999994e-05,0.1088199,3.9899999999999994e-05,0.0043699,3.9899999999999994e-05,3.9899999999999994e-05,0.0083199,3.9899999999999994e-05,0.0175099,0.0585899,1.7090399,3.9899999999999994e-05,0.0304399,3.9899999999999994e-05,0.0045598999999999,11.7327199,3.9899999999999994e-05,3.9899999999999994e-05,0.11907989999999999,0.5058899,3.9899999999999994e-05,3.9899999999999994e-05,3.9899999999999994e-05,1.5022699,3.9899999999999994e-05,3.9899999999999994e-05,3.9899999999999994e-05,0.0220999,3.9899999999999994e-05,0.017039899999999997,3.9899999999999994e-05,3.9899999999999994e-05,3.9899999999999994e-05,3.9899999999999994e-05,3.9899999999999994e-05,3.9899999999999994e-05,0.5098999,3.9899999999999994e-05,0.2295099,3.9899999999999994e-05,3.9899999999999994e-05,3.9899999999999994e-05,0.1879699,3.9899999999999994e-05,1.1191199,0.3234399,0.4784799,0.0861299,3.9899999999999994e-05,1.0908498999999998,0.7098499,2.0276599,0.0680799,3.9899999999999994e-05,0.060779900000000005,0.2823699,3.9899999999999994e-05,0.0216799,0.0732099,3.9899999999999994e-05,0.3031299,0.2937499,0.44336990000000004,0.1313599,3.9899999999999994e-05,0.4926399,3.9899999999999994e-05,0.9796999,3.9899999999999994e-05,0.0797599,0.0062999,3.9899999999999994e-05,0.0493299,0.1391899,0.0060599,3.9899999999999994e-05,0.38947989999999993,3.9899999999999994e-05,3.9899999999999994e-05,0.1318499,0.0235999,0.1573599,0.0276098999999999,0.1688399,0.0575099,0.0073498999999999,0.0952799,3.9899999999999994e-05,3.9899999999999994e-05,3.9899999999999994e-05,3.9899999999999994e-05,0.1433399,3.9899999999999994e-05,3.9899999999999994e-05,2.5736799,0.0586999,0.0324599,0.0832299,33.756749900000045
37035_2#15,34.23376555,1.2946355499999997,3.91141555,3.4878355500000002,2.81550555,0.40350555000000005,0.99534555,10.86691555,0.65723555,0.7029155500000001,0.32479555000000004,2.5549999999999998e-05,4.03948555,0.88546555,0.022035549999999998,0.56348555,1.02927555,2.5549999999999998e-05,0.20190555,2.2366455500000004,0.08376555,0.82457555,0.20443555,0.0045455499999999,0.0141155499999999,0.60968555,0.86308555,0.19755555,0.0338455499999999,0.12974555,2.5549999999999998e-05,0.9875555500000001,0.4816455499999999,0.13397555,0.00579555,0.23876555,0.05724555,0.52471555,1.0176055499999999,2.5549999999999998e-05,2.5549999999999998e-05,2.5549999999999998e-05,2.5549999999999998e-05,2.5549999999999998e-05,2.5549999999999998e-05,2.5549999999999998e-05,0.0031455499999999,2.5549999999999998e-05,2.5549999999999998e-05,3.59341555,2.5549999999999998e-05,2.5549999999999998e-05,2.5549999999999998e-05,2.5549999999999998e-05,2.5549999999999998e-05,2.5549999999999998e-05,2.5549999999999998e-05,0.31713555000000004,2.5549999999999998e-05,0.6206555500000001,0.22507554999999999,2.5549999999999998e-05,2.5549999999999998e-05,2.5549999999999998e-05,0.6641155500000001,2.5549999999999998e-05,2.5549999999999998e-05,2.5549999999999998e-05,2.5549999999999998e-05,2.5549999999999998e-05,2.5549999999999998e-05,0.00451555,0.34442555,1.35002555,2.5549999999999998e-05,2.5549999999999998e-05,1.29379555,2.5549999999999998e-05,0.4207455499999999,2.5549999999999998e-05,2.5549999999999998e-05,1.7236755499999998,2.5549999999999998e-05,2.5549999999999998e-05,2.5549999999999998e-05,2.5549999999999998e-05,2.5549999999999998e-05,2.5549999999999998e-05,2.5549999999999998e-05,2.5549999999999998e-05,2.5549999999999998e-05,2.5549999999999998e-05,2.5549999999999998e-05,2.5549999999999998e-05,2.5549999999999998e-05,2.5549999999999998e-05,2.5549999999999998e-05,2.5549999999999998e-05,2.5549999999999998e-05,2.5549999999999998e-05,2.5549999999999998e-05,2.5549999999999998e-05,2.5549999999999998e-05,0.041915549999999996,0.0030455499999999997,2.5549999999999998e-05,2.5549999999999998e-05,2.5549999999999998e-05,2.5549999999999998e-05,0.10504555,2.5549999999999998e-05,0.85459555,2.5549999999999998e-05,0.04069555,2.5549999999999998e-05,2.5549999999999998e-05,2.5549999999999998e-05,2.5549999999999998e-05,2.5549999999999998e-05,0.009045550000000001,2.5549999999999998e-05,2.5549999999999998e-05,2.5549999999999998e-05,2.5549999999999998e-05,2.5549999999999998e-05,2.5549999999999998e-05,2.5549999999999998e-05,2.5549999999999998e-05,2.5549999999999998e-05,2.5549999999999998e-05,2.5549999999999998e-05,2.5549999999999998e-05,2.5549999999999998e-05,2.5549999999999998e-05,2.5549999999999998e-05,0.03401555,2.5549999999999998e-05,2.5549999999999998e-05,3.2809655500000003,2.5549999999999998e-05,2.5549999999999998e-05,2.5549999999999998e-05,2.5549999999999998e-05,2.5549999999999998e-05,2.5549999999999998e-05,2.5549999999999998e-05,2.5549999999999998e-05,2.5549999999999998e-05,2.5549999999999998e-05,2.5549999999999998e-05,0.59444555,0.01359555,2.5549999999999998e-05,0.02736555,2.5549999999999998e-05,0.30984555,2.5549999999999998e-05,2.5549999999999998e-05,2.5549999999999998e-05,2.5549999999999998e-05,2.5549999999999998e-05,2.5549999999999998e-05,2.5549999999999998e-05,2.5549999999999998e-05,0.027075549999999997,2.5549999999999998e-05,2.5549999999999998e-05,0.67513555,2.5549999999999998e-05,2.5549999999999998e-05,0.010495550000000001,2.5549999999999998e-05,2.5549999999999998e-05,2.5549999999999998e-05,2.5549999999999998e-05,2.5549999999999998e-05,2.5549999999999998e-05,0.8374755500000001,2.5549999999999998e-05,2.5549999999999998e-05,2.5549999999999998e-05,2.5549999999999998e-05,0.79997555,0.07076555,0.15734555,0.1607655499999999,0.034865549999999995,0.39840555000000005,2.5549999999999998e-05,2.5549999999999998e-05,2.5549999999999998e-05,2.5549999999999998e-05,2.5549999999999998e-05,2.5549999999999998e-05,2.5549999999999998e-05,2.5549999999999998e-05,2.5549999999999998e-05,0.19300555,0.059045549999999995,5.612265550000044
37035_2#16,2.23812135,0.26519135,3.42110135,1.7970613499999997,6.35158135,0.0298213499999999,0.39147135,13.07962135,2.1349999999999997e-05,5.54593135,0.0306713499999999,0.15574135,16.48030135,0.7237113500000001,1.2667813499999998,0.10991134999999991,0.25085135000000003,2.1349999999999997e-05,0.30686135000000003,3.59549135,0.6686313500000001,0.51271135,2.1349999999999997e-05,0.02601135,2.1349999999999997e-05,0.23362134999999998,2.62784135,0.01891135,0.00437135,0.00651135,0.08876135,1.33717135,1.16234135,2.1349999999999997e-05,0.0126613499999999,0.11522135,0.44267135,0.18852134999999998,4.203831350000001,0.01789135,0.03423135,0.16010134999999998,2.1349999999999997e-05,2.1349999999999997e-05,2.1349999999999997e-05,2.1349999999999997e-05,2.1349999999999997e-05,2.1349999999999997e-05,2.1349999999999997e-05,0.41821135000000004,2.1349999999999997e-05,2.1349999999999997e-05,3.88982135,2.1349999999999997e-05,2.1349999999999997e-05,2.1349999999999997e-05,2.1349999999999997e-05,2.1349999999999997e-05,2.1349999999999997e-05,0.48856135,0.02764135,2.1349999999999997e-05,2.1349999999999997e-05,0.00432135,0.20424135,2.1349999999999997e-05,2.1349999999999997e-05,2.1349999999999997e-05,2.1349999999999997e-05,2.1349999999999997e-05,2.1349999999999997e-05,2.1349999999999997e-05,2.1349999999999997e-05,2.1349999999999997e-05,2.1349999999999997e-05,2.1349999999999997e-05,0.60255135,2.1349999999999997e-05,2.1349999999999997e-05,2.1349999999999997e-05,2.1349999999999997e-05,2.1349999999999997e-05,2.1349999999999997e-05,2.1349999999999997e-05,2.1349999999999997e-05,0.04652135,2.1349999999999997e-05,2.1349999999999997e-05,2.1349999999999997e-05,2.1349999999999997e-05,2.1349999999999997e-05,2.1349999999999997e-05,2.1349999999999997e-05,2.1349999999999997e-05,2.1349999999999997e-05,3.04619135,2.1349999999999997e-05,2.1349999999999997e-05,2.1349999999999997e-05,2.1349999999999997e-05,2.1349999999999997e-05,2.1349999999999997e-05,0.04329135,2.1349999999999997e-05,2.1349999999999997e-05,2.1349999999999997e-05,2.1349999999999997e-05,2.1349999999999997e-05,2.1349999999999997e-05,0.21803134999999998,0.0384413499999999,2.1349999999999997e-05,2.1349999999999997e-05,2.1349999999999997e-05,2.1349999999999997e-05,2.1349999999999997e-05,2.1349999999999997e-05,2.1349999999999997e-05,2.1349999999999997e-05,2.26937135,2.1349999999999997e-05,2.1349999999999997e-05,2.1349999999999997e-05,2.1349999999999997e-05,2.1349999999999997e-05,2.1349999999999997e-05,2.1349999999999997e-05,2.1349999999999997e-05,2.1349999999999997e-05,0.28639135,2.1349999999999997e-05,2.1349999999999997e-05,2.1349999999999997e-05,2.1349999999999997e-05,2.1349999999999997e-05,0.014271349999999999,2.1349999999999997e-05,2.1349999999999997e-05,2.1349999999999997e-05,2.1349999999999997e-05,2.1349999999999997e-05,2.1349999999999997e-05,2.1349999999999997e-05,2.1349999999999997e-05,2.1349999999999997e-05,2.1349999999999997e-05,2.1349999999999997e-05,2.1349999999999997e-05,2.1349999999999997e-05,2.1349999999999997e-05,2.1349999999999997e-05,0.011881349999999999,2.1349999999999997e-05,2.1349999999999997e-05,2.1349999999999997e-05,2.1349999999999997e-05,2.1349999999999997e-05,2.1349999999999997e-05,2.1349999999999997e-05,2.1349999999999997e-05,6.732371349999999,2.1349999999999997e-05,2.1349999999999997e-05,2.1349999999999997e-05,2.1349999999999997e-05,2.1349999999999997e-05,2.1349999999999997e-05,2.1349999999999997e-05,2.1349999999999997e-05,2.1349999999999997e-05,2.1349999999999997e-05,2.1349999999999997e-05,2.1349999999999997e-05,2.1349999999999997e-05,2.1349999999999997e-05,2.1349999999999997e-05,2.1349999999999997e-05,2.1349999999999997e-05,2.1349999999999997e-05,2.1349999999999997e-05,2.1349999999999997e-05,2.1349999999999997e-05,0.30541135,2.1349999999999997e-05,0.0567913499999999,0.22827134999999998,0.01152135,0.00766135,2.1349999999999997e-05,5.6514013499999995,2.1349999999999997e-05,2.1349999999999997e-05,2.1349999999999997e-05,2.1349999999999997e-05,2.1349999999999997e-05,2.1349999999999997e-05,2.1349999999999997e-05,2.1349999999999997e-05,2.1349999999999997e-05,7.491621350000004
37035_2#17,3.6533678,0.5979978,2.5487978,0.35428779999999993,6.1271478,0.2246278,0.6677578,6.523397800000001,0.042747799999999996,5.8827378,0.045207799999999895,0.08661780000000001,6.0883178000000004,3.7803978,1.5474678000000002,0.2494178,0.1781178,2.4845578,0.0212478,0.8847577999999999,0.9135978,0.3623978,0.8490778,0.0431378,0.0392178,2.0507578,2.3932978,0.0404278,0.0085678,0.0072478,0.6159678,0.1725477999999999,0.4330178,0.2210877999999999,3.78e-05,0.0186478,0.0546477999999999,0.6272278,1.9585478,0.0072778,0.050877799999999994,0.0644778,3.78e-05,3.78e-05,0.0060778,3.78e-05,3.6471177999999997,3.78e-05,3.78e-05,0.2596178,0.7513778,3.78e-05,0.26175780000000004,3.78e-05,3.78e-05,3.78e-05,3.78e-05,0.1854777999999999,0.1232078,0.4378077999999999,0.0157378,0.044187799999999895,3.78e-05,3.78e-05,0.0271178,3.78e-05,3.78e-05,3.78e-05,3.78e-05,3.78e-05,3.78e-05,3.78e-05,3.78e-05,0.059717799999999994,3.78e-05,3.78e-05,0.2355978,3.78e-05,0.0947278,3.78e-05,0.2031478,1.0014778,3.78e-05,3.78e-05,0.2127778,0.0006577999999999999,0.0997078,3.78e-05,3.78e-05,3.78e-05,3.78e-05,3.78e-05,3.78e-05,3.78e-05,3.78e-05,0.0023178,3.78e-05,3.78e-05,0.1412977999999999,3.78e-05,0.0037778,3.78e-05,0.0818378,3.78e-05,3.78e-05,3.78e-05,3.78e-05,3.78e-05,3.78e-05,0.18079779999999998,0.0871478,0.3410278,0.0002178,3.78e-05,3.78e-05,3.78e-05,14.1398278,3.78e-05,3.78e-05,0.7938278,3.78e-05,3.78e-05,3.78e-05,3.78e-05,0.2412778,0.0154678,3.78e-05,3.78e-05,3.78e-05,1.8581478,0.0683577999999999,3.78e-05,0.0212078,0.1152778,3.78e-05,3.78e-05,3.78e-05,0.9302378,3.78e-05,3.78e-05,3.78e-05,3.78e-05,3.78e-05,3.78e-05,0.0043078000000000005,3.78e-05,3.78e-05,3.78e-05,0.1891578,0.0685978,3.78e-05,0.040497799999999994,0.1871678,3.78e-05,3.78e-05,0.4368978,0.0005878,3.78e-05,3.78e-05,0.0730477999999999,0.0650078,0.0254278,0.0689778,0.0166778,0.044287799999999995,3.78e-05,0.14417779999999988,3.78e-05,0.058647799999999896,3.78e-05,3.78e-05,3.78e-05,3.78e-05,3.78e-05,0.0186878,0.0302278,0.0017978,3.78e-05,3.78e-05,3.78e-05,0.011187800000000001,0.0072778,0.0344378,0.0260478,0.0225078,0.20802779999999998,0.006477799999999901,0.06452780000000001,0.0022478,3.78e-05,3.78e-05,3.78e-05,3.78e-05,3.78e-05,3.78e-05,0.0181878,3.78e-05,0.009237800000000001,0.0256278,18.476167799999978
37035_2#18,8.17351835,0.09642835,16.423438349999998,1.15433835,0.99646835,0.07905835,0.61293835,16.09640835,2.8349999999999998e-05,9.69061835,2.8349999999999998e-05,0.04405835,4.09734835,2.22377835,1.27968835,0.23140834999999998,0.30934835,2.59898835,0.15654835,1.63890835,0.53399835,1.17660835,0.28291835,2.8349999999999998e-05,0.1328183499999999,0.46151835,1.11746835,0.00917835,2.8349999999999998e-05,0.06543834999999999,0.16801834999999998,1.65774835,0.28757835,0.44362835,2.8349999999999998e-05,0.05252835,0.12641834999999998,0.55700835,0.52703835,0.00431835,2.8349999999999998e-05,2.8349999999999998e-05,2.8349999999999998e-05,2.8349999999999998e-05,2.8349999999999998e-05,2.8349999999999998e-05,2.8349999999999998e-05,2.8349999999999998e-05,2.8349999999999998e-05,0.28349835,2.8349999999999998e-05,2.8349999999999998e-05,2.8349999999999998e-05,0.16590834999999998,2.8349999999999998e-05,2.8349999999999998e-05,2.8349999999999998e-05,0.32955835,2.8349999999999998e-05,1.41640835,0.08525835,2.8349999999999998e-05,2.8349999999999998e-05,2.8349999999999998e-05,0.15005835,2.8349999999999998e-05,2.8349999999999998e-05,0.1707883499999999,2.06381835,2.8349999999999998e-05,2.8349999999999998e-05,2.8349999999999998e-05,0.08210835,0.13963835,0.08871835,2.8349999999999998e-05,0.20235835,2.8349999999999998e-05,0.10319835,2.8349999999999998e-05,2.8349999999999998e-05,1.09268835,2.8349999999999998e-05,2.8349999999999998e-05,1.69758835,0.00048835,2.8349999999999998e-05,2.8349999999999998e-05,2.8349999999999998e-05,2.8349999999999998e-05,2.8349999999999998e-05,2.8349999999999998e-05,2.8349999999999998e-05,2.8349999999999998e-05,2.8349999999999998e-05,2.8349999999999998e-05,2.8349999999999998e-05,2.8349999999999998e-05,2.8349999999999998e-05,2.8349999999999998e-05,0.05025835,2.8349999999999998e-05,0.009758349999999999,2.8349999999999998e-05,2.8349999999999998e-05,2.8349999999999998e-05,2.8349999999999998e-05,2.8349999999999998e-05,2.8349999999999998e-05,0.09154834999999989,0.10644835,0.17967835,2.8349999999999998e-05,2.8349999999999998e-05,2.8349999999999998e-05,2.8349999999999998e-05,2.20426835,2.8349999999999998e-05,2.8349999999999998e-05,0.19195835,2.8349999999999998e-05,2.8349999999999998e-05,2.8349999999999998e-05,2.8349999999999998e-05,2.8349999999999998e-05,2.8349999999999998e-05,2.8349999999999998e-05,2.8349999999999998e-05,0.15933835,2.8349999999999998e-05,2.8349999999999998e-05,2.8349999999999998e-05,0.027418349999999998,0.98205835,0.008408349999999998,0.00252835,2.8349999999999998e-05,2.8349999999999998e-05,0.7932983499999999,2.8349999999999998e-05,2.8349999999999998e-05,2.8349999999999998e-05,2.8349999999999998e-05,2.8349999999999998e-05,2.8349999999999998e-05,2.8349999999999998e-05,2.8349999999999998e-05,2.8349999999999998e-05,2.8349999999999998e-05,2.8349999999999998e-05,0.03561835,2.8349999999999998e-05,2.8349999999999998e-05,0.033168350000000006,2.8349999999999998e-05,0.40616835,2.8349999999999998e-05,2.8349999999999998e-05,2.8349999999999998e-05,2.8349999999999998e-05,0.99881835,2.8349999999999998e-05,0.00463835,0.01391835,0.00581835,2.8349999999999998e-05,2.8349999999999998e-05,2.8349999999999998e-05,2.8349999999999998e-05,2.8349999999999998e-05,2.8349999999999998e-05,2.8349999999999998e-05,2.8349999999999998e-05,2.8349999999999998e-05,2.8349999999999998e-05,0.1580183499999999,2.8349999999999998e-05,0.48266834999999997,2.8349999999999998e-05,2.8349999999999998e-05,2.8349999999999998e-05,2.8349999999999998e-05,0.78046835,0.02847835,0.12473835,0.21264834999999999,2.8349999999999998e-05,0.34254835,2.8349999999999998e-05,2.8349999999999998e-05,2.8349999999999998e-05,2.8349999999999998e-05,2.8349999999999998e-05,2.8349999999999998e-05,2.8349999999999998e-05,2.8349999999999998e-05,2.8349999999999998e-05,0.74547835,0.00609835,9.230758350000048
37035_2#19,25.91645785,1.785e-05,7.83442785,0.61245785,12.391767849999999,0.12638785,0.74035785,10.59448785,0.15439785,4.193927850000001,0.15784785,1.785e-05,1.785e-05,0.17850785,1.785e-05,0.25774785,0.27158785,1.785e-05,1.785e-05,2.99273785,0.05436785,1.8725878500000002,1.785e-05,1.785e-05,1.785e-05,0.91707785,1.01210785,0.05082785,0.01224785,0.14183785,0.5242778499999999,0.90404785,1.01434785,0.59403785,0.00511785,0.37922785000000003,2.27719785,0.73030785,0.23093785,0.0525278499999999,1.785e-05,1.785e-05,1.785e-05,1.785e-05,1.785e-05,1.785e-05,1.785e-05,1.785e-05,0.48771785,1.785e-05,1.785e-05,1.785e-05,1.785e-05,1.785e-05,1.785e-05,1.785e-05,1.785e-05,0.10555785,1.785e-05,1.785e-05,0.16523785,1.785e-05,1.785e-05,0.0194078499999999,0.86664785,1.785e-05,1.785e-05,1.785e-05,1.785e-05,1.785e-05,1.785e-05,1.785e-05,1.785e-05,1.785e-05,1.785e-05,1.785e-05,0.26296785,1.785e-05,1.785e-05,1.785e-05,1.785e-05,1.785e-05,1.785e-05,1.785e-05,1.7528878500000002,1.785e-05,1.785e-05,1.785e-05,1.785e-05,1.785e-05,1.785e-05,1.785e-05,1.785e-05,1.785e-05,1.785e-05,1.785e-05,1.785e-05,1.785e-05,1.785e-05,1.785e-05,1.785e-05,1.785e-05,1.785e-05,1.785e-05,1.785e-05,1.785e-05,1.785e-05,1.785e-05,1.785e-05,0.15106785,1.785e-05,1.785e-05,1.785e-05,1.785e-05,1.785e-05,1.785e-05,1.785e-05,1.785e-05,1.785e-05,1.785e-05,1.785e-05,1.785e-05,1.785e-05,1.785e-05,1.785e-05,1.785e-05,1.785e-05,1.785e-05,1.785e-05,1.785e-05,1.785e-05,1.785e-05,1.785e-05,0.10848785,1.785e-05,0.05406785,1.785e-05,1.785e-05,1.785e-05,1.785e-05,1.785e-05,1.785e-05,1.785e-05,1.785e-05,1.785e-05,1.785e-05,1.785e-05,1.785e-05,1.785e-05,1.785e-05,1.785e-05,0.00714785,1.785e-05,0.07400785,1.785e-05,0.0857378499999999,1.785e-05,1.785e-05,1.785e-05,1.785e-05,1.785e-05,1.785e-05,1.785e-05,1.785e-05,1.785e-05,1.785e-05,1.785e-05,1.785e-05,1.785e-05,1.785e-05,1.785e-05,1.785e-05,1.785e-05,1.785e-05,1.785e-05,1.785e-05,1.785e-05,0.36616785,1.785e-05,1.785e-05,1.785e-05,4.3864278500000005,1.7104878500000003,1.785e-05,0.39247785,0.06994785,1.785e-05,0.47726784999999994,1.785e-05,1.785e-05,1.785e-05,1.785e-05,1.785e-05,1.785e-05,1.785e-05,1.785e-05,1.785e-05,1.785e-05,1.785e-05,11.257437850000018
37035_2#1,0.80326255,0.05552255,0.25867255,2.20742255,0.74398255,0.17754255,1.68821255,20.45472255,3.255e-05,3.1864425499999998,0.37785255,3.255e-05,9.018652549999999,0.44821255,0.14382255,3.255e-05,1.40423255,3.255e-05,0.25117255,0.64979255,0.00911255,0.16496255,3.255e-05,0.020012549999999997,0.01386255,2.01138255,0.22374255,0.6442025499999999,0.03069255,0.13028255,0.25045255,2.0078225499999998,0.78074255,3.255e-05,0.09723255,0.1338225499999999,0.01198255,0.05820255,0.04024255,0.26591255,3.255e-05,3.255e-05,0.00050255,3.255e-05,3.255e-05,3.255e-05,0.30664255,2.07781255,3.255e-05,0.59358255,0.35817255,3.255e-05,3.255e-05,3.255e-05,3.255e-05,3.255e-05,3.255e-05,3.255e-05,3.255e-05,0.51479255,0.06392255000000001,3.255e-05,3.255e-05,0.09830255,1.6831825500000002,3.255e-05,3.255e-05,0.060752549999999995,2.43200255,3.255e-05,0.07348255000000001,3.255e-05,3.255e-05,3.255e-05,2.06965255,0.01045255,0.48012255,2.1551725499999996,0.95353255,3.255e-05,3.255e-05,1.57380255,3.255e-05,3.255e-05,0.26461255,3.255e-05,3.255e-05,3.255e-05,0.08655255,3.255e-05,3.255e-05,3.255e-05,3.255e-05,3.255e-05,0.66771255,0.21102255,1.51334255,0.017872549999999997,3.255e-05,3.255e-05,3.255e-05,3.255e-05,0.20274255,3.255e-05,0.01874255,3.255e-05,3.255e-05,3.255e-05,3.255e-05,0.01988255,0.0070425499999999,0.06704255,3.255e-05,3.255e-05,3.255e-05,3.255e-05,0.43907255,3.255e-05,3.255e-05,2.95409255,3.255e-05,0.09185255,3.255e-05,3.255e-05,0.4140525499999999,3.255e-05,3.255e-05,3.255e-05,3.255e-05,3.255e-05,3.255e-05,3.255e-05,0.05591255,3.255e-05,3.255e-05,0.06921255000000001,3.255e-05,0.44472255,3.255e-05,3.255e-05,3.255e-05,3.255e-05,2.2432925499999996,0.0609425499999999,1.33537255,3.255e-05,0.3366325499999999,3.255e-05,0.026562549999999997,0.76233255,3.255e-05,3.255e-05,3.255e-05,0.00896255,3.255e-05,0.06446255000000001,3.255e-05,3.255e-05,3.255e-05,4.57325255,0.27483255,3.255e-05,0.048312549999999996,0.03124255,0.01725255,3.255e-05,0.21320255000000002,3.255e-05,3.255e-05,3.255e-05,3.255e-05,3.255e-05,3.255e-05,3.255e-05,0.08834255,3.255e-05,0.03113255,3.255e-05,3.255e-05,3.255e-05,3.255e-05,3.255e-05,3.255e-05,0.15312255,0.031362549999999996,0.022562549999999997,0.13109255,0.00883255,3.255e-05,3.255e-05,3.255e-05,3.255e-05,3.255e-05,3.255e-05,3.255e-05,0.0042525499999999,3.255e-05,3.255e-05,3.255e-05,17.713602549999983
37035_2#20,14.1134775,1.5943375,24.0196975,1.75e-05,0.17702749999999998,0.19817749999999998,0.7257175,15.6187875,1.75e-05,1.4570875,0.35571749999999996,1.75e-05,8.6875075,2.8014275000000004,1.8395875,0.4780675,0.038337500000000004,1.75e-05,0.1091875,1.6884875000000001,1.75e-05,1.5819575,0.8495475,0.16273749999999998,0.0187775,0.8447874999999999,1.4479375,0.0625275,0.0177375,0.012987499999999999,1.75e-05,1.75e-05,0.08817749999999991,0.5313075,1.75e-05,0.1490175,1.75e-05,0.8381274999999999,4.108137500000001,0.0510374999999999,0.4655275,0.2805175,1.75e-05,1.75e-05,1.75e-05,1.75e-05,0.007347500000000001,1.75e-05,1.75e-05,1.75e-05,1.75e-05,1.75e-05,1.75e-05,1.75e-05,1.75e-05,1.75e-05,1.75e-05,1.75e-05,1.75e-05,1.75e-05,1.75e-05,1.75e-05,1.75e-05,0.0304075,0.2115775,1.75e-05,1.75e-05,1.75e-05,1.75e-05,1.75e-05,1.75e-05,1.75e-05,1.75e-05,1.75e-05,1.75e-05,1.75e-05,1.75e-05,1.75e-05,1.75e-05,1.75e-05,1.75e-05,1.75e-05,1.75e-05,1.75e-05,1.75e-05,1.75e-05,1.75e-05,1.75e-05,1.75e-05,1.75e-05,1.75e-05,1.75e-05,1.75e-05,1.75e-05,1.75e-05,0.3862975,1.75e-05,1.75e-05,1.75e-05,1.75e-05,1.75e-05,1.75e-05,1.75e-05,1.75e-05,1.75e-05,1.75e-05,1.75e-05,1.75e-05,1.75e-05,0.2059575,1.75e-05,1.75e-05,1.75e-05,1.75e-05,1.75e-05,1.75e-05,1.75e-05,1.75e-05,1.75e-05,0.0255874999999999,1.75e-05,1.75e-05,1.75e-05,1.75e-05,1.75e-05,1.75e-05,1.75e-05,1.75e-05,1.75e-05,0.0109574999999999,1.75e-05,1.75e-05,1.75e-05,1.75e-05,1.75e-05,0.0360375,1.75e-05,1.75e-05,1.75e-05,1.75e-05,1.75e-05,1.75e-05,1.75e-05,1.75e-05,1.75e-05,1.75e-05,1.75e-05,1.75e-05,1.75e-05,1.75e-05,1.75e-05,1.75e-05,1.75e-05,1.75e-05,1.75e-05,0.056247500000000006,1.75e-05,1.75e-05,1.75e-05,1.75e-05,1.75e-05,1.75e-05,1.75e-05,1.75e-05,1.75e-05,1.75e-05,1.75e-05,1.75e-05,1.75e-05,1.75e-05,1.75e-05,1.75e-05,1.75e-05,1.75e-05,1.75e-05,1.75e-05,1.75e-05,0.0395375,1.75e-05,1.75e-05,1.75e-05,1.0593175,1.6026275,1.75e-05,0.1343675,0.3108975,0.0018674999999999,0.007197500000000001,1.75e-05,1.75e-05,1.75e-05,1.75e-05,1.75e-05,1.75e-05,1.75e-05,1.75e-05,1.75e-05,1.75e-05,1.75e-05,10.457667499999967
37035_2#21,2.7931701,0.5696601,3.8999701,0.5695101,14.292340099999999,0.1197101,0.3786701,12.591150099999998,3.01e-05,8.387820099999999,0.0432001,0.1037401,0.2940401,3.2183301,3.01e-05,0.1334001,0.5892001,3.01e-05,0.0185201,1.9496101000000001,1.8070201000000001,0.2453001,0.4762601,0.0614201,3.01e-05,2.7293201,0.7157801,0.0524001,0.0129700999999999,0.0124200999999999,0.42837010000000003,3.01e-05,0.2790201,0.4524000999999999,0.0052601,0.0326601,0.5143701,1.5989601,1.4176001,0.0291801,0.0132001,0.019340100000000002,3.01e-05,3.01e-05,3.01e-05,3.01e-05,3.01e-05,2.2333401,3.01e-05,3.01e-05,3.01e-05,3.01e-05,3.01e-05,3.01e-05,3.01e-05,3.01e-05,3.01e-05,0.17055009999999998,0.1898301,1.8893001,0.0048301,3.01e-05,3.01e-05,3.01e-05,0.3533501,3.01e-05,3.01e-05,0.21379009999999998,3.01e-05,3.01e-05,3.01e-05,3.01e-05,3.01e-05,3.01e-05,0.3551901,3.01e-05,0.5418401,3.01e-05,0.2188300999999999,3.01e-05,3.01e-05,0.5733201000000001,3.01e-05,3.01e-05,3.01e-05,3.01e-05,3.01e-05,3.01e-05,3.01e-05,3.01e-05,3.01e-05,3.01e-05,3.01e-05,3.01e-05,0.7123101000000001,3.01e-05,1.8967501,3.01e-05,3.01e-05,3.01e-05,0.30770010000000003,3.01e-05,0.0224801,0.0591301,0.0049401,3.01e-05,3.01e-05,3.01e-05,3.01e-05,0.2260101,0.0013400999999999999,3.01e-05,0.0091901,3.01e-05,3.01e-05,3.01e-05,3.01e-05,3.01e-05,3.01e-05,1.2862301,3.01e-05,3.01e-05,3.01e-05,3.01e-05,2.7970101,3.01e-05,3.01e-05,3.01e-05,0.0249401,0.0989501,0.1621301,3.01e-05,0.060550099999999996,1.2483801,3.01e-05,0.0392801,3.01e-05,0.5562601,3.01e-05,3.01e-05,3.01e-05,3.01e-05,3.01e-05,4.0386601,3.01e-05,3.01e-05,0.0218501,3.01e-05,0.0155700999999999,3.01e-05,3.01e-05,0.062400099999999896,3.01e-05,0.0382901,3.01e-05,0.0026301000000000002,3.01e-05,3.01e-05,3.01e-05,2.6876201,0.7568201000000001,3.01e-05,0.3867601,3.01e-05,0.0015201,3.01e-05,0.13336009999999998,3.01e-05,3.01e-05,3.01e-05,3.01e-05,3.01e-05,3.01e-05,3.01e-05,3.01e-05,3.01e-05,3.01e-05,0.2031701,3.01e-05,3.01e-05,3.01e-05,3.01e-05,0.7870601,3.01e-05,0.0778301,3.01e-05,0.0089001,0.0118200999999999,3.01e-05,3.01e-05,3.01e-05,3.01e-05,0.29077010000000003,3.01e-05,3.01e-05,0.6363901000000001,3.01e-05,3.01e-05,0.031850099999999895,12.690250100000043
37035_2#23,4.56390235,1.01868235,2.9738223500000003,0.1390823499999999,0.13944235000000002,0.2334423499999999,0.28627235,1.67157235,4.235e-05,0.9676023499999999,4.235e-05,0.23314235,0.15431235000000001,1.56353235,4.235e-05,4.235e-05,0.60599235,0.16193235,0.31860235000000003,0.3915923499999999,0.033472350000000005,1.55681235,0.16636235000000002,4.235e-05,2.4995423500000005,0.65012235,0.10360235,0.024782349999999998,4.235e-05,0.05621235,0.02352235,0.00502235,0.0568623499999999,0.31789235,0.00525235,0.18504235000000002,0.07465234999999999,0.47623235,0.07654235,4.235e-05,0.0035823499999999998,0.008592349999999999,4.235e-05,4.235e-05,4.235e-05,4.235e-05,4.235e-05,2.08245235,4.235e-05,4.235e-05,4.235e-05,1.93998235,0.27354235,0.7077123499999999,4.235e-05,4.235e-05,0.0376623499999999,0.06470234999999999,4.235e-05,2.11195235,0.009822349999999999,4.235e-05,4.235e-05,0.08600234999999999,2.34153235,4.235e-05,0.46785235000000003,0.01816235,1.62024235,4.235e-05,4.235e-05,4.235e-05,0.0033623499999999996,4.235e-05,0.09206234999999989,0.043692350000000005,1.8790923499999999,1.00663235,0.02432235,4.235e-05,4.235e-05,10.77309235,0.056742350000000004,4.235e-05,0.07016235,4.235e-05,0.06380235,4.235e-05,0.06850234999999999,4.235e-05,0.00908235,0.027762349999999998,0.13305235,4.235e-05,0.20894235,1.03156235,0.052282350000000005,4.235e-05,4.235e-05,0.06728234999999999,0.7431223499999999,4.235e-05,0.12225235,0.07712234999999999,4.235e-05,4.235e-05,4.235e-05,4.235e-05,4.235e-05,4.235e-05,0.05054235,2.60340235,4.235e-05,0.025462349999999998,4.235e-05,4.235e-05,4.38844235,0.06881235,0.07938234999999999,4.235e-05,4.235e-05,0.0018123499999999002,4.235e-05,4.235e-05,2.1254623500000003,0.03598235,4.235e-05,4.235e-05,0.0171323499999999,4.235e-05,0.00368235,4.235e-05,0.008802349999999999,6.84423235,0.14942235,4.235e-05,4.235e-05,0.78017235,4.235e-05,0.98977235,4.235e-05,4.235e-05,0.58693235,0.5776523499999999,4.235e-05,0.17309235,4.235e-05,0.27582235,0.13270235,0.0162923499999999,0.24954235,0.029472349999999998,0.09055234999999999,0.11760235,4.235e-05,0.028362349999999998,0.5140023499999999,4.235e-05,0.5597223499999999,4.235e-05,0.23053235,0.042222350000000006,0.83308235,0.09786234999999989,0.39342235000000003,4.235e-05,0.06983235,4.235e-05,0.00597235,4.235e-05,4.235e-05,0.0006523499999998999,4.235e-05,0.011732349999999999,0.31341235,0.22556235000000002,0.14530235,4.235e-05,4.235e-05,4.235e-05,0.1761323499999999,0.30193235,0.01997235,4.235e-05,0.17527235000000002,4.235e-05,4.235e-05,0.01607235,0.0020123499999999,4.235e-05,4.235e-05,4.235e-05,1.27986235,4.235e-05,4.235e-05,0.23890235,4.235e-05,0.02485235,0.02534235,23.779862349999995
37035_2#24,5.85172235,0.02985235,6.17928235,0.046342350000000004,0.17420235,0.01563235,0.34355235,0.8131623499999999,4.235e-05,1.58206235,0.0441923499999999,0.25926235000000003,0.13225235000000002,1.3662123499999999,4.235e-05,0.0071623500000000005,0.5041123499999999,4.235e-05,0.00596235,0.71145235,0.01368235,0.9857523499999999,0.07713235,4.235e-05,4.235e-05,0.23293235,0.21136235,0.07866234999999999,0.02038235,0.01368235,0.01974235,4.235e-05,0.36118235,0.27378235,0.00583235,0.01051235,0.0030523499999999997,0.7764223499999999,4.235e-05,0.027772349999999998,4.235e-05,4.235e-05,4.235e-05,4.235e-05,4.235e-05,4.235e-05,0.0022423499999999997,0.7638623499999999,4.235e-05,4.235e-05,4.235e-05,0.32597235,4.235e-05,0.28780235,0.010032349999999999,4.235e-05,0.0171323499999999,0.036892350000000004,0.09903234999999999,1.36953235,0.017372349999999998,4.235e-05,4.235e-05,0.09367235,0.45967235,4.235e-05,4.235e-05,0.01184235,4.235e-05,4.235e-05,4.235e-05,4.235e-05,4.235e-05,4.235e-05,4.235e-05,4.235e-05,0.15697235,4.235e-05,0.17741235,4.235e-05,0.00046235,0.98938235,0.015272349999999999,4.235e-05,0.04866235,4.235e-05,0.09181234999999989,4.235e-05,0.0257623499999999,4.235e-05,4.235e-05,4.235e-05,4.235e-05,0.00177235,4.235e-05,4.235e-05,0.06399234999999999,4.235e-05,4.235e-05,0.03146235,0.01574235,4.235e-05,0.02433235,0.012992349999999899,0.01423235,4.235e-05,0.02357235,4.235e-05,4.235e-05,4.235e-05,0.00364235,0.48220235,4.235e-05,0.07274235,4.235e-05,0.06408235,0.4913123499999999,4.235e-05,4.235e-05,0.39356235,0.09894235,0.01150235,4.235e-05,4.235e-05,0.36698235,0.0007423499999999999,4.235e-05,4.235e-05,0.0015723500000000001,4.235e-05,0.07415234999999999,4.235e-05,0.04152235,0.41559235,0.01650235,4.235e-05,4.235e-05,1.50661235,4.235e-05,0.26657235,4.235e-05,4.235e-05,0.32065235000000003,2.32575235,0.26767235,0.6446623499999999,0.24281235,0.41846235,0.03232235,0.5310623499999999,0.07292235,0.10570234999999989,0.022992349999999998,0.05990235,4.235e-05,0.31670235,0.36893235,0.00017235000000000002,4.235e-05,0.34618235,0.15412235000000002,0.01641235,0.50250235,0.19847235000000002,0.01949235,4.235e-05,0.07763235,4.235e-05,0.0229323499999999,4.235e-05,4.235e-05,4.235e-05,4.235e-05,0.008162349999999999,0.01958235,0.19186235000000001,0.00789235,4.235e-05,4.235e-05,4.235e-05,0.00310235,0.13373235,0.16371235,0.01832235,0.11965234999999999,0.00955235,0.00018235000000000001,0.04193235,0.008802349999999999,4.235e-05,4.235e-05,4.235e-05,0.91038235,4.235e-05,4.235e-05,1.25476235,0.01829235,0.01921235,0.06337235,59.260222349999985
37035_2#25,0.7207116499999999,0.22500165,3.03222165,0.14362165,1.07117165,0.02159165,0.39488165,10.950451650000002,0.14433164999999998,3.81467165,0.01610165,0.08638165,7.118661649999999,1.00354165,0.15668164999999998,4.1649999999999996e-05,0.23262164999999999,0.05463165,0.03057165,0.23952165,1.91992165,0.75361165,0.16811165,0.09914165,0.04754165,0.54649165,0.30932165,0.10740165,0.00257165,4.1649999999999996e-05,0.19942164999999998,4.1649999999999996e-05,0.02231165,0.30502165,4.1649999999999996e-05,4.1649999999999996e-05,0.09893165000000001,0.35693165,0.20836164999999998,4.1649999999999996e-05,0.00030165,0.02316165,4.1649999999999996e-05,0.01983165,4.1649999999999996e-05,4.1649999999999996e-05,4.1649999999999996e-05,21.968661649999998,4.1649999999999996e-05,0.71052165,4.1649999999999996e-05,2.39273165,4.1649999999999996e-05,0.1269516499999999,0.31076165,4.1649999999999996e-05,0.06313165,0.13404164999999998,0.13542164999999998,1.28586165,0.03811165,1.04147165,4.1649999999999996e-05,0.81234165,0.41944165,4.1649999999999996e-05,4.1649999999999996e-05,0.12127165000000001,4.1649999999999996e-05,4.1649999999999996e-05,0.11057165000000001,4.1649999999999996e-05,0.059101649999999895,0.047851649999999996,4.1649999999999996e-05,4.1649999999999996e-05,0.33976164999999997,2.29384165,0.059221649999999994,4.1649999999999996e-05,0.2200916499999999,3.26039165,4.1649999999999996e-05,4.1649999999999996e-05,0.5441316500000001,4.1649999999999996e-05,0.30622165,0.00884165,4.1649999999999996e-05,0.01806165,4.1649999999999996e-05,4.1649999999999996e-05,0.09404165,4.1649999999999996e-05,0.08190164999999991,0.27038165,0.07672165,4.1649999999999996e-05,0.00076165,4.1649999999999996e-05,0.12776164999999998,4.1649999999999996e-05,0.15451165,0.02221165,4.1649999999999996e-05,0.08444165000000001,0.01367165,4.1649999999999996e-05,4.1649999999999996e-05,0.12323165,4.1649999999999996e-05,1.62429165,4.1649999999999996e-05,0.01201165,4.1649999999999996e-05,0.1212016499999999,1.22322165,4.1649999999999996e-05,0.07365165,0.16734164999999998,4.1649999999999996e-05,4.1649999999999996e-05,4.1649999999999996e-05,4.1649999999999996e-05,2.63397165,4.1649999999999996e-05,4.1649999999999996e-05,4.1649999999999996e-05,4.1649999999999996e-05,0.0639616499999999,0.41858164999999997,4.1649999999999996e-05,0.0284116499999999,4.1649999999999996e-05,4.1649999999999996e-05,4.1649999999999996e-05,4.1649999999999996e-05,0.25420165,0.00422165,4.1649999999999996e-05,0.16076164999999998,4.1649999999999996e-05,4.1649999999999996e-05,4.1649999999999996e-05,0.01054165,4.1649999999999996e-05,0.27251165,0.02579165,0.04258165,0.15831165,0.35510165,0.06089165,0.00355165,0.20720165,0.08499165,0.07938165,4.1649999999999996e-05,4.1649999999999996e-05,4.1649999999999996e-05,4.1649999999999996e-05,0.28084165,0.07471165,0.51245165,0.0132916499999999,0.01627165,4.1649999999999996e-05,0.03099165,4.1649999999999996e-05,4.1649999999999996e-05,4.1649999999999996e-05,4.1649999999999996e-05,4.1649999999999996e-05,4.1649999999999996e-05,4.1649999999999996e-05,0.01490165,0.06610165,4.1649999999999996e-05,0.2528816499999999,4.1649999999999996e-05,4.1649999999999996e-05,4.1649999999999996e-05,0.14362165,0.3864816499999999,0.03607165,0.10559165000000001,0.15807164999999998,4.1649999999999996e-05,0.01795165,4.1649999999999996e-05,1.0881016499999998,4.1649999999999996e-05,4.1649999999999996e-05,0.15738164999999998,4.1649999999999996e-05,4.1649999999999996e-05,0.03231165,4.1649999999999996e-05,0.00373165,0.0744516499999999,15.919511649999992
37035_2#26,2.3909822000000003,0.039472200000000006,7.231462199999999,0.2326422,2.3890222000000003,0.09136219999999999,0.1430421999999999,3.7940222,0.0435622,2.8904222,3.22e-05,0.1815822,3.0769522000000005,2.4516922,3.22e-05,3.22e-05,0.1633522,2.6650822,0.0570822,0.2943522,0.2815322,1.0592422,0.14765219999999998,0.0850022,3.22e-05,1.2041422,1.0940021999999998,0.0563622,3.22e-05,3.22e-05,0.016842199999999998,0.5443622,0.1187622,0.8414022,3.22e-05,3.22e-05,0.6433021999999999,0.38157220000000003,1.3166521999999998,3.22e-05,3.22e-05,3.22e-05,3.22e-05,3.22e-05,3.22e-05,3.22e-05,3.22e-05,23.1501022,3.22e-05,3.22e-05,3.22e-05,3.22e-05,3.22e-05,0.1434522,0.4453922,3.22e-05,3.22e-05,0.1430322,3.22e-05,1.1128622,0.11252219999999999,0.3741622,3.22e-05,0.38596220000000003,0.5405922000000001,3.22e-05,3.22e-05,0.0482522,3.22e-05,3.22e-05,0.0419222,3.22e-05,0.0049822,0.0320622,3.22e-05,3.22e-05,0.8874422,1.6618621999999998,3.22e-05,3.22e-05,3.22e-05,1.7063122,3.22e-05,3.22e-05,0.1969722,3.22e-05,3.22e-05,3.22e-05,3.22e-05,0.0006222,3.22e-05,3.22e-05,3.22e-05,3.22e-05,3.22e-05,0.3234522,3.22e-05,3.22e-05,0.045742200000000004,3.22e-05,0.0981122,3.22e-05,0.1805722,3.22e-05,3.22e-05,3.22e-05,3.22e-05,3.22e-05,3.22e-05,0.0711622,0.0093022,1.3570822,3.22e-05,3.22e-05,3.22e-05,0.0039822,3.22e-05,3.22e-05,0.09404219999999999,0.6721622,3.22e-05,3.22e-05,0.0210722,3.22e-05,0.8320822000000001,3.22e-05,3.22e-05,3.22e-05,3.22e-05,3.22e-05,0.12086219999999999,3.22e-05,0.037632200000000005,3.22e-05,3.22e-05,3.22e-05,3.22e-05,0.0220322,0.0034322,3.22e-05,3.22e-05,3.22e-05,3.22e-05,0.3259922,3.22e-05,3.22e-05,3.22e-05,0.0436022,0.2444721999999999,0.2217622,0.053472200000000004,0.06362219999999999,3.22e-05,0.3479222,3.22e-05,0.4272922,0.0174922,3.22e-05,3.22e-05,0.4201222,1.5598522,3.22e-05,0.38491220000000004,0.08141219999999999,0.0787522,3.22e-05,3.22e-05,0.0427521999999999,3.22e-05,3.22e-05,3.22e-05,3.22e-05,3.22e-05,3.22e-05,3.22e-05,0.0320422,3.22e-05,0.1307422,3.22e-05,3.22e-05,3.22e-05,1.0636222,0.7019522,0.0038521999999999996,0.06326219999999999,0.0844622,3.22e-05,3.22e-05,3.22e-05,0.0769622,3.22e-05,3.22e-05,0.0357521999999999,3.22e-05,3.22e-05,0.3370422,3.22e-05,3.22e-05,0.0216822,22.32356219999997
37035_2#27,12.59728135,0.90778135,12.38066135,0.70317135,2.44160135,0.01161135,1.22697135,6.45281135,0.07084135,11.69849135,0.20639135,2.1349999999999997e-05,0.91052135,10.66185135,0.00652135,0.18690135,0.8384813499999999,0.71040135,0.90540135,3.04490135,0.52666135,3.02463135,1.73261135,0.08302135000000001,1.5952913499999999,1.79914135,0.5846913499999999,0.34236135,0.0611413499999999,1.6745013499999999,2.1349999999999997e-05,2.12665135,0.14143134999999998,0.49277135,0.05043135,0.68202135,2.1349999999999997e-05,0.94738135,1.14879135,1.60395135,2.1349999999999997e-05,2.1349999999999997e-05,0.00607135,2.1349999999999997e-05,2.1349999999999997e-05,2.1349999999999997e-05,0.00260135,2.1349999999999997e-05,2.97995135,2.1349999999999997e-05,2.1349999999999997e-05,2.1349999999999997e-05,2.1349999999999997e-05,2.1349999999999997e-05,2.1349999999999997e-05,2.1349999999999997e-05,2.1349999999999997e-05,0.08566135,2.1349999999999997e-05,2.1349999999999997e-05,0.07177135,2.1349999999999997e-05,2.1349999999999997e-05,0.00479135,0.9595913500000001,2.1349999999999997e-05,2.1349999999999997e-05,2.1349999999999997e-05,2.1349999999999997e-05,2.1349999999999997e-05,2.1349999999999997e-05,2.1349999999999997e-05,2.1349999999999997e-05,2.1349999999999997e-05,2.1349999999999997e-05,2.1349999999999997e-05,2.1349999999999997e-05,2.1349999999999997e-05,2.1349999999999997e-05,2.1349999999999997e-05,0.22133134999999998,2.1349999999999997e-05,2.1349999999999997e-05,2.1349999999999997e-05,0.15230135,0.00142135,2.1349999999999997e-05,2.1349999999999997e-05,2.1349999999999997e-05,2.1349999999999997e-05,2.1349999999999997e-05,2.1349999999999997e-05,2.1349999999999997e-05,0.00027135,2.1349999999999997e-05,2.1349999999999997e-05,2.1349999999999997e-05,2.1349999999999997e-05,2.1349999999999997e-05,2.1349999999999997e-05,2.1349999999999997e-05,2.1349999999999997e-05,0.25769135000000004,2.1349999999999997e-05,2.1349999999999997e-05,2.1349999999999997e-05,2.1349999999999997e-05,2.1349999999999997e-05,2.1349999999999997e-05,0.023321349999999998,0.00017135000000000002,2.1349999999999997e-05,2.1349999999999997e-05,2.1349999999999997e-05,2.1349999999999997e-05,2.1349999999999997e-05,2.1349999999999997e-05,2.1349999999999997e-05,2.1349999999999997e-05,2.1349999999999997e-05,2.1349999999999997e-05,2.1349999999999997e-05,2.1349999999999997e-05,2.1349999999999997e-05,2.1349999999999997e-05,2.1349999999999997e-05,2.1349999999999997e-05,2.1349999999999997e-05,2.1349999999999997e-05,0.01187135,2.1349999999999997e-05,2.1349999999999997e-05,2.1349999999999997e-05,4.02956135,2.1349999999999997e-05,0.11952135,2.1349999999999997e-05,2.1349999999999997e-05,2.1349999999999997e-05,2.1349999999999997e-05,2.1349999999999997e-05,2.1349999999999997e-05,2.1349999999999997e-05,2.1349999999999997e-05,2.1349999999999997e-05,2.1349999999999997e-05,2.1349999999999997e-05,2.1349999999999997e-05,2.1349999999999997e-05,2.1349999999999997e-05,2.1349999999999997e-05,0.24066134999999989,2.1349999999999997e-05,2.1349999999999997e-05,2.1349999999999997e-05,2.1349999999999997e-05,2.1349999999999997e-05,2.1349999999999997e-05,2.1349999999999997e-05,2.1349999999999997e-05,2.1349999999999997e-05,2.1349999999999997e-05,2.1349999999999997e-05,2.1349999999999997e-05,0.01585135,2.1349999999999997e-05,2.1349999999999997e-05,2.1349999999999997e-05,2.1349999999999997e-05,2.1349999999999997e-05,2.1349999999999997e-05,2.1349999999999997e-05,2.1349999999999997e-05,2.1349999999999997e-05,2.1349999999999997e-05,0.11289135,2.1349999999999997e-05,2.1349999999999997e-05,2.1349999999999997e-05,2.1349999999999997e-05,2.1349999999999997e-05,0.98854135,2.1349999999999997e-05,2.1349999999999997e-05,2.1349999999999997e-05,2.1349999999999997e-05,0.09793135,0.19309135,2.1349999999999997e-05,2.1349999999999997e-05,2.1349999999999997e-05,2.1349999999999997e-05,2.1349999999999997e-05,2.1349999999999997e-05,2.1349999999999997e-05,2.1349999999999997e-05,2.1349999999999997e-05,2.1349999999999997e-05,2.1349999999999997e-05,4.840081350000032
37035_2#28,1.87096445,0.01155445,3.02233445,0.15539445,1.16035445,0.15071445,0.37189445,3.97224445,4.4449999999999996e-05,8.83346445,4.4449999999999996e-05,0.14888444999999997,1.46376445,1.06288445,4.4449999999999996e-05,4.4449999999999996e-05,0.49680445,1.6887644500000003,0.19896445,0.25680445,0.22723444999999998,0.6726244499999999,0.28305445,0.28478445,4.8370944499999995,2.92237445,1.25894445,0.0783144499999999,0.012684449999999901,0.09816445,0.036674450000000004,1.10289445,1.63702445,0.11649445,0.0056044499999999995,0.04966445,0.008144450000000001,0.20695444999999998,0.42755445000000003,4.4449999999999996e-05,4.4449999999999996e-05,4.4449999999999996e-05,4.4449999999999996e-05,4.4449999999999996e-05,0.0023644499999999,0.00260445,0.00165445,3.90439445,4.4449999999999996e-05,2.2182344499999997,4.4449999999999996e-05,4.4449999999999996e-05,0.06453445000000001,0.51404445,0.29021445,4.4449999999999996e-05,4.4449999999999996e-05,0.0899544499999999,4.4449999999999996e-05,1.34613445,0.015874450000000002,4.4449999999999996e-05,4.4449999999999996e-05,0.0234444499999999,0.77522445,4.4449999999999996e-05,4.4449999999999996e-05,0.28860445,0.00842445,4.4449999999999996e-05,0.02212445,4.4449999999999996e-05,0.01198445,0.89867445,0.00372445,0.06798445,2.68123445,0.57125445,0.4465944499999999,4.4449999999999996e-05,4.4449999999999996e-05,1.59565445,0.06006445,4.4449999999999996e-05,4.4449999999999996e-05,4.4449999999999996e-05,4.4449999999999996e-05,4.4449999999999996e-05,0.00538445,0.00305445,4.4449999999999996e-05,0.0256144499999999,4.4449999999999996e-05,4.4449999999999996e-05,0.01390445,4.4449999999999996e-05,4.4449999999999996e-05,4.4449999999999996e-05,4.4449999999999996e-05,4.4449999999999996e-05,0.29051445000000004,4.4449999999999996e-05,0.28804445,0.02158445,4.4449999999999996e-05,4.4449999999999996e-05,0.0225944499999999,4.4449999999999996e-05,4.4449999999999996e-05,0.05369445,0.20098444999999998,1.75460445,4.4449999999999996e-05,4.4449999999999996e-05,4.4449999999999996e-05,4.4449999999999996e-05,5.18738445,4.4449999999999996e-05,0.008524450000000001,0.07413445,0.12541444999999998,4.4449999999999996e-05,4.4449999999999996e-05,4.4449999999999996e-05,4.65667445,0.013634450000000001,4.4449999999999996e-05,4.4449999999999996e-05,0.0474144499999999,0.00547445,0.25560445000000004,4.4449999999999996e-05,0.02112445,0.48480445,4.4449999999999996e-05,4.4449999999999996e-05,4.4449999999999996e-05,2.52549445,4.4449999999999996e-05,0.03445445,0.06540445,4.4449999999999996e-05,0.09789445,2.74782445,4.4449999999999996e-05,0.04489445,0.010904450000000001,1.06395445,0.27344445,4.4449999999999996e-05,0.15972445,0.7704744499999999,0.00622445,0.0805044499999999,4.4449999999999996e-05,0.39170445000000004,0.08716445,4.4449999999999996e-05,0.69744445,4.4449999999999996e-05,0.01138445,0.23599444999999988,0.77600445,0.27379445,0.50157445,4.4449999999999996e-05,0.14352445,4.4449999999999996e-05,0.03689445,4.4449999999999996e-05,4.4449999999999996e-05,4.4449999999999996e-05,4.4449999999999996e-05,0.01779445,0.022424450000000002,0.07582445,0.07365445,0.45067445,4.4449999999999996e-05,0.07326445,0.03677445,0.01203445,0.01794445,0.04959445,0.20030445,0.02215445,0.009794450000000001,0.010214450000000002,0.0019244499999999999,4.4449999999999996e-05,4.4449999999999996e-05,4.4449999999999996e-05,0.54405445,4.4449999999999996e-05,0.18932444999999998,0.51693445,0.0144844499999999,0.05127445,0.03693445,17.93544445000001
37035_2#29,3.48205555,2.5549999999999998e-05,5.8107555500000005,0.03725555,3.95102555,0.1049655499999999,0.1055155499999999,1.29111555,2.5549999999999998e-05,0.022295549999999997,0.03428555,0.33635555,0.8808255500000001,0.25196555000000004,2.5549999999999998e-05,0.19735555,1.36062555,0.01008555,0.34150555000000005,1.70813555,0.1279355499999999,1.2109855499999997,0.00404555,0.69550555,0.00427555,1.16884555,2.11526555,0.27406554999999994,0.00049555,0.007505550000000001,0.54432555,2.22637555,0.23202554999999989,0.23127554999999989,2.5549999999999998e-05,0.023725549999999998,0.04348555,0.41939555,0.65819555,2.5549999999999998e-05,0.025425549999999998,0.041845549999999995,2.5549999999999998e-05,2.5549999999999998e-05,2.5549999999999998e-05,2.5549999999999998e-05,2.5549999999999998e-05,36.70710555,2.5549999999999998e-05,2.5549999999999998e-05,2.5549999999999998e-05,2.5549999999999998e-05,2.5549999999999998e-05,0.03605555,0.79723555,2.5549999999999998e-05,2.5549999999999998e-05,0.0021955499999999997,2.5549999999999998e-05,0.49010555,0.0068255500000000005,2.5549999999999998e-05,2.5549999999999998e-05,2.5549999999999998e-05,0.0071855499999999,2.5549999999999998e-05,2.5549999999999998e-05,2.5549999999999998e-05,2.5549999999999998e-05,2.5549999999999998e-05,2.5549999999999998e-05,2.5549999999999998e-05,2.5549999999999998e-05,2.5549999999999998e-05,2.5549999999999998e-05,2.5549999999999998e-05,0.12699554999999998,0.61082555,2.5549999999999998e-05,2.5549999999999998e-05,2.5549999999999998e-05,0.02430555,0.027495549999999997,2.5549999999999998e-05,2.5549999999999998e-05,2.5549999999999998e-05,2.5549999999999998e-05,2.5549999999999998e-05,0.027075549999999997,2.5549999999999998e-05,2.5549999999999998e-05,2.5549999999999998e-05,2.5549999999999998e-05,2.5549999999999998e-05,2.5549999999999998e-05,0.38485555000000005,2.5549999999999998e-05,2.5549999999999998e-05,2.5549999999999998e-05,2.5549999999999998e-05,2.5549999999999998e-05,2.5549999999999998e-05,2.5549999999999998e-05,2.5549999999999998e-05,2.5549999999999998e-05,2.5549999999999998e-05,2.5549999999999998e-05,2.5549999999999998e-05,2.5549999999999998e-05,0.64410555,0.11099555,0.02226555,2.5549999999999998e-05,2.5549999999999998e-05,2.5549999999999998e-05,2.5549999999999998e-05,2.5549999999999998e-05,2.5549999999999998e-05,2.5549999999999998e-05,2.5549999999999998e-05,2.5549999999999998e-05,2.5549999999999998e-05,2.5549999999999998e-05,2.5549999999999998e-05,0.09586555,0.06440554999999999,2.5549999999999998e-05,2.5549999999999998e-05,0.01220555,2.5549999999999998e-05,2.5549999999999998e-05,2.5549999999999998e-05,2.5549999999999998e-05,1.2657055499999998,2.5549999999999998e-05,2.5549999999999998e-05,2.5549999999999998e-05,0.12962555,2.5549999999999998e-05,2.5549999999999998e-05,2.5549999999999998e-05,2.5549999999999998e-05,2.5549999999999998e-05,2.5549999999999998e-05,2.5549999999999998e-05,2.5549999999999998e-05,2.5549999999999998e-05,2.5549999999999998e-05,2.5549999999999998e-05,2.5549999999999998e-05,2.5549999999999998e-05,0.01534555,2.5549999999999998e-05,0.0025255499999999997,2.5549999999999998e-05,0.02818555,2.5549999999999998e-05,2.5549999999999998e-05,0.44751555000000004,2.5549999999999998e-05,2.5549999999999998e-05,2.5549999999999998e-05,2.5549999999999998e-05,2.5549999999999998e-05,2.5549999999999998e-05,2.5549999999999998e-05,2.5549999999999998e-05,2.5549999999999998e-05,2.5549999999999998e-05,2.5549999999999998e-05,2.5549999999999998e-05,2.5549999999999998e-05,2.5549999999999998e-05,2.5549999999999998e-05,0.004565550000000001,0.12895555,2.5549999999999998e-05,1.6620555499999998,2.5549999999999998e-05,2.5549999999999998e-05,2.5549999999999998e-05,0.07327555,2.5549999999999998e-05,2.5549999999999998e-05,0.04640555,0.13613555,0.00645555,0.030695549999999898,2.5549999999999998e-05,2.5549999999999998e-05,2.5549999999999998e-05,2.5549999999999998e-05,0.00283555,2.5549999999999998e-05,2.5549999999999998e-05,2.5549999999999998e-05,2.5549999999999998e-05,0.017425549999999998,2.5549999999999998e-05,25.819815550000012
37035_2#2,2.9975501,12.0785901,1.3487501,3.3742401,0.4412301,0.28218009999999993,0.9776501,4.6661601,0.0173201,18.645650099999997,0.1522801,0.1912301,6.2163301,7.6571401,3.01e-05,0.3505401,1.2075501,0.1100001,1.7444101,0.4141901,0.1046601,0.5045001,1.6703301,0.3070001,0.0248501,2.0551501,0.6053101000000001,0.0435801,0.1623701,0.1311801,0.25487009999999993,3.01e-05,0.4378301,0.1926301,3.01e-05,0.0168501,0.2473501,0.2520300999999999,3.2177001,0.050260099999999995,3.01e-05,3.01e-05,3.01e-05,3.01e-05,0.0152901,3.01e-05,3.01e-05,3.01e-05,1.7641601,3.01e-05,3.01e-05,3.01e-05,0.8013801,3.01e-05,3.01e-05,3.01e-05,3.01e-05,0.1273001,3.01e-05,1.8419701,0.12044009999999991,3.01e-05,3.01e-05,3.01e-05,0.39274010000000004,3.01e-05,3.01e-05,3.01e-05,3.01e-05,3.01e-05,3.01e-05,3.01e-05,0.027600099999999902,3.01e-05,3.01e-05,3.01e-05,0.3161101,3.01e-05,0.1656701,3.01e-05,3.01e-05,1.9493201,3.01e-05,3.01e-05,3.01e-05,3.01e-05,3.01e-05,3.01e-05,0.061590099999999995,3.01e-05,0.1496301,3.01e-05,0.3149101,3.01e-05,3.01e-05,3.01e-05,3.01e-05,0.0011301,0.057010099999999994,3.01e-05,3.01e-05,3.01e-05,3.01e-05,3.01e-05,0.0268201,3.01e-05,3.01e-05,3.01e-05,3.01e-05,3.01e-05,0.0753901,1.5799201,3.01e-05,3.01e-05,3.01e-05,0.0361501,3.01e-05,3.01e-05,3.01e-05,3.5821601,3.01e-05,3.01e-05,3.01e-05,3.01e-05,1.2223601,3.01e-05,3.01e-05,3.01e-05,0.10823010000000001,3.01e-05,3.01e-05,3.01e-05,3.01e-05,0.2940701,3.01e-05,0.0275401,3.01e-05,0.9531801,3.01e-05,0.3498300999999999,3.01e-05,3.01e-05,3.01e-05,3.01e-05,3.01e-05,0.21748009999999998,3.01e-05,3.01e-05,0.4459401,3.01e-05,3.01e-05,0.033200099999999996,3.01e-05,0.0391701,3.01e-05,0.8938001,3.01e-05,0.0958701,3.01e-05,1.2525201,3.01e-05,0.11522009999999991,0.7709301,3.01e-05,0.1465001,3.01e-05,3.01e-05,3.01e-05,3.01e-05,3.01e-05,3.01e-05,3.01e-05,3.01e-05,3.01e-05,3.01e-05,0.0163001,0.2270601,3.01e-05,3.01e-05,3.01e-05,3.01e-05,0.3358601,0.8523400999999999,3.01e-05,0.2111601,0.0057801,3.01e-05,0.0427701,0.006230100000000001,3.01e-05,3.01e-05,3.01e-05,0.1305801,3.01e-05,3.01e-05,0.2460201,3.01e-05,3.01e-05,0.0254401,4.373050099999975
37035_2#30,1.0312164,0.5630064,0.5180664,0.1251664,2.7227164,0.1135564,0.5597464000000001,10.4941064,3.64e-05,2.5430864,0.1616564,0.1087664,4.7102964,0.34342639999999997,3.64e-05,0.2117164,0.8077064,3.64e-05,0.48162639999999995,0.0832664,0.7992164,0.2263863999999999,0.4672363999999999,0.0069564,0.0096264,4.4234964,2.2287964,0.2422964,0.0644064,0.0200363999999999,0.40103639999999996,2.5002364,0.2136564,0.2167364,0.0171664,3.64e-05,0.41264639999999997,0.3906363999999999,2.4678664,3.64e-05,3.64e-05,3.64e-05,3.64e-05,3.64e-05,0.0024564,3.64e-05,3.64e-05,20.4255864,3.64e-05,0.7597464,3.64e-05,3.64e-05,3.64e-05,0.1928664,3.64e-05,0.024416399999999998,3.64e-05,0.39819639999999995,3.64e-05,2.0669163999999998,0.0007964000000000001,3.64e-05,3.64e-05,3.64e-05,0.45231639999999995,3.64e-05,3.64e-05,0.1278164,2.7505964,3.64e-05,3.64e-05,3.64e-05,3.64e-05,3.64e-05,0.2125363999999999,3.64e-05,0.1425864,0.9161364000000001,0.0891364,3.64e-05,3.64e-05,1.8679564,3.64e-05,3.64e-05,3.64e-05,3.64e-05,3.64e-05,3.64e-05,3.64e-05,0.016096399999999997,0.0011664,3.64e-05,0.5471064,0.0171363999999999,0.1569364,3.64e-05,0.2335763999999999,3.64e-05,0.046796399999999995,3.64e-05,0.7297664,3.64e-05,0.1312464,3.64e-05,0.0063864,3.64e-05,3.64e-05,3.64e-05,3.64e-05,0.1348364,0.0503063999999999,2.2297764,3.64e-05,3.64e-05,3.64e-05,0.11733640000000001,1.1027764,3.64e-05,0.11095640000000001,0.3708863999999999,3.64e-05,0.024496399999999998,3.64e-05,3.64e-05,0.5110564,3.64e-05,3.64e-05,3.64e-05,0.0102364,0.0085764,0.4638364,3.64e-05,0.0486964,3.64e-05,3.64e-05,3.64e-05,3.64e-05,0.1185664,3.64e-05,0.5598964000000001,3.64e-05,3.64e-05,3.64e-05,1.1908664,3.64e-05,0.8530364000000001,0.8037364,0.10627639999999991,0.0101263999999999,3.64e-05,3.64e-05,0.1332564,0.7244364,0.1615464,3.64e-05,0.2031764,0.4440664,3.64e-05,0.07372640000000001,0.4052164,0.10147640000000001,0.0272864,0.2941763999999999,0.030626399999999998,3.64e-05,3.64e-05,0.1251463999999999,3.64e-05,3.64e-05,3.64e-05,3.64e-05,3.64e-05,3.64e-05,3.64e-05,0.0354764,0.0212264,3.64e-05,0.2695263999999999,3.64e-05,3.64e-05,0.0106964,0.0001664,3.64e-05,0.0099164,0.0810764,0.1656664,3.64e-05,3.64e-05,3.64e-05,3.64e-05,3.64e-05,3.64e-05,3.64e-05,3.64e-05,3.64e-05,0.037486399999999996,3.64e-05,3.64e-05,0.0590264,14.751986400000002
37035_2#31,2.637228,9.228537999999999,10.326407999999999,0.051118,0.694258,0.15377800000000003,1.0393679999999998,7.197218000000001,2.7999999999999996e-05,5.378128,2.6624879999999997,0.331978,0.846038,3.112268,0.007167999999999899,0.6097680000000001,0.204248,2.7999999999999996e-05,0.378788,1.342398,1.135778,1.345858,2.7999999999999996e-05,0.001778,0.005958,2.7268779999999997,1.1548479999999999,0.022188,0.14711799999999992,0.002948,0.379098,0.7704380000000001,0.406958,0.21574800000000002,2.7999999999999996e-05,0.20144800000000002,1.6068779999999998,0.497618,0.450218,0.0263479999999999,2.7999999999999996e-05,0.045368,2.7999999999999996e-05,2.7999999999999996e-05,0.005578,2.7999999999999996e-05,2.7999999999999996e-05,10.670067999999999,2.7999999999999996e-05,2.7999999999999996e-05,2.7999999999999996e-05,2.7999999999999996e-05,2.7999999999999996e-05,2.7999999999999996e-05,2.7999999999999996e-05,2.7999999999999996e-05,2.7999999999999996e-05,0.020928,2.7999999999999996e-05,1.107688,2.7999999999999996e-05,2.7999999999999996e-05,2.7999999999999996e-05,0.010447999999999999,0.065338,2.7999999999999996e-05,2.7999999999999996e-05,2.7999999999999996e-05,2.7999999999999996e-05,2.7999999999999996e-05,2.7999999999999996e-05,2.7999999999999996e-05,2.7999999999999996e-05,2.7999999999999996e-05,2.7999999999999996e-05,2.7999999999999996e-05,0.211568,2.7999999999999996e-05,0.087738,2.7999999999999996e-05,2.7999999999999996e-05,3.878348,2.7999999999999996e-05,2.7999999999999996e-05,2.7999999999999996e-05,2.7999999999999996e-05,2.7999999999999996e-05,2.7999999999999996e-05,2.7999999999999996e-05,2.7999999999999996e-05,2.7999999999999996e-05,2.7999999999999996e-05,2.7999999999999996e-05,0.005927999999999999,2.7999999999999996e-05,0.298588,2.7999999999999996e-05,2.7999999999999996e-05,2.7999999999999996e-05,2.7999999999999996e-05,2.7999999999999996e-05,2.7999999999999996e-05,0.344628,2.7999999999999996e-05,0.0111379999999999,2.7999999999999996e-05,2.7999999999999996e-05,2.7999999999999996e-05,2.7999999999999996e-05,0.159058,0.00023799999999999998,0.549408,2.7999999999999996e-05,2.7999999999999996e-05,2.7999999999999996e-05,0.024468,2.7999999999999996e-05,2.7999999999999996e-05,2.7999999999999996e-05,0.050078,2.7999999999999996e-05,2.7999999999999996e-05,2.7999999999999996e-05,2.7999999999999996e-05,2.181498,2.7999999999999996e-05,2.7999999999999996e-05,2.7999999999999996e-05,2.7999999999999996e-05,2.7999999999999996e-05,2.7999999999999996e-05,2.7999999999999996e-05,2.7999999999999996e-05,2.344928,2.7999999999999996e-05,0.0179779999999999,2.7999999999999996e-05,2.7999999999999996e-05,2.7999999999999996e-05,0.016238,2.7999999999999996e-05,2.7999999999999996e-05,2.7999999999999996e-05,0.158588,2.7999999999999996e-05,2.7999999999999996e-05,0.22789800000000002,2.7999999999999996e-05,0.015177999999999999,2.7999999999999996e-05,0.135058,0.0520879999999999,2.7999999999999996e-05,0.196798,2.7999999999999996e-05,2.7999999999999996e-05,2.7999999999999996e-05,2.7999999999999996e-05,2.7999999999999996e-05,2.7999999999999996e-05,2.7999999999999996e-05,2.7999999999999996e-05,0.846578,2.7999999999999996e-05,2.7999999999999996e-05,2.7999999999999996e-05,0.015978,2.7999999999999996e-05,2.7999999999999996e-05,2.7999999999999996e-05,2.7999999999999996e-05,2.7999999999999996e-05,2.7999999999999996e-05,2.7999999999999996e-05,0.022758,0.18002800000000002,2.7999999999999996e-05,2.7999999999999996e-05,2.7999999999999996e-05,2.7999999999999996e-05,2.7999999999999996e-05,0.539008,1.1428079999999998,0.037838,0.087828,0.226138,0.010158,0.206768,0.018938,2.7999999999999996e-05,2.7999999999999996e-05,2.7999999999999996e-05,2.7999999999999996e-05,2.7999999999999996e-05,2.7999999999999996e-05,0.266058,2.7999999999999996e-05,2.7999999999999996e-05,0.037208,16.166408000000004
37035_2#32,11.13555435,4.363904349999999,7.14929435,0.9095543500000001,11.82587435,1.6082843500000001,2.07211435,15.184744349999999,1.4349999999999996e-05,6.171854349999999,0.54244435,1.4349999999999996e-05,12.58082435,0.08470435,1.4349999999999996e-05,0.3049643499999999,0.52939435,1.4349999999999996e-05,1.4349999999999996e-05,0.27993435,0.8291443500000001,0.85728435,1.4349999999999996e-05,0.14922435,0.039994350000000005,1.67721435,1.87434435,0.53149435,0.08658434999999999,1.4349999999999996e-05,0.39447435,1.4349999999999996e-05,1.4349999999999996e-05,0.14503435,0.07143435,0.79380435,1.4349999999999996e-05,0.8124643500000001,3.48294435,0.07920434999999999,0.23108435000000002,1.4349999999999996e-05,1.4349999999999996e-05,1.4349999999999996e-05,1.4349999999999996e-05,1.4349999999999996e-05,1.4349999999999996e-05,1.4349999999999996e-05,0.1418543499999999,1.4349999999999996e-05,1.4349999999999996e-05,1.4349999999999996e-05,1.4349999999999996e-05,1.4349999999999996e-05,1.4349999999999996e-05,1.4349999999999996e-05,1.4349999999999996e-05,1.4349999999999996e-05,1.4349999999999996e-05,1.4349999999999996e-05,1.4349999999999996e-05,1.4349999999999996e-05,1.4349999999999996e-05,0.04002435,1.4349999999999996e-05,1.4349999999999996e-05,1.4349999999999996e-05,1.4349999999999996e-05,1.4349999999999996e-05,1.4349999999999996e-05,1.4349999999999996e-05,1.4349999999999996e-05,1.4349999999999996e-05,1.4349999999999996e-05,1.4349999999999996e-05,1.4349999999999996e-05,1.4349999999999996e-05,1.4349999999999996e-05,1.4349999999999996e-05,1.4349999999999996e-05,1.4349999999999996e-05,1.4349999999999996e-05,1.4349999999999996e-05,1.4349999999999996e-05,1.4349999999999996e-05,1.4349999999999996e-05,1.4349999999999996e-05,1.4349999999999996e-05,1.4349999999999996e-05,1.4349999999999996e-05,1.4349999999999996e-05,1.4349999999999996e-05,1.4349999999999996e-05,1.4349999999999996e-05,1.4349999999999996e-05,1.4349999999999996e-05,1.4349999999999996e-05,1.4349999999999996e-05,1.4349999999999996e-05,1.4349999999999996e-05,1.4349999999999996e-05,1.4349999999999996e-05,1.4349999999999996e-05,1.4349999999999996e-05,0.03912435,1.4349999999999996e-05,1.4349999999999996e-05,1.4349999999999996e-05,1.4349999999999996e-05,0.28994434999999996,0.22385435,1.4349999999999996e-05,1.4349999999999996e-05,1.4349999999999996e-05,1.4349999999999996e-05,1.4349999999999996e-05,1.4349999999999996e-05,1.4349999999999996e-05,1.4349999999999996e-05,1.4349999999999996e-05,1.4349999999999996e-05,1.4349999999999996e-05,1.4349999999999996e-05,1.4349999999999996e-05,1.4349999999999996e-05,1.4349999999999996e-05,1.4349999999999996e-05,1.4349999999999996e-05,1.4349999999999996e-05,1.4349999999999996e-05,0.27849435,1.4349999999999996e-05,0.10427434999999989,1.4349999999999996e-05,1.4349999999999996e-05,0.07351434999999999,1.4349999999999996e-05,1.4349999999999996e-05,1.4349999999999996e-05,1.4349999999999996e-05,1.4349999999999996e-05,1.4349999999999996e-05,1.4349999999999996e-05,1.4349999999999996e-05,1.4349999999999996e-05,1.4349999999999996e-05,1.4349999999999996e-05,1.4349999999999996e-05,1.4349999999999996e-05,1.4349999999999996e-05,1.4349999999999996e-05,1.4349999999999996e-05,1.4349999999999996e-05,1.4349999999999996e-05,1.4349999999999996e-05,1.4349999999999996e-05,1.4349999999999996e-05,1.4349999999999996e-05,1.4349999999999996e-05,1.4349999999999996e-05,1.4349999999999996e-05,1.4349999999999996e-05,1.4349999999999996e-05,1.4349999999999996e-05,1.4349999999999996e-05,1.4349999999999996e-05,1.4349999999999996e-05,1.4349999999999996e-05,1.4349999999999996e-05,1.4349999999999996e-05,1.4349999999999996e-05,1.4349999999999996e-05,1.4349999999999996e-05,1.4349999999999996e-05,1.4349999999999996e-05,1.4349999999999996e-05,1.4349999999999996e-05,1.4349999999999996e-05,1.4349999999999996e-05,1.4349999999999996e-05,1.4349999999999996e-05,1.4349999999999996e-05,1.4349999999999996e-05,1.4349999999999996e-05,1.4349999999999996e-05,1.4349999999999996e-05,1.4349999999999996e-05,0.12498435000000001,1.4349999999999996e-05,1.4349999999999996e-05,1.4349999999999996e-05,1.4349999999999996e-05,1.4349999999999996e-05,1.4349999999999996e-05,1.4349999999999996e-05,1.4349999999999996e-05,1.4349999999999996e-05,1.4349999999999996e-05,1.4349999999999996e-05,11.882474350000003
37035_2#3,3.8118757000000003,1.0294357,1.1193256999999999,0.1574057,0.7969556999999999,0.0110757,0.7686856999999999,2.3573857000000005,0.0193057,20.6380857,0.2015357,0.0462857,4.996315699999999,3.7370757,0.020765699999999998,0.0381757,0.1284257,0.0557157,0.3533257,0.9078856999999999,0.33191570000000004,0.16779570000000002,2.0319757000000003,0.0159356999999999,0.15333570000000002,2.4282757000000004,0.0927457,0.0556456999999999,0.0265056999999999,0.0877457,0.0073256999999998995,1.3583357,0.1201157,0.0026956999999999997,3.5699999999999994e-05,0.0445657,0.1941157,0.1770257,0.15619570000000002,0.0590157,3.5699999999999994e-05,3.5699999999999994e-05,3.5699999999999994e-05,3.5699999999999994e-05,0.0062057,3.5699999999999994e-05,3.5699999999999994e-05,3.5699999999999994e-05,3.5699999999999994e-05,0.0375657,3.5699999999999994e-05,3.5699999999999994e-05,0.0070756999999999,3.5699999999999994e-05,3.5699999999999994e-05,3.5699999999999994e-05,3.5699999999999994e-05,3.5699999999999994e-05,3.5699999999999994e-05,0.47844570000000003,0.0971257,3.5699999999999994e-05,3.5699999999999994e-05,0.0419757,0.2175157,3.5699999999999994e-05,3.5699999999999994e-05,0.0181057,0.026985699999999998,3.5699999999999994e-05,3.5699999999999994e-05,3.5699999999999994e-05,3.5699999999999994e-05,0.4345057,1.4668857,3.5699999999999994e-05,0.5165656999999999,3.5699999999999994e-05,0.1159857,3.5699999999999994e-05,0.0382257,5.6701757,3.5699999999999994e-05,3.5699999999999994e-05,0.013155700000000001,0.0013957000000000002,3.5699999999999994e-05,3.5699999999999994e-05,3.5699999999999994e-05,3.5699999999999994e-05,3.5699999999999994e-05,0.3726757,3.5699999999999994e-05,3.5699999999999994e-05,3.5699999999999994e-05,3.5699999999999994e-05,3.5699999999999994e-05,0.0083157,3.5699999999999994e-05,3.5699999999999994e-05,0.4189257,3.5699999999999994e-05,0.0064857,0.021105699999999998,3.5699999999999994e-05,3.5699999999999994e-05,3.5699999999999994e-05,3.5699999999999994e-05,3.5699999999999994e-05,3.5699999999999994e-05,0.012465700000000001,3.4644157,3.5699999999999994e-05,3.5699999999999994e-05,3.5699999999999994e-05,3.5699999999999994e-05,3.5699999999999994e-05,3.5699999999999994e-05,1.0503257,0.3282257,3.5699999999999994e-05,0.0473957,3.5699999999999994e-05,3.5699999999999994e-05,6.5892157,0.051395699999999996,3.5699999999999994e-05,3.5699999999999994e-05,0.0135457,3.5699999999999994e-05,3.5699999999999994e-05,3.5699999999999994e-05,0.009795700000000001,3.4010457000000005,3.5699999999999994e-05,3.5699999999999994e-05,0.054545699999999996,0.0669857,3.5699999999999994e-05,3.5699999999999994e-05,3.5699999999999994e-05,3.5699999999999994e-05,3.5699999999999994e-05,1.2878957,3.5699999999999994e-05,3.5699999999999994e-05,1.7403756999999997,3.5699999999999994e-05,0.37654570000000004,3.5699999999999994e-05,0.0920956999999999,0.3430457,0.0175857,0.0901857,0.0484357,0.12941570000000002,3.5699999999999994e-05,3.5699999999999994e-05,3.5699999999999994e-05,0.6515356999999999,3.5699999999999994e-05,0.012635700000000001,0.8530357000000001,0.4045457,0.2713357,3.5699999999999994e-05,3.5699999999999994e-05,3.5699999999999994e-05,0.035195699999999996,3.5699999999999994e-05,0.0524457,3.5699999999999994e-05,3.5699999999999994e-05,3.5699999999999994e-05,3.5699999999999994e-05,0.0126657,0.3050357,3.5699999999999994e-05,3.5699999999999994e-05,3.5699999999999994e-05,0.15999570000000002,3.5699999999999994e-05,0.5555857,0.0113256999999999,0.0331657,3.5699999999999994e-05,3.5699999999999994e-05,0.0293457,0.011105700000000001,3.5699999999999994e-05,3.5699999999999994e-05,3.5699999999999994e-05,0.19535570000000002,3.5699999999999994e-05,3.5699999999999994e-05,1.8336857,3.5699999999999994e-05,0.025545699999999998,0.011355700000000002,16.594945699999975
37035_2#4,8.606299049999999,0.10433905,2.87208905,0.0664890499999999,8.930029049999998,0.14184904999999998,0.5032090499999999,13.42401905,2.9049999999999995e-05,1.15974905,0.0171290499999999,0.0320790499999999,2.8298890500000002,1.1654490499999999,0.24180905,0.8060290499999999,0.23084905,10.291449049999999,0.31419905000000004,6.12847905,1.98540905,0.65041905,0.29247905,0.00987905,0.6583990499999999,1.17075905,3.0819290500000003,0.50185905,0.04088905,0.19809905,0.31221905,1.60296905,0.9450290499999999,0.06993905,2.9049999999999995e-05,0.6953790499999999,0.24293905,0.30946905,6.57074905,0.01876905,0.00374905,2.9049999999999995e-05,2.9049999999999995e-05,2.9049999999999995e-05,0.0009690500000000001,2.9049999999999995e-05,2.9049999999999995e-05,2.9049999999999995e-05,3.4931990500000003,0.6475290499999999,2.9049999999999995e-05,2.9049999999999995e-05,2.9049999999999995e-05,2.9049999999999995e-05,2.9049999999999995e-05,2.9049999999999995e-05,2.9049999999999995e-05,0.09664905,2.9049999999999995e-05,1.8079390499999999,0.15873905,2.9049999999999995e-05,2.9049999999999995e-05,2.78940905,0.04326905,2.9049999999999995e-05,2.9049999999999995e-05,0.44798905,2.9049999999999995e-05,2.9049999999999995e-05,2.9049999999999995e-05,0.05867905,0.09515905000000001,0.00779905,2.9049999999999995e-05,2.9049999999999995e-05,2.9049999999999995e-05,2.9049999999999995e-05,0.32885905000000004,2.9049999999999995e-05,2.9049999999999995e-05,0.02217905,2.9049999999999995e-05,2.9049999999999995e-05,0.025769049999999998,2.9049999999999995e-05,2.9049999999999995e-05,2.9049999999999995e-05,2.9049999999999995e-05,2.9049999999999995e-05,2.9049999999999995e-05,2.9049999999999995e-05,2.9049999999999995e-05,0.05465905,2.9049999999999995e-05,2.9049999999999995e-05,2.9049999999999995e-05,2.9049999999999995e-05,2.9049999999999995e-05,2.9049999999999995e-05,2.9049999999999995e-05,2.9049999999999995e-05,0.17361904999999989,2.9049999999999995e-05,0.00839905,2.9049999999999995e-05,0.02830905,2.9049999999999995e-05,2.9049999999999995e-05,0.01435905,0.01380905,2.9049999999999995e-05,2.9049999999999995e-05,2.9049999999999995e-05,2.9049999999999995e-05,2.9049999999999995e-05,2.9049999999999995e-05,2.9049999999999995e-05,2.9049999999999995e-05,0.01135905,2.9049999999999995e-05,2.9049999999999995e-05,2.9049999999999995e-05,2.9049999999999995e-05,2.9049999999999995e-05,2.9049999999999995e-05,2.9049999999999995e-05,2.9049999999999995e-05,2.9049999999999995e-05,2.9049999999999995e-05,0.19149904999999998,2.9049999999999995e-05,2.9049999999999995e-05,1.20948905,2.9049999999999995e-05,0.0896490499999999,2.9049999999999995e-05,0.10596905,2.9049999999999995e-05,2.9049999999999995e-05,2.9049999999999995e-05,2.9049999999999995e-05,2.9049999999999995e-05,2.9049999999999995e-05,2.9049999999999995e-05,2.9049999999999995e-05,2.9049999999999995e-05,2.9049999999999995e-05,2.9049999999999995e-05,2.9049999999999995e-05,0.01133905,2.9049999999999995e-05,0.35684905,2.9049999999999995e-05,2.9049999999999995e-05,0.4106490499999999,2.9049999999999995e-05,2.9049999999999995e-05,2.9049999999999995e-05,0.01139905,0.16993904999999998,2.9049999999999995e-05,2.9049999999999995e-05,0.018899049999999997,0.00262905,2.9049999999999995e-05,2.9049999999999995e-05,2.9049999999999995e-05,2.9049999999999995e-05,2.9049999999999995e-05,2.9049999999999995e-05,2.9049999999999995e-05,2.9049999999999995e-05,2.9049999999999995e-05,2.9049999999999995e-05,0.09949905,2.9049999999999995e-05,0.39446904999999993,2.9049999999999995e-05,2.9049999999999995e-05,2.9049999999999995e-05,0.82205905,0.44861905,0.0987390499999999,2.9049999999999995e-05,0.16853905,0.09219905,0.06246905,0.00250905,2.9049999999999995e-05,2.9049999999999995e-05,2.9049999999999995e-05,2.9049999999999995e-05,2.9049999999999995e-05,2.9049999999999995e-05,2.9049999999999995e-05,2.9049999999999995e-05,0.005019050000000001,2.9049999999999995e-05,7.668759049999964
37035_2#5,2.3416423500000003,2.39285235,1.96422235,0.78919235,8.08485235,0.34093235,0.6071723499999999,13.51547235,0.00185235,4.60959235,0.12280234999999999,0.1251523499999999,5.81398235,1.96712235,0.02650235,0.12918235,0.61199235,0.02117235,0.28877235,1.47097235,0.12370234999999989,0.10097234999999989,2.0837823500000003,0.18488235,4.235e-05,0.66178235,5.26885235,0.17225235,0.02995235,0.13150235000000002,0.033902350000000005,0.33435235,0.2544323499999999,0.039502350000000006,4.235e-05,4.235e-05,0.3588423499999999,0.19301235,1.05634235,0.05184235,0.18860235,0.035942350000000005,0.00175235,4.235e-05,0.0155423499999999,4.235e-05,4.235e-05,4.235e-05,4.235e-05,0.58074235,0.07783235,4.235e-05,4.235e-05,4.235e-05,4.235e-05,4.235e-05,4.235e-05,1.63744235,0.17805235,0.6580623499999999,0.14841235,0.29860235,4.235e-05,2.5832623500000005,0.06948235,4.235e-05,4.235e-05,0.2291923499999999,4.235e-05,4.235e-05,4.235e-05,4.235e-05,0.03430235,0.01056235,4.235e-05,4.235e-05,1.21212235,4.235e-05,0.01921235,4.235e-05,4.235e-05,0.7106123499999999,4.235e-05,4.235e-05,0.21236235,0.00865235,4.235e-05,4.235e-05,4.235e-05,4.235e-05,0.00163235,4.235e-05,4.235e-05,0.02365235,0.21640235000000002,2.8470023500000003,0.026742349999999998,4.235e-05,0.3335323499999999,4.235e-05,0.28799235,4.235e-05,0.12026234999999999,0.01022235,0.03930235,4.235e-05,4.235e-05,4.235e-05,4.235e-05,0.06335234999999989,0.15716235,0.36543235,0.00398235,4.235e-05,4.235e-05,0.0268623499999999,4.235e-05,4.235e-05,4.235e-05,5.00237235,4.235e-05,0.01871235,0.0022523499999999998,4.235e-05,0.034692350000000004,4.235e-05,4.235e-05,4.235e-05,0.02298235,0.08899235,1.74927235,4.235e-05,0.00574235,0.7245623499999999,0.00683235,0.08303234999999999,4.235e-05,0.32098235,4.235e-05,4.235e-05,4.235e-05,4.235e-05,4.235e-05,0.07919235,4.235e-05,0.8048923499999999,0.06571234999999989,0.0126823499999999,1.40801235,4.235e-05,0.14025235,0.2922923499999999,0.50352235,0.10048235,4.235e-05,0.02303235,0.21453235,0.38262235,4.235e-05,4.235e-05,0.35853235,0.1491823499999999,0.01537235,0.04671235,0.01632235,4.235e-05,0.0908523499999999,0.27372235,0.01462235,0.00097235,0.23681235,4.235e-05,4.235e-05,4.235e-05,4.235e-05,0.0035723499999999997,0.00947235,4.235e-05,4.235e-05,4.235e-05,0.04141235,4.235e-05,0.11869235,0.07341234999999989,0.05934235,0.0146423499999999,0.0038723499999999997,0.017892349999999998,0.00827235,4.235e-05,4.235e-05,4.235e-05,0.47967235,4.235e-05,4.235e-05,0.47368235000000003,4.235e-05,0.0271123499999999,4.235e-05,15.635212349999932
37035_2#6,0.7524994,0.2527694,0.1488794,0.4197194,7.4400293999999985,0.0319094,0.2319293999999999,22.367989400000003,2.9400000000000003e-05,0.8080694,0.0432894,0.1062594,16.206919400000004,0.1999494,2.9400000000000003e-05,0.049219399999999996,0.7682894000000001,0.2647094,0.1631194,0.9550694000000001,0.2225094,0.3354594,0.1416193999999999,0.0507394,2.9400000000000003e-05,7.152149399999999,0.4849094,0.1808594,0.0282294,0.0478194,2.9400000000000003e-05,2.9400000000000003e-05,0.3837194,0.0268194,2.9400000000000003e-05,0.0669194,0.1561594,0.1696994,0.4003694,0.0886893999999999,0.0830194,0.019029400000000002,2.9400000000000003e-05,0.061339399999999995,0.0027194,2.9400000000000003e-05,2.9400000000000003e-05,1.7629494,5.6530194,0.3674694,2.9400000000000003e-05,2.9400000000000003e-05,5.6287894000000005,0.5278494,0.6508594000000001,2.9400000000000003e-05,2.9400000000000003e-05,0.1387494,2.9400000000000003e-05,1.5893394,2.9400000000000003e-05,2.9400000000000003e-05,2.9400000000000003e-05,2.9400000000000003e-05,0.5166694000000001,2.9400000000000003e-05,2.9400000000000003e-05,2.9400000000000003e-05,2.9400000000000003e-05,2.9400000000000003e-05,2.9400000000000003e-05,2.9400000000000003e-05,2.9400000000000003e-05,2.9400000000000003e-05,2.9400000000000003e-05,2.9400000000000003e-05,2.9400000000000003e-05,0.7668394000000001,2.9400000000000003e-05,2.9400000000000003e-05,0.1694094,0.6997194000000001,0.0211094,2.9400000000000003e-05,2.9400000000000003e-05,0.0018793999999999,2.9400000000000003e-05,2.9400000000000003e-05,2.9400000000000003e-05,2.9400000000000003e-05,2.9400000000000003e-05,2.9400000000000003e-05,2.9400000000000003e-05,2.9400000000000003e-05,2.9400000000000003e-05,2.9400000000000003e-05,0.4043894,2.9400000000000003e-05,2.9400000000000003e-05,2.9400000000000003e-05,2.9400000000000003e-05,2.9400000000000003e-05,0.0840394,0.1926594,0.0240594,2.9400000000000003e-05,2.9400000000000003e-05,2.9400000000000003e-05,2.9400000000000003e-05,0.036209399999999996,2.9400000000000003e-05,1.2225994,2.9400000000000003e-05,2.9400000000000003e-05,2.9400000000000003e-05,2.9400000000000003e-05,2.9400000000000003e-05,2.9400000000000003e-05,0.1865794,2.9400000000000003e-05,2.9400000000000003e-05,2.9400000000000003e-05,2.9400000000000003e-05,2.9400000000000003e-05,3.9245994,0.1131894,0.0048594,0.057059399999999996,2.9400000000000003e-05,2.9400000000000003e-05,0.0384594,2.9400000000000003e-05,2.9400000000000003e-05,2.0712294,2.9400000000000003e-05,2.9400000000000003e-05,2.9400000000000003e-05,2.9400000000000003e-05,2.9400000000000003e-05,0.0358494,2.9400000000000003e-05,2.9400000000000003e-05,2.9400000000000003e-05,2.9400000000000003e-05,2.9400000000000003e-05,2.9400000000000003e-05,2.9400000000000003e-05,2.9400000000000003e-05,2.9400000000000003e-05,2.9400000000000003e-05,0.0466694,0.0769094,0.2794494,2.9400000000000003e-05,2.9400000000000003e-05,0.3273494,2.9400000000000003e-05,2.9400000000000003e-05,2.9400000000000003e-05,2.9400000000000003e-05,0.7055294000000001,2.9400000000000003e-05,0.0286794,2.9400000000000003e-05,0.0098994,2.9400000000000003e-05,2.9400000000000003e-05,2.9400000000000003e-05,0.030319400000000003,2.9400000000000003e-05,0.0336994,2.9400000000000003e-05,2.9400000000000003e-05,0.0063194,2.9400000000000003e-05,2.9400000000000003e-05,2.9400000000000003e-05,0.2743494,2.9400000000000003e-05,2.9400000000000003e-05,2.9400000000000003e-05,2.9400000000000003e-05,2.9400000000000003e-05,0.0739694,0.0141793999999999,0.0130994,0.0013094,0.1228494,2.9400000000000003e-05,2.9400000000000003e-05,2.9400000000000003e-05,2.9400000000000003e-05,2.9400000000000003e-05,2.9400000000000003e-05,2.9400000000000003e-05,2.9400000000000003e-05,0.0041893999999999,2.9400000000000003e-05,2.9400000000000003e-05,9.74398939999999
37035_2#7,1.09910115,2.14512115,1.07161115,0.46215115,0.52707115,3.115e-05,0.22148115,12.72411115,3.115e-05,2.3651711499999997,0.03098115,0.00291115,4.35139115,2.4314711499999997,3.115e-05,0.02581115,0.19942115,0.01693115,0.12064115,0.6274311499999999,1.2246911500000002,0.5495611499999999,1.3614811500000001,0.007811149999999999,0.16229115,1.62308115,0.4619511499999999,0.09444115,0.01843115,0.03879115,0.02394115,0.13889115,3.115e-05,0.12147114999999989,3.115e-05,0.03009115,0.14679114999999998,0.19246115,1.06655115,0.00710115,0.08607115000000001,0.06971115,0.00048114999999999996,3.115e-05,3.115e-05,3.115e-05,3.115e-05,14.30481115,1.61770115,3.115e-05,3.115e-05,3.115e-05,0.44764115000000004,0.09444115,1.46061115,3.115e-05,3.115e-05,3.115e-05,3.115e-05,0.78591115,0.03168115,3.115e-05,3.115e-05,3.115e-05,0.00447115,3.115e-05,0.5088811499999999,0.18312114999999998,3.115e-05,3.115e-05,3.115e-05,3.115e-05,3.115e-05,3.115e-05,3.115e-05,3.115e-05,1.33900115,3.115e-05,3.115e-05,3.115e-05,0.03002115,1.60767115,3.115e-05,3.115e-05,0.27091115000000004,3.115e-05,3.115e-05,3.115e-05,3.115e-05,3.115e-05,3.115e-05,3.115e-05,3.115e-05,3.115e-05,3.115e-05,3.115e-05,3.115e-05,3.115e-05,3.115e-05,3.115e-05,0.8241511499999999,3.115e-05,0.01356115,0.04932115,0.00337115,3.115e-05,3.115e-05,3.115e-05,3.115e-05,0.00426115,3.115e-05,0.01900115,3.115e-05,3.115e-05,3.115e-05,0.01998115,3.115e-05,3.115e-05,3.115e-05,1.3000311500000001,3.115e-05,0.01228115,3.115e-05,3.115e-05,2.00990115,3.115e-05,3.115e-05,3.115e-05,3.115e-05,3.115e-05,3.115e-05,3.115e-05,3.115e-05,0.8127611499999999,3.115e-05,0.0202811499999999,3.115e-05,0.01285115,3.115e-05,3.115e-05,3.115e-05,3.115e-05,3.115e-05,0.12561115,3.115e-05,3.115e-05,0.0658911499999999,0.03636115,1.33924115,3.115e-05,0.88391115,0.03748115,3.115e-05,3.115e-05,3.115e-05,0.04181115,3.115e-05,3.115e-05,3.115e-05,0.51745115,3.115e-05,3.115e-05,0.07929115,0.05707115,0.0365011499999999,3.115e-05,0.00673115,3.115e-05,3.115e-05,3.115e-05,0.01329115,0.06675115000000001,3.115e-05,3.115e-05,3.115e-05,0.00575115,3.115e-05,3.115e-05,3.115e-05,3.115e-05,3.115e-05,3.115e-05,0.31724115,0.0478511499999999,0.01609115,0.04126115,0.00501115,0.00414115,3.115e-05,3.115e-05,3.115e-05,3.115e-05,0.8151311499999999,3.115e-05,3.115e-05,0.2893811499999999,3.115e-05,3.115e-05,3.115e-05,31.509751150000007
37035_2#8,0.63279255,0.06192255,1.09503255,0.28320255,3.90663255,0.1800925499999999,0.41159255,15.47481255,3.255e-05,3.3801625499999997,0.01696255,0.63495255,14.938182549999999,0.49073255,3.255e-05,0.0103725499999999,0.8694925499999999,0.049082549999999996,0.3511225499999999,3.7661525499999997,1.14726255,0.3547825499999999,0.5200725500000001,0.25097255,0.0217325499999999,4.51278255,0.94202255,0.36915255,0.0261525499999999,0.03867255,0.67523255,3.255e-05,0.80780255,0.01477255,0.01389255,0.10825255,0.14699255,0.19005255000000001,0.23691255,3.255e-05,0.07877255000000001,0.06548255,3.255e-05,3.255e-05,3.255e-05,3.255e-05,0.05496255,4.10632255,3.25127255,3.255e-05,3.255e-05,5.10613255,1.91501255,3.255e-05,2.25613255,3.255e-05,3.255e-05,0.11529255000000001,3.255e-05,0.63080255,3.255e-05,3.255e-05,3.255e-05,0.11389254999999991,0.39995255,3.255e-05,3.255e-05,0.21314255000000001,3.255e-05,3.255e-05,3.255e-05,3.255e-05,3.255e-05,0.26735255,3.255e-05,3.255e-05,1.78996255,3.255e-05,0.32787255,3.255e-05,3.255e-05,3.3829325499999996,3.255e-05,3.255e-05,3.255e-05,0.0077925500000000005,3.255e-05,3.255e-05,3.255e-05,3.255e-05,3.255e-05,0.54269255,0.03686255,0.0185725499999999,0.025882549999999997,3.255e-05,3.255e-05,0.00095255,3.255e-05,3.255e-05,3.255e-05,3.255e-05,0.06575255,3.255e-05,0.013402550000000001,3.255e-05,3.255e-05,3.255e-05,3.255e-05,0.2328725499999999,0.41140255,0.32776255,0.00058255,3.255e-05,3.255e-05,3.255e-05,3.255e-05,3.255e-05,3.255e-05,0.20069255,3.255e-05,3.255e-05,3.255e-05,0.25946255,4.507272550000001,0.047042549999999995,3.255e-05,3.255e-05,3.255e-05,3.255e-05,3.255e-05,3.255e-05,3.255e-05,0.02993255,0.01673255,3.255e-05,3.255e-05,0.17119255,3.255e-05,3.255e-05,3.255e-05,3.255e-05,3.255e-05,3.255e-05,3.255e-05,3.255e-05,0.028402549999999898,3.255e-05,0.25132255,3.255e-05,3.255e-05,0.0260825499999999,0.02717255,3.255e-05,3.255e-05,0.64165255,3.255e-05,3.255e-05,3.255e-05,1.40714255,3.255e-05,3.255e-05,0.7164725500000001,3.255e-05,0.26629255,3.255e-05,0.00338255,3.255e-05,3.255e-05,3.255e-05,3.255e-05,0.032382549999999996,3.255e-05,3.255e-05,3.255e-05,3.255e-05,3.255e-05,0.30094255000000003,3.255e-05,3.255e-05,3.255e-05,0.50096255,0.11796255,0.09370255000000001,0.15370255,0.13490255,0.01960255,0.03722255,3.255e-05,3.255e-05,3.255e-05,3.255e-05,3.255e-05,3.255e-05,0.02151255,3.255e-05,3.255e-05,0.05960255,3.255e-05,7.233132550000001
37035_2#9,3.10012345,1.97043345,1.82911345,6.21789345,0.38457344999999993,1.14518345,2.55470345,3.13978345,2.345e-05,7.01673345,0.53077345,1.27721345,21.34281345,0.9887934500000001,0.1632634499999999,0.51239345,3.40392345,2.345e-05,0.69280345,2.96386345,0.059903450000000004,0.53249345,0.64517345,0.39272345000000003,0.014633450000000001,9.43411345,0.41968345,0.1658134499999999,0.01947345,0.15931345,0.94691345,0.36062345,1.10936345,0.09068344999999989,0.18798345,0.02089345,0.23568345,2.345e-05,0.42099344999999994,0.29713345,2.345e-05,2.345e-05,2.345e-05,2.345e-05,2.345e-05,0.00826345,2.345e-05,2.345e-05,2.345e-05,1.05122345,2.345e-05,2.345e-05,2.345e-05,2.345e-05,2.345e-05,2.345e-05,2.345e-05,0.9964534500000001,2.345e-05,0.11910345,0.80893345,2.345e-05,2.345e-05,2.345e-05,1.3261734500000002,2.345e-05,2.345e-05,0.11855344999999999,7.720353449999999,2.345e-05,2.345e-05,2.345e-05,2.345e-05,2.345e-05,2.345e-05,2.345e-05,2.345e-05,2.345e-05,2.0009334500000002,2.345e-05,0.15419344999999998,0.02780345,2.345e-05,2.345e-05,2.345e-05,2.345e-05,2.345e-05,2.345e-05,0.0194234499999999,2.345e-05,2.345e-05,2.345e-05,2.345e-05,0.03001345,0.01700345,2.345e-05,2.345e-05,2.345e-05,0.13083345,2.345e-05,2.345e-05,2.345e-05,0.29391345,2.345e-05,2.345e-05,2.345e-05,2.345e-05,2.345e-05,2.345e-05,0.02783345,1.42040345,2.345e-05,2.345e-05,2.345e-05,2.345e-05,2.345e-05,2.345e-05,2.345e-05,2.345e-05,0.27697345,2.345e-05,2.345e-05,2.345e-05,2.345e-05,2.345e-05,2.345e-05,2.345e-05,2.345e-05,2.345e-05,0.02025345,2.345e-05,2.345e-05,2.345e-05,1.90325345,2.345e-05,0.16094345,2.345e-05,2.345e-05,2.345e-05,2.345e-05,2.345e-05,2.345e-05,2.345e-05,2.345e-05,2.345e-05,2.345e-05,2.345e-05,2.345e-05,2.345e-05,2.345e-05,2.345e-05,2.345e-05,2.345e-05,0.05355345,2.345e-05,0.69427345,2.345e-05,2.345e-05,2.345e-05,2.345e-05,2.345e-05,2.345e-05,2.345e-05,2.345e-05,2.345e-05,2.345e-05,2.345e-05,2.345e-05,2.345e-05,2.345e-05,2.345e-05,2.345e-05,2.345e-05,2.345e-05,2.345e-05,2.345e-05,2.345e-05,2.345e-05,2.345e-05,2.345e-05,2.345e-05,2.345e-05,0.10489345,2.345e-05,0.06911344999999999,0.0021734499999999,0.10334344999999999,0.00469345,2.345e-05,2.345e-05,2.345e-05,2.345e-05,2.345e-05,2.345e-05,2.345e-05,2.345e-05,2.345e-05,2.345e-05,2.345e-05,5.584023449999979
37035_7#10,0.17321655,0.13323654999999998,0.20056654999999998,0.40663654999999993,0.8095565499999999,4.654999999999999e-05,0.33353654999999993,14.026416549999999,4.654999999999999e-05,22.52765655,0.01144655,0.10393655,0.43629655,0.11405655,0.036466549999999896,0.02242655,1.2540965499999999,0.5736565499999999,0.11328655,0.70035655,0.02812655,0.03231655,0.07662655,0.011546550000000001,0.0258465499999999,0.58908655,0.14630654999999998,0.030836549999999997,0.07075655,4.654999999999999e-05,0.00280655,0.39432655,0.041436549999999996,0.01203655,4.654999999999999e-05,4.654999999999999e-05,0.29112655000000004,0.04965655,4.654999999999999e-05,4.654999999999999e-05,4.654999999999999e-05,0.5960765499999999,0.01202655,4.654999999999999e-05,4.654999999999999e-05,4.654999999999999e-05,4.654999999999999e-05,11.91278655,4.654999999999999e-05,0.25614655000000003,4.654999999999999e-05,0.18896654999999998,0.09930655000000001,0.5006965499999999,0.00297655,4.654999999999999e-05,0.031246549999999998,0.27783655,0.0005565500000000001,2.44234655,0.005206549999999899,0.004286549999999999,4.654999999999999e-05,0.10887655,0.7064465499999999,4.654999999999999e-05,4.654999999999999e-05,0.22823654999999998,0.14791654999999998,4.654999999999999e-05,0.21955655,4.654999999999999e-05,0.11084655,4.654999999999999e-05,0.00326655,0.21911655,0.33063655000000003,0.28497655,0.25433655,4.654999999999999e-05,0.33259654999999994,0.98287655,0.03786655,4.654999999999999e-05,4.654999999999999e-05,0.13689654999999998,0.44577655,4.654999999999999e-05,0.00967655,0.07104655,0.017886549999999998,4.654999999999999e-05,4.654999999999999e-05,0.00146655,0.75548655,0.047826549999999995,1.4099765499999999,0.00742655,0.12808655,4.654999999999999e-05,0.12391655,0.21925655,0.05277655,0.04963655,0.00180655,4.654999999999999e-05,0.04172655,0.04173655,4.654999999999999e-05,4.654999999999999e-05,0.00480655,0.29220655,4.654999999999999e-05,0.00272655,0.00228655,4.654999999999999e-05,4.654999999999999e-05,4.654999999999999e-05,0.028856549999999998,0.10987655,0.00503655,0.02167655,0.01244655,0.62268655,0.06611655000000001,0.0746665499999999,0.01989655,0.07146655,0.0076865499999999995,0.04464655,4.654999999999999e-05,4.654999999999999e-05,0.0047265499999999995,4.654999999999999e-05,4.654999999999999e-05,4.654999999999999e-05,2.47378655,0.13662654999999999,4.654999999999999e-05,1.47326655,0.0415465499999999,4.654999999999999e-05,0.040236549999999996,4.654999999999999e-05,4.654999999999999e-05,1.59358655,0.16576654999999998,0.99355655,0.12635654999999998,0.21377654999999998,0.05194655,0.33026655,4.654999999999999e-05,4.654999999999999e-05,0.0075565499999999996,0.10621655,0.00259655,0.02159655,4.654999999999999e-05,4.654999999999999e-05,0.02863655,0.49665655000000003,0.15552654999999999,0.07574655000000001,0.03113655,4.654999999999999e-05,0.007876550000000001,0.04813655,0.21325655,4.654999999999999e-05,0.0205465499999999,0.012816550000000001,4.654999999999999e-05,4.654999999999999e-05,4.654999999999999e-05,4.654999999999999e-05,0.01184655,4.654999999999999e-05,4.654999999999999e-05,0.0549165499999999,0.01391655,4.654999999999999e-05,4.654999999999999e-05,4.654999999999999e-05,0.02320655,4.654999999999999e-05,4.654999999999999e-05,4.654999999999999e-05,4.654999999999999e-05,0.5077665499999999,4.654999999999999e-05,4.654999999999999e-05,0.0012465499999999,5.493866550000001,0.17066655,4.654999999999999e-05,0.00025655,4.654999999999999e-05,0.01666655,15.801586549999982
37035_7#11,2.8349999999999998e-05,2.8349999999999998e-05,2.8349999999999998e-05,0.01964835,0.98541835,2.8349999999999998e-05,0.38880834999999997,2.80779835,0.010618349999999999,0.42920835,2.8349999999999998e-05,0.00161835,5.926698350000001,2.8349999999999998e-05,0.0019983499999999,2.8349999999999998e-05,0.50036835,0.01649835,0.039938350000000004,0.43448835,0.50615835,2.8349999999999998e-05,2.8349999999999998e-05,1.04560835,2.8349999999999998e-05,0.48866835,0.98976835,0.17757835,2.8349999999999998e-05,2.8349999999999998e-05,0.03123835,0.34904835,1.44309835,2.8349999999999998e-05,2.8349999999999998e-05,2.8349999999999998e-05,0.00770835,0.09794834999999999,0.30409835,2.8349999999999998e-05,0.99759835,0.50325835,0.058678350000000004,2.8349999999999998e-05,2.8349999999999998e-05,2.8349999999999998e-05,1.96399835,44.43130835,0.04060835,2.8349999999999998e-05,0.0004183499999999,1.1080883499999998,0.036288350000000004,0.2407283499999999,0.07000835,2.8349999999999998e-05,2.8349999999999998e-05,0.27202835,2.8349999999999998e-05,0.16841835,2.8349999999999998e-05,2.8349999999999998e-05,1.94927835,0.017788349999999998,0.00290835,0.02631835,5.6793983500000005,2.8349999999999998e-05,0.06768835,2.8349999999999998e-05,0.07530835,0.03711835,0.00318835,0.07767835,2.8349999999999998e-05,0.06876834999999999,2.8349999999999998e-05,0.02489835,2.8349999999999998e-05,0.23895834999999999,0.01875835,2.8349999999999998e-05,2.8349999999999998e-05,1.80737835,0.00376835,0.016938349999999998,0.13891835,2.8349999999999998e-05,0.00991835,0.0106683499999999,2.8349999999999998e-05,0.00795835,2.8349999999999998e-05,0.00991835,2.8349999999999998e-05,0.00032835,2.8349999999999998e-05,2.8349999999999998e-05,2.8349999999999998e-05,2.8349999999999998e-05,2.8349999999999998e-05,2.8349999999999998e-05,2.8349999999999998e-05,2.8349999999999998e-05,2.8349999999999998e-05,0.01578835,2.8349999999999998e-05,2.8349999999999998e-05,2.8349999999999998e-05,0.13382834999999998,0.00275835,0.0063583500000000005,2.8349999999999998e-05,2.8349999999999998e-05,2.8349999999999998e-05,2.8349999999999998e-05,0.04871835,2.8349999999999998e-05,2.8349999999999998e-05,0.008868349999999999,2.8349999999999998e-05,2.8349999999999998e-05,2.8349999999999998e-05,0.53486835,2.8349999999999998e-05,2.8349999999999998e-05,2.8349999999999998e-05,0.00022835,2.8349999999999998e-05,0.11808835,2.8349999999999998e-05,2.8349999999999998e-05,2.8349999999999998e-05,2.8349999999999998e-05,2.8349999999999998e-05,2.8349999999999998e-05,2.8349999999999998e-05,0.02190835,2.8349999999999998e-05,0.033638350000000004,2.8349999999999998e-05,0.015668349999999998,2.8349999999999998e-05,2.8349999999999998e-05,2.8349999999999998e-05,2.8349999999999998e-05,2.8349999999999998e-05,2.8349999999999998e-05,2.8349999999999998e-05,2.8349999999999998e-05,2.8349999999999998e-05,2.8349999999999998e-05,0.00649835,2.8349999999999998e-05,0.012658349999999999,2.8349999999999998e-05,2.8349999999999998e-05,2.8349999999999998e-05,0.13684835,2.8349999999999998e-05,2.8349999999999998e-05,0.00547835,2.8349999999999998e-05,2.8349999999999998e-05,2.8349999999999998e-05,2.8349999999999998e-05,2.8349999999999998e-05,0.00772835,2.8349999999999998e-05,2.8349999999999998e-05,2.8349999999999998e-05,2.8349999999999998e-05,2.8349999999999998e-05,2.8349999999999998e-05,2.8349999999999998e-05,2.8349999999999998e-05,2.8349999999999998e-05,0.07312835,2.8349999999999998e-05,2.8349999999999998e-05,2.8349999999999998e-05,2.8349999999999998e-05,2.8349999999999998e-05,2.8349999999999998e-05,2.8349999999999998e-05,0.04171835,2.8349999999999998e-05,2.8349999999999998e-05,2.8349999999999998e-05,2.8349999999999998e-05,2.8349999999999998e-05,2.8349999999999998e-05,2.8349999999999998e-05,0.74053835,2.8349999999999998e-05,2.8349999999999998e-05,2.8349999999999998e-05,2.8349999999999998e-05,2.8349999999999998e-05,20.84199835000002
37035_7#12,2.9400000000000003e-05,2.9400000000000003e-05,2.9400000000000003e-05,0.8486393999999999,1.0474894000000001,2.9400000000000003e-05,3.8877493999999997,10.0330294,2.9400000000000003e-05,1.9302394,0.3119094,0.1051693999999999,2.0069694,2.9400000000000003e-05,2.9400000000000003e-05,0.39385939999999997,3.5513594,0.0373094,2.9400000000000003e-05,5.3493894,2.9400000000000003e-05,2.9400000000000003e-05,0.0884794,0.5823894000000001,0.0318094,0.2216694,9.4822594,1.6533794,0.1980294,2.9400000000000003e-05,2.9400000000000003e-05,1.5087294000000002,2.2697893999999996,2.9400000000000003e-05,2.9400000000000003e-05,2.9400000000000003e-05,0.024449400000000003,2.9400000000000003e-05,11.9166594,2.9400000000000003e-05,0.4051494,0.5269294,0.3668894,2.9400000000000003e-05,0.0020694,0.0020293999999999998,1.2204294000000002,16.4340794,0.2734894,2.9400000000000003e-05,2.9400000000000003e-05,1.1733594,0.0059194,1.2735594000000001,0.0044494,0.024479400000000002,0.1272693999999999,0.2344694,2.9400000000000003e-05,2.9400000000000003e-05,0.0768094,2.9400000000000003e-05,2.9400000000000003e-05,2.9400000000000003e-05,2.9400000000000003e-05,0.024199400000000003,0.7402394000000001,0.1618094,2.9400000000000003e-05,0.6802094000000001,0.1356994,0.1193294,2.9400000000000003e-05,0.0057794,2.9400000000000003e-05,0.0078894,2.9400000000000003e-05,0.0080994,2.9400000000000003e-05,0.017209400000000003,0.019939400000000003,2.9400000000000003e-05,0.0291994,1.3231794000000001,2.9400000000000003e-05,3.9611794,0.036709399999999996,0.0470694,0.1131294,0.024629399999999902,0.0116394,2.9400000000000003e-05,2.9400000000000003e-05,2.9400000000000003e-05,0.0113494,2.9400000000000003e-05,2.9400000000000003e-05,0.024959400000000003,2.9400000000000003e-05,0.1550194,2.9400000000000003e-05,0.0263694,0.0015294,2.9400000000000003e-05,2.9400000000000003e-05,2.9400000000000003e-05,0.016789400000000003,2.9400000000000003e-05,2.9400000000000003e-05,0.0508394,0.1178693999999999,2.9400000000000003e-05,0.0011794,2.9400000000000003e-05,0.06347939999999999,2.9400000000000003e-05,0.1357393999999999,2.9400000000000003e-05,2.9400000000000003e-05,0.0083794,2.9400000000000003e-05,2.9400000000000003e-05,0.1441693999999999,0.3469294,2.9400000000000003e-05,0.6408994,0.0426094,0.0075994,2.9400000000000003e-05,0.058339399999999896,2.9400000000000003e-05,2.9400000000000003e-05,2.9400000000000003e-05,2.9400000000000003e-05,0.019589400000000003,2.9400000000000003e-05,0.0033894,2.9400000000000003e-05,2.9400000000000003e-05,2.9400000000000003e-05,2.9400000000000003e-05,2.9400000000000003e-05,2.9400000000000003e-05,2.9400000000000003e-05,2.9400000000000003e-05,2.9400000000000003e-05,2.9400000000000003e-05,2.9400000000000003e-05,2.9400000000000003e-05,2.9400000000000003e-05,2.9400000000000003e-05,2.9400000000000003e-05,2.9400000000000003e-05,2.9400000000000003e-05,0.0033493999999999998,2.9400000000000003e-05,2.9400000000000003e-05,2.9400000000000003e-05,0.021559400000000003,2.9400000000000003e-05,2.9400000000000003e-05,2.9400000000000003e-05,2.9400000000000003e-05,2.9400000000000003e-05,2.9400000000000003e-05,2.9400000000000003e-05,2.9400000000000003e-05,2.9400000000000003e-05,2.9400000000000003e-05,2.9400000000000003e-05,2.9400000000000003e-05,2.9400000000000003e-05,2.9400000000000003e-05,2.9400000000000003e-05,2.9400000000000003e-05,2.9400000000000003e-05,2.9400000000000003e-05,0.017559400000000003,2.9400000000000003e-05,0.0071394,2.9400000000000003e-05,2.9400000000000003e-05,2.9400000000000003e-05,2.9400000000000003e-05,2.9400000000000003e-05,2.9400000000000003e-05,2.9400000000000003e-05,2.9400000000000003e-05,2.9400000000000003e-05,2.9400000000000003e-05,2.9400000000000003e-05,2.9400000000000003e-05,2.9400000000000003e-05,0.0496294,2.9400000000000003e-05,2.9400000000000003e-05,2.9400000000000003e-05,2.9400000000000003e-05,2.9400000000000003e-05,10.921049399999982
37035_7#13,2.1349999999999997e-05,2.1349999999999997e-05,2.1349999999999997e-05,0.018371349999999998,0.21593135,2.1349999999999997e-05,0.47216135000000004,7.284861350000001,2.1349999999999997e-05,0.07999135,0.059061350000000006,0.13150135,0.21055135,2.1349999999999997e-05,2.1349999999999997e-05,2.1349999999999997e-05,0.54693135,2.1349999999999997e-05,2.1349999999999997e-05,0.22509135,2.1349999999999997e-05,2.1349999999999997e-05,0.051061350000000005,0.31825135000000004,0.0563413499999999,0.15449135,0.5917613500000001,0.12515135,0.04955135,2.1349999999999997e-05,2.1349999999999997e-05,0.7692413499999999,2.1349999999999997e-05,2.1349999999999997e-05,2.1349999999999997e-05,2.1349999999999997e-05,0.00275135,0.00177135,0.02310135,2.1349999999999997e-05,0.18647134999999998,0.71323135,2.1349999999999997e-05,2.1349999999999997e-05,2.1349999999999997e-05,2.1349999999999997e-05,0.96937135,62.18207135,0.04992135,0.040701350000000004,2.1349999999999997e-05,0.95423135,2.1349999999999997e-05,0.02130135,2.99736135,2.1349999999999997e-05,2.1349999999999997e-05,0.08151135,2.1349999999999997e-05,0.08779135,0.0025113500000000003,2.1349999999999997e-05,1.49565135,0.0932913499999999,2.1349999999999997e-05,2.1349999999999997e-05,1.1815713499999998,0.15024135,2.1349999999999997e-05,2.1349999999999997e-05,0.17180135,0.07458135,2.1349999999999997e-05,2.1349999999999997e-05,2.1349999999999997e-05,0.016851349999999998,2.1349999999999997e-05,2.1349999999999997e-05,2.1349999999999997e-05,2.1349999999999997e-05,2.1349999999999997e-05,0.04661135,0.00493135,1.91224135,0.07011135,3.3108013499999998,0.07840135000000001,2.1349999999999997e-05,2.1349999999999997e-05,0.00764135,2.1349999999999997e-05,2.1349999999999997e-05,2.1349999999999997e-05,2.1349999999999997e-05,2.1349999999999997e-05,2.1349999999999997e-05,2.1349999999999997e-05,2.1349999999999997e-05,2.1349999999999997e-05,2.1349999999999997e-05,2.1349999999999997e-05,2.1349999999999997e-05,2.1349999999999997e-05,2.1349999999999997e-05,2.1349999999999997e-05,2.1349999999999997e-05,0.01309135,2.1349999999999997e-05,2.1349999999999997e-05,0.029101349999999998,2.1349999999999997e-05,2.1349999999999997e-05,0.00203135,2.1349999999999997e-05,0.009111349999999999,2.1349999999999997e-05,2.1349999999999997e-05,2.1349999999999997e-05,2.1349999999999997e-05,2.1349999999999997e-05,2.1349999999999997e-05,2.1349999999999997e-05,2.1349999999999997e-05,0.5776113500000001,2.1349999999999997e-05,0.06910135,0.00302135,2.1349999999999997e-05,2.1349999999999997e-05,2.1349999999999997e-05,2.1349999999999997e-05,2.1349999999999997e-05,2.1349999999999997e-05,2.1349999999999997e-05,2.1349999999999997e-05,2.1349999999999997e-05,2.1349999999999997e-05,2.1349999999999997e-05,2.1349999999999997e-05,0.00650135,2.1349999999999997e-05,0.00627135,2.1349999999999997e-05,2.1349999999999997e-05,2.1349999999999997e-05,2.1349999999999997e-05,2.1349999999999997e-05,2.1349999999999997e-05,2.1349999999999997e-05,2.1349999999999997e-05,2.1349999999999997e-05,2.1349999999999997e-05,0.00492135,2.1349999999999997e-05,2.1349999999999997e-05,2.1349999999999997e-05,2.1349999999999997e-05,2.1349999999999997e-05,0.06936135,2.1349999999999997e-05,2.1349999999999997e-05,0.01161135,2.1349999999999997e-05,2.1349999999999997e-05,2.1349999999999997e-05,2.1349999999999997e-05,2.1349999999999997e-05,2.1349999999999997e-05,2.1349999999999997e-05,2.1349999999999997e-05,2.1349999999999997e-05,2.1349999999999997e-05,2.1349999999999997e-05,2.1349999999999997e-05,2.1349999999999997e-05,2.1349999999999997e-05,2.1349999999999997e-05,2.1349999999999997e-05,2.1349999999999997e-05,2.1349999999999997e-05,2.1349999999999997e-05,2.1349999999999997e-05,2.1349999999999997e-05,2.1349999999999997e-05,2.1349999999999997e-05,2.1349999999999997e-05,2.1349999999999997e-05,2.1349999999999997e-05,2.1349999999999997e-05,2.1349999999999997e-05,2.1349999999999997e-05,2.1349999999999997e-05,2.1349999999999997e-05,0.21360135,2.1349999999999997e-05,2.1349999999999997e-05,2.1349999999999997e-05,2.1349999999999997e-05,2.1349999999999997e-05,10.692561349999979
37035_7#14,4.06e-05,0.8832406000000002,4.06e-05,0.0252305999999999,2.1303406000000003,4.06e-05,0.1157305999999999,6.7482206,4.06e-05,3.4729206,4.06e-05,0.0331506,0.8360506,4.06e-05,0.0015106,4.06e-05,0.1136306,0.27942059999999996,0.0276506,0.24261059999999998,0.2037906,4.06e-05,0.0638206,0.0915806,4.06e-05,0.28248059999999997,0.18705059999999998,0.1129805999999999,0.17159059999999998,4.06e-05,0.0057906,0.4261906,0.1166806,4.06e-05,0.0063505999999999,4.06e-05,0.0080906,0.3944805999999999,0.0510406,4.06e-05,0.015780600000000002,0.0159006,0.0285906,4.06e-05,0.0030605999999999997,4.06e-05,2.2525706000000003,44.746760599999995,0.2905006,0.2386606,4.06e-05,2.4057906000000004,0.0789806,0.15174059999999998,0.31750059999999997,4.06e-05,4.06e-05,0.0323806,4.06e-05,0.5419106,4.06e-05,4.06e-05,4.06e-05,0.0856606,0.1187805999999999,0.1815906,2.0619606000000004,0.0172806,4.06e-05,0.0047906,0.0406306,0.0312806,0.043150600000000004,4.06e-05,0.0099706,0.0747706,0.7354406,0.13773059999999998,0.0217806,0.0914206,0.1233106,0.3515906,4.06e-05,2.1163906000000003,0.0360606,0.0350206,0.1134906,4.06e-05,4.06e-05,0.0053606,4.06e-05,0.0090006,4.06e-05,4.06e-05,0.0289105999999999,0.9269706000000001,0.1236906,4.06e-05,4.06e-05,4.06e-05,4.06e-05,4.06e-05,0.0090206,0.013700599999999999,4.06e-05,4.06e-05,0.0605606,0.0190306,4.06e-05,4.06e-05,4.06e-05,0.15779059999999998,4.06e-05,4.06e-05,4.06e-05,4.06e-05,0.7479106,0.0073206,0.0379605999999999,0.0124006,0.0106906,0.0028605999999999,0.0006805999999999,1.0350705999999998,0.1205706,0.1200406,4.06e-05,0.0120005999999999,4.06e-05,0.0473806,4.06e-05,4.06e-05,4.06e-05,4.06e-05,4.06e-05,4.06e-05,4.06e-05,0.0226506,4.06e-05,0.36751059999999997,0.0847106,1.3470005999999999,0.5401706000000001,0.0241606,4.06e-05,0.1055006,0.0473405999999999,0.015700600000000002,0.0662806,4.06e-05,0.019360600000000002,4.06e-05,0.0154506,0.036330600000000005,4.06e-05,4.06e-05,0.0206906,4.06e-05,0.38583059999999997,0.029730600000000003,4.06e-05,0.0269906,0.1148706,0.0106906,0.0120206,4.06e-05,0.0437906,4.06e-05,0.0028105999999998997,4.06e-05,0.0114206,0.0142306,4.06e-05,4.06e-05,0.0027906,4.06e-05,4.06e-05,4.06e-05,0.0029706,4.06e-05,0.0067006,4.06e-05,4.06e-05,4.06e-05,4.06e-05,4.06e-05,4.06e-05,4.06e-05,4.06e-05,0.0047505999999999,4.06e-05,4.06e-05,4.06e-05,6.145110600000001,0.0160006,0.0012906,4.06e-05,4.06e-05,4.06e-05,12.358950600000002
37035_7#15,2.4149999999999997e-05,1.07232415,2.4149999999999997e-05,1.57983415,0.03244415,2.4149999999999997e-05,6.58978415,4.2434841500000005,0.01194415,1.09628415,0.06871415,1.76491415,0.0042641499999999995,2.4149999999999997e-05,2.4149999999999997e-05,1.11473415,2.3188341500000003,2.4149999999999997e-05,0.03551415,0.10506415,2.4149999999999997e-05,2.4149999999999997e-05,2.4149999999999997e-05,24.06281415,0.05472415,0.41786415,8.53012415,0.45892415,1.51210415,2.4149999999999997e-05,2.4149999999999997e-05,2.4149999999999997e-05,0.20534415,0.0042641499999999995,0.0062441499999999995,2.4149999999999997e-05,0.0063341499999999,2.4149999999999997e-05,0.1249141499999999,2.4149999999999997e-05,0.10460415,2.55796415,0.17096415,9.777584150000001,0.00700415,0.00056415,0.00159415,3.5764441500000004,2.4149999999999997e-05,0.47406414999999996,2.4149999999999997e-05,2.4149999999999997e-05,0.02380415,15.93820415,2.4149999999999997e-05,2.4149999999999997e-05,2.4149999999999997e-05,0.42351415,2.4149999999999997e-05,0.01021415,0.1219341499999999,0.02509415,2.4149999999999997e-05,2.4149999999999997e-05,0.1165641499999999,2.4149999999999997e-05,2.4149999999999997e-05,0.19867415000000002,0.57485415,2.4149999999999997e-05,0.01243415,0.06996415,2.4149999999999997e-05,0.07055415,2.4149999999999997e-05,0.09475415,0.27833415,2.4149999999999997e-05,0.08982415,2.4149999999999997e-05,2.4149999999999997e-05,2.4149999999999997e-05,2.4149999999999997e-05,2.4149999999999997e-05,0.24268415000000002,1.24699415,2.4149999999999997e-05,2.4149999999999997e-05,0.17737415,2.4149999999999997e-05,0.03569415,2.4149999999999997e-05,2.4149999999999997e-05,2.4149999999999997e-05,2.4149999999999997e-05,0.06966415,0.17727415000000002,2.4149999999999997e-05,2.4149999999999997e-05,0.18240415000000001,2.4149999999999997e-05,2.4149999999999997e-05,0.12055415,2.4149999999999997e-05,0.0013741499999999,2.4149999999999997e-05,2.4149999999999997e-05,0.30199414999999996,0.09024415,2.4149999999999997e-05,2.4149999999999997e-05,2.4149999999999997e-05,0.16390415000000003,2.4149999999999997e-05,0.04101415,2.4149999999999997e-05,2.4149999999999997e-05,2.4149999999999997e-05,2.4149999999999997e-05,2.4149999999999997e-05,2.4149999999999997e-05,2.4149999999999997e-05,0.18742415,2.4149999999999997e-05,2.4149999999999997e-05,2.4149999999999997e-05,2.4149999999999997e-05,2.4149999999999997e-05,0.02738415,2.4149999999999997e-05,2.4149999999999997e-05,2.4149999999999997e-05,2.4149999999999997e-05,2.4149999999999997e-05,2.4149999999999997e-05,2.4149999999999997e-05,2.4149999999999997e-05,2.4149999999999997e-05,0.07327415,2.4149999999999997e-05,2.4149999999999997e-05,2.4149999999999997e-05,2.4149999999999997e-05,2.4149999999999997e-05,2.4149999999999997e-05,2.4149999999999997e-05,2.4149999999999997e-05,2.4149999999999997e-05,2.4149999999999997e-05,2.4149999999999997e-05,2.4149999999999997e-05,2.4149999999999997e-05,2.4149999999999997e-05,2.4149999999999997e-05,0.00032415,0.03648415,2.4149999999999997e-05,2.4149999999999997e-05,2.4149999999999997e-05,2.4149999999999997e-05,0.00297415,2.4149999999999997e-05,2.4149999999999997e-05,2.4149999999999997e-05,2.4149999999999997e-05,2.4149999999999997e-05,2.4149999999999997e-05,2.4149999999999997e-05,2.4149999999999997e-05,2.4149999999999997e-05,2.4149999999999997e-05,2.4149999999999997e-05,2.4149999999999997e-05,2.4149999999999997e-05,2.4149999999999997e-05,2.4149999999999997e-05,2.4149999999999997e-05,2.4149999999999997e-05,2.4149999999999997e-05,2.4149999999999997e-05,2.4149999999999997e-05,2.4149999999999997e-05,2.4149999999999997e-05,2.4149999999999997e-05,2.4149999999999997e-05,2.4149999999999997e-05,2.4149999999999997e-05,2.4149999999999997e-05,2.4149999999999997e-05,2.4149999999999997e-05,2.4149999999999997e-05,2.4149999999999997e-05,2.4149999999999997e-05,2.4149999999999997e-05,2.4149999999999997e-05,2.4149999999999997e-05,2.4149999999999997e-05,2.4149999999999997e-05,2.4149999999999997e-05,6.676494150000043
37035_7#16,0.0671683,0.012868300000000001,0.0480183,0.1742983,0.3554883,0.0179882999999999,1.7166083,9.2800583,4.8299999999999995e-05,6.4524783,4.8299999999999995e-05,0.2090283,0.3730883,0.23551829999999999,0.0224083,0.0027183,0.3322583,0.0655483,0.2871783,0.1335382999999999,0.3939583,0.032938300000000004,0.9498983,0.18466829999999998,4.8299999999999995e-05,0.3739783,0.0418683,0.4297083,4.8299999999999995e-05,4.8299999999999995e-05,0.030938300000000002,0.25045829999999997,0.2517683,4.8299999999999995e-05,0.0988483,4.8299999999999995e-05,0.3139383,0.5414883,0.0025483,4.8299999999999995e-05,4.8299999999999995e-05,0.0086983,0.0007683,4.8299999999999995e-05,0.005518299999999999,4.8299999999999995e-05,0.4092783,1.0110683,4.8299999999999995e-05,4.8299999999999995e-05,4.8299999999999995e-05,0.0115083,0.0217883,0.2720883,4.8299999999999995e-05,4.8299999999999995e-05,0.1305883,0.0021283,4.8299999999999995e-05,1.5525783,0.0002383,4.8299999999999995e-05,4.8299999999999995e-05,0.9278782999999999,0.2500783,0.6013783,0.4938383,1.4618783,3.0926083,0.0792983,0.13520829999999998,0.0220882999999999,0.0073783,4.8299999999999995e-05,4.8299999999999995e-05,0.34891829999999996,1.3264983,5.5962883,0.1363683,0.0635983,0.8400283,2.6640383,0.3140283,0.5975183,0.0188183,4.8299999999999995e-05,0.12591829999999998,0.2664283,0.1605983,0.0924083,0.0520783,0.0546383,4.8299999999999995e-05,4.8299999999999995e-05,0.6719583,0.4722883,4.8299999999999995e-05,0.0029083,4.8299999999999995e-05,0.1032183,0.4246983,0.0274083,0.6329682999999999,0.0912383,0.0294182999999999,4.8299999999999995e-05,0.0540183,4.8299999999999995e-05,4.8299999999999995e-05,4.8299999999999995e-05,0.00022830000000000002,1.0327483,0.0019483,0.1058383,4.8299999999999995e-05,0.013928300000000001,4.8299999999999995e-05,0.0224383,0.0522283,9.8171883,0.0742483,0.0493483,4.8299999999999995e-05,4.8299999999999995e-05,0.1634783,4.8299999999999995e-05,0.0300283,4.8299999999999995e-05,0.0376583,0.0808783,0.0014883000000000001,4.8299999999999995e-05,0.0774083,4.8299999999999995e-05,0.0474883,4.8299999999999995e-05,4.8299999999999995e-05,0.8021783,4.8299999999999995e-05,0.0952283,0.0410482999999999,5.491878300000001,0.1591283,4.8299999999999995e-05,4.8299999999999995e-05,1.0339983000000001,0.0792283,3.3271983,0.0402383,4.8299999999999995e-05,4.8299999999999995e-05,0.0281883,0.0873283,0.0686783,4.8299999999999995e-05,0.0603082999999999,0.4856283,4.8299999999999995e-05,4.8299999999999995e-05,0.00019830000000000002,4.8299999999999995e-05,0.2849083,0.0552183,0.0616883,0.19635829999999999,4.8299999999999995e-05,0.1031183,4.8299999999999995e-05,0.0317883,4.8299999999999995e-05,0.18347829999999998,0.0185583,0.0749483,0.0887583,0.0262883,0.0114383,0.0969782999999999,4.8299999999999995e-05,4.8299999999999995e-05,0.0160183,0.16620829999999998,0.0083583,4.8299999999999995e-05,4.8299999999999995e-05,4.8299999999999995e-05,4.8299999999999995e-05,4.8299999999999995e-05,4.8299999999999995e-05,0.0420682999999999,0.0449783,0.0055283,4.8299999999999995e-05,0.2505583,4.8299999999999995e-05,0.19413829999999999,0.1755783,0.0791983,0.0084382999999999,0.0351083,24.978828299999986
37035_7#17,0.01235585,2.41650585,4.5849999999999996e-05,0.20325585,0.09233585,0.3204958499999999,3.2373858500000003,0.13953585,0.20561585,2.6773958500000004,4.5849999999999996e-05,1.52100585,0.07449585,4.5849999999999996e-05,4.5849999999999996e-05,4.5849999999999996e-05,3.2574358500000002,0.27252585,0.0618058499999999,1.08536585,0.024955849999999998,0.0010658500000000001,1.14918585,3.9583058500000003,0.57384585,0.51345585,0.50886585,4.5849999999999996e-05,0.6886558500000001,4.5849999999999996e-05,4.5849999999999996e-05,4.5849999999999996e-05,0.24616585,4.5849999999999996e-05,0.31971585,4.5849999999999996e-05,4.5849999999999996e-05,0.030325849999999998,0.00593585,4.5849999999999996e-05,4.5849999999999996e-05,0.07847585,0.24471585,4.5849999999999996e-05,0.01206585,0.21571585,0.11059585,4.59138585,4.5849999999999996e-05,4.5849999999999996e-05,0.09003585,0.08164585,0.00849585,5.6315858500000004,3.5731458500000004,4.5849999999999996e-05,1.91817585,0.00056585,0.0439658499999999,0.08216585,0.27532585,3.4670958499999998,4.5849999999999996e-05,0.020185849999999998,0.02705585,0.2248958499999999,0.33479585,0.60213585,0.2286958499999999,4.5849999999999996e-05,4.5849999999999996e-05,4.5849999999999996e-05,0.05622585,0.27832585,8.31714585,4.5849999999999996e-05,0.39455585,0.01562585,4.5849999999999996e-05,0.03630585,0.00263585,0.20812585,0.21968585,0.11403585,0.85256585,0.42352585,4.5849999999999996e-05,4.5849999999999996e-05,0.21281585,4.5849999999999996e-05,0.00740585,0.04093585,0.39637585,4.5849999999999996e-05,4.5849999999999996e-05,0.07701585,0.72457585,0.021295849999999998,0.01056585,0.31003585,0.02483585,0.03147585,0.49391585,0.01296585,4.5849999999999996e-05,4.5849999999999996e-05,0.00144585,0.5464158499999999,0.1208858499999999,4.5849999999999996e-05,4.5849999999999996e-05,0.04942585,0.12951585,0.0005758499999999999,0.04713585,0.00449585,0.16516585,0.71815585,0.00612585,0.0673658499999999,4.5849999999999996e-05,4.5849999999999996e-05,0.04942585,0.06823585,1.17964585,0.08685585,0.24861585,1.14208585,0.14214585,0.10219585,4.5849999999999996e-05,1.14051585,4.5849999999999996e-05,4.5849999999999996e-05,0.03413585,4.5849999999999996e-05,0.54125585,0.35257585,1.40360585,6.79014585,0.0009358499999998999,0.33655585,0.25235585,0.07231585,0.01945585,4.5849999999999996e-05,4.5849999999999996e-05,0.008805849999999999,4.5849999999999996e-05,0.00325585,4.5849999999999996e-05,0.02509585,0.43532585,4.5849999999999996e-05,0.02894585,4.5849999999999996e-05,4.5849999999999996e-05,0.31962585,0.03378585,4.5849999999999996e-05,4.5849999999999996e-05,0.014595849999999999,0.0167958499999999,0.0033758499999999997,0.11410585,4.5849999999999996e-05,4.5849999999999996e-05,0.11926584999999999,0.05014585,4.5849999999999996e-05,0.0061858500000000005,0.02024585,0.48820585,0.00878585,4.5849999999999996e-05,4.5849999999999996e-05,0.029215849999999998,4.5849999999999996e-05,0.13273585,0.93318585,0.01889585,4.5849999999999996e-05,4.5849999999999996e-05,4.5849999999999996e-05,4.5849999999999996e-05,4.5849999999999996e-05,4.5849999999999996e-05,4.5849999999999996e-05,4.5849999999999996e-05,0.40193585,0.49967585,4.5849999999999996e-05,4.5849999999999996e-05,4.5849999999999996e-05,4.5849999999999996e-05,4.5849999999999996e-05,0.02552585,4.5849999999999996e-05,4.5849999999999996e-05,21.695445849999988
37035_7#19,2.2049999999999994e-05,2.2049999999999994e-05,2.2049999999999994e-05,1.38923205,0.0167720499999999,0.029192049999999997,5.79232205,0.004072050000000001,2.2049999999999994e-05,0.68575205,0.0282720499999999,0.43327204999999996,0.026712049999999998,2.2049999999999994e-05,2.2049999999999994e-05,0.93664205,0.7799720499999999,2.2049999999999994e-05,0.01080205,1.45398205,0.05497205,2.2049999999999994e-05,0.11631204999999989,2.43159205,12.338922049999999,0.0240120499999999,0.0007320499999999999,2.2049999999999994e-05,0.42588204999999996,2.2049999999999994e-05,2.2049999999999994e-05,2.2049999999999994e-05,0.13814205000000002,2.2049999999999994e-05,0.03681205,2.2049999999999994e-05,2.2049999999999994e-05,2.2049999999999994e-05,2.2049999999999994e-05,2.2049999999999994e-05,2.2049999999999994e-05,0.00048205,2.2049999999999994e-05,0.20262205,0.0130120499999999,0.006762049999999901,2.2049999999999994e-05,0.00943205,0.01427205,2.2049999999999994e-05,0.7454720499999999,2.2049999999999994e-05,2.2049999999999994e-05,1.8361820500000001,1.17233205,2.2049999999999994e-05,0.020322049999999998,2.2049999999999994e-05,0.38690205,2.2049999999999994e-05,0.31082204999999996,3.23081205,2.2049999999999994e-05,2.2049999999999994e-05,2.2049999999999994e-05,2.2049999999999994e-05,2.2049999999999994e-05,0.17247205000000002,2.2049999999999994e-05,2.2049999999999994e-05,2.2049999999999994e-05,2.2049999999999994e-05,2.2049999999999994e-05,2.2049999999999994e-05,2.2049999999999994e-05,2.2049999999999994e-05,2.2049999999999994e-05,2.2049999999999994e-05,2.2049999999999994e-05,2.2049999999999994e-05,2.2049999999999994e-05,2.2049999999999994e-05,0.08230205,2.2049999999999994e-05,0.06317205,2.2049999999999994e-05,2.2049999999999994e-05,2.2049999999999994e-05,0.016232049999999998,2.2049999999999994e-05,2.2049999999999994e-05,2.2049999999999994e-05,0.00432205,2.2049999999999994e-05,2.2049999999999994e-05,0.41151204999999996,1.32326205,2.2049999999999994e-05,0.0058820499999999,0.0032320499999999998,2.2049999999999994e-05,0.01233205,0.0105320499999999,2.2049999999999994e-05,0.00649205,2.2049999999999994e-05,2.2049999999999994e-05,0.032412050000000005,0.02956205,2.2049999999999994e-05,2.2049999999999994e-05,2.2049999999999994e-05,0.00132205,2.2049999999999994e-05,0.037802050000000004,2.2049999999999994e-05,2.2049999999999994e-05,2.2049999999999994e-05,2.2049999999999994e-05,2.2049999999999994e-05,2.2049999999999994e-05,2.2049999999999994e-05,2.2049999999999994e-05,2.2049999999999994e-05,2.2049999999999994e-05,0.02115205,2.2049999999999994e-05,0.15054205,2.2049999999999994e-05,2.2049999999999994e-05,2.2049999999999994e-05,0.07606204999999999,2.2049999999999994e-05,2.2049999999999994e-05,2.2049999999999994e-05,2.2049999999999994e-05,2.2049999999999994e-05,2.2049999999999994e-05,2.2049999999999994e-05,0.05161205,2.2049999999999994e-05,2.2049999999999994e-05,2.2049999999999994e-05,2.2049999999999994e-05,2.2049999999999994e-05,2.2049999999999994e-05,2.2049999999999994e-05,2.2049999999999994e-05,2.2049999999999994e-05,2.2049999999999994e-05,2.2049999999999994e-05,2.2049999999999994e-05,2.2049999999999994e-05,2.2049999999999994e-05,2.2049999999999994e-05,2.2049999999999994e-05,2.2049999999999994e-05,0.90524205,2.2049999999999994e-05,0.02429205,2.2049999999999994e-05,2.2049999999999994e-05,2.2049999999999994e-05,2.2049999999999994e-05,2.2049999999999994e-05,0.0029920499999999,2.2049999999999994e-05,2.2049999999999994e-05,2.2049999999999994e-05,2.2049999999999994e-05,2.2049999999999994e-05,2.2049999999999994e-05,2.2049999999999994e-05,2.2049999999999994e-05,2.2049999999999994e-05,2.2049999999999994e-05,2.2049999999999994e-05,2.2049999999999994e-05,2.2049999999999994e-05,0.44511205,2.2049999999999994e-05,2.2049999999999994e-05,2.2049999999999994e-05,2.2049999999999994e-05,2.2049999999999994e-05,2.2049999999999994e-05,2.2049999999999994e-05,2.2049999999999994e-05,2.2049999999999994e-05,0.17798205,2.2049999999999994e-05,0.01158205,2.2049999999999994e-05,2.2049999999999994e-05,2.2049999999999994e-05,2.2049999999999994e-05,0.00174205,2.2049999999999994e-05,2.2049999999999994e-05,60.81202205
37035_7#1,3.5e-05,1.479015,3.5e-05,0.442505,0.065905,3.5e-05,2.007015,0.173395,3.5e-05,3.125035,0.010005,1.863445,0.108545,3.5e-05,3.5e-05,3.5e-05,1.607015,0.079335,0.113665,0.505965,3.5e-05,3.5e-05,0.484745,1.416585,3.5e-05,0.266675,9.506295,3.5e-05,0.253835,3.5e-05,3.5e-05,3.5e-05,0.002285,3.5e-05,0.193055,3.5e-05,3.5e-05,3.5e-05,3.5e-05,3.5e-05,3.5e-05,0.026885,0.293055,3.5e-05,3.5e-05,0.005665,0.035025,2.094845,3.5e-05,3.5e-05,1.474215,0.0206249999999999,3.5e-05,3.638265,3.947095000000001,3.5e-05,0.150205,0.027445,0.027385,0.040615,0.28524499999999997,0.31699499999999997,0.2270249999999999,3.5e-05,0.0213849999999999,0.157985,0.113885,0.562085,0.397425,3.5e-05,3.5e-05,3.5e-05,3.5e-05,0.125365,3.5e-05,0.000995,0.06618500000000001,3.5e-05,3.5e-05,3.5e-05,3.5e-05,0.036655,0.887935,0.023925,0.079985,1.292415,3.5e-05,3.5e-05,0.047445,3.5e-05,3.5e-05,0.003775,0.982355,3.5e-05,3.5e-05,3.5e-05,11.509464999999999,0.002575,2.857225,0.15578499999999998,3.5e-05,0.0206349999999999,0.21058499999999988,0.008085,0.019535,0.101885,3.5e-05,2.014425,0.11460500000000001,3.5e-05,3.5e-05,3.5e-05,3.5e-05,3.5e-05,3.5e-05,3.5e-05,3.5e-05,0.168765,3.5e-05,0.013595,3.5e-05,0.09323500000000001,0.180285,0.021115,0.040725,0.019035,0.24706499999999998,0.659915,0.144485,3.5e-05,0.009375,0.1032949999999999,3.5e-05,3.5e-05,0.0034449999999999,3.5e-05,7.318554999999999,3.5e-05,0.019915,9.036555,3.5e-05,0.0563549999999999,0.0462049999999999,0.0011149999999999999,3.5e-05,3.5e-05,0.014235,3.5e-05,3.5e-05,3.5e-05,3.5e-05,3.5e-05,0.069635,3.5e-05,3.5e-05,3.5e-05,3.5e-05,3.5e-05,0.034015,0.33747499999999997,0.604205,3.5e-05,3.5e-05,3.5e-05,3.5e-05,0.9623349999999999,3.5e-05,0.005974999999999999,3.5e-05,0.030765,3.5e-05,0.011375,0.422695,0.035865,3.5e-05,3.5e-05,3.5e-05,3.5e-05,0.10126500000000001,0.114995,3.5e-05,3.5e-05,3.5e-05,3.5e-05,3.5e-05,3.5e-05,3.5e-05,3.5e-05,3.5e-05,3.5e-05,0.10461500000000001,0.238505,3.5e-05,0.264525,3.5e-05,0.013175,3.5e-05,3.5e-05,3.5e-05,20.318295
37035_7#20,3.955e-05,0.00339955,3.955e-05,0.038619549999999996,1.63102955,3.955e-05,0.39828955,5.64918955,0.04504955,2.90755955,0.00055955,0.02881955,3.02080955,3.955e-05,0.00578955,0.025619549999999998,0.20782955,0.04957955,0.015839549999999997,1.05391955,0.14106955000000002,3.955e-05,0.00441955,0.81679955,0.031529549999999996,0.13305955000000003,1.4499795500000001,0.06521955,0.00216955,3.955e-05,0.01027955,0.11087955,0.27742954999999997,3.955e-05,3.955e-05,3.955e-05,0.02632955,0.06483955,0.57495955,3.955e-05,0.048229549999999996,0.21661955000000002,3.955e-05,0.00326955,3.955e-05,3.955e-05,0.97902955,36.60291955,1.01179955,0.16290955000000001,3.955e-05,2.30534955,0.75930955,0.1667495499999999,0.13894955,3.955e-05,3.955e-05,0.035899549999999995,3.955e-05,0.18307955,0.04247955,0.00894955,4.383079550000001,0.14901955,0.02423955,0.6053895499999999,2.73031955,3.955e-05,0.5057395499999999,3.955e-05,0.1169695499999999,0.022999549999999997,0.02355955,0.11725955,0.05718955,0.13990955000000002,0.0202895499999999,0.07159955,3.955e-05,0.047819549999999995,0.053349549999999996,0.20682955,0.02095955,2.49713955,0.22095955,3.955e-05,0.02352955,0.038279549999999996,3.955e-05,0.011319550000000001,3.955e-05,3.955e-05,3.955e-05,0.00431955,0.0371895499999999,3.955e-05,0.00036955,3.955e-05,0.04177955,3.955e-05,3.955e-05,3.955e-05,0.00050955,3.955e-05,3.955e-05,0.01002955,0.0756995499999999,3.955e-05,3.955e-05,0.004369550000000001,0.00819955,0.033339549999999996,3.955e-05,3.955e-05,0.00397955,3.955e-05,0.34208954999999996,3.955e-05,0.00187955,0.031869549999999996,3.955e-05,3.955e-05,3.955e-05,0.24265955,0.13527954999999992,0.023569549999999998,0.00097955,0.01341955,3.955e-05,0.01546955,3.955e-05,3.955e-05,3.955e-05,3.955e-05,3.955e-05,3.955e-05,3.955e-05,0.00514955,0.13674954999999991,0.23761955,3.955e-05,0.055459549999999996,0.06017955,3.955e-05,3.955e-05,3.955e-05,0.01767955,3.955e-05,0.019659549999999998,0.01000955,0.02176955,3.955e-05,0.22203955,0.01109955,0.01061955,3.955e-05,3.955e-05,0.00150955,0.42912954999999997,3.955e-05,0.01045955,0.2311895499999999,3.955e-05,3.955e-05,0.01273955,0.00444955,3.955e-05,0.05143955,3.955e-05,3.955e-05,3.955e-05,3.955e-05,3.955e-05,3.955e-05,0.021699549999999998,3.955e-05,3.955e-05,0.00077955,3.955e-05,3.955e-05,3.955e-05,3.955e-05,3.955e-05,3.955e-05,3.955e-05,0.00376955,3.955e-05,3.955e-05,3.955e-05,3.955e-05,3.955e-05,0.01105955,3.955e-05,0.14231955000000002,3.955e-05,3.955e-05,3.955e-05,3.955e-05,3.955e-05,23.696819550000043
37035_7#21,3.289999999999999e-05,0.0100629,3.289999999999999e-05,0.0110929,0.0266828999999999,3.289999999999999e-05,4.8836629,0.0054229,0.0382429,3.4072029,0.0151729,0.9704729,3.289999999999999e-05,3.289999999999999e-05,3.289999999999999e-05,0.3288629,0.48972289999999996,0.0350629,3.289999999999999e-05,0.35063289999999997,0.0397229,3.289999999999999e-05,0.0751329,0.3515329,1.1581129000000001,0.1553829,0.0628229,0.016682899999999997,0.1546428999999999,3.289999999999999e-05,0.0553729,3.289999999999999e-05,0.0003729,3.289999999999999e-05,0.14790289999999998,3.289999999999999e-05,3.289999999999999e-05,3.289999999999999e-05,3.289999999999999e-05,3.289999999999999e-05,3.289999999999999e-05,3.289999999999999e-05,0.0007329,0.0112929,0.0010429,3.289999999999999e-05,3.289999999999999e-05,0.0775729,0.0069529,3.289999999999999e-05,0.028272899999999997,3.289999999999999e-05,0.15778289999999998,3.4225729,0.2612529,0.0072829,0.0037029,3.289999999999999e-05,0.0360329,3.289999999999999e-05,0.020182899999999997,0.9633629,3.289999999999999e-05,3.289999999999999e-05,3.289999999999999e-05,0.0029229,3.289999999999999e-05,0.1399829,0.0034729,3.289999999999999e-05,3.289999999999999e-05,3.289999999999999e-05,0.0050529,3.289999999999999e-05,0.0055429,0.0058829,0.0481229,3.289999999999999e-05,3.289999999999999e-05,0.0062729,3.289999999999999e-05,0.0586229,0.5439629,3.289999999999999e-05,3.289999999999999e-05,3.289999999999999e-05,3.289999999999999e-05,3.289999999999999e-05,0.029532899999999997,3.289999999999999e-05,3.289999999999999e-05,0.0005629,0.0769829,3.289999999999999e-05,3.289999999999999e-05,0.0808729,0.5210729000000001,3.289999999999999e-05,0.0070829,0.1144129,3.289999999999999e-05,0.0859829,0.15726289999999998,0.0028328999999999,3.289999999999999e-05,0.0393429,0.0003929,0.5158229,0.1030129,3.289999999999999e-05,3.289999999999999e-05,3.289999999999999e-05,0.0031528999999999,3.289999999999999e-05,0.2857529,3.289999999999999e-05,0.0083629,0.1121629,3.289999999999999e-05,0.0287028999999999,3.289999999999999e-05,0.0529829,3.289999999999999e-05,3.289999999999999e-05,3.289999999999999e-05,3.289999999999999e-05,3.289999999999999e-05,0.1134429,0.09681290000000001,0.19497289999999998,0.0010029,0.058462900000000005,3.289999999999999e-05,3.289999999999999e-05,0.0013129,3.289999999999999e-05,3.289999999999999e-05,3.289999999999999e-05,0.17560289999999998,1.4892929,0.0053129,3.289999999999999e-05,0.0013828999999999,3.289999999999999e-05,3.289999999999999e-05,3.289999999999999e-05,0.0116529,0.0098228999999999,3.289999999999999e-05,3.289999999999999e-05,3.289999999999999e-05,3.289999999999999e-05,0.7184629,3.289999999999999e-05,3.289999999999999e-05,3.289999999999999e-05,3.289999999999999e-05,3.289999999999999e-05,3.289999999999999e-05,1.0829129000000002,3.289999999999999e-05,3.289999999999999e-05,3.289999999999999e-05,3.289999999999999e-05,3.289999999999999e-05,0.0805129,3.289999999999999e-05,3.289999999999999e-05,0.0505528999999999,0.053182900000000005,3.289999999999999e-05,3.289999999999999e-05,0.0657028999999999,0.0005829,3.289999999999999e-05,3.289999999999999e-05,3.289999999999999e-05,3.289999999999999e-05,0.0289729,0.13800289999999998,0.0212328999999999,3.289999999999999e-05,3.289999999999999e-05,3.289999999999999e-05,3.289999999999999e-05,3.289999999999999e-05,3.289999999999999e-05,3.289999999999999e-05,3.289999999999999e-05,3.289999999999999e-05,0.0125829,0.1100329,3.289999999999999e-05,0.0086229,3.289999999999999e-05,3.289999999999999e-05,3.289999999999999e-05,3.289999999999999e-05,3.289999999999999e-05,74.63193290000001
37035_7#22,3.3249999999999995e-05,0.01606325,3.3249999999999995e-05,0.05625325,0.14202325,3.3249999999999995e-05,0.69106325,0.00390325,0.03941325,1.02599325,0.00175325,0.12911324999999998,0.02418325,3.3249999999999995e-05,0.04352325,0.07456325,0.16883325,0.0056732499999999995,3.3249999999999995e-05,0.09867325,0.11967325,3.3249999999999995e-05,0.33872325000000003,1.49247325,3.3249999999999995e-05,0.00800325,0.79133325,3.3249999999999995e-05,0.047633249999999995,3.3249999999999995e-05,3.3249999999999995e-05,3.3249999999999995e-05,0.0017932500000000001,3.3249999999999995e-05,0.09566324999999999,3.3249999999999995e-05,0.015333249999999899,0.00010324999999999999,0.00275325,3.3249999999999995e-05,3.3249999999999995e-05,3.3249999999999995e-05,0.22575325,3.3249999999999995e-05,3.3249999999999995e-05,0.0015132499999999998,3.3249999999999995e-05,0.043033249999999995,3.3249999999999995e-05,3.3249999999999995e-05,3.3249999999999995e-05,3.3249999999999995e-05,3.3249999999999995e-05,0.7919332499999999,0.030843250000000003,0.03079325,0.07589325,3.3249999999999995e-05,0.0604932499999999,3.3249999999999995e-05,0.0025132500000000003,0.02303325,3.3249999999999995e-05,3.3249999999999995e-05,3.3249999999999995e-05,0.15385325,3.3249999999999995e-05,0.50838325,0.04604325,3.3249999999999995e-05,3.3249999999999995e-05,3.3249999999999995e-05,0.01822325,0.028193250000000003,0.029563250000000003,0.0011232500000000001,0.00314325,0.03309325,3.3249999999999995e-05,0.03504325,3.3249999999999995e-05,0.02203325,0.27805325000000003,0.0062032499999999996,0.21129325,0.00573325,3.3249999999999995e-05,0.019603250000000003,0.08707325,3.3249999999999995e-05,0.004803249999999999,3.3249999999999995e-05,3.3249999999999995e-05,3.3249999999999995e-05,3.3249999999999995e-05,0.011303249999999999,3.3249999999999995e-05,3.3249999999999995e-05,0.027363250000000002,0.14465325,3.3249999999999995e-05,3.3249999999999995e-05,0.15773325,0.0023432500000000003,3.3249999999999995e-05,3.3249999999999995e-05,3.3249999999999995e-05,0.03248325,3.3249999999999995e-05,3.3249999999999995e-05,3.3249999999999995e-05,3.3249999999999995e-05,3.3249999999999995e-05,3.3249999999999995e-05,3.3249999999999995e-05,3.3249999999999995e-05,3.3249999999999995e-05,0.01517325,3.3249999999999995e-05,0.10651325,3.3249999999999995e-05,0.00230325,0.46873324999999993,3.3249999999999995e-05,3.3249999999999995e-05,3.3249999999999995e-05,0.02202325,3.3249999999999995e-05,0.00705325,0.08683325,0.00142325,3.3249999999999995e-05,3.3249999999999995e-05,0.0028532499999999,0.0520032499999999,3.3249999999999995e-05,3.3249999999999995e-05,3.3249999999999995e-05,3.3249999999999995e-05,0.20034325,3.3249999999999995e-05,0.09195325,0.0018632499999999999,3.3249999999999995e-05,0.00492325,3.3249999999999995e-05,3.3249999999999995e-05,0.018163250000000002,3.3249999999999995e-05,0.052543249999999896,3.3249999999999995e-05,3.3249999999999995e-05,0.00194325,3.3249999999999995e-05,0.01598325,3.3249999999999995e-05,3.3249999999999995e-05,0.00651325,3.3249999999999995e-05,0.25902325000000004,3.3249999999999995e-05,0.01341325,3.3249999999999995e-05,3.3249999999999995e-05,0.0021532499999999,3.3249999999999995e-05,3.3249999999999995e-05,3.3249999999999995e-05,0.00720325,3.3249999999999995e-05,0.005493249999999899,3.3249999999999995e-05,0.11402324999999999,0.023183249999999902,3.3249999999999995e-05,3.3249999999999995e-05,0.016873249999999902,3.3249999999999995e-05,3.3249999999999995e-05,0.25282325,0.00596325,3.3249999999999995e-05,3.3249999999999995e-05,3.3249999999999995e-05,3.3249999999999995e-05,3.3249999999999995e-05,3.3249999999999995e-05,3.3249999999999995e-05,3.3249999999999995e-05,0.54291325,0.11014325,3.3249999999999995e-05,3.3249999999999995e-05,3.3249999999999995e-05,0.0016732499999999998,0.00223325,0.0020232500000000003,3.3249999999999995e-05,3.3249999999999995e-05,88.89057325
37035_7#23,4.62e-05,0.45798619999999995,4.62e-05,0.4514661999999999,1.1502562,0.1411762,2.4702162,3.5627861999999997,0.1379062,9.2789362,0.3861262,0.1461962,0.4320862,4.62e-05,0.0449262,0.3711462,0.41936619999999997,0.8656762,0.07420619999999989,0.28608619999999996,1.5962962000000003,4.62e-05,0.9026662,0.16339620000000002,0.13852620000000002,1.4749962,0.3224062,0.08325619999999989,0.24590620000000002,4.62e-05,0.0310462,4.62e-05,4.5120362,4.62e-05,0.0231562,4.62e-05,0.1744562,0.4675762,0.7972262,4.62e-05,4.62e-05,4.62e-05,4.62e-05,4.62e-05,0.0130962,4.62e-05,0.2381462,15.3382562,4.62e-05,0.039026200000000004,0.0409262,0.4408161999999999,1.2101362,0.8978962,7.3871962,4.62e-05,0.0205162,0.10835619999999989,4.62e-05,0.9908562,0.2097762,0.6847062,0.5499262,0.07361619999999999,0.43741619999999987,4.62e-05,0.2704162,0.5732862,4.62e-05,0.0303562,0.1325562,0.0423262,4.62e-05,0.0567061999999999,4.62e-05,0.1962762,0.5458762,1.0429962000000002,0.1758362,4.62e-05,0.2015762,1.6928762000000002,0.1668462,4.62e-05,0.2565762,4.62e-05,0.0112762,4.62e-05,0.0204162,4.62e-05,0.0150961999999999,0.7983661999999999,0.1960762,0.0072361999999999,0.0614262,0.1345462,0.6615962,0.0142162,0.0193162,0.020356199999999998,0.26100619999999997,0.0164962,4.62e-05,0.0428062,4.62e-05,4.62e-05,0.0236262,0.1148162,4.62e-05,4.62e-05,4.62e-05,0.2529662,0.0173562,0.12911620000000001,0.012906200000000001,4.62e-05,0.18834620000000002,0.0289862,0.0088762,0.1355262,0.0075662,4.62e-05,4.62e-05,4.62e-05,1.1267662,4.62e-05,4.62e-05,4.62e-05,0.011116200000000001,0.1157462,0.4798461999999999,0.0041662,0.0125462,4.62e-05,4.62e-05,4.62e-05,1.3209062,0.0049762,4.62e-05,4.62e-05,0.9929662,3.5029162,0.8039461999999999,1.1825062000000002,4.62e-05,0.0502962,0.10620619999999989,0.9261162,4.62e-05,0.1813362,0.0123862,0.0512962,0.0532762,0.0370162,0.2482862,0.0306462,4.62e-05,4.62e-05,0.0311062,0.2608662,4.62e-05,0.1896562,0.06280619999999999,0.0478162,0.1030662,4.62e-05,0.0241762,4.62e-05,0.1013362,0.0031962,0.2214461999999999,0.018646199999999998,0.0076962,4.62e-05,4.62e-05,4.62e-05,0.0355962,4.62e-05,4.62e-05,4.62e-05,0.0127562,4.62e-05,4.62e-05,4.62e-05,4.62e-05,4.62e-05,4.62e-05,4.62e-05,0.0224162,4.62e-05,0.0034362,0.0087962,0.13655620000000002,4.62e-05,0.0311161999999999,0.1921562,0.0144562,4.62e-05,4.62e-05,18.337506199999993
37035_7#24,1.8899999999999992e-05,20.580038899999998,1.8899999999999992e-05,0.057448900000000004,0.0085989,1.8899999999999992e-05,7.2446789,0.5308689,0.31897889999999995,0.9676789,1.0564489,2.5322589,3.0129189000000003,1.8899999999999992e-05,1.8899999999999992e-05,1.2914588999999999,0.7620489,1.8899999999999992e-05,0.0101588999999999,0.0049188999999999995,1.8899999999999992e-05,1.8899999999999992e-05,1.0094489,16.3448189,1.8899999999999992e-05,0.0939289,0.2551789,0.1625489,0.0275388999999999,1.8899999999999992e-05,1.8899999999999992e-05,1.8899999999999992e-05,0.0745289,0.0238189,0.018238900000000002,1.8899999999999992e-05,1.8899999999999992e-05,1.8899999999999992e-05,1.8899999999999992e-05,1.8899999999999992e-05,0.2418389,0.0262989,0.0399889,0.0415689,1.8899999999999992e-05,1.8899999999999992e-05,0.0507888999999999,1.0597389,1.8899999999999992e-05,0.7381089000000001,1.8899999999999992e-05,0.35777889999999996,1.8899999999999992e-05,0.44547889999999996,0.40006889999999995,1.8899999999999992e-05,1.8899999999999992e-05,0.1631289,1.8899999999999992e-05,1.8899999999999992e-05,1.8899999999999992e-05,1.8899999999999992e-05,1.8899999999999992e-05,1.8899999999999992e-05,1.8899999999999992e-05,1.8899999999999992e-05,0.8705689000000001,0.7556589,1.8899999999999992e-05,1.8899999999999992e-05,0.0016688999999999999,1.8899999999999992e-05,1.8899999999999992e-05,0.4492989,1.8899999999999992e-05,1.8899999999999992e-05,1.8899999999999992e-05,1.8899999999999992e-05,0.0601789,1.8899999999999992e-05,1.8899999999999992e-05,1.8899999999999992e-05,1.8899999999999992e-05,1.8899999999999992e-05,0.0086289,0.0689289,1.8899999999999992e-05,1.8899999999999992e-05,0.1253489,1.8899999999999992e-05,1.8899999999999992e-05,1.8899999999999992e-05,29.9024089,1.8899999999999992e-05,1.8899999999999992e-05,1.8899999999999992e-05,1.8899999999999992e-05,1.8899999999999992e-05,1.8899999999999992e-05,0.40119889999999997,1.8899999999999992e-05,0.0792489,1.8899999999999992e-05,1.8899999999999992e-05,1.8899999999999992e-05,0.1319089,1.8899999999999992e-05,1.8899999999999992e-05,1.8899999999999992e-05,1.8899999999999992e-05,1.8899999999999992e-05,0.0048489,0.1587189,1.8899999999999992e-05,1.8899999999999992e-05,1.8899999999999992e-05,1.8899999999999992e-05,1.8899999999999992e-05,1.8899999999999992e-05,0.0084289,1.8899999999999992e-05,1.8899999999999992e-05,0.016368900000000002,1.8899999999999992e-05,1.8899999999999992e-05,1.8899999999999992e-05,1.8899999999999992e-05,1.8899999999999992e-05,1.8899999999999992e-05,1.8899999999999992e-05,1.8899999999999992e-05,1.8899999999999992e-05,1.8899999999999992e-05,0.27517889999999995,1.8899999999999992e-05,1.8899999999999992e-05,1.8899999999999992e-05,0.0857989,1.8899999999999992e-05,1.8899999999999992e-05,1.8899999999999992e-05,1.8899999999999992e-05,1.8899999999999992e-05,1.8899999999999992e-05,1.8899999999999992e-05,1.8899999999999992e-05,1.8899999999999992e-05,1.8899999999999992e-05,1.8899999999999992e-05,1.8899999999999992e-05,1.8899999999999992e-05,1.8899999999999992e-05,1.8899999999999992e-05,1.8899999999999992e-05,1.8899999999999992e-05,1.8899999999999992e-05,1.8899999999999992e-05,1.8899999999999992e-05,1.8899999999999992e-05,1.8899999999999992e-05,1.8899999999999992e-05,1.8899999999999992e-05,1.8899999999999992e-05,1.8899999999999992e-05,1.8899999999999992e-05,1.8899999999999992e-05,1.8899999999999992e-05,1.8899999999999992e-05,1.8899999999999992e-05,1.8899999999999992e-05,1.8899999999999992e-05,1.8899999999999992e-05,1.8899999999999992e-05,1.8899999999999992e-05,1.8899999999999992e-05,1.8899999999999992e-05,1.8899999999999992e-05,1.8899999999999992e-05,1.8899999999999992e-05,1.8899999999999992e-05,1.8899999999999992e-05,1.8899999999999992e-05,1.8899999999999992e-05,1.8899999999999992e-05,1.8899999999999992e-05,1.8899999999999992e-05,1.8899999999999992e-05,1.8899999999999992e-05,1.8899999999999992e-05,0.030138899999999903,1.8899999999999992e-05,1.8899999999999992e-05,1.8899999999999992e-05,1.8899999999999992e-05,1.8899999999999992e-05,1.8899999999999992e-05,1.8899999999999992e-05,1.8899999999999992e-05,1.8899999999999992e-05,6.609368899999988
37035_7#25,0.51244115,0.0143311499999999,0.19617115,0.6509311499999999,0.11065115,0.11358114999999999,1.65631115,39.54447115,3.115e-05,3.53147115,0.04193115,0.43251115,0.6137511499999999,0.40592115,3.115e-05,0.83422115,1.4684811500000001,0.0382011499999999,0.01389115,0.7266311499999999,0.04184115,0.03369115,0.5158811499999999,2.5570211499999997,1.05387115,0.17702115,0.24601114999999998,0.0248711499999999,0.13754115,0.00261115,0.02802115,0.03319115,0.04002115,0.28820115,0.10641115000000001,3.115e-05,1.10140115,0.00031115,3.115e-05,3.115e-05,0.02146115,0.25091115,0.13913114999999998,3.115e-05,3.115e-05,0.05882115,3.115e-05,1.6520511500000001,0.58368115,3.115e-05,0.23333115,0.00134115,0.02184115,5.03938115,6.21474115,3.115e-05,3.115e-05,3.115e-05,0.10536114999999999,0.0726911499999999,0.04093115,0.02723115,3.115e-05,3.115e-05,0.00353115,3.115e-05,3.115e-05,2.53759115,3.115e-05,3.115e-05,3.115e-05,3.115e-05,3.115e-05,3.115e-05,3.115e-05,3.115e-05,3.115e-05,0.36561115,3.115e-05,3.115e-05,3.115e-05,0.07681115,0.08076115,3.115e-05,3.115e-05,0.25075115000000003,0.06197115,3.115e-05,0.01872115,3.115e-05,3.115e-05,3.115e-05,0.02773115,3.115e-05,0.06826114999999999,0.40452115,3.115e-05,3.115e-05,0.1831711499999999,0.0254711499999999,0.00255115,0.04923115,0.21866115,0.26086115000000004,3.115e-05,0.15344115,0.04997115,3.115e-05,3.115e-05,3.115e-05,3.115e-05,0.12561115,0.02012115,0.0150211499999999,0.01244115,3.115e-05,0.42601115,3.115e-05,3.115e-05,0.22079115,3.115e-05,0.36415115000000003,0.0219811499999999,3.115e-05,3.115e-05,3.115e-05,3.115e-05,3.115e-05,0.39392115,3.115e-05,3.115e-05,3.115e-05,3.115e-05,3.115e-05,3.115e-05,3.115e-05,0.26900115,3.115e-05,3.115e-05,3.115e-05,3.115e-05,0.7622611499999999,3.115e-05,3.115e-05,3.115e-05,3.115e-05,3.115e-05,3.115e-05,3.115e-05,3.115e-05,3.115e-05,3.115e-05,0.00376115,0.03364115,3.115e-05,3.115e-05,3.115e-05,3.115e-05,3.115e-05,3.115e-05,3.115e-05,0.06147115,3.115e-05,3.115e-05,3.115e-05,3.115e-05,3.115e-05,0.15741115,3.115e-05,3.115e-05,3.115e-05,3.115e-05,3.115e-05,0.00594115,3.115e-05,3.115e-05,3.115e-05,3.115e-05,3.115e-05,3.115e-05,3.115e-05,3.115e-05,3.115e-05,3.115e-05,3.115e-05,3.115e-05,0.0350511499999999,3.115e-05,3.115e-05,0.02032115,3.115e-05,3.115e-05,3.115e-05,3.115e-05,3.115e-05,3.115e-05,0.00424115,3.115e-05,3.115e-05,20.44704115000001
37035_7#2,4.865e-05,0.11596864999999999,4.865e-05,0.16336865,0.83621865,4.865e-05,0.12811865,6.1668686500000005,0.04888865,6.9380786500000005,0.01478865,0.10210865,4.54320865,4.865e-05,4.865e-05,4.865e-05,0.56275865,0.04501864999999999,0.02110865,0.12850865,0.041148649999999995,4.865e-05,0.32190865,0.95317865,4.865e-05,1.3697386500000002,0.19654865,0.01581865,0.08204865,4.865e-05,0.10885864999999989,0.37128865,0.94496865,4.865e-05,0.03596865,4.865e-05,0.01462865,0.02802865,0.05103865,4.865e-05,0.20103864999999999,0.63694865,4.865e-05,4.865e-05,0.0021686499999999,4.865e-05,1.6295686500000002,23.41253865,0.08032865,0.36057865,4.865e-05,4.129548649999999,0.11382865,0.46803865,0.5307986499999999,4.865e-05,0.02830865,0.08196864999999999,4.865e-05,0.43450865000000005,0.012518650000000001,0.0176486499999999,5.84942865,0.02458865,0.58188865,0.50418865,2.6174186500000003,0.03388865,0.01904865,0.26082865000000005,0.20977864999999998,0.04491865,0.08006864999999999,0.01602865,4.865e-05,0.5455786499999999,0.05003865,0.0150486499999999,0.04813865,0.01545865,0.29308865,0.73299865,4.865e-05,1.45157865,0.02830865,0.15178865,0.44909864999999993,4.865e-05,0.02426865,0.01845865,0.00280865,0.02328865,0.01826865,0.02181865,0.02291865,1.0399786500000001,0.1948386499999999,4.865e-05,0.12777865,0.08496864999999999,0.046398649999999896,0.02729865,0.02092865,0.01138865,4.865e-05,0.056398649999999995,0.09603865,0.02333865,4.865e-05,4.865e-05,0.03975865,0.13884865,4.865e-05,4.865e-05,0.0011986499999999999,4.865e-05,4.54830865,4.865e-05,0.01228865,0.04453865,0.07001864999999989,0.01722865,0.036278649999999996,0.35977865000000003,4.865e-05,0.01105865,0.0025286500000000003,0.13272865,4.865e-05,0.01516865,0.0127386499999999,4.865e-05,0.00183865,4.865e-05,4.865e-05,4.865e-05,4.865e-05,0.19959865,0.25124865,0.7730186499999999,0.0028386500000000003,0.48720865,0.14415865,4.865e-05,0.01421865,0.21507865,0.48869865,0.036838649999999994,0.02298865,4.865e-05,0.24963865,0.05289865,0.032378649999999995,0.04152864999999999,4.865e-05,0.0026986499999999,0.041918649999999995,0.11725864999999999,0.49528865,0.54780865,0.01069865,0.047088649999999996,0.02202865,4.865e-05,0.01801865,4.865e-05,0.047518649999999996,4.865e-05,4.865e-05,4.865e-05,0.00487865,0.02266865,4.865e-05,4.865e-05,0.033788649999999996,4.865e-05,4.865e-05,0.07112865,4.865e-05,4.865e-05,0.0053586499999999,4.865e-05,4.865e-05,0.00802865,4.865e-05,4.865e-05,4.865e-05,4.865e-05,4.865e-05,2.08943865,4.865e-05,0.01184865,4.865e-05,0.13613865,0.0298486499999999,4.865e-05,0.01819865,4.865e-05,0.0260186499999999,15.357808649999992
37035_7#3,0.01063975,0.06825975,0.027109750000000002,0.11880974999999999,1.65655975,2.974999999999999e-05,0.53967975,14.671179750000002,2.974999999999999e-05,0.17671975,0.01541975,0.00151975,3.61364975,2.974999999999999e-05,0.03748975,0.06083975,0.81591975,1.8450897499999999,2.974999999999999e-05,0.98248975,0.31268975,2.974999999999999e-05,2.974999999999999e-05,1.1362397499999999,0.00944975,0.81212975,4.442309750000001,0.32196975,0.015699750000000002,2.974999999999999e-05,0.02592975,0.73287975,0.02485975,2.974999999999999e-05,2.974999999999999e-05,2.974999999999999e-05,0.16393975,0.09248975,3.01587975,2.974999999999999e-05,0.66699975,1.0878897499999998,2.974999999999999e-05,2.974999999999999e-05,2.974999999999999e-05,2.974999999999999e-05,0.21513975000000002,39.88990975,2.974999999999999e-05,0.21497975,0.00420975,1.40118975,2.974999999999999e-05,0.15982975000000002,0.00173975,2.974999999999999e-05,2.974999999999999e-05,0.1466197499999999,2.974999999999999e-05,0.20801975,2.974999999999999e-05,0.0398297499999999,0.2230797499999999,0.03181975,0.0031697500000000003,2.974999999999999e-05,1.11162975,0.01483975,2.974999999999999e-05,0.019429749999999902,0.11971974999999989,0.07615975,0.04959975,0.2279797499999999,2.974999999999999e-05,0.08573974999999999,2.974999999999999e-05,0.39132975,2.974999999999999e-05,0.74515975,0.02765975,0.01100975,2.974999999999999e-05,2.974999999999999e-05,0.05068975,0.01100975,0.11233974999999999,2.974999999999999e-05,0.00644975,0.01288975,2.974999999999999e-05,2.974999999999999e-05,0.0053497499999999995,0.0135797499999999,0.0063497499999999995,2.974999999999999e-05,0.08020975,0.0029997499999999,2.974999999999999e-05,0.11531974999999989,2.974999999999999e-05,0.008319749999999999,2.974999999999999e-05,2.974999999999999e-05,0.01733975,2.974999999999999e-05,0.005629749999999999,2.974999999999999e-05,2.974999999999999e-05,0.1420397499999999,0.20813975,2.974999999999999e-05,2.974999999999999e-05,2.974999999999999e-05,2.974999999999999e-05,2.974999999999999e-05,0.48193975,2.974999999999999e-05,2.974999999999999e-05,2.974999999999999e-05,2.974999999999999e-05,2.974999999999999e-05,2.974999999999999e-05,0.07459974999999999,2.974999999999999e-05,0.0318997499999999,2.974999999999999e-05,2.974999999999999e-05,2.974999999999999e-05,0.11895974999999999,2.974999999999999e-05,2.974999999999999e-05,0.01505975,2.974999999999999e-05,2.974999999999999e-05,2.974999999999999e-05,2.974999999999999e-05,2.974999999999999e-05,0.0015697500000000002,2.974999999999999e-05,0.08275974999999999,2.974999999999999e-05,2.974999999999999e-05,2.974999999999999e-05,2.974999999999999e-05,2.974999999999999e-05,2.974999999999999e-05,2.974999999999999e-05,2.974999999999999e-05,2.974999999999999e-05,2.974999999999999e-05,2.974999999999999e-05,0.03584975,2.974999999999999e-05,2.974999999999999e-05,2.974999999999999e-05,2.974999999999999e-05,2.974999999999999e-05,2.974999999999999e-05,2.974999999999999e-05,0.0075197499999999,2.974999999999999e-05,2.974999999999999e-05,2.974999999999999e-05,2.974999999999999e-05,2.974999999999999e-05,2.974999999999999e-05,0.00996975,2.974999999999999e-05,2.974999999999999e-05,2.974999999999999e-05,2.974999999999999e-05,2.974999999999999e-05,2.974999999999999e-05,2.974999999999999e-05,2.974999999999999e-05,2.974999999999999e-05,2.974999999999999e-05,2.974999999999999e-05,2.974999999999999e-05,2.974999999999999e-05,2.974999999999999e-05,2.974999999999999e-05,2.974999999999999e-05,2.974999999999999e-05,0.04958975,2.974999999999999e-05,2.974999999999999e-05,2.974999999999999e-05,2.974999999999999e-05,2.974999999999999e-05,2.974999999999999e-05,2.974999999999999e-05,2.974999999999999e-05,2.974999999999999e-05,2.974999999999999e-05,2.974999999999999e-05,0.00058975,2.974999999999999e-05,15.365089750000065
37035_7#4,5.039999999999999e-05,5.039999999999999e-05,5.039999999999999e-05,0.053610399999999996,0.1867704,0.0305104,0.9232504,5.5958304000000005,0.029630399999999998,3.4886604000000005,5.039999999999999e-05,0.1174103999999999,0.018480399999999998,5.039999999999999e-05,5.039999999999999e-05,5.039999999999999e-05,0.6478204,0.0067704,0.0523603999999999,1.0241204000000002,0.0063104,5.039999999999999e-05,0.18997039999999998,0.4978804,1.5322104,0.22535039999999998,1.4742804,0.4049804,0.1806103999999999,5.039999999999999e-05,5.039999999999999e-05,1.2286004000000001,0.1935104,5.039999999999999e-05,0.0419604,5.039999999999999e-05,0.0434704,0.1311704,0.17137039999999998,5.039999999999999e-05,0.0772604,0.2020903999999999,0.0228004,5.039999999999999e-05,0.0211704,5.039999999999999e-05,0.3556903999999999,7.3408804000000005,5.039999999999999e-05,0.0138704,5.039999999999999e-05,1.5917204,5.039999999999999e-05,0.6265504,0.7505304,5.039999999999999e-05,5.039999999999999e-05,0.0377104,0.0742704,0.7488104,0.024100399999999998,0.10585040000000001,0.6687904,0.2535404,0.0875004,2.1992404000000003,0.0682504,0.0788904,0.3902003999999999,0.1141903999999999,0.1781403999999999,0.0423304,0.024510399999999998,5.039999999999999e-05,5.039999999999999e-05,0.44512039999999997,0.2222403999999999,5.039999999999999e-05,0.0035704,0.0322104,0.13693039999999998,0.9175204,0.08370040000000001,0.2169604,0.008220400000000001,0.0638404,0.033010399999999995,0.4833804,0.0049103999999999,0.08742040000000001,0.1131903999999999,5.039999999999999e-05,5.039999999999999e-05,0.025290399999999998,0.10493040000000001,0.0032604,0.3931704,0.0052204,0.055740399999999996,0.0222604,0.2403804,0.07171040000000001,0.21722039999999998,0.021640399999999997,0.0241204,5.039999999999999e-05,0.0180104,0.0454604,5.039999999999999e-05,5.039999999999999e-05,0.0104304,0.6975304,5.039999999999999e-05,0.0193904,0.016110399999999997,5.039999999999999e-05,5.039999999999999e-05,5.039999999999999e-05,0.3068904,0.022910399999999997,0.13063039999999998,0.0091304,0.0243003999999999,0.030330399999999997,0.0539904,5.039999999999999e-05,5.039999999999999e-05,0.0884804,0.037250399999999996,0.0209904,0.0053104,0.0009503999999998999,0.0057804,5.039999999999999e-05,5.039999999999999e-05,5.039999999999999e-05,5.039999999999999e-05,5.039999999999999e-05,0.0157804,6.7422004,5.039999999999999e-05,1.1275404,0.6385803999999999,0.0128904,5.039999999999999e-05,0.0762004,10.0525904,1.3259904,0.2346704,0.0931904,0.26000039999999996,0.4496503999999999,0.0047804,0.0051804,5.039999999999999e-05,5.039999999999999e-05,0.0105304,5.039999999999999e-05,0.17681039999999998,5.039999999999999e-05,5.039999999999999e-05,0.0111603999999999,0.0844204,0.021550399999999997,0.1152104,0.0066804,0.0629804,0.0141403999999999,0.3810003999999999,0.10934039999999991,0.08162040000000001,0.0156504,5.039999999999999e-05,0.024850399999999998,0.0177403999999999,5.039999999999999e-05,0.048580399999999996,5.039999999999999e-05,0.007420400000000001,0.2905104,0.0625304,5.039999999999999e-05,5.039999999999999e-05,0.0115804,5.039999999999999e-05,5.039999999999999e-05,5.039999999999999e-05,5.039999999999999e-05,0.0216104,0.028460399999999997,5.039999999999999e-05,0.027000399999999997,0.17054039999999998,0.6498804,0.0680704,0.3301704,0.0152704,0.023690399999999997,0.0258304,35.86626039999999
37035_7#5,0.02153325,0.0065032499999999995,3.3249999999999995e-05,0.01191325,5.03883325,0.0012332499999998998,0.32898325,7.77900325,0.05417325,1.80985325,3.3249999999999995e-05,0.00509325,6.182853250000001,3.3249999999999995e-05,0.00877325,3.3249999999999995e-05,0.24026325,0.48446325,3.3249999999999995e-05,0.43421325000000005,3.3249999999999995e-05,3.3249999999999995e-05,0.023443250000000002,0.12568325,3.3249999999999995e-05,2.59534325,2.99705325,3.3249999999999995e-05,3.3249999999999995e-05,3.3249999999999995e-05,0.2164232499999999,1.77448325,0.060703249999999896,3.3249999999999995e-05,3.3249999999999995e-05,3.3249999999999995e-05,0.07351325,0.009343249999999999,0.09445325,3.3249999999999995e-05,0.02450325,0.08951325,3.3249999999999995e-05,3.3249999999999995e-05,0.00121325,3.3249999999999995e-05,0.13580325,40.60084325,2.00816325,0.80853325,3.3249999999999995e-05,3.3249999999999995e-05,0.39275325,0.1214732499999999,3.3249999999999995e-05,3.3249999999999995e-05,3.3249999999999995e-05,0.04184325,3.3249999999999995e-05,0.36436325,3.3249999999999995e-05,0.18052325,3.3249999999999995e-05,0.11847324999999989,0.00487325,3.3249999999999995e-05,2.32222325,0.00607325,3.3249999999999995e-05,0.13566324999999999,0.27047325,0.06208325,0.07625325,0.66160325,3.3249999999999995e-05,0.10590325,0.06587325,0.25730325000000004,0.0021932500000000003,0.06427325,0.05317325,0.011983249999999999,3.3249999999999995e-05,5.175303250000001,1.47027325,0.39753325,3.3249999999999995e-05,3.3249999999999995e-05,3.3249999999999995e-05,0.01843325,0.00638325,0.19233325,3.3249999999999995e-05,0.0212332499999999,0.052713249999999996,0.17001325,0.21546325,3.3249999999999995e-05,3.3249999999999995e-05,3.3249999999999995e-05,3.3249999999999995e-05,3.3249999999999995e-05,3.3249999999999995e-05,3.3249999999999995e-05,3.3249999999999995e-05,3.3249999999999995e-05,0.15257325,3.3249999999999995e-05,3.3249999999999995e-05,0.08495325,0.30636325000000003,3.3249999999999995e-05,3.3249999999999995e-05,3.3249999999999995e-05,0.042923249999999996,0.0053332499999999994,0.58797325,3.3249999999999995e-05,3.3249999999999995e-05,0.00241325,0.01103325,3.3249999999999995e-05,3.3249999999999995e-05,3.3249999999999995e-05,0.00263325,0.05797325,0.00256325,0.01938325,3.3249999999999995e-05,0.06163325,3.3249999999999995e-05,3.3249999999999995e-05,0.04279325,3.3249999999999995e-05,0.024963250000000003,3.3249999999999995e-05,3.3249999999999995e-05,0.022413250000000003,3.3249999999999995e-05,0.043373249999999995,0.057223249999999996,3.3249999999999995e-05,3.3249999999999995e-05,3.3249999999999995e-05,3.3249999999999995e-05,3.3249999999999995e-05,3.3249999999999995e-05,3.3249999999999995e-05,3.3249999999999995e-05,3.3249999999999995e-05,3.3249999999999995e-05,0.00673325,0.20003325,0.00139325,0.02882325,0.01051325,3.3249999999999995e-05,0.022153250000000003,3.3249999999999995e-05,3.3249999999999995e-05,0.02058325,0.04478325,3.3249999999999995e-05,3.3249999999999995e-05,3.3249999999999995e-05,3.3249999999999995e-05,3.3249999999999995e-05,0.08086325,3.3249999999999995e-05,3.3249999999999995e-05,3.3249999999999995e-05,3.3249999999999995e-05,3.3249999999999995e-05,3.3249999999999995e-05,0.00225325,3.3249999999999995e-05,3.3249999999999995e-05,3.3249999999999995e-05,3.3249999999999995e-05,0.025733249999999902,3.3249999999999995e-05,0.0087232499999999,3.3249999999999995e-05,3.3249999999999995e-05,3.3249999999999995e-05,3.3249999999999995e-05,3.3249999999999995e-05,3.3249999999999995e-05,3.3249999999999995e-05,0.02903325,3.3249999999999995e-05,3.3249999999999995e-05,3.3249999999999995e-05,3.3249999999999995e-05,3.3249999999999995e-05,3.3249999999999995e-05,3.3249999999999995e-05,3.3249999999999995e-05,3.3249999999999995e-05,10.900603249999978
37035_7#6,0.2909387,0.5793986999999999,0.8764987,1.6445287000000002,2.7937087000000003,1.0631787000000001,0.34540869999999996,31.192448700000003,2.8699999999999993e-05,2.1000787,0.0108386999999999,0.0019187,10.0542387,2.8699999999999993e-05,0.0918487,0.1268687,0.44281869999999995,2.4235987,0.1358387,0.2317187,2.8699999999999993e-05,2.8699999999999993e-05,3.2631887,2.8699999999999993e-05,0.0094087,4.3925987,1.9935487,0.2544186999999999,0.0063787,2.8699999999999993e-05,2.8699999999999993e-05,0.33951869999999995,0.1213087,2.8699999999999993e-05,2.8699999999999993e-05,2.8699999999999993e-05,0.2821087,0.0018986999999999,0.3063587,2.8699999999999993e-05,0.0874887,0.07164870000000001,0.0036087,2.8699999999999993e-05,2.8699999999999993e-05,2.8699999999999993e-05,2.8699999999999993e-05,2.8699999999999993e-05,1.0192187000000001,2.8699999999999993e-05,2.8699999999999993e-05,2.8699999999999993e-05,2.8699999999999993e-05,0.48428869999999996,0.7889687,2.8699999999999993e-05,0.0216687,0.0487887,2.8699999999999993e-05,0.2011887,0.0027887,2.8699999999999993e-05,2.8699999999999993e-05,0.0238887,0.0082287,2.8699999999999993e-05,2.8699999999999993e-05,0.5653887,2.8699999999999993e-05,2.8699999999999993e-05,2.8699999999999993e-05,2.8699999999999993e-05,0.0010287,0.5685887,2.8699999999999993e-05,0.1472387,0.0929987,2.8699999999999993e-05,0.0039087,2.8699999999999993e-05,0.1775187,0.1591187,2.8699999999999993e-05,2.8699999999999993e-05,2.8699999999999993e-05,0.0433987,2.8699999999999993e-05,2.8699999999999993e-05,0.0054586999999999995,2.8699999999999993e-05,0.0048087,2.8699999999999993e-05,2.8699999999999993e-05,2.8699999999999993e-05,0.0270187,2.8699999999999993e-05,2.8699999999999993e-05,0.0066987,2.8699999999999993e-05,0.2113687,0.0158087,2.8699999999999993e-05,0.1511887,0.0329687,2.8699999999999993e-05,2.8699999999999993e-05,0.1295287,2.8699999999999993e-05,2.8699999999999993e-05,2.8699999999999993e-05,1.0751787000000002,0.0068886999999999,2.8699999999999993e-05,2.8699999999999993e-05,2.8699999999999993e-05,2.8699999999999993e-05,0.022048699999999997,2.8699999999999993e-05,0.06928869999999991,0.6789187,2.8699999999999993e-05,0.0435287,0.0246186999999999,2.8699999999999993e-05,2.8699999999999993e-05,0.2447387,2.8699999999999993e-05,2.8699999999999993e-05,0.020858699999999997,0.1889087,0.0032386999999999997,2.8699999999999993e-05,2.8699999999999993e-05,2.8699999999999993e-05,2.8699999999999993e-05,2.8699999999999993e-05,2.8699999999999993e-05,0.0067087,2.8699999999999993e-05,2.8699999999999993e-05,2.8699999999999993e-05,2.8699999999999993e-05,2.8699999999999993e-05,2.8699999999999993e-05,2.8699999999999993e-05,0.0027386999999999997,2.8699999999999993e-05,2.8699999999999993e-05,0.0063487,2.8699999999999993e-05,2.8699999999999993e-05,0.017858699999999998,2.8699999999999993e-05,2.8699999999999993e-05,2.8699999999999993e-05,2.8699999999999993e-05,2.8699999999999993e-05,0.1019487,2.8699999999999993e-05,2.8699999999999993e-05,2.8699999999999993e-05,2.8699999999999993e-05,2.8699999999999993e-05,2.8699999999999993e-05,2.8699999999999993e-05,2.8699999999999993e-05,2.8699999999999993e-05,2.8699999999999993e-05,2.8699999999999993e-05,2.8699999999999993e-05,2.8699999999999993e-05,2.8699999999999993e-05,2.8699999999999993e-05,0.0052486999999999,2.8699999999999993e-05,2.8699999999999993e-05,2.8699999999999993e-05,2.8699999999999993e-05,2.8699999999999993e-05,2.8699999999999993e-05,0.0178287,2.8699999999999993e-05,0.028588699999999998,2.8699999999999993e-05,2.8699999999999993e-05,2.8699999999999993e-05,2.8699999999999993e-05,2.8699999999999993e-05,0.0002887,2.8699999999999993e-05,2.8699999999999993e-05,2.8699999999999993e-05,2.8699999999999993e-05,2.8699999999999993e-05,0.036548699999999996,2.8699999999999993e-05,2.8699999999999993e-05,0.012598700000000001,2.8699999999999993e-05,26.89926869999995
37035_7#7,3.78e-05,3.78e-05,3.78e-05,0.1004878,1.4009278,3.78e-05,0.9621278,7.3018878,3.78e-05,7.4586378,0.0035178,0.1993478,13.1856778,3.78e-05,0.0024878,0.0641078,1.4596978,3.78e-05,0.10941780000000001,3.4395978,0.0184178,3.78e-05,0.0890477999999999,0.9912778,3.78e-05,3.812747800000001,1.3580678000000002,0.3246278,0.047107799999999894,3.78e-05,0.0114978,0.6401678,0.1284978,3.78e-05,3.78e-05,3.78e-05,3.78e-05,3.78e-05,0.036007799999999895,3.78e-05,0.0955778,0.3998278,0.056607799999999896,3.78e-05,0.004857800000000001,3.78e-05,0.14482779999999998,19.165087800000002,5.2265978,3.78e-05,3.78e-05,4.6567178,3.78e-05,0.45858779999999993,0.2056178,3.78e-05,0.0114778,0.40767780000000003,3.78e-05,0.41206780000000004,0.0182778,0.0149978,2.7655277999999996,0.1861378,0.14341779999999998,0.4526778,0.1925478,0.056957799999999996,3.78e-05,0.16472779999999998,0.1818378,0.060127799999999995,0.13417779999999999,0.8274278,3.78e-05,0.4456578,1.0806378,0.0107078,3.78e-05,0.0204278,0.11353780000000001,0.0205578,3.78e-05,1.4841178000000002,0.057057799999999895,1.2459178,0.16833779999999998,3.78e-05,0.22118779999999988,0.0644478,0.0207778,0.0087378,3.78e-05,0.0392678,0.0294877999999999,0.13511779999999998,0.0071078,0.0105878,3.78e-05,0.36049780000000003,3.78e-05,0.0867878,0.0216678,0.0139278,0.0258078,3.78e-05,0.1056678,0.0081078,3.78e-05,3.78e-05,0.062157799999999895,0.0862378,0.0201778,3.78e-05,0.06438780000000001,3.78e-05,5.1027278,0.019597800000000002,3.78e-05,0.0428878,0.039637799999999994,3.78e-05,0.0086978,0.2161478,0.0254678,0.0750678,3.78e-05,0.0482678,3.78e-05,0.0091578,3.78e-05,0.0020878,0.0146078,3.78e-05,0.0167478,3.78e-05,3.78e-05,0.0121277999999999,3.78e-05,0.13908779999999998,3.78e-05,0.2605078,0.0377478,3.78e-05,3.78e-05,3.78e-05,3.78e-05,3.78e-05,0.0011778,3.78e-05,0.0165278,0.0042878000000000005,3.78e-05,0.0217778,3.78e-05,3.78e-05,0.0108378,3.78e-05,0.38309780000000004,3.78e-05,3.78e-05,3.78e-05,3.78e-05,3.78e-05,3.78e-05,3.78e-05,3.78e-05,3.78e-05,3.78e-05,3.78e-05,3.78e-05,0.0026778,3.78e-05,3.78e-05,3.78e-05,3.78e-05,3.78e-05,3.78e-05,3.78e-05,0.0259378,3.78e-05,3.78e-05,3.78e-05,3.78e-05,3.78e-05,3.78e-05,3.78e-05,3.78e-05,0.0020578,3.78e-05,3.78e-05,3.78e-05,3.78e-05,0.3162878,3.78e-05,3.78e-05,3.78e-05,3.78e-05,3.78e-05,7.5124178
37035_7#8,0.01231255,2.6957925499999997,3.255e-05,0.65116255,3.8187525499999997,3.255e-05,0.33996255000000003,13.30331255,3.255e-05,0.96992255,0.1393725499999999,0.25875255,15.83797255,3.255e-05,0.11397254999999991,0.09593255,1.20036255,0.73583255,0.05093255,0.56873255,0.77972255,0.02105255,0.22321255,0.08028255000000001,0.0016625499999999998,4.81500255,1.64979255,0.11194255,0.026632549999999998,3.255e-05,0.016432549999999997,0.19792255,0.0122925499999999,3.255e-05,0.04024255,3.255e-05,0.045682549999999995,0.07661255,0.11531255,3.255e-05,3.255e-05,3.255e-05,3.255e-05,3.255e-05,3.255e-05,3.255e-05,0.4766525499999999,24.094882549999998,4.43826255,0.00225255,3.255e-05,1.6852525500000002,0.16880255,1.26856255,1.23565255,3.255e-05,0.52128255,0.07399255,3.255e-05,0.08633255000000001,0.49632255000000003,3.255e-05,3.255e-05,3.255e-05,0.04929255,0.036202549999999896,0.18620255,0.32814255000000003,3.255e-05,3.255e-05,3.255e-05,3.255e-05,3.255e-05,0.20666255,3.255e-05,0.04725255,1.62627255,3.255e-05,0.06779255000000001,0.42636255,0.0720025499999999,0.054202549999999995,0.01188255,3.255e-05,3.255e-05,0.01379255,3.255e-05,3.255e-05,0.10433255000000001,0.01392255,3.255e-05,3.255e-05,0.36861255,3.255e-05,3.255e-05,3.255e-05,3.255e-05,0.004212550000000001,0.54014255,0.13786255,0.10856255000000001,3.255e-05,0.02413255,0.02379255,3.255e-05,3.255e-05,0.02387255,0.03898255,3.255e-05,0.006662550000000001,0.037002549999999995,0.08895255,3.255e-05,3.255e-05,3.255e-05,3.255e-05,0.7071625500000001,3.255e-05,0.0018325499999999998,0.11365255,3.255e-05,0.00947255,3.255e-05,0.24660255,3.255e-05,0.12096255,3.255e-05,0.03468255,0.03218255,3.255e-05,0.0237825499999999,3.255e-05,0.0040425499999999,3.255e-05,0.01092255,3.255e-05,3.255e-05,3.255e-05,3.255e-05,0.0268325499999999,3.255e-05,0.39740255,3.255e-05,3.255e-05,3.255e-05,3.255e-05,3.255e-05,3.255e-05,3.255e-05,3.255e-05,3.255e-05,0.29371255,3.255e-05,3.255e-05,3.255e-05,3.255e-05,3.255e-05,3.255e-05,1.01947255,3.255e-05,0.01664255,3.255e-05,0.036732549999999996,3.255e-05,0.07815255,3.255e-05,3.255e-05,3.255e-05,3.255e-05,3.255e-05,0.01241255,0.03637255,3.255e-05,3.255e-05,3.255e-05,3.255e-05,3.255e-05,3.255e-05,3.255e-05,3.255e-05,3.255e-05,3.255e-05,3.255e-05,3.255e-05,3.255e-05,3.255e-05,3.255e-05,3.255e-05,3.255e-05,3.255e-05,3.255e-05,3.255e-05,3.255e-05,3.255e-05,3.255e-05,3.255e-05,3.255e-05,0.01304255,3.255e-05,8.558202549999967
37035_7#9,3.71e-05,2.0852971,0.016537099999999902,0.3140870999999999,0.3659071,3.71e-05,1.3017471,14.545217099999999,3.71e-05,3.6251571,0.1116071,0.1915871,3.8019271,3.71e-05,3.71e-05,0.3676371,1.5591171000000001,3.71e-05,0.0206471,1.5065071,0.0306971,3.71e-05,0.3689370999999999,10.8502271,3.71e-05,0.1802071,0.6674570999999999,0.9290171,0.0956571,3.71e-05,3.71e-05,0.042767099999999995,1.1616271,3.71e-05,3.71e-05,3.71e-05,0.0945771,3.71e-05,3.71e-05,3.71e-05,0.028727100000000002,3.6778071000000003,0.0551470999999999,3.71e-05,3.71e-05,3.71e-05,0.1716671,19.417147099999998,0.5412570999999999,1.4983471,1.2129571000000001,0.7912570999999999,0.0014771,3.3566871000000003,1.7299371000000001,3.71e-05,1.1338271000000002,0.0886171,0.0127671,0.0308771,0.1926571,0.4268771,3.71e-05,0.0987671,0.0726071,3.71e-05,1.9113171000000002,0.4108171,0.8037271,0.7967071,0.0918271,0.0832371,3.71e-05,0.0835171,0.3714071,0.2211870999999999,0.055247099999999896,0.2621671,3.71e-05,3.71e-05,0.1029471,0.2457671,0.1346271,0.5654070999999999,0.1165171,1.1386971000000001,0.16791709999999999,0.08148709999999999,0.1521271,3.71e-05,3.71e-05,0.022507100000000002,0.0699171,3.71e-05,0.028197100000000003,3.71e-05,0.0228171,0.0171370999999999,0.09284709999999989,0.34274709999999997,3.71e-05,0.0273070999999999,0.029747100000000002,0.0180870999999999,0.018507100000000002,0.1711171,0.0102671,0.2294771,3.71e-05,3.71e-05,3.71e-05,0.056997099999999995,0.0116970999999999,3.71e-05,0.0392671,3.71e-05,0.16777709999999998,3.71e-05,0.0286471,0.0115071,3.71e-05,0.0080471,0.1690071,3.71e-05,3.71e-05,0.4059371,0.0629871,3.71e-05,0.0036671,3.71e-05,3.71e-05,3.71e-05,3.71e-05,3.71e-05,0.0022170999999999996,3.71e-05,3.71e-05,3.71e-05,0.4858671,3.71e-05,3.71e-05,0.3694471,3.71e-05,3.71e-05,0.0566171,3.71e-05,3.71e-05,0.0824471,0.0185171,0.0167571,3.71e-05,0.0092471,3.71e-05,3.71e-05,0.0638871,3.71e-05,3.71e-05,0.2214271,3.71e-05,0.0981671,0.0211971,3.71e-05,3.71e-05,3.71e-05,3.71e-05,3.71e-05,3.71e-05,0.2875271,3.71e-05,3.71e-05,3.71e-05,3.71e-05,3.71e-05,3.71e-05,3.71e-05,3.71e-05,3.71e-05,3.71e-05,3.71e-05,3.71e-05,3.71e-05,3.71e-05,3.71e-05,3.71e-05,3.71e-05,3.71e-05,3.71e-05,3.71e-05,3.71e-05,1.2456671000000001,3.71e-05,3.71e-05,3.71e-05,3.71e-05,0.012877099999999999,3.71e-05,3.71e-05,0.0041271,3.71e-05,8.364087099999994
37082_1#10,0.27854115,11.957391150000001,0.30469115,1.23986115,2.1717711499999997,0.33014115,1.2237411500000002,1.29001115,3.115e-05,5.70963115,0.02132115,1.23015115,6.21658115,0.27777115,0.03022115,0.03827115,1.76330115,0.29137115,0.28684115000000004,2.78054115,0.18678115,0.12303115,1.7410511500000003,0.13880114999999998,0.9758411499999999,2.52385115,0.45201115000000003,0.03906115,0.12896115,0.17789115,0.02189115,3.115e-05,0.21781114999999998,0.01428115,0.5716511499999999,0.00801115,0.13197114999999998,0.04603115,0.04566115,3.115e-05,3.115e-05,3.115e-05,0.02130115,0.06766115,0.02370115,0.01198115,0.05695115,0.35547115,3.115e-05,3.115e-05,3.115e-05,3.115e-05,0.10969114999999999,0.6368811499999999,3.81770115,3.115e-05,3.115e-05,0.0134811499999999,3.115e-05,0.33504115,0.01845115,3.115e-05,3.115e-05,3.115e-05,0.11338115000000001,3.115e-05,3.115e-05,0.04738115,3.115e-05,3.115e-05,3.115e-05,3.115e-05,3.115e-05,3.115e-05,3.115e-05,3.115e-05,1.87492115,3.115e-05,3.115e-05,3.115e-05,3.115e-05,3.31130115,3.115e-05,3.115e-05,3.115e-05,0.02922115,3.115e-05,3.115e-05,0.0401011499999999,3.115e-05,3.115e-05,3.115e-05,0.9864511499999999,3.115e-05,3.115e-05,3.115e-05,3.115e-05,3.115e-05,3.115e-05,0.0078711499999999,3.115e-05,3.115e-05,3.115e-05,3.115e-05,0.01717115,3.115e-05,3.115e-05,3.115e-05,3.115e-05,3.115e-05,0.13097114999999998,0.0563411499999999,3.115e-05,3.115e-05,3.115e-05,3.115e-05,3.115e-05,3.115e-05,3.115e-05,3.115e-05,3.115e-05,3.115e-05,3.115e-05,3.115e-05,2.16218115,0.26491115000000004,3.115e-05,3.115e-05,3.115e-05,3.115e-05,3.115e-05,0.41636115,3.115e-05,0.64522115,3.115e-05,3.115e-05,3.115e-05,3.115e-05,3.115e-05,4.40545115,3.115e-05,3.115e-05,1.6670711500000002,0.40624115,3.115e-05,3.115e-05,0.01520115,3.115e-05,0.0544911499999999,3.115e-05,3.115e-05,0.22740115,0.82818115,3.115e-05,3.115e-05,0.02415115,0.00939115,3.115e-05,3.115e-05,3.115e-05,0.65164115,0.09078115,3.115e-05,0.06832115,0.01085115,3.115e-05,3.115e-05,3.115e-05,3.115e-05,3.115e-05,0.05547115,0.10308115000000001,3.115e-05,3.115e-05,3.115e-05,0.00118115,0.28252115,0.01214115,3.115e-05,3.115e-05,3.115e-05,3.115e-05,0.00247115,0.00502115,3.115e-05,3.115e-05,3.115e-05,0.03972115,0.05239115,3.115e-05,3.115e-05,3.115e-05,3.115e-05,3.115e-05,3.115e-05,1.12903115,3.115e-05,0.1175411499999999,3.115e-05,29.17795114999999
37082_1#11,6.3710275,5.5922675,2.0100175,0.3378075,0.6752975,1.75e-05,1.0070575,0.8869874999999999,1.75e-05,21.1324875,0.32413749999999997,1.75e-05,0.0480975,2.4097275000000002,1.75e-05,0.2602375,0.6455875,1.75e-05,1.75e-05,3.8849175000000002,0.0665575,0.24696749999999998,0.0802775,0.4440375,0.1891775,2.9169875000000003,0.1356075,1.75e-05,0.3001875,3.1095775000000003,1.75e-05,1.75e-05,1.75e-05,0.0883874999999999,2.0221275000000003,0.3168375,1.75e-05,0.1406875,0.17183749999999998,0.6201175,1.75e-05,1.75e-05,0.1405775,0.0023175,1.75e-05,1.75e-05,1.75e-05,0.046907500000000005,1.5952675,1.75e-05,1.75e-05,1.75e-05,1.75e-05,1.75e-05,1.75e-05,1.75e-05,1.75e-05,0.16762749999999998,1.75e-05,0.0007275,1.75e-05,1.75e-05,1.75e-05,1.75e-05,1.75e-05,1.75e-05,0.0145075,1.75e-05,1.75e-05,1.75e-05,1.75e-05,1.75e-05,1.75e-05,1.75e-05,1.75e-05,1.75e-05,1.75e-05,1.75e-05,1.75e-05,1.75e-05,1.75e-05,1.75e-05,1.75e-05,1.75e-05,1.75e-05,0.00032749999999990003,1.75e-05,1.75e-05,1.75e-05,1.75e-05,1.75e-05,1.75e-05,1.75e-05,1.75e-05,1.75e-05,1.75e-05,1.75e-05,1.75e-05,1.75e-05,1.75e-05,1.75e-05,1.75e-05,1.75e-05,1.75e-05,1.75e-05,1.75e-05,1.75e-05,1.75e-05,1.75e-05,0.0791975,0.0234775,1.75e-05,1.75e-05,1.75e-05,1.75e-05,1.75e-05,1.75e-05,1.75e-05,1.75e-05,1.75e-05,1.75e-05,1.75e-05,1.75e-05,1.75e-05,1.75e-05,1.75e-05,1.75e-05,1.75e-05,1.75e-05,0.0569975,1.75e-05,1.75e-05,1.75e-05,2.1913475,1.75e-05,0.32868749999999997,3.2027575,1.75e-05,1.75e-05,1.75e-05,1.75e-05,0.0214075,1.75e-05,1.75e-05,1.75e-05,1.75e-05,1.75e-05,1.75e-05,1.75e-05,1.75e-05,1.75e-05,1.75e-05,1.75e-05,1.75e-05,1.75e-05,22.9364275,1.75e-05,1.75e-05,1.75e-05,1.75e-05,1.75e-05,1.75e-05,1.75e-05,1.75e-05,1.75e-05,1.75e-05,1.75e-05,1.75e-05,1.75e-05,1.75e-05,1.75e-05,1.75e-05,1.75e-05,1.75e-05,1.75e-05,1.75e-05,1.75e-05,0.0147975,1.75e-05,1.75e-05,1.75e-05,1.75e-05,1.75e-05,1.75e-05,0.0012675,1.75e-05,0.0354874999999999,1.75e-05,0.1510975,1.75e-05,1.75e-05,1.75e-05,1.75e-05,1.75e-05,1.75e-05,1.75e-05,1.75e-05,1.75e-05,1.75e-05,12.551137499999989
37082_1#12,9.756443449999999,1.43808345,8.66558345,1.24822345,1.3595234500000002,2.345e-05,0.58828345,8.407673449999999,2.345e-05,13.45700345,0.03179345,0.3614234499999999,6.446563449999999,6.727653449999999,2.345e-05,0.0564334499999999,0.31959345,0.02424345,0.49366345,2.12206345,0.32707344999999993,2.60164345,1.5286334499999998,2.345e-05,1.53183345,1.12504345,0.7833434499999999,0.01666345,0.1191834499999999,0.16263344999999998,0.05100345,1.12227345,1.13952345,0.11395345,2.345e-05,0.0437234499999999,0.20558345,0.55384345,0.89639345,1.81375345,2.345e-05,2.345e-05,0.004923449999999999,2.345e-05,2.345e-05,2.345e-05,2.345e-05,2.345e-05,1.30885345,2.345e-05,2.345e-05,2.345e-05,0.06395345,2.345e-05,2.345e-05,2.345e-05,0.0214634499999999,0.08142345,2.345e-05,1.62297345,2.345e-05,2.345e-05,2.345e-05,2.345e-05,0.0582434499999999,2.345e-05,2.345e-05,0.55334345,2.345e-05,2.345e-05,2.345e-05,2.345e-05,2.345e-05,2.345e-05,2.345e-05,2.345e-05,0.7979034500000001,2.345e-05,0.01200345,2.345e-05,2.345e-05,1.35575345,2.345e-05,2.345e-05,2.345e-05,2.345e-05,2.345e-05,2.345e-05,2.345e-05,2.345e-05,2.345e-05,2.345e-05,2.345e-05,2.345e-05,2.345e-05,2.345e-05,2.345e-05,2.345e-05,2.345e-05,2.345e-05,0.08043344999999999,2.345e-05,0.12267344999999999,2.345e-05,2.345e-05,2.345e-05,2.345e-05,2.345e-05,2.345e-05,0.04552345,0.009473450000000001,0.37718345000000003,2.345e-05,2.345e-05,2.345e-05,0.00157345,2.345e-05,2.345e-05,2.345e-05,0.08117345,2.345e-05,2.345e-05,2.345e-05,2.345e-05,2.345e-05,2.345e-05,2.345e-05,2.345e-05,2.345e-05,2.345e-05,2.345e-05,2.345e-05,2.345e-05,2.06152345,2.345e-05,0.09620345,2.345e-05,2.345e-05,2.345e-05,2.345e-05,2.345e-05,2.345e-05,2.345e-05,2.345e-05,2.345e-05,2.345e-05,2.345e-05,2.345e-05,2.345e-05,2.345e-05,2.345e-05,0.26647345,2.345e-05,0.08145345,2.345e-05,0.8987234500000001,2.345e-05,2.345e-05,2.345e-05,2.345e-05,2.345e-05,2.345e-05,2.345e-05,2.345e-05,2.345e-05,2.345e-05,2.345e-05,2.345e-05,2.345e-05,2.345e-05,2.345e-05,2.345e-05,2.345e-05,2.345e-05,2.345e-05,0.23040344999999998,2.345e-05,2.345e-05,2.345e-05,2.345e-05,2.345e-05,1.78542345,3.20810345,2.345e-05,0.06425344999999999,0.07768344999999999,0.013393450000000001,0.05497345,2.345e-05,2.345e-05,2.345e-05,2.345e-05,2.345e-05,2.345e-05,2.345e-05,2.345e-05,2.345e-05,0.009853450000000001,2.345e-05,8.909193449999991
37082_1#13,1.6723060500000002,2.66322605,2.41427605,0.37408605,1.64424605,0.30904605,0.46738605,6.219096050000001,0.035146050000000005,9.85355605,0.05376605,0.05346605,8.404816049999999,0.8849860500000001,3.6049999999999995e-05,0.34130604999999997,1.03700605,3.6049999999999995e-05,0.02210605,0.70871605,0.33336604999999997,0.15459604999999998,0.20451605,0.02823605,0.027166049999999997,6.46163605,3.07422605,0.11965605,0.020336049999999998,0.0035960499999998998,0.5255060500000001,0.11292604999999989,0.14201605,0.1091760499999999,0.00241605,0.029276049999999998,0.73765605,0.43837605,0.61375605,0.055846049999999904,3.6049999999999995e-05,0.00450605,3.6049999999999995e-05,0.01646605,3.6049999999999995e-05,3.6049999999999995e-05,3.6049999999999995e-05,3.6049999999999995e-05,3.6049999999999995e-05,3.6049999999999995e-05,3.6049999999999995e-05,3.6049999999999995e-05,3.65719605,0.49099605,3.6049999999999995e-05,3.6049999999999995e-05,3.6049999999999995e-05,0.1620260499999999,3.6049999999999995e-05,1.79924605,0.08262604999999999,0.0131860499999999,3.6049999999999995e-05,3.6049999999999995e-05,0.11186605,3.6049999999999995e-05,3.6049999999999995e-05,0.29303605,6.76293605,3.6049999999999995e-05,3.6049999999999995e-05,3.6049999999999995e-05,0.44424605,0.11122604999999999,3.6049999999999995e-05,3.6049999999999995e-05,0.4336560499999999,0.7381460500000001,0.04787605,3.6049999999999995e-05,0.01215605,3.54780605,0.01175605,3.6049999999999995e-05,1.16858605,3.6049999999999995e-05,3.6049999999999995e-05,3.6049999999999995e-05,3.6049999999999995e-05,0.01517605,3.6049999999999995e-05,3.6049999999999995e-05,3.6049999999999995e-05,3.6049999999999995e-05,3.6049999999999995e-05,0.21864605,3.6049999999999995e-05,3.6049999999999995e-05,3.6049999999999995e-05,3.6049999999999995e-05,0.13810605,3.6049999999999995e-05,0.15558605,3.6049999999999995e-05,0.00172605,3.6049999999999995e-05,3.6049999999999995e-05,3.6049999999999995e-05,3.6049999999999995e-05,0.05939605,0.00629605,0.5341860500000001,3.6049999999999995e-05,3.6049999999999995e-05,3.6049999999999995e-05,0.01307605,12.884596049999999,3.6049999999999995e-05,3.6049999999999995e-05,0.21662605,0.09984604999999999,0.01277605,3.6049999999999995e-05,3.6049999999999995e-05,0.018396049999999997,3.6049999999999995e-05,3.6049999999999995e-05,3.6049999999999995e-05,3.6049999999999995e-05,3.6049999999999995e-05,0.18987605,3.6049999999999995e-05,3.6049999999999995e-05,0.26154605,3.6049999999999995e-05,0.00198605,3.6049999999999995e-05,0.04553605,3.6049999999999995e-05,0.19912605,3.6049999999999995e-05,3.6049999999999995e-05,3.6049999999999995e-05,3.6049999999999995e-05,3.6049999999999995e-05,3.6049999999999995e-05,0.056286050000000004,3.6049999999999995e-05,3.6049999999999995e-05,3.6049999999999995e-05,0.12306605,0.12987605,3.6049999999999995e-05,0.45012605,0.01835605,0.38207605,3.6049999999999995e-05,3.6049999999999995e-05,3.6049999999999995e-05,0.19829605,0.0054760500000000005,0.08952605,0.96449605,0.13129605,3.6049999999999995e-05,3.6049999999999995e-05,3.6049999999999995e-05,3.6049999999999995e-05,3.6049999999999995e-05,3.6049999999999995e-05,0.048376050000000004,3.6049999999999995e-05,3.6049999999999995e-05,3.6049999999999995e-05,3.6049999999999995e-05,0.01109605,0.00103605,3.6049999999999995e-05,3.6049999999999995e-05,3.6049999999999995e-05,3.6049999999999995e-05,0.37060605,0.27631605,0.021206049999999997,0.10698605,0.00792605,3.6049999999999995e-05,0.07495605,0.00136605,0.6756960500000001,3.6049999999999995e-05,3.6049999999999995e-05,0.04983605,3.6049999999999995e-05,3.6049999999999995e-05,0.27521605,3.6049999999999995e-05,3.6049999999999995e-05,0.025276049999999998,10.166866049999978
37082_1#14,0.03621745,2.2749174500000002,0.01458745,0.24557745,5.38617745,0.07844744999999999,0.32519745,2.20203745,0.78765745,29.61202745,0.0281574499999999,0.40130744999999995,0.21426745,0.05039745,3.7449999999999995e-05,0.23888745,0.39815744999999997,0.25180745,0.06862744999999999,0.17163745,0.13587745,3.7449999999999995e-05,1.98265745,0.00626745,3.7449999999999995e-05,1.03996745,0.7435374499999999,0.01564745,0.01249745,0.0054974499999998995,0.02553745,0.0492874499999999,0.8132074499999999,0.00068745,0.007957450000000001,3.7449999999999995e-05,0.01980745,0.00421745,0.02756745,0.4939374499999999,3.7449999999999995e-05,3.7449999999999995e-05,0.04634745,3.7449999999999995e-05,0.0044974499999999,3.7449999999999995e-05,3.7449999999999995e-05,3.7449999999999995e-05,3.7449999999999995e-05,2.0527574500000005,3.7449999999999995e-05,3.7449999999999995e-05,0.04826745,0.6068574499999999,1.6010474499999998,0.00150745,3.7449999999999995e-05,0.0384574499999999,0.03706745,0.16493745,0.01981745,3.7449999999999995e-05,3.7449999999999995e-05,0.3936874499999999,0.03042745,3.7449999999999995e-05,3.7449999999999995e-05,0.02609745,5.05997745,3.7449999999999995e-05,3.7449999999999995e-05,3.7449999999999995e-05,3.7449999999999995e-05,1.3294374500000001,3.7449999999999995e-05,3.7449999999999995e-05,0.07424744999999999,3.7449999999999995e-05,3.7449999999999995e-05,3.7449999999999995e-05,0.06201745,0.43372744999999996,3.7449999999999995e-05,3.7449999999999995e-05,0.50298745,0.02098745,0.03713745,3.7449999999999995e-05,3.7449999999999995e-05,3.7449999999999995e-05,3.7449999999999995e-05,0.01207745,3.7449999999999995e-05,3.7449999999999995e-05,0.27627745,3.7449999999999995e-05,0.98455745,3.7449999999999995e-05,0.01452745,3.7449999999999995e-05,3.7449999999999995e-05,3.7449999999999995e-05,0.35398745,3.7449999999999995e-05,0.0005674499999999999,0.11404745,0.06733745,3.7449999999999995e-05,3.7449999999999995e-05,0.0025474499999999997,0.09807745,0.1231774499999999,3.7449999999999995e-05,3.7449999999999995e-05,3.7449999999999995e-05,3.7449999999999995e-05,4.57749745,3.7449999999999995e-05,3.7449999999999995e-05,1.67218745,3.7449999999999995e-05,3.7449999999999995e-05,0.01435745,3.7449999999999995e-05,0.02185745,0.03154745,3.7449999999999995e-05,3.7449999999999995e-05,0.00233745,0.04853745,3.7449999999999995e-05,3.7449999999999995e-05,3.7449999999999995e-05,0.06767745,3.7449999999999995e-05,3.7449999999999995e-05,3.7449999999999995e-05,0.014597450000000001,0.0101274499999999,3.7449999999999995e-05,3.7449999999999995e-05,3.7449999999999995e-05,3.7449999999999995e-05,3.7449999999999995e-05,0.16003745,3.7449999999999995e-05,0.0283074499999999,0.08607745,0.30978744999999996,0.19311745,0.03932745,0.15135745,3.7449999999999995e-05,0.03318745,0.03976745,3.7449999999999995e-05,0.03601745,0.0137874499999999,3.7449999999999995e-05,3.7449999999999995e-05,0.46907745,0.02426745,3.7449999999999995e-05,0.04752745,0.01220745,3.7449999999999995e-05,3.7449999999999995e-05,0.008557450000000001,0.01258745,3.7449999999999995e-05,3.7449999999999995e-05,3.7449999999999995e-05,3.7449999999999995e-05,3.7449999999999995e-05,3.7449999999999995e-05,3.7449999999999995e-05,0.00724745,3.7449999999999995e-05,3.7449999999999995e-05,3.7449999999999995e-05,3.7449999999999995e-05,3.7449999999999995e-05,0.01377745,0.012687450000000001,3.7449999999999995e-05,0.01222745,0.0010574500000000001,3.7449999999999995e-05,3.7449999999999995e-05,12.74383745,3.7449999999999995e-05,3.7449999999999995e-05,3.7449999999999995e-05,3.7449999999999995e-05,0.00694745,0.02986745,3.7449999999999995e-05,0.00442745,0.00937745,16.21961744999996
37082_1#15,1.1066471000000002,0.8835871000000001,0.9726171,0.3092871,5.0966371,0.1619071,0.1216671,18.588207099999998,0.042177099999999995,15.155287099999999,3.71e-05,0.043037099999999995,6.0095271,2.4997671,3.71e-05,3.71e-05,0.2986171,0.1736971,0.039527099999999996,0.3721271,0.4277771,0.4962271,0.5150671,0.0061970999999999,1.9080971000000002,4.280097100000001,0.2018270999999999,0.0100871,3.71e-05,0.06752709999999999,0.0040971,0.2606871,0.1637971,0.0807571,3.71e-05,0.0044771,0.2671571,0.043507099999999896,0.4517171,0.09434709999999989,3.71e-05,3.71e-05,3.71e-05,3.71e-05,3.71e-05,3.71e-05,3.71e-05,3.3939370999999996,3.71e-05,3.71e-05,3.71e-05,3.71e-05,3.2134571000000003,3.71e-05,0.9452171,3.71e-05,3.71e-05,0.1155571,3.71e-05,1.4165671000000002,0.0126571,3.0623371,3.71e-05,0.6497071,0.1168671,3.71e-05,3.71e-05,0.1527371,0.0120471,3.71e-05,3.71e-05,3.71e-05,3.71e-05,3.71e-05,3.71e-05,3.71e-05,1.2665171000000002,3.71e-05,0.012987099999999899,3.71e-05,0.013607099999999999,1.8255671,3.71e-05,3.71e-05,3.71e-05,0.0202271,0.0305070999999999,0.0147270999999999,3.71e-05,3.71e-05,3.71e-05,3.71e-05,0.0220471,0.0006071000000000001,0.0243471,0.3765071,3.71e-05,3.71e-05,3.71e-05,3.71e-05,0.1781270999999999,3.71e-05,0.008247099999999999,0.07085709999999999,0.0033171,3.71e-05,0.2281171,3.71e-05,0.0039071,0.0083371,0.043107099999999995,1.8858971000000002,3.71e-05,0.0308271,3.71e-05,0.07139709999999999,3.71e-05,3.71e-05,3.71e-05,0.9995671,3.71e-05,3.71e-05,3.71e-05,3.71e-05,2.0780071,0.055247099999999896,3.71e-05,0.0743071,0.0377471,3.71e-05,3.71e-05,3.71e-05,3.71e-05,0.5324471000000001,3.71e-05,3.71e-05,3.71e-05,1.2235071000000002,3.71e-05,0.1292971,3.71e-05,3.71e-05,3.71e-05,3.71e-05,3.71e-05,0.0341871,0.0098871,3.71e-05,0.4791871,3.71e-05,0.0386971,0.006237100000000001,0.0062471,0.042517099999999995,3.71e-05,3.71e-05,0.0046171,3.71e-05,3.71e-05,3.71e-05,2.3676771000000003,3.71e-05,0.6305371,0.0379971,0.1671471,3.71e-05,0.0125671,3.71e-05,3.71e-05,3.71e-05,3.71e-05,0.0065371000000000005,0.0336471,3.71e-05,0.042607099999999995,0.0026771,0.0513671,0.2140171,3.71e-05,3.71e-05,3.71e-05,0.2714371,0.7494471,0.0418871,0.0205071,0.1013071,0.0033470999999999,0.0143571,0.0045271,3.71e-05,3.71e-05,3.71e-05,3.71e-05,3.71e-05,3.71e-05,3.71e-05,0.0013171,0.0229971,3.71e-05,9.058257099999974
37082_1#16,0.00310135,1.19885135,0.0179613499999999,0.18115135,4.74876135,0.5907413499999999,0.25605135,8.22375135,2.1349999999999997e-05,8.70018135,0.03221135,0.16375135,36.04686135,0.017191349999999998,2.1349999999999997e-05,0.13230134999999998,0.17139135,2.1349999999999997e-05,0.037481350000000004,0.13819135,0.0180713499999999,0.00192135,0.94991135,0.41272134999999993,0.30029135,1.43312135,1.6464613499999998,0.14766134999999989,0.0045613500000000005,2.1349999999999997e-05,0.00158135,2.1349999999999997e-05,0.49704135,2.1349999999999997e-05,2.1349999999999997e-05,2.1349999999999997e-05,0.12474135,2.1349999999999997e-05,1.16105135,0.2235713499999999,0.74677135,0.0439913499999999,2.1349999999999997e-05,2.1349999999999997e-05,2.1349999999999997e-05,0.008521349999999999,2.1349999999999997e-05,7.41425135,2.1349999999999997e-05,2.1349999999999997e-05,2.1349999999999997e-05,2.1349999999999997e-05,0.95333135,0.37915135,2.1349999999999997e-05,2.1349999999999997e-05,2.1349999999999997e-05,0.12004135,2.1349999999999997e-05,0.08926135,0.01054135,2.1349999999999997e-05,2.1349999999999997e-05,2.1349999999999997e-05,0.036011350000000004,2.1349999999999997e-05,2.1349999999999997e-05,0.1985613499999999,1.36656135,2.1349999999999997e-05,2.1349999999999997e-05,2.1349999999999997e-05,2.1349999999999997e-05,2.1349999999999997e-05,2.1349999999999997e-05,2.1349999999999997e-05,0.8725313499999999,2.1349999999999997e-05,2.1349999999999997e-05,2.1349999999999997e-05,2.1349999999999997e-05,2.1349999999999997e-05,2.1349999999999997e-05,2.1349999999999997e-05,2.1349999999999997e-05,0.09124135,2.1349999999999997e-05,2.1349999999999997e-05,2.1349999999999997e-05,2.1349999999999997e-05,0.00341135,2.1349999999999997e-05,2.1349999999999997e-05,2.1349999999999997e-05,2.1349999999999997e-05,0.04062135,2.1349999999999997e-05,2.1349999999999997e-05,2.1349999999999997e-05,2.1349999999999997e-05,2.1349999999999997e-05,2.1349999999999997e-05,0.13236135,2.1349999999999997e-05,2.1349999999999997e-05,2.1349999999999997e-05,2.1349999999999997e-05,2.1349999999999997e-05,2.1349999999999997e-05,0.27798135,0.04130135,0.025531349999999998,2.1349999999999997e-05,2.1349999999999997e-05,2.1349999999999997e-05,2.1349999999999997e-05,2.1349999999999997e-05,2.1349999999999997e-05,2.1349999999999997e-05,2.1349999999999997e-05,2.1349999999999997e-05,2.1349999999999997e-05,2.1349999999999997e-05,2.1349999999999997e-05,2.1349999999999997e-05,2.1349999999999997e-05,2.1349999999999997e-05,2.1349999999999997e-05,2.1349999999999997e-05,2.1349999999999997e-05,0.00272135,2.1349999999999997e-05,2.1349999999999997e-05,0.14481134999999998,2.1349999999999997e-05,0.055301350000000006,2.1349999999999997e-05,0.07877135,2.1349999999999997e-05,2.1349999999999997e-05,2.1349999999999997e-05,2.1349999999999997e-05,2.1349999999999997e-05,2.1349999999999997e-05,2.1349999999999997e-05,2.1349999999999997e-05,2.1349999999999997e-05,2.1349999999999997e-05,2.1349999999999997e-05,2.1349999999999997e-05,2.1349999999999997e-05,2.1349999999999997e-05,0.00151135,2.1349999999999997e-05,2.1349999999999997e-05,0.01360135,2.1349999999999997e-05,2.1349999999999997e-05,2.1349999999999997e-05,2.1349999999999997e-05,2.1349999999999997e-05,2.1349999999999997e-05,2.1349999999999997e-05,2.1349999999999997e-05,0.0040313499999999,2.1349999999999997e-05,2.1349999999999997e-05,2.1349999999999997e-05,2.1349999999999997e-05,2.1349999999999997e-05,2.1349999999999997e-05,2.1349999999999997e-05,2.1349999999999997e-05,2.1349999999999997e-05,2.1349999999999997e-05,2.1349999999999997e-05,2.1349999999999997e-05,1.76671135,2.1349999999999997e-05,2.1349999999999997e-05,2.1349999999999997e-05,2.1349999999999997e-05,2.1349999999999997e-05,2.1349999999999997e-05,2.1349999999999997e-05,0.10491135,2.1349999999999997e-05,2.1349999999999997e-05,2.1349999999999997e-05,2.1349999999999997e-05,2.1349999999999997e-05,2.1349999999999997e-05,2.1349999999999997e-05,2.1349999999999997e-05,2.1349999999999997e-05,2.1349999999999997e-05,2.1349999999999997e-05,2.1349999999999997e-05,2.1349999999999997e-05,17.390041349999997
37082_1#17,1.03288375,0.58352375,0.52542375,0.10492375,2.29309375,0.15676375,0.27286375,7.121673749999999,0.027783750000000003,4.9655137499999995,0.06330374999999999,0.20216375,1.90903375,0.62358375,0.39541375,0.21775375,0.73900375,1.60517375,0.09885374999999999,1.1372237500000002,0.31416375,0.35940375,0.37442375,0.23637375,0.03115375,1.6327037500000001,1.4813937500000003,0.09021375,0.04509375,0.04336375,0.09471374999999989,0.31036375,0.01086375,0.04296375,4.374999999999999e-05,4.374999999999999e-05,1.18288375,0.12325375,0.02229375,4.374999999999999e-05,4.374999999999999e-05,4.374999999999999e-05,4.374999999999999e-05,4.374999999999999e-05,4.374999999999999e-05,4.374999999999999e-05,4.374999999999999e-05,4.92730375,0.12459374999999999,4.374999999999999e-05,0.49495374999999997,4.374999999999999e-05,4.374999999999999e-05,4.374999999999999e-05,4.374999999999999e-05,4.374999999999999e-05,4.374999999999999e-05,0.15758375,4.374999999999999e-05,1.83381375,0.07437374999999999,0.73594375,4.374999999999999e-05,0.50039375,0.21357375,4.374999999999999e-05,0.36096374999999997,0.32336375,0.72208375,4.374999999999999e-05,0.04053375,4.374999999999999e-05,0.03468375,4.374999999999999e-05,4.374999999999999e-05,0.023203750000000002,4.374999999999999e-05,4.374999999999999e-05,4.374999999999999e-05,4.374999999999999e-05,0.20359375,5.126883749999999,4.374999999999999e-05,4.374999999999999e-05,0.96222375,4.374999999999999e-05,4.374999999999999e-05,4.374999999999999e-05,0.03489375,0.0117037499999999,4.374999999999999e-05,4.374999999999999e-05,4.374999999999999e-05,0.01134375,0.12008374999999999,0.16117375,0.00912375,4.374999999999999e-05,0.54753375,0.02503375,0.56327375,4.374999999999999e-05,0.1972537499999999,0.10088375,0.0004337499999999,4.374999999999999e-05,4.374999999999999e-05,4.374999999999999e-05,4.374999999999999e-05,0.14304375,0.11122375,0.6493637499999999,4.374999999999999e-05,0.018153750000000003,4.374999999999999e-05,0.01380375,0.83391375,4.374999999999999e-05,0.11274374999999999,0.56788375,0.08946375,0.0061337499999999994,4.374999999999999e-05,4.374999999999999e-05,1.43336375,0.01185375,4.374999999999999e-05,4.374999999999999e-05,0.01369375,4.374999999999999e-05,4.374999999999999e-05,4.374999999999999e-05,4.374999999999999e-05,0.12441374999999999,4.374999999999999e-05,4.374999999999999e-05,4.374999999999999e-05,0.01719375,4.374999999999999e-05,1.03714375,4.374999999999999e-05,4.374999999999999e-05,0.2689737499999999,1.85266375,0.2913937499999999,0.26880375,0.6017837500000001,0.37519375,0.8532737499999999,0.6058137499999999,0.12024375,0.004773749999999999,0.06588374999999999,0.03657375,4.374999999999999e-05,0.03544375,0.00963375,4.374999999999999e-05,0.34306375,0.31932375,1.0712937500000002,0.042923750000000004,0.57903375,0.0362637499999999,0.0098337499999999,4.374999999999999e-05,0.18258375,0.17757375,0.00323375,4.374999999999999e-05,0.02921375,0.00796375,4.374999999999999e-05,4.374999999999999e-05,0.032773750000000004,0.05431375,0.01904375,0.32428375,4.374999999999999e-05,4.374999999999999e-05,0.08608375,4.374999999999999e-05,0.01760375,0.021333750000000002,0.0729537499999999,0.07226374999999999,4.374999999999999e-05,4.374999999999999e-05,4.374999999999999e-05,4.374999999999999e-05,4.374999999999999e-05,4.374999999999999e-05,0.27489375,4.374999999999999e-05,0.1440537499999999,0.32802375,0.04559375,0.0026637499999999,0.03133375,35.978973750000016
37082_1#18,0.46568715,1.9538371499999998,0.37040715,2.32364715,6.31630715,0.58835715,0.1655071499999999,23.80539715,0.44108715,24.49658715,0.07647715000000001,1.74252715,8.69206715,1.7149999999999997e-05,0.41696715,0.34402715,0.15646715,1.7149999999999997e-05,1.7149999999999997e-05,1.51812715,1.7149999999999997e-05,0.06675715,0.2787171499999999,1.7149999999999997e-05,0.3088071499999999,1.7149999999999997e-05,0.62073715,0.02004715,0.0121571499999999,1.7149999999999997e-05,1.7149999999999997e-05,0.33440715,0.5251371499999999,1.7149999999999997e-05,1.7149999999999997e-05,0.16218715,1.7149999999999997e-05,0.00885715,0.29354715000000003,0.0130171499999999,0.00379715,1.7149999999999997e-05,1.7149999999999997e-05,1.7149999999999997e-05,1.7149999999999997e-05,1.7149999999999997e-05,1.7149999999999997e-05,1.6087371499999998,1.7149999999999997e-05,0.81191715,1.7149999999999997e-05,1.7149999999999997e-05,3.14291715,1.7149999999999997e-05,1.7149999999999997e-05,1.7149999999999997e-05,1.7149999999999997e-05,1.7149999999999997e-05,1.7149999999999997e-05,0.18632715,0.11716715000000001,1.7149999999999997e-05,1.7149999999999997e-05,1.7149999999999997e-05,0.23300715,1.7149999999999997e-05,1.7149999999999997e-05,1.7149999999999997e-05,9.01824715,1.7149999999999997e-05,1.7149999999999997e-05,1.7149999999999997e-05,1.7149999999999997e-05,1.7149999999999997e-05,1.7149999999999997e-05,1.7149999999999997e-05,1.7149999999999997e-05,1.7149999999999997e-05,1.7149999999999997e-05,1.7149999999999997e-05,1.7149999999999997e-05,1.7149999999999997e-05,0.04335715,1.7149999999999997e-05,1.7149999999999997e-05,1.7149999999999997e-05,1.7149999999999997e-05,1.7149999999999997e-05,1.7149999999999997e-05,1.7149999999999997e-05,1.7149999999999997e-05,1.7149999999999997e-05,1.7149999999999997e-05,1.7149999999999997e-05,1.7149999999999997e-05,1.7149999999999997e-05,1.7149999999999997e-05,1.7149999999999997e-05,1.7149999999999997e-05,0.06252715,1.7149999999999997e-05,1.7149999999999997e-05,1.7149999999999997e-05,1.7149999999999997e-05,1.7149999999999997e-05,1.7149999999999997e-05,1.7149999999999997e-05,1.7149999999999997e-05,1.7149999999999997e-05,0.04300715,1.7149999999999997e-05,1.7149999999999997e-05,1.7149999999999997e-05,1.7149999999999997e-05,1.7149999999999997e-05,1.7149999999999997e-05,1.7149999999999997e-05,1.7149999999999997e-05,1.7149999999999997e-05,1.7149999999999997e-05,1.7149999999999997e-05,1.7149999999999997e-05,1.7149999999999997e-05,1.7149999999999997e-05,0.0050871499999999995,1.7149999999999997e-05,1.7149999999999997e-05,1.7149999999999997e-05,1.7149999999999997e-05,1.7149999999999997e-05,1.7149999999999997e-05,1.7149999999999997e-05,1.7149999999999997e-05,0.33441715,1.7149999999999997e-05,0.04272715,1.7149999999999997e-05,1.7149999999999997e-05,1.7149999999999997e-05,1.7149999999999997e-05,1.7149999999999997e-05,1.7149999999999997e-05,1.7149999999999997e-05,1.7149999999999997e-05,1.7149999999999997e-05,1.7149999999999997e-05,1.7149999999999997e-05,1.7149999999999997e-05,1.7149999999999997e-05,1.7149999999999997e-05,1.7149999999999997e-05,1.7149999999999997e-05,1.7149999999999997e-05,1.7149999999999997e-05,1.7149999999999997e-05,1.7149999999999997e-05,1.7149999999999997e-05,0.01678715,1.01791715,1.7149999999999997e-05,1.7149999999999997e-05,1.7149999999999997e-05,1.7149999999999997e-05,1.7149999999999997e-05,1.7149999999999997e-05,1.7149999999999997e-05,1.7149999999999997e-05,1.7149999999999997e-05,1.7149999999999997e-05,1.7149999999999997e-05,1.7149999999999997e-05,1.7149999999999997e-05,1.7149999999999997e-05,1.7149999999999997e-05,1.7149999999999997e-05,1.7149999999999997e-05,1.7149999999999997e-05,1.7149999999999997e-05,1.7149999999999997e-05,1.7149999999999997e-05,1.7149999999999997e-05,1.7149999999999997e-05,1.7149999999999997e-05,1.7149999999999997e-05,1.7149999999999997e-05,0.24407715000000002,0.0060871499999999995,0.00677715,1.7149999999999997e-05,1.7149999999999997e-05,1.7149999999999997e-05,1.7149999999999997e-05,1.7149999999999997e-05,1.7149999999999997e-05,1.7149999999999997e-05,1.7149999999999997e-05,1.7149999999999997e-05,1.7149999999999997e-05,1.7149999999999997e-05,6.534667150000069
37082_1#19,0.21637185,0.44352185,0.12606185,0.38493184999999996,0.99326185,0.03473185,0.42506184999999996,6.06646185,3.1849999999999995e-05,0.66299185,0.19375185,0.17949185,7.79098185,0.48306184999999996,0.18921185000000001,0.57001185,0.98782185,0.09267185,1.03905185,0.56354185,1.14560185,0.00727185,0.026641849999999998,0.07282185,0.32771184999999997,1.96146185,0.54193185,0.03155185,0.0211318499999999,0.017711849999999998,0.7744018500000001,3.4447818499999996,0.25516184999999997,0.00513185,0.06515185,0.06355185,0.2238818499999999,0.48285184999999997,1.58546185,3.1849999999999995e-05,0.007871849999999899,3.1849999999999995e-05,3.1849999999999995e-05,0.00291185,3.1849999999999995e-05,3.1849999999999995e-05,0.68846185,35.78047185,3.1849999999999995e-05,0.31868185,3.1849999999999995e-05,3.1849999999999995e-05,4.75500185,0.5648218500000001,3.1849999999999995e-05,3.1849999999999995e-05,0.00537185,0.01230185,3.1849999999999995e-05,1.05201185,3.1849999999999995e-05,3.1849999999999995e-05,3.1849999999999995e-05,3.1849999999999995e-05,1.00561185,3.1849999999999995e-05,2.5182518500000004,0.00833185,0.37054185,3.1849999999999995e-05,3.1849999999999995e-05,3.1849999999999995e-05,0.00784185,0.015741849999999998,3.1849999999999995e-05,3.1849999999999995e-05,1.16651185,0.30907185,0.03037185,3.1849999999999995e-05,3.1849999999999995e-05,0.00255185,0.02286185,3.1849999999999995e-05,0.25388184999999996,3.1849999999999995e-05,0.15583185000000002,3.1849999999999995e-05,0.00643185,3.1849999999999995e-05,3.1849999999999995e-05,3.1849999999999995e-05,3.1849999999999995e-05,3.1849999999999995e-05,0.005571850000000001,2.11133185,3.1849999999999995e-05,3.1849999999999995e-05,3.1849999999999995e-05,3.1849999999999995e-05,3.1849999999999995e-05,3.1849999999999995e-05,0.06747185,0.0095718499999999,3.1849999999999995e-05,3.1849999999999995e-05,3.1849999999999995e-05,3.1849999999999995e-05,3.1849999999999995e-05,0.5421618500000001,3.1849999999999995e-05,0.11131185,3.1849999999999995e-05,3.1849999999999995e-05,3.1849999999999995e-05,0.00528185,3.1849999999999995e-05,0.01004185,3.1849999999999995e-05,0.00966185,3.1849999999999995e-05,3.1849999999999995e-05,3.1849999999999995e-05,1.2647318500000002,3.1849999999999995e-05,3.1849999999999995e-05,3.1849999999999995e-05,3.1849999999999995e-05,3.1849999999999995e-05,3.1849999999999995e-05,3.1849999999999995e-05,0.01281185,0.00551185,3.1849999999999995e-05,3.1849999999999995e-05,3.1849999999999995e-05,3.1849999999999995e-05,3.1849999999999995e-05,3.1849999999999995e-05,3.1849999999999995e-05,3.1849999999999995e-05,3.1849999999999995e-05,3.1849999999999995e-05,3.1849999999999995e-05,3.1849999999999995e-05,3.1849999999999995e-05,0.02251185,3.1849999999999995e-05,3.1849999999999995e-05,3.1849999999999995e-05,0.07713185,0.17760185,0.29765185,0.04480185,3.1849999999999995e-05,0.08291185,3.1849999999999995e-05,0.010911849999999999,3.1849999999999995e-05,0.05043185,1.53240185,3.1849999999999995e-05,3.1849999999999995e-05,3.1849999999999995e-05,3.1849999999999995e-05,3.1849999999999995e-05,3.1849999999999995e-05,3.1849999999999995e-05,3.1849999999999995e-05,3.1849999999999995e-05,3.1849999999999995e-05,3.1849999999999995e-05,3.1849999999999995e-05,3.1849999999999995e-05,3.1849999999999995e-05,0.016511849999999998,3.1849999999999995e-05,0.39844185,3.1849999999999995e-05,3.1849999999999995e-05,3.1849999999999995e-05,0.045161849999999996,3.1849999999999995e-05,3.1849999999999995e-05,3.1849999999999995e-05,0.25840185,0.00377185,0.00447185,3.1849999999999995e-05,3.1849999999999995e-05,3.1849999999999995e-05,3.1849999999999995e-05,3.1849999999999995e-05,3.1849999999999995e-05,3.1849999999999995e-05,3.1849999999999995e-05,3.1849999999999995e-05,3.1849999999999995e-05,0.13267185,11.12632185000008
37082_1#20,1.67424465,1.0097546499999999,1.9384646499999998,1.47443465,2.80006465,0.40757465,0.65774465,4.41216465,0.07870465,6.3438646499999995,0.16977465,0.37618465,11.40312465,1.04115465,3.465e-05,0.049584649999999994,0.68008465,0.2435346499999999,0.13520465,1.71119465,0.06717465,0.14530465,2.63574465,3.465e-05,0.03407465,10.63582465,3.79780465,0.25552465,0.0213846499999999,0.06858465,0.4088346499999999,0.00607465,1.00462465,3.465e-05,3.465e-05,3.465e-05,0.15634465,0.00828465,0.6802746500000001,0.00599465,3.465e-05,3.465e-05,3.465e-05,3.465e-05,0.00085465,0.00390465,0.01681465,0.06181465,3.465e-05,1.0254146499999999,3.465e-05,3.465e-05,3.465e-05,3.465e-05,6.09923465,3.465e-05,3.465e-05,0.10223465,3.465e-05,0.4790546499999999,0.01959465,3.465e-05,3.465e-05,3.465e-05,0.18283465000000002,3.465e-05,3.465e-05,0.37014465,3.465e-05,3.465e-05,3.465e-05,3.465e-05,0.00052465,3.465e-05,3.465e-05,3.465e-05,14.33175465,0.28754465,0.3774346499999999,3.465e-05,0.059794649999999894,0.2867346499999999,3.465e-05,3.465e-05,0.17855465,3.465e-05,0.00602465,3.465e-05,3.465e-05,3.465e-05,3.465e-05,3.465e-05,0.49656465,0.0133346499999999,3.465e-05,1.9269746499999998,3.465e-05,3.465e-05,3.465e-05,3.465e-05,0.21386465000000002,3.465e-05,0.06033465,3.465e-05,0.00497465,3.465e-05,0.046344649999999994,3.465e-05,3.465e-05,0.02200465,0.19341465000000002,0.37747465,3.465e-05,0.02981465,3.465e-05,3.465e-05,3.465e-05,3.465e-05,0.04359465,2.37780465,0.08360464999999989,3.465e-05,3.465e-05,3.465e-05,0.58212465,3.465e-05,3.465e-05,3.465e-05,0.01003465,3.465e-05,3.465e-05,3.465e-05,3.465e-05,0.01555465,0.02047465,0.045484649999999995,3.465e-05,0.25862465,3.465e-05,0.10293465,3.465e-05,3.465e-05,3.465e-05,3.465e-05,3.465e-05,0.10614465,3.465e-05,3.465e-05,0.07302465,3.465e-05,0.13206465,0.95481465,3.465e-05,0.07298465,0.42024465,0.13751465000000002,3.465e-05,3.465e-05,3.465e-05,0.036284649999999995,3.465e-05,3.465e-05,0.0048946499999999,3.465e-05,0.01126465,3.465e-05,3.465e-05,3.465e-05,3.465e-05,3.465e-05,0.02247465,3.465e-05,3.465e-05,3.465e-05,3.465e-05,3.465e-05,0.01900465,0.01274465,3.465e-05,3.465e-05,0.02101465,0.07665464999999999,0.11430465,0.08412465,0.00844465,0.01981465,0.0059146500000000005,3.465e-05,0.0031846500000000002,3.465e-05,3.465e-05,3.465e-05,3.465e-05,3.465e-05,3.465e-05,3.465e-05,0.01141465,0.036704649999999894,3.465e-05,10.257144649999976
37082_1#21,3.95778065,2.7080206500000004,13.59325065,0.24656065,1.90583065,0.27941065,2.64261065,10.623480650000001,2.065e-05,1.7442806499999999,0.12687065,0.11908065,11.73047065,3.11017065,0.00979065,0.65409065,1.79167065,2.065e-05,2.065e-05,3.51620065,2.065e-05,1.75159065,0.4874206499999999,0.30622065,0.041650650000000004,1.9821806499999999,0.7747806500000001,0.5959806500000001,0.6420706500000001,0.14329065,0.94733065,0.00802065,0.43088065,0.29036065,0.04157065,0.1731106499999999,2.065e-05,0.22463065,0.32267065,0.038820650000000005,0.00878065,0.07566065,2.065e-05,0.19517065,2.065e-05,2.065e-05,2.065e-05,7.05208065,2.065e-05,2.065e-05,2.065e-05,2.30370065,2.065e-05,2.065e-05,2.065e-05,2.065e-05,2.065e-05,2.065e-05,2.065e-05,1.83431065,2.065e-05,2.065e-05,2.065e-05,2.065e-05,1.02818065,2.065e-05,2.065e-05,2.065e-05,5.78478065,2.065e-05,2.065e-05,2.065e-05,2.065e-05,2.065e-05,2.065e-05,2.065e-05,2.065e-05,2.065e-05,0.7990006500000001,2.065e-05,2.065e-05,0.8891606500000001,2.065e-05,2.065e-05,2.065e-05,2.065e-05,2.065e-05,2.065e-05,2.065e-05,2.065e-05,2.065e-05,2.065e-05,2.065e-05,2.065e-05,2.065e-05,2.065e-05,2.065e-05,2.065e-05,2.065e-05,0.01582065,2.065e-05,2.065e-05,0.1224106499999999,2.065e-05,2.065e-05,2.065e-05,2.065e-05,2.065e-05,2.065e-05,0.09536064999999999,2.065e-05,2.065e-05,0.0019106499999999998,2.065e-05,2.065e-05,2.065e-05,2.065e-05,2.065e-05,2.065e-05,2.065e-05,2.065e-05,2.065e-05,2.065e-05,2.065e-05,2.065e-05,2.065e-05,2.065e-05,2.065e-05,2.065e-05,2.065e-05,2.065e-05,2.065e-05,2.065e-05,2.065e-05,2.065e-05,0.038300650000000006,2.065e-05,2.065e-05,2.065e-05,2.065e-05,2.065e-05,2.065e-05,2.065e-05,2.065e-05,2.065e-05,2.065e-05,2.065e-05,2.065e-05,2.065e-05,2.065e-05,2.065e-05,2.065e-05,2.065e-05,2.065e-05,2.065e-05,0.07668064999999989,2.065e-05,2.065e-05,2.065e-05,2.065e-05,2.065e-05,2.065e-05,2.065e-05,2.065e-05,2.065e-05,2.065e-05,2.065e-05,2.065e-05,2.065e-05,2.065e-05,2.065e-05,2.065e-05,2.065e-05,2.065e-05,2.065e-05,0.01058065,2.065e-05,2.065e-05,2.065e-05,2.065e-05,2.065e-05,0.37514065,0.94077065,2.065e-05,0.047500650000000005,0.25690065,0.06786065,0.0166206499999999,2.065e-05,2.065e-05,2.065e-05,2.065e-05,2.065e-05,2.065e-05,2.065e-05,2.065e-05,2.065e-05,2.065e-05,2.065e-05,9.998250649999987
37082_1#22,0.5740510000000001,6.165881000000001,0.192111,0.633851,1.987621,0.2525709999999999,0.7176110000000001,0.401381,2.0999999999999995e-05,23.759881,0.1403109999999999,5.725681000000001,25.379881,0.333491,2.0999999999999995e-05,2.2281809999999997,1.333291,2.0999999999999995e-05,0.473931,1.9143510000000001,2.0999999999999995e-05,0.0018409999999999,0.213331,0.0379409999999999,0.039941,1.0236210000000001,0.07425100000000001,0.0256409999999999,0.1088609999999999,0.26630099999999995,0.1844109999999999,2.0999999999999995e-05,1.412041,0.008021,0.07766100000000001,0.010010999999999999,2.0999999999999995e-05,0.014681,0.000501,0.568241,2.0999999999999995e-05,2.0999999999999995e-05,0.018210999999999998,2.0999999999999995e-05,0.003661,2.0999999999999995e-05,2.0999999999999995e-05,2.0999999999999995e-05,2.0999999999999995e-05,2.0999999999999995e-05,2.0999999999999995e-05,2.0999999999999995e-05,2.0999999999999995e-05,2.0999999999999995e-05,2.0999999999999995e-05,2.0999999999999995e-05,2.0999999999999995e-05,0.008060999999999999,2.0999999999999995e-05,0.070191,0.006170999999999999,2.0999999999999995e-05,2.0999999999999995e-05,2.0999999999999995e-05,0.018951,2.0999999999999995e-05,2.0999999999999995e-05,0.083941,17.802201,2.0999999999999995e-05,2.0999999999999995e-05,2.0999999999999995e-05,2.0999999999999995e-05,2.0999999999999995e-05,2.0999999999999995e-05,2.0999999999999995e-05,0.19992100000000002,2.0999999999999995e-05,0.18602100000000002,2.0999999999999995e-05,2.0999999999999995e-05,2.0999999999999995e-05,2.0999999999999995e-05,2.0999999999999995e-05,2.0999999999999995e-05,0.032251,2.0999999999999995e-05,2.0999999999999995e-05,2.0999999999999995e-05,2.0999999999999995e-05,2.0999999999999995e-05,2.0999999999999995e-05,0.733421,2.0999999999999995e-05,2.0999999999999995e-05,2.0999999999999995e-05,2.0999999999999995e-05,2.0999999999999995e-05,2.0999999999999995e-05,2.0999999999999995e-05,2.0999999999999995e-05,2.0999999999999995e-05,0.384851,2.0999999999999995e-05,2.0999999999999995e-05,2.0999999999999995e-05,2.0999999999999995e-05,2.0999999999999995e-05,2.0999999999999995e-05,2.0999999999999995e-05,0.26881099999999997,2.0999999999999995e-05,2.0999999999999995e-05,2.0999999999999995e-05,2.0999999999999995e-05,2.0999999999999995e-05,2.0999999999999995e-05,2.0999999999999995e-05,2.0999999999999995e-05,0.012791,2.0999999999999995e-05,2.0999999999999995e-05,2.0999999999999995e-05,2.0999999999999995e-05,2.0999999999999995e-05,2.0999999999999995e-05,2.0999999999999995e-05,2.0999999999999995e-05,2.0999999999999995e-05,2.0999999999999995e-05,2.0999999999999995e-05,2.0999999999999995e-05,2.0999999999999995e-05,2.0999999999999995e-05,2.0999999999999995e-05,0.077711,2.0999999999999995e-05,2.0999999999999995e-05,2.0999999999999995e-05,2.0999999999999995e-05,2.0999999999999995e-05,2.0999999999999995e-05,2.0999999999999995e-05,2.0999999999999995e-05,2.0999999999999995e-05,2.0999999999999995e-05,2.0999999999999995e-05,2.0999999999999995e-05,2.0999999999999995e-05,2.0999999999999995e-05,2.0999999999999995e-05,2.0999999999999995e-05,2.0999999999999995e-05,2.0999999999999995e-05,2.0999999999999995e-05,0.07111100000000001,2.0999999999999995e-05,2.0999999999999995e-05,2.0999999999999995e-05,2.0999999999999995e-05,2.0999999999999995e-05,2.0999999999999995e-05,2.0999999999999995e-05,2.0999999999999995e-05,2.0999999999999995e-05,2.0999999999999995e-05,2.0999999999999995e-05,2.0999999999999995e-05,2.0999999999999995e-05,2.0999999999999995e-05,0.006071,2.0999999999999995e-05,2.0999999999999995e-05,2.0999999999999995e-05,2.0999999999999995e-05,0.0042109999999999995,2.0999999999999995e-05,0.2102209999999999,2.0999999999999995e-05,2.0999999999999995e-05,2.0999999999999995e-05,2.0999999999999995e-05,0.064531,0.021581,2.0999999999999995e-05,0.007731,0.006591,2.0999999999999995e-05,0.013380999999999999,2.0999999999999995e-05,2.0999999999999995e-05,2.0999999999999995e-05,2.0999999999999995e-05,2.0999999999999995e-05,2.0999999999999995e-05,2.0999999999999995e-05,2.0999999999999995e-05,2.0999999999999995e-05,2.0999999999999995e-05,3.403090999999996
37082_1#23,3.0224503,2.8746503,4.636370299999999,1.5736703,0.6530103,0.44325030000000004,1.0251703,4.3547103,2.03e-05,11.5055603,0.1085802999999999,0.4502402999999999,37.4221803,0.5431103,2.03e-05,0.4573103,0.3504503,2.03e-05,0.9164003,0.4675103,0.1090102999999999,0.16527029999999998,2.7456203,0.1949503,0.5592003,1.9540703000000001,0.6435002999999999,0.0552003,0.0165703,0.1104403,0.0320803,2.03e-05,0.6134603,2.03e-05,0.0078303,0.3057403,0.23115029999999998,0.8996703,0.8720402999999999,0.3457202999999999,0.0129202999999999,0.0003903,0.0101803,2.03e-05,2.03e-05,2.03e-05,0.0199202999999999,2.03e-05,1.5392203,2.03e-05,2.03e-05,2.03e-05,2.03e-05,0.1373303,2.03e-05,2.03e-05,2.03e-05,2.03e-05,2.03e-05,2.03e-05,0.0771203,2.03e-05,2.03e-05,2.03e-05,0.0982703,2.03e-05,2.03e-05,2.03e-05,2.03e-05,2.03e-05,2.03e-05,2.03e-05,2.03e-05,2.03e-05,2.03e-05,2.03e-05,2.03e-05,2.03e-05,2.03e-05,2.03e-05,2.03e-05,2.03e-05,2.03e-05,2.03e-05,2.03e-05,0.0371503,2.03e-05,2.03e-05,0.0460703,2.03e-05,2.03e-05,2.03e-05,2.03e-05,2.03e-05,2.03e-05,2.03e-05,2.03e-05,2.03e-05,2.03e-05,2.03e-05,2.03e-05,2.03e-05,0.1103703,2.03e-05,2.03e-05,2.03e-05,2.03e-05,2.03e-05,2.03e-05,0.1023602999999999,2.03e-05,2.03e-05,2.03e-05,2.03e-05,2.03e-05,2.03e-05,2.03e-05,2.03e-05,2.03e-05,2.03e-05,2.03e-05,2.03e-05,2.03e-05,2.03e-05,2.03e-05,2.03e-05,2.03e-05,2.03e-05,2.03e-05,2.03e-05,2.03e-05,2.03e-05,2.03e-05,1.3104203,2.03e-05,0.4138403,2.03e-05,1.4395503,2.03e-05,2.03e-05,2.03e-05,2.03e-05,2.03e-05,2.03e-05,2.03e-05,2.03e-05,2.03e-05,2.03e-05,2.03e-05,2.03e-05,2.03e-05,0.0037202999999999997,2.03e-05,2.03e-05,2.03e-05,0.36143030000000004,2.03e-05,2.03e-05,2.03e-05,2.03e-05,2.03e-05,2.03e-05,2.03e-05,2.03e-05,2.03e-05,2.03e-05,2.03e-05,2.03e-05,2.03e-05,2.03e-05,2.03e-05,2.03e-05,2.03e-05,2.03e-05,2.03e-05,2.03e-05,2.03e-05,0.059900300000000004,2.03e-05,2.03e-05,2.03e-05,2.03e-05,2.03e-05,2.03e-05,0.0910703,0.0836903,0.0897903,0.0546503,2.03e-05,2.03e-05,2.03e-05,2.03e-05,2.03e-05,2.03e-05,2.03e-05,2.03e-05,2.03e-05,2.03e-05,2.03e-05,13.231600299999997
37082_1#24,0.06889625,3.03902625,0.08564625000000001,1.07198625,1.9271962500000002,0.99552625,0.49002625,2.9937562499999997,2.625e-05,37.251536249999994,0.1068662499999999,0.1610162499999999,6.55819625,0.08648625,2.625e-05,0.10053624999999991,0.90776625,2.625e-05,0.7711162500000001,0.67227625,2.625e-05,0.02865625,0.31925624999999996,0.5595962499999999,0.12312625,5.36370625,0.98217625,0.01080625,0.02567625,0.07553625,0.004186249999999899,0.07670625,1.4389962500000002,2.625e-05,0.01426625,0.00124625,2.625e-05,0.00146625,2.625e-05,0.02833625,0.00229625,2.625e-05,2.625e-05,2.625e-05,2.625e-05,0.01639625,2.625e-05,1.33538625,2.625e-05,2.625e-05,2.625e-05,2.625e-05,0.60658625,2.625e-05,8.21583625,2.625e-05,2.625e-05,0.06989625000000001,2.625e-05,0.2336162499999999,0.45997625,2.625e-05,2.625e-05,2.625e-05,0.30672625,2.625e-05,2.625e-05,0.23848624999999998,0.81214625,2.625e-05,2.625e-05,2.625e-05,2.625e-05,2.625e-05,2.625e-05,0.016456250000000002,0.46305625,2.625e-05,0.01528625,2.625e-05,2.625e-05,0.0023462499999999,2.625e-05,2.625e-05,2.625e-05,2.625e-05,2.625e-05,2.625e-05,2.625e-05,2.625e-05,2.625e-05,2.625e-05,2.625e-05,2.625e-05,2.625e-05,3.7488462499999997,2.625e-05,2.625e-05,2.625e-05,2.625e-05,0.16571624999999998,2.625e-05,0.060496249999999994,0.019016250000000002,2.625e-05,2.625e-05,2.625e-05,2.625e-05,2.625e-05,0.44371625,2.625e-05,2.625e-05,2.625e-05,2.625e-05,2.625e-05,2.625e-05,2.625e-05,2.625e-05,2.625e-05,2.625e-05,2.625e-05,2.625e-05,2.625e-05,2.625e-05,2.625e-05,0.11158625,2.625e-05,2.625e-05,0.00360625,2.625e-05,2.625e-05,2.625e-05,0.0011462500000000001,0.045476249999999996,2.625e-05,2.625e-05,2.625e-05,0.01311625,2.625e-05,2.625e-05,2.625e-05,2.625e-05,2.625e-05,2.625e-05,2.625e-05,2.625e-05,2.625e-05,2.625e-05,0.14929625,2.625e-05,2.625e-05,0.04428625,2.625e-05,0.00051625,2.625e-05,2.625e-05,2.625e-05,0.00302625,0.14321625,0.019426249999999902,0.01954625,2.625e-05,2.625e-05,2.625e-05,2.625e-05,2.625e-05,2.625e-05,2.625e-05,2.625e-05,2.625e-05,2.625e-05,0.058496249999999896,2.625e-05,2.625e-05,2.625e-05,2.625e-05,2.625e-05,0.03660625,2.625e-05,2.625e-05,2.625e-05,0.021466249999999902,2.625e-05,0.10033625,0.00016625,0.61326625,0.0119862499999999,2.625e-05,2.625e-05,2.625e-05,2.625e-05,2.625e-05,2.625e-05,2.625e-05,2.625e-05,2.625e-05,2.625e-05,0.04045625,0.19299624999999998,14.792816250000035
37082_1#25,5.34679045,3.2882104500000002,4.2302104499999995,0.52242045,0.81296045,0.89500045,0.18793045,13.832700449999999,3.045e-05,0.8290904499999999,0.16142045,0.06015045,0.97147045,3.11161045,3.045e-05,0.05253045,0.28569045,0.40124045,0.14377045,0.34514045,0.07804045,0.7377704500000001,0.42171045,0.04368045,3.045e-05,4.315330449999999,1.4168704499999998,0.2381704499999999,0.0226804499999999,0.00049045,0.40869045,0.0945904499999999,0.29645045,0.34141045,3.045e-05,3.045e-05,0.08798045,0.25241045,0.65276045,3.045e-05,0.33141045,0.04109045,3.045e-05,3.045e-05,0.00125045,3.045e-05,3.045e-05,37.58048045,3.045e-05,3.045e-05,3.045e-05,3.045e-05,3.045e-05,3.045e-05,3.045e-05,3.045e-05,3.045e-05,0.0945904499999999,3.045e-05,0.88075045,3.045e-05,3.045e-05,3.045e-05,0.0119904499999999,0.07652045,3.045e-05,3.045e-05,0.2188804499999999,3.045e-05,3.045e-05,3.045e-05,3.045e-05,3.045e-05,3.045e-05,3.045e-05,3.045e-05,0.30349045,3.045e-05,0.16356045,3.045e-05,0.023930449999999902,0.08874045,0.02515045,3.045e-05,3.045e-05,0.020960450000000002,0.03468045,3.045e-05,3.045e-05,3.045e-05,3.045e-05,3.045e-05,0.15615045,0.04426045,3.045e-05,3.045e-05,3.045e-05,3.045e-05,3.045e-05,3.045e-05,0.05077045,3.045e-05,0.07124045,3.045e-05,3.045e-05,3.045e-05,0.07221045,3.045e-05,3.045e-05,0.28372045,0.09089045,0.02725045,3.045e-05,3.045e-05,3.045e-05,0.0945904499999999,3.045e-05,3.045e-05,3.045e-05,0.09275045,0.08071045,3.045e-05,3.045e-05,3.045e-05,0.14846045,0.0510504499999999,3.045e-05,3.045e-05,0.022490450000000002,3.045e-05,3.045e-05,3.045e-05,3.045e-05,3.045e-05,0.0016404500000000001,3.045e-05,3.045e-05,0.1553904499999999,3.045e-05,3.045e-05,3.045e-05,3.045e-05,3.045e-05,3.045e-05,3.045e-05,0.0022204499999999997,3.045e-05,3.045e-05,0.01002045,3.045e-05,0.0016404500000000001,3.045e-05,3.045e-05,0.22472045,3.045e-05,0.1323204499999999,3.045e-05,3.045e-05,3.045e-05,0.81280045,0.87471045,3.045e-05,0.02418045,3.045e-05,0.04589045,3.045e-05,0.0066404499999999,3.045e-05,3.045e-05,3.045e-05,3.045e-05,3.045e-05,3.045e-05,3.045e-05,0.00187045,0.0773404499999999,3.045e-05,3.045e-05,3.045e-05,3.045e-05,3.045e-05,0.60565045,0.26507045,0.0078704499999999,0.02166045,0.15078045,3.045e-05,0.00981045,3.045e-05,3.045e-05,3.045e-05,3.045e-05,3.045e-05,3.045e-05,3.045e-05,3.045e-05,3.045e-05,0.08671045,0.0369304499999999,10.369290450000053
37082_1#26,2.8273838000000002,2.3561838,1.4782337999999997,1.0276737999999999,0.4937338,0.0647138,0.9083038,4.243513800000001,0.4304838,18.330873800000003,0.0167538,0.1931938,7.9321138,3.2574138,2.3799999999999996e-05,0.3509338,0.5845638000000001,0.0019038,0.7308838,1.1725937999999998,2.3799999999999996e-05,0.2552038,2.3799999999999996e-05,0.0303437999999999,2.3799999999999996e-05,1.1736437999999998,0.8662738000000001,0.0064738,0.0830937999999999,0.6652138000000001,0.12064380000000001,1.0274837999999997,0.0748838,0.1829538,0.0137638,2.3799999999999996e-05,0.27773380000000003,0.057013799999999996,1.7658938,0.1735738,2.3799999999999996e-05,2.3799999999999996e-05,0.0013137999999999,2.3799999999999996e-05,2.3799999999999996e-05,2.3799999999999996e-05,2.3799999999999996e-05,2.3799999999999996e-05,2.3799999999999996e-05,2.3799999999999996e-05,2.3799999999999996e-05,2.3799999999999996e-05,0.1271938,2.3799999999999996e-05,2.3799999999999996e-05,2.3799999999999996e-05,2.3799999999999996e-05,0.0829238,2.3799999999999996e-05,0.0740238,0.0206838,2.3799999999999996e-05,2.3799999999999996e-05,2.3799999999999996e-05,1.0038238,2.3799999999999996e-05,2.3799999999999996e-05,2.3799999999999996e-05,2.3799999999999996e-05,2.3799999999999996e-05,2.3799999999999996e-05,2.3799999999999996e-05,2.3799999999999996e-05,2.3799999999999996e-05,2.3799999999999996e-05,2.3799999999999996e-05,0.2742338,2.3799999999999996e-05,0.051183799999999995,2.3799999999999996e-05,2.3799999999999996e-05,2.3799999999999996e-05,2.3799999999999996e-05,2.3799999999999996e-05,2.3799999999999996e-05,2.3799999999999996e-05,2.3799999999999996e-05,2.3799999999999996e-05,0.0807238,2.3799999999999996e-05,2.3799999999999996e-05,2.3799999999999996e-05,2.3799999999999996e-05,2.3799999999999996e-05,2.3799999999999996e-05,2.3799999999999996e-05,2.3799999999999996e-05,2.3799999999999996e-05,2.3799999999999996e-05,0.07557380000000001,2.3799999999999996e-05,2.3799999999999996e-05,0.1487938,2.3799999999999996e-05,2.3799999999999996e-05,2.3799999999999996e-05,2.3799999999999996e-05,2.3799999999999996e-05,2.3799999999999996e-05,2.3799999999999996e-05,0.0223538,5.472233800000001,2.3799999999999996e-05,2.3799999999999996e-05,2.3799999999999996e-05,2.3799999999999996e-05,2.3799999999999996e-05,2.3799999999999996e-05,2.3799999999999996e-05,2.3799999999999996e-05,2.3799999999999996e-05,2.3799999999999996e-05,2.3799999999999996e-05,2.3799999999999996e-05,11.6505638,2.3799999999999996e-05,2.3799999999999996e-05,2.3799999999999996e-05,2.3799999999999996e-05,2.3799999999999996e-05,2.3799999999999996e-05,2.3799999999999996e-05,2.3799999999999996e-05,0.7972238,2.3799999999999996e-05,0.4697138,2.3799999999999996e-05,2.3799999999999996e-05,2.3799999999999996e-05,2.3799999999999996e-05,2.3799999999999996e-05,2.3799999999999996e-05,2.3799999999999996e-05,6.3415137999999995,2.3799999999999996e-05,2.3799999999999996e-05,2.3799999999999996e-05,2.3799999999999996e-05,2.3799999999999996e-05,2.3799999999999996e-05,2.3799999999999996e-05,0.4870638,2.3799999999999996e-05,2.3799999999999996e-05,2.3799999999999996e-05,0.3256438,2.3799999999999996e-05,2.3799999999999996e-05,0.0070238,2.2549738,0.8735638,2.3799999999999996e-05,2.3799999999999996e-05,0.6853538,2.3799999999999996e-05,2.3799999999999996e-05,2.3799999999999996e-05,2.3799999999999996e-05,2.3799999999999996e-05,2.3799999999999996e-05,2.3799999999999996e-05,2.3799999999999996e-05,2.3799999999999996e-05,2.3799999999999996e-05,2.3799999999999996e-05,2.3799999999999996e-05,2.3799999999999996e-05,2.3799999999999996e-05,2.3799999999999996e-05,2.3799999999999996e-05,2.3799999999999996e-05,0.0293038,1.1720738,0.1409138,0.034743799999999894,0.0716938,0.0372138,0.2507638,2.3799999999999996e-05,2.3799999999999996e-05,2.3799999999999996e-05,2.3799999999999996e-05,2.3799999999999996e-05,2.3799999999999996e-05,2.3799999999999996e-05,4.6266538,2.3799999999999996e-05,2.3799999999999996e-05,0.0789638,9.05119379999999
37082_1#27,0.8290029,0.3065729,2.1550229,0.7824729,5.2619129,0.21965289999999998,0.48085289999999997,22.1988329,0.0384528999999999,18.4733129,0.0330029,0.22794289999999998,4.0973729,0.5294329,0.0064129,0.1009829,1.3499329,0.0693928999999999,0.0795629,0.3403729,0.7861229000000001,0.37560289999999996,0.1243329,0.0686829,3.289999999999999e-05,1.7038129000000002,1.3675329000000003,0.054922900000000004,0.0383329,0.015902899999999998,0.1057728999999999,0.2687329,0.7603929,0.038792900000000005,3.289999999999999e-05,0.0090429,0.052162900000000005,0.6465929,0.0824529,3.289999999999999e-05,3.289999999999999e-05,3.289999999999999e-05,3.289999999999999e-05,3.289999999999999e-05,3.289999999999999e-05,3.289999999999999e-05,3.289999999999999e-05,4.5961129,3.289999999999999e-05,3.289999999999999e-05,3.289999999999999e-05,3.289999999999999e-05,0.9737429,0.9873629,3.289999999999999e-05,3.289999999999999e-05,3.289999999999999e-05,0.042462900000000005,3.289999999999999e-05,1.0292429,0.17125289999999999,3.289999999999999e-05,3.289999999999999e-05,3.289999999999999e-05,0.13002289999999989,3.289999999999999e-05,3.289999999999999e-05,0.20430289999999998,3.289999999999999e-05,3.289999999999999e-05,3.289999999999999e-05,3.289999999999999e-05,0.11457289999999991,0.0052929,3.289999999999999e-05,0.0066428999999999004,0.7675128999999999,3.289999999999999e-05,0.0543629,3.289999999999999e-05,0.0405929,1.1413029000000001,3.289999999999999e-05,3.289999999999999e-05,0.4216629,3.289999999999999e-05,0.0159429,3.289999999999999e-05,3.289999999999999e-05,3.289999999999999e-05,3.289999999999999e-05,3.289999999999999e-05,0.3450329,3.289999999999999e-05,0.0618629,4.4852329,3.289999999999999e-05,3.289999999999999e-05,3.289999999999999e-05,0.0496029,3.289999999999999e-05,3.289999999999999e-05,0.023722899999999998,3.289999999999999e-05,3.289999999999999e-05,3.289999999999999e-05,3.289999999999999e-05,3.289999999999999e-05,3.289999999999999e-05,0.1007229,0.0878729,3.289999999999999e-05,3.289999999999999e-05,3.289999999999999e-05,0.0190129,3.289999999999999e-05,3.289999999999999e-05,3.289999999999999e-05,3.289999999999999e-05,3.289999999999999e-05,3.289999999999999e-05,3.289999999999999e-05,3.289999999999999e-05,3.289999999999999e-05,0.1204529,3.289999999999999e-05,3.289999999999999e-05,3.289999999999999e-05,3.289999999999999e-05,0.0036329,3.289999999999999e-05,3.289999999999999e-05,0.0093629,0.33226289999999997,3.289999999999999e-05,0.0541729,3.289999999999999e-05,0.7263329,3.289999999999999e-05,0.0521429,0.1442529,3.289999999999999e-05,3.289999999999999e-05,3.289999999999999e-05,3.289999999999999e-05,3.289999999999999e-05,3.289999999999999e-05,3.289999999999999e-05,0.0513029,3.289999999999999e-05,0.5756929,0.1944829,0.5675929,3.289999999999999e-05,3.289999999999999e-05,0.1024929,0.0599029,1.1572129,0.4687129,3.289999999999999e-05,2.8986129,0.0004428999999999,0.2871228999999999,3.289999999999999e-05,3.289999999999999e-05,3.289999999999999e-05,3.289999999999999e-05,3.289999999999999e-05,0.14624289999999998,3.289999999999999e-05,3.289999999999999e-05,0.0032729,3.289999999999999e-05,3.289999999999999e-05,3.289999999999999e-05,0.0057229,3.289999999999999e-05,0.3552029,3.289999999999999e-05,3.289999999999999e-05,3.289999999999999e-05,0.0616528999999999,0.0388629,0.026352899999999898,0.0484129,0.2351729,3.289999999999999e-05,0.0123029,3.289999999999999e-05,3.289999999999999e-05,3.289999999999999e-05,3.289999999999999e-05,3.289999999999999e-05,3.289999999999999e-05,3.289999999999999e-05,3.289999999999999e-05,3.289999999999999e-05,0.16223289999999999,0.0796829,11.060072900000044
37082_1#28,1.35091345,0.98577345,3.77099345,0.64569345,9.60103345,0.7618634500000001,1.24703345,9.82239345,2.345e-05,3.31156345,0.07314344999999989,0.20417345,26.37717345,1.0601634500000001,0.04332345,0.27061345000000003,0.14615345,2.18895345,0.12359345,2.27382345,0.07092345,0.33653345,0.03475345,0.01770345,0.021293450000000002,0.84983345,1.53661345,0.09088344999999999,0.01269345,0.03630345,0.06755344999999999,0.49153345000000004,0.49982345,0.04524345,2.345e-05,0.06229345,0.24600344999999998,0.012203450000000001,0.99534345,0.03967345,0.00028345,2.345e-05,2.345e-05,2.345e-05,2.345e-05,2.345e-05,2.345e-05,0.30205345,2.345e-05,0.00580345,2.345e-05,0.08029344999999999,2.345e-05,2.345e-05,0.06490344999999999,0.00220345,2.345e-05,0.00777345,2.345e-05,0.08303345,2.345e-05,2.345e-05,2.345e-05,0.00323345,0.1798334499999999,2.345e-05,2.345e-05,2.345e-05,0.25236344999999993,2.345e-05,2.345e-05,2.345e-05,2.345e-05,2.345e-05,2.345e-05,2.345e-05,0.20631344999999998,2.345e-05,0.03261345,2.345e-05,2.345e-05,0.03162345,2.345e-05,2.345e-05,2.345e-05,2.345e-05,2.345e-05,2.345e-05,2.345e-05,2.345e-05,2.345e-05,2.345e-05,2.345e-05,2.345e-05,2.345e-05,25.69826345,2.345e-05,2.345e-05,2.345e-05,0.02840345,2.345e-05,2.345e-05,0.02514345,2.345e-05,2.345e-05,2.345e-05,2.345e-05,2.345e-05,2.345e-05,2.345e-05,0.00041344999999990003,2.345e-05,2.345e-05,2.345e-05,2.345e-05,2.345e-05,2.345e-05,2.345e-05,2.345e-05,0.018133450000000002,2.345e-05,2.345e-05,2.345e-05,2.345e-05,2.345e-05,2.345e-05,2.345e-05,2.345e-05,2.345e-05,2.345e-05,0.08708344999999999,2.345e-05,2.345e-05,2.345e-05,2.345e-05,0.17191345,2.345e-05,2.345e-05,2.345e-05,2.345e-05,2.345e-05,2.345e-05,2.345e-05,2.345e-05,2.345e-05,2.345e-05,2.345e-05,2.345e-05,2.345e-05,2.345e-05,2.345e-05,0.00993345,2.345e-05,2.345e-05,2.345e-05,0.0069534499999999,2.345e-05,2.345e-05,2.345e-05,2.345e-05,2.345e-05,2.345e-05,2.345e-05,2.345e-05,2.345e-05,2.345e-05,2.345e-05,2.345e-05,2.345e-05,2.345e-05,2.345e-05,2.345e-05,2.345e-05,2.345e-05,2.345e-05,0.01851345,2.345e-05,2.345e-05,2.345e-05,2.345e-05,2.345e-05,0.011643450000000001,0.5741034500000001,2.345e-05,2.345e-05,0.18121345,0.07241344999999999,2.345e-05,2.345e-05,2.345e-05,2.345e-05,2.345e-05,2.345e-05,2.345e-05,2.345e-05,2.345e-05,2.345e-05,2.345e-05,2.345e-05,2.1148434499999924
37082_1#29,0.028002,4.2e-05,0.035692,0.615792,17.007051999999998,0.110862,2.623752,5.773162,0.6520619999999999,2.8860520000000003,0.0522619999999999,1.908342,10.489842,4.2e-05,4.2e-05,1.2497920000000002,3.5346620000000004,1.4685320000000002,0.087622,2.350692,0.651482,0.0366919999999999,0.26912200000000003,0.005272,0.218322,2.997592,3.785412,0.206222,0.2049919999999999,0.013632,0.057952,0.224522,0.357702,0.007762,0.077442,0.028752,0.137802,0.157562,0.063112,4.2e-05,4.2e-05,0.0131919999999999,4.2e-05,0.019202,0.017972,4.2e-05,4.2e-05,1.206682,4.2e-05,0.179952,4.2e-05,0.500022,0.154552,2.424022,0.067582,4.2e-05,0.102512,0.312612,4.2e-05,0.871722,0.751032,4.2e-05,4.2e-05,0.177502,0.068472,4.2e-05,0.276482,0.613262,4.2e-05,4.2e-05,0.013222,4.2e-05,0.396222,4.2e-05,4.2e-05,4.2e-05,0.25558200000000003,0.148112,0.010602,4.2e-05,0.024142,0.039282,0.071902,4.2e-05,4.2e-05,0.007242,0.072372,4.2e-05,4.2e-05,0.002292,0.004941999999999999,4.2e-05,4.2e-05,4.2e-05,4.2e-05,10.189371999999999,4.2e-05,0.0056419999999999994,0.031822,0.041212,0.0024720000000000002,0.023242,0.817552,0.106692,0.0304619999999999,4.2e-05,0.26536200000000004,4.2e-05,4.2e-05,0.039542,0.151332,0.392432,4.2e-05,4.2e-05,4.2e-05,4.2e-05,0.241082,4.2e-05,0.019912,0.013422,0.048652,0.001692,4.2e-05,4.2e-05,0.145792,0.066352,4.2e-05,0.0535019999999999,0.281382,4.2e-05,4.2e-05,4.2e-05,4.2e-05,4.2e-05,0.077022,4.2e-05,0.966762,0.218372,0.2254919999999999,0.226932,4.2e-05,0.148452,0.022422,4.2e-05,4.2e-05,4.2e-05,0.020582,0.018512,0.068882,4.2e-05,0.0595519999999999,0.37799199999999994,0.018872,0.060851999999999996,0.001202,0.009012,0.030792,0.011741999999999999,4.2e-05,4.2e-05,2.641312,0.0033119999999999,0.054632,4.2e-05,0.033482,4.2e-05,4.2e-05,4.2e-05,0.330332,4.2e-05,4.2e-05,0.023082,4.2e-05,4.2e-05,4.2e-05,4.2e-05,4.2e-05,0.066312,4.2e-05,4.2e-05,4.2e-05,0.0034820000000000003,4.2e-05,0.002872,4.2e-05,0.088572,4.2e-05,4.2e-05,0.031832,4.2e-05,4.2e-05,4.2e-05,4.2e-05,4.2e-05,4.2e-05,0.0007819999999999999,4.2e-05,0.127912,0.027202,11.850941999999936
37082_1#30,3.79382275,0.012572749999999999,7.085382750000001,1.29637275,2.1373327499999997,1.38989275,1.10369275,10.54513275,2.2750000000000004e-05,11.75503275,0.07812275,2.2750000000000004e-05,7.38160275,2.2750000000000004e-05,0.0130127499999999,0.16780275,0.91366275,2.2750000000000004e-05,5.5843827500000005,2.23410275,0.9785927499999999,1.45325275,2.32311275,0.5923427499999999,1.91060275,1.90633275,2.80243275,0.04806275,0.04296275,0.6354027499999999,0.0525827499999999,3.50288275,0.2237627499999999,0.35908275,2.2750000000000004e-05,0.29035275,0.81630275,0.061932749999999905,2.2750000000000004e-05,0.0096827499999999,0.05755275,0.00346275,0.01324275,2.2750000000000004e-05,2.2750000000000004e-05,2.2750000000000004e-05,2.2750000000000004e-05,4.21537275,2.2750000000000004e-05,2.2750000000000004e-05,2.2750000000000004e-05,2.2750000000000004e-05,2.2750000000000004e-05,2.2750000000000004e-05,2.2750000000000004e-05,2.2750000000000004e-05,2.2750000000000004e-05,0.09042275,2.2750000000000004e-05,0.01046275,2.2750000000000004e-05,2.2750000000000004e-05,2.2750000000000004e-05,2.2750000000000004e-05,0.7949427499999999,2.2750000000000004e-05,2.2750000000000004e-05,0.30459275,2.2750000000000004e-05,2.2750000000000004e-05,2.2750000000000004e-05,2.2750000000000004e-05,2.2750000000000004e-05,2.2750000000000004e-05,2.2750000000000004e-05,2.2750000000000004e-05,1.82154275,2.2750000000000004e-05,2.2750000000000004e-05,2.2750000000000004e-05,2.2750000000000004e-05,2.2750000000000004e-05,2.2750000000000004e-05,2.2750000000000004e-05,2.2750000000000004e-05,0.004022749999999999,2.2750000000000004e-05,2.2750000000000004e-05,2.2750000000000004e-05,2.2750000000000004e-05,2.2750000000000004e-05,2.2750000000000004e-05,2.2750000000000004e-05,2.2750000000000004e-05,2.2750000000000004e-05,0.88034275,2.2750000000000004e-05,2.2750000000000004e-05,0.9391127499999999,2.2750000000000004e-05,2.2750000000000004e-05,2.2750000000000004e-05,0.26435275,2.2750000000000004e-05,2.2750000000000004e-05,2.2750000000000004e-05,2.2750000000000004e-05,2.2750000000000004e-05,2.2750000000000004e-05,0.06641275,0.33731275,3.67450275,2.2750000000000004e-05,2.2750000000000004e-05,2.2750000000000004e-05,0.00898275,2.2750000000000004e-05,2.2750000000000004e-05,2.2750000000000004e-05,2.2750000000000004e-05,2.2750000000000004e-05,2.2750000000000004e-05,2.2750000000000004e-05,2.2750000000000004e-05,2.61164275,2.2750000000000004e-05,2.2750000000000004e-05,2.2750000000000004e-05,2.2750000000000004e-05,2.2750000000000004e-05,2.2750000000000004e-05,2.2750000000000004e-05,0.050562750000000004,2.2750000000000004e-05,2.2750000000000004e-05,0.3558227499999999,2.2750000000000004e-05,2.2750000000000004e-05,2.2750000000000004e-05,2.2750000000000004e-05,2.2750000000000004e-05,2.2750000000000004e-05,2.2750000000000004e-05,2.2750000000000004e-05,2.2750000000000004e-05,2.2750000000000004e-05,2.2750000000000004e-05,2.2750000000000004e-05,2.2750000000000004e-05,2.2750000000000004e-05,0.73503275,0.05209275,2.2750000000000004e-05,2.2750000000000004e-05,2.2750000000000004e-05,2.2750000000000004e-05,2.2750000000000004e-05,2.2750000000000004e-05,2.2750000000000004e-05,2.2750000000000004e-05,1.7225127500000001,2.2750000000000004e-05,2.2750000000000004e-05,2.2750000000000004e-05,2.2750000000000004e-05,2.2750000000000004e-05,2.2750000000000004e-05,2.2750000000000004e-05,2.2750000000000004e-05,2.2750000000000004e-05,2.2750000000000004e-05,2.2750000000000004e-05,2.2750000000000004e-05,2.2750000000000004e-05,2.2750000000000004e-05,2.2750000000000004e-05,2.2750000000000004e-05,0.28525275,2.2750000000000004e-05,2.2750000000000004e-05,2.2750000000000004e-05,0.21500275,2.2750000000000004e-05,0.06244275,2.2750000000000004e-05,0.1100627499999999,0.015552749999999999,0.013462749999999999,2.2750000000000004e-05,2.2750000000000004e-05,2.2750000000000004e-05,2.2750000000000004e-05,2.2750000000000004e-05,2.2750000000000004e-05,2.2750000000000004e-05,2.2750000000000004e-05,2.2750000000000004e-05,0.03310275,2.2750000000000004e-05,6.746142749999988
37082_1#31,5.660975199999999,0.3609552,9.4308552,2.9462752,0.3680252,1.0751252000000002,3.1315052,4.6108952,0.17673519999999998,13.3588352,1.1029252,0.0440952,0.14923519999999998,0.9930452000000001,2.5199999999999996e-05,2.8382552,1.9201452,0.0090752,0.1027552,11.1826152,0.0733752,0.4569451999999999,0.3246152,2.5199999999999996e-05,0.0344452,2.8521052,0.5268652,0.3179652,0.44753519999999997,0.06512520000000001,0.2644852,1.3496352,2.0961052000000002,0.49848519999999996,0.1216651999999999,2.5199999999999996e-05,0.30444519999999997,0.0149852,0.1151752,0.0025852,2.5199999999999996e-05,2.5199999999999996e-05,2.5199999999999996e-05,2.5199999999999996e-05,2.5199999999999996e-05,2.5199999999999996e-05,2.5199999999999996e-05,2.5199999999999996e-05,10.290995200000001,0.8346652000000001,2.5199999999999996e-05,2.5199999999999996e-05,0.060355200000000005,2.5199999999999996e-05,2.5199999999999996e-05,2.5199999999999996e-05,2.5199999999999996e-05,0.24753519999999998,2.5199999999999996e-05,0.7296752000000001,0.17186519999999988,2.5199999999999996e-05,2.5199999999999996e-05,0.0394952,2.5199999999999996e-05,2.5199999999999996e-05,2.5199999999999996e-05,2.2225652,3.7749552,2.5199999999999996e-05,2.5199999999999996e-05,2.5199999999999996e-05,2.5199999999999996e-05,0.013945200000000001,2.5199999999999996e-05,2.5199999999999996e-05,0.0054252,2.5199999999999996e-05,0.0214651999999999,2.5199999999999996e-05,2.5199999999999996e-05,0.0674252,2.5199999999999996e-05,2.5199999999999996e-05,0.5862452,2.5199999999999996e-05,2.5199999999999996e-05,2.5199999999999996e-05,2.5199999999999996e-05,2.5199999999999996e-05,2.5199999999999996e-05,0.0209852,2.5199999999999996e-05,2.5199999999999996e-05,2.5199999999999996e-05,2.5199999999999996e-05,0.0916652,2.5199999999999996e-05,2.5199999999999996e-05,2.5199999999999996e-05,2.5199999999999996e-05,2.5199999999999996e-05,0.1167352,2.5199999999999996e-05,2.5199999999999996e-05,2.5199999999999996e-05,2.5199999999999996e-05,2.5199999999999996e-05,2.5199999999999996e-05,0.0873852,0.0186652,2.5199999999999996e-05,2.5199999999999996e-05,2.5199999999999996e-05,2.5199999999999996e-05,2.5199999999999996e-05,2.5199999999999996e-05,2.5199999999999996e-05,2.5199999999999996e-05,2.5199999999999996e-05,2.5199999999999996e-05,2.5199999999999996e-05,2.5199999999999996e-05,2.5199999999999996e-05,2.5199999999999996e-05,2.5199999999999996e-05,2.5199999999999996e-05,2.5199999999999996e-05,2.5199999999999996e-05,2.5199999999999996e-05,2.5199999999999996e-05,2.5199999999999996e-05,2.5199999999999996e-05,2.5199999999999996e-05,2.5199999999999996e-05,0.1307552,2.5199999999999996e-05,0.014035200000000001,0.0039952,2.5199999999999996e-05,2.5199999999999996e-05,2.5199999999999996e-05,2.5199999999999996e-05,2.5199999999999996e-05,2.5199999999999996e-05,2.5199999999999996e-05,2.5199999999999996e-05,2.5199999999999996e-05,2.5199999999999996e-05,2.5199999999999996e-05,2.5199999999999996e-05,0.0013952,2.5199999999999996e-05,0.0025552,2.5199999999999996e-05,0.3513652,2.5199999999999996e-05,2.5199999999999996e-05,2.5199999999999996e-05,0.08771520000000001,2.5199999999999996e-05,2.5199999999999996e-05,2.5199999999999996e-05,2.5199999999999996e-05,2.5199999999999996e-05,2.5199999999999996e-05,2.5199999999999996e-05,2.5199999999999996e-05,2.5199999999999996e-05,2.5199999999999996e-05,2.5199999999999996e-05,2.5199999999999996e-05,2.5199999999999996e-05,2.5199999999999996e-05,2.5199999999999996e-05,0.1523452,2.5199999999999996e-05,2.5199999999999996e-05,2.5199999999999996e-05,2.5199999999999996e-05,2.5199999999999996e-05,0.1193752,0.7321552,0.0255752,0.0468352,0.15644519999999998,0.0052052,2.5199999999999996e-05,2.5199999999999996e-05,2.5199999999999996e-05,2.5199999999999996e-05,2.5199999999999996e-05,2.5199999999999996e-05,2.5199999999999996e-05,2.5199999999999996e-05,2.5199999999999996e-05,2.5199999999999996e-05,0.0148952,2.5199999999999996e-05,9.421205199999966
37082_1#32,3.3773499000000005,1.6439899,5.0150198999999995,1.0960899,0.8321799,0.029449899999999998,1.4785899,3.4546299,0.49215989999999993,3.1316599000000003,0.3509199,0.3180799,1.5323999,2.6444699,3.9899999999999994e-05,0.43542990000000004,2.1375399,1.5535199,0.0750599,1.2219999,0.2771599,0.6313499,1.2793799,3.9899999999999994e-05,1.1306498999999999,4.8717299,0.2350499,0.07622989999999999,0.1410399,0.1254899,0.1232499,0.5614299,0.1009399,0.2081798999999999,3.9899999999999994e-05,0.0017999000000000001,0.0170499,0.43615989999999993,0.2058099,0.0121298999999999,3.9899999999999994e-05,3.9899999999999994e-05,3.9899999999999994e-05,3.9899999999999994e-05,0.0044299000000000005,3.9899999999999994e-05,3.9899999999999994e-05,4.4808499,0.2312398999999999,3.9899999999999994e-05,3.9899999999999994e-05,0.5955898999999999,3.9899999999999994e-05,0.33718989999999993,3.9899999999999994e-05,3.9899999999999994e-05,3.9899999999999994e-05,0.1067099,3.9899999999999994e-05,1.8189199,0.0073199,3.9899999999999994e-05,3.9899999999999994e-05,3.9899999999999994e-05,0.1800799,3.9899999999999994e-05,0.6649799,0.1990499,0.0150398999999999,3.9899999999999994e-05,3.9899999999999994e-05,3.9899999999999994e-05,3.9899999999999994e-05,3.9899999999999994e-05,0.32824990000000004,0.020069899999999998,0.31780990000000003,1.5889399,0.3413799,3.9899999999999994e-05,3.9899999999999994e-05,2.7934299,0.12068989999999999,3.9899999999999994e-05,1.0628099,3.9899999999999994e-05,3.9899999999999994e-05,0.0051299,0.0708299,3.9899999999999994e-05,0.0035599,3.9899999999999994e-05,3.9899999999999994e-05,0.018389899999999997,3.9899999999999994e-05,3.0458599,0.2437199,0.0069899,0.0036899000000000003,0.030459899999999897,0.8658498999999998,3.9899999999999994e-05,0.7845399,3.9899999999999994e-05,0.0129999,3.9899999999999994e-05,3.9899999999999994e-05,3.9899999999999994e-05,3.9899999999999994e-05,0.020419899999999998,0.1796099,0.2823199,3.9899999999999994e-05,0.1546399,0.0874499,0.0154499,3.9899999999999994e-05,3.9899999999999994e-05,3.9899999999999994e-05,0.3711699,0.1784199,0.1453399,3.9899999999999994e-05,3.9899999999999994e-05,5.376149900000001,0.1028099,3.9899999999999994e-05,3.9899999999999994e-05,0.1752699,3.9899999999999994e-05,3.9899999999999994e-05,3.9899999999999994e-05,3.9899999999999994e-05,0.0007798999999999999,0.0247199,3.9899999999999994e-05,3.9899999999999994e-05,5.5098699,3.9899999999999994e-05,1.7337699,3.9899999999999994e-05,3.9899999999999994e-05,3.9899999999999994e-05,3.9899999999999994e-05,3.9899999999999994e-05,3.9899999999999994e-05,1.2518198999999999,3.9899999999999994e-05,3.9899999999999994e-05,1.7653098999999999,0.1617999,0.1257199,0.3125699,0.0017799,3.9899999999999994e-05,0.0136899,3.9899999999999994e-05,3.9899999999999994e-05,3.9899999999999994e-05,0.9495699,2.5231898999999998,0.0417799,0.4326299,0.35604990000000003,0.0549098999999999,3.9899999999999994e-05,3.9899999999999994e-05,3.9899999999999994e-05,3.9899999999999994e-05,3.9899999999999994e-05,3.9899999999999994e-05,0.0352099,3.9899999999999994e-05,3.9899999999999994e-05,0.0030399,0.0137599,3.9899999999999994e-05,0.09659989999999999,3.9899999999999994e-05,3.9899999999999994e-05,0.0704399,0.0876199,3.9899999999999994e-05,0.050079900000000004,0.1299999,0.0865799,0.0007999,0.14937989999999998,0.0143799,3.9899999999999994e-05,3.9899999999999994e-05,3.9899999999999994e-05,3.9899999999999994e-05,3.9899999999999994e-05,3.9899999999999994e-05,1.0622799,0.08219989999999999,3.9899999999999994e-05,0.021949899999999998,14.181079899999972
37082_1#9,0.7418868,8.2583168,1.3319368,3.8917468,5.4065268,0.4416568,5.7497968,20.2060468,1.6800000000000002e-05,9.2642068,3.9728968,0.36969680000000005,9.3797168,0.2500568,1.6800000000000002e-05,0.7211468,1.4521068,1.6800000000000002e-05,1.9519768,2.5199968,1.6800000000000002e-05,0.1802068,1.6800000000000002e-05,0.1319868,0.0004868,3.7368468,1.9401368,0.34769680000000003,0.1579567999999999,0.0697868,0.0011668,1.4243568,1.1206168,1.6800000000000002e-05,0.0305568,0.0443268,4.4598068,0.0043368,2.6291968,0.0105068,3.4331868,0.8601668000000001,1.6800000000000002e-05,1.6800000000000002e-05,1.6800000000000002e-05,0.0176568,1.6800000000000002e-05,0.0105168,1.6800000000000002e-05,1.6800000000000002e-05,1.6800000000000002e-05,1.6800000000000002e-05,1.6800000000000002e-05,1.6800000000000002e-05,1.6800000000000002e-05,1.6800000000000002e-05,1.6800000000000002e-05,1.7007368000000003,1.6800000000000002e-05,1.6800000000000002e-05,1.6800000000000002e-05,1.6800000000000002e-05,1.6800000000000002e-05,0.0268268,1.6800000000000002e-05,1.6800000000000002e-05,1.6800000000000002e-05,1.6800000000000002e-05,1.6800000000000002e-05,1.6800000000000002e-05,1.6800000000000002e-05,1.6800000000000002e-05,1.6800000000000002e-05,1.6800000000000002e-05,1.6800000000000002e-05,1.6800000000000002e-05,1.6800000000000002e-05,1.6800000000000002e-05,1.6800000000000002e-05,1.6800000000000002e-05,1.6800000000000002e-05,1.6800000000000002e-05,1.6800000000000002e-05,1.6800000000000002e-05,1.6800000000000002e-05,0.12331679999999999,1.6800000000000002e-05,1.6800000000000002e-05,1.6800000000000002e-05,1.6800000000000002e-05,1.6800000000000002e-05,1.6800000000000002e-05,1.6800000000000002e-05,1.6800000000000002e-05,1.6800000000000002e-05,1.6800000000000002e-05,1.6800000000000002e-05,1.6800000000000002e-05,1.6800000000000002e-05,1.6800000000000002e-05,1.6800000000000002e-05,1.6800000000000002e-05,1.6800000000000002e-05,1.6800000000000002e-05,1.6800000000000002e-05,1.6800000000000002e-05,1.6800000000000002e-05,1.6800000000000002e-05,1.6800000000000002e-05,0.1801668,1.6800000000000002e-05,1.6800000000000002e-05,0.07645679999999999,1.6800000000000002e-05,1.6800000000000002e-05,1.6800000000000002e-05,1.6800000000000002e-05,1.6800000000000002e-05,1.6800000000000002e-05,1.6800000000000002e-05,1.6800000000000002e-05,1.6800000000000002e-05,1.6800000000000002e-05,1.6800000000000002e-05,1.6800000000000002e-05,1.6800000000000002e-05,1.6800000000000002e-05,1.6800000000000002e-05,1.6800000000000002e-05,1.6800000000000002e-05,1.6800000000000002e-05,0.0026367999999999,1.6800000000000002e-05,0.16864679999999999,1.6800000000000002e-05,0.21443679999999998,1.6800000000000002e-05,1.6800000000000002e-05,1.6800000000000002e-05,1.6800000000000002e-05,1.6800000000000002e-05,1.6800000000000002e-05,1.6800000000000002e-05,1.6800000000000002e-05,1.6800000000000002e-05,1.6800000000000002e-05,1.6800000000000002e-05,1.6800000000000002e-05,1.6800000000000002e-05,1.6800000000000002e-05,1.6800000000000002e-05,1.6800000000000002e-05,1.6800000000000002e-05,1.6800000000000002e-05,1.6800000000000002e-05,1.6800000000000002e-05,1.6800000000000002e-05,1.6800000000000002e-05,1.6800000000000002e-05,1.6800000000000002e-05,1.6800000000000002e-05,1.6800000000000002e-05,1.6800000000000002e-05,1.6800000000000002e-05,1.6800000000000002e-05,1.6800000000000002e-05,1.6800000000000002e-05,1.6800000000000002e-05,1.6800000000000002e-05,1.6800000000000002e-05,1.6800000000000002e-05,1.6800000000000002e-05,1.6800000000000002e-05,1.6800000000000002e-05,1.6800000000000002e-05,1.6800000000000002e-05,1.6800000000000002e-05,1.6800000000000002e-05,1.6800000000000002e-05,1.6800000000000002e-05,1.6800000000000002e-05,1.6800000000000002e-05,0.06472679999999989,1.6800000000000002e-05,1.6800000000000002e-05,1.6800000000000002e-05,1.6800000000000002e-05,1.6800000000000002e-05,1.6800000000000002e-05,1.6800000000000002e-05,1.6800000000000002e-05,1.6800000000000002e-05,1.6800000000000002e-05,1.6800000000000002e-05,1.6800000000000002e-05,1.6800000000000002e-05,1.6800000000000002e-05,1.6800000000000002e-05,1.6800000000000002e-05,0.918276799999963
37082_2#10,1.365e-05,2.43533365,1.365e-05,0.88145365,17.142443649999997,0.53695365,3.89146365,1.56152365,1.365e-05,31.094753649999998,0.75154365,1.365e-05,5.65527365,1.365e-05,1.365e-05,2.42056365,3.5445336500000004,0.02601365,1.365e-05,1.2026736500000001,1.365e-05,1.365e-05,3.4804736500000004,1.365e-05,1.365e-05,0.16315364999999998,1.37737365,0.08801365,0.76975365,0.04789365,1.365e-05,0.09928365,0.81446365,1.365e-05,0.23567364999999998,1.365e-05,0.23332365,1.365e-05,1.365e-05,0.45795365,1.365e-05,1.365e-05,1.365e-05,1.365e-05,1.365e-05,1.365e-05,1.365e-05,1.365e-05,1.365e-05,1.365e-05,1.365e-05,1.365e-05,1.365e-05,1.365e-05,1.365e-05,1.365e-05,1.365e-05,1.365e-05,1.365e-05,0.05835365,1.365e-05,1.365e-05,1.365e-05,1.365e-05,1.365e-05,1.365e-05,1.365e-05,1.365e-05,1.365e-05,1.365e-05,1.365e-05,1.365e-05,1.365e-05,1.365e-05,1.365e-05,1.365e-05,1.365e-05,1.365e-05,0.0054436499999999995,1.365e-05,1.365e-05,0.01186365,1.365e-05,1.365e-05,1.365e-05,1.365e-05,1.365e-05,1.365e-05,1.365e-05,1.365e-05,1.365e-05,1.365e-05,1.365e-05,1.365e-05,1.365e-05,12.88423365,1.365e-05,1.365e-05,1.365e-05,1.365e-05,0.10778365000000001,1.365e-05,0.04381365,1.365e-05,0.0008836499999999999,1.365e-05,1.365e-05,1.365e-05,1.365e-05,1.365e-05,0.07486365,1.365e-05,1.365e-05,1.365e-05,1.365e-05,1.365e-05,1.365e-05,1.365e-05,1.365e-05,1.365e-05,1.365e-05,1.365e-05,1.365e-05,1.365e-05,0.87255365,1.365e-05,1.365e-05,1.365e-05,1.365e-05,1.365e-05,1.365e-05,1.365e-05,1.365e-05,1.365e-05,1.365e-05,1.365e-05,1.365e-05,1.365e-05,1.365e-05,1.365e-05,1.365e-05,1.365e-05,1.365e-05,1.365e-05,1.365e-05,1.365e-05,1.365e-05,1.365e-05,1.365e-05,1.365e-05,1.365e-05,1.365e-05,1.365e-05,1.365e-05,1.365e-05,1.365e-05,1.365e-05,1.365e-05,1.365e-05,1.365e-05,1.365e-05,1.365e-05,1.365e-05,1.365e-05,1.365e-05,1.365e-05,1.365e-05,1.365e-05,1.365e-05,1.365e-05,1.365e-05,1.365e-05,1.365e-05,1.365e-05,1.365e-05,1.365e-05,1.365e-05,0.033983650000000004,1.365e-05,1.365e-05,1.365e-05,1.365e-05,1.365e-05,0.02577365,1.365e-05,1.365e-05,0.0037236499999999,1.365e-05,0.02820365,1.365e-05,1.365e-05,1.365e-05,1.365e-05,1.365e-05,1.365e-05,1.365e-05,1.365e-05,0.03567365,1.365e-05,6.89876364999997
37082_2#11,1.28638835,0.46306835,2.02076835,0.63893835,4.08873835,0.03464835,8.57673835,2.29418835,2.8349999999999998e-05,13.29264835,0.6008983499999999,2.8349999999999998e-05,10.47512835,2.36972835,2.8349999999999998e-05,0.51430835,0.99582835,2.8349999999999998e-05,0.06890835,2.00114835,0.33184835,0.36167835,1.41523835,0.1919383499999999,0.0381983499999999,6.71265835,0.44573835,0.44511835,1.34868835,0.07495834999999999,0.18378835,0.18682835,0.35556835,0.12218834999999989,0.35164835,0.10371834999999989,2.8349999999999998e-05,0.10422835,0.07988835,0.06996835,2.8349999999999998e-05,2.8349999999999998e-05,2.8349999999999998e-05,2.8349999999999998e-05,2.8349999999999998e-05,2.8349999999999998e-05,0.15815835,1.27205835,2.8349999999999998e-05,0.70673835,2.8349999999999998e-05,2.8349999999999998e-05,2.8349999999999998e-05,4.38802835,2.8349999999999998e-05,2.8349999999999998e-05,2.8349999999999998e-05,0.6673483499999999,2.8349999999999998e-05,1.06242835,2.8349999999999998e-05,2.8349999999999998e-05,2.8349999999999998e-05,0.00600835,0.4745983499999999,2.8349999999999998e-05,2.8349999999999998e-05,0.20371835,4.82803835,2.8349999999999998e-05,2.8349999999999998e-05,2.8349999999999998e-05,0.00799835,0.049188350000000006,2.8349999999999998e-05,2.8349999999999998e-05,0.59514835,2.8349999999999998e-05,0.09090835,2.8349999999999998e-05,2.8349999999999998e-05,0.55032835,2.8349999999999998e-05,2.8349999999999998e-05,2.8349999999999998e-05,2.8349999999999998e-05,2.8349999999999998e-05,2.8349999999999998e-05,2.8349999999999998e-05,2.8349999999999998e-05,2.8349999999999998e-05,2.8349999999999998e-05,2.8349999999999998e-05,2.8349999999999998e-05,2.8349999999999998e-05,2.8349999999999998e-05,2.8349999999999998e-05,2.8349999999999998e-05,2.8349999999999998e-05,2.8349999999999998e-05,0.20553835,2.8349999999999998e-05,0.08403835,2.8349999999999998e-05,2.8349999999999998e-05,2.8349999999999998e-05,2.8349999999999998e-05,2.8349999999999998e-05,2.8349999999999998e-05,0.08081835,0.02931835,0.04846835,2.8349999999999998e-05,2.8349999999999998e-05,2.8349999999999998e-05,0.00236835,2.8349999999999998e-05,2.8349999999999998e-05,2.8349999999999998e-05,1.21858835,2.8349999999999998e-05,2.8349999999999998e-05,2.8349999999999998e-05,2.8349999999999998e-05,2.8349999999999998e-05,2.8349999999999998e-05,2.8349999999999998e-05,2.8349999999999998e-05,0.02215835,2.8349999999999998e-05,0.03405835,2.8349999999999998e-05,2.8349999999999998e-05,0.27548835,2.8349999999999998e-05,0.01334835,2.8349999999999998e-05,0.00917835,0.7942983499999999,2.8349999999999998e-05,2.8349999999999998e-05,2.8349999999999998e-05,2.8349999999999998e-05,2.8349999999999998e-05,2.8349999999999998e-05,2.8349999999999998e-05,0.05001835,2.8349999999999998e-05,2.8349999999999998e-05,2.8349999999999998e-05,0.026978349999999998,0.45501835,2.8349999999999998e-05,2.8349999999999998e-05,0.02600835,0.30529835,2.8349999999999998e-05,1.36472835,2.8349999999999998e-05,2.8349999999999998e-05,1.28095835,2.8349999999999998e-05,0.19921835,0.08922835,2.8349999999999998e-05,2.8349999999999998e-05,0.0527883499999999,2.8349999999999998e-05,2.8349999999999998e-05,2.8349999999999998e-05,2.8349999999999998e-05,2.8349999999999998e-05,2.8349999999999998e-05,2.8349999999999998e-05,2.8349999999999998e-05,2.8349999999999998e-05,2.8349999999999998e-05,6.47084835,2.8349999999999998e-05,2.8349999999999998e-05,2.8349999999999998e-05,0.2275183499999999,0.40715835,0.00040835,0.01220835,2.8349999999999998e-05,0.007778350000000001,2.8349999999999998e-05,2.8349999999999998e-05,2.8349999999999998e-05,2.8349999999999998e-05,2.8349999999999998e-05,2.8349999999999998e-05,2.8349999999999998e-05,2.8349999999999998e-05,2.8349999999999998e-05,2.8349999999999998e-05,2.8349999999999998e-05,0.00159835,8.49453835000002
37082_2#12,3.48201645,1.645e-05,10.594036449999999,1.645e-05,23.88448645,1.645e-05,0.42146645,5.80499645,1.645e-05,17.074866450000002,0.15456645,1.645e-05,0.015606450000000001,0.06233645,0.4922364499999999,1.645e-05,0.19829644999999999,1.645e-05,1.645e-05,2.4065764499999998,0.17800644999999998,0.7244464500000001,0.53963645,0.02176645,0.20002645,1.69422645,1.22900645,0.030226450000000002,1.645e-05,0.1957564499999999,0.00102645,1.645e-05,0.30173645,1.645e-05,0.02557645,0.25542644999999997,0.4971864499999999,0.11054645,1.7210064499999997,0.71547645,0.04578645,1.645e-05,1.645e-05,1.645e-05,0.00820645,1.645e-05,1.645e-05,9.88773645,1.645e-05,1.645e-05,1.645e-05,1.645e-05,1.645e-05,1.645e-05,1.645e-05,1.645e-05,1.645e-05,1.645e-05,1.645e-05,0.45819645,1.645e-05,1.645e-05,1.645e-05,0.02839645,1.645e-05,1.645e-05,1.645e-05,0.07350645,6.52890645,1.645e-05,1.645e-05,1.645e-05,1.645e-05,1.645e-05,1.645e-05,0.03451645,0.52678645,1.645e-05,0.07269645,1.645e-05,1.645e-05,1.645e-05,1.645e-05,1.645e-05,1.645e-05,1.645e-05,1.645e-05,1.645e-05,1.645e-05,1.645e-05,1.645e-05,1.645e-05,1.645e-05,1.645e-05,1.645e-05,0.012796450000000001,1.645e-05,1.645e-05,1.645e-05,1.645e-05,1.645e-05,1.645e-05,1.645e-05,1.645e-05,1.645e-05,1.645e-05,1.645e-05,1.645e-05,1.645e-05,0.01118645,1.645e-05,1.645e-05,1.645e-05,1.645e-05,1.645e-05,1.645e-05,1.645e-05,1.645e-05,1.645e-05,1.645e-05,1.645e-05,1.645e-05,1.645e-05,1.645e-05,1.645e-05,1.645e-05,1.645e-05,1.645e-05,1.645e-05,1.645e-05,1.645e-05,1.645e-05,1.645e-05,2.17692645,1.645e-05,1.645e-05,1.645e-05,1.645e-05,1.645e-05,1.645e-05,1.645e-05,1.645e-05,1.645e-05,1.645e-05,1.645e-05,1.645e-05,1.645e-05,1.645e-05,1.645e-05,1.645e-05,1.645e-05,1.645e-05,1.645e-05,1.645e-05,1.645e-05,1.645e-05,1.645e-05,1.645e-05,1.645e-05,1.645e-05,1.645e-05,1.645e-05,1.645e-05,1.645e-05,1.645e-05,1.645e-05,1.645e-05,1.645e-05,1.645e-05,1.645e-05,1.645e-05,1.645e-05,1.645e-05,1.645e-05,1.645e-05,0.1463564499999999,1.645e-05,1.645e-05,1.645e-05,1.645e-05,1.645e-05,0.35968645,1.645e-05,1.645e-05,0.04721645,1.645e-05,1.645e-05,0.07475645,1.645e-05,1.645e-05,1.645e-05,1.645e-05,1.645e-05,1.645e-05,1.645e-05,1.645e-05,1.645e-05,1.645e-05,1.645e-05,6.471256449999962
37082_2#13,0.5452166,7.684046599999999,0.2374866,2.4612066,1.3123766,0.48256659999999996,4.065936600000001,0.2254265999999999,2.6600000000000003e-05,38.1311966,1.4927466,2.6600000000000003e-05,3.2893566,0.25327659999999996,0.0022666,4.0230666,1.3495066,2.6600000000000003e-05,0.0014765999999998998,3.7196366,0.0032066,0.0025766,0.4702066,0.0934766,0.0270666,2.0805066,0.31970659999999995,0.0333465999999999,0.6087566,0.6265866,2.6600000000000003e-05,0.010606599999999999,0.6417566,0.0344166,0.1822866,2.6600000000000003e-05,0.0297265999999999,2.6600000000000003e-05,0.34823659999999995,0.1210866,2.6600000000000003e-05,2.6600000000000003e-05,0.0048466,0.0433966,2.6600000000000003e-05,2.6600000000000003e-05,0.0302666,2.6600000000000003e-05,2.6600000000000003e-05,0.0821066,2.6600000000000003e-05,2.6600000000000003e-05,2.6600000000000003e-05,2.6600000000000003e-05,2.6600000000000003e-05,2.6600000000000003e-05,2.6600000000000003e-05,0.0487166,2.6600000000000003e-05,0.0567066,0.8611766000000001,0.1436466,2.6600000000000003e-05,2.6600000000000003e-05,2.6600000000000003e-05,2.6600000000000003e-05,2.6600000000000003e-05,0.1978766,2.6600000000000003e-05,2.6600000000000003e-05,2.6600000000000003e-05,2.6600000000000003e-05,2.6600000000000003e-05,2.6600000000000003e-05,2.6600000000000003e-05,2.6600000000000003e-05,0.8541666,2.6600000000000003e-05,0.0700266,2.6600000000000003e-05,2.6600000000000003e-05,0.1034665999999999,2.6600000000000003e-05,2.6600000000000003e-05,0.0240265999999999,2.6600000000000003e-05,2.6600000000000003e-05,2.6600000000000003e-05,2.6600000000000003e-05,2.6600000000000003e-05,2.6600000000000003e-05,2.6600000000000003e-05,2.6600000000000003e-05,2.6600000000000003e-05,2.6600000000000003e-05,7.5301266,2.6600000000000003e-05,2.6600000000000003e-05,2.6600000000000003e-05,2.6600000000000003e-05,0.1611466,2.6600000000000003e-05,0.0114466,2.6600000000000003e-05,0.0267866,2.6600000000000003e-05,2.6600000000000003e-05,2.6600000000000003e-05,2.6600000000000003e-05,2.6600000000000003e-05,0.1589466,0.0098766,2.6600000000000003e-05,2.6600000000000003e-05,2.6600000000000003e-05,2.6600000000000003e-05,2.6600000000000003e-05,2.6600000000000003e-05,2.6600000000000003e-05,2.6600000000000003e-05,2.6600000000000003e-05,2.6600000000000003e-05,2.6600000000000003e-05,2.6600000000000003e-05,2.6600000000000003e-05,2.6600000000000003e-05,2.6600000000000003e-05,2.6600000000000003e-05,2.6600000000000003e-05,2.6600000000000003e-05,2.6600000000000003e-05,2.6600000000000003e-05,2.6600000000000003e-05,0.2629165999999999,0.2812765999999999,0.1884665999999999,2.6600000000000003e-05,0.0179466,2.6600000000000003e-05,2.6600000000000003e-05,2.6600000000000003e-05,2.6600000000000003e-05,2.6600000000000003e-05,0.1856866,2.6600000000000003e-05,2.6600000000000003e-05,2.6600000000000003e-05,2.6600000000000003e-05,2.6600000000000003e-05,2.6600000000000003e-05,2.6600000000000003e-05,1.9484466,2.6600000000000003e-05,0.0092766,2.6600000000000003e-05,0.0311166,2.6600000000000003e-05,2.6600000000000003e-05,2.6600000000000003e-05,0.5105265999999999,0.0061166,2.6600000000000003e-05,0.0044466,0.1131166,0.013316599999999899,2.6600000000000003e-05,2.6600000000000003e-05,2.6600000000000003e-05,2.6600000000000003e-05,2.6600000000000003e-05,0.0251666,2.6600000000000003e-05,2.6600000000000003e-05,2.6600000000000003e-05,2.6600000000000003e-05,2.6600000000000003e-05,2.6600000000000003e-05,0.034456600000000004,2.6600000000000003e-05,2.6600000000000003e-05,2.6600000000000003e-05,0.0540166,0.1510866,0.0212466,2.6600000000000003e-05,2.6600000000000003e-05,0.0069866,2.6600000000000003e-05,2.6600000000000003e-05,2.6600000000000003e-05,2.6600000000000003e-05,2.6600000000000003e-05,0.0103866,2.6600000000000003e-05,2.6600000000000003e-05,0.0011866,0.1321166,2.6600000000000003e-05,2.6600000000000003e-05,10.658296600000035
37082_2#14,1.1218817,5.094401700000001,0.3736217,4.0166317000000005,4.060991700000001,0.1525017,1.2639817,7.6052517,2.17e-05,4.8488917,0.2028017,2.8290817,5.449501700000001,0.3854317,2.17e-05,2.3963717,3.4565617,2.17e-05,2.4945717000000003,1.2126516999999999,2.17e-05,0.011341700000000001,4.6621217,0.09454169999999999,0.1885017,5.4239217,1.1181417,0.0363417,0.2828917,0.4733317,2.17e-05,0.0041716999999999995,0.3912217,2.17e-05,0.0094917,2.17e-05,0.0541517,2.17e-05,0.3164917,0.1031017,2.17e-05,2.17e-05,0.0042117,0.0094217,2.17e-05,2.17e-05,2.17e-05,2.17e-05,2.17e-05,7.9978717,2.17e-05,2.17e-05,2.17e-05,2.17e-05,2.17e-05,2.17e-05,2.17e-05,2.17e-05,2.17e-05,0.021851699999999998,1.2139217,2.17e-05,2.17e-05,0.11241169999999989,2.17e-05,2.17e-05,2.17e-05,0.4864117,2.17e-05,2.17e-05,2.17e-05,2.17e-05,2.17e-05,0.1188417,0.0818816999999999,2.17e-05,0.0094617,2.17e-05,2.17e-05,2.17e-05,2.17e-05,0.0216617,2.17e-05,2.17e-05,0.0485117,0.10338169999999999,2.17e-05,2.17e-05,2.17e-05,2.17e-05,0.1180517,2.17e-05,2.17e-05,2.17e-05,2.17e-05,2.17e-05,0.0006616999999998999,2.17e-05,2.17e-05,2.17e-05,2.17e-05,2.17e-05,0.2077716999999999,2.17e-05,0.0211317,0.1546717,2.17e-05,2.17e-05,2.17e-05,2.17e-05,0.0028617,2.17e-05,0.0042217,2.17e-05,2.17e-05,2.17e-05,2.17e-05,2.17e-05,2.17e-05,0.2033217,2.17e-05,0.0137517,2.17e-05,2.17e-05,2.17e-05,2.17e-05,2.17e-05,2.17e-05,2.17e-05,2.17e-05,2.17e-05,2.17e-05,2.17e-05,2.17e-05,2.17e-05,0.0379617,2.17e-05,2.17e-05,2.17e-05,2.17e-05,2.17e-05,2.17e-05,2.17e-05,2.17e-05,2.17e-05,2.17e-05,2.17e-05,2.17e-05,2.17e-05,0.018541699999999998,2.17e-05,0.1530217,2.17e-05,2.17e-05,0.3997517,2.17e-05,2.17e-05,2.17e-05,2.17e-05,2.17e-05,2.17e-05,2.17e-05,2.17e-05,2.17e-05,2.17e-05,2.17e-05,2.17e-05,2.17e-05,2.17e-05,2.17e-05,2.17e-05,2.17e-05,2.17e-05,2.17e-05,2.17e-05,2.17e-05,2.17e-05,2.17e-05,2.17e-05,2.17e-05,2.17e-05,2.17e-05,0.0260916999999999,0.0174616999999999,2.17e-05,2.17e-05,0.1628817,2.17e-05,2.17e-05,2.17e-05,2.17e-05,2.17e-05,2.17e-05,2.17e-05,2.17e-05,2.17e-05,2.17e-05,2.17e-05,2.17e-05,28.090111700000012
37082_2#15,0.09375344999999999,0.0119834499999999,0.02003345,2.58196345,0.04003345,0.78096345,9.15296345,0.08396345,0.47296345,18.97244345,6.4047034499999995,2.42592345,0.01757345,0.020093450000000002,2.345e-05,5.030273449999999,3.01021345,2.345e-05,1.26941345,2.43727345,2.345e-05,0.01057345,2.09067345,0.30324345,2.345e-05,0.72874345,0.08129344999999999,2.345e-05,0.8777634500000001,0.03969345,2.345e-05,2.345e-05,2.8465234500000003,0.00156345,0.19964345,2.345e-05,0.01541345,2.345e-05,2.345e-05,3.71738345,2.345e-05,2.345e-05,0.02736345,0.01700345,0.01625345,0.00487345,2.345e-05,0.11566344999999999,2.345e-05,2.345e-05,2.345e-05,2.345e-05,2.345e-05,2.345e-05,2.345e-05,2.345e-05,2.345e-05,2.345e-05,2.345e-05,2.345e-05,0.026233450000000002,12.88175345,2.345e-05,2.345e-05,2.345e-05,2.345e-05,2.345e-05,0.2389134499999999,1.43305345,2.345e-05,2.345e-05,2.345e-05,2.345e-05,0.03716345,2.345e-05,2.345e-05,0.11620345,2.345e-05,2.345e-05,2.345e-05,2.345e-05,0.00734345,2.345e-05,2.345e-05,2.345e-05,0.04513345,2.345e-05,2.345e-05,2.345e-05,2.345e-05,0.06352345,2.345e-05,2.345e-05,2.345e-05,2.345e-05,2.345e-05,2.345e-05,2.345e-05,2.345e-05,2.345e-05,2.345e-05,2.345e-05,0.47445345,2.345e-05,2.345e-05,0.64679345,2.345e-05,2.345e-05,2.345e-05,2.345e-05,2.345e-05,0.0007634499999999999,0.02679345,2.345e-05,2.345e-05,2.345e-05,2.345e-05,2.345e-05,2.345e-05,0.01699345,2.345e-05,2.345e-05,0.004263449999999999,2.345e-05,2.345e-05,2.345e-05,2.345e-05,2.345e-05,2.345e-05,2.345e-05,2.345e-05,2.345e-05,2.345e-05,0.88848345,0.07801345,0.06481345,2.345e-05,2.345e-05,2.345e-05,2.345e-05,2.345e-05,2.345e-05,2.345e-05,2.345e-05,0.06498344999999989,2.345e-05,2.345e-05,2.345e-05,0.08004344999999999,2.6287234500000003,2.345e-05,0.0037934499999999,2.345e-05,2.345e-05,0.33470345,0.00090345,2.345e-05,0.09308344999999989,2.345e-05,2.345e-05,0.00389345,2.345e-05,2.345e-05,2.345e-05,2.345e-05,2.345e-05,2.345e-05,0.73375345,2.345e-05,2.345e-05,2.345e-05,2.345e-05,2.345e-05,0.00940345,2.345e-05,0.00640345,2.345e-05,2.345e-05,2.345e-05,0.32253345,2.345e-05,2.345e-05,0.03163345,2.345e-05,2.345e-05,2.345e-05,2.345e-05,2.345e-05,2.345e-05,2.345e-05,2.345e-05,2.345e-05,2.345e-05,2.345e-05,2.345e-05,2.345e-05,2.345e-05,2.345e-05,2.345e-05,14.712133450000021
37082_2#16,5.1099999999999995e-05,5.1099999999999995e-05,5.1099999999999995e-05,0.0597411,0.0848511,0.021141099999999902,0.8436811,1.3816411000000002,0.006251100000000001,1.5691211,5.1099999999999995e-05,0.013961099999999999,0.8999311,5.1099999999999995e-05,0.0080110999999999,0.0086611,0.36102110000000004,5.1099999999999995e-05,0.20658110000000002,0.14977110000000002,5.1099999999999995e-05,5.1099999999999995e-05,0.0499511,0.009021099999999999,1.5127211,0.6947210999999999,0.1554211,0.0706011,0.1382111,5.1099999999999995e-05,5.1099999999999995e-05,0.0236611,0.14999110000000002,5.1099999999999995e-05,0.0984811,5.1099999999999995e-05,0.006871100000000001,0.1175610999999999,0.3994711,5.1099999999999995e-05,0.0295511,5.1099999999999995e-05,5.1099999999999995e-05,0.020981100000000003,0.0147611,5.1099999999999995e-05,0.010771099999999999,0.3673111,5.1099999999999995e-05,5.1099999999999995e-05,5.1099999999999995e-05,0.1425211,0.07567109999999999,0.3061111,0.9616311,5.1099999999999995e-05,0.031401099999999994,0.048851099999999995,0.1507511,0.8855511,5.1099999999999995e-05,0.8500011000000001,0.0641611,0.0437611,0.2861811,2.6541611,5.1099999999999995e-05,0.18987110000000001,11.8135411,0.5409111,0.08580109999999999,0.0748411,5.1099999999999995e-05,0.024311100000000002,0.0243311,0.0241911,0.18482110000000002,0.0110311,0.047721099999999995,0.0025311,0.0017810999999999999,2.6913411,0.0313511,0.005661099999999901,0.0216911,5.1099999999999995e-05,0.0084811,0.2380111,0.0246311,0.0013811,0.1193611,0.033761099999999995,0.0034711,0.039601099999999896,5.1099999999999995e-05,5.1099999999999995e-05,0.8546311,0.0428811,0.0301010999999999,0.0051211,0.0490911,0.15707110000000002,0.1802811,0.0720411,0.0222211,0.028811100000000003,0.16145110000000001,0.1034711,0.0014310999999999998,5.1099999999999995e-05,0.0061011,0.19692110000000002,5.1099999999999995e-05,0.1057910999999999,0.0036511,5.1099999999999995e-05,0.00014110000000000001,0.0066311,0.044211099999999996,0.0096011,0.0349911,0.0043911,0.0298811,5.1099999999999995e-05,0.5961010999999999,0.0127011,0.0058211,0.2556711,0.021911100000000003,0.0151311,0.0138910999999999,0.038631099999999995,5.1099999999999995e-05,5.1099999999999995e-05,5.1099999999999995e-05,5.1099999999999995e-05,2.0470610999999996,0.1825011,5.1099999999999995e-05,3.4277811,0.013961099999999999,0.4692411,3.5306511,0.0982511,0.1410910999999999,0.09711109999999999,0.0958111,0.14086110000000002,0.033821099999999896,0.3371111,0.0226511,0.1687211,0.0644811,5.1099999999999995e-05,0.0004910999999999,0.036751099999999995,0.0032511,0.14092110000000002,5.1099999999999995e-05,0.5676411,5.1099999999999995e-05,0.15085110000000002,0.0437611,5.1099999999999995e-05,0.0113911,0.044751099999999995,0.017931100000000002,0.0359311,0.22132110000000002,0.0645411,5.1099999999999995e-05,0.023721100000000002,5.1099999999999995e-05,0.012341099999999999,0.0070511,5.1099999999999995e-05,0.0256210999999999,5.1099999999999995e-05,5.1099999999999995e-05,0.9433210999999999,0.0113011,5.1099999999999995e-05,5.1099999999999995e-05,5.1099999999999995e-05,5.1099999999999995e-05,5.1099999999999995e-05,5.1099999999999995e-05,5.1099999999999995e-05,5.1099999999999995e-05,5.1099999999999995e-05,0.017401099999999902,0.0023311,0.0546011,1.4099411000000002,0.0133911,0.1172811,0.0157511,0.0071211,5.1099999999999995e-05,49.78504110000004
37082_2#17,5.355e-05,0.049853549999999996,5.355e-05,0.90048355,0.19450355,5.355e-05,1.59638355,1.23683355,0.07750355,2.65776355,0.00523355,0.20110355,0.49691355,5.355e-05,0.00092355,0.14682355,0.9853135500000001,5.355e-05,0.17518355,0.72787355,0.11601355,5.355e-05,0.18815355,2.85500355,3.3730135500000005,0.68009355,0.85692355,0.11958355,0.01724355,5.355e-05,0.00419355,0.07946355,0.42480355,5.355e-05,0.08788355,5.355e-05,0.0942635499999999,0.0033535500000000003,0.50545355,5.355e-05,0.0010335499999999998,0.14035355,0.07319355,0.13690354999999998,5.355e-05,5.355e-05,0.06160355,2.19836355,5.355e-05,5.355e-05,5.355e-05,0.07685354999999999,0.10345355,1.0567635499999999,1.27454355,0.13214355,0.07913355,0.044593549999999996,5.355e-05,0.45001355,0.03655355,0.5914335500000001,0.21646355,0.14852355,0.37781355,4.99519355,0.00441355,0.27139355,0.4200235499999999,0.01273355,0.04691355,0.01199355,5.355e-05,5.355e-05,0.10925355,0.05770355,0.67727355,0.12067355,0.02821355,5.355e-05,0.15305355,0.8871435500000001,0.30324355,0.12877355,0.51352355,0.03748355,0.02328355,0.17849355,0.06884355,0.00940355,0.01697355,5.355e-05,5.355e-05,0.021303549999999997,0.01501355,0.2340035499999999,1.41107355,0.0146935499999999,0.42011355,0.06234355,0.09471355,5.355e-05,0.22467355,0.18588355,0.03526355,0.10752355,0.03757355,0.08420355,0.0174035499999999,5.355e-05,5.355e-05,0.24884355,5.355e-05,0.02447355,0.04435355,5.355e-05,5.355e-05,0.12136355,0.35072355,0.55930355,0.027423549999999998,0.025473549999999998,0.13788355,0.08218355,0.02398355,0.09058355,0.05425355,0.19912355,0.025983549999999998,0.00030355000000000003,0.04573355,0.0357535499999999,0.00824355,0.01297355,0.03923355,5.355e-05,0.14254355,0.11529355,0.00625355,1.28862355,0.00349355,1.1853035500000002,0.14357355,0.06408355,5.355e-05,0.03383355,0.13203355,0.07309355,0.08941355,0.26890355,0.05324355,0.00293355,0.02381355,5.355e-05,0.051973549999999896,0.005123549999999999,0.08150355,0.10961354999999989,5.355e-05,0.13322355,0.07333355,0.0126135499999999,0.04839355,5.355e-05,0.09369355,0.13629354999999999,5.355e-05,0.048673549999999996,0.029393549999999997,0.0293235499999999,5.355e-05,0.01912355,5.355e-05,0.040243549999999996,5.355e-05,5.355e-05,0.00308355,5.355e-05,0.00025355,0.7087935500000001,0.08196355,5.355e-05,5.355e-05,5.355e-05,5.355e-05,5.355e-05,5.355e-05,5.355e-05,0.00624355,0.0189535499999999,0.11087355,0.0603635499999999,0.0891735499999999,0.64392355,0.06912354999999999,0.26608355,0.03170355,5.355e-05,5.355e-05,53.11013354999995
37082_2#18,4.6899999999999995e-05,4.6899999999999995e-05,4.6899999999999995e-05,0.3496368999999999,4.6899999999999995e-05,0.022136899999999998,5.0713869,1.5100369,4.6899999999999995e-05,4.5390969,0.053626900000000005,0.6447468999999999,0.0095368999999999,4.6899999999999995e-05,0.0140968999999999,0.9178968999999999,0.8546568999999998,0.0157869,0.0135169,1.3761169,4.6899999999999995e-05,4.6899999999999995e-05,0.11751690000000001,0.028676899999999998,4.6899999999999995e-05,0.1153569,5.823956900000001,4.6899999999999995e-05,0.5886969,4.6899999999999995e-05,0.0185369,4.6899999999999995e-05,0.2400569,4.6899999999999995e-05,0.7204769,4.6899999999999995e-05,0.0062569,0.0086769,0.0205569,4.6899999999999995e-05,4.6899999999999995e-05,0.0027069,4.6899999999999995e-05,0.1236269,0.0056269,0.024536899999999997,0.8463168999999999,0.5514668999999999,0.1567169,0.0464969,0.0410769,0.0090969,4.6899999999999995e-05,3.5221869,0.1280269,0.0734168999999999,0.0355168999999999,0.0085969,4.6899999999999995e-05,0.1443669,0.0109669,0.5365069,4.6899999999999995e-05,0.0193069,0.1093869,0.4231769,0.0826769,0.6783269,4.6899999999999995e-05,4.6899999999999995e-05,4.6899999999999995e-05,0.0206569,4.6899999999999995e-05,0.031826900000000005,6.7992769,0.1515869,0.2239369,4.6899999999999995e-05,0.0033568999999999,0.0053969000000000005,0.0192869,0.2447968999999999,1.1202869,0.0434869,0.0708569,0.11042690000000001,4.6899999999999995e-05,0.0158669,0.1328469,4.6899999999999995e-05,0.0064469,0.0012269,4.6899999999999995e-05,4.6899999999999995e-05,0.0184269,0.0489069,2.1001669,4.6899999999999995e-05,0.0464669,0.0580369,0.0024769,0.13811690000000001,0.2616569,0.0483269,0.0355669,0.0826969,4.6899999999999995e-05,0.9873769,0.2309869,4.6899999999999995e-05,4.6899999999999995e-05,0.0761169,0.00025689999999999996,4.6899999999999995e-05,0.4343569,4.6899999999999995e-05,4.6899999999999995e-05,4.6899999999999995e-05,4.6899999999999995e-05,0.016276899999999997,4.6899999999999995e-05,0.0652168999999999,4.6899999999999995e-05,4.6899999999999995e-05,0.0083469,0.0166569,0.023226899999999998,1.3745069,0.1030568999999999,0.0878569,0.0026769000000000003,0.3255169,4.6899999999999995e-05,4.6899999999999995e-05,0.045376900000000005,4.6899999999999995e-05,0.0004969,0.0053969000000000005,0.0997869,2.0208069,4.6899999999999995e-05,0.0815669,0.1121169,0.0112769,0.4862168999999999,0.009026900000000001,0.4862469,0.0038168999999999,0.0101569,0.5638069,4.6899999999999995e-05,4.6899999999999995e-05,0.0080369,4.6899999999999995e-05,4.6899999999999995e-05,4.6899999999999995e-05,0.0015068999999999998,0.0518568999999999,4.6899999999999995e-05,2.2030069,4.6899999999999995e-05,0.038576900000000004,4.6899999999999995e-05,4.6899999999999995e-05,0.0520869,0.1949569,0.0044369000000000006,0.0050568999999999,0.0089069,0.1006169,0.6422569,0.0071769,4.6899999999999995e-05,0.0587269,0.0030369,4.6899999999999995e-05,0.0234368999999999,4.6899999999999995e-05,0.0404069,0.6919468999999999,0.0040869,4.6899999999999995e-05,4.6899999999999995e-05,4.6899999999999995e-05,4.6899999999999995e-05,4.6899999999999995e-05,4.6899999999999995e-05,4.6899999999999995e-05,0.023326899999999998,0.5679569,0.2387269,0.3880769,4.6899999999999995e-05,0.0330569,0.028116899999999997,0.0074469,0.0239869,0.0029769,4.6899999999999995e-05,44.350996900000034
37082_2#19,3.4299999999999993e-05,3.4299999999999993e-05,3.4299999999999993e-05,1.2648143,0.0022543,0.2088443,4.6214143000000005,0.0508543,0.0299643,1.4066243,0.0428443,0.6224443000000001,0.0238243,3.4299999999999993e-05,3.4299999999999993e-05,0.8455343000000001,1.0184442999999999,0.1432343,3.4299999999999993e-05,1.0473943000000001,0.1182443,3.4299999999999993e-05,3.7015843,20.0178743,0.6331443,1.3236443,5.8843343,3.4299999999999993e-05,2.0284742999999996,3.4299999999999993e-05,3.4299999999999993e-05,3.4299999999999993e-05,0.0358343,3.4299999999999993e-05,0.0092742999999999,3.4299999999999993e-05,3.4299999999999993e-05,3.4299999999999993e-05,0.2344443,3.4299999999999993e-05,3.4299999999999993e-05,3.4299999999999993e-05,0.0841243,0.4059643,3.4299999999999993e-05,0.0169043,0.0099942999999999,0.7605943000000001,3.4299999999999993e-05,3.4299999999999993e-05,0.4798743,0.006364300000000001,3.4299999999999993e-05,9.0491043,2.7127242999999996,4.7999543000000005,1.1073543000000001,0.1376743,0.0011443,3.4299999999999993e-05,0.0398443,1.5590643,0.0239843,3.4299999999999993e-05,0.0021542999999999,3.4299999999999993e-05,0.007404300000000001,3.1349543,3.4299999999999993e-05,3.4299999999999993e-05,3.4299999999999993e-05,0.0605143,3.4299999999999993e-05,0.3170842999999999,1.6378343000000002,3.4299999999999993e-05,3.4299999999999993e-05,3.4299999999999993e-05,3.4299999999999993e-05,0.0214543,3.4299999999999993e-05,0.0137543,0.8184043,0.0333743,0.0584843,0.9934843,3.4299999999999993e-05,3.4299999999999993e-05,0.1050543,3.4299999999999993e-05,3.4299999999999993e-05,3.4299999999999993e-05,3.4299999999999993e-05,3.4299999999999993e-05,3.4299999999999993e-05,3.4299999999999993e-05,0.4512542999999999,0.006004300000000001,0.2170243,0.2460543,3.4299999999999993e-05,0.004914300000000001,0.1680643,3.4299999999999993e-05,0.0264643,0.0340542999999999,3.4299999999999993e-05,0.7866643,0.028114300000000002,3.4299999999999993e-05,0.0013342999999999999,3.4299999999999993e-05,0.015594300000000002,3.4299999999999993e-05,0.0338443,3.4299999999999993e-05,3.4299999999999993e-05,0.6633443,0.0107943,0.0222843,3.4299999999999993e-05,3.4299999999999993e-05,0.38905429999999996,3.4299999999999993e-05,3.4299999999999993e-05,3.4299999999999993e-05,0.0462443,0.1533443,0.0372042999999999,0.0994643,3.4299999999999993e-05,0.0157143,3.4299999999999993e-05,3.4299999999999993e-05,0.0829543,3.4299999999999993e-05,5.6143243,3.4299999999999993e-05,0.1071643,0.0068843,3.4299999999999993e-05,3.4299999999999993e-05,0.0010742999999998999,3.4299999999999993e-05,0.0016443,3.4299999999999993e-05,3.4299999999999993e-05,3.4299999999999993e-05,3.4299999999999993e-05,0.36916429999999995,3.4299999999999993e-05,3.4299999999999993e-05,0.3277443,3.4299999999999993e-05,0.1888843,3.4299999999999993e-05,3.4299999999999993e-05,0.0199543,3.4299999999999993e-05,0.36025429999999997,3.4299999999999993e-05,3.4299999999999993e-05,3.4299999999999993e-05,3.4299999999999993e-05,3.4299999999999993e-05,0.005384300000000001,3.4299999999999993e-05,3.4299999999999993e-05,0.0155243,0.0639542999999999,3.4299999999999993e-05,3.4299999999999993e-05,0.1415543,3.4299999999999993e-05,3.4299999999999993e-05,3.4299999999999993e-05,3.4299999999999993e-05,3.4299999999999993e-05,0.0079643,0.0333042999999999,3.4299999999999993e-05,3.4299999999999993e-05,3.4299999999999993e-05,3.4299999999999993e-05,3.4299999999999993e-05,3.4299999999999993e-05,3.4299999999999993e-05,3.4299999999999993e-05,3.4299999999999993e-05,2.7213643,0.1967043,0.1297443,3.4299999999999993e-05,0.0103243,3.4299999999999993e-05,0.0633442999999999,3.4299999999999993e-05,3.4299999999999993e-05,3.4299999999999993e-05,12.356484300000014
37082_2#1,4.54701535,2.64237535,6.13594535,1.53654535,2.32690535,0.11359535,0.43985534999999987,10.40107535,0.009905349999999999,0.86206535,0.05647535,0.08051535,4.36281535,0.62147535,3.535e-05,0.12400535,0.49024534999999997,0.1887753499999999,0.32879535,1.7507853500000001,0.96237535,0.39487534999999996,0.49762534999999997,0.0020253500000000004,10.46988535,1.57451535,1.45158535,0.04261535,0.09856535,3.535e-05,0.3037753499999999,1.6077853500000001,0.8260453499999999,0.56879535,3.535e-05,3.535e-05,0.17506535,0.48292535,2.08753535,3.535e-05,0.042645350000000005,0.00100535,3.535e-05,3.535e-05,3.535e-05,3.535e-05,0.8519453499999999,3.535e-05,3.535e-05,3.535e-05,3.535e-05,3.535e-05,3.535e-05,0.45609534999999995,3.535e-05,3.535e-05,3.535e-05,0.034845350000000004,0.2382853499999999,1.57744535,0.07452535,3.535e-05,3.535e-05,0.31046535,0.12582535,3.535e-05,3.535e-05,0.0507553499999999,3.535e-05,0.32577534999999996,0.04959535,3.535e-05,3.535e-05,3.535e-05,3.535e-05,3.535e-05,0.66867535,3.535e-05,0.20305535,3.535e-05,0.09656535000000001,1.62209535,3.535e-05,3.535e-05,3.535e-05,3.535e-05,3.535e-05,3.535e-05,3.535e-05,3.535e-05,3.535e-05,3.535e-05,0.01595535,3.535e-05,0.0875453499999999,1.56527535,3.535e-05,3.535e-05,3.535e-05,3.535e-05,0.2246353499999999,3.535e-05,0.0149753499999999,3.535e-05,3.535e-05,3.535e-05,3.535e-05,3.535e-05,3.535e-05,0.14248535,3.535e-05,0.5848553499999999,3.535e-05,0.01213535,3.535e-05,0.00750535,6.419935349999999,3.535e-05,3.535e-05,1.20800535,3.535e-05,3.535e-05,3.535e-05,3.535e-05,3.535e-05,0.02046535,3.535e-05,3.535e-05,0.02382535,0.37208535,0.00791535,3.535e-05,3.535e-05,0.0841053499999999,3.535e-05,3.535e-05,3.535e-05,0.18291535,0.91568535,0.01118535,3.535e-05,3.535e-05,3.535e-05,0.37162534999999997,0.87522535,3.535e-05,0.08225535,3.535e-05,0.017795349999999998,0.05164535,0.19376535,0.00699535,0.50012535,0.1285253499999999,3.535e-05,0.14589535,0.0410553499999999,0.03379535,3.535e-05,0.78423535,0.62491535,0.049195350000000006,0.29537535,0.00573535,0.12518535,3.535e-05,0.033445350000000006,3.535e-05,3.535e-05,3.535e-05,3.535e-05,3.535e-05,3.535e-05,3.535e-05,3.535e-05,3.535e-05,3.535e-05,3.535e-05,3.535e-05,3.535e-05,3.535e-05,0.48609535,3.535e-05,0.04458535,0.03614535,0.33821534999999997,3.535e-05,0.034845350000000004,3.535e-05,0.1205453499999999,3.535e-05,3.535e-05,0.11003535,3.535e-05,3.535e-05,0.05530535,3.535e-05,0.1039753499999999,0.12136535,16.98233535000001
37082_2#20,4.0249999999999996e-05,0.00729025,4.0249999999999996e-05,0.11439025,4.0249999999999996e-05,4.0249999999999996e-05,3.32223025,0.01187025,4.0249999999999996e-05,8.17269025,0.019620250000000002,0.49054025,0.11326025,4.0249999999999996e-05,0.01088025,0.42642025,0.38916025,0.57100025,0.0058102499999999994,1.4519202500000001,4.0249999999999996e-05,4.0249999999999996e-05,0.37663025,1.49176025,0.08567025,0.44218025,13.07694025,0.007180249999999899,0.51582025,4.0249999999999996e-05,0.00712025,4.0249999999999996e-05,0.04888025,4.0249999999999996e-05,0.05944025,4.0249999999999996e-05,0.02189025,0.052920249999999995,4.0249999999999996e-05,4.0249999999999996e-05,4.0249999999999996e-05,4.0249999999999996e-05,0.052800249999999896,4.0249999999999996e-05,0.02253025,0.01551025,0.07499025000000001,0.25546025,4.0249999999999996e-05,4.0249999999999996e-05,0.0021602499999999,4.0249999999999996e-05,4.0249999999999996e-05,1.91978025,1.02748025,0.26212025,0.046670249999999996,0.0895502499999999,4.0249999999999996e-05,0.05671025,0.5783602499999999,0.54673025,0.01137025,0.19566025,0.04579025,0.14872025,4.0249999999999996e-05,1.88738025,4.0249999999999996e-05,4.0249999999999996e-05,4.0249999999999996e-05,4.0249999999999996e-05,4.0249999999999996e-05,0.00784025,4.0249999999999996e-05,0.04595025,0.07232025,4.0249999999999996e-05,0.03004025,0.01633025,0.06656025,0.08707025,1.4251102500000001,0.00824025,0.012930249999999999,0.13431025,4.0249999999999996e-05,0.01047025,0.23164025,4.0249999999999996e-05,0.01451025,4.0249999999999996e-05,4.0249999999999996e-05,4.0249999999999996e-05,0.12211025,4.0249999999999996e-05,1.91018025,4.0249999999999996e-05,0.019270250000000003,0.5173202499999999,0.00339025,0.01804025,0.21387025,0.06735025,0.06684025,0.0019202499999999999,4.0249999999999996e-05,0.36396025,0.16579025,0.00393025,0.00115025,0.03716025,4.0249999999999996e-05,4.0249999999999996e-05,0.13014025,4.0249999999999996e-05,0.34969025,0.15527025,4.0249999999999996e-05,4.0249999999999996e-05,4.0249999999999996e-05,0.10712025,0.14906025,4.0249999999999996e-05,0.01704025,4.0249999999999996e-05,0.10793024999999991,0.47850025,0.13366025,0.0091502499999999,4.0249999999999996e-05,0.05994025,4.0249999999999996e-05,4.0249999999999996e-05,0.03215025,4.0249999999999996e-05,14.82441025,0.05187025,4.0249999999999996e-05,4.0249999999999996e-05,4.0249999999999996e-05,0.10766025,4.0249999999999996e-05,4.0249999999999996e-05,0.10499025000000001,4.0249999999999996e-05,0.01939025,0.00179025,4.0249999999999996e-05,0.35657025,4.0249999999999996e-05,4.0249999999999996e-05,0.07169025000000001,0.041320249999999996,4.0249999999999996e-05,4.0249999999999996e-05,0.04364025,0.01285025,4.0249999999999996e-05,0.0035002499999999,0.024040249999999902,4.0249999999999996e-05,4.0249999999999996e-05,4.0249999999999996e-05,4.0249999999999996e-05,0.14368025,0.016310250000000002,4.0249999999999996e-05,4.0249999999999996e-05,0.00959025,0.14478025,0.00994025,0.17611025,0.004620249999999999,0.01513025,4.0249999999999996e-05,4.0249999999999996e-05,4.0249999999999996e-05,0.00882025,0.056750249999999995,4.0249999999999996e-05,4.0249999999999996e-05,4.0249999999999996e-05,4.0249999999999996e-05,4.0249999999999996e-05,0.00312025,4.0249999999999996e-05,4.0249999999999996e-05,4.0249999999999996e-05,0.00211025,4.0249999999999996e-05,4.0249999999999996e-05,4.0249999999999996e-05,1.10812025,0.038580249999999996,4.0249999999999996e-05,0.0019302499999999999,4.0249999999999996e-05,4.0249999999999996e-05,36.65471025000003
37082_2#21,0.00082145,5.144999999999999e-05,5.144999999999999e-05,0.4963714499999999,0.06563145,0.14655145,4.5124714500000005,1.1055814499999999,5.144999999999999e-05,1.11091145,0.00857145,0.09341145,0.30375145,5.144999999999999e-05,0.11347144999999999,0.27940145,0.5431314500000001,0.02406145,0.04158145,1.42168145,0.2199014499999999,5.144999999999999e-05,5.71133145,21.11480145,0.5602414500000001,0.4743014499999999,0.08378145,5.144999999999999e-05,0.16175145,5.144999999999999e-05,5.144999999999999e-05,5.144999999999999e-05,0.53645145,5.144999999999999e-05,0.11951144999999999,5.144999999999999e-05,0.22197145,0.14192145,0.04373145,5.144999999999999e-05,5.144999999999999e-05,5.144999999999999e-05,0.13575145,0.00231145,0.00054145,0.0006914499999999,0.31358145,1.86218145,0.06584145,0.02120145,0.96964145,0.03651145,5.144999999999999e-05,1.43464145,2.03990145,5.144999999999999e-05,0.01015145,0.00051145,0.00462145,0.47509144999999997,0.06132145,0.54883145,5.144999999999999e-05,0.03363145,0.00162145,1.06499145,0.02551145,0.6746614500000001,0.00492145,5.144999999999999e-05,0.009661449999999999,5.144999999999999e-05,5.144999999999999e-05,5.144999999999999e-05,0.0068914499999999,0.0569114499999999,0.23745144999999998,0.05432145,5.144999999999999e-05,0.04485145,0.53699145,0.39836145,0.44229145,0.61393145,0.03873145,0.00103145,5.144999999999999e-05,0.07810144999999999,0.02921145,5.144999999999999e-05,0.11572144999999999,5.144999999999999e-05,0.03316145,0.00083145,0.09414144999999999,0.00883145,0.31321145,0.02267145,0.00071145,0.07618145,0.01956145,0.11707145,0.1733914499999999,0.07530144999999999,0.08069145,5.144999999999999e-05,0.10990145,0.31558145,0.02512145,5.144999999999999e-05,0.029831450000000002,0.3128414499999999,0.01142145,0.00364145,0.02333145,0.00444145,0.04085145,5.144999999999999e-05,0.016731450000000002,0.1050414499999999,5.144999999999999e-05,0.11992145,0.05648145,5.144999999999999e-05,0.04236145,5.144999999999999e-05,0.00088145,0.66107145,0.09051145,0.01471145,5.144999999999999e-05,0.04663145,5.144999999999999e-05,0.010251449999999999,5.144999999999999e-05,5.144999999999999e-05,0.71342145,0.00314145,0.22276145,1.1333614499999998,0.61192145,1.4367114499999998,0.37070145,0.05277145,0.7713614500000001,0.014191449999999899,0.33512145,0.18565145,0.04947145,0.07778144999999999,0.00773145,0.02131145,0.038311450000000004,0.02765145,0.02211145,5.144999999999999e-05,0.04851145,0.49524144999999997,5.144999999999999e-05,0.02325145,0.011071449999999998,0.11115145,0.02427145,0.02479145,5.144999999999999e-05,0.14122145,0.04669145,0.04585145,0.02723145,0.06686144999999999,0.13753145,0.011141449999999999,0.09574144999999999,0.01619145,5.144999999999999e-05,5.144999999999999e-05,0.011441449999999999,5.144999999999999e-05,5.144999999999999e-05,3.48252145,0.00207145,5.144999999999999e-05,5.144999999999999e-05,5.144999999999999e-05,5.144999999999999e-05,5.144999999999999e-05,5.144999999999999e-05,5.144999999999999e-05,0.00086145,5.144999999999999e-05,0.18865145,0.02739145,5.144999999999999e-05,2.95662145,0.23207144999999998,0.31077145,0.04524145,5.144999999999999e-05,5.144999999999999e-05,30.149841449999972
37082_2#22,3.7449999999999995e-05,5.36025745,3.7449999999999995e-05,2.4376074500000002,0.0015474500000000001,0.7554174499999999,5.2207174499999995,0.015607450000000002,0.09768745,1.0291674499999999,0.02093745,1.19422745,0.01786745,3.7449999999999995e-05,3.7449999999999995e-05,3.7449999999999995e-05,0.6531574499999999,0.00430745,0.06370744999999989,1.14185745,3.7449999999999995e-05,3.7449999999999995e-05,2.17756745,6.119767449999999,0.17195745,0.11809744999999999,6.38929745,3.7449999999999995e-05,0.96913745,3.7449999999999995e-05,3.7449999999999995e-05,3.7449999999999995e-05,1.05789745,3.7449999999999995e-05,0.14732745,3.7449999999999995e-05,3.7449999999999995e-05,3.7449999999999995e-05,0.08893744999999999,3.7449999999999995e-05,3.7449999999999995e-05,0.0049374499999999995,0.24227745,0.03362745,3.7449999999999995e-05,3.7449999999999995e-05,0.00599745,0.2281374499999999,3.7449999999999995e-05,0.64487745,0.009707450000000001,3.7449999999999995e-05,3.7449999999999995e-05,2.7664674500000004,3.2576074500000005,0.7457374499999999,0.96669745,0.00716745,3.7449999999999995e-05,0.00562745,0.44574745,0.54284745,0.01437745,3.7449999999999995e-05,0.030927450000000002,1.86707745,0.00890745,2.8157974500000003,0.08432745,3.7449999999999995e-05,3.7449999999999995e-05,3.7449999999999995e-05,3.7449999999999995e-05,0.59159745,0.00109745,3.7449999999999995e-05,0.0090274499999999,3.7449999999999995e-05,3.7449999999999995e-05,3.7449999999999995e-05,3.7449999999999995e-05,0.5455574499999999,0.55910745,0.00150745,0.15180745,0.30862744999999997,3.7449999999999995e-05,0.16036745,0.37400744999999996,3.7449999999999995e-05,0.00294745,3.7449999999999995e-05,0.03023745,3.7449999999999995e-05,0.00052745,0.0275574499999999,1.02412745,0.0028874499999999997,1.09551745,0.72049745,3.7449999999999995e-05,0.23995745000000002,0.86286745,0.10688745,0.18038745,3.7449999999999995e-05,3.7449999999999995e-05,1.95380745,0.22889745,3.7449999999999995e-05,3.7449999999999995e-05,3.7449999999999995e-05,3.7449999999999995e-05,3.7449999999999995e-05,0.08396745,3.7449999999999995e-05,3.7449999999999995e-05,0.9179874499999999,3.7449999999999995e-05,0.03589745,3.7449999999999995e-05,0.25332744999999995,1.15104745,3.7449999999999995e-05,3.7449999999999995e-05,3.7449999999999995e-05,0.41396744999999996,1.23462745,0.17525745,3.7449999999999995e-05,0.00718745,0.07077744999999999,3.7449999999999995e-05,3.7449999999999995e-05,1.31245745,3.7449999999999995e-05,0.4172874499999999,3.7449999999999995e-05,3.7449999999999995e-05,4.140977449999999,0.03869745,0.06468745,0.07598745,3.7449999999999995e-05,3.7449999999999995e-05,3.7449999999999995e-05,3.7449999999999995e-05,3.7449999999999995e-05,0.0068774499999999,0.66322745,3.7449999999999995e-05,0.06601744999999999,3.7449999999999995e-05,3.7449999999999995e-05,0.0294074499999999,3.7449999999999995e-05,3.7449999999999995e-05,0.00535745,0.00279745,3.7449999999999995e-05,3.7449999999999995e-05,3.7449999999999995e-05,3.7449999999999995e-05,3.7449999999999995e-05,3.7449999999999995e-05,0.39808744999999995,3.7449999999999995e-05,0.00290745,3.7449999999999995e-05,0.25099744999999996,0.11285745,0.00475745,0.48245744999999995,0.07464744999999999,3.7449999999999995e-05,3.7449999999999995e-05,3.7449999999999995e-05,3.7449999999999995e-05,0.08299744999999989,0.15244745,0.0507574499999999,3.7449999999999995e-05,3.7449999999999995e-05,3.7449999999999995e-05,3.7449999999999995e-05,3.7449999999999995e-05,3.7449999999999995e-05,3.7449999999999995e-05,3.7449999999999995e-05,3.7449999999999995e-05,0.42651744999999996,0.32248744999999995,3.7449999999999995e-05,1.6384274499999998,3.7449999999999995e-05,0.08075745,0.00408745,3.7449999999999995e-05,3.7449999999999995e-05,25.58075745000002
37082_2#23,0.22576515,1.66992515,0.02855515,1.37249515,1.17150515,0.06942514999999999,2.11577515,8.78022515,4.515e-05,7.268545149999999,0.01376515,0.05968515,0.49359515,0.00589515,0.02763515,0.24528515,1.21884515,4.515e-05,0.14732515000000002,1.62464515,0.15195515,0.01932515,0.23648515,0.8681951500000001,4.515e-05,0.73731515,0.86445515,0.28109514999999996,0.08108515,4.515e-05,4.515e-05,4.515e-05,1.1044151500000001,0.08311514999999989,0.10808514999999999,4.515e-05,4.515e-05,0.03017515,0.03572515,4.515e-05,4.515e-05,0.04481515,0.17600515,0.01452515,0.0011751499999999998,0.0009451499999999,4.515e-05,1.29997515,4.515e-05,0.29355515,4.515e-05,0.01375515,1.91273515,2.88902515,0.9646651500000001,0.23340515,4.515e-05,0.41176514999999997,4.192045149999999,0.08937514999999999,4.515e-05,0.1879051499999999,4.515e-05,1.18913515,0.99743515,4.515e-05,0.08292514999999999,2.0279351500000002,0.4821151499999999,0.013665150000000001,0.05156515,0.03446515,0.02247515,0.13180515,0.6459751499999999,0.16663515,0.59557515,4.515e-05,0.1657851499999999,0.02441515,0.23002515,2.14294515,4.515e-05,4.515e-05,4.515e-05,4.515e-05,0.07546515,0.00582515,0.00978515,0.00825515,0.32522514999999996,0.0021651499999999,4.515e-05,4.515e-05,0.20093515,0.12283514999999999,2.48055515,4.515e-05,4.515e-05,0.02076515,0.12430514999999999,0.15458515,0.32958515,0.10390514999999999,0.13568515,0.27855515,0.78942515,0.05887515,0.00449515,4.515e-05,4.515e-05,0.42850515,4.515e-05,0.00832515,0.01017515,4.515e-05,4.515e-05,4.515e-05,0.00477515,1.4471151500000001,4.515e-05,0.05874515,0.21486515,4.515e-05,4.515e-05,4.515e-05,4.515e-05,0.23022515000000002,0.10987514999999999,4.515e-05,0.01376515,4.515e-05,0.00623515,0.57847515,4.515e-05,4.515e-05,4.515e-05,0.01707515,0.37574514999999997,2.20340515,2.60327515,0.74327515,0.01811515,4.515e-05,2.39911515,0.02517515,4.515e-05,0.27306515,0.02131515,1.42227515,0.02163515,0.04071515,4.515e-05,0.010215150000000001,4.515e-05,0.00088515,4.515e-05,4.515e-05,4.515e-05,0.94694515,4.515e-05,4.515e-05,0.06467514999999999,0.03718515,0.02181515,4.515e-05,4.515e-05,0.00826515,0.02903515,4.515e-05,0.03906515,0.02628515,0.04012515,4.515e-05,4.515e-05,0.01705515,0.00998515,4.515e-05,4.515e-05,4.515e-05,0.04876515,4.515e-05,4.515e-05,4.515e-05,4.515e-05,4.515e-05,4.515e-05,4.515e-05,0.01460515,0.05489515,0.04665515,4.515e-05,0.07891514999999999,4.515e-05,4.515e-05,4.515e-05,0.04456515,0.00163515,4.515e-05,27.07785515000003
37082_2#24,2.625e-05,0.12837625,2.625e-05,7.86398625,0.045746249999999995,2.625e-05,8.52752625,0.013596249999999999,2.625e-05,2.35639625,0.66655625,1.7597962500000002,0.056136249999999895,2.625e-05,0.09388625,5.28707625,2.7343362499999997,2.625e-05,2.625e-05,5.9517162500000005,0.017396250000000002,2.625e-05,0.39120625,11.65926625,0.11567625000000001,1.00700625,4.04430625,2.625e-05,17.64478625,2.625e-05,2.625e-05,2.625e-05,0.09190625000000001,2.625e-05,0.00738625,2.625e-05,2.625e-05,2.625e-05,0.006246249999999999,2.625e-05,2.625e-05,2.625e-05,0.09311625000000001,2.625e-05,0.00817625,0.009166249999999999,2.625e-05,0.28384624999999997,0.14533625,2.625e-05,2.625e-05,2.625e-05,2.625e-05,3.30634625,2.625e-05,0.32916625,1.2242062500000002,2.625e-05,0.1526362499999999,2.625e-05,1.9082462500000001,1.1036462500000002,2.625e-05,2.625e-05,2.625e-05,2.625e-05,0.0427962499999999,0.23951624999999999,0.058186249999999995,2.625e-05,2.625e-05,2.625e-05,2.625e-05,0.16760624999999998,0.03446625,2.625e-05,2.625e-05,2.625e-05,2.625e-05,0.02255625,2.625e-05,0.00065625,2.625e-05,2.625e-05,2.625e-05,0.20026624999999998,2.625e-05,2.625e-05,0.33476625,2.625e-05,0.10304625,2.625e-05,1.72205625,2.625e-05,2.625e-05,0.00737625,0.25168625,0.0568362499999999,0.1468662499999999,0.32710625,2.625e-05,0.46565625,0.04385625,2.625e-05,0.029216250000000003,2.625e-05,2.625e-05,3.52796625,0.13566625,2.625e-05,2.625e-05,2.625e-05,0.21595625,2.625e-05,0.60523625,2.625e-05,0.13700625,2.625e-05,2.625e-05,2.625e-05,2.625e-05,0.005496249999999999,0.40535625,2.625e-05,2.625e-05,2.625e-05,0.49846625,0.61155625,0.036186249999999996,0.24601625,2.625e-05,2.625e-05,2.625e-05,2.625e-05,2.625e-05,2.625e-05,0.09259625,2.625e-05,2.625e-05,2.625e-05,2.625e-05,2.625e-05,2.625e-05,2.625e-05,0.01055625,2.625e-05,2.625e-05,2.625e-05,2.625e-05,2.625e-05,2.625e-05,2.625e-05,0.00325625,2.625e-05,0.060706249999999996,2.625e-05,2.625e-05,6.13526625,2.625e-05,2.625e-05,2.625e-05,2.625e-05,2.625e-05,2.625e-05,2.625e-05,0.21766624999999998,2.625e-05,2.625e-05,2.625e-05,2.625e-05,2.625e-05,2.625e-05,0.05327625,2.625e-05,2.625e-05,2.625e-05,2.625e-05,2.625e-05,2.625e-05,0.22111625,2.625e-05,2.625e-05,2.625e-05,2.625e-05,2.625e-05,2.625e-05,2.625e-05,2.625e-05,2.625e-05,0.017216250000000002,0.11528625,2.625e-05,2.625e-05,2.625e-05,2.625e-05,2.625e-05,2.625e-05,2.625e-05,2.625e-05,3.3561462500000863
37082_2#25,3.955e-05,3.955e-05,3.955e-05,0.0223295499999999,0.09762955,3.955e-05,1.68721955,0.020179549999999997,0.00845955,0.14753955000000002,0.0110295499999999,0.64158955,0.015609550000000002,3.955e-05,0.15153955000000002,0.24118955,0.1143295499999999,0.01496955,0.04282955,0.00213955,0.00503955,3.955e-05,0.0560995499999999,3.955e-05,3.955e-05,0.00255955,0.42794955,3.955e-05,0.20796955,3.955e-05,3.955e-05,0.00482955,0.0160295499999999,3.955e-05,0.3879295499999999,3.955e-05,3.955e-05,0.00054955,0.00304955,3.955e-05,3.955e-05,3.955e-05,0.0044395500000000004,0.04900955,3.955e-05,3.955e-05,0.0052595499999999,0.07987955,3.955e-05,0.00435955,3.955e-05,0.018219549999999998,3.955e-05,0.83610955,0.09836955,0.06786955,0.00710955,3.955e-05,0.11029955,0.03737955,0.39448954999999997,0.58776955,0.00303955,3.955e-05,0.01359955,0.08363955,3.955e-05,0.13853955,0.07287955,3.955e-05,3.955e-05,3.955e-05,3.955e-05,0.01202955,3.955e-05,0.0349895499999999,0.03393955,0.00012955000000000003,0.009359550000000001,0.00219955,0.00012955000000000003,0.0870095499999999,0.33420954999999997,3.955e-05,3.955e-05,0.03325955,3.955e-05,0.00641955,0.05156955,3.955e-05,0.007799550000000001,3.955e-05,3.955e-05,3.955e-05,3.955e-05,3.955e-05,0.64350955,3.955e-05,0.00368955,0.06960954999999999,0.00014955000000000003,3.955e-05,0.011359550000000001,3.955e-05,0.025859549999999898,3.955e-05,0.06346955,0.41540954999999996,0.014559550000000001,3.955e-05,3.955e-05,0.030229549999999997,3.955e-05,3.955e-05,0.045669549999999996,3.955e-05,0.02105955,0.04465955,0.00026954999999999997,0.04870955,3.955e-05,0.00243955,0.0062895500000000005,3.955e-05,0.01305955,3.955e-05,0.00238955,0.6852595499999999,0.00353955,0.09915955,3.955e-05,3.955e-05,3.955e-05,3.955e-05,0.07266955,3.955e-05,0.047609549999999896,0.50201955,3.955e-05,1.2213395500000002,0.0110295499999999,0.06748955,0.029279549999999998,0.00501955,3.955e-05,3.955e-05,0.01362955,0.016529549999999997,0.00673955,0.27916955,3.955e-05,3.955e-05,0.0066095500000000005,3.955e-05,0.00234955,3.955e-05,0.008169550000000001,0.024419549999999998,3.955e-05,3.955e-05,0.00422955,0.00139955,3.955e-05,3.955e-05,3.955e-05,0.09650955,3.955e-05,3.955e-05,0.01402955,0.04003955,0.00198955,0.00206955,0.1770995499999999,0.005859550000000001,3.955e-05,3.955e-05,0.06553955,3.955e-05,3.955e-05,0.11741955,0.00552955,3.955e-05,3.955e-05,3.955e-05,3.955e-05,3.955e-05,3.955e-05,3.955e-05,3.955e-05,0.56539955,0.36413955,3.955e-05,3.955e-05,0.01928955,0.01725955,0.00160955,3.955e-05,3.955e-05,3.955e-05,86.37682955
37082_2#26,3.9899999999999994e-05,0.10031989999999999,3.9899999999999994e-05,1.5194699,0.0481499,0.0089999,4.3384299,0.09727989999999999,0.07733989999999999,3.3355499,0.08674989999999999,0.4613899,0.06587989999999999,3.9899999999999994e-05,3.9899999999999994e-05,0.26580990000000004,1.2157699,3.9899999999999994e-05,0.0086899,0.7627799,0.0062999,3.9899999999999994e-05,0.36198990000000003,0.0244099,0.0122899,0.5878299,0.09673989999999999,3.9899999999999994e-05,0.5175198999999999,3.9899999999999994e-05,3.9899999999999994e-05,3.9899999999999994e-05,0.08058989999999999,3.9899999999999994e-05,0.1565599,3.9899999999999994e-05,3.9899999999999994e-05,3.9899999999999994e-05,0.0846599,3.9899999999999994e-05,3.9899999999999994e-05,3.9899999999999994e-05,0.0187699,0.0478398999999999,0.0541099,3.9899999999999994e-05,3.9899999999999994e-05,0.15348989999999998,3.9899999999999994e-05,0.3630899,0.049989900000000004,3.9899999999999994e-05,0.0068099,3.0139399,0.9031699,0.08635989999999999,0.0479699,0.0032499,2.3194599,0.07020989999999999,0.0743899,0.7637098999999999,3.9899999999999994e-05,0.07808989999999999,3.9899999999999994e-05,3.1625899,0.0092999,0.6847799,3.9899999999999994e-05,0.030229899999999997,0.0063299,3.9899999999999994e-05,3.9899999999999994e-05,0.1832999,1.0668399,3.9899999999999994e-05,0.0014499,3.9899999999999994e-05,3.9899999999999994e-05,0.0087499,0.0401699,0.08800989999999999,0.1683599,0.027839899999999997,0.0676999,0.0047099,3.9899999999999994e-05,3.9899999999999994e-05,0.08649989999999999,3.9899999999999994e-05,0.0549599,3.9899999999999994e-05,3.9899999999999994e-05,3.9899999999999994e-05,0.0674399,0.5468198999999999,0.9028699,0.026289899999999998,0.2187499,0.11119989999999999,3.9899999999999994e-05,0.0149999,0.0909999,0.0185898999999999,0.0651199,0.0394599,0.047069900000000005,0.06741989999999999,0.0330099,3.9899999999999994e-05,3.9899999999999994e-05,3.9899999999999994e-05,3.9899999999999994e-05,3.9899999999999994e-05,0.0588699,3.9899999999999994e-05,0.07958989999999999,3.9899999999999994e-05,3.9899999999999994e-05,0.026629899999999998,3.9899999999999994e-05,0.0476098999999999,0.0062799,0.0013399,3.9899999999999994e-05,0.1600199,0.0527699,0.1962599,0.0578599,3.9899999999999994e-05,3.9899999999999994e-05,0.0058199,3.9899999999999994e-05,3.9899999999999994e-05,0.0437499,3.9899999999999994e-05,4.7612299,0.0048099,0.1348899,0.2831599,0.0113899,0.1905599,0.031819900000000005,3.9899999999999994e-05,0.0617799,3.9899999999999994e-05,3.9899999999999994e-05,3.9899999999999994e-05,0.0040199,0.5100998999999999,3.9899999999999994e-05,0.2285298999999999,0.0055598999999999,3.9899999999999994e-05,0.0498098999999999,3.9899999999999994e-05,3.9899999999999994e-05,4.4434398999999996,3.9899999999999994e-05,3.9899999999999994e-05,3.9899999999999994e-05,3.9899999999999994e-05,0.017349899999999998,3.9899999999999994e-05,0.0114899,0.0762399,3.9899999999999994e-05,0.030999899999999997,3.9899999999999994e-05,0.07911989999999999,3.9899999999999994e-05,0.0038699,0.061949899999999905,3.9899999999999994e-05,3.9899999999999994e-05,3.9899999999999994e-05,0.0066298999999999005,3.9899999999999994e-05,3.9899999999999994e-05,0.0602098999999999,3.9899999999999994e-05,3.9899999999999994e-05,3.9899999999999994e-05,3.9899999999999994e-05,3.9899999999999994e-05,3.9899999999999994e-05,3.9899999999999994e-05,3.9899999999999994e-05,3.9899999999999994e-05,0.0601999,0.0074699,3.9899999999999994e-05,3.9899999999999994e-05,0.6859698999999999,3.9899999999999994e-05,0.0391199,0.0093599,3.9899999999999994e-05,3.9899999999999994e-05,57.07068990000001
37082_2#27,3.3249999999999995e-05,0.34734325000000005,3.3249999999999995e-05,2.43692325,0.34547325,3.3249999999999995e-05,4.71571325,0.62947325,3.3249999999999995e-05,10.17406325,0.011303249999999999,1.56001325,0.011133249999999999,3.3249999999999995e-05,3.3249999999999995e-05,0.58139325,1.42896325,0.13616324999999999,3.3249999999999995e-05,3.17134325,0.02110325,3.3249999999999995e-05,1.2997932499999998,14.04936325,1.19404325,1.3953432499999998,0.0138232499999999,0.01881325,1.28505325,3.3249999999999995e-05,3.3249999999999995e-05,3.3249999999999995e-05,0.037823249999999996,3.3249999999999995e-05,0.28656325000000005,3.3249999999999995e-05,3.3249999999999995e-05,3.3249999999999995e-05,0.11479325,3.3249999999999995e-05,3.3249999999999995e-05,3.3249999999999995e-05,3.3249999999999995e-05,0.84753325,0.02150325,0.00243325,3.3249999999999995e-05,1.99444325,3.3249999999999995e-05,3.3249999999999995e-05,3.3249999999999995e-05,0.007633249999999999,3.3249999999999995e-05,4.326813250000001,12.03648325,0.23456325,1.72486325,3.3249999999999995e-05,3.3249999999999995e-05,0.00273325,3.3249999999999995e-05,0.02698325,3.3249999999999995e-05,3.3249999999999995e-05,3.3249999999999995e-05,1.02514325,0.0374332499999999,0.52482325,0.08256325,0.34201325000000005,3.3249999999999995e-05,3.3249999999999995e-05,0.0033232500000000002,3.3249999999999995e-05,0.16032325,3.3249999999999995e-05,0.01966325,3.3249999999999995e-05,3.3249999999999995e-05,3.3249999999999995e-05,0.13794325,0.016033249999999902,0.63502325,0.01043325,0.24169325,3.3249999999999995e-05,3.3249999999999995e-05,0.00060325,0.03736325,3.3249999999999995e-05,0.00029325,3.3249999999999995e-05,14.22844325,3.3249999999999995e-05,3.3249999999999995e-05,3.3249999999999995e-05,2.73521325,0.01188325,0.8722432499999999,0.29092325,3.3249999999999995e-05,0.02782325,0.06432325,0.03039325,0.01052325,0.31744325,0.00423325,0.84872325,0.05677325,3.3249999999999995e-05,3.3249999999999995e-05,3.3249999999999995e-05,3.3249999999999995e-05,3.3249999999999995e-05,0.13080325,3.3249999999999995e-05,0.015183249999999999,0.41555324999999993,3.3249999999999995e-05,0.11997324999999989,3.3249999999999995e-05,0.08937325,3.3249999999999995e-05,0.008963249999999999,3.3249999999999995e-05,3.3249999999999995e-05,0.09878325,1.01545325,3.3249999999999995e-05,0.025583250000000002,0.00929325,0.0269332499999999,3.3249999999999995e-05,3.3249999999999995e-05,0.20319325,3.3249999999999995e-05,1.37550325,3.3249999999999995e-05,3.3249999999999995e-05,0.10116325,3.3249999999999995e-05,0.0384532499999999,3.3249999999999995e-05,3.3249999999999995e-05,3.3249999999999995e-05,3.3249999999999995e-05,3.3249999999999995e-05,0.02520325,3.3249999999999995e-05,3.3249999999999995e-05,3.3249999999999995e-05,3.3249999999999995e-05,3.3249999999999995e-05,3.3249999999999995e-05,3.3249999999999995e-05,3.3249999999999995e-05,3.3249999999999995e-05,3.3249999999999995e-05,3.3249999999999995e-05,3.3249999999999995e-05,0.13342325,3.3249999999999995e-05,0.009563249999999999,3.3249999999999995e-05,3.3249999999999995e-05,0.0594932499999999,3.3249999999999995e-05,3.3249999999999995e-05,3.3249999999999995e-05,0.02740325,0.11695325,0.00207325,0.0300032499999999,0.04012325,3.3249999999999995e-05,3.3249999999999995e-05,3.3249999999999995e-05,3.3249999999999995e-05,0.05757325,0.33960325,3.3249999999999995e-05,3.3249999999999995e-05,3.3249999999999995e-05,3.3249999999999995e-05,3.3249999999999995e-05,3.3249999999999995e-05,3.3249999999999995e-05,3.3249999999999995e-05,3.3249999999999995e-05,3.3249999999999995e-05,0.21767324999999998,0.08098324999999999,3.3249999999999995e-05,0.028703249999999902,3.3249999999999995e-05,3.3249999999999995e-05,0.02211325,3.3249999999999995e-05,3.3249999999999995e-05,5.865993249999982
37082_2#28,0.24871110000000002,5.1099999999999995e-05,5.1099999999999995e-05,0.3717911,0.9696910999999999,5.1099999999999995e-05,1.2982911000000001,0.6915811,5.1099999999999995e-05,12.9211811,0.0212911,0.35952110000000004,0.9843510999999999,0.0587211,0.0470311,0.1111611,0.5609111,0.0075110999999999,0.3111311,1.2560611000000002,0.10588109999999999,5.1099999999999995e-05,0.5652911,3.9882011,0.4178611,0.6800311,0.2263511,0.6489811,0.2700311,5.1099999999999995e-05,5.1099999999999995e-05,0.047061099999999995,1.1762711000000001,5.1099999999999995e-05,0.1695910999999999,5.1099999999999995e-05,0.0776811,0.0643610999999999,0.056571099999999895,0.0052611,5.1099999999999995e-05,0.018081100000000003,0.048371099999999896,0.6730611,0.0191411,5.1099999999999995e-05,0.2271011,9.8730511,5.1099999999999995e-05,0.3041011,0.0131311,0.3077611,0.0535511,1.2695011,0.8304911,0.2704911,0.030001099999999902,0.4623710999999999,5.1099999999999995e-05,1.4580011000000002,0.0898211,0.031401099999999994,0.9250510999999999,0.2947311,5.008461100000001,0.6220810999999999,0.18208110000000002,0.14963110000000002,5.9770411,0.0696711,0.0058011,0.038021099999999995,0.0563211,5.1099999999999995e-05,5.1099999999999995e-05,0.2377311,5.388621100000001,1.0251511,0.2802010999999999,5.1099999999999995e-05,0.3566411,4.995371100000001,0.2993111,0.044251099999999995,0.0394811,0.0072811,0.010811099999999999,0.024741100000000002,0.047901099999999995,0.0299911,0.0212111,0.024821100000000002,0.0050311,0.0096411,0.041101099999999995,5.1099999999999995e-05,0.026431100000000003,0.0189510999999999,0.0499511,0.1271111,0.5271110999999999,0.0268911,0.5730211,0.1190311,0.0202611,0.0172510999999999,0.0842911,0.3284811,5.1099999999999995e-05,5.1099999999999995e-05,5.1099999999999995e-05,0.3038211,5.1099999999999995e-05,0.3892211,0.0712911,0.0119911,0.3634711,0.004931100000000001,0.3889811,1.0212911,0.0464010999999999,0.1097411,0.1030111,0.0970811,0.2539111,0.0251211,0.014451099999999899,0.2500111,0.06901109999999999,5.1099999999999995e-05,5.1099999999999995e-05,0.0384611,0.0170111,5.1099999999999995e-05,5.1099999999999995e-05,5.1099999999999995e-05,0.16382110000000003,0.019191099999999902,5.1099999999999995e-05,2.6602810999999997,5.1099999999999995e-05,0.8478810999999999,5.1099999999999995e-05,5.1099999999999995e-05,5.1099999999999995e-05,0.5968210999999999,1.7246111000000002,0.4877511,0.0111211,5.1099999999999995e-05,0.1776511,5.1099999999999995e-05,5.1099999999999995e-05,0.0335211,5.1099999999999995e-05,0.0980611,0.14850110000000002,5.1099999999999995e-05,0.1120311,5.1099999999999995e-05,0.12421109999999999,0.0334711,0.4766710999999999,0.0446711,0.5836610999999999,0.0155611,0.0528711,5.1099999999999995e-05,5.1099999999999995e-05,0.2025910999999999,5.1099999999999995e-05,0.0839311,0.0003210999999999,0.0036211,0.0157411,5.1099999999999995e-05,5.1099999999999995e-05,5.1099999999999995e-05,0.0140711,5.1099999999999995e-05,0.2085510999999999,5.1099999999999995e-05,5.1099999999999995e-05,5.1099999999999995e-05,0.009531099999999999,5.1099999999999995e-05,5.1099999999999995e-05,5.1099999999999995e-05,0.030691100000000002,5.1099999999999995e-05,0.014681099999999999,0.0144811,0.0817411,5.1099999999999995e-05,0.3619811,0.043551099999999995,0.0848911,5.1099999999999995e-05,5.1099999999999995e-05,14.000531100000003
37082_2#29,4.7249999999999997e-05,4.7249999999999997e-05,4.7249999999999997e-05,0.24846725,0.17021725000000001,4.7249999999999997e-05,0.8297972500000002,5.40302725,4.7249999999999997e-05,7.71103725,4.7249999999999997e-05,0.16663725000000001,0.47752724999999996,4.7249999999999997e-05,0.022607250000000002,4.7249999999999997e-05,0.21596725,4.7249999999999997e-05,0.15153725,0.23089725,0.055217249999999996,4.7249999999999997e-05,0.12151725,0.5146072500000001,4.7249999999999997e-05,0.05871725,3.76358725,0.06967725,0.00220725,4.7249999999999997e-05,4.7249999999999997e-05,4.7249999999999997e-05,0.71386725,4.7249999999999997e-05,0.02842725,4.7249999999999997e-05,0.035977249999999995,0.01805725,0.04785725,4.7249999999999997e-05,0.011277249999999999,0.2757472499999999,0.19256725000000002,0.024647249999999902,4.7249999999999997e-05,4.7249999999999997e-05,0.07036724999999999,4.22675725,0.00261725,4.7249999999999997e-05,0.08651724999999989,0.009237249999999999,0.043997249999999995,0.31287725,0.27784725,0.05622725,0.17804725000000002,0.00824725,0.25411724999999996,0.38417724999999997,0.12936725000000002,0.19892725,4.7249999999999997e-05,0.42841724999999997,0.19666725000000002,2.56569725,0.03396725,4.50674725,0.24148725000000001,4.7249999999999997e-05,0.00051725,0.0149872499999999,0.01916725,1.31116725,1.13776725,0.02357725,0.48247724999999997,0.38705724999999996,0.01777725,0.05544725,0.90998725,1.57684725,0.10589725,0.5131872500000001,0.89036725,0.0551672499999999,0.04618725,0.00402725,0.01981725,0.0025572499999999996,4.7249999999999997e-05,4.7249999999999997e-05,0.01342725,4.7249999999999997e-05,0.05952725,0.8626772500000001,2.88199725,4.7249999999999997e-05,0.12195724999999989,0.04520725,0.01228725,4.7249999999999997e-05,0.24967725000000002,0.11401725,0.027127250000000002,0.15818725,0.19689725000000002,0.034527249999999995,4.7249999999999997e-05,0.00767725,4.7249999999999997e-05,1.1435772499999999,4.7249999999999997e-05,4.7249999999999997e-05,0.00280725,0.01343725,4.7249999999999997e-05,0.03327725,0.11790724999999999,0.19094725,0.05393725,0.03762725,0.29557724999999996,4.7249999999999997e-05,0.00406725,0.14782725000000002,0.041937249999999995,0.08199725,0.023367250000000003,0.0009372499999999,4.7249999999999997e-05,4.7249999999999997e-05,0.03730725,4.7249999999999997e-05,4.7249999999999997e-05,4.7249999999999997e-05,4.7249999999999997e-05,4.7249999999999997e-05,4.7249999999999997e-05,0.14998725000000002,0.029687250000000002,2.65167725,0.4429972499999999,0.07269725,0.00026725,0.07088725,0.29350725,0.0263672499999999,0.63676725,0.12129725,0.16982725,4.7249999999999997e-05,4.7249999999999997e-05,0.020377250000000003,4.7249999999999997e-05,0.028737250000000002,0.20044725000000002,0.09353725,0.17153725,0.0113372499999999,4.7249999999999997e-05,0.11960725,4.7249999999999997e-05,0.0042672499999999,0.021587250000000002,0.025567250000000003,4.7249999999999997e-05,0.06374724999999999,0.018417250000000003,0.01619725,0.021677250000000002,4.7249999999999997e-05,4.7249999999999997e-05,0.011277249999999999,4.7249999999999997e-05,4.7249999999999997e-05,0.06474724999999999,4.7249999999999997e-05,0.02229725,0.01458725,0.00602725,4.7249999999999997e-05,4.7249999999999997e-05,4.7249999999999997e-05,4.7249999999999997e-05,4.7249999999999997e-05,4.7249999999999997e-05,4.7249999999999997e-05,4.7249999999999997e-05,0.66959725,4.7249999999999997e-05,0.01228725,4.7249999999999997e-05,19.79463725,0.07434725,4.7249999999999997e-05,0.01100725,4.7249999999999997e-05,4.7249999999999997e-05,23.473407250000026
37082_2#2,2.0431527,0.0010727,0.6475227,0.6809427,2.4750726999999997,0.8461127,0.4909327,9.7567427,0.16684269999999998,13.410152700000001,4.2699999999999994e-05,0.5071727,1.0827227000000001,1.3259427000000001,0.0016127,4.2699999999999994e-05,1.4570827,0.0128727,0.06543270000000001,1.7595227,0.4871027,0.5345627000000001,0.0915827,0.41524269999999996,0.21419269999999999,5.3631027,2.7633726999999997,0.10391270000000001,0.0055827,0.0209327,0.3509427,1.2808627000000001,1.6334227000000001,0.07774270000000001,4.2699999999999994e-05,0.06822270000000001,0.0663727,0.9520127,0.6084127,4.2699999999999994e-05,0.0527727,4.2699999999999994e-05,4.2699999999999994e-05,4.2699999999999994e-05,4.2699999999999994e-05,4.2699999999999994e-05,0.49628269999999997,7.6953127,0.3018227,4.2699999999999994e-05,4.2699999999999994e-05,4.2699999999999994e-05,0.1198627,1.4559127,1.3931727,4.2699999999999994e-05,4.2699999999999994e-05,0.2393127,4.2699999999999994e-05,1.2003227,0.1457427,0.18183269999999999,4.2699999999999994e-05,0.9061827,0.3667227,4.2699999999999994e-05,0.7964027,0.21263269999999998,2.3900126999999998,4.2699999999999994e-05,0.0039127,0.013622700000000001,0.0246326999999999,4.2699999999999994e-05,4.2699999999999994e-05,4.2699999999999994e-05,2.5022127,0.6675627000000001,0.2851027,4.2699999999999994e-05,0.0223727,3.3960426999999997,4.2699999999999994e-05,4.2699999999999994e-05,0.6223627,4.2699999999999994e-05,0.056592699999999996,0.0084326999999999,4.2699999999999994e-05,0.0032527,4.2699999999999994e-05,4.2699999999999994e-05,4.2699999999999994e-05,0.0007427,4.2699999999999994e-05,0.26937269999999996,4.2699999999999994e-05,4.2699999999999994e-05,0.029542699999999998,4.2699999999999994e-05,0.3417727,4.2699999999999994e-05,0.0318327,0.0178327,4.2699999999999994e-05,4.2699999999999994e-05,0.11598269999999991,4.2699999999999994e-05,4.2699999999999994e-05,0.14636269999999998,0.0568327,0.8005727,0.0198227,4.2699999999999994e-05,4.2699999999999994e-05,0.0010826999999998998,4.2699999999999994e-05,4.2699999999999994e-05,0.07793270000000001,0.2691027,0.0348527,0.0016527,4.2699999999999994e-05,4.2699999999999994e-05,0.2851326999999999,4.2699999999999994e-05,4.2699999999999994e-05,4.2699999999999994e-05,0.0559927,4.2699999999999994e-05,4.2699999999999994e-05,4.2699999999999994e-05,0.0025526999999999998,0.008952700000000001,4.2699999999999994e-05,4.2699999999999994e-05,4.2699999999999994e-05,0.1853127,4.2699999999999994e-05,0.2861326999999999,4.2699999999999994e-05,4.2699999999999994e-05,4.2699999999999994e-05,0.0609526999999999,0.7277827000000001,0.0408927,0.0335727,4.2699999999999994e-05,0.2816326999999999,4.2699999999999994e-05,0.0372427,0.4886126999999999,0.1230427,0.0418527,4.2699999999999994e-05,0.08168270000000001,0.06730270000000001,0.5425227,4.2699999999999994e-05,0.8003427000000001,4.0948027,0.0087927,0.5530827,0.0234027,0.0006526999999999,4.2699999999999994e-05,0.0678527,4.2699999999999994e-05,0.0151827,4.2699999999999994e-05,4.2699999999999994e-05,0.0026227,4.2699999999999994e-05,4.2699999999999994e-05,0.0140926999999999,0.0025727,4.2699999999999994e-05,0.3625627,4.2699999999999994e-05,4.2699999999999994e-05,0.0022527,0.0314827,4.2699999999999994e-05,0.0371427,0.047732699999999996,0.28719269999999997,4.2699999999999994e-05,0.041062699999999897,4.2699999999999994e-05,4.2699999999999994e-05,4.2699999999999994e-05,4.2699999999999994e-05,0.3966926999999999,4.2699999999999994e-05,0.0359327,0.3153027,4.2699999999999994e-05,0.0539626999999999,0.0295626999999999,9.877032699999951
37082_2#30,4.934999999999999e-05,4.934999999999999e-05,4.934999999999999e-05,0.11570935,1.14562935,0.046059350000000006,2.52540935,4.01594935,0.0263493499999999,8.26188935,4.934999999999999e-05,0.78462935,0.97309935,4.934999999999999e-05,0.0013493499999999998,0.03099935,1.16502935,0.04547935,0.15722935,0.82620935,0.01350935,4.934999999999999e-05,0.15278935,8.29384935,0.058749350000000006,1.12033935,1.19390935,0.26918935,0.1650393499999999,4.934999999999999e-05,4.934999999999999e-05,4.934999999999999e-05,0.0982593499999999,4.934999999999999e-05,0.09837935,4.934999999999999e-05,0.36027935,4.934999999999999e-05,0.08736935,4.934999999999999e-05,0.011749349999999999,2.54363935,0.0012093499999999999,4.934999999999999e-05,0.02838935,4.934999999999999e-05,0.00562935,1.20435935,0.48431934999999987,0.23505935,4.934999999999999e-05,0.13358934999999988,0.08853935,3.42434935,0.91161935,0.03330935,0.34495935,0.10758935,0.95885935,0.25447935,0.02457935,0.62846935,0.03763935,0.48407934999999996,1.49665935,5.24859935,0.09319935,0.45023935,0.47791934999999997,0.6791293500000001,0.16712934999999998,0.00173935,4.934999999999999e-05,0.9270793500000001,0.0588193499999999,1.3133393500000001,0.021309349999999998,0.02775935,0.08023935,4.934999999999999e-05,0.062399350000000006,0.45061935,0.45492935,0.05107935,0.55398935,4.934999999999999e-05,4.934999999999999e-05,0.01995935,0.07382935,0.0072393499999999006,0.04961935,0.02144935,0.20621935,4.934999999999999e-05,0.64746935,0.08682935,3.3979993499999996,0.00736935,0.08913935,0.006399350000000001,0.15956935,0.17489934999999998,0.12610934999999998,0.27745935,0.043719350000000004,0.34328935,0.19027934999999999,0.99610935,0.02328935,4.934999999999999e-05,4.934999999999999e-05,0.22668934999999998,0.03398935,4.934999999999999e-05,4.934999999999999e-05,0.05968935,0.06272935,0.20014934999999998,0.14867935,0.12441935,0.04774935,0.08499935,0.00695935,0.01723935,4.934999999999999e-05,4.934999999999999e-05,0.18667935,0.7760293500000001,0.05895935,0.01460935,4.934999999999999e-05,0.61181935,0.05707935,4.934999999999999e-05,0.0014593499999999999,4.934999999999999e-05,0.26525935,4.934999999999999e-05,4.934999999999999e-05,0.33672935,4.934999999999999e-05,0.40280935,0.03050935,4.934999999999999e-05,0.018149349999999998,0.03317935,0.04867935,4.934999999999999e-05,0.00755935,4.934999999999999e-05,0.04642935,0.01913935,0.02665935,0.03223935,4.934999999999999e-05,4.934999999999999e-05,4.934999999999999e-05,0.93289935,0.07054935,0.11483934999999991,4.934999999999999e-05,0.49322935,0.06668935000000001,4.934999999999999e-05,0.39813935,0.24812935,4.934999999999999e-05,0.02940935,0.09655935,4.934999999999999e-05,0.00818935,4.934999999999999e-05,4.934999999999999e-05,0.00132935,4.934999999999999e-05,4.934999999999999e-05,0.0035093499999999,4.934999999999999e-05,0.11619935,0.54814935,0.08353935,4.934999999999999e-05,4.934999999999999e-05,4.934999999999999e-05,4.934999999999999e-05,4.934999999999999e-05,4.934999999999999e-05,4.934999999999999e-05,4.934999999999999e-05,0.28537935,0.014769349999999999,0.08198935,4.934999999999999e-05,2.0109493499999997,0.01375935,0.02205935,0.0149893499999999,4.934999999999999e-05,4.934999999999999e-05,26.81103934999998
37082_2#31,3.0799999999999996e-05,0.17728080000000002,3.0799999999999996e-05,0.47413079999999996,0.039700799999999994,3.0799999999999996e-05,11.7412408,0.13335080000000002,0.09054079999999999,0.6553908,0.1941408,6.5071708,3.0799999999999996e-05,3.0799999999999996e-05,0.09215079999999999,5.719090800000001,4.8991008,3.0799999999999996e-05,3.0799999999999996e-05,0.2434808,0.0007908,3.0799999999999996e-05,0.056380799999999995,0.4110007999999999,0.0429308,0.1295908,3.1050708,3.0799999999999996e-05,5.9568308,3.0799999999999996e-05,0.0228008,3.0799999999999996e-05,0.0020507999999999998,3.0799999999999996e-05,1.9546908,3.0799999999999996e-05,0.0168707999999999,0.0023208,3.0799999999999996e-05,3.0799999999999996e-05,3.0799999999999996e-05,3.0799999999999996e-05,0.035760799999999995,3.0799999999999996e-05,3.0799999999999996e-05,0.07314079999999999,0.0244108,0.25765079999999996,3.0799999999999996e-05,3.0799999999999996e-05,3.0799999999999996e-05,3.0799999999999996e-05,3.0799999999999996e-05,9.6833708,3.6998908000000004,2.4231208000000004,0.2029208,3.0799999999999996e-05,0.0158408,0.0626308,1.3948908,3.0799999999999996e-05,3.0799999999999996e-05,3.0799999999999996e-05,0.0126008,0.0397408,0.0322308,1.0107108,3.0799999999999996e-05,3.0799999999999996e-05,3.0799999999999996e-05,3.0799999999999996e-05,3.0799999999999996e-05,3.0799999999999996e-05,3.0799999999999996e-05,0.0115508,0.0042808,3.0799999999999996e-05,3.0799999999999996e-05,0.0171908,0.0052708,3.0799999999999996e-05,5.6267208,0.0083608,0.00036080000000000004,0.2303308,3.0799999999999996e-05,3.0799999999999996e-05,0.4644408,3.0799999999999996e-05,0.009350800000000001,3.0799999999999996e-05,3.0799999999999996e-05,3.0799999999999996e-05,3.0799999999999996e-05,3.0799999999999996e-05,0.6844608,3.0799999999999996e-05,0.0516508,0.9836208,3.0799999999999996e-05,3.0799999999999996e-05,0.2137807999999999,3.0799999999999996e-05,0.0222908,3.0799999999999996e-05,3.0799999999999996e-05,2.0152908000000003,0.26670079999999996,3.0799999999999996e-05,3.0799999999999996e-05,3.0799999999999996e-05,3.0799999999999996e-05,3.0799999999999996e-05,0.5628508,3.0799999999999996e-05,3.0799999999999996e-05,3.0799999999999996e-05,3.0799999999999996e-05,0.0019808,3.0799999999999996e-05,0.0428608,0.41591079999999997,0.0109408,0.0037907999999999,3.0799999999999996e-05,0.1274608,0.5406808,0.0295208,0.1252808,0.0635608,0.2514708,3.0799999999999996e-05,3.0799999999999996e-05,0.1409608,3.0799999999999996e-05,3.0799999999999996e-05,3.0799999999999996e-05,3.0799999999999996e-05,0.0697708,0.0692808,0.035120799999999994,0.0180408,3.0799999999999996e-05,3.0799999999999996e-05,3.0799999999999996e-05,3.0799999999999996e-05,3.0799999999999996e-05,3.0799999999999996e-05,0.2331008,3.0799999999999996e-05,3.0799999999999996e-05,0.056520799999999996,3.0799999999999996e-05,3.0799999999999996e-05,3.0799999999999996e-05,3.0799999999999996e-05,3.0799999999999996e-05,3.0799999999999996e-05,3.0799999999999996e-05,3.0799999999999996e-05,3.0799999999999996e-05,3.0799999999999996e-05,3.0799999999999996e-05,3.0799999999999996e-05,0.4137807999999999,3.0799999999999996e-05,3.0799999999999996e-05,3.0799999999999996e-05,3.0799999999999996e-05,0.0141408,0.0019007999999998998,0.31994079999999997,3.0799999999999996e-05,3.0799999999999996e-05,3.0799999999999996e-05,3.0799999999999996e-05,3.0799999999999996e-05,3.0799999999999996e-05,0.12908080000000002,3.0799999999999996e-05,3.0799999999999996e-05,3.0799999999999996e-05,3.0799999999999996e-05,3.0799999999999996e-05,3.0799999999999996e-05,3.0799999999999996e-05,3.0799999999999996e-05,3.0799999999999996e-05,5.7105208,3.5623408000000003,0.1656408,0.0056508,0.3826307999999999,3.0799999999999996e-05,0.2240908,3.0799999999999996e-05,3.0799999999999996e-05,3.0799999999999996e-05,14.015060800000002
37082_2#32,3.814999999999999e-05,3.814999999999999e-05,3.814999999999999e-05,1.0456781499999999,3.814999999999999e-05,3.814999999999999e-05,6.935138149999999,0.02192815,0.0296081499999999,0.5007281499999999,0.40044815,0.84552815,3.814999999999999e-05,3.814999999999999e-05,3.814999999999999e-05,1.09342815,1.1933881499999999,3.814999999999999e-05,0.00241815,0.05451815,3.814999999999999e-05,3.814999999999999e-05,0.16513815,0.04553815,3.814999999999999e-05,0.01094815,2.53537815,0.03895815,0.59588815,3.814999999999999e-05,0.03612815,3.814999999999999e-05,0.04049815,3.814999999999999e-05,0.14504815,3.814999999999999e-05,3.814999999999999e-05,0.00972815,3.814999999999999e-05,3.814999999999999e-05,3.814999999999999e-05,3.814999999999999e-05,0.11352815,3.814999999999999e-05,3.814999999999999e-05,0.00233815,3.814999999999999e-05,0.2752381499999999,3.814999999999999e-05,0.03991815,0.01315815,3.814999999999999e-05,3.814999999999999e-05,5.62820815,0.00580815,0.28660815,0.37960815,3.814999999999999e-05,0.33343815,0.03741815,0.4237581499999999,0.00169815,0.08851815,0.00979815,0.10848815,0.05300815,0.0519581499999999,0.5934881499999999,0.01634815,3.814999999999999e-05,3.814999999999999e-05,3.814999999999999e-05,3.814999999999999e-05,0.05281815,0.19820815,0.07341815,0.07119815,3.814999999999999e-05,3.814999999999999e-05,3.814999999999999e-05,3.814999999999999e-05,0.6854581499999999,6.04415815,0.0125981499999999,0.0095281499999999,0.07942815,3.814999999999999e-05,3.814999999999999e-05,0.23092815,3.814999999999999e-05,0.15737815,3.814999999999999e-05,3.814999999999999e-05,3.814999999999999e-05,3.814999999999999e-05,3.814999999999999e-05,0.10281815,3.814999999999999e-05,0.1115281499999999,0.4630081499999999,0.0260881499999999,0.00410815,0.23607815,3.814999999999999e-05,0.09792815,3.814999999999999e-05,0.00208815,0.02654815,0.18369815,3.814999999999999e-05,3.814999999999999e-05,0.06457815,0.00513815,3.814999999999999e-05,0.10371815,3.814999999999999e-05,3.814999999999999e-05,0.07955815,0.00264815,3.814999999999999e-05,3.814999999999999e-05,0.03997815,0.11105815,3.814999999999999e-05,3.814999999999999e-05,3.814999999999999e-05,3.814999999999999e-05,2.21192815,0.01992815,3.814999999999999e-05,3.814999999999999e-05,0.21759815,3.814999999999999e-05,3.814999999999999e-05,0.31272815,3.814999999999999e-05,0.22675815,0.15773815,0.24336815,1.33341815,0.0008681499999999999,0.43781815,0.026918150000000002,0.00303815,1.33652815,0.38610815,0.23957815,3.814999999999999e-05,0.01750815,0.61891815,3.814999999999999e-05,0.0143381499999999,3.814999999999999e-05,3.814999999999999e-05,3.814999999999999e-05,3.814999999999999e-05,0.00242815,0.00244815,3.814999999999999e-05,0.7538381499999999,3.814999999999999e-05,0.00258815,3.814999999999999e-05,3.814999999999999e-05,3.814999999999999e-05,0.27870815,3.814999999999999e-05,3.814999999999999e-05,0.02899815,0.36630815,0.00727815,0.03275815,0.69206815,0.0098781499999999,3.814999999999999e-05,3.814999999999999e-05,0.02436815,3.814999999999999e-05,0.05377815,0.08268815,0.0033081499999999,3.814999999999999e-05,3.814999999999999e-05,3.814999999999999e-05,3.814999999999999e-05,3.814999999999999e-05,3.814999999999999e-05,3.814999999999999e-05,3.814999999999999e-05,0.02315815,1.62670815,0.47613815,3.814999999999999e-05,0.5052681499999999,0.04996815,4.23935815,3.814999999999999e-05,3.814999999999999e-05,3.814999999999999e-05,49.44531815000003
37082_2#3,4.61102715,1.86169715,1.84064715,0.57000715,7.42167715,1.8717471499999998,5.07259715,1.7905071499999998,1.7149999999999997e-05,20.921547150000002,0.14416715,1.7149999999999997e-05,0.5886571500000001,0.38579715000000003,1.7149999999999997e-05,0.2319171499999999,0.05439715,0.35271715,1.7149999999999997e-05,0.6561871499999999,0.06001715,0.13732715,10.16525715,0.50465715,0.4425671499999999,3.05994715,1.0530771499999998,0.01922715,0.01343715,0.17025715,1.7149999999999997e-05,1.7149999999999997e-05,0.21985715,1.7149999999999997e-05,0.4077171499999999,1.7149999999999997e-05,2.07597715,1.7149999999999997e-05,0.11254715000000001,0.14056715,0.15819715,1.7149999999999997e-05,0.02448715,1.7149999999999997e-05,1.7149999999999997e-05,0.06050715,1.7149999999999997e-05,1.7149999999999997e-05,19.01167715,1.7149999999999997e-05,1.7149999999999997e-05,1.7149999999999997e-05,1.7149999999999997e-05,1.7149999999999997e-05,1.7149999999999997e-05,1.7149999999999997e-05,1.7149999999999997e-05,1.7149999999999997e-05,1.7149999999999997e-05,1.7149999999999997e-05,0.05186715,1.7149999999999997e-05,1.7149999999999997e-05,1.7149999999999997e-05,0.09995715000000001,1.7149999999999997e-05,1.7149999999999997e-05,0.08174715,1.7149999999999997e-05,0.0214571499999999,1.7149999999999997e-05,1.7149999999999997e-05,1.7149999999999997e-05,1.7149999999999997e-05,1.7149999999999997e-05,1.7149999999999997e-05,0.05698715,1.7149999999999997e-05,1.7149999999999997e-05,1.7149999999999997e-05,1.7149999999999997e-05,1.7149999999999997e-05,1.7149999999999997e-05,1.7149999999999997e-05,1.7149999999999997e-05,0.08854715,1.7149999999999997e-05,1.7149999999999997e-05,1.7149999999999997e-05,1.7149999999999997e-05,1.7149999999999997e-05,1.7149999999999997e-05,1.7149999999999997e-05,1.7149999999999997e-05,1.7149999999999997e-05,1.7149999999999997e-05,1.7149999999999997e-05,1.7149999999999997e-05,1.7149999999999997e-05,1.7149999999999997e-05,1.7149999999999997e-05,1.7149999999999997e-05,0.0246171499999999,1.7149999999999997e-05,1.7149999999999997e-05,1.7149999999999997e-05,1.7149999999999997e-05,1.7149999999999997e-05,1.7149999999999997e-05,1.7149999999999997e-05,0.00412715,1.7149999999999997e-05,1.7149999999999997e-05,1.7149999999999997e-05,1.7149999999999997e-05,1.7149999999999997e-05,1.7149999999999997e-05,1.7149999999999997e-05,1.7149999999999997e-05,3.29245715,1.7149999999999997e-05,1.7149999999999997e-05,0.03509715,1.7149999999999997e-05,1.7149999999999997e-05,1.7149999999999997e-05,1.7149999999999997e-05,1.7149999999999997e-05,1.7149999999999997e-05,1.7149999999999997e-05,1.7149999999999997e-05,1.7149999999999997e-05,1.7149999999999997e-05,1.7149999999999997e-05,1.7149999999999997e-05,0.10453715000000001,1.7149999999999997e-05,1.7149999999999997e-05,1.7149999999999997e-05,1.7149999999999997e-05,1.7149999999999997e-05,1.7149999999999997e-05,1.7149999999999997e-05,1.7149999999999997e-05,1.7149999999999997e-05,1.7149999999999997e-05,1.7149999999999997e-05,1.7149999999999997e-05,1.7149999999999997e-05,1.7149999999999997e-05,1.7149999999999997e-05,0.11212715000000001,1.7149999999999997e-05,1.7149999999999997e-05,1.7149999999999997e-05,1.7149999999999997e-05,1.7149999999999997e-05,1.7149999999999997e-05,1.7149999999999997e-05,1.7149999999999997e-05,1.7149999999999997e-05,1.7149999999999997e-05,1.7149999999999997e-05,1.7149999999999997e-05,1.7149999999999997e-05,1.7149999999999997e-05,1.7149999999999997e-05,1.7149999999999997e-05,1.7149999999999997e-05,1.7149999999999997e-05,1.7149999999999997e-05,1.7149999999999997e-05,1.7149999999999997e-05,1.7149999999999997e-05,1.7149999999999997e-05,1.7149999999999997e-05,1.7149999999999997e-05,1.7149999999999997e-05,1.7149999999999997e-05,1.7149999999999997e-05,1.7149999999999997e-05,1.7149999999999997e-05,1.7149999999999997e-05,1.7149999999999997e-05,1.7149999999999997e-05,1.7149999999999997e-05,0.09211715000000001,1.7149999999999997e-05,1.7149999999999997e-05,1.7149999999999997e-05,1.7149999999999997e-05,1.7149999999999997e-05,1.7149999999999997e-05,1.7149999999999997e-05,1.7149999999999997e-05,1.7149999999999997e-05,1.7149999999999997e-05,1.7149999999999997e-05,1.7149999999999997e-05,9.71916715
37082_2#5,0.4953138,3.5387938,0.7631437999999999,5.2723038,2.0382838000000003,0.6662138000000001,3.6758538,2.4286338,2.3799999999999996e-05,10.6915238,1.5137437999999999,13.5089538,17.7766638,0.0904938,2.3799999999999996e-05,1.5713838,4.2945038,0.08227380000000001,0.8661138,6.781283800000001,0.057353799999999996,0.0973538,1.1487638,0.6490238,0.7873937999999999,2.3390138,0.7790838,0.1260438,0.1227738,0.2522338,2.3799999999999996e-05,0.1715938,1.2277737999999998,0.0009938,0.0089338,0.0032438,0.0678638,2.3799999999999996e-05,0.1229137999999999,1.7698938,2.3799999999999996e-05,2.3799999999999996e-05,2.3799999999999996e-05,2.3799999999999996e-05,0.0241538,2.3799999999999996e-05,2.3799999999999996e-05,0.5626838000000001,0.3746838,1.6684937999999998,2.3799999999999996e-05,2.3799999999999996e-05,2.3799999999999996e-05,0.0382738,2.3799999999999996e-05,2.3799999999999996e-05,2.3799999999999996e-05,0.0141938,2.3799999999999996e-05,0.036793799999999995,0.9422238000000001,0.11069380000000001,2.3799999999999996e-05,2.3799999999999996e-05,0.0065637999999999,2.3799999999999996e-05,2.3799999999999996e-05,0.14722380000000002,0.1888638,2.3799999999999996e-05,2.3799999999999996e-05,2.3799999999999996e-05,2.3799999999999996e-05,2.3799999999999996e-05,2.3799999999999996e-05,2.3799999999999996e-05,0.1127038,2.3799999999999996e-05,2.3799999999999996e-05,2.3799999999999996e-05,2.3799999999999996e-05,2.3799999999999996e-05,2.3799999999999996e-05,2.3799999999999996e-05,2.3799999999999996e-05,0.0121137999999999,2.3799999999999996e-05,2.3799999999999996e-05,2.3799999999999996e-05,2.3799999999999996e-05,2.3799999999999996e-05,2.3799999999999996e-05,2.3799999999999996e-05,2.3799999999999996e-05,2.3799999999999996e-05,2.1036938000000003,2.3799999999999996e-05,2.3799999999999996e-05,0.0308038,2.3799999999999996e-05,2.3799999999999996e-05,2.3799999999999996e-05,0.042523799999999994,2.3799999999999996e-05,2.3799999999999996e-05,2.3799999999999996e-05,2.3799999999999996e-05,2.3799999999999996e-05,2.3799999999999996e-05,2.3799999999999996e-05,0.008873800000000001,0.1587538,2.3799999999999996e-05,2.3799999999999996e-05,2.3799999999999996e-05,2.3799999999999996e-05,2.3799999999999996e-05,2.3799999999999996e-05,2.3799999999999996e-05,0.0151438,2.3799999999999996e-05,2.3799999999999996e-05,2.3799999999999996e-05,2.3799999999999996e-05,0.1126438,2.3799999999999996e-05,2.3799999999999996e-05,2.3799999999999996e-05,2.3799999999999996e-05,2.3799999999999996e-05,2.3799999999999996e-05,2.3799999999999996e-05,2.3799999999999996e-05,0.0373938,2.3799999999999996e-05,0.0851138,0.019243800000000002,2.3799999999999996e-05,2.3799999999999996e-05,2.3799999999999996e-05,2.3799999999999996e-05,2.3799999999999996e-05,2.3799999999999996e-05,2.3799999999999996e-05,2.3799999999999996e-05,2.3799999999999996e-05,2.3799999999999996e-05,2.3799999999999996e-05,2.3799999999999996e-05,2.3799999999999996e-05,0.0056538000000000005,0.3259438,2.3799999999999996e-05,2.3799999999999996e-05,0.0641838,2.3799999999999996e-05,2.3799999999999996e-05,2.3799999999999996e-05,2.3799999999999996e-05,0.0497038,0.1701338,2.3799999999999996e-05,2.3799999999999996e-05,2.3799999999999996e-05,2.3799999999999996e-05,2.3799999999999996e-05,2.3799999999999996e-05,2.3799999999999996e-05,2.3799999999999996e-05,2.3799999999999996e-05,2.3799999999999996e-05,2.3799999999999996e-05,2.3799999999999996e-05,2.3799999999999996e-05,2.3799999999999996e-05,2.3799999999999996e-05,2.3799999999999996e-05,2.3799999999999996e-05,2.3799999999999996e-05,2.3799999999999996e-05,2.3799999999999996e-05,2.3799999999999996e-05,0.0231338,2.3799999999999996e-05,2.3799999999999996e-05,2.3799999999999996e-05,0.0063138000000000005,2.3799999999999996e-05,2.3799999999999996e-05,2.3799999999999996e-05,2.3799999999999996e-05,2.3799999999999996e-05,2.3799999999999996e-05,2.3799999999999996e-05,2.3799999999999996e-05,2.3799999999999996e-05,2.3799999999999996e-05,2.3799999999999996e-05,2.3799999999999996e-05,6.7102138
37082_2#6,1.3667266,1.1167166,2.6882566,0.5797465999999999,1.1994065999999999,0.5240666,1.2148865999999998,3.1991966,0.0347965999999999,28.6796766,0.0373966,1.2441966,30.825746600000002,0.0058566,2.6600000000000003e-05,0.3419966,1.3355565999999999,2.6600000000000003e-05,1.9981866,1.1228466,0.3236966,0.4993166,0.7675065999999999,0.1684266,0.6632866,0.7634266,0.9230666,0.0331366,0.0046266,0.2288466,0.011676599999999999,1.1841766,0.4122666,0.1165566,0.0231866,0.08230660000000001,0.3609166,0.0026465999999999,2.6600000000000003e-05,0.0035166,0.0098766,2.6600000000000003e-05,2.6600000000000003e-05,2.6600000000000003e-05,0.0011665999999999998,2.6600000000000003e-05,2.6600000000000003e-05,1.4379666,0.1084366,0.0084666,2.6600000000000003e-05,2.6600000000000003e-05,2.6600000000000003e-05,2.6600000000000003e-05,2.6600000000000003e-05,2.6600000000000003e-05,2.6600000000000003e-05,0.0249466,2.6600000000000003e-05,0.0079066,0.49316659999999996,0.2258266,2.6600000000000003e-05,2.6600000000000003e-05,0.25944659999999997,2.6600000000000003e-05,2.6600000000000003e-05,0.3211265999999999,0.0368666,2.6600000000000003e-05,2.6600000000000003e-05,2.6600000000000003e-05,2.6600000000000003e-05,0.0136966,2.6600000000000003e-05,2.6600000000000003e-05,0.6194966,2.6600000000000003e-05,2.6600000000000003e-05,2.6600000000000003e-05,2.6600000000000003e-05,2.6600000000000003e-05,2.6600000000000003e-05,2.6600000000000003e-05,0.0113666,2.6600000000000003e-05,2.6600000000000003e-05,2.6600000000000003e-05,2.6600000000000003e-05,2.6600000000000003e-05,0.1591666,2.6600000000000003e-05,2.6600000000000003e-05,2.6600000000000003e-05,2.6600000000000003e-05,1.3209165999999999,2.6600000000000003e-05,2.6600000000000003e-05,0.3608265999999999,2.6600000000000003e-05,2.6600000000000003e-05,2.6600000000000003e-05,0.0873466,2.6600000000000003e-05,2.6600000000000003e-05,0.0273465999999999,2.6600000000000003e-05,2.6600000000000003e-05,2.6600000000000003e-05,0.0136666,0.0997266,1.2474566,2.6600000000000003e-05,2.6600000000000003e-05,0.0233766,2.6600000000000003e-05,0.021986600000000002,2.6600000000000003e-05,2.6600000000000003e-05,2.6600000000000003e-05,2.6600000000000003e-05,2.6600000000000003e-05,2.6600000000000003e-05,2.6600000000000003e-05,0.8325965999999999,2.6600000000000003e-05,2.6600000000000003e-05,2.6600000000000003e-05,2.6600000000000003e-05,2.6600000000000003e-05,0.3380566,2.6600000000000003e-05,0.013216599999999998,2.6600000000000003e-05,2.6600000000000003e-05,0.1477166,2.6600000000000003e-05,2.6600000000000003e-05,2.6600000000000003e-05,2.6600000000000003e-05,2.6600000000000003e-05,2.6600000000000003e-05,2.6600000000000003e-05,2.6600000000000003e-05,2.6600000000000003e-05,2.6600000000000003e-05,2.6600000000000003e-05,2.6600000000000003e-05,2.6600000000000003e-05,2.6600000000000003e-05,0.2490966,1.2592466,2.6600000000000003e-05,2.6600000000000003e-05,2.6600000000000003e-05,2.6600000000000003e-05,2.6600000000000003e-05,2.6600000000000003e-05,2.6600000000000003e-05,2.6600000000000003e-05,0.7568965999999999,2.6600000000000003e-05,2.6600000000000003e-05,2.6600000000000003e-05,2.6600000000000003e-05,2.6600000000000003e-05,2.6600000000000003e-05,2.6600000000000003e-05,2.6600000000000003e-05,2.6600000000000003e-05,2.6600000000000003e-05,2.6600000000000003e-05,2.6600000000000003e-05,2.6600000000000003e-05,2.6600000000000003e-05,2.6600000000000003e-05,2.6600000000000003e-05,0.0973966,2.6600000000000003e-05,2.6600000000000003e-05,2.6600000000000003e-05,0.0588466,2.6600000000000003e-05,0.008946599999999999,2.6600000000000003e-05,0.0289366,2.6600000000000003e-05,2.6600000000000003e-05,2.6600000000000003e-05,0.0358666,2.6600000000000003e-05,2.6600000000000003e-05,2.6600000000000003e-05,2.6600000000000003e-05,2.6600000000000003e-05,2.6600000000000003e-05,2.6600000000000003e-05,0.0049266,2.6600000000000003e-05,5.135536599999962
37082_2#7,1.4699999999999998e-05,1.4699999999999998e-05,1.4699999999999998e-05,0.8199247,1.4699999999999998e-05,0.06297469999999991,7.5734247,1.4699999999999998e-05,0.060144699999999995,4.6351747,0.4468147,5.3029947,27.836214700000003,1.4699999999999998e-05,1.4699999999999998e-05,9.5648947,5.0963047,1.4699999999999998e-05,0.058944699999999996,20.764514700000003,1.4699999999999998e-05,1.4699999999999998e-05,0.1581947,1.4699999999999998e-05,1.4699999999999998e-05,4.0523647,1.4699999999999998e-05,0.5385747000000001,0.0883947,0.0140747,1.4699999999999998e-05,1.4699999999999998e-05,0.3893047,1.4699999999999998e-05,0.2967347,1.4699999999999998e-05,0.0022747,1.4699999999999998e-05,0.0011947,1.4699999999999998e-05,1.4699999999999998e-05,1.4699999999999998e-05,1.4699999999999998e-05,1.4699999999999998e-05,0.008574700000000001,1.4699999999999998e-05,1.4699999999999998e-05,1.4699999999999998e-05,3.8354947,0.0127247,1.4699999999999998e-05,1.4699999999999998e-05,1.4699999999999998e-05,1.4699999999999998e-05,1.4699999999999998e-05,1.4699999999999998e-05,1.4699999999999998e-05,0.1088147,1.4699999999999998e-05,1.4699999999999998e-05,0.7332647,0.3467547,1.4699999999999998e-05,1.4699999999999998e-05,1.4699999999999998e-05,1.4699999999999998e-05,1.4699999999999998e-05,0.1873947,1.4699999999999998e-05,1.4699999999999998e-05,1.4699999999999998e-05,1.4699999999999998e-05,1.4699999999999998e-05,1.4699999999999998e-05,1.4699999999999998e-05,1.4699999999999998e-05,0.0288047,1.4699999999999998e-05,1.4699999999999998e-05,1.4699999999999998e-05,1.4699999999999998e-05,1.4699999999999998e-05,1.4699999999999998e-05,1.4699999999999998e-05,1.4699999999999998e-05,1.4699999999999998e-05,1.4699999999999998e-05,1.4699999999999998e-05,1.4699999999999998e-05,1.4699999999999998e-05,0.0188447,0.011514700000000001,1.4699999999999998e-05,1.4699999999999998e-05,1.4699999999999998e-05,1.4699999999999998e-05,1.4699999999999998e-05,1.4699999999999998e-05,1.4699999999999998e-05,1.4699999999999998e-05,1.4699999999999998e-05,0.0140646999999999,1.4699999999999998e-05,1.4699999999999998e-05,0.0045647,1.4699999999999998e-05,1.4699999999999998e-05,1.4699999999999998e-05,1.4699999999999998e-05,1.4699999999999998e-05,0.0324047,1.4699999999999998e-05,1.4699999999999998e-05,1.4699999999999998e-05,1.4699999999999998e-05,1.4699999999999998e-05,1.4699999999999998e-05,1.4699999999999998e-05,1.4699999999999998e-05,1.4699999999999998e-05,1.4699999999999998e-05,1.4699999999999998e-05,0.0033047000000000003,1.4699999999999998e-05,1.4699999999999998e-05,1.4699999999999998e-05,1.4699999999999998e-05,1.4699999999999998e-05,1.4699999999999998e-05,1.4699999999999998e-05,1.4699999999999998e-05,1.4699999999999998e-05,1.4699999999999998e-05,1.4699999999999998e-05,0.3077147,0.0029147,1.4699999999999998e-05,1.4699999999999998e-05,1.4699999999999998e-05,1.4699999999999998e-05,1.4699999999999998e-05,1.4699999999999998e-05,1.4699999999999998e-05,1.4699999999999998e-05,1.4699999999999998e-05,1.4699999999999998e-05,1.4699999999999998e-05,1.4699999999999998e-05,1.4699999999999998e-05,1.4699999999999998e-05,1.4699999999999998e-05,1.4699999999999998e-05,1.4699999999999998e-05,1.4699999999999998e-05,1.4699999999999998e-05,1.4699999999999998e-05,1.4699999999999998e-05,0.031274699999999996,1.4699999999999998e-05,1.4699999999999998e-05,1.4699999999999998e-05,1.4699999999999998e-05,1.4699999999999998e-05,1.4699999999999998e-05,1.4699999999999998e-05,1.4699999999999998e-05,1.4699999999999998e-05,1.4699999999999998e-05,1.4699999999999998e-05,1.4699999999999998e-05,1.4699999999999998e-05,0.0969647,1.4699999999999998e-05,1.4699999999999998e-05,1.4699999999999998e-05,1.4699999999999998e-05,1.4699999999999998e-05,0.0444146999999999,1.4699999999999998e-05,1.4699999999999998e-05,1.4699999999999998e-05,1.4699999999999998e-05,1.4699999999999998e-05,1.4699999999999998e-05,1.4699999999999998e-05,1.4699999999999998e-05,1.4699999999999998e-05,1.4699999999999998e-05,0.0224147,1.4699999999999998e-05,1.4699999999999998e-05,1.4699999999999998e-05,1.4699999999999998e-05,1.4699999999999998e-05,1.4699999999999998e-05,1.4699999999999998e-05,1.4699999999999998e-05,1.4699999999999998e-05,1.4699999999999998e-05,6.3820147000000045
37082_2#8,0.1649413,0.0116013,0.3321713,0.4872413,1.5391613,0.13741130000000001,0.5120713,1.2156713,1.1881613,0.3117913,0.0844113,0.36711130000000003,0.0156313,0.5117713,0.0132613,1.3033013,0.6755713,0.1060913,0.0505713,1.4891112999999998,4.13e-05,0.0329113,0.0295213,0.0037713,0.0598012999999999,1.2616813,0.1391312999999999,4.13e-05,0.0229513,0.0322613,0.0161513,0.14582130000000001,0.7636313,0.0465313,0.0192013,4.13e-05,4.13e-05,0.0092113,0.3130813,4.13e-05,4.13e-05,0.0050812999999999995,4.13e-05,4.13e-05,0.0014213,4.13e-05,0.011871300000000001,1.4019913,4.13e-05,5.738511300000001,4.4979513,4.13e-05,4.13e-05,4.13e-05,4.13e-05,4.13e-05,4.13e-05,0.16486130000000002,0.5360113,0.3963013,0.0048413,4.13e-05,4.13e-05,0.0409613,0.0022513,4.13e-05,0.8143412999999999,0.0098613,3.9967612999999997,4.13e-05,4.13e-05,0.0018013,0.0340612999999999,0.8247112999999999,4.13e-05,4.13e-05,0.09598129999999999,4.13e-05,4.13e-05,4.13e-05,0.0208013,0.3167013,4.13e-05,4.13e-05,0.7458013,0.0413913,4.13e-05,4.13e-05,0.0213313,0.0009312999999999,0.0334713,4.13e-05,4.13e-05,0.0029313,4.13e-05,4.13e-05,9.2212213,0.0005313,0.8879512999999999,4.13e-05,0.0097313,4.13e-05,0.1486413,0.0075712999999999996,0.0024113,4.13e-05,0.1467613,4.13e-05,4.13e-05,0.0013513,0.15606130000000001,0.0260213,4.13e-05,0.0156713,4.13e-05,4.13e-05,1.1278613,4.13e-05,4.13e-05,0.6491713,0.0027313,0.0267112999999999,4.13e-05,4.13e-05,0.1521313,0.0685813,4.13e-05,4.13e-05,0.0003213,0.0499113,0.2069813,4.13e-05,4.13e-05,0.1947913,0.0269813,4.13e-05,4.13e-05,0.0689413,0.7585713000000001,4.13e-05,4.13e-05,0.5016013,4.13e-05,4.13e-05,0.0266813,0.0237213,0.004871299999999999,4.13e-05,4.13e-05,4.13e-05,0.004281299999999999,0.6282713,4.13e-05,4.13e-05,0.0301313,0.0173413,4.13e-05,4.13e-05,4.13e-05,0.0367612999999999,0.3809213,0.0329413,0.004191299999999999,0.08976129999999999,0.08807129999999999,4.13e-05,0.0007613,0.9030113,0.0317513,4.13e-05,4.13e-05,0.0311613,0.004641299999999999,0.0049213,4.13e-05,0.0078413,0.0096813,0.0987313,4.13e-05,4.13e-05,4.13e-05,0.015451300000000001,0.0424513,0.0086313,4.13e-05,0.0164113,0.0006512999999999,4.13e-05,4.13e-05,4.13e-05,4.13e-05,4.13e-05,4.13e-05,4.13e-05,4.13e-05,4.13e-05,4.13e-05,0.0523613,0.00013130000000000002,49.76521130000003
37082_2#9,1.4329727,0.6036527,0.8003927000000001,0.1873927,0.2487527,4.2699999999999994e-05,0.1448826999999999,1.3112227,4.2699999999999994e-05,3.4681027,0.0058027,0.2519327,4.2699999999999994e-05,2.1752427,4.2699999999999994e-05,4.2699999999999994e-05,1.3085327,0.0065127,0.18127269999999998,0.7556427,0.0045626999999999,0.2657727,0.0318227,4.2699999999999994e-05,0.0597227,0.5590027000000001,0.0283827,0.0118927,0.0443427,0.1774827,0.0114727,1.1015027,0.0459827,0.10757270000000001,0.14317269999999999,4.2699999999999994e-05,4.2699999999999994e-05,0.1272227,0.0067427,4.2699999999999994e-05,4.2699999999999994e-05,4.2699999999999994e-05,4.2699999999999994e-05,4.2699999999999994e-05,4.2699999999999994e-05,4.2699999999999994e-05,4.2699999999999994e-05,2.0683526999999997,4.2699999999999994e-05,4.2699999999999994e-05,4.2699999999999994e-05,4.2699999999999994e-05,4.2699999999999994e-05,4.2699999999999994e-05,0.2707727,4.2699999999999994e-05,4.2699999999999994e-05,0.0209927,0.0049327,0.4202827,0.0328527,4.2699999999999994e-05,4.2699999999999994e-05,4.2699999999999994e-05,1.0117027,4.2699999999999994e-05,4.2699999999999994e-05,0.2713027,0.0524527,4.2699999999999994e-05,4.2699999999999994e-05,0.0453327,4.2699999999999994e-05,4.2699999999999994e-05,0.4831626999999999,4.2699999999999994e-05,1.5521727,4.2699999999999994e-05,0.0250227,4.2699999999999994e-05,0.0002927,0.3851827,0.11455270000000001,4.2699999999999994e-05,0.0333327,0.0057327,0.2480027,4.2699999999999994e-05,4.2699999999999994e-05,4.2699999999999994e-05,4.2699999999999994e-05,0.012012700000000001,4.2699999999999994e-05,4.2699999999999994e-05,0.008862700000000001,4.2699999999999994e-05,0.7612327000000001,4.2699999999999994e-05,4.2699999999999994e-05,4.2699999999999994e-05,0.049182699999999996,4.2699999999999994e-05,0.1564127,0.1104027,0.0085727,4.2699999999999994e-05,0.9706927000000001,4.2699999999999994e-05,4.2699999999999994e-05,0.0003427,0.0039827,0.7210227,4.2699999999999994e-05,0.009372700000000001,4.2699999999999994e-05,0.0044827,4.2699999999999994e-05,4.2699999999999994e-05,4.2699999999999994e-05,1.1413227000000001,0.47197269999999997,0.12665269999999998,4.2699999999999994e-05,4.2699999999999994e-05,1.3572727,4.2699999999999994e-05,4.2699999999999994e-05,4.2699999999999994e-05,0.0379227,0.0069026999999999,0.0008727,0.0201527,4.2699999999999994e-05,0.3884227,0.0886427,0.0230627,4.2699999999999994e-05,0.0412427,4.2699999999999994e-05,0.8059927,0.0080627,10.5787727,5.1538627,0.07413270000000001,0.8976227,1.6001127,1.3335427,0.0061827,0.0296527,0.4483727,0.5057627,0.4723527,0.0138627,0.0382327,4.2699999999999994e-05,0.0273527,4.2699999999999994e-05,4.2699999999999994e-05,4.2699999999999994e-05,0.1125327,0.4582527,0.0241627,0.3026027,0.2182227,0.17128269999999998,4.2699999999999994e-05,0.0494927,0.0021527,0.8250427000000001,0.1905527,4.2699999999999994e-05,0.0068327,0.013452700000000001,0.34697269999999997,0.0135227,0.0687727,0.3729127,4.2699999999999994e-05,4.2699999999999994e-05,4.2699999999999994e-05,0.1302127,0.0356427,0.3521127,0.0227527,0.027072699999999998,0.0107326999999999,0.0345327,0.0500527,0.0158127,4.2699999999999994e-05,4.2699999999999994e-05,4.2699999999999994e-05,0.016522699999999998,4.2699999999999994e-05,4.2699999999999994e-05,2.7977627,0.1069526999999999,0.1977227,0.0413327,41.8104027
37082_3#10,4.5849999999999996e-05,1.35806585,4.5849999999999996e-05,0.18783585,4.5849999999999996e-05,4.5849999999999996e-05,1.08094585,0.5259858500000001,0.13591585,7.87282585,4.5849999999999996e-05,0.40259585,0.00640585,4.5849999999999996e-05,0.0012258500000000001,0.10239585,0.3501858499999999,4.5849999999999996e-05,0.08389585,0.02098585,0.00299585,4.5849999999999996e-05,0.2326358499999999,0.10298584999999989,4.5849999999999996e-05,0.06383585,1.32806585,4.5849999999999996e-05,0.18004585,4.5849999999999996e-05,4.5849999999999996e-05,4.5849999999999996e-05,0.0449458499999999,4.5849999999999996e-05,0.22158585,4.5849999999999996e-05,4.5849999999999996e-05,0.01252585,0.04026585,4.5849999999999996e-05,4.5849999999999996e-05,0.0028158499999998998,0.08708585,4.5849999999999996e-05,4.5849999999999996e-05,0.00589585,0.01079585,0.1914858499999999,0.50775585,0.14779585,4.5849999999999996e-05,4.5849999999999996e-05,4.5849999999999996e-05,2.3426458500000003,0.0007858499999999999,4.5849999999999996e-05,0.0969758499999999,4.5849999999999996e-05,0.53414585,0.09841585,0.71325585,0.21133585,0.00368585,0.11278584999999999,0.53940585,4.02222585,0.02929585,0.65657585,0.004225850000000001,4.5849999999999996e-05,4.5849999999999996e-05,0.007905849999999999,4.5849999999999996e-05,0.15232585,4.5849999999999996e-05,0.02545585,0.15396585,4.5849999999999996e-05,4.5849999999999996e-05,4.5849999999999996e-05,0.09773585,1.32088585,1.39434585,0.01441585,0.04746585,0.04002585,4.5849999999999996e-05,0.07884585,0.19133585,4.5849999999999996e-05,4.5849999999999996e-05,4.5849999999999996e-05,4.5849999999999996e-05,4.5849999999999996e-05,0.01521585,4.5849999999999996e-05,1.4078458500000002,4.5849999999999996e-05,0.04584585,0.2109958499999999,0.01784585,0.00732585,0.25860585,0.33482585,0.0495658499999999,0.01939585,4.5849999999999996e-05,0.45862585,0.0622558499999999,4.5849999999999996e-05,4.5849999999999996e-05,0.4805658499999999,4.5849999999999996e-05,0.03940585,0.15984585,4.5849999999999996e-05,0.14817585,0.02171585,4.5849999999999996e-05,1.7420858499999998,0.00512585,0.13379585,0.4520958499999999,0.02567585,0.77872585,0.00187585,0.1085358499999999,0.72455585,0.06432585,0.007395850000000001,4.5849999999999996e-05,0.04679585,0.00649585,4.5849999999999996e-05,0.07807585,4.5849999999999996e-05,6.981995850000001,0.02165585,0.0063158500000000005,5.626905850000001,0.00103585,1.58058585,0.04988585,0.1340858499999999,0.81139585,0.0260158499999999,0.03127585,0.22607585,0.1342558499999999,0.31127585,0.04246585,4.5849999999999996e-05,0.01069585,4.5849999999999996e-05,4.5849999999999996e-05,0.02367585,4.5849999999999996e-05,0.00209585,4.5849999999999996e-05,0.5484658499999999,0.0005758499999999999,0.0032058499999999997,4.5849999999999996e-05,0.02388585,0.21716585,0.09909585,4.5849999999999996e-05,4.5849999999999996e-05,0.00121585,0.56502585,0.00310585,0.0405958499999999,0.10461585,0.24173585,4.5849999999999996e-05,4.5849999999999996e-05,0.11124585,4.5849999999999996e-05,0.07800585,0.08422585,0.10715585,4.5849999999999996e-05,4.5849999999999996e-05,4.5849999999999996e-05,4.5849999999999996e-05,4.5849999999999996e-05,4.5849999999999996e-05,4.5849999999999996e-05,0.01150585,1.80159585,0.0417958499999999,0.17516585,0.0146458499999999,0.55735585,0.4668658499999999,0.33002585,4.5849999999999996e-05,4.5849999999999996e-05,0.00553585,42.22444584999999
37082_3#11,2.625e-05,5.43627625,2.625e-05,0.66254625,0.04460625,0.08351625,2.93331625,0.26205625,2.625e-05,1.32813625,0.006886249999999899,3.74183625,2.00803625,2.625e-05,2.625e-05,0.68503625,3.0559862499999997,2.625e-05,0.015386249999999999,1.96239625,2.625e-05,2.625e-05,1.17989625,10.50605625,1.49465625,0.65321625,1.7565762500000002,2.625e-05,0.12551624999999988,2.625e-05,2.625e-05,2.625e-05,0.4824962499999999,2.625e-05,2.25883625,2.625e-05,2.625e-05,2.625e-05,2.625e-05,2.625e-05,2.625e-05,0.01050625,2.625e-05,0.11976624999999991,2.625e-05,2.625e-05,2.625e-05,0.27413624999999997,2.625e-05,2.625e-05,2.625e-05,2.625e-05,2.625e-05,2.03587625,2.625e-05,1.29166625,2.0850762499999997,0.0899362499999999,2.625e-05,0.07155625,0.51936625,0.029726249999999902,0.14614624999999998,0.23082624999999998,0.13159625,2.625e-05,2.625e-05,4.87231625,2.625e-05,0.39616625,2.625e-05,2.625e-05,2.625e-05,2.625e-05,0.0807362499999999,0.016186250000000003,2.625e-05,2.625e-05,0.16137625,2.625e-05,2.625e-05,0.42590625,2.625e-05,2.625e-05,0.17985625,0.00153625,2.625e-05,0.02800625,0.16277624999999998,2.625e-05,2.625e-05,2.625e-05,0.58265625,2.625e-05,0.01804625,2.4799262499999997,2.3711462500000002,2.625e-05,2.625e-05,0.07310625000000001,2.625e-05,2.625e-05,0.38104625,0.17279624999999998,2.625e-05,2.625e-05,0.23423624999999998,2.625e-05,2.625e-05,2.625e-05,2.625e-05,0.03086625,2.625e-05,2.625e-05,2.625e-05,2.625e-05,2.625e-05,2.625e-05,2.625e-05,0.91369625,2.625e-05,0.13345625,2.625e-05,2.625e-05,0.006436249999999999,2.625e-05,2.625e-05,2.625e-05,0.12024625,2.625e-05,2.625e-05,2.625e-05,2.625e-05,2.625e-05,0.04199625,2.625e-05,2.625e-05,2.625e-05,2.625e-05,4.8956662500000006,2.625e-05,2.625e-05,0.07350625000000001,0.04043625,2.04111625,2.625e-05,2.625e-05,2.625e-05,2.625e-05,2.625e-05,2.625e-05,1.03547625,2.625e-05,2.625e-05,2.625e-05,2.625e-05,2.625e-05,2.625e-05,0.10638625,0.40478625,2.625e-05,2.625e-05,2.625e-05,2.625e-05,2.625e-05,2.625e-05,2.625e-05,2.625e-05,2.625e-05,0.10410625000000001,2.625e-05,0.007566249999999999,0.061046249999999996,0.13233625,2.625e-05,2.625e-05,2.625e-05,2.625e-05,2.625e-05,2.625e-05,0.19590625,2.625e-05,2.625e-05,2.625e-05,2.625e-05,2.625e-05,2.625e-05,2.625e-05,2.625e-05,0.25976625,2.625e-05,2.625e-05,0.05144625,2.625e-05,2.625e-05,2.625e-05,0.040486249999999994,2.625e-05,2.625e-05,28.94271624999999
37082_3#12,0.00846865,4.865e-05,4.865e-05,0.37228865,1.63001865,0.11957865,1.72372865,16.13189865,0.01432865,16.498718649999997,0.00951865,0.57923865,0.77927865,4.865e-05,0.02170865,0.5465686499999999,2.02660865,0.34758865,0.16272865,1.0397486500000002,0.93420865,4.865e-05,0.26455865,2.44189865,0.14015865,2.04647865,1.1822686500000001,0.70357865,0.046248649999999995,4.865e-05,0.01014865,4.865e-05,0.42825865,4.865e-05,4.865e-05,4.865e-05,0.28414865,0.09290865,0.01457865,4.865e-05,0.21471864999999998,0.66040865,0.00123865,4.865e-05,0.0017586499999999998,0.01148865,0.01891865,2.09787865,0.00836865,0.050708649999999994,0.1269886499999999,0.39662865,4.865e-05,1.59677865,1.34911865,0.10594864999999999,0.40956865000000003,0.08411864999999989,0.04768865,0.5808186499999999,0.029228650000000002,1.58420865,0.28299865,0.2451886499999999,4.865e-05,1.29989865,0.03372865,1.22786865,4.865e-05,0.21699865,0.06834865,0.02155865,0.06595865,0.01980865,4.865e-05,0.1919586499999999,0.0147986499999999,0.26391865000000003,4.865e-05,0.07101864999999989,0.19660865,0.44644865,0.26104864999999994,0.35155865000000003,0.18100865,4.865e-05,0.043978649999999994,0.2302986499999999,0.009028650000000001,0.00378865,0.06277864999999999,0.00766865,4.865e-05,4.865e-05,0.26529865,0.09397865,0.39741865000000004,0.0020086500000000003,0.06628864999999999,0.20873865,0.09798865,0.02499865,0.21985865,0.08988865,0.07139865,0.10631865,0.0285686499999999,0.03213865,0.0036586499999999,4.865e-05,0.08202865,0.30001865,0.00714865,4.865e-05,0.00790865,4.865e-05,4.865e-05,0.0091586499999999,4.865e-05,0.05736864999999999,0.01862865,0.15652865,4.865e-05,4.865e-05,4.865e-05,0.04603864999999999,0.06345864999999999,0.11629865,0.01506865,0.051888649999999994,0.01161865,0.039038649999999994,0.01974865,0.02481865,4.865e-05,4.865e-05,4.865e-05,4.865e-05,4.865e-05,1.20851865,0.18165865,0.55973865,4.865e-05,4.865e-05,4.865e-05,4.865e-05,4.865e-05,0.06823865,0.01516865,0.10215864999999989,0.02983865,0.18246865,0.32318865,0.0152486499999999,0.18207865,4.865e-05,0.038608649999999994,0.18408865,4.865e-05,0.00939865,4.865e-05,0.02903865,4.865e-05,4.865e-05,0.00577865,4.865e-05,4.865e-05,4.865e-05,0.00652865,0.01660865,0.01380865,4.865e-05,0.048308649999999995,4.865e-05,4.865e-05,4.865e-05,4.865e-05,0.00222865,0.02371865,0.76068865,0.06258865,4.865e-05,4.865e-05,4.865e-05,4.865e-05,4.865e-05,4.865e-05,4.865e-05,0.035778649999999995,4.865e-05,0.05896865,4.865e-05,0.08819865,0.09928864999999999,0.0033086499999999,0.032308649999999994,0.01056865,4.865e-05,4.865e-05,27.06728864999992
37082_3#13,4.2e-05,0.226982,0.259452,0.0395919999999999,0.2099919999999999,0.241672,4.091921999999999,0.145242,0.145842,7.917841999999999,0.205822,1.198452,0.659702,4.2e-05,4.2e-05,0.7374419999999999,1.1897920000000002,4.2e-05,0.1279819999999999,1.616672,0.0053219999999999995,4.2e-05,0.6270619999999999,0.35068199999999994,0.078192,0.882942,0.070852,4.2e-05,1.4119320000000002,4.2e-05,4.2e-05,0.164812,0.1907319999999999,4.2e-05,0.25292200000000004,4.2e-05,4.2e-05,0.004402,0.074102,4.2e-05,4.2e-05,4.2e-05,0.400872,4.2e-05,0.007501999999999899,4.2e-05,0.024791999999999998,0.757552,0.018831999999999998,4.2e-05,0.181652,0.184702,4.2e-05,6.5812219999999995,1.5401520000000002,0.33340200000000003,0.30599199999999993,0.018362,4.2e-05,0.46130200000000005,0.027072,3.552722,4.2e-05,4.2e-05,0.228122,4.2e-05,0.078672,0.589382,4.2e-05,0.059412,4.2e-05,4.2e-05,4.2e-05,1.2716020000000001,4.2e-05,0.239852,4.2e-05,0.017352,0.027522,0.002592,0.070892,0.694802,0.713822,0.060772,4.2e-05,0.045702,4.2e-05,4.2e-05,0.146002,4.2e-05,0.001122,4.2e-05,0.021272,4.2e-05,0.004212,4.2e-05,0.956952,0.065332,4.2e-05,0.416092,0.060912,0.024252,0.337372,0.004442,0.010512,4.2e-05,0.040032,0.377352,0.12499199999999999,4.2e-05,0.115102,0.194652,4.2e-05,4.2e-05,0.717432,4.2e-05,0.037322,0.169242,0.0323419999999999,0.073812,4.2e-05,0.229862,0.134202,0.031252,4.2e-05,0.0069819999999999995,0.209312,0.470642,0.056582,0.107562,4.2e-05,0.093682,4.2e-05,0.490342,0.052062,4.2e-05,4.2e-05,3.815312,4.2e-05,16.080102,4.2e-05,0.081392,0.860362,0.178672,4.2e-05,4.2e-05,3.149512,0.2057919999999999,0.0024820000000000003,4.2e-05,4.2e-05,0.422072,4.2e-05,4.2e-05,4.2e-05,0.0006219999999999999,4.2e-05,0.48150200000000004,0.119792,4.2e-05,4.2e-05,0.002042,0.148592,4.2e-05,4.2e-05,0.145442,4.2e-05,0.005542,0.222022,0.1738819999999999,4.2e-05,0.342272,0.045702,0.38131200000000004,4.2e-05,4.2e-05,0.065452,4.2e-05,4.2e-05,0.187642,0.172722,4.2e-05,4.2e-05,4.2e-05,4.2e-05,4.2e-05,4.2e-05,4.2e-05,4.2e-05,4.2e-05,0.5121519999999999,4.2e-05,4.2e-05,2.588422,0.08350199999999999,0.167392,0.207332,4.2e-05,4.2e-05,21.70938200000002
37082_3#14,0.0839815,5.175721500000001,0.0303415,0.0188615,0.1124115,0.0708015,10.9689315,0.1997515,12.6212515,13.2111615,3.15e-05,3.0247414999999997,3.15e-05,0.0518515,3.15e-05,7.2251515,0.6176615,3.15e-05,0.6699915,0.7885215,2.7187315,0.004951499999999999,0.0768215,0.1577415,0.0340615,0.0913215,0.1144515,0.0102215,0.0405715,3.15e-05,3.15e-05,0.0139715,3.2811915000000003,0.0081315,0.5181215,3.15e-05,0.0162814999999999,3.15e-05,3.15e-05,0.0320615,3.15e-05,3.15e-05,0.22161150000000002,3.15e-05,3.15e-05,0.0018215000000000002,3.15e-05,0.3776615,3.15e-05,3.15e-05,3.15e-05,3.15e-05,3.15e-05,0.1357615,3.15e-05,0.1697015,3.15e-05,3.15e-05,0.5241414999999999,0.6285715,0.0159515,0.6061114999999999,3.15e-05,3.15e-05,3.7805615,3.15e-05,3.15e-05,0.061761500000000004,0.0323314999999999,3.15e-05,3.15e-05,3.15e-05,3.15e-05,3.15e-05,3.15e-05,0.0647515,0.20740150000000002,3.15e-05,0.0020815,3.15e-05,0.0035615,0.0896015,0.1243214999999999,3.15e-05,0.0580014999999999,0.006741499999999999,3.15e-05,3.15e-05,0.0712015,3.15e-05,3.15e-05,0.0028115,3.15e-05,3.15e-05,3.15e-05,0.5152815,3.15e-05,3.15e-05,3.15e-05,0.2174714999999999,0.0028415000000000003,0.1294215,0.0110415,3.15e-05,0.0105414999999999,3.15e-05,0.032711500000000004,3.15e-05,3.15e-05,0.0257015,0.0461415,0.1812715,0.0622515,3.15e-05,0.0060015,3.15e-05,0.0833914999999999,3.15e-05,3.15e-05,0.0109015,3.15e-05,0.1769115,0.0149314999999999,3.15e-05,0.0182015,3.15e-05,3.15e-05,3.15e-05,3.15e-05,0.039961500000000004,0.0096215,3.15e-05,3.15e-05,7.7142615,0.0289215,3.15e-05,3.15e-05,3.15e-05,3.15e-05,3.15e-05,0.1465215,3.15e-05,0.45941150000000003,3.15e-05,0.1670714999999999,0.0332715,3.15e-05,3.15e-05,3.15e-05,0.0159415,3.15e-05,3.15e-05,3.15e-05,0.0132015,3.15e-05,0.4937615,0.4862014999999999,3.15e-05,3.15e-05,0.1708915,0.9510314999999999,3.15e-05,0.1284515,3.15e-05,3.15e-05,3.15e-05,3.15e-05,3.15e-05,3.15e-05,3.15e-05,3.15e-05,0.0017915000000000001,0.09921150000000001,3.15e-05,3.15e-05,3.15e-05,0.0166815,3.15e-05,3.15e-05,3.15e-05,3.15e-05,3.15e-05,0.039221500000000006,3.15e-05,3.15e-05,3.15e-05,3.15e-05,3.15e-05,3.15e-05,3.15e-05,3.15e-05,3.15e-05,3.15e-05,3.15e-05,3.15e-05,3.15e-05,3.15e-05,3.15e-05,3.15e-05,18.259861499999964
37082_3#15,4.6899999999999995e-05,0.0174968999999999,4.6899999999999995e-05,0.4072869,0.0535469,0.015856899999999997,3.3096369,0.4753569,4.6899999999999995e-05,1.0645369,4.6899999999999995e-05,0.9054768999999999,0.0566269,4.6899999999999995e-05,0.0522668999999999,0.0729269,1.1290069,0.0410468999999999,0.0616969,2.7801869,0.029276899999999998,4.6899999999999995e-05,1.0149569,0.1376669,0.0016168999999999999,0.0565769,1.2578369,4.6899999999999995e-05,0.3401169,4.6899999999999995e-05,4.6899999999999995e-05,0.0142269,0.0015669,4.6899999999999995e-05,0.6019569,4.6899999999999995e-05,4.6899999999999995e-05,0.0599869,0.0028769,4.6899999999999995e-05,4.6899999999999995e-05,0.034976900000000005,0.1853569,0.1490069,0.0142969,0.1328569,0.0824769,1.9769469,0.0713068999999999,0.1639969,0.0443269,0.0668969,0.0011569,5.0051769,1.0969369,0.0236469,0.4401769,4.6899999999999995e-05,4.6899999999999995e-05,0.1990068999999999,0.1346569,0.8089668999999999,0.0760169,0.0031269,0.0261769,1.7866568999999999,0.2683069,0.7394269,0.1621169,4.6899999999999995e-05,0.0008069,4.6899999999999995e-05,0.0010868999999998998,0.2373569,2.6873069000000003,0.0027569,0.4996969,4.6899999999999995e-05,4.6899999999999995e-05,0.00018690000000000002,0.1132069,0.1276869,0.46475690000000003,0.0844269,0.0516369,0.8036768999999999,0.0010669,0.0373369,0.27492690000000003,4.6899999999999995e-05,0.0015769,4.6899999999999995e-05,4.6899999999999995e-05,4.6899999999999995e-05,4.6899999999999995e-05,0.0013968999999999,1.9391169000000001,0.0043069,0.0598269,0.4131569,4.6899999999999995e-05,4.6899999999999995e-05,0.2775769,0.0085669,0.0128869,0.024346899999999998,0.0016768999999999998,0.7954768999999999,0.1163669,4.6899999999999995e-05,0.0277069,0.0301069,0.0516169,4.6899999999999995e-05,0.0725869,4.6899999999999995e-05,0.0109868999999999,0.1773369,0.0571168999999999,0.0078069,4.6899999999999995e-05,0.0213269,0.6598868999999999,0.022716899999999998,0.0189369,0.0222468999999999,0.2268469,1.6764769000000002,0.1613169,4.6899999999999995e-05,4.6899999999999995e-05,0.2636369,4.6899999999999995e-05,4.6899999999999995e-05,0.0510168999999999,4.6899999999999995e-05,0.2144469,4.6899999999999995e-05,0.3884868999999999,12.2429869,4.6899999999999995e-05,0.1720469,0.0827669,0.0002168999999999,0.1166669,0.0090469,0.0564869,4.6899999999999995e-05,0.0125769,0.034656900000000004,4.6899999999999995e-05,0.022226899999999997,0.0025769,4.6899999999999995e-05,4.6899999999999995e-05,4.6899999999999995e-05,4.6899999999999995e-05,0.6112768999999999,0.0119669,0.4137569,4.6899999999999995e-05,4.6899999999999995e-05,0.0109269,4.6899999999999995e-05,4.6899999999999995e-05,0.3309569,4.6899999999999995e-05,0.016096899999999997,0.0062469000000000005,0.0458169,0.0250869,0.0649269,0.0022569,4.6899999999999995e-05,4.6899999999999995e-05,4.6899999999999995e-05,0.0012369,4.6899999999999995e-05,0.0996568999999999,0.7838069,0.0040669,4.6899999999999995e-05,4.6899999999999995e-05,4.6899999999999995e-05,4.6899999999999995e-05,4.6899999999999995e-05,4.6899999999999995e-05,4.6899999999999995e-05,4.6899999999999995e-05,0.0038769,0.9719869,0.3039669,4.6899999999999995e-05,2.0022569,4.6899999999999995e-05,0.0637069,4.6899999999999995e-05,4.6899999999999995e-05,4.6899999999999995e-05,40.60834690000003
37082_3#17,2.9400000000000003e-05,0.018319399999999902,2.9400000000000003e-05,1.0367094000000001,0.0319094,0.040739399999999995,1.3776294000000002,1.3988294000000001,2.9400000000000003e-05,0.5194694000000001,2.9400000000000003e-05,0.5328394000000001,0.9481694,2.9400000000000003e-05,0.0003094,0.2185094,0.5131994,0.019019400000000002,0.0003194,3.4689493999999996,0.043279399999999996,2.9400000000000003e-05,1.2126294,6.3760894,11.8485094,0.4683794,2.6658794,2.9400000000000003e-05,0.0924294,2.9400000000000003e-05,2.9400000000000003e-05,2.9400000000000003e-05,2.9400000000000003e-05,2.9400000000000003e-05,0.038359399999999995,2.9400000000000003e-05,2.9400000000000003e-05,2.9400000000000003e-05,2.9400000000000003e-05,2.9400000000000003e-05,2.9400000000000003e-05,0.1677294,0.2055394,0.0127394,2.9400000000000003e-05,0.0087694,2.9400000000000003e-05,0.9892294,2.9400000000000003e-05,0.1607094,1.8294894000000002,0.0007394,2.9400000000000003e-05,1.3536794,1.2310694,2.9400000000000003e-05,0.2760394,2.9400000000000003e-05,2.9400000000000003e-05,2.9400000000000003e-05,0.0469394,0.1599194,2.9400000000000003e-05,0.0247594,2.9400000000000003e-05,0.1062693999999999,0.1076594,1.9841894,2.9400000000000003e-05,2.9400000000000003e-05,2.9400000000000003e-05,2.9400000000000003e-05,2.9400000000000003e-05,0.0609694,2.9400000000000003e-05,2.9400000000000003e-05,2.9400000000000003e-05,0.0026394,2.9400000000000003e-05,0.024219400000000002,0.0407494,2.9400000000000003e-05,0.5679694000000001,0.0214394,2.9400000000000003e-05,0.1142994,2.9400000000000003e-05,2.9400000000000003e-05,0.1054094,2.9400000000000003e-05,2.9400000000000003e-05,2.9400000000000003e-05,2.9400000000000003e-05,2.9400000000000003e-05,0.0117994,0.0054794,1.6685394,0.0120994,2.9400000000000003e-05,0.0900794,2.9400000000000003e-05,0.0087193999999999,0.1904194,0.1454294,0.1208094,0.0027694,0.0072594,0.3692794,0.058079399999999996,2.9400000000000003e-05,2.9400000000000003e-05,2.9400000000000003e-05,0.0154394,2.9400000000000003e-05,0.018489400000000003,2.9400000000000003e-05,0.2491394,2.9400000000000003e-05,2.9400000000000003e-05,0.1312594,2.9400000000000003e-05,0.2101293999999999,0.0725494,2.9400000000000003e-05,2.9400000000000003e-05,2.9400000000000003e-05,0.2067994,0.5928094,0.0915694,0.0306494,2.9400000000000003e-05,0.017329400000000002,2.9400000000000003e-05,2.9400000000000003e-05,2.9400000000000003e-05,2.9400000000000003e-05,2.9400000000000003e-05,2.9400000000000003e-05,2.9400000000000003e-05,2.9400000000000003e-05,2.9400000000000003e-05,0.0029894,2.9400000000000003e-05,2.9400000000000003e-05,2.9400000000000003e-05,2.9400000000000003e-05,2.9400000000000003e-05,2.9400000000000003e-05,2.9400000000000003e-05,0.0079494,2.9400000000000003e-05,2.9400000000000003e-05,2.2299894,2.9400000000000003e-05,2.9400000000000003e-05,2.9400000000000003e-05,2.9400000000000003e-05,2.9400000000000003e-05,0.017579400000000002,2.9400000000000003e-05,2.9400000000000003e-05,2.9400000000000003e-05,2.9400000000000003e-05,2.9400000000000003e-05,2.9400000000000003e-05,2.9400000000000003e-05,2.9400000000000003e-05,2.9400000000000003e-05,2.9400000000000003e-05,0.0010894,2.9400000000000003e-05,2.9400000000000003e-05,2.9400000000000003e-05,2.9400000000000003e-05,2.9400000000000003e-05,2.9400000000000003e-05,2.9400000000000003e-05,2.9400000000000003e-05,2.9400000000000003e-05,2.5094193999999996,2.9400000000000003e-05,2.9400000000000003e-05,2.9400000000000003e-05,2.9400000000000003e-05,2.9400000000000003e-05,2.9400000000000003e-05,2.9400000000000003e-05,2.9400000000000003e-05,2.9400000000000003e-05,4.235829399999999,0.0100094,0.11691939999999999,2.9400000000000003e-05,0.0048694,2.9400000000000003e-05,2.9400000000000003e-05,0.0052194,2.9400000000000003e-05,2.9400000000000003e-05,44.054159400000025
37082_3#19,4.62e-05,3.3089762,4.62e-05,0.3848262,0.009206200000000001,4.62e-05,0.6592262,0.1087861999999999,0.015676199999999998,1.4663862,0.0109762,0.5645962,0.0307062,4.62e-05,0.0025562,0.0617462,0.6536962,0.0079162,0.10373619999999989,0.17352620000000002,0.0078562,4.62e-05,0.2203562,0.0019762,0.0148862,0.1380762,0.48435619999999996,4.62e-05,0.40542619999999996,4.62e-05,4.62e-05,0.0017461999999998999,0.0014662,4.62e-05,0.22822620000000002,4.62e-05,4.62e-05,4.62e-05,0.0048462,4.62e-05,4.62e-05,4.62e-05,0.0601762,4.62e-05,0.0024162,4.62e-05,0.1192462,0.5931862,0.0051762,4.62e-05,4.62e-05,0.0545061999999999,4.62e-05,0.7057161999999999,0.7598362000000001,0.008696200000000001,0.7786662,0.011366200000000002,0.0045462,0.0845962,0.1814162,0.08199619999999999,0.0190662,0.0135662,0.09140619999999999,1.2076062,4.62e-05,0.0633262,0.42225619999999997,4.62e-05,4.62e-05,4.62e-05,4.62e-05,0.041026200000000006,0.0439762,0.1781462,0.0387662,0.0268962,4.62e-05,4.62e-05,0.0004361999999999,0.1740862,0.3242962,0.0113862,0.0447661999999999,0.10494619999999999,0.008526200000000001,0.3363562,0.0628362,4.62e-05,4.62e-05,4.62e-05,0.0038962,4.62e-05,4.62e-05,0.0118562,0.7057262,4.62e-05,0.0840162,0.0997462,0.0049562,0.0095562,0.2384262,0.0021262,0.0587162,0.0162861999999999,0.0139862,0.039076200000000005,4.62e-05,4.62e-05,4.62e-05,0.0096062,4.62e-05,0.0029762,0.1956262,4.62e-05,0.0616762,4.62e-05,4.62e-05,0.0006661999999999999,4.62e-05,0.2483562,0.1148861999999999,0.0049061999999999,4.62e-05,4.62e-05,0.2494662,0.6323662,0.0278762,4.62e-05,0.0035061999999999,0.0616962,4.62e-05,4.62e-05,0.1666262,4.62e-05,0.8059862,0.0014261999999999999,4.62e-05,21.6900062,4.62e-05,0.0821662,0.0169862,0.016436199999999998,2.2071462,0.0234461999999999,0.33493619999999996,0.0583762,0.0052061999999999,0.4057762,0.0044862,0.0293562,0.0829462,4.62e-05,0.0203162,4.62e-05,4.62e-05,0.015666199999999998,4.62e-05,2.7374662,0.0033862,4.62e-05,4.62e-05,0.0013461999999999999,0.021546199999999998,4.62e-05,4.62e-05,0.011126200000000001,0.040276200000000005,0.1199561999999999,0.0576162,0.018826199999999998,0.0863362,0.0054161999999999,0.010916200000000001,4.62e-05,4.62e-05,0.0152662,0.2001862,0.43496619999999997,0.1596962,4.62e-05,4.62e-05,4.62e-05,4.62e-05,4.62e-05,4.62e-05,4.62e-05,0.0126662,0.06631619999999999,0.053166200000000004,0.1664062,0.059256199999999905,0.3816562,4.62e-05,0.1356262,0.0169062,0.0081662,4.62e-05,50.56611619999999
37082_3#1,3.675e-05,0.20884675,3.675e-05,1.62699675,3.675e-05,3.675e-05,7.52806675,0.01047675,0.00628675,12.74772675,0.020786749999999903,1.17033675,1.56720675,3.675e-05,3.675e-05,0.00613675,4.44120675,3.675e-05,0.02032675,2.10960675,3.675e-05,3.675e-05,0.20616674999999998,0.82906675,3.675e-05,0.04411675,0.28834675000000004,3.675e-05,1.13302675,3.675e-05,0.02529675,3.675e-05,0.00906675,3.675e-05,0.36372675,3.675e-05,3.675e-05,0.01835675,3.675e-05,3.675e-05,3.675e-05,0.00386675,0.01465675,0.025646750000000003,0.01216675,0.006426749999999999,0.04041675,0.30380675,3.675e-05,3.675e-05,3.675e-05,0.0071867499999999996,3.675e-05,3.0299067500000003,11.139116750000001,0.0007267499999999,0.68709675,3.675e-05,0.14146674999999997,0.13207674999999988,0.43791675,0.16363675,3.675e-05,3.675e-05,3.675e-05,3.675e-05,0.02203675,0.2886767499999999,1.21724675,0.00980675,3.675e-05,3.675e-05,0.00588675,0.00237675,1.5247367500000002,0.10607675,3.675e-05,3.675e-05,3.675e-05,0.013336749999999899,0.00324675,0.30809675000000003,0.8436767500000001,3.675e-05,0.41038675,0.24025675,3.675e-05,3.675e-05,0.19554675,3.675e-05,0.0011667499999999998,3.675e-05,3.675e-05,3.675e-05,0.029656749999999902,3.675e-05,0.26725675000000004,0.0031467500000000002,0.15548674999999998,0.2334367499999999,0.00253675,0.07413675,0.0508067499999999,3.675e-05,0.05328675,3.675e-05,0.0113267499999999,3.675e-05,0.11252675,3.675e-05,0.00979675,3.675e-05,3.675e-05,3.675e-05,0.81845675,3.675e-05,3.675e-05,0.70909675,3.675e-05,3.675e-05,3.675e-05,0.09008675000000001,0.06583675,3.675e-05,0.00146675,0.05715675,3.675e-05,3.675e-05,0.008076749999999999,3.675e-05,3.675e-05,0.23916674999999998,3.675e-05,3.675e-05,0.03647675,3.675e-05,0.07792675,0.13923675,0.48742675,2.91318675,3.675e-05,0.19364674999999998,0.32591675000000003,3.675e-05,0.12291675,3.675e-05,0.45027675,0.42833675,0.014926749999999999,0.92693675,0.00995675,0.17910674999999998,3.675e-05,3.675e-05,3.675e-05,3.675e-05,3.675e-05,3.675e-05,0.00871675,2.49014675,3.675e-05,3.675e-05,3.675e-05,3.675e-05,3.675e-05,3.675e-05,0.05341675,3.675e-05,0.01821675,0.007026749999999899,0.13738674999999997,0.00986675,0.36890675,0.01429675,3.675e-05,3.675e-05,0.0021467500000000002,3.675e-05,3.675e-05,3.675e-05,0.02039675,3.675e-05,3.675e-05,3.675e-05,3.675e-05,3.675e-05,3.675e-05,3.675e-05,3.675e-05,10.50976675,3.675e-05,3.675e-05,0.08569675,3.675e-05,0.22684674999999999,0.06031675,0.007596749999999999,3.675e-05,3.675e-05,20.956886749999992
37082_3#20,1.8199999999999995e-05,5.5907382000000005,1.8199999999999995e-05,0.24179820000000002,0.1463782,0.1119182,1.3447882,0.0018381999999999,1.8199999999999995e-05,0.0137782,0.2379782,2.7032382,0.0056581999999999995,1.8199999999999995e-05,1.8199999999999995e-05,0.06965819999999999,1.1968082,1.8199999999999995e-05,1.8199999999999995e-05,0.4515582,1.8199999999999995e-05,1.8199999999999995e-05,0.1888082,6.499188200000001,0.0070782,0.011518200000000001,1.4310382,1.8199999999999995e-05,0.5855381999999999,1.8199999999999995e-05,1.8199999999999995e-05,1.8199999999999995e-05,1.8199999999999995e-05,1.8199999999999995e-05,1.8199999999999995e-05,1.8199999999999995e-05,1.8199999999999995e-05,1.8199999999999995e-05,0.0055582,1.8199999999999995e-05,1.8199999999999995e-05,0.010788200000000001,0.0594381999999999,0.20957820000000002,1.8199999999999995e-05,0.0340482,1.8199999999999995e-05,0.0048982,1.8199999999999995e-05,1.8199999999999995e-05,1.8199999999999995e-05,0.0134582,1.8199999999999995e-05,11.3547782,25.1335682,0.24823820000000002,1.1832182,1.8199999999999995e-05,1.8199999999999995e-05,1.8199999999999995e-05,1.8199999999999995e-05,1.8199999999999995e-05,1.8199999999999995e-05,1.8199999999999995e-05,1.8199999999999995e-05,1.8199999999999995e-05,1.8199999999999995e-05,0.6154482,1.8199999999999995e-05,0.0002182,1.8199999999999995e-05,1.8199999999999995e-05,1.8199999999999995e-05,0.0438382,1.8199999999999995e-05,1.8199999999999995e-05,1.8199999999999995e-05,1.8199999999999995e-05,1.8199999999999995e-05,1.8199999999999995e-05,1.8199999999999995e-05,1.8199999999999995e-05,0.9466481999999999,1.8199999999999995e-05,1.8199999999999995e-05,0.5183182,1.8199999999999995e-05,1.8199999999999995e-05,0.1637782,1.8199999999999995e-05,1.8199999999999995e-05,1.8199999999999995e-05,8.4880182,1.8199999999999995e-05,1.8199999999999995e-05,1.8199999999999995e-05,0.0043181999999999995,1.8199999999999995e-05,1.8199999999999995e-05,0.43269820000000003,1.8199999999999995e-05,0.0125682,0.0140882,1.8199999999999995e-05,1.8199999999999995e-05,1.8199999999999995e-05,1.8199999999999995e-05,0.5603881999999999,0.15298820000000002,1.8199999999999995e-05,1.8199999999999995e-05,1.8199999999999995e-05,0.5675682,1.8199999999999995e-05,0.07631819999999999,1.8199999999999995e-05,1.8199999999999995e-05,1.3258682,1.8199999999999995e-05,1.8199999999999995e-05,1.8199999999999995e-05,1.8199999999999995e-05,0.017248199999999998,1.8199999999999995e-05,1.8199999999999995e-05,1.8199999999999995e-05,0.1365982,1.8199999999999995e-05,1.8199999999999995e-05,1.8199999999999995e-05,1.8199999999999995e-05,1.8199999999999995e-05,1.8199999999999995e-05,1.8199999999999995e-05,0.2181982,1.8199999999999995e-05,1.8199999999999995e-05,1.8199999999999995e-05,1.8199999999999995e-05,1.8199999999999995e-05,1.8199999999999995e-05,1.8199999999999995e-05,1.8199999999999995e-05,1.8199999999999995e-05,1.8199999999999995e-05,1.8199999999999995e-05,1.8199999999999995e-05,1.8199999999999995e-05,1.8199999999999995e-05,1.8199999999999995e-05,1.8199999999999995e-05,1.8199999999999995e-05,1.8199999999999995e-05,1.8199999999999995e-05,1.8199999999999995e-05,1.8199999999999995e-05,1.8199999999999995e-05,1.8199999999999995e-05,1.8199999999999995e-05,1.8199999999999995e-05,1.8199999999999995e-05,1.8199999999999995e-05,1.8199999999999995e-05,1.8199999999999995e-05,1.8199999999999995e-05,0.10523819999999999,1.8199999999999995e-05,1.8199999999999995e-05,1.8199999999999995e-05,1.8199999999999995e-05,1.8199999999999995e-05,1.8199999999999995e-05,1.8199999999999995e-05,1.8199999999999995e-05,1.8199999999999995e-05,1.8199999999999995e-05,1.8199999999999995e-05,1.8199999999999995e-05,1.8199999999999995e-05,1.8199999999999995e-05,1.8199999999999995e-05,1.8199999999999995e-05,1.8199999999999995e-05,1.8199999999999995e-05,1.8199999999999995e-05,1.8199999999999995e-05,1.8199999999999995e-05,1.8199999999999995e-05,1.8199999999999995e-05,1.8199999999999995e-05,1.8199999999999995e-05,0.1473982,1.8199999999999995e-05,1.8199999999999995e-05,1.8199999999999995e-05,1.8199999999999995e-05,1.8199999999999995e-05,1.8199999999999995e-05,1.8199999999999995e-05,26.352678200000003
37082_3#21,0.019094099999999902,0.2713141,4.4099999999999995e-05,0.0994040999999999,0.029064099999999902,0.059204099999999996,5.6726641,0.0136741,0.0327441,7.1591541,0.0308341,2.8296741,0.0411341,4.4099999999999995e-05,0.0382241,0.0028541,4.856264100000001,0.28643409999999997,0.0837841,1.2004041,0.1616241,4.4099999999999995e-05,0.3625541,0.0530341,0.1565541,0.9074141,1.1280541,4.4099999999999995e-05,1.2122841,4.4099999999999995e-05,0.0810841,4.4099999999999995e-05,0.0350640999999999,4.4099999999999995e-05,0.40648409999999996,4.4099999999999995e-05,4.4099999999999995e-05,0.2570440999999999,4.4099999999999995e-05,4.4099999999999995e-05,4.4099999999999995e-05,0.012244099999999999,0.0066741000000000005,4.4099999999999995e-05,0.0057140999999999,4.4099999999999995e-05,0.0126641,3.1026341000000004,0.2277941,0.0364841,4.4099999999999995e-05,0.14882410000000001,4.4099999999999995e-05,0.6395841,5.2296741,4.4099999999999995e-05,6.379514100000001,4.4099999999999995e-05,0.1394141,0.46455409999999997,0.2245041,4.4099999999999995e-05,0.3129940999999999,4.4099999999999995e-05,0.35625409999999996,0.2202541,0.0244341,0.0073041,1.0416140999999999,4.4099999999999995e-05,4.4099999999999995e-05,4.4099999999999995e-05,0.0026741,4.4099999999999995e-05,1.7855841,0.1546641,1.7898641000000002,0.1361841,0.0315041,4.4099999999999995e-05,4.4099999999999995e-05,1.1330841,0.6520741,0.1318441,0.0217741,0.0469941,4.4099999999999995e-05,0.06611410000000001,0.0445341,4.4099999999999995e-05,0.0045941,0.013914099999999999,0.8683841,0.0046541,4.4099999999999995e-05,4.4099999999999995e-05,0.8909040999999999,0.0046141,4.4099999999999995e-05,0.29931409999999997,0.1769541,4.4099999999999995e-05,0.1121641,0.0530941,0.0097141,0.0422441,4.4099999999999995e-05,0.5656741,0.0384541,4.4099999999999995e-05,4.4099999999999995e-05,0.0329341,4.4099999999999995e-05,0.008124099999999999,0.1334141,0.0026441,4.4099999999999995e-05,4.4099999999999995e-05,0.0687141,0.013184099999999999,4.4099999999999995e-05,0.43646409999999997,0.0589241,4.4099999999999995e-05,0.19872410000000001,0.003924100000000001,0.6238941,0.5707741,0.0278441,0.0220241,4.4099999999999995e-05,0.1073341,4.4099999999999995e-05,4.4099999999999995e-05,0.0199241,4.4099999999999995e-05,3.4887141,0.3650941,0.16936410000000002,3.0808141,0.1739941,1.5138741,2.2860141000000005,0.1824941,4.4099999999999995e-05,0.0072040999999999,0.0071041,4.4099999999999995e-05,4.4099999999999995e-05,4.4099999999999995e-05,4.4099999999999995e-05,4.4099999999999995e-05,0.7304940999999999,0.0071541,4.4099999999999995e-05,4.4099999999999995e-05,4.4099999999999995e-05,0.1015041,0.015564099999999999,4.4099999999999995e-05,4.4099999999999995e-05,0.1045041,0.1371541,4.4099999999999995e-05,0.1614641,4.4099999999999995e-05,0.0202741,4.4099999999999995e-05,0.07957410000000001,0.0240841,0.2937841,0.12109410000000001,0.3186041,0.0104340999999999,4.4099999999999995e-05,4.4099999999999995e-05,4.4099999999999995e-05,4.4099999999999995e-05,0.07907410000000001,4.4099999999999995e-05,0.0047041,4.4099999999999995e-05,4.4099999999999995e-05,4.4099999999999995e-05,4.4099999999999995e-05,4.4099999999999995e-05,4.4099999999999995e-05,4.4099999999999995e-05,4.4099999999999995e-05,0.2250340999999999,0.3576741,0.45195409999999997,0.36174409999999996,4.4099999999999995e-05,0.010544099999999999,0.0893541,0.0722241,4.4099999999999995e-05,4.4099999999999995e-05,27.4534041
37082_3#22,3.01e-05,0.2313200999999999,3.01e-05,0.0508401,0.0417901,3.01e-05,0.9139801000000001,0.0133501,0.011600099999999999,0.5981801,0.0015701,0.6544501,0.0905301,3.01e-05,3.01e-05,0.17740009999999998,0.41444010000000003,3.01e-05,3.01e-05,0.3345901,0.0675501,3.01e-05,0.12137009999999991,0.2575501,2.6814701,0.0723401,3.8600001,0.0083901,0.3739101,3.01e-05,3.01e-05,3.01e-05,2.3563701,3.01e-05,0.22123009999999999,3.01e-05,3.01e-05,3.01e-05,0.08085010000000001,3.01e-05,3.01e-05,0.0005101000000000001,0.0741401,0.5495201000000001,0.0006001000000000001,0.012530099999999999,0.0150601,0.21312009999999998,0.042400099999999996,3.01e-05,0.0176001,3.01e-05,3.01e-05,1.5159001,1.0637001,0.040830099999999994,0.0777101,3.01e-05,0.2496601,3.01e-05,0.0193301,0.0325701,3.01e-05,3.01e-05,3.01e-05,3.01e-05,0.0524900999999999,0.1155700999999999,3.01e-05,3.01e-05,3.01e-05,3.01e-05,3.01e-05,0.16056009999999998,3.01e-05,3.01e-05,0.0038000999999999,3.01e-05,3.01e-05,3.01e-05,3.01e-05,0.0047101,0.37786010000000003,0.0056601,0.013420099999999999,0.0056101,3.01e-05,3.01e-05,0.0657000999999999,3.01e-05,3.01e-05,3.01e-05,3.01e-05,3.01e-05,3.01e-05,3.01e-05,0.0922401,3.01e-05,0.0206801,0.2578301,3.01e-05,0.0988301,0.0181101,3.01e-05,0.00048009999999999996,3.01e-05,3.01e-05,0.0870501,0.0481901,3.01e-05,3.01e-05,3.01e-05,3.01e-05,3.01e-05,0.0652601,3.01e-05,0.0526501,0.0833701,3.01e-05,3.01e-05,3.01e-05,3.01e-05,0.1232401,3.01e-05,0.00011009999999999999,3.01e-05,0.0598101,0.1745001,0.0048201,0.0056901,0.0040101,0.07483010000000001,3.01e-05,3.01e-05,0.3844601,3.01e-05,0.056940099999999896,3.01e-05,0.0970101,0.4968500999999999,0.0308500999999999,3.01e-05,3.01e-05,3.01e-05,3.01e-05,3.01e-05,3.01e-05,3.01e-05,3.01e-05,0.1157701,3.01e-05,3.01e-05,0.0302500999999999,3.01e-05,0.0281301,3.01e-05,3.01e-05,3.01e-05,3.01e-05,0.4817301,3.01e-05,3.01e-05,3.01e-05,3.01e-05,3.01e-05,0.0138700999999999,3.01e-05,3.01e-05,3.01e-05,3.01e-05,0.013030099999999899,3.01e-05,0.018160100000000002,3.01e-05,3.01e-05,3.01e-05,3.01e-05,3.01e-05,0.0057201000000000005,0.044120099999999995,3.01e-05,3.01e-05,3.01e-05,3.01e-05,3.01e-05,3.01e-05,3.01e-05,3.01e-05,3.01e-05,0.0999901,0.019340100000000002,3.01e-05,3.01e-05,3.01e-05,3.01e-05,3.01e-05,3.01e-05,3.01e-05,3.01e-05,78.42301009999998
37082_3#23,3.955e-05,4.69377955,3.955e-05,5.32982955,0.31279955,0.01525955,6.11776955,0.32876954999999997,3.955e-05,6.34293955,0.10203954999999999,1.9733795500000002,0.15369955000000002,3.955e-05,0.00576955,0.09689955,1.9359495500000001,0.18889955,0.0291595499999999,1.42528955,0.46815954999999987,3.955e-05,0.84332955,0.6288595499999999,3.955e-05,0.03749955,4.15485955,0.01194955,0.29956954999999996,3.955e-05,3.955e-05,3.955e-05,0.17158955,3.955e-05,0.09788954999999999,3.955e-05,0.003919550000000001,3.955e-05,0.13354955000000002,3.955e-05,3.955e-05,3.955e-05,0.14031955000000002,3.955e-05,0.01151955,3.955e-05,0.04126955,1.1486395500000002,3.955e-05,0.01749955,0.056589549999999995,0.01674955,3.955e-05,12.210939549999999,18.64606955,0.1109295499999999,0.05913955,0.058359549999999996,3.955e-05,0.07427955,0.01018955,2.76772955,0.0242895499999999,3.955e-05,0.01613955,3.955e-05,0.05872955,1.81648955,3.955e-05,0.02616955,3.955e-05,0.01454955,3.955e-05,0.19814955,3.955e-05,0.06375955,0.03933955,0.06978954999999999,3.955e-05,0.0057495499999999,0.01352955,0.07330955,0.86651955,3.955e-05,0.33382955,0.00742955,3.955e-05,3.955e-05,0.25720955,3.955e-05,3.955e-05,3.955e-05,0.8607495499999999,3.955e-05,3.955e-05,3.955e-05,1.05663955,3.955e-05,0.11817955,0.30691955,3.955e-05,0.08383955,0.25339955,0.02882955,0.13590955000000002,0.00673955,0.00955955,0.13026955,0.05528955,3.955e-05,3.955e-05,0.00862955,0.01585955,3.955e-05,0.15357955,3.955e-05,0.09894955,1.49234955,0.00849955,3.955e-05,0.00767955,0.12550955000000003,0.89261955,0.0950995499999999,3.955e-05,3.955e-05,0.40090955,0.42561954999999996,0.06685954999999989,0.00639955,0.00972955,0.04091955,3.955e-05,3.955e-05,0.17841955,3.955e-05,3.955e-05,3.955e-05,3.955e-05,0.96431955,3.955e-05,0.10710955,0.00113955,3.955e-05,3.955e-05,3.955e-05,0.00461955,3.955e-05,3.955e-05,0.0049495500000000005,3.955e-05,3.955e-05,0.16269954999999992,3.955e-05,3.955e-05,3.955e-05,3.955e-05,0.09951955,0.02168955,0.17801955000000003,0.01000955,0.027239549999999998,3.955e-05,3.955e-05,0.00559955,0.07031955,3.955e-05,0.0057495499999999,3.955e-05,0.05645955,0.05226955,3.955e-05,0.058109549999999996,0.031639549999999995,3.955e-05,3.955e-05,3.955e-05,3.955e-05,0.07817955,3.955e-05,3.955e-05,3.955e-05,3.955e-05,3.955e-05,3.955e-05,3.955e-05,3.955e-05,3.955e-05,3.955e-05,2.06004955,0.00813955,0.2635395499999999,3.955e-05,3.955e-05,0.00661955,0.01541955,3.955e-05,3.955e-05,3.955e-05,13.470579549999988
37082_3#24,3.9899999999999994e-05,0.025109899999999997,3.9899999999999994e-05,0.2245499,0.0040999,0.0008598999999999999,9.5001099,0.0370899,3.9899999999999994e-05,4.3023099,0.0144999,2.6863399,0.0070099,3.9899999999999994e-05,3.9899999999999994e-05,0.5473098999999999,1.5866599,3.9899999999999994e-05,0.2224499,1.2357799,3.9899999999999994e-05,3.9899999999999994e-05,0.0350199,7.7622699,0.8464998999999999,0.025209899999999997,1.0996999,0.0369999,0.6121299,3.9899999999999994e-05,3.9899999999999994e-05,3.9899999999999994e-05,0.6589799,3.9899999999999994e-05,0.27922990000000003,3.9899999999999994e-05,3.9899999999999994e-05,0.0129699,3.9899999999999994e-05,3.9899999999999994e-05,3.9899999999999994e-05,0.0039799,0.1934299,0.7931699,0.0091299,0.0074599,0.0078099,0.5798098999999999,1.4481099,3.9899999999999994e-05,3.9899999999999994e-05,0.0154499,0.0098599,4.7120599,0.5826799,0.4407899,0.7171099,3.9899999999999994e-05,0.043779900000000004,0.1205298999999999,0.1566699,3.9899999999999994e-05,3.9899999999999994e-05,0.0015199,0.0070699000000000005,0.3503599,0.0223499,0.1729899,0.06663989999999999,3.9899999999999994e-05,3.9899999999999994e-05,3.9899999999999994e-05,0.0054399,0.0494399,3.9899999999999994e-05,0.0498199,0.0144699,0.0336599,3.9899999999999994e-05,0.0016598999999999,0.0071699,0.1558299,1.1411299,3.9899999999999994e-05,0.0326199,0.5179799,3.9899999999999994e-05,3.9899999999999994e-05,0.1282399,3.9899999999999994e-05,3.9899999999999994e-05,3.9899999999999994e-05,3.9899999999999994e-05,3.9899999999999994e-05,0.11774989999999999,3.9899999999999994e-05,6.1773099,3.9899999999999994e-05,0.32336990000000004,0.0659799,3.9899999999999994e-05,0.019749899999999997,0.0575199,3.9899999999999994e-05,0.057789900000000005,3.9899999999999994e-05,3.9899999999999994e-05,0.0258199,0.2172898999999999,3.9899999999999994e-05,0.0104399,0.059919900000000005,0.0225999,0.0271199,0.07225989999999999,3.9899999999999994e-05,3.9899999999999994e-05,3.9899999999999994e-05,0.0082399,0.09495989999999989,3.9899999999999994e-05,0.031089899999999997,0.6675899,3.9899999999999994e-05,0.0396699,3.9899999999999994e-05,0.1334099,0.4176399,0.0075499,0.0031699000000000002,3.9899999999999994e-05,0.1799599,3.9899999999999994e-05,3.9899999999999994e-05,0.0479799,3.9899999999999994e-05,3.9899999999999994e-05,0.0099899,3.9899999999999994e-05,0.18534989999999998,0.3342799,0.0319499,0.41727990000000004,0.0039999,0.0091899,3.9899999999999994e-05,0.0011199,0.0432699,0.0069199,1.2068499,3.9899999999999994e-05,0.0247099,3.9899999999999994e-05,3.9899999999999994e-05,3.9899999999999994e-05,3.9899999999999994e-05,3.9899999999999994e-05,0.1259699,0.0041099,0.4735899,0.0788199,0.0970399,3.9899999999999994e-05,3.9899999999999994e-05,3.9899999999999994e-05,0.2713299,3.9899999999999994e-05,3.9899999999999994e-05,3.9899999999999994e-05,0.0050099,0.0023499000000000003,3.9899999999999994e-05,0.1118599,0.11455989999999999,3.9899999999999994e-05,3.9899999999999994e-05,3.9899999999999994e-05,3.9899999999999994e-05,0.0227599,0.9051199,0.0025499,3.9899999999999994e-05,3.9899999999999994e-05,3.9899999999999994e-05,3.9899999999999994e-05,3.9899999999999994e-05,3.9899999999999994e-05,3.9899999999999994e-05,3.9899999999999994e-05,0.3758899,0.4479598999999999,3.9899999999999994e-05,3.9899999999999994e-05,0.0872799,0.0059599,3.9899999999999994e-05,3.9899999999999994e-05,3.9899999999999994e-05,3.9899999999999994e-05,41.339919900000005
37082_3#25,3.0799999999999996e-05,3.0799999999999996e-05,3.0799999999999996e-05,1.4280208,1.0746807999999999,3.0799999999999996e-05,15.2512708,0.1407808,3.0799999999999996e-05,10.3711308,0.14476080000000002,2.1106208000000004,0.2168408,3.0799999999999996e-05,0.0467808,1.3791408,3.5129008,3.0799999999999996e-05,0.0194108,1.0227808,0.7998308,3.0799999999999996e-05,4.4035108,0.0193808,0.2608608,10.1784108,0.2414908,0.0266708,0.2122908,3.0799999999999996e-05,0.2456808,3.0799999999999996e-05,0.1448707999999999,3.0799999999999996e-05,0.3228908,3.0799999999999996e-05,0.0664208,0.032180799999999996,0.1251407999999999,3.0799999999999996e-05,3.0799999999999996e-05,3.0799999999999996e-05,0.0387908,3.0799999999999996e-05,3.0799999999999996e-05,0.0391908,3.0799999999999996e-05,0.7496807999999999,0.1523708,3.0799999999999996e-05,3.0799999999999996e-05,0.0032808,0.28208079999999996,1.6409808,6.4543608,5.8743108,0.0782208,0.07801079999999999,3.0799999999999996e-05,0.0462408,4.5522808,0.4054908,3.0799999999999996e-05,3.0799999999999996e-05,0.1600708,0.0009608,0.1151508,1.6491707999999998,3.0799999999999996e-05,3.0799999999999996e-05,3.0799999999999996e-05,3.0799999999999996e-05,3.0799999999999996e-05,3.0799999999999996e-05,3.0799999999999996e-05,3.0799999999999996e-05,0.0126508,0.0004808,0.2026708,3.0799999999999996e-05,3.0799999999999996e-05,0.0378608,3.0524108,3.0799999999999996e-05,3.0799999999999996e-05,3.0799999999999996e-05,3.0799999999999996e-05,3.0799999999999996e-05,0.11639079999999989,3.0799999999999996e-05,3.0799999999999996e-05,3.0799999999999996e-05,3.0799999999999996e-05,3.0799999999999996e-05,0.0268307999999999,3.0799999999999996e-05,3.3907608000000002,3.0799999999999996e-05,3.0799999999999996e-05,0.32255079999999997,3.0799999999999996e-05,0.0999308,1.0816208,0.0946008,0.0271908,3.0799999999999996e-05,3.0799999999999996e-05,0.3582108,3.0799999999999996e-05,0.0036008,3.0799999999999996e-05,0.004510800000000001,3.0799999999999996e-05,3.0799999999999996e-05,0.4142807999999999,3.0799999999999996e-05,3.0799999999999996e-05,3.0799999999999996e-05,3.0799999999999996e-05,3.0799999999999996e-05,3.0799999999999996e-05,0.2900508,0.0053708,0.2888307999999999,0.1362407999999999,3.0799999999999996e-05,3.0799999999999996e-05,0.39353079999999996,0.0813308,3.0799999999999996e-05,3.0799999999999996e-05,3.0799999999999996e-05,3.0799999999999996e-05,3.0799999999999996e-05,3.0799999999999996e-05,3.0799999999999996e-05,3.0799999999999996e-05,0.0060308,3.0799999999999996e-05,0.5191308,0.0257408,3.0799999999999996e-05,0.0275507999999999,3.0799999999999996e-05,3.0799999999999996e-05,3.0799999999999996e-05,0.0340008,0.33270079999999996,3.0799999999999996e-05,3.0799999999999996e-05,3.0799999999999996e-05,3.0799999999999996e-05,1.1500808,3.0799999999999996e-05,0.044230799999999994,3.0799999999999996e-05,3.0799999999999996e-05,3.0799999999999996e-05,3.0799999999999996e-05,3.0799999999999996e-05,2.4537508000000003,0.08639079999999989,3.0799999999999996e-05,3.0799999999999996e-05,3.0799999999999996e-05,3.0799999999999996e-05,0.0222008,3.0799999999999996e-05,0.0140008,0.046180799999999994,3.0799999999999996e-05,3.0799999999999996e-05,0.1596508,3.0799999999999996e-05,3.0799999999999996e-05,3.0799999999999996e-05,3.0799999999999996e-05,0.0399608,3.0799999999999996e-05,0.0128508,0.041050799999999894,3.0799999999999996e-05,3.0799999999999996e-05,3.0799999999999996e-05,3.0799999999999996e-05,3.0799999999999996e-05,3.0799999999999996e-05,3.0799999999999996e-05,3.0799999999999996e-05,0.0287108,3.0799999999999996e-05,3.0799999999999996e-05,0.0041508000000000005,3.0799999999999996e-05,3.0799999999999996e-05,3.0799999999999996e-05,3.0799999999999996e-05,3.0799999999999996e-05,3.0799999999999996e-05,8.386880800000021
37082_3#26,4.6899999999999995e-05,0.0005469,4.6899999999999995e-05,0.4834869,0.039256900000000004,0.0474069,12.1384669,0.0791969,4.6899999999999995e-05,1.3247669,0.0059869,1.3500469000000002,4.6899999999999995e-05,4.6899999999999995e-05,0.0148769,0.6032369,1.8349269000000001,0.2791968999999999,0.0099969,0.6177369,0.0109469,4.6899999999999995e-05,0.2636569,2.8070369,0.5681769,0.1890368999999999,2.7836169,0.0325169,1.2131169000000002,4.6899999999999995e-05,0.1241969,0.0476069,1.9922669,4.6899999999999995e-05,4.3731669,4.6899999999999995e-05,0.00027689999999999995,0.1073069,0.027266899999999997,4.6899999999999995e-05,4.6899999999999995e-05,0.0461569,0.048776900000000005,0.5837068999999999,0.0230369,0.1594069,0.1348569,0.8980769,4.6899999999999995e-05,0.0764568999999999,4.6899999999999995e-05,0.0123769,4.6899999999999995e-05,5.8484269,0.0332169,0.6121768999999999,0.3948969,0.021186899999999998,0.0335369,0.2277669,0.5413068999999999,0.0046769,4.6899999999999995e-05,4.6899999999999995e-05,0.2513469,0.0148969,0.0421269,0.3069968999999999,0.0539168999999999,4.6899999999999995e-05,4.6899999999999995e-05,0.0042869,0.0051269,0.0005669000000000001,0.3571369,0.2148069,0.1280869,0.0338069,0.0240368999999999,4.6899999999999995e-05,0.0365669,0.2931369,1.6930569,0.0112969,0.0447069,0.0784169,4.6899999999999995e-05,0.021026899999999998,0.0817469,4.6899999999999995e-05,0.0621869,0.0018168999999999,0.0181169,4.6899999999999995e-05,0.0294269,0.0506969,0.3560369,0.0063069,0.0864869,0.2338868999999999,4.6899999999999995e-05,0.0377769,0.1932569,0.0559169,0.0386569,4.6899999999999995e-05,4.6899999999999995e-05,1.2585569,0.0968669,4.6899999999999995e-05,4.6899999999999995e-05,0.0197868999999999,0.0117269,0.0205769,0.1688269,4.6899999999999995e-05,4.6899999999999995e-05,0.0005269000000000001,0.0074669,0.6326769,4.6899999999999995e-05,0.2515769,0.0194368999999999,0.2328569,0.5249069,4.6899999999999995e-05,4.6899999999999995e-05,1.1395869,0.0503069,0.020596899999999998,4.6899999999999995e-05,0.2576969,0.0365269,4.6899999999999995e-05,0.039276900000000003,4.6899999999999995e-05,4.6899999999999995e-05,0.034246900000000004,4.6899999999999995e-05,4.6899999999999995e-05,0.0091469,0.4211668999999999,0.009026900000000001,4.6899999999999995e-05,1.3069469,4.6899999999999995e-05,0.0355369,0.0139069,4.6899999999999995e-05,4.6899999999999995e-05,0.0076669,0.3443969,0.0007869,0.022716899999999998,4.6899999999999995e-05,4.6899999999999995e-05,0.0061969,0.0461869,0.015916899999999998,1.1208669,0.015936899999999997,4.6899999999999995e-05,4.6899999999999995e-05,0.0153069,0.016356899999999997,0.2094169,0.0069869,4.6899999999999995e-05,4.6899999999999995e-05,0.1159269,4.6899999999999995e-05,4.6899999999999995e-05,0.0251769,4.6899999999999995e-05,0.0152269,4.6899999999999995e-05,0.0524769,4.6899999999999995e-05,0.0445569,0.0806069,0.022056899999999997,4.6899999999999995e-05,4.6899999999999995e-05,4.6899999999999995e-05,4.6899999999999995e-05,4.6899999999999995e-05,4.6899999999999995e-05,4.6899999999999995e-05,4.6899999999999995e-05,0.3571269,0.1676569,0.2120369,4.6899999999999995e-05,1.7472769000000001,0.1877969,4.6899999999999995e-05,4.6899999999999995e-05,4.6899999999999995e-05,4.6899999999999995e-05,40.58344689999999
37082_3#27,3.7449999999999995e-05,0.15441745,3.7449999999999995e-05,0.73950745,0.04439745,0.03354745,2.22188745,0.04052745,3.7449999999999995e-05,1.95779745,3.7449999999999995e-05,0.80147745,0.02299745,3.7449999999999995e-05,3.7449999999999995e-05,0.47763744999999996,0.92341745,0.11256745,3.7449999999999995e-05,0.49968745,0.01902745,3.7449999999999995e-05,0.13767745,7.366907449999999,0.19587745,0.26124745,3.1103074500000005,3.7449999999999995e-05,0.2616374499999999,3.7449999999999995e-05,3.7449999999999995e-05,3.7449999999999995e-05,3.7449999999999995e-05,3.7449999999999995e-05,0.37688744999999996,3.7449999999999995e-05,0.00199745,3.7449999999999995e-05,0.06969745,3.7449999999999995e-05,0.0030574499999999998,0.014977449999999901,0.12247744999999999,0.18085745,3.7449999999999995e-05,3.7449999999999995e-05,0.03678745,0.68075745,0.02245745,0.00789745,0.013757450000000001,0.02945745,3.7449999999999995e-05,1.60473745,0.58154745,2.3227074500000002,1.79846745,0.00596745,3.7449999999999995e-05,0.0316574499999999,0.78431745,0.44391745,0.03002745,3.7449999999999995e-05,0.03704745,0.38141745,0.04678745,0.3265374499999999,0.30489744999999996,3.7449999999999995e-05,3.7449999999999995e-05,3.7449999999999995e-05,0.00050745,0.0017174500000000001,3.7449999999999995e-05,3.7449999999999995e-05,0.05556745,3.7449999999999995e-05,3.7449999999999995e-05,0.0205374499999999,0.01643745,0.04039745,2.14954745,0.20684745000000002,0.02741745,0.30691745,3.7449999999999995e-05,3.7449999999999995e-05,0.23734745000000002,3.7449999999999995e-05,3.7449999999999995e-05,3.7449999999999995e-05,0.21656745,0.00396745,3.7449999999999995e-05,0.16126745,2.84275745,0.00439745,0.0152774499999999,0.1249274499999999,3.7449999999999995e-05,0.02058745,0.07355745,0.0333574499999999,0.04185745,3.7449999999999995e-05,3.7449999999999995e-05,0.52929745,0.18953745,3.7449999999999995e-05,3.7449999999999995e-05,3.7449999999999995e-05,0.01618745,3.7449999999999995e-05,0.15038745,3.7449999999999995e-05,3.7449999999999995e-05,0.87240745,3.7449999999999995e-05,0.05996745,3.7449999999999995e-05,0.04016745,0.45410744999999997,0.00900745,0.09460745,3.7449999999999995e-05,0.15690745,0.65922745,0.012307450000000001,0.03236745,0.24909745,0.08045744999999989,3.7449999999999995e-05,3.7449999999999995e-05,0.009107450000000001,3.7449999999999995e-05,3.7449999999999995e-05,3.7449999999999995e-05,3.7449999999999995e-05,0.06453745,0.16894745,0.0141774499999999,0.05164745,3.7449999999999995e-05,0.07103744999999999,3.7449999999999995e-05,0.02220745,3.7449999999999995e-05,3.7449999999999995e-05,3.7449999999999995e-05,3.7449999999999995e-05,3.7449999999999995e-05,0.15002745,3.7449999999999995e-05,0.11660744999999999,3.7449999999999995e-05,3.7449999999999995e-05,0.02517745,3.7449999999999995e-05,0.59968745,1.49446745,3.7449999999999995e-05,3.7449999999999995e-05,3.7449999999999995e-05,3.7449999999999995e-05,0.18524745,3.7449999999999995e-05,3.7449999999999995e-05,3.7449999999999995e-05,3.7449999999999995e-05,3.7449999999999995e-05,3.7449999999999995e-05,0.24084745000000002,0.00984745,3.7449999999999995e-05,3.7449999999999995e-05,3.7449999999999995e-05,3.7449999999999995e-05,0.06662744999999999,0.29040744999999996,3.7449999999999995e-05,3.7449999999999995e-05,3.7449999999999995e-05,3.7449999999999995e-05,3.7449999999999995e-05,3.7449999999999995e-05,3.7449999999999995e-05,3.7449999999999995e-05,3.7449999999999995e-05,3.7449999999999995e-05,0.21043745,0.12004744999999989,3.7449999999999995e-05,0.11376744999999999,3.7449999999999995e-05,0.02218745,3.7449999999999995e-05,3.7449999999999995e-05,3.7449999999999995e-05,56.09801745
37082_3#28,1.2600000000000001e-05,1.2600000000000001e-05,1.2600000000000001e-05,11.217642600000001,0.1420225999999999,1.2600000000000001e-05,7.9285326,0.1103526,1.2600000000000001e-05,0.0002426,1.9893226,0.45755260000000003,1.2600000000000001e-05,1.2600000000000001e-05,1.2600000000000001e-05,1.0597326,0.2700426,1.2600000000000001e-05,1.2600000000000001e-05,0.7413426,1.2600000000000001e-05,1.2600000000000001e-05,1.2600000000000001e-05,36.1699626,1.2600000000000001e-05,0.0249126,0.0818926,0.8809026000000001,0.9269126,1.2600000000000001e-05,1.2600000000000001e-05,1.2600000000000001e-05,0.008512599999999999,1.2600000000000001e-05,1.2600000000000001e-05,1.2600000000000001e-05,1.2600000000000001e-05,1.2600000000000001e-05,0.14283259999999998,0.0422226,1.2600000000000001e-05,0.0002825999999999,0.0034626,0.5862126,1.2600000000000001e-05,0.0248726,1.2600000000000001e-05,0.1549226,1.2600000000000001e-05,1.2600000000000001e-05,1.2600000000000001e-05,1.2600000000000001e-05,1.2600000000000001e-05,5.7862526,0.0177125999999999,6.6145626,1.2600000000000001e-05,1.2600000000000001e-05,1.2600000000000001e-05,1.2600000000000001e-05,0.1643826,1.2600000000000001e-05,1.2600000000000001e-05,1.2600000000000001e-05,1.2600000000000001e-05,1.2600000000000001e-05,1.2600000000000001e-05,0.1370426,1.2600000000000001e-05,1.2600000000000001e-05,1.2600000000000001e-05,1.2600000000000001e-05,1.2600000000000001e-05,1.2600000000000001e-05,1.2600000000000001e-05,1.2600000000000001e-05,1.2600000000000001e-05,1.2600000000000001e-05,1.2600000000000001e-05,1.2600000000000001e-05,1.2600000000000001e-05,1.2600000000000001e-05,0.1053426,1.2600000000000001e-05,1.2600000000000001e-05,1.2600000000000001e-05,1.2600000000000001e-05,1.2600000000000001e-05,0.0373326,1.2600000000000001e-05,1.2600000000000001e-05,1.2600000000000001e-05,1.2600000000000001e-05,1.2600000000000001e-05,1.2600000000000001e-05,1.2600000000000001e-05,1.2600000000000001e-05,1.2600000000000001e-05,1.2600000000000001e-05,0.0716026,1.2600000000000001e-05,0.3515126,1.2600000000000001e-05,1.2600000000000001e-05,1.2600000000000001e-05,1.2600000000000001e-05,1.2600000000000001e-05,1.2600000000000001e-05,0.0215526,1.2600000000000001e-05,0.0274826,1.2600000000000001e-05,2.6444726,1.2600000000000001e-05,1.2600000000000001e-05,1.2600000000000001e-05,1.2600000000000001e-05,1.2600000000000001e-05,1.2600000000000001e-05,1.2600000000000001e-05,1.2600000000000001e-05,1.2600000000000001e-05,1.2600000000000001e-05,1.2600000000000001e-05,1.2600000000000001e-05,1.2600000000000001e-05,1.2600000000000001e-05,1.2600000000000001e-05,1.2600000000000001e-05,1.2600000000000001e-05,1.2600000000000001e-05,1.2600000000000001e-05,1.2600000000000001e-05,1.2600000000000001e-05,1.2600000000000001e-05,1.2600000000000001e-05,1.2600000000000001e-05,1.2600000000000001e-05,1.2600000000000001e-05,1.2600000000000001e-05,1.2600000000000001e-05,1.2600000000000001e-05,1.2600000000000001e-05,1.2600000000000001e-05,1.2600000000000001e-05,1.2600000000000001e-05,1.2600000000000001e-05,1.2600000000000001e-05,1.2600000000000001e-05,1.2600000000000001e-05,1.2600000000000001e-05,1.2600000000000001e-05,1.2600000000000001e-05,1.2600000000000001e-05,1.2600000000000001e-05,1.2600000000000001e-05,1.2600000000000001e-05,1.2600000000000001e-05,1.2600000000000001e-05,1.2600000000000001e-05,1.2600000000000001e-05,1.2600000000000001e-05,1.2600000000000001e-05,1.2600000000000001e-05,1.2600000000000001e-05,1.2600000000000001e-05,1.2600000000000001e-05,1.2600000000000001e-05,1.2600000000000001e-05,1.2600000000000001e-05,1.2600000000000001e-05,1.2600000000000001e-05,1.2600000000000001e-05,1.2600000000000001e-05,1.2600000000000001e-05,1.2600000000000001e-05,1.2600000000000001e-05,1.2600000000000001e-05,1.2600000000000001e-05,1.2600000000000001e-05,1.2600000000000001e-05,1.2600000000000001e-05,1.2600000000000001e-05,1.2600000000000001e-05,1.2600000000000001e-05,1.2600000000000001e-05,1.2600000000000001e-05,1.2600000000000001e-05,1.2600000000000001e-05,1.2600000000000001e-05,1.2600000000000001e-05,1.2600000000000001e-05,1.2600000000000001e-05,1.2600000000000001e-05,1.2600000000000001e-05,1.2600000000000001e-05,1.2600000000000001e-05,1.2600000000000001e-05,1.2600000000000001e-05,21.0539926
37082_3#29,4.235e-05,0.039542350000000004,4.235e-05,0.15317235,0.01605235,0.01400235,0.66800235,0.0009123499999999999,0.03278235,8.73975235,4.235e-05,1.6719023499999999,0.056722350000000005,4.235e-05,4.235e-05,4.235e-05,0.42272235,0.01665235,0.42147235,0.29410235,0.00072235,4.235e-05,0.72160235,0.24153235,0.69120235,0.4307623499999999,0.71118235,4.235e-05,0.1834323499999999,4.235e-05,4.235e-05,4.235e-05,0.06978234999999999,4.235e-05,0.61052235,4.235e-05,4.235e-05,0.00329235,4.235e-05,4.235e-05,4.235e-05,0.01850235,0.21005235,0.21687235000000002,4.235e-05,0.02076235,0.01234235,0.64717235,4.235e-05,0.08133235,0.049082350000000004,0.04194235,4.235e-05,3.2947923500000003,0.07025234999999999,4.235e-05,1.5682923500000001,4.235e-05,0.5009123499999999,0.08443234999999999,0.14562235,1.81488235,0.02579235,0.01019235,0.03093235,0.50499235,0.02250235,0.21280235,0.12874235,4.235e-05,4.235e-05,4.235e-05,4.235e-05,0.00530235,0.88809235,0.04656235,0.6597223499999999,4.235e-05,4.235e-05,4.235e-05,4.235e-05,0.31694235,1.60275235,0.0422923499999999,0.01897235,0.24020235,4.235e-05,4.235e-05,0.28340235,4.235e-05,4.235e-05,4.235e-05,4.235e-05,4.235e-05,4.235e-05,0.19209235000000002,0.9034023499999999,4.235e-05,0.28416235,0.31368235,4.235e-05,0.004242350000000001,0.54712235,0.052892350000000005,0.0174923499999999,0.07073235,4.235e-05,1.04146235,0.10232234999999999,4.235e-05,4.235e-05,0.03479235,4.235e-05,0.00474235,0.03095235,0.00024235,4.235e-05,0.29088235,4.235e-05,0.0162823499999999,4.235e-05,0.27200235,0.23901235,0.00628235,0.08893235,0.0732023499999999,0.18627235,1.03710235,0.4107423499999999,4.235e-05,4.235e-05,0.2160923499999999,4.235e-05,4.235e-05,0.16519235000000002,4.235e-05,4.235e-05,0.00104235,0.05265235,16.68347235,4.235e-05,0.27233235,0.08033235,0.13642235,1.38590235,0.02143235,0.12390235,4.235e-05,0.00101235,0.19111235000000001,4.235e-05,0.00040235,0.0021923499999999,4.235e-05,4.235e-05,4.235e-05,4.235e-05,0.013272349999999999,4.235e-05,2.28554235,0.00092235,4.235e-05,0.00472235,0.0143923499999999,0.017372349999999998,0.07122234999999999,4.235e-05,0.0023923499999999997,0.01423235,0.84362235,4.235e-05,0.02815235,0.18634235000000002,0.07510235,4.235e-05,4.235e-05,0.009142349999999999,4.235e-05,0.19085235,0.2317423499999999,0.04941235,4.235e-05,4.235e-05,4.235e-05,4.235e-05,4.235e-05,4.235e-05,4.235e-05,4.235e-05,4.235e-05,0.62914235,0.30214235,0.02336235,4.235e-05,0.03237235,0.33342235000000003,0.031542350000000004,4.235e-05,4.235e-05,39.02241235
37082_3#2,1.785e-05,4.26098785,0.008047849999999999,2.15583785,0.25675785,0.13043785,11.13832785,0.19382785,1.785e-05,7.82802785,0.9367478499999999,1.0919478500000002,0.04282785,0.012087849999999999,0.0602778499999999,0.43374785000000005,7.566217849999999,1.785e-05,1.785e-05,3.6681678499999997,8.83710785,1.785e-05,0.14928785,3.01216785,0.2284678499999999,0.43824785000000005,0.30772785,0.07422785,0.1652578499999999,1.785e-05,1.785e-05,1.785e-05,0.24013784999999999,1.785e-05,0.24998784999999998,1.785e-05,1.785e-05,1.785e-05,1.785e-05,1.8624878500000002,1.785e-05,1.785e-05,0.17175785,1.785e-05,0.04587785,0.10401785,1.785e-05,0.5822678499999999,1.785e-05,1.785e-05,1.785e-05,0.00133785,1.785e-05,10.82860785,12.06647785,0.0023278500000000002,1.785e-05,1.785e-05,1.785e-05,1.785e-05,1.9018078500000002,1.785e-05,1.785e-05,1.785e-05,0.03819785,1.785e-05,1.785e-05,0.03014785,1.785e-05,1.785e-05,1.785e-05,1.785e-05,1.785e-05,1.785e-05,1.785e-05,0.01002785,1.785e-05,1.785e-05,1.785e-05,1.785e-05,1.785e-05,1.785e-05,1.785e-05,1.785e-05,1.785e-05,0.11916785,1.785e-05,1.785e-05,0.20344784999999999,1.785e-05,1.785e-05,1.785e-05,0.33597785,1.785e-05,1.785e-05,15.01694785,1.785e-05,1.785e-05,1.785e-05,0.37635784999999994,1.785e-05,1.785e-05,1.785e-05,1.785e-05,0.00102785,1.785e-05,1.785e-05,1.785e-05,1.785e-05,1.785e-05,1.785e-05,1.785e-05,0.07839785,1.785e-05,1.785e-05,1.785e-05,1.785e-05,1.785e-05,1.785e-05,1.785e-05,1.785e-05,1.785e-05,0.25854785,1.785e-05,1.785e-05,1.785e-05,1.785e-05,1.785e-05,1.785e-05,1.785e-05,1.785e-05,1.785e-05,1.785e-05,0.9915378499999999,0.03829785,1.785e-05,1.785e-05,1.785e-05,1.785e-05,1.785e-05,1.785e-05,1.785e-05,1.785e-05,1.785e-05,1.785e-05,1.785e-05,1.785e-05,1.785e-05,1.785e-05,1.785e-05,1.785e-05,1.785e-05,1.785e-05,1.785e-05,1.785e-05,1.785e-05,1.785e-05,1.785e-05,1.785e-05,0.0332878499999999,1.785e-05,1.785e-05,1.785e-05,1.785e-05,1.785e-05,1.785e-05,1.785e-05,1.785e-05,1.785e-05,1.785e-05,1.785e-05,1.785e-05,1.785e-05,1.785e-05,1.785e-05,1.785e-05,1.785e-05,1.785e-05,1.785e-05,1.785e-05,1.785e-05,1.785e-05,1.785e-05,1.785e-05,1.785e-05,1.785e-05,1.785e-05,1.785e-05,1.785e-05,1.785e-05,1.785e-05,1.785e-05,1.785e-05,1.785e-05,1.785e-05,1.785e-05,1.785e-05,1.785e-05,1.785e-05,1.412107850000005
37082_3#30,0.0189762,1.5659062,4.62e-05,0.15295620000000001,0.2698162,0.07956619999999999,1.5291662000000001,0.1248662,4.62e-05,26.1036762,4.62e-05,0.4286562,0.11346619999999999,0.0221062,4.62e-05,0.0127361999999999,1.3774962000000002,0.0151862,0.2698662,0.9088062,0.0057962,0.0008461999999999,1.3635362000000002,4.62e-05,4.62e-05,0.6430262,0.5069262,4.62e-05,0.28752619999999995,4.62e-05,4.62e-05,4.62e-05,4.62e-05,4.62e-05,0.2795162,4.62e-05,4.62e-05,0.0199562,0.1243162,4.62e-05,4.62e-05,4.62e-05,0.28780619999999996,0.0034862,0.009086200000000001,4.62e-05,0.009706199999999901,1.1447162000000002,4.62e-05,0.08958619999999999,4.62e-05,0.0046762,4.62e-05,1.2349162,0.2270462,0.1051062,0.5664462,4.62e-05,0.09792619999999999,0.7327161999999999,0.028796199999999997,0.20349620000000002,0.1322962,0.0292562,0.4066762,4.62e-05,0.0190562,0.5428562,0.4321161999999999,4.62e-05,4.62e-05,0.00021619999999989998,0.0013961999999999,0.0050862,1.3194262,0.3530162,4.1345562000000005,0.1451762,0.0242961999999999,0.0407862,0.0098861999999999,4.5823562,0.6333162,4.62e-05,0.1571862,0.07780619999999999,4.62e-05,4.62e-05,0.0569561999999999,4.62e-05,0.0038862000000000002,0.013556200000000001,0.0661561999999999,4.62e-05,0.0046562,0.0116862,0.2478362,0.0012862,0.0062762,0.1561162,0.1416562,4.62e-05,0.2984461999999999,0.0232762,0.0326262,4.62e-05,4.62e-05,0.0766562,0.023506199999999998,4.62e-05,4.62e-05,1.0096562,4.62e-05,0.0175762,0.0243362,4.62e-05,4.62e-05,0.12326619999999999,0.0230662,0.0279562,0.0951462,0.5432862,0.3384562,4.62e-05,0.7095262,4.62e-05,4.62e-05,4.62e-05,0.11092619999999999,0.0011861999999999999,4.62e-05,4.62e-05,4.62e-05,4.62e-05,0.0069862,4.62e-05,4.62e-05,0.2086762,0.12517620000000002,10.8343062,0.1497762,4.62e-05,0.7991562,0.3763062,0.054346200000000004,0.051506199999999905,0.2639662,0.0380362,0.033136200000000005,4.62e-05,0.016346199999999998,0.28181619999999996,4.62e-05,0.0048262,4.62e-05,0.0315162,0.015286199999999901,4.62e-05,0.0245062,0.5750962,0.010346200000000002,0.013126200000000001,0.9027062,0.0307262,0.3514362,4.62e-05,0.0265362,0.0206461999999999,0.06359619999999999,0.1199262,0.0078662,0.0836662,0.12455619999999999,0.10036619999999999,4.62e-05,4.62e-05,0.09924619999999999,4.62e-05,4.62e-05,4.62e-05,0.028786199999999998,4.62e-05,0.0058062,0.0030361999999999997,4.62e-05,4.62e-05,4.62e-05,4.62e-05,0.012986199999999901,4.62e-05,4.62e-05,4.62e-05,0.15107620000000002,3.1188262,0.1472662,0.07054619999999999,0.10247619999999999,0.0075262,4.62e-05,22.297076199999967
37082_3#31,0.10904865,2.25777865,0.11269865,0.26520865000000005,0.11023865,0.20667865,3.11072865,0.41225865,0.00359865,10.66546865,0.01111865,0.47127865,0.36426865,0.041378649999999996,4.865e-05,0.02249865,1.23143865,0.045118649999999996,0.20167865,1.08701865,4.865e-05,0.00922865,0.64795865,4.865e-05,0.00700865,2.79417865,0.59363865,4.865e-05,0.20374865,4.865e-05,4.865e-05,0.00729865,0.04247865,0.00107865,0.03202865,4.865e-05,0.01717865,0.00846865,0.03129865,4.865e-05,4.865e-05,4.865e-05,0.04084864999999999,0.28930865,0.00032865,0.0207986499999999,0.02150865,0.52859865,4.865e-05,0.02433865,0.08813865,0.07293865,0.00154865,3.57384865,0.43755865000000005,0.00379865,0.29756865000000005,0.01114865,1.90167865,0.21331865,4.865e-05,0.42650865000000004,4.865e-05,0.04537865,0.21173865,4.865e-05,4.865e-05,0.09970865,4.865e-05,0.02655865,0.01896865,4.865e-05,4.865e-05,0.09108865,1.67270865,0.08311864999999989,1.85300865,0.1375886499999999,0.03968865,4.865e-05,4.865e-05,5.60813865,0.6432586499999999,4.865e-05,0.28692865,0.0797586499999999,4.865e-05,4.865e-05,0.11695865,4.865e-05,0.02759865,0.24942865,0.00113865,4.865e-05,0.00674865,0.28159865,0.24416865,0.00237865,0.38733865,0.08253864999999999,0.2111886499999999,0.02625865,0.25758865000000003,0.0038386500000000003,0.01195865,4.865e-05,0.01305865,4.865e-05,0.02778865,4.865e-05,0.06059865,0.1852386499999999,0.07961865,0.11045864999999999,0.00734865,4.865e-05,0.72543865,0.12412865,0.01937865,0.062258649999999895,0.04901865,0.23948865,0.03047865,4.865e-05,1.1790986500000002,0.51468865,4.865e-05,4.865e-05,0.00515865,4.865e-05,4.865e-05,4.865e-05,4.865e-05,4.865e-05,0.035578649999999996,4.865e-05,4.865e-05,0.35041865,0.25990865,9.68747865,0.06947865,4.865e-05,4.20552865,3.64995865,0.15114865,0.02723865,0.34461865,0.09331864999999989,0.0098886499999999,4.865e-05,0.00557865,0.061108649999999994,0.08503865,0.00147865,4.865e-05,0.07426864999999999,4.865e-05,0.0033386500000000003,0.01177865,0.82493865,0.00404865,0.00999865,1.56291865,0.01754865,0.11905864999999989,4.865e-05,4.865e-05,4.865e-05,0.16852865,0.25042865000000003,0.03823865,0.02048865,0.14407865,0.050188649999999994,4.865e-05,4.865e-05,0.050738649999999996,4.865e-05,4.865e-05,4.865e-05,0.01198865,4.865e-05,0.00682865,4.865e-05,4.865e-05,4.865e-05,4.865e-05,4.865e-05,0.06858865,0.0023186500000000002,4.865e-05,4.865e-05,0.47543865,4.865e-05,0.02992865,2.35219865,0.09850864999999989,4.865e-05,0.0037586499999999004,25.238618649999978
37082_3#32,6.2687079500000005,0.43910795,0.043637949999999995,0.70921795,0.16486795,0.08401795000000001,1.6969079499999997,1.75502795,4.794999999999999e-05,3.45232795,0.01037795,0.17121795,0.51491795,0.12249795000000001,0.008607950000000001,0.00948795,0.98743795,0.00235795,0.14387795,0.1570379499999999,0.20975795,0.054897949999999994,0.06372795,4.794999999999999e-05,0.38499795,0.44133795,0.26823795,0.10876795,0.19214795,0.00195795,0.06922795000000001,0.5604679499999999,0.19714795000000002,0.66549795,0.09402795,4.794999999999999e-05,4.794999999999999e-05,1.10918795,0.037227949999999996,0.33473795,4.794999999999999e-05,4.794999999999999e-05,0.01934795,0.04169795,4.794999999999999e-05,4.794999999999999e-05,4.794999999999999e-05,2.5638679499999997,4.794999999999999e-05,0.00242795,4.794999999999999e-05,0.26940795,4.794999999999999e-05,0.91516795,0.54827795,4.794999999999999e-05,0.67653795,0.15261795,4.794999999999999e-05,3.35774795,0.07704795,0.04441795,4.794999999999999e-05,0.12721795,0.1567879499999999,4.794999999999999e-05,1.1525079499999997,0.26503795,0.03465795,4.794999999999999e-05,4.794999999999999e-05,0.02919795,0.17646795,4.794999999999999e-05,0.2082479499999999,0.52054795,1.61451795,3.13769795,0.07531795000000001,4.794999999999999e-05,0.0697679499999999,17.30340795,0.25193795,4.794999999999999e-05,0.02518795,0.02788795,0.01191795,4.794999999999999e-05,0.05090795,0.00024795,0.00948795,4.794999999999999e-05,4.794999999999999e-05,0.01522795,0.12566795,5.26613795,4.794999999999999e-05,0.02449795,4.794999999999999e-05,0.07337795000000001,0.37968795,0.055917949999999994,0.23416795,0.10185795,0.06703795,4.794999999999999e-05,0.25447795,0.14334795,0.0007379499999999,4.794999999999999e-05,0.01883795,1.5074979499999999,4.794999999999999e-05,0.02643795,0.00828795,0.00509795,1.22201795,0.06362795,0.2334479499999999,0.30441795,0.09944795000000001,0.14001795,0.02764795,4.794999999999999e-05,1.71297795,0.034997949999999896,0.0860179499999999,4.794999999999999e-05,0.09486795,0.08810795,4.794999999999999e-05,0.0150379499999999,0.01181795,4.794999999999999e-05,4.794999999999999e-05,4.794999999999999e-05,4.794999999999999e-05,4.794999999999999e-05,4.794999999999999e-05,4.794999999999999e-05,4.794999999999999e-05,4.33721795,4.794999999999999e-05,4.794999999999999e-05,0.034077949999999996,0.26457795,4.794999999999999e-05,4.794999999999999e-05,0.033647949999999996,5.2869379499999996,0.00652795,0.10955795,4.794999999999999e-05,0.09872795000000001,4.794999999999999e-05,0.06439795000000001,0.01736795,4.794999999999999e-05,0.04987795,0.11105795,4.794999999999999e-05,0.20714795,0.12790795,0.62510795,0.20051795,4.794999999999999e-05,0.44238795000000003,4.794999999999999e-05,4.794999999999999e-05,4.794999999999999e-05,4.794999999999999e-05,0.03580795,0.041057949999999996,0.058327949999999996,0.02610795,0.06111795,0.16297795,4.794999999999999e-05,0.008477950000000001,4.794999999999999e-05,0.06202795,0.09527795,0.030007950000000002,4.794999999999999e-05,0.00504795,0.00479795,4.794999999999999e-05,4.794999999999999e-05,0.01398795,0.010827950000000001,4.794999999999999e-05,4.794999999999999e-05,4.794999999999999e-05,4.794999999999999e-05,0.07969795,4.794999999999999e-05,0.04249795,0.00170795,0.038067949999999996,19.306837950000055
37082_3#3,2.45e-05,11.4527045,2.45e-05,0.3895845,0.1613145,2.45e-05,1.3259245000000002,0.0787645,2.45e-05,0.2166244999999999,2.45e-05,2.6563244999999998,0.3072245,2.45e-05,2.45e-05,0.0483045,0.5464645,2.45e-05,0.0283645,1.5382445,0.0200945,2.45e-05,0.6095545,13.088984499999999,23.642854500000002,0.10442449999999999,3.7828744999999997,2.45e-05,0.2215445,2.45e-05,2.45e-05,2.45e-05,0.0088845,2.45e-05,0.0781045,2.45e-05,2.45e-05,2.45e-05,2.45e-05,2.45e-05,0.024514499999999998,0.0318244999999999,0.1457045,1.1697145,2.45e-05,0.0461244999999999,0.0206345,1.2952845000000002,0.018124499999999998,2.45e-05,2.45e-05,0.0805645,2.45e-05,4.1120445000000005,4.3962645,4.1642545,1.1281145000000001,2.45e-05,2.45e-05,2.45e-05,0.012824499999999999,2.45e-05,0.11631449999999989,2.45e-05,2.45e-05,0.38418450000000004,0.0583745,0.5475345,0.0946045,2.45e-05,2.45e-05,2.45e-05,2.45e-05,0.0002944999999999,2.45e-05,2.45e-05,0.0158245,2.45e-05,2.45e-05,2.45e-05,2.45e-05,2.45e-05,0.1099445,0.0430245,2.45e-05,1.1171145,2.45e-05,2.45e-05,0.043764500000000005,2.45e-05,2.45e-05,2.45e-05,0.8481844999999999,2.45e-05,2.45e-05,0.0279444999999999,0.0647145,2.45e-05,2.45e-05,0.19410449999999999,2.45e-05,2.45e-05,0.0187645,2.45e-05,2.45e-05,2.45e-05,2.45e-05,0.1453345,0.0950245,2.45e-05,2.45e-05,2.45e-05,0.1506245,2.45e-05,0.0074445,2.45e-05,2.45e-05,2.1724745,2.45e-05,2.45e-05,2.45e-05,2.45e-05,0.0616545,2.45e-05,0.0185345,0.0484445,0.2074545,0.1689844999999999,0.0172845,2.45e-05,2.45e-05,1.0133145000000001,2.45e-05,2.45e-05,0.059714500000000004,2.45e-05,0.0134045,2.45e-05,2.45e-05,0.1321345,2.45e-05,2.45e-05,2.45e-05,2.45e-05,2.45e-05,2.45e-05,2.45e-05,2.45e-05,2.45e-05,2.45e-05,2.45e-05,2.45e-05,2.45e-05,2.45e-05,2.45e-05,2.45e-05,2.45e-05,2.45e-05,0.0236945,2.45e-05,2.45e-05,2.45e-05,2.45e-05,2.45e-05,2.45e-05,2.45e-05,2.45e-05,2.45e-05,2.45e-05,2.45e-05,2.45e-05,2.45e-05,0.0895845,2.45e-05,2.45e-05,2.45e-05,2.45e-05,2.45e-05,0.11537449999999999,2.45e-05,2.45e-05,2.45e-05,2.45e-05,2.45e-05,2.45e-05,2.45e-05,2.45e-05,2.45e-05,2.45e-05,2.45e-05,2.45e-05,2.45e-05,2.45e-05,2.45e-05,2.45e-05,2.45e-05,2.45e-05,2.45e-05,2.45e-05,14.818484499999984
37082_3#4,0.3212983,3.2107483,0.0451982999999999,0.3448583,0.8180583,0.044428300000000004,1.0870682999999999,1.2916383,0.20914829999999998,6.1471483000000005,0.0350983,0.3506183,9.1744083,0.011928300000000001,0.0149683,0.3267883,0.9270983,0.5290682999999999,0.010908300000000001,0.6823383000000001,0.19457829999999998,0.0080183,0.3730783,4.8299999999999995e-05,0.0370583,1.0344983,0.11440829999999991,0.0488283,0.1110882999999999,4.8299999999999995e-05,0.0216283,4.8299999999999995e-05,0.4013483,4.8299999999999995e-05,0.18868829999999998,4.8299999999999995e-05,0.0009683,0.0259283,0.3457482999999999,4.8299999999999995e-05,4.8299999999999995e-05,0.0043983,4.8299999999999995e-05,4.8299999999999995e-05,0.0037183,4.8299999999999995e-05,0.0085483,2.6720383,4.6985783,0.5910383,2.1952583,0.35657829999999996,0.19565829999999998,1.1467883,7.760938300000001,4.8299999999999995e-05,4.8299999999999995e-05,0.0091083,4.8299999999999995e-05,0.25139829999999996,0.055328300000000004,1.6028783,0.5923083,0.0165283,0.0417883,4.8299999999999995e-05,0.1329483,0.0642383,0.1043583,0.0204183,0.0603483,4.8299999999999995e-05,0.0415883,0.3376683,4.8299999999999995e-05,0.0250083,0.4824482999999999,0.2163183,0.0017083,0.0676983,0.0061483,0.6191283,0.0664183,4.8299999999999995e-05,0.0215183,0.0105483,0.0033383,0.0168982999999999,0.0119483,0.0030883,0.0014982999999999,0.8740182999999999,4.8299999999999995e-05,0.0004982999999999999,0.0102583,0.0915682999999999,7.812678300000001,0.0231982999999999,4.8299999999999995e-05,4.8299999999999995e-05,0.2238383,0.0359982999999999,0.0673583,4.8299999999999995e-05,0.0014683,4.8299999999999995e-05,0.0287182999999999,0.1119183,4.8299999999999995e-05,0.0383083,0.010478300000000001,0.15160829999999997,4.8299999999999995e-05,0.0162183,0.0211883,4.8299999999999995e-05,5.1074783,0.0736083,0.0284983,0.0456183,4.8299999999999995e-05,0.0381883,0.0015283,4.8299999999999995e-05,0.23514829999999998,4.8299999999999995e-05,4.8299999999999995e-05,4.8299999999999995e-05,0.012648300000000001,0.00013830000000000003,0.006648299999999999,4.8299999999999995e-05,4.8299999999999995e-05,4.8299999999999995e-05,0.0085083,4.8299999999999995e-05,0.0175083,0.0028283,4.8299999999999995e-05,4.8299999999999995e-05,0.7549783,2.4835783,0.4487483,4.8299999999999995e-05,8.7276383,0.0359283,4.8299999999999995e-05,0.0546083,0.0032283,4.8299999999999995e-05,0.0085383,0.0111683,0.6158283,0.004138299999999999,0.1774883,0.0103583,4.8299999999999995e-05,1.3597283,0.0550283,1.8101582999999999,0.0962283,0.061628300000000004,0.2506983,0.0772383,0.0413783,4.8299999999999995e-05,4.8299999999999995e-05,0.2582583,4.8299999999999995e-05,4.8299999999999995e-05,4.8299999999999995e-05,0.0284583,0.0410883,4.8299999999999995e-05,4.8299999999999995e-05,4.8299999999999995e-05,4.8299999999999995e-05,0.1010483,0.0542283,4.8299999999999995e-05,0.0198783,4.8299999999999995e-05,0.00015830000000000003,4.8299999999999995e-05,4.8299999999999995e-05,0.0045983,4.8299999999999995e-05,4.8299999999999995e-05,0.0033983,3.5638483,4.8299999999999995e-05,4.8299999999999995e-05,4.8299999999999995e-05,4.8299999999999995e-05,0.0151983,4.8299999999999995e-05,0.0101183,4.8299999999999995e-05,4.8299999999999995e-05,10.703898300000041
37082_3#5,9.4012169,1.0251669,0.6042569,0.7180069,1.9879669,4.6899999999999995e-05,0.7689468999999999,3.4178869,0.0193069,5.3980469,0.0269369,0.8087069,6.2672869,4.6899999999999995e-05,4.6899999999999995e-05,4.6899999999999995e-05,1.5467169,1.0830769,0.0802969,0.3368169,4.6899999999999995e-05,0.0444569,0.1521669,4.6899999999999995e-05,0.0024769,0.7251869,0.0384569,0.0813869,0.0559869,0.0236469,0.0408668999999999,0.2218269,0.1308069,4.6899999999999995e-05,0.1350569,0.0184369,4.6899999999999995e-05,0.1430269,0.9277268999999999,4.6899999999999995e-05,4.6899999999999995e-05,4.6899999999999995e-05,4.6899999999999995e-05,4.6899999999999995e-05,4.6899999999999995e-05,4.6899999999999995e-05,0.1018769,2.7295069,0.1084669,0.4157968999999999,0.06607690000000001,0.5208168999999999,0.0083469,1.4432969000000002,24.1336569,4.6899999999999995e-05,0.0730969,0.0098469,4.6899999999999995e-05,0.9394868999999999,0.1394269,4.6899999999999995e-05,0.017786899999999998,0.1257969,0.07022690000000001,0.1268369,0.2238968999999999,0.3250968999999999,0.4779969,0.0008269,4.6899999999999995e-05,0.0022169,4.6899999999999995e-05,4.6899999999999995e-05,4.6899999999999995e-05,0.0737269,1.3828469,0.017446899999999998,0.008896900000000001,4.6899999999999995e-05,0.1155969,2.7688669000000004,0.0972969,0.0462069,0.4690069,4.6899999999999995e-05,0.0794969,4.6899999999999995e-05,0.0082769,4.6899999999999995e-05,0.0050269,0.1618669,0.5256268999999999,0.018916899999999997,0.0134968999999999,0.4332769,0.051446900000000004,4.6899999999999995e-05,0.2690169,0.0657369,0.3309469,4.6899999999999995e-05,0.3321468999999999,0.0296869,4.6899999999999995e-05,4.6899999999999995e-05,0.0870469,0.0852769,4.6899999999999995e-05,0.0107469,0.1244769,1.1949769000000001,4.6899999999999995e-05,4.6899999999999995e-05,0.0038068999999999,4.6899999999999995e-05,3.7816269,0.0587369,0.024696899999999997,0.0434968999999999,0.0273668999999999,0.1232269,4.6899999999999995e-05,0.0129868999999999,1.8411469,0.0458569,0.0779469,0.1523869,0.0633969,4.6899999999999995e-05,4.6899999999999995e-05,0.1664169,4.6899999999999995e-05,4.6899999999999995e-05,4.6899999999999995e-05,4.6899999999999995e-05,4.6899999999999995e-05,0.1645569,0.5071869,2.8977669,0.3088069,1.5747669,0.0037269,0.6828869,4.6899999999999995e-05,0.0292269,0.0217769,0.0086469,0.0235669,4.6899999999999995e-05,0.0534668999999999,4.6899999999999995e-05,0.0162069,0.0495769,4.6899999999999995e-05,4.6899999999999995e-05,0.1753669,4.6899999999999995e-05,0.0911269,0.9164568999999999,4.6899999999999995e-05,0.0066969,0.2017169,0.0365669,0.0362069,4.6899999999999995e-05,0.017636899999999997,4.6899999999999995e-05,0.0874069,0.009066900000000001,0.017616899999999998,0.016096899999999997,0.0058369,0.022236899999999997,4.6899999999999995e-05,4.6899999999999995e-05,0.020086899999999998,4.6899999999999995e-05,0.0379969,0.3533968999999999,0.022486899999999997,4.6899999999999995e-05,4.6899999999999995e-05,4.6899999999999995e-05,4.6899999999999995e-05,4.6899999999999995e-05,4.6899999999999995e-05,4.6899999999999995e-05,4.6899999999999995e-05,4.6899999999999995e-05,0.0099569,0.0132369,0.0009669,4.6899999999999995e-05,0.0046969,0.0117769,0.0242269,4.6899999999999995e-05,4.6899999999999995e-05,7.99285690000003
37082_3#6,0.009127999999999999,6.393228,2.7999999999999996e-05,0.034368,2.8316879999999998,0.2108279999999999,8.968178,21.198588,0.075788,4.456188000000001,0.433568,1.5805179999999999,1.410798,0.000428,0.046017999999999996,4.580028,4.5197080000000005,0.283198,2.7999999999999996e-05,2.601568,0.266318,0.0719979999999999,1.074298,0.376218,0.052148,3.900988,1.100328,0.016708,1.002308,2.7999999999999996e-05,2.7999999999999996e-05,0.031868,0.1292679999999999,2.7999999999999996e-05,0.038238,2.7999999999999996e-05,0.021948,0.038308,0.039308,2.7999999999999996e-05,2.7999999999999996e-05,2.7999999999999996e-05,2.7999999999999996e-05,2.7999999999999996e-05,0.013098,0.006487999999999899,0.237798,2.136948,2.023278,0.345108,2.7999999999999996e-05,0.026528,2.7999999999999996e-05,5.465628,9.355827999999999,2.7999999999999996e-05,0.487678,2.7999999999999996e-05,2.7999999999999996e-05,0.863198,0.13464800000000002,2.7999999999999996e-05,2.7999999999999996e-05,0.0029979999999999,2.7999999999999996e-05,0.0621379999999999,0.1791679999999999,0.866778,0.271248,0.0031680000000000002,0.090928,2.7999999999999996e-05,2.7999999999999996e-05,0.250348,2.7999999999999996e-05,0.030618,2.7999999999999996e-05,0.031338,2.7999999999999996e-05,2.7999999999999996e-05,2.7999999999999996e-05,0.0045379999999999995,0.857908,0.0536479999999999,0.027488,2.7999999999999996e-05,2.7999999999999996e-05,2.7999999999999996e-05,0.012798,2.7999999999999996e-05,2.7999999999999996e-05,2.7999999999999996e-05,0.600678,2.7999999999999996e-05,2.7999999999999996e-05,2.7999999999999996e-05,0.005898,2.7999999999999996e-05,2.7999999999999996e-05,0.318818,2.7999999999999996e-05,0.12831800000000002,0.225918,2.7999999999999996e-05,2.7999999999999996e-05,2.7999999999999996e-05,2.7999999999999996e-05,2.7999999999999996e-05,0.0809479999999999,2.7999999999999996e-05,2.7999999999999996e-05,2.7999999999999996e-05,2.7999999999999996e-05,2.7999999999999996e-05,0.027818,0.0155279999999999,2.7999999999999996e-05,0.142768,2.7999999999999996e-05,2.7999999999999996e-05,2.7999999999999996e-05,2.7999999999999996e-05,2.7999999999999996e-05,0.18193800000000002,2.7999999999999996e-05,0.088028,2.7999999999999996e-05,2.7999999999999996e-05,0.4185479999999999,2.7999999999999996e-05,2.7999999999999996e-05,2.7999999999999996e-05,2.7999999999999996e-05,2.7999999999999996e-05,2.7999999999999996e-05,2.7999999999999996e-05,2.7999999999999996e-05,2.7999999999999996e-05,2.7999999999999996e-05,0.009668,2.7999999999999996e-05,2.7999999999999996e-05,2.7999999999999996e-05,2.7999999999999996e-05,2.7999999999999996e-05,2.7999999999999996e-05,2.7999999999999996e-05,2.7999999999999996e-05,2.7999999999999996e-05,2.7999999999999996e-05,2.7999999999999996e-05,2.7999999999999996e-05,0.052178,2.7999999999999996e-05,2.7999999999999996e-05,2.7999999999999996e-05,2.7999999999999996e-05,2.7999999999999996e-05,2.7999999999999996e-05,0.037258,0.024368,2.7999999999999996e-05,2.7999999999999996e-05,2.7999999999999996e-05,0.003308,2.7999999999999996e-05,2.7999999999999996e-05,0.0554879999999999,2.7999999999999996e-05,2.7999999999999996e-05,2.7999999999999996e-05,2.7999999999999996e-05,0.011998,2.7999999999999996e-05,2.7999999999999996e-05,2.7999999999999996e-05,2.7999999999999996e-05,2.7999999999999996e-05,2.7999999999999996e-05,2.7999999999999996e-05,2.7999999999999996e-05,2.7999999999999996e-05,2.7999999999999996e-05,2.7999999999999996e-05,2.7999999999999996e-05,2.7999999999999996e-05,2.7999999999999996e-05,2.7999999999999996e-05,2.7999999999999996e-05,2.7999999999999996e-05,2.7999999999999996e-05,2.7999999999999996e-05,2.7999999999999996e-05,2.7999999999999996e-05,2.7999999999999996e-05,2.7999999999999996e-05,2.7999999999999996e-05,2.7999999999999996e-05,2.7999999999999996e-05,5.93176799999999
37082_3#7,5.285e-05,0.25272285,5.285e-05,0.03554285,0.00093285,0.00836285,1.0274828500000002,0.39046285,0.02286285,0.48243284999999997,5.285e-05,0.18704285,0.5027028499999999,5.285e-05,5.285e-05,0.03961285,0.22202285,5.285e-05,0.07097285,0.10926285000000001,0.0103128499999999,5.285e-05,0.25503285,5.285e-05,5.285e-05,0.35686284999999995,0.06533285000000001,0.26480285,0.01622285,5.285e-05,5.285e-05,5.285e-05,5.43530285,5.285e-05,0.01588285,5.285e-05,0.010212849999999999,0.00925285,0.01589285,5.285e-05,5.285e-05,0.0155528499999999,0.0070428499999999,5.285e-05,0.011582849999999999,5.285e-05,0.02435285,1.9446428500000001,5.285e-05,0.0596128499999999,0.00595285,0.04049285,0.00324285,0.7065728499999999,0.29196285,5.285e-05,0.19999285,0.025482849999999998,0.53889285,1.9189928500000002,0.10006285000000001,5.285e-05,0.79111285,0.95751285,0.2722028499999999,2.8952928499999997,0.013112849999999999,0.04158285,0.0723128499999999,0.04573285,0.05437285,0.03346285,5.285e-05,0.29449285,0.07564285000000001,0.13068285000000002,0.55526285,0.00263285,0.015582849999999999,5.285e-05,0.18040285,4.24515285,0.19715285000000002,0.0603128499999999,0.07637285,0.01514285,0.01818285,0.39842285,0.01770285,0.024802849999999998,0.01168285,0.0040228500000000006,5.285e-05,5.285e-05,0.033352849999999996,0.03038285,0.97028285,0.00513285,0.39048285,0.02061285,0.01659285,0.0051528500000000005,0.32304285,0.07201285,0.04645285,5.285e-05,0.69028285,0.11155285000000001,0.0052128499999999,5.285e-05,5.285e-05,0.65069285,0.01719285,0.13821285,0.01486285,5.285e-05,5.285e-05,0.01059285,0.04936285,0.038382849999999996,0.00107285,0.05690285,0.006942849999999901,5.285e-05,1.5424328500000002,5.285e-05,0.06008285,0.16073285,0.06828285,0.0019428499999999999,5.285e-05,0.04873285,5.285e-05,5.285e-05,0.01801285,5.285e-05,0.25900284999999995,0.04881285,0.06134285,5.57604285,0.01592285,4.446572850000001,0.9728428499999999,1.58756285,1.4910428500000001,0.0034628499999998998,1.82992285,0.81645285,0.10291285,0.23331285000000002,0.0300228499999999,0.28518285,0.010432849999999999,0.0008528499999999001,0.01003285,0.00446285,0.04002285,0.32929284999999997,0.0199528499999999,0.48955285,5.285e-05,0.01377285,0.84465285,0.00023285,0.10715285000000001,0.06466285000000001,5.285e-05,5.285e-05,0.67707285,0.03612285,0.0522228499999999,0.04355285,5.285e-05,0.02441285,0.00973285,5.285e-05,0.09114285000000001,5.285e-05,0.015022849999999999,0.04254285,0.02912285,5.285e-05,5.285e-05,0.0051528500000000005,5.285e-05,5.285e-05,5.285e-05,5.285e-05,0.0089928499999999,0.44170285,5.285e-05,0.0338228499999999,0.019522849999999998,0.88103285,0.00729285,0.44803285,0.14212285,0.00019285,0.00334285,44.48245284999998
37082_3#8,5.6349999999999994e-05,0.12992635,5.6349999999999994e-05,0.1284663499999999,0.07257635,5.6349999999999994e-05,2.29128635,3.34344635,0.02272635,0.82094635,0.04926635,0.39850635,0.23826635,5.6349999999999994e-05,5.6349999999999994e-05,0.16074634999999998,0.46233635,0.009876349999999999,0.5026363500000001,0.76693635,0.05702635,5.6349999999999994e-05,0.8685663499999999,0.08248635,5.6349999999999994e-05,1.35603635,0.17375635,0.39224635,0.11460635,5.6349999999999994e-05,0.0084463499999999,0.00023635,2.41857635,5.6349999999999994e-05,0.18807635,5.6349999999999994e-05,0.01424635,0.11742635,1.00275635,5.6349999999999994e-05,0.00236635,0.02155635,5.6349999999999994e-05,5.6349999999999994e-05,0.0065963499999999,0.00279635,0.2813063499999999,3.70992635,5.6349999999999994e-05,0.00200635,0.08552634999999989,0.02126635,0.01902635,0.94431635,1.5808163499999999,5.6349999999999994e-05,0.055786350000000005,0.04340635,0.03299635,1.32295635,0.03551635,0.74017635,0.4852763499999999,0.58030635,1.7654463499999997,1.00928635,0.24481635,0.26277635000000005,1.8401663499999998,0.0037163499999999998,5.6349999999999994e-05,0.04305635,0.004536350000000001,0.02340635,0.02584635,0.46342634999999993,3.88629635,0.050436350000000005,0.55115635,0.01615635,0.65376635,9.85918635,0.36729634999999994,0.20324635,0.07947634999999989,5.6349999999999994e-05,5.6349999999999994e-05,0.10989634999999999,0.02629635,0.00518635,0.0348263499999999,0.26906635,5.6349999999999994e-05,5.6349999999999994e-05,0.18828635,0.29591635000000005,0.46018635,0.004706350000000001,0.15089634999999998,0.10418635,0.18561634999999999,0.09638635,0.78803635,0.18351635,0.02576635,0.021136349999999998,0.1363463499999999,0.06478634999999999,0.0006963499999998999,5.6349999999999994e-05,5.6349999999999994e-05,0.49908635,0.10892634999999999,0.02993635,0.04253635,0.01965635,0.19527635,0.02268635,0.11151634999999989,1.93969635,0.19997635,0.21304635,0.00315635,0.09271634999999989,0.5758963500000001,5.6349999999999994e-05,0.062106350000000005,0.27248635000000004,0.019266349999999998,0.043686350000000006,0.02008635,0.01856635,0.0252463499999999,5.6349999999999994e-05,0.00458635,5.6349999999999994e-05,0.27551635,0.81438635,5.6349999999999994e-05,1.6289063499999998,0.5999763499999999,3.9546063499999997,0.04894635,0.53858635,0.04324635,1.1273163499999999,0.07253635,0.50864635,0.10480634999999999,0.00132635,0.16678635,0.00938635,0.009626349999999999,0.07114635,0.018676349999999998,0.06576634999999989,0.08750635,0.05726635,0.13311635,5.6349999999999994e-05,0.01940635,0.31565635000000003,0.01796635,0.0734663499999999,0.10315635,0.04945635,0.08985635,0.013536349999999999,0.013796349999999999,0.07746634999999999,0.11552635,0.03175635,5.6349999999999994e-05,0.05071635,0.05554635,5.6349999999999994e-05,0.050936350000000005,0.0053663499999999,0.017986349999999998,0.07552634999999999,0.36290634999999993,5.6349999999999994e-05,5.6349999999999994e-05,5.6349999999999994e-05,5.6349999999999994e-05,5.6349999999999994e-05,5.6349999999999994e-05,5.6349999999999994e-05,0.0613163499999999,0.13266635,5.6349999999999994e-05,0.07890635,0.06105635,5.6349999999999994e-05,0.09275635,0.07106634999999989,0.2373963499999999,5.6349999999999994e-05,0.00695635,32.18583634999999
37082_3#9,3.465e-05,14.69643465,3.465e-05,0.44029465,0.10568464999999999,0.07785465,4.33915465,0.20081465,3.465e-05,3.46420465,0.055504649999999996,3.70935465,0.14983465,3.465e-05,3.465e-05,0.96287465,3.11019465,0.25333465,0.07411464999999999,1.3751646499999999,0.09802464999999999,3.465e-05,0.59697465,14.672804650000002,3.69190465,1.95729465,3.08825465,3.465e-05,0.98983465,3.465e-05,0.00289465,3.465e-05,0.74015465,3.465e-05,0.48136465,3.465e-05,0.15007465,0.01549465,0.02080465,3.465e-05,3.465e-05,0.0076446499999999,0.34044465,0.00947465,3.465e-05,0.07657465,0.04706465,1.83568465,3.465e-05,0.00785465,3.465e-05,3.465e-05,0.07996465,4.75626465,5.1531946500000005,1.56172465,0.78414465,3.465e-05,3.465e-05,0.20292465,0.32638465,3.465e-05,3.465e-05,3.465e-05,0.00429465,0.07508465,0.10625464999999999,0.64477465,0.10911465,3.465e-05,3.465e-05,3.465e-05,0.01630465,0.39894465,3.465e-05,3.465e-05,0.07080465,3.465e-05,3.465e-05,3.465e-05,0.00866465,0.04841465,1.69745465,0.35581465,3.465e-05,0.4605046499999999,0.01145465,3.465e-05,0.27401465,3.465e-05,0.0040446499999999,0.02775465,3.465e-05,3.465e-05,3.465e-05,0.01941465,3.0185046499999997,0.01750465,3.465e-05,0.31059465,3.465e-05,3.465e-05,0.1440446499999999,0.058894649999999896,3.465e-05,3.465e-05,3.465e-05,0.86799465,0.25046465,3.465e-05,3.465e-05,3.465e-05,0.01178465,3.465e-05,0.14447465,3.465e-05,3.465e-05,0.04985464999999999,3.465e-05,3.465e-05,3.465e-05,0.21621465,1.07288465,0.035924649999999995,0.00297465,0.08231465,0.39908465,0.93650465,0.09639465,0.63806465,0.07328464999999999,0.36857465,3.465e-05,3.465e-05,0.03382465,3.465e-05,3.465e-05,0.01576465,3.465e-05,3.465e-05,0.15134465,3.465e-05,3.465e-05,3.465e-05,3.465e-05,3.465e-05,3.465e-05,3.465e-05,3.465e-05,3.465e-05,3.465e-05,3.465e-05,0.26964465,3.465e-05,3.465e-05,3.465e-05,0.00166465,3.465e-05,3.465e-05,0.00121465,0.62901465,0.01400465,0.01812465,3.465e-05,3.465e-05,0.07738465,3.465e-05,3.465e-05,3.465e-05,3.465e-05,3.465e-05,3.465e-05,0.03854465,3.465e-05,3.465e-05,3.465e-05,3.465e-05,0.01340465,0.12089464999999999,1.29131465,3.465e-05,3.465e-05,3.465e-05,3.465e-05,3.465e-05,3.465e-05,3.465e-05,3.465e-05,3.465e-05,3.465e-05,0.09400465,0.31712465,3.465e-05,3.465e-05,3.465e-05,3.465e-05,0.00175465,3.465e-05,3.465e-05,9.067974649999977
