,Bacteroides,Bifidobacterium,Phocaeicola,Fusicatenibacter,Roseburia,Hominilimicola,Blautia,Faecalibacterium,GGB4605,Ruminococcus,Anaerostipes,Collinsella,Agathobacter,Alistipes,GGB3612,Faecalibacillus,Dorea,Simiaoa,Hominenteromicrobium,Mediterraneibacter,Waltera,Parabacteroides,Candidatus Cibionibacter,Streptococcus,Escherichia,Coprococcus,Clostridium,Agathobaculum,Anaerobutyricum,Ruthenibacterium,Anaerotignum,Phascolarctobacterium,Eubacterium,Odoribacter,Lentihominibacter,Flavonifractor,Gallintestinimicrobium,Dysosmobacter,Lachnospira,Thomasclavelia,Veillonella,Haemophilus,Intestinibacter,Enterococcus,GGB51491,Actinomyces,Prevotella,Segatella,GGB3277,GGB4585,GGB4710,GGB4266,GGB3345,Holdemanella,Catenibacterium,Sarcina,Paratractidigestivibacter,Anthropogastromicrobium,GGB4564,Oscillibacter,Oliverpabstia,GGB4644,GGB82047,Pseudoflavonifractor,Vescimonas,GGB3862,Leyella,GGB9730,GGB51647,Butyricicoccus,GGB3118,GGB58067,GGB3478,GGB4604,GGB4682,GGB9642,GGB9715,GGB1495,GGB9627,GGB3636,GGB81330,GGB9634,Ellagibacter,GGB1239,GGB4552,Romboutsia,GGB9737,GGB51431,Slackia,GGB101072,GGB99810,GGB3189,Ligilactobacillus,GGB2983,GGB143455,GGB3256,GGB4642,GGB35068,GGB4723,Senegalimassilia,GGB9712,GGB3429,GGB9760,GGB9766,GGB49409,GGB4704,GGB9603,GGB4888,GGB9370,Pilosibacter,Faecalicatena,GGB9708,Rothia,GGB9290,GGB3588,GGB13404,Eshraghiella,Parolsenella,GGB9690,GGB9758,GGB9774,GGB9790,GGB4456,GGB1247,GGB3304,GGB3730,GGB9380,GGB4672,GGB9759,GGB115571,Jutongia,Mogibacterium,GGB9590,Akkermansia,GGB34797,GGB3109,GGB4611,Brotocaccenecus,GGB4591,Methanobrevibacter,GGB3623,GGB1627,GGB3306,GGB9342,GGB4699,GGB9691,GGB9677,GGB9636,GGB9602,GGB31460,GGB143497,GGB3653,Kineothrix,GGB9707,GGB4603,GGB9699,GGB13493,GGB4578,GGB1266,GGB4684,Wujia,GGB3619,GGB9747,GGB9293,GGB3321,GGB82668,GGB9618,GGB4584,GGB2958,GGB9778,GGB9608,GGB49418,GGB49284,GGB9786,GGB34228,Butyricimonas,GGB9302,GGB74412,GGB9383,GGB4884,GGB9767,Paraprevotella,Barnesiella,GGB9502,Bilophila,Hominiventricola,Holdemania,Lawsonibacter,GGB9522,GGB4599,Phoenicibacter,GGB9420,GGB9347,Treponema,GGB9762,GGB9345,GGB9787,Hominifimenecus,GGB9189,otros
36703_3#10,32.43933,11.20012,10.17307,6.61526,5.25075,4.15566,3.92776,3.5588300000000004,3.3924199999999995,2.86484,2.33469,2.11926,1.52041,0.98661,0.85956,0.8292299999999999,0.82826,0.81906,0.65346,0.6472600000000001,0.44788,0.43081,0.3276199999999999,0.3146,0.26189,0.2596199999999999,0.25918,0.16865,0.15158,0.12563,0.10137,0.10102,0.08082,0.073,0.07289,0.03738,0.03673,0.0363,0.0233,0.01931,0.01267,0.00615,0.00456,0.00435,0.0039,0.00125,0.0009199999999999,0.0,0.0,0.0,0.0,0.0,0.0,0.0,0.0,0.0,0.0,0.0,0.0,0.0,0.0,0.0,0.0,0.0,0.0,0.0,0.0,0.0,0.0,0.0,0.0,0.0,0.0,0.0,0.0,0.0,0.0,0.0,0.0,0.0,0.0,0.0,0.0,0.0,0.0,0.0,0.0,0.0,0.0,0.0,0.0,0.0,0.0,0.0,0.0,0.0,0.0,0.0,0.0,0.0,0.0,0.0,0.0,0.0,0.0,0.0,0.0,0.0,0.0,0.0,0.0,0.0,0.0,0.0,0.0,0.0,0.0,0.0,0.0,0.0,0.0,0.0,0.0,0.0,0.0,0.0,0.0,0.0,0.0,0.0,0.0,0.0,0.0,0.0,0.0,0.0,0.0,0.0,0.0,0.0,0.0,0.0,0.0,0.0,0.0,0.0,0.0,0.0,0.0,0.0,0.0,0.0,0.0,0.0,0.0,0.0,0.0,0.0,0.0,0.0,0.0,0.0,0.0,0.0,0.0,0.0,0.0,0.0,0.0,0.0,0.0,0.0,0.0,0.0,0.0,0.0,0.0,0.0,0.0,0.0,0.0,0.0,0.0,0.0,0.0,0.0,0.0,0.0,0.0,0.0,0.0,0.0,0.0,0.0,0.0,0.0,0.0,0.0,0.0,1.4607800000000295
36703_3#12,0.0,2.08148,0.0,1.63042,2.77936,0.02314,2.39343,13.65037,0.0,11.70037,0.0,0.25045,4.57066,0.0,0.04337,0.0615299999999999,2.87555,0.16374,0.08042,1.74171,0.0,0.0,0.09199,0.38998,1.23238,2.30802,2.8544,1.13901,0.0527299999999999,0.0,0.01772,0.0,1.10833,0.0,0.0096,0.0,0.34384,0.0,0.05993,0.0,0.11157,0.15788,0.02986,0.05385,0.0,0.0,0.12434,4.06723,2.87026,2.5188200000000003,2.47851,2.1372400000000003,1.55788,1.16552,1.08249,0.64552,0.5949300000000001,0.5646899999999999,0.51981,0.47728,0.45779,0.40794,0.40119,0.3861699999999999,0.38589,0.35015,0.33799,0.3328,0.31478,0.30344,0.2927,0.27013,0.2685099999999999,0.26239,0.26066,0.23242,0.20599,0.19102,0.15885,0.14257,0.14202,0.1401099999999999,0.12795,0.1265099999999999,0.11739,0.11212,0.10435,0.10131,0.08645,0.07254,0.07161,0.06286,0.0571,0.04956,0.04672,0.03977,0.03778,0.03342,0.03326,0.0303,0.02873,0.02779,0.0246,0.02446,0.02429,0.02376,0.02335,0.0222,0.0194699999999999,0.01678,0.0157199999999999,0.0155,0.01254,0.01177,0.00759,0.0072,0.00654,0.00579,0.00542,0.00446,0.00271,0.00235,0.00095,0.0,0.0,0.0,0.0,0.0,0.0,0.0,0.0,0.0,0.0,0.0,0.0,0.0,0.0,0.0,0.0,0.0,0.0,0.0,0.0,0.0,0.0,0.0,0.0,0.0,0.0,0.0,0.0,0.0,0.0,0.0,0.0,0.0,0.0,0.0,0.0,0.0,0.0,0.0,0.0,0.0,0.0,0.0,0.0,0.0,0.0,0.0,0.0,0.0,0.0,0.0,0.0,0.0,0.0,0.0,0.0,0.0,0.0,0.0,0.0,0.0,0.0,0.0,0.0,0.0,0.0,0.0,0.0,0.0,0.0,0.0,0.0,0.0,0.0,0.0,0.0,17.297910000000037
36703_3#13,0.01499,1.26326,0.0,0.0559799999999999,3.73623,0.0,0.4637199999999999,20.11008,0.0,6.1414800000000005,0.0,0.11553,7.22302,0.0,0.12005,0.03829,0.2479199999999999,3.43522,0.0,0.3609199999999999,0.75466,0.0,0.0,0.36062,0.0072,0.99556,1.75433,0.37188,0.00902,0.0,0.0,0.47772,0.75342,0.0,0.0,0.0076599999999999,0.22559,0.07482,0.7514,0.0,0.0550299999999999,0.54142,0.05466,0.0,0.00015,0.0,1.52065,22.62537,0.0,0.0,0.0,2.99684,0.0,0.1629,0.33635,0.0,0.49354,0.08188,0.0,0.10561,0.0,0.74453,0.0,0.0,0.0,0.0,0.69124,0.16317,0.0,0.0,0.13472,0.01511,0.05657,0.06803,0.0,0.0,0.0,0.69971,0.0,0.0,0.24384,0.0,0.00514,0.34979,0.0,0.05944,0.0,0.0,0.01081,0.0,0.00483,0.0,0.0,0.0,0.1477,0.0,0.07303,0.0,0.0,0.02448,0.0,0.01219,0.03826,0.03261,0.0,0.0,0.0,0.0558899999999999,0.0,0.11399,0.03281,0.50045,0.00433,0.0,0.0,0.01704,0.0,0.01622,0.0,0.0,0.0,0.0,0.1137799999999999,1.03946,0.18392,0.17107,0.118,0.07993,0.05023,0.02648,0.02468,0.0141,0.0138,0.0,0.0,0.0,0.0,0.0,0.0,0.0,0.0,0.0,0.0,0.0,0.0,0.0,0.0,0.0,0.0,0.0,0.0,0.0,0.0,0.0,0.0,0.0,0.0,0.0,0.0,0.0,0.0,0.0,0.0,0.0,0.0,0.0,0.0,0.0,0.0,0.0,0.0,0.0,0.0,0.0,0.0,0.0,0.0,0.0,0.0,0.0,0.0,0.0,0.0,0.0,0.0,0.0,0.0,0.0,0.0,0.0,0.0,0.0,0.0,0.0,0.0,0.0,0.0,0.0,0.0,15.00365
36703_3#14,0.01129,3.93269,0.02558,0.3247,0.16471,0.08696,1.64632,0.5079600000000001,0.08947,2.75049,0.0,0.87849,0.5037,0.0,0.0,0.1245,1.12071,0.01047,0.0641299999999999,0.63855,0.0,0.0,0.0786,5.61198,0.03938,0.67956,8.49729,0.0651,0.1741,0.0,0.0,0.03475,0.017,0.0,0.02136,0.0,0.00126,0.0,0.0,0.0,0.0,0.0962399999999999,0.19712,0.0,0.0,0.24658,0.0,33.00639,0.0,0.0,0.0,0.0,0.0,3.8822,2.02621,1.88083,0.0,0.04874,0.0,0.0,0.83585,0.0,0.0,0.0,0.0,0.0,1.7153,0.6008399999999999,0.03535,0.0117,0.0,0.0,0.0019,0.0087099999999999,0.01436,0.0746,0.0,0.0039,0.0,0.0,0.0,0.0,1.02022,1.15128,0.0,2.61369,0.0,0.0,0.73619,0.0,0.0,0.0,0.81301,0.0,0.0,0.0,0.0,0.0,0.0,1.61279,0.0,0.0600799999999999,0.0,0.0,0.0,0.0,0.0,0.0,0.0,0.0,0.03411,0.0,0.1565099999999999,0.0,0.0,0.0,0.03413,0.0,0.0,0.0,0.0,0.0,0.09116,0.0,0.0,0.0,0.0,0.0,0.00232,0.00164,0.0,0.0,0.0,0.30129,0.2116199999999999,0.0598,0.04348,0.0009199999999999,0.0,0.0,0.0,0.0,0.0,0.0,0.0,0.0,0.0,0.0,0.0,0.0,0.0,0.0,0.0,0.0,0.0,0.0,0.0,0.0,0.0,0.0,0.0,0.0,0.0,0.0,0.0,0.0,0.0,0.0,0.0,0.0,0.0,0.0,0.0,0.0,0.0,0.0,0.0,0.0,0.0,0.0,0.0,0.0,0.0,0.0,0.0,0.0,0.0,0.0,0.0,0.0,0.0,0.0,0.0,0.0,0.0,0.0,0.0,0.0,0.0,18.26784000000001
36703_3#15,0.0,14.90514,0.0,0.6066,0.09425,1.44976,3.14182,0.48589,0.10213,4.45759,0.72224,1.56355,44.21785,0.0,0.0,0.44355,0.8797299999999999,0.0,0.20863,0.33402,0.0,0.0,1.38969,2.42148,0.0,0.4331399999999999,3.36345,0.0,0.1611,0.0,0.0,0.0,0.03961,0.0,0.01063,0.0,0.02298,0.0,0.00326,0.0112,0.0,0.0,0.0544399999999999,0.0,0.0012699999999999,0.04446,0.0,0.40062,0.0,0.0,0.0,0.0,0.0,0.0,0.0,0.29717,0.0,0.0024,0.0,0.0,0.45374,0.0,0.0,0.0,0.02805,0.0,0.0,4.88791,0.0,0.0,0.0,0.0,0.0,0.0,0.20828,0.0,0.06127,0.0,0.0057799999999999,0.0,0.0,0.0,0.0,0.0,0.0041,0.58985,0.0,0.0,1.54565,0.0,0.01986,0.0,0.02355,0.0,0.0,2.49404,1.49021,0.0,0.0,0.0,0.0,0.0,0.2309699999999999,0.0,0.05215,0.0,0.0,0.0,0.0,0.0,0.0,0.0,0.0946299999999999,0.0,0.04478,0.0,0.0,0.0,0.0,0.0,0.0,0.00995,0.07671,0.0,0.0,0.0,0.0,0.0,0.13448,0.0,0.0,0.0,0.0,0.0,0.0,0.0,0.0,0.0,0.41978,0.0,0.0,0.0,0.0,0.0,0.0,0.0,0.0,0.0,0.0,0.0,0.0,0.0,0.0,0.0,0.0,0.0,0.0,0.0,0.0,0.0,0.0,0.0,0.0,0.0,0.0,0.0,0.0,0.0,0.0,0.0,0.0,0.0,0.0,0.0,0.0,0.0,0.0,0.0,0.0,0.0,0.0,0.0,0.0,0.0,0.0,0.0,0.0,0.0,0.0,0.0,0.0,0.0,0.0,0.0,0.0,0.0,0.0,0.0,0.0,4.854610000000022
36703_3#16,0.02362,1.52979,0.0,0.19066,0.89946,0.0,0.30918,4.48351,0.0,8.43933,0.0,0.09879,3.35523,0.0143,0.20154,0.00326,0.18914,4.54985,0.09319,0.09175,0.62354,0.0101,0.12212,0.10496,0.00465,1.55651,0.9981,0.04887,0.08875,0.0,0.00458,0.00476,0.26466,0.0,0.01083,0.0,0.33462,0.31371,0.19537,0.0,0.1212,0.0206599999999999,0.0,0.02126,0.0,0.00511,0.18603,9.6502,0.604,0.02375,0.14413,2.43038,0.05537,0.23524,1.08037,0.0,0.0045,0.08208,0.1713599999999999,1.47584,0.0,0.28997,0.0,0.2631699999999999,0.23353,0.03318,0.24283,0.0985299999999999,1.54396,0.05685,0.04813,0.0149699999999999,0.00372,0.04147,0.71233,0.05046,1.82135,0.99674,0.08092,0.14226,0.93228,1.55391,0.0,0.08374,0.31251,0.0,0.08963,0.0027199999999999,0.0,0.0,0.01587,0.02847,0.0,0.01074,0.58922,0.0,0.18724,0.00244,0.02011,0.0,0.1164099999999999,0.01535,0.12412,0.08656,0.00031,0.0,0.25183,0.03796,0.0,0.0456,0.0,0.2818,0.10682,0.01721,0.0,0.13918,1.87439,0.02143,0.15971,0.2671699999999999,0.07274,0.06709,0.0,0.0,1.78332,0.01528,0.0115599999999999,0.02144,0.0225,0.15978,0.0,0.0,0.03472,0.0,0.0,0.0,0.0,0.1372799999999999,0.0,2.33541,1.6741700000000002,1.53611,1.2765799999999998,0.6190399999999999,0.6148399999999999,0.52451,0.46687,0.35452,0.29211,0.17977,0.15464,0.10664,0.10627,0.08902,0.06646,0.06539,0.06292,0.06238,0.05314,0.04571,0.04273,0.04033,0.03594,0.0264,0.02306,0.02197,0.02158,0.02098,0.01465,0.0138,0.01305,0.01055,0.01005,0.00775,0.00631,0.00281,0.00265,0.00041,0.0,0.0,0.0,0.0,0.0,0.0,0.0,0.0,0.0,0.0,0.0,0.0,0.0,0.0,0.0,0.0,0.0,0.0,0.0,0.0,0.0,27.153460000000027
36703_3#17,0.0,1.08837,0.0,1.75835,0.05898,0.0,6.0595,7.946569999999999,0.01681,1.65044,0.05977,2.32658,0.02196,0.0,0.0,0.9824,2.76063,0.0,0.0593,0.2044,0.0,0.0,0.0,17.65514,0.08564,0.61828,5.86953,0.8297,1.27975,0.0,0.0,0.0,0.2019999999999999,0.0083299999999999,0.00057,0.0,0.02524,0.0,0.19313,0.0,0.19346,3.18919,0.16378,10.3386,0.00904,0.0,0.00197,4.66546,0.0,0.53049,0.0,0.0,0.06404,13.03427,0.0,0.0,0.0,0.5919300000000001,0.0,0.03876,0.10711,0.02351,0.0,0.0,0.18803,0.0,0.0,0.19848,0.7612899999999999,0.0,0.0278,0.07177,0.0,0.11482,0.0,0.1499599999999999,0.4259199999999999,0.0,0.19129,0.0,0.0,0.00847,0.0,0.0,0.26324,1.00957,0.0,0.0,0.09278,0.0,0.0308899999999999,0.0,0.0,0.0,0.0,0.04942,0.1751599999999999,0.0,0.0,0.19125,0.0,0.0,0.12917,0.0,0.00321,0.0,0.0,0.2233699999999999,0.08488,0.0,0.00887,0.0,0.18988,0.0,0.04903,0.0,0.0,0.0,0.0,0.0,0.0,0.00235,0.15674,0.0,0.0,0.0,0.0,0.0,0.0570899999999999,0.0,0.0,0.0,0.0,0.0,0.0,0.0,0.0,0.0,0.08845,0.0,0.0,0.0,0.0,0.0,0.0,0.0,0.0,0.0,0.0,0.0,0.0,0.0,0.0,0.0,0.00712,0.07511,0.0,0.0,0.0,0.0,0.00552,0.0,0.0,0.0,0.0,0.0,0.0,0.0,0.0,0.0,0.0,0.0,0.0,0.0,0.0,0.0,0.0,0.0,0.0,0.0,0.0,0.0,0.0,0.0,0.0,0.0,0.0,0.0,0.0,0.0,0.0,0.0,0.0,0.0,0.0,0.0,0.0,0.0,0.0,10.256090000000011
36703_3#18,0.02509,6.47919,0.0,0.1300599999999999,0.62912,0.0,1.00155,35.75042,0.0227199999999999,2.10409,0.0,2.2601400000000003,0.4849199999999999,0.0,0.0,0.01406,2.66954,0.00146,0.00587,2.98369,0.0,0.0,0.80628,4.37784,1.30987,0.53442,0.8769,0.09354,0.0673,0.0,0.03305,0.0,0.00041,0.0,0.2463199999999999,0.0,0.09796,0.0,0.0,0.0,0.02319,1.7792400000000002,0.31488,0.0,0.0,0.38869,0.1136799999999999,2.0586900000000004,0.97285,0.16967,0.0,0.31225,0.0,7.129,3.5014300000000005,0.0,1.16205,0.08375,0.0,0.02785,0.33479,0.0,0.12962,0.03591,0.21821,0.0,0.23503,0.40771,0.54871,0.0,0.50148,0.0072,0.0,0.0,0.0,0.06506,0.50024,0.0,0.00616,0.0,0.04238,0.18204,0.37823,0.04444,0.0,2.11639,0.05326,0.0,0.15441,0.0,0.0,0.0,0.23979,0.0,0.0,0.06912,0.61485,0.0,0.0,0.0807799999999999,0.03549,0.0035,0.4457399999999999,0.05098,0.0,0.0,0.0,0.23751,0.02134,0.0,0.0,0.0,0.77198,0.0,0.0,0.0,0.0,0.45397,0.00143,0.01469,0.10676,0.12847,0.01876,0.0,0.0,0.00663,0.0,0.0,0.1240599999999999,0.0,0.0,0.12567,0.0,0.0,0.00787,0.0,0.0,0.0,0.0,0.0,0.0,0.01274,0.0,0.0,0.0,0.0,0.0,0.0,0.0,0.0,0.0,0.0,0.0,0.00049,0.0,0.0,0.0,0.06682,0.0962,0.0,0.0,0.0,0.0,0.0,0.0,0.0,0.0,0.0,0.0,0.0,0.0,0.0,0.0,0.01269,0.0,0.0,0.0,0.0,0.4999699999999999,0.22225,0.02513,0.0,0.0,0.0,0.0,0.0,0.0,0.0,0.0,0.0,0.0,0.0,0.0,0.0,0.0,0.0,0.0,0.0,0.0,8.500020000000042
36703_3#19,0.00577,12.16547,0.02426,0.87529,1.14601,0.04075,3.27096,1.61802,0.0,1.85241,0.14957,0.0,0.94572,0.0,0.0,0.4645899999999999,8.260819999999999,0.23658,0.0,0.54092,0.0,0.0,6.13638,8.40756,0.35381,0.42927,1.47619,0.00215,1.28415,0.0,0.0,0.04793,0.0618,0.0,0.68828,0.0,0.01184,0.01272,0.0,0.0,0.0,0.08163,0.0007099999999999,15.27739,0.00086,0.04917,0.0,1.68585,0.0,0.0,0.00675,0.0,0.03854,0.0,0.0,0.97997,0.0,0.0,0.0,0.00316,0.00514,0.1440799999999999,0.0,0.0,0.0,0.0,0.0,11.37734,0.0,0.0,0.0,0.0,0.0,0.1028099999999999,0.0,0.0284,0.15888,0.0,0.0,0.0,0.0,0.0,0.0,0.0,0.09754,0.15358,0.0,0.02048,1.58355,0.0,0.00037,0.0,0.6130800000000001,0.0,0.0,3.8708,0.0,0.00158,0.03243,0.03243,0.0,0.0,0.01725,0.0,0.0,0.0,0.0,0.0,0.6481399999999999,0.0,0.26434,0.0,0.01843,0.0,0.12961,0.0,0.0,0.0,0.0,0.00277,0.0,0.22823,0.02841,0.0,0.0,0.0,0.0,0.0,0.02323,0.0,0.0,0.02338,0.0,0.0,0.05372,0.0,0.0,0.0,0.0,0.0,0.0,0.0,0.0,0.0,0.0,0.0,0.0,0.0,0.0,0.0,0.0,0.03471,0.01545,0.0,0.0,0.0,0.0,0.0,0.01008,0.3529199999999999,0.05025,0.0,0.0,0.0,0.0,0.0,0.0,0.0,0.0,0.0,0.0,0.0,0.0,0.0,0.0,0.0,0.0,0.0,0.0,0.0,0.0,0.0,0.0,0.0,0.0,0.0,0.0,0.0,0.0,0.0,0.0,0.0,0.0,0.0,0.0,0.0,0.0,0.0,0.0,11.243339999999971
36703_3#1,5.2695,0.0,5.29705,1.14165,5.99244,0.41767,0.89997,15.33335,0.0,1.22854,0.51645,0.41863,12.22228,1.97365,0.30401,0.3393,1.3484200000000002,0.04772,0.11902,2.81277,1.86601,0.91127,0.05602,0.01017,0.0,11.04408,1.09439,0.37998,0.0155,0.16624,0.98475,2.22441,3.47557,0.13323,0.15609,0.09543,0.1526,0.31988,2.46271,0.1647799999999999,0.0,0.0,0.0,0.0,0.0067,0.0,0.0,0.0,0.0,0.0,0.0,0.0,0.0,0.0,0.0,0.0,0.0,0.73275,0.0,2.89972,1.0378,0.0,0.0,0.15156,0.1416,0.0,2.94896,0.21675,0.0,0.0,0.0,0.0377,0.0,0.0,0.0,0.0,0.52053,0.0,0.93808,0.0,0.02584,0.55423,0.0,0.0,0.0,0.02963,0.04676,0.0,0.0,0.0,0.0,0.0,0.0,0.0,0.0,0.0,0.0,0.0002299999999999,0.0,0.0,0.0,0.0,0.08079,0.0,0.02274,0.0,0.05765,0.0,0.0,0.0,0.0,0.0624399999999999,0.0,0.0,0.0,0.0,0.0,0.0,0.0,0.0,0.0,0.0,0.0,0.0,0.18432,0.0,0.0,0.0,0.03763,0.10504,0.0,0.0,0.0,1.18557,0.0,0.0913,0.0,0.0,0.0,0.0,0.0,0.0,0.0,0.0,0.0,0.0,0.0,0.0,0.0487,0.0,0.0,0.00082,0.0,0.20814,0.0,0.1236299999999999,0.0,0.0,0.0,0.0,0.0,0.0,0.0,0.0,0.04877,0.0,0.03076,0.0,0.0,0.0,0.0,0.0,0.0,0.0,0.0029,0.01958,0.0,1.33976,0.0,0.0,0.0,0.68787,0.1908099999999999,0.06994,0.05186,0.0401399999999999,0.01932,0.00627,0.0021,0.0,0.0,0.0,0.0,0.0,0.0,0.0,0.0,0.0,0.0,3.5967799999999843
36703_3#21,0.0,2.51677,0.0,0.02607,0.3105699999999999,0.02966,0.7824800000000001,1.0826,0.00421,1.58149,0.00993,0.66762,0.78109,0.0,0.0,0.0,0.21384,0.01584,0.10279,0.08353,0.2082,0.0,0.87354,0.0151,0.00428,0.26718,0.46141,0.07807,0.1673,0.0,0.00655,0.12382,2.2257,0.0,0.04925,0.0,0.03175,0.3695699999999999,0.40909,0.0,0.0,0.0,0.03193,0.0,0.02855,0.0,0.0,1.38981,0.0,0.10704,0.0,0.0,0.00501,0.4036599999999999,0.48095,0.00546,0.00839,0.32422,0.0,1.03009,0.01299,0.03245,0.0,0.19975,0.12779,0.0,0.0,0.1201599999999999,0.0,0.0,0.01086,0.00866,0.0,0.0235699999999999,0.0,0.16168,1.4906,0.01879,0.04063,0.00952,0.0469399999999999,10.07344,0.1799599999999999,0.07995,0.03346,0.01842,0.04911,0.0,0.03736,0.00166,0.00716,0.45342,0.04388,0.0,0.02861,0.01816,0.72025,0.00015,0.01174,0.02335,0.63485,0.0,0.46052,0.0588299999999999,0.02423,0.0,0.01558,0.02531,0.00686,0.0,0.01388,0.6088100000000001,0.00921,0.0,0.0,0.00281,0.03,0.17635,0.0797399999999999,0.06828,0.04361,0.03746,0.05672,0.0,1.6177700000000002,0.00316,0.11888,0.07898,0.0226099999999999,0.00863,0.00997,0.0793799999999999,0.00091,0.0,0.0052899999999999,0.0,0.0,0.29875,0.0,7.631469999999999,0.7968,12.5461,1.68597,2.56035,0.12067,0.99723,0.31061,0.08748,0.0556399999999999,0.0,0.10735,0.03381,0.07213,0.02997,0.0,0.09144,0.18349,0.0007099999999999,0.0,0.0,0.0,0.05121,0.0,0.00162,0.06333,0.07744,0.17712,0.0043,0.7500399999999999,0.03961,0.29395,0.04035,0.0125,0.01127,0.00735,0.0,0.07044,0.0,0.02471,0.0045,0.49759,0.0,0.0,0.0,0.0,0.0,0.0,0.0,0.0551899999999999,0.12415,0.06621,0.036,1.79277,0.99428,0.35036,0.05123,0.04688,0.00566,0.0025399999999999,31.039919999999988
36703_3#22,0.0,4.46701,0.0,0.90666,2.98684,0.05168,1.74623,2.8466400000000003,0.0,6.09617,0.02343,0.91825,1.26152,0.0,0.09857,0.04117,1.4828,0.30595,0.17755,1.60968,1.18953,0.0,0.7349,2.22481,0.00639,0.28345,1.12805,0.10082,0.24933,0.0,0.0074,0.11934,2.45085,0.0,0.0634,0.0,0.07368,0.04973,1.43688,0.0,0.16865,0.01425,0.01539,0.0,0.06624,0.0,0.21991,8.53805,0.0,0.09771,0.12916,0.61247,0.0,3.84473,6.09201,0.0158,0.07334,0.39959,0.0,0.56383,0.0006,1.7697200000000002,0.15037,0.04498,0.33324,0.0,0.2619599999999999,1.26872,0.0,0.0,0.02244,0.09833,0.03398,0.30608,0.0,0.0521299999999999,0.24258,0.244,0.00296,0.04334,0.25523,0.35184,0.20139,0.0617399999999999,0.31856,0.0,0.02244,0.0,0.1166099999999999,0.02733,0.0135199999999999,0.0,0.23553,0.0,0.07445,0.0,0.8938200000000001,0.01695,0.09972,0.15627,0.05295,0.09994,0.1971099999999999,0.0574299999999999,0.10869,0.02226,0.19424,0.09352,0.0009199999999999,0.0066599999999999,0.00181,0.25096,0.03556,0.00748,0.02309,0.00692,0.16514,1.01905,0.17023,0.0258699999999999,0.12637,0.10652,0.07464,0.2144199999999999,0.12786,0.0,0.1570599999999999,0.13026,0.06786,0.0,0.0072299999999999,0.02804,0.0,0.0,0.0314399999999999,0.0,0.0,0.023,0.0,6.02949,0.04103,0.38128,0.14919,0.0,0.0,0.06036,0.12769,0.00439,0.00172,0.0057799999999999,0.00561,0.0273899999999999,0.08705,0.0,0.0,0.0,0.0,0.7038,0.31299,0.34389,0.01398,0.1708299999999999,0.01225,0.00183,0.07327,0.01455,0.0135699999999999,0.03832,0.0,0.06448,0.09409,0.01223,0.01983,0.03293,0.0,0.0,0.00703,0.0,0.1227099999999999,0.0,0.00059,0.0,0.0,0.0,0.0,0.0,0.0,0.0,0.00121,1.28078,0.04663,0.06747,0.0,0.0,0.06541,0.06712,0.0177699999999999,0.0,0.0,22.134259999999983
36703_3#23,0.0,0.0036899999999999,0.0,3.26637,0.2452,0.12752,11.14497,0.0823899999999999,0.13507,3.24919,1.1434799999999998,0.5676899999999999,0.94449,0.0,0.0,2.29022,1.26777,0.0,0.00047,0.33702,0.0,0.0,0.96341,0.59006,0.1181599999999999,0.3264,0.80691,0.0133699999999999,0.33044,0.0,0.0,0.0,0.03932,0.0,0.0,0.0,0.08714,0.0,0.04087,0.36537,0.0,0.0,0.0,19.57108,0.0,0.03283,0.0,0.0,0.0,0.0,0.0,0.0,0.0,16.33149,0.1163,1.39589,0.48966,0.21204,0.00616,0.0,0.01236,0.0,0.0,0.0098,0.00948,0.0,0.0,7.64123,0.0,0.25321,0.0,0.0,0.0,0.09635,0.0,0.0,0.0,0.0,0.0,0.0,0.0,0.0,1.05746,0.0,0.02201,0.0,0.0,0.0,0.07821,0.0,0.04535,0.0,0.0,0.0,0.00077,0.0,0.21173,0.02205,0.00261,0.15248,0.0,0.00099,0.0733299999999999,0.00928,0.0268699999999999,0.40771,0.0,0.0,0.0,0.0,0.01183,0.0,0.0541899999999999,0.0,0.06559,0.0,0.0,0.0,0.0,0.12294,0.0,0.01395,0.0,0.0,0.0,0.0,0.0,0.0,0.0430399999999999,5.3236,0.00086,0.0,0.0,0.18416,0.0,0.0,0.0,0.0,0.0,0.0,0.0,0.0,0.0,0.0,0.0,0.0,0.0,0.0,0.0,0.0,0.0,0.0,0.0,0.0,0.0,0.0,0.0,0.0,0.0,0.0,0.0,0.0,0.0,0.0,0.0,0.0,0.0,0.0,0.0,0.0,0.0,0.0,0.0,0.0,0.0,0.0,0.0,0.0,0.0,0.0,0.0,0.0,0.0,0.0,0.0,0.0,0.0,0.0,0.0,1.62622,0.0,0.0,0.0,0.0,0.0,0.0,0.01011,0.0,0.0,15.767790000000003
36703_3#24,0.0,0.0,0.0,5.43157,0.0621,0.0,2.03061,0.4815399999999999,0.0,1.18106,0.001,0.18513,0.03582,0.0,0.00789,0.91925,0.88751,0.0,0.10246,1.5285,0.0,0.0,0.1201,62.00748000000001,3.28745,0.00165,6.677569999999999,0.0254199999999999,0.16719,0.0,0.0,0.01681,0.16675,0.0,0.0150199999999999,0.0,0.00195,0.0,0.0274899999999999,0.0,0.00245,0.68035,0.0,0.97678,0.0,0.2166199999999999,0.0,0.55265,0.0,0.23235,0.0,0.00314,0.00237,3.84881,0.41523,0.02339,0.25509,0.30664,0.0,0.0,0.2046,0.0,0.0,0.00026,0.01504,0.14789,0.2387699999999999,0.46088,0.0,0.01144,0.00745,0.03324,0.02822,0.04101,0.0,0.0,0.0,0.0,0.0052299999999999,0.0,0.00151,0.0,0.13346,0.00988,0.0,0.04983,0.0,0.02742,0.02723,0.0,0.00025,0.0,0.0,0.0,0.0,0.01102,0.0018,0.0,0.02805,0.01244,0.0,0.02003,0.0401,0.0,0.00549,0.1134299999999999,0.0,0.40936,0.06391,0.0,0.0,0.0,0.0,0.0,0.0602799999999999,0.0,0.0,0.02228,0.0,0.0,0.0,0.00403,0.0,0.0113,0.0,0.0268,0.0,0.02666,0.01964,0.0,0.0,0.07465,0.0,0.0,0.0,0.0,0.0,0.0,0.0,0.01166,0.0,0.0,0.0,0.0,0.0,0.0,0.0,0.0,0.0,0.0,0.0,0.0,0.0,0.0,0.01025,0.0,0.0,0.0,0.0,0.0,0.0,0.0,0.0,0.0,0.0,0.0,0.0,0.08146,0.0,0.0,0.0,0.0,0.0,0.0,0.0,0.0,0.0,0.0,0.0,0.1776299999999999,0.0,0.0,0.0,0.0,0.0,0.0,0.0,0.0,0.0,0.0,0.092,0.0111799999999999,0.0,0.0,0.0,0.0,0.0,0.0,0.0,4.335749999999962
36703_3#25,0.0,1.98353,0.0,1.83999,5.95603,0.0,0.95052,5.23074,0.0,0.39933,0.02053,1.3057,1.04291,0.0,0.0474,0.04282,2.95262,0.00397,0.0292899999999999,0.80791,0.0006799999999999,0.0,0.05986,24.85491,20.606820000000003,0.2463699999999999,0.68724,0.37211,0.08703,0.0,0.0,0.0222,0.05068,0.0,0.0,0.0,0.05286,0.0,0.81029,0.0,0.40676,3.4779400000000003,0.0,0.0,0.0,0.0,0.02313,7.664680000000001,0.0,0.22864,0.0,0.53663,0.0,4.75091,4.90386,0.0,0.1147,0.04081,0.0,0.0713,0.0705,0.0,0.08216,0.0,0.0,0.05114,0.15018,0.03839,0.0216,0.0,0.72512,0.0358,0.0,0.01999,0.0,0.00178,0.0,0.0,0.0,0.05805,0.0,0.0,0.06075,0.05646,0.01683,0.0,0.0,0.0077599999999999,0.14548,0.0,0.0,0.0,0.0,0.00082,0.0,0.02003,0.0,0.0,0.0,0.0321899999999999,0.0,0.0,0.0,0.0,0.0,0.0,0.0,0.04024,0.0,0.0198,0.0,0.0,0.03701,0.0,0.00704,0.0,0.0,0.02282,0.0,0.0,0.0,0.0,0.0,0.17704,0.00657,0.0845799999999999,0.2409599999999999,0.03703,0.0,0.10543,0.0,0.0310899999999999,0.0,0.0,0.0,0.0,0.0,0.0,0.0,0.00705,0.0,0.0,0.0,0.0,0.0,0.0,0.0,0.0,0.0,0.0,0.0,0.0,0.0,0.0,0.0,0.0,0.0,0.0,0.0,0.0,0.0,0.0,0.0,0.0,0.0,0.0,0.0,0.0,0.0,0.0,0.0,0.0,0.0,0.0,0.0,0.0,0.0,0.0,0.02099,0.0,0.0,0.0,0.0,0.0,0.0,0.0,0.0,0.0,0.0,0.0,0.0,0.0,0.0,0.0,0.0,0.0,0.0,0.0,0.0,4.883619999999968
36703_3#26,0.0,0.21122,0.0,1.17105,3.4665,0.0,0.70077,9.3241,0.0,1.22429,0.00397,0.96991,5.15064,0.0,0.05339,0.27279,0.94392,5.46397,0.0722299999999999,0.32754,1.15139,0.0,0.16328,0.5119199999999999,0.76371,11.95685,1.43351,0.0529,0.02323,0.0,0.01905,0.01875,0.09471,0.0,0.24616,0.0,0.04323,0.02891,0.0,0.0,0.00695,0.02962,0.01546,0.00035,0.0,0.0,0.8335100000000001,21.94412,0.0,0.0,0.0,0.0672,0.08635,1.6041,4.24097,0.0,0.3615,0.0,0.0,0.51484,0.0506,0.0,0.0,0.04297,0.09522,0.70081,0.24134,0.34602,0.24024,0.0,0.0255099999999999,0.0,0.02933,0.0,0.0,0.04649,0.43123,0.3170199999999999,0.04383,0.19605,0.04825,0.67883,0.23317,1.14991,0.0,0.08688,0.00914,0.0,0.06012,0.0,0.0,0.0,0.01085,0.07354,0.02611,0.31887,0.0,0.01468,0.0,0.02651,0.1114599999999999,0.0877299999999999,0.17023,0.05631,0.01043,0.0,0.06606,0.07726,0.01674,0.0,0.0,0.0,0.0,0.00443,0.00237,0.00047,0.08096,0.05703,0.0,0.05155,0.0,0.03437,0.02686,0.1193299999999999,0.19525,0.13224,0.0181,0.19201,0.0864,0.0,0.07246,0.26882,0.0372,0.0,0.0,0.0,0.0,0.0,0.0,0.0,0.0,0.54552,0.0,0.0,0.0,0.0,0.0,0.0,0.0,0.0,0.0031899999999999,0.0,0.3295,0.0016,0.0,0.02578,0.0,0.0,0.0,0.0,0.4394699999999999,0.06327,0.0578299999999999,0.0408399999999999,0.1148,0.0,0.01596,0.0,0.01036,0.0,0.0,0.09211,0.0,0.0,0.0,0.0,0.0,0.0,0.06723,0.00206,0.0141599999999999,0.0,0.0,0.0,0.0,0.0,0.0,0.0,0.01448,0.0,0.0,0.09245,0.0,0.0,0.0,0.0,0.02395,0.0,0.0,14.956989999999974
36703_3#27,0.0,2.71278,0.0,0.08564,0.06915,0.0,0.49435,6.82383,0.0,3.94724,0.01958,1.49163,0.56487,0.0,0.0,0.0,1.34663,0.01565,0.09834,1.26338,0.0444899999999999,0.0,0.1456,0.16295,0.0017699999999999,2.3383,0.56319,0.04078,0.22682,0.0,0.0,0.032,0.23355,0.0,0.02501,0.0,0.0467,0.04328,0.0,0.0,0.04895,0.45276,0.0,0.0573399999999999,0.0,0.0,0.44288,8.08531,4.0325,0.05082,0.0,0.7478899999999999,0.0,2.31744,2.46013,0.00784,0.14353,0.16218,0.0,0.3523199999999999,0.23848,0.0,2.855,0.05338,0.18523,1.67855,0.4554,0.03693,10.89284,0.0,0.0043,0.04319,0.01755,0.021,0.5492199999999999,0.29089,0.26185,0.14194,0.0,0.0,0.00437,1.32978,0.0849299999999999,0.19857,0.0556799999999999,0.2591199999999999,0.03617,0.0237,0.03719,0.0062,0.01083,0.0,0.0,0.00694,0.05364,0.06775,0.22157,0.0,0.0,0.03191,0.11777,0.0,0.06229,0.10304,0.00396,0.00885,0.0,0.0,0.00515,0.0,0.0,0.13384,0.0,0.0,0.02038,0.0,1.95029,0.01195,0.0011,1.89269,0.15689,0.1156099999999999,0.0,0.31206,0.15723,0.0099099999999999,0.02324,0.09764,0.01927,0.02215,0.0,0.02806,0.0,0.0,0.0,0.0,0.0,0.0016,0.0,8.73223,0.0,3.71298,0.51046,0.38077,0.0,0.0257899999999999,0.10145,0.08361,0.00579,0.0,0.01077,0.0,0.0,0.00481,0.0,0.00979,0.02854,0.0,0.10786,0.07629,0.0,0.0171599999999999,0.02097,0.01464,0.0,0.0118599999999999,0.03823,0.01037,0.03307,0.0834,0.0,0.05481,0.0,0.0270399999999999,0.00079,0.0,0.12933,0.0,0.02189,0.0,0.14601,0.0,0.0,0.0,0.0,0.0,0.0,0.0,0.02126,0.0,0.0,0.0026899999999999,0.0,0.34335,0.19418,0.0122099999999999,0.0182,0.01027,0.00107,17.387590000000017
36703_3#28,0.0,1.50032,0.0,0.4741,4.81513,0.0,1.18439,13.71971,0.03082,1.17256,0.0,1.43065,3.01337,0.00031,0.00324,0.2223099999999999,0.71986,0.32735,0.03095,1.54871,0.10317,0.00937,0.14589,19.44069,0.2883199999999999,0.90789,0.31039,0.05584,0.19279,0.0,0.06246,0.0,0.2352199999999999,0.0,0.07536,0.0,0.17892,0.05082,0.0,0.0,0.35606,2.84479,0.02924,0.34024,0.0,0.0169,0.02353,5.8413,0.07624,0.0,0.0,2.64074,0.0,2.02166,5.11659,0.0,1.03425,0.07981,0.0,0.90384,0.00946,0.03451,1.04594,0.03367,0.51488,1.98039,0.19211,0.09941,0.12513,0.03113,0.09392,0.02415,0.0016,0.7760699999999999,0.0,0.2480699999999999,0.05537,0.08939,0.00672,0.00155,0.07702,0.34694,0.40589,0.22828,0.38608,0.0,0.00932,0.0,0.10294,0.0,0.00256,0.1194,3.99033,0.0,0.02369,0.0,0.01411,0.00873,0.01649,0.14868,0.05458,0.02693,0.1150099999999999,0.10775,0.02449,0.0,0.01354,0.17153,0.0,0.0,0.0,0.06514,2.87899,0.00361,0.08126,0.00521,0.05111,0.1995,0.00894,0.04831,0.0003399999999999,0.08734,0.0298699999999999,0.04453,0.0,0.0,0.4825399999999999,0.09863,0.02528,0.0,0.0,0.0147,0.0,0.0,0.0,0.0,0.02996,0.0,0.0,0.08714,0.0,0.72288,0.0,0.0,0.0,0.0,0.0,0.0,0.0,0.03888,0.0,0.0,0.0,0.02522,0.0,0.0,0.0,0.0,0.8808,0.0,0.01344,0.00581,0.0,0.0,0.0,0.09365,0.0,0.0,0.0,0.0,0.0,0.0,0.04942,0.0,0.0,0.0,0.0,0.0,0.05244,0.35078,0.00181,0.0,0.0,0.0,0.0,0.0,0.0,0.0,0.0,0.0,0.16848,0.0,0.0,1.18374,0.0,0.0,0.0,0.0,0.0,6.8363899999999695
36703_3#29,0.0,0.0,0.0,0.24389,0.5837,0.0,0.17353,15.41395,0.0,0.90909,0.0,0.37636,0.3583,0.0,0.01175,0.04396,0.66468,0.03803,0.02634,0.57075,0.1408,0.0,0.16877,2.5329200000000003,0.3511599999999999,0.08713,11.02676,0.22498,0.02087,0.0,0.0042899999999999,1.65281,1.50191,0.0,0.00137,0.0,1.45507,0.0,0.18236,0.0,1.07209,4.74948,0.8042100000000001,0.0,0.0,0.0,0.66308,15.71809,0.90454,0.74593,0.0,0.43371,0.00448,1.17896,0.46086,0.0087099999999999,0.01371,0.0124599999999999,0.0,0.31262,0.01985,0.3558199999999999,0.01736,0.04348,0.0,0.26439,1.49651,0.13449,0.0066599999999999,0.00364,0.03526,0.00258,0.0,0.2672,0.0,0.2412699999999999,0.0,0.02461,0.0,0.08684,0.14531,0.23012,0.0554299999999999,0.53236,0.0512899999999999,0.7599,0.0,0.0,0.0208,0.0,0.0,0.0042,0.0,0.0,0.42003,0.07309,0.03848,0.0,0.0,0.01298,0.01833,0.00282,0.05702,0.01178,0.0,0.0,0.05132,0.0,0.0,0.0,0.03713,0.18644,0.02004,0.0,0.0,0.0,0.0,0.0,0.00952,0.05457,0.0,0.00389,0.10415,0.3890099999999999,0.0362899999999999,0.03023,0.0,0.13842,0.00407,0.0,0.0,0.0,0.0,0.0,0.0,0.0,0.0,0.0,0.0,0.35115,0.00278,0.13805,0.0,0.0,0.0,0.0,0.0,0.04575,0.00728,0.0,0.0,0.0,0.37083,0.0040799999999999,0.0,0.0,0.0,0.0,0.96337,0.0,0.0,0.03402,0.0,0.0,0.0,0.0,0.0,0.0,0.0,0.0,0.0,0.0,0.0,0.0,0.0,0.0,0.0,0.0,0.0,1.09487,0.0,0.0,0.0,0.0,0.0,0.0,0.0,0.0,0.0,0.0,0.0,0.0,0.01904,0.54681,0.00468,0.03431,0.0,0.0,0.0,24.035540000000054
36703_3#2,2.34627,0.70057,13.02362,0.3076,3.62704,0.46724,0.97737,22.02349,0.0,0.4581399999999999,0.1341099999999999,0.51515,2.2492400000000004,0.10239,0.0,0.22334,0.1582299999999999,0.0,0.0369699999999999,0.36564,0.0,0.13775,0.0142199999999999,0.0781299999999999,1.0587,1.93436,4.36359,0.1205799999999999,0.00598,0.05816,0.0290399999999999,0.3776199999999999,0.04069,0.0,0.0,0.01315,0.02049,0.03415,5.65797,0.0,0.01032,0.0117299999999999,0.0,0.0,0.0,0.0,0.0,27.96412,0.0,0.0,0.0,0.0,0.0,0.0,0.0,0.0,0.0,0.00355,0.0,0.0,0.0,0.0,0.0,0.0,0.3375599999999999,0.0,0.0,0.1035,0.0,0.0,0.0,0.0,0.0,0.0,0.0,0.0,0.0,0.0,0.0,0.0,0.0,0.0,0.0,0.0,0.0,0.0,0.0,0.0,0.0,0.0,0.0,0.0,0.0,0.0,0.0,4.1586300000000005,0.0,0.0,0.0,0.0,0.0,0.0,0.0,0.0,0.0,0.0,0.0,0.0,0.0,0.44227,0.10032,0.0,0.0,0.0,0.0,0.0,0.0,0.0,0.0,0.0,0.0,0.0,0.0,0.0,0.0,0.0,0.0,0.0,0.0,0.0,0.0,0.0,0.0,0.0,0.0,0.03702,0.0,0.0,0.0,0.0,0.0,0.0,0.0,0.0,0.0,0.0,0.0,0.0,0.0,0.0,0.0,0.0,0.0,0.0,0.0,0.0,0.0,0.0,0.0,0.0,0.0,0.0,0.0,0.0,0.0,0.0,0.0,0.0,0.0,0.0,0.0,0.0,0.0,0.0,0.0,0.0,0.0,0.0,0.0,0.0,0.0,0.0,0.01585,0.0,0.0,0.0747,0.0,0.04623,0.0,0.0,0.0,0.0,0.0,0.0,0.0,0.0,0.0,0.0,0.0,5.033209999999993
36703_3#30,0.12728,0.02538,0.0,0.04126,1.03527,0.12687,0.40287,2.24846,0.00987,1.51526,0.0,0.30003,0.9256,0.00155,0.01345,0.0,0.32345,0.42688,0.04913,0.25606,0.0532299999999999,0.00147,0.23454,0.15775,1.37221,0.36244,0.8656200000000001,0.14065,0.0272199999999999,0.0,0.0,0.0,4.1983,0.0,0.11699,0.0,0.0,0.06899,0.11118,0.0,0.0,0.04029,0.0402,0.0,0.0145099999999999,0.0,0.24628,21.07267,0.10549,0.15963,0.04204,0.09629,0.01384,0.46637,0.63395,0.0,0.12982,0.02095,0.0,0.57189,0.01661,0.69411,4.08638,0.08587,0.0744799999999999,1.06916,0.0181,0.43678,0.01703,0.0028,0.0,0.016,0.07284,0.05461,0.0,0.13997,5.79886,0.44215,0.0203099999999999,0.27804,0.06216,2.0106900000000003,0.15747,0.4204699999999999,0.27868,0.0,0.0,0.01911,0.02502,0.02199,0.0149699999999999,0.5364,0.00469,0.0,0.00421,0.2097699999999999,0.66247,0.00659,0.00944,0.07758,0.033,0.0188,0.2171,0.06253,0.01894,0.0,0.21731,0.0043799999999999,0.0040799999999999,0.0,0.0,0.66328,0.0,0.08731,0.0,0.02384,0.25179,0.09257,0.01858,0.56731,0.0,0.07875,0.01026,0.0,1.45366,0.05717,0.15896,0.12272,0.0064099999999999,0.0,0.00405,0.12025,0.01749,0.0,0.02423,0.0,0.0,0.09548,0.00256,1.6425,0.0200599999999999,0.0,0.484,0.0726,0.0,0.03285,0.0,0.2292,0.0,0.02216,0.00732,0.20715,0.12145,0.02282,0.0098599999999999,0.0,0.19448,1.70376,0.0,0.01806,0.34471,0.00091,0.0074,0.00181,0.19342,0.01334,0.01996,0.0,0.0,0.0,0.02148,0.02071,0.01275,0.01856,0.0,0.0,0.01652,0.03033,0.01219,0.0,0.07858,0.0,0.0,0.0,0.0,0.0,0.0,0.0,0.04571,0.0,0.01,0.0,0.0,0.0,0.05347,0.0135699999999999,0.0,0.0,0.0,32.82420999999995
36703_3#31,0.0,1.4109,0.0,0.15324,0.20252,0.15259,1.68828,0.2928199999999999,0.05141,3.25852,0.0,0.80752,0.01863,0.0,0.0,0.1050099999999999,1.04488,0.00935,0.0890799999999999,0.79296,0.0,0.0,0.14904,68.92690999999999,0.10195,0.06255,0.43153,0.00947,0.14379,0.0,0.0,0.0,0.03859,0.0,0.0,0.0,0.0,0.0,0.0,0.0,0.0,0.04072,0.0,0.01952,0.0,0.08978,0.0,0.24313,0.0,0.02178,0.0,0.01184,0.0,2.88619,2.86202,0.28815,2.23783,0.00064,0.13855,0.00724,0.02195,0.01662,0.0,0.0015199999999999,0.0,1.76093,0.0127599999999999,0.76565,0.0705399999999999,0.0,0.0,0.00725,0.0,0.10614,0.0,0.01729,0.0,0.0,0.04695,0.0,0.05865,0.0,0.52956,0.00779,0.00263,0.03293,0.0050799999999999,0.0,0.05633,0.0,0.04613,0.0,0.6015699999999999,0.0,0.0,0.0,0.08961,0.0,0.0,0.05285,0.0,0.05815,0.03236,0.0,0.03419,0.032,0.0,0.1353599999999999,0.11017,0.0,0.0,0.0,0.1068099999999999,0.0,0.04103,0.0,0.05802,0.42233,0.0,0.0,0.0,0.02045,0.0,0.0,0.0,0.27404,0.0712899999999999,0.42818,0.0313899999999999,0.0,0.0,0.08236,0.0,0.00317,0.03954,0.0,0.0,0.0,0.0,0.0,0.0,0.0,0.0,0.0,0.0,0.0,0.0,0.0,0.0,0.0,0.0,0.0,0.00882,0.0,0.0,0.0,0.0,0.0,0.0,0.0228,0.0,0.0,0.0,0.0,0.0,0.07341,0.0,0.05655,0.0,0.0,0.0,0.0,0.01355,0.0,0.0,0.0,0.0,0.0,0.0,0.0,0.0,0.0,0.0,0.0,0.0,0.0,0.0,0.0,0.0,0.0,0.0,0.10035,0.0,0.0,0.0,0.0,0.0,0.0,0.0,4.644020000000039
36703_3#32,0.0,0.01411,0.0,1.20163,0.18841,0.0,5.05241,2.39283,0.0040799999999999,1.3459,0.1084099999999999,3.18893,1.26134,0.0,0.0923399999999999,0.63778,1.87464,0.11822,0.02775,2.57214,0.0636299999999999,0.0,0.32696,19.15623,0.0,1.4592200000000002,0.0403899999999999,0.3134699999999999,0.5381600000000001,0.0,0.0,0.0252,0.06072,0.0,0.02443,0.0,0.0,0.0,0.01411,0.0,0.0,0.08691,0.00115,8.21228,0.0101599999999999,0.0578299999999999,0.1309,5.021059999999999,0.0,0.73032,0.0,0.56824,0.0609799999999999,6.24759,11.62722,0.0,0.81413,0.0057,1.52083,0.0,0.12354,0.0,0.18044,0.0,0.0,0.37242,0.319,0.8619100000000001,0.03915,0.01441,0.0,0.0,0.0,0.6142,0.0,0.00099,0.0,0.0,0.0,0.04023,0.00411,0.0,0.8236700000000001,0.40032,0.44726,0.16385,0.0,0.0,0.21743,0.0,0.0,0.0,0.3607,0.0,0.00037,0.0,2.07367,0.02147,0.15614,0.27438,0.0,0.02701,0.0076,0.0,0.00974,0.0,0.01177,0.7628,0.20545,0.0,0.0,0.0,1.2746,0.0,0.1025,0.0,0.0,0.0,0.0,0.0,0.0,0.04074,0.0,0.0362399999999999,0.0,0.1365299999999999,0.33193,0.15117,0.02489,0.0,0.0,0.38335,0.0,0.0,0.00601,0.0,0.0,0.0,0.0912,0.02673,0.0,0.0,0.0,0.0,0.0,0.0,0.0,0.0,0.0,0.0,0.0,0.0,0.94406,0.0,0.0,0.0,0.0,0.48988,0.0,0.03148,0.28961,0.0,0.0,0.0,0.0,0.37509,0.0,0.16147,0.0,0.0,0.0,0.0,0.0,0.0,0.0,0.0,0.0,0.0,0.0267,0.0549299999999999,0.0,0.0,0.0,0.0,0.0,0.0,0.0,0.0,0.0,0.0,0.0,0.01176,0.0,0.02983,0.0,0.0,0.0,0.0,0.0,9.246530000000014
36703_3#3,0.18888,0.03235,0.30664,0.0634,0.87105,0.0,0.14397,6.22998,0.0,1.61391,0.0413399999999999,0.2129199999999999,2.22241,0.09802,0.01951,0.6968,0.76005,0.4175899999999999,0.00689,0.79611,0.0,0.01153,0.08681,0.11717,0.0,3.18603,0.39313,0.88195,0.02788,0.0,0.02478,0.0,0.05584,0.0539899999999999,0.0,0.0,0.13981,0.08599,1.2652,0.0,0.01858,0.04173,0.0,0.0,0.0,0.0,0.0,57.74757,0.0,0.71514,0.0,4.112369999999999,0.0,0.55986,0.0,0.0,0.10037,0.01713,0.0,0.68158,0.00431,0.0,0.0,0.05676,0.04841,0.0,0.0,0.31319,3.23577,0.0,0.04223,0.0,0.0,0.74438,0.0,0.1570599999999999,0.74653,0.55455,0.06226,0.00212,0.0,0.14317,0.06441,0.0,0.0,0.02508,0.04036,0.0,0.0279999999999999,0.0,0.0,0.0,0.04172,0.01942,0.01568,0.0,0.01681,0.0,0.0,0.0,0.0,0.0,0.0,0.00218,0.0,0.0,0.0085,0.0,0.0,0.06741,0.07242,0.0,0.0,0.0,0.0,0.0,1.19603,0.0,0.0,0.00361,0.0,0.0,0.0,0.0,0.01335,0.0,0.0,0.0,0.0,0.0,0.0,0.0,0.00474,0.0,0.0,0.0144199999999999,0.0,0.24941,0.0,0.0,0.0,0.0,0.0,0.0,0.0,0.0,0.0,0.0,0.0,0.0,0.00154,0.00649,0.02648,0.01055,0.0,0.03217,0.0007599999999999,0.0,0.0,0.0,1.43571,0.0,0.0144199999999999,0.0,0.00242,0.0,0.00843,0.0,0.0,0.0,0.0,0.0,0.0,0.0,0.0,0.0019199999999999,0.0,0.0,0.0,0.0,0.0,0.25406,0.02522,0.0,0.00799,0.03442,0.0,0.0,0.0,0.0,0.0,0.0,0.0,0.0,0.0,0.0,0.0,0.0,0.0,5.096869999999969
36703_3#5,0.59744,4.01609,0.07465,0.0,0.3513199999999999,0.0,1.54839,0.13396,0.0229699999999999,2.76765,0.00042,3.66676,0.098,0.09855,0.0,0.17726,0.85005,0.0,0.0,4.26515,0.0,0.02068,0.0,0.6544399999999999,0.69181,0.42449,0.6975399999999999,0.0,0.05637,0.48311,0.0,0.00324,0.76536,0.01224,0.03622,0.0,0.0,0.0084,0.02955,0.03401,0.0,0.0,0.0,0.15789,0.0,0.02373,0.0,0.1787099999999999,0.0,0.0,0.0,0.0,0.0,0.0,0.0,0.0,0.0,0.0,0.0,0.032,0.0,0.0,0.0,0.0,0.28052,0.0,0.0,0.0,3.77962,0.0,0.0,0.0,0.0,0.0,0.0,0.0,0.16342,0.0,0.0,0.0,0.0,0.0,0.0,0.0,0.0,0.0,0.0,0.0,0.0,0.0,0.0,0.0,0.0,0.0,0.0,0.0427699999999999,0.0,0.0,0.0,0.0,0.0243,0.0,0.0,0.0,0.0,0.0,0.0,0.0,0.0,0.0,0.30009,0.00327,0.0,0.0,0.0,0.0,0.0,0.0,0.0,0.1234099999999999,0.0,0.0,0.0,0.0,0.0,0.0,0.0,0.0,0.0,0.0,0.03651,0.01676,0.0,0.09318,0.0,0.01685,0.0,0.0,0.0,0.0,0.0,0.0,0.0,0.6791,0.66579,0.0,0.7911,0.0,0.0,0.0,0.0,0.52541,0.00055,0.0,0.0,0.01068,0.0,0.0,0.0,0.0,0.0,0.0,0.06666,0.10428,0.0,0.0,0.0,0.0,0.0,0.0,0.0,0.0,0.0,0.0,0.0,0.0,0.00996,0.0,0.0,0.0,0.0,0.0,0.00123,0.0,0.0,0.0,0.0,0.0,0.0,0.0,0.0,0.0,0.0,0.0,0.0,0.38265,0.0,0.0,0.0,68.90343999999999
36703_3#6,0.0,5.17548,0.01249,0.36284,2.55583,0.00532,3.53565,0.25146,0.0,9.01411,0.35488,4.82261,14.0804,0.0,0.0,0.49675,2.57882,0.0,0.17756,0.6946899999999999,0.00454,0.0,0.02209,27.18071,0.28138,4.14371,0.30524,0.19375,0.0930899999999999,0.0,0.0,0.0232099999999999,0.13496,0.0,0.09796,0.0,0.05076,0.0,0.0162,0.0,0.0,0.0,0.0,0.13956,0.0,0.0,0.0,1.00608,0.07463,0.0,0.0,0.0,0.0,0.04391,0.059,0.0,0.0,0.0289199999999999,0.0,0.01709,0.06181,0.0,0.0,0.0,0.0,0.0,0.0,0.03619,0.0361,0.0,0.0,0.0,0.0,0.0,0.0,0.0,0.0,0.0,0.0,0.0,0.0,0.0229599999999999,0.0324,0.0,0.0,0.0,0.0,0.0,0.0,0.0,0.0,0.0,0.0,0.0,0.0,0.0,0.0,0.0,0.0,0.0,0.0,0.0,0.0,0.0,0.0,0.0,0.0,0.0,0.0,0.0,0.01843,0.03475,0.0,0.0,0.0,0.0,0.02416,0.00594,0.0,0.0,0.0,0.0,0.0,0.0,0.00148,0.0,0.0,0.0137,0.0,0.0,0.0,0.0,0.0,0.0,0.0,0.0,0.15329,0.0,0.0,0.01628,0.0,0.0,0.0,0.00337,0.0,0.0,0.0,0.0,0.0,0.0,0.0,0.09101,0.0049,0.0,0.0,0.0,0.0,0.0,0.0,0.0,0.0,0.0,0.0,0.0,0.0,0.0,0.0,0.0,0.0,0.0,0.0,0.0,0.0,0.0,0.0,0.0,0.0,0.0,0.0,0.0,0.0,0.0,0.0,0.0,0.0,0.0,0.0,0.0,0.0,0.05542,0.0,0.0,0.0,0.0,0.0,0.0,0.0,0.0,0.0,21.352130000000027
36703_3#7,4.41098,0.74812,6.926239999999999,0.5098,0.51659,0.0042,0.8371,3.3547800000000003,0.0,1.55461,0.64235,1.87113,0.12512,1.83498,0.0,0.34788,1.52211,0.10489,0.05309,1.36536,0.11847,1.33684,0.72604,0.02207,0.5823,0.28798,0.80073,0.06325,0.05592,1.76323,0.06767,0.4539899999999999,0.57725,0.1849299999999999,0.32827,0.07336,0.0725799999999999,1.3239,0.09842,0.89331,0.04285,0.07984,0.0,0.0,0.0,0.0,0.0,5.25557,0.0,0.0,0.03396,0.0,0.0,0.0,0.0,0.0,0.0,0.07586,0.04958,2.31659,0.49094,0.03236,0.0,0.0384899999999999,1.12902,0.0,0.0,0.33573,0.0,0.0,0.0,0.0,0.0,0.0,0.0,0.0,1.11975,0.0,0.62135,0.0,0.19322,1.82614,0.0,0.0,0.0,0.0,0.0,0.0,0.0,0.0,0.0,0.0,0.0,0.0,0.0,0.26774,0.04968,0.0,0.0,0.0,0.58694,0.0,0.0,0.0,0.03574,0.02888,0.0,0.0,0.0,0.0,1.2978299999999998,1.65867,0.0,0.0,0.12615,0.0188,0.73942,0.0,0.0,0.0,0.0,0.0,0.0,0.0,1.40862,0.0,0.0,0.0,0.0,0.03361,0.0055,0.0,0.0,0.0,0.0,0.0608299999999999,0.0,1.52655,0.0,1.01522,0.0,0.0,0.0,0.0,3.17908,0.0,0.0,0.0,0.0180199999999999,0.0,0.02448,0.20923,1.43127,0.07874,0.0,0.0,0.0,0.0,3.88616,0.08961,0.24727,0.0,0.28087,0.0,0.02439,0.0,0.0053799999999999,0.0,0.0,0.0,0.03093,0.0,0.0,0.0,0.0,0.06878,0.10336,0.0,0.0,0.0,0.0,0.34694,0.0186199999999999,0.0,0.06437,0.03676,0.06681,0.00943,0.02269,0.0,0.0,0.0,0.0,0.0,0.0,0.0,0.25253,0.01949,0.12604,30.29748000000002
36703_3#8,4.3495,0.35889,1.73405,2.3239,5.25819,0.39068,0.58075,18.67822,0.0,12.13635,0.48578,0.0927299999999999,5.43167,2.3288900000000003,0.0,0.25672,0.1852599999999999,0.00974,0.23728,0.74515,0.05196,0.33247,1.72238,0.02014,0.00161,3.19498,3.7286,0.11819,0.00582,0.00471,0.28519,0.08591,0.51321,0.12816,0.0,0.02071,1.4806,0.42561,1.26454,0.03281,0.00614,0.0166,0.0,0.0,0.0,0.0,0.0,0.0,0.0,0.0,0.0,0.0,1.6704900000000005,0.0,0.0,0.0,0.0,0.35653,0.0,0.77325,0.0,0.0,0.0,0.0031899999999999,0.03138,0.0,0.0,0.01229,0.0,0.0,0.0,0.0,0.1851,0.0,0.0,0.0,0.75039,0.0,0.0,0.0,0.0,1.51421,0.0,0.0,0.45442,0.0,0.0,0.0,0.0,0.0,0.0,0.0,0.0,0.0,0.01165,1.62369,0.0,0.0,0.19544,0.0,0.0,0.0,0.06556,0.0,0.0,0.0,0.0,0.0,0.0,0.44513,0.2121,0.4411,0.0,0.00634,0.0,0.0,0.0,0.0,0.0,5.24251,0.0,0.0,0.0,0.0,0.0,0.0,0.0,0.0,0.0,0.76152,0.0150199999999999,0.0,0.0,0.0,0.0,0.08172,1.53136,0.26302,0.0,0.0,0.0,0.0,0.0,0.01123,0.0,0.01185,0.00141,0.0,0.15131,0.0,0.06486,0.1563,0.40557,0.08749,0.0,0.2155,0.0278899999999999,1.30589,0.0,0.47931,0.0,0.0,0.24383,0.0,0.0,0.0,0.0,0.0,0.0,0.0,0.0037,0.0,0.0,0.0,0.0,0.0315,0.0,0.39737,0.0,0.0,0.0,0.0,0.474,0.1685299999999999,0.06252,0.8589600000000001,0.00389,0.0586299999999999,0.0,0.0,0.0,0.0,0.0,0.0,0.0,0.0,0.0,0.0,0.0,9.106959999999965
36703_3#9,3.96291,0.313,4.73885,0.46311,5.552919999999999,0.25933,0.71091,8.225530000000001,0.0,19.15703,0.04287,0.14427,6.613180000000001,1.33973,0.0238,0.04398,0.10207,0.02543,0.21619,0.6056699999999999,3.36596,0.29799,0.68896,0.0193,0.0,2.9914,0.59897,0.1305599999999999,0.02191,0.0086,0.02513,0.51186,0.3613099999999999,0.23109,0.0,0.01356,0.73458,0.4565899999999999,2.61981,0.0,0.03507,0.05061,0.0308899999999999,0.0,0.0,0.0,0.0,0.0,0.0,0.37177,0.0,0.0,0.0,0.0,0.0,0.0,0.0,0.1409099999999999,0.0,0.58744,0.0,0.0,0.0,0.0,0.63827,0.0,0.0,0.1429099999999999,0.72634,0.0,0.0,0.0,0.09654,0.19025,0.0,0.0,1.79866,0.0,0.0,0.0,0.13485,0.0,0.0,0.0,0.44501,0.00425,0.11391,0.0,0.0,0.0,0.0,1.3264200000000002,0.0,0.00932,0.06082,0.0,0.0,0.0,0.0,0.0,0.0,0.0,0.02398,0.0,0.0,0.0,0.0,0.0,0.0,0.1353599999999999,0.10074,0.04283,0.0,0.0,0.0,0.0110599999999999,2.95703,0.0,0.0,2.27484,0.0,0.00656,0.0,0.0,0.0,0.0,0.0,0.0,0.01239,5.06683,0.0,0.0,0.0,0.10585,0.01448,0.0,0.0,0.0,0.0,0.0,0.0,0.0036899999999999,0.0,0.0,0.0,0.0,0.0,0.0,0.0,0.0,0.0809899999999999,0.07761,0.19705,0.02408,0.43505,0.17799,0.0,0.0,0.0,0.0,0.00649,0.0,0.0,0.0,0.07474,0.0,0.0,0.0,0.0,0.0,0.0,0.0,0.0,0.0,0.0,0.0060799999999999,0.0,1.07282,0.0,0.0,0.0,1.7007900000000002,0.22075,0.0,0.0812799999999999,0.23331,0.00197,0.00433,0.0,0.0,0.0,0.0,0.0,0.0,0.0,0.0,0.0,0.0119,0.0,12.314529999999982
37035_1#10,0.0,0.01219,0.0,0.04116,0.0437699999999999,0.0,1.00774,0.00186,0.01844,0.33702,0.0,0.17163,0.0,0.0,0.0,0.03146,0.1768799999999999,0.00885,0.03966,0.11014,0.0004799999999999,0.0,0.10679,0.04832,0.47603,0.0616899999999999,0.97415,0.0,0.0855799999999999,0.0,0.0,0.0,0.11735,0.0,0.16466,0.0,0.0,0.0,0.0,0.0,0.0,0.0141,0.07402,0.53183,0.0,0.00365,0.0,0.2286,0.0,0.08235,0.0,0.005,0.0,0.35136,0.34464,0.03323,0.06692,0.0,0.16798,0.08735,0.04222,0.17929,0.00495,0.0,0.00181,0.0916299999999999,0.0,0.05422,0.03003,0.0,0.0,0.0,0.0,0.03175,2.25406,0.00673,0.0560299999999999,0.0,0.0,0.00326,0.0,0.21123,0.31285,0.0,0.0147099999999999,0.03453,0.0,0.00679,0.02633,0.0,0.0,0.0,0.0,0.0,0.0,0.00534,0.37817,0.00548,0.00311,0.05545,0.0025,0.0290899999999999,0.01942,0.0,0.0,0.05338,0.0,0.13635,0.038,0.0,0.0,0.0062299999999999,0.0,0.0,0.06506,0.0,0.02361,0.10012,0.0,0.01235,0.0,0.12303,0.03949,0.0,0.14764,0.0019,0.03726,0.2998699999999999,0.01108,0.03588,0.00035,0.0333899999999999,0.0,0.0,0.02153,0.0,0.0,0.0,0.1022899999999999,1.92215,0.00309,0.04978,0.01739,0.01489,0.0,0.00157,0.0,0.0,0.0,0.0252699999999999,0.0,0.0,0.0044399999999999,0.00036,0.00067,0.0,0.0,0.27974,0.00013,1.22335,0.0,0.00744,0.00266,0.0,0.01705,0.02556,0.0,0.0,0.00403,0.0151199999999999,0.0,0.00141,0.0,0.01558,0.0,0.0,0.0,0.0,0.05607,0.16975,0.0,0.0,0.0,0.0,0.0,0.0,0.0,0.0,0.0,0.40861,0.03032,0.07035,0.00161,0.47136,0.0023,0.00417,0.00762,0.0,0.0,83.96949000000001
37035_1#11,0.0,0.0,0.0,0.00655,0.00591,0.0,0.28846,0.01956,0.0,0.21935,0.0,0.2136699999999999,0.01683,0.0,0.0,0.00476,0.11634,0.0,0.00146,0.14985,0.0,0.0,0.13146,2.62027,1.97772,0.0,0.01009,0.0,0.06566,0.0,0.0,0.0,0.0,0.0,0.01469,0.0,0.0,0.0,0.0,0.0,0.0,0.21549,0.0,0.0123,0.0,0.0,0.01059,0.19316,0.0,0.0,0.0,0.0,0.0,0.34513,0.5090899999999999,0.0,0.08628,0.0,0.0,0.0,0.0010199999999999,0.0,0.0,0.0,0.0,0.00889,0.03305,0.32453,0.00875,0.0,0.0,0.0,0.0,0.0064099999999999,0.0,0.0,0.0,0.0,0.0,0.0,0.0,0.00701,0.10427,0.0045299999999999,0.0,0.0,0.0,0.0,0.0104599999999999,0.0,0.0,0.0,0.0,0.0,0.0,0.0,0.02485,0.0,0.00492,0.01595,0.0,0.0,0.00227,0.0,0.0,0.0,0.0,0.0299399999999999,0.05016,0.0,0.0,0.0,0.0,0.0,0.00507,0.0,0.0,0.09937,0.0,0.0,0.0,0.0069099999999999,0.0,0.00345,0.00173,0.00583,0.08254,0.0368,0.0,0.0,0.0,0.04625,0.0,0.0,0.00109,0.0,1.14461,0.0,0.0481,0.01324,0.0,0.0,0.0,0.0,0.0,0.0,0.0,0.0,0.0,0.0,0.0,0.0,0.00225,0.0,0.0,0.0,0.0,0.00769,0.0,0.0619299999999999,0.0,0.0,0.0,0.0,0.0,0.0,0.0,0.0,0.0,0.0,0.0,0.0,0.00977,0.0,0.0,0.0,0.0,0.0,0.00209,0.01059,0.0,0.0,0.0,0.0,0.0,0.0,0.0,0.0,0.0,0.0,0.01489,0.05086,0.0,0.0,0.0,0.0,0.0,0.0,0.0,90.47326
37035_1#12,0.0598299999999999,0.02715,0.0,0.04002,0.8474,0.17065,0.60606,1.6969900000000002,0.01739,1.48477,0.0,0.22308,0.7282,0.00318,0.0178,0.001,0.27783,0.74667,0.06595,0.26326,0.15945,0.00245,0.30949,0.1547599999999999,1.43541,0.37399,1.15656,0.19929,0.04796,0.0,0.00861,0.0,6.55777,0.0,0.07587,0.0,0.0,0.09461,0.10693,0.0,0.0,0.05187,0.09464,0.0,0.01455,0.0,0.25393,13.89826,0.09324,0.21766,0.07859,0.09966,0.02488,0.4191,0.58235,0.0,0.13672,0.02139,0.00649,0.7034,0.05615,0.83406,2.73008,0.10564,0.07829,0.97671,0.00181,0.68001,0.0179,0.0075299999999999,0.0,0.03009,0.01135,0.07957,0.0,0.11164,5.680969999999999,0.4438899999999999,0.0301899999999999,0.17435,0.07137,2.58148,0.26582,0.55089,0.38034,0.00752,0.0,0.01927,0.01403,0.00808,0.00715,0.51079,0.00047,0.0,0.02443,0.17567,1.20292,0.01063,0.02037,0.08527,0.07431,0.01074,0.30039,0.10077,0.02885,0.0,0.15491,0.00391,0.00279,0.0,0.0,0.84219,0.0,0.10277,0.00077,0.03592,0.23379,0.08112,0.02344,0.80977,0.00509,0.11715,0.07075,0.0,1.6650200000000002,0.03911,0.1287599999999999,0.13059,0.01749,0.0,0.0059,0.09285,0.02419,0.0,0.05184,0.0,0.0,0.1068,0.00813,1.86856,0.0302,0.0,0.51237,0.07593,0.0,0.05704,0.0,0.32574,0.0,0.03063,0.04919,0.14354,0.1592299999999999,0.04816,0.0290199999999999,0.0,0.1201599999999999,2.18454,0.0,0.03906,0.25253,0.0027,0.00533,0.00107,0.2957,0.01228,0.01634,0.0,0.0,0.0,0.03516,0.0183,0.02534,0.0309,0.0007,0.0,0.0272199999999999,0.02778,0.00594,0.0,0.1215,0.0,0.0,0.0,0.0,0.0,0.0,0.0,0.05634,0.0,0.0162,0.0,0.0,0.0,0.18324,0.02361,0.0,0.0,0.0,35.25450000000001
37035_1#13,0.0,0.00122,0.0,0.04558,2.33996,0.0,0.1317299999999999,4.32947,0.00424,5.60242,0.0,0.02068,3.46885,0.0,0.16327,0.0,0.14279,0.0315,0.0132699999999999,0.4242899999999999,0.06644,0.0,0.00182,0.99359,1.91592,1.23106,0.6585,0.02405,0.00029,0.0,0.02974,0.04046,0.02727,0.0,0.0,0.0,0.0543299999999999,0.09618,0.0,0.0,0.0,0.0,0.0,0.0,0.0,0.0,1.13336,37.07387,0.1374,0.1234599999999999,0.0,0.84334,0.22263,0.06042,0.23618,0.0,0.0018,0.34749,0.0,0.76454,0.0,0.03373,2.4699,0.47306,0.03146,0.16642,0.92955,0.00907,0.0147599999999999,0.02663,0.10515,0.08275,0.01835,0.4680899999999999,0.01578,0.10217,2.60277,0.23901,0.0,0.2386599999999999,0.13282,0.34611,0.0,1.95023,0.0269699999999999,0.07796,0.0032,0.02221,0.0,0.0066799999999999,0.0,0.04212,0.02698,0.0054,0.07791,0.22036,0.05968,0.0,0.08735,0.0,0.0425399999999999,0.0,0.01022,0.00221,0.0,0.0,0.11581,0.00972,0.0,0.00813,0.00162,0.74757,0.0,0.00344,0.0,0.0267899999999999,0.80874,0.0,0.0215099999999999,0.00607,0.08977,0.0003799999999999,0.0,0.39194,0.2786599999999999,0.04786,0.0,0.00179,0.00614,0.0158,0.0307899999999999,0.0,0.0,0.0,0.0,0.0,0.08709,0.03723,0.0,0.50785,0.05051,0.47189,0.1335299999999999,0.0590299999999999,0.00517,0.20314,0.00895,0.0,0.06883,0.00625,0.09119,0.0,0.00878,0.05026,0.0,0.0,0.19532,0.12952,0.48498,0.0,0.03806,0.04418,0.01525,0.0,0.0153199999999999,0.0,0.0,0.09039,0.0,0.0,0.0,0.0,0.0,0.0,0.00439,0.0,0.0,0.0,0.0,0.0,0.0,0.0,0.0,0.0,0.0,0.0,0.0,0.0,0.0,0.4561,0.0,0.0,0.0011,3.76177,0.01726,0.0,0.0,0.0,0.0,16.37246
37035_1#14,0.0,0.0,0.0,0.0507,0.00644,0.06023,0.96277,0.32987,0.0139199999999999,1.18766,0.0,0.13063,0.02171,0.0,0.0,0.00161,0.18766,0.01526,0.15574,0.41545,0.02499,0.0,0.17806,0.03131,0.0,0.23508,0.22629,0.0619399999999999,0.0585799999999999,0.0,0.0,0.01324,0.14873,0.0,0.01683,0.0,0.01055,0.18127,0.0,0.0,0.0,0.02698,0.0141199999999999,0.0,0.0,0.0,0.03308,1.2691,0.0,0.0201,0.42488,0.0415,0.07702,0.25832,0.96085,0.0,0.04883,0.04484,0.0626299999999999,1.1567,0.00209,0.16169,0.04468,0.05524,0.39541,2.02323,0.00526,0.11827,0.25181,0.0,0.00527,0.03042,0.0008,0.00153,0.34678,0.26239,0.82286,0.11504,0.05255,0.0,0.1041,2.23282,0.29996,0.02496,0.015,0.00667,0.00138,0.0476,0.00639,0.0,0.0069299999999999,0.0,0.0,0.0,0.01526,0.1509,1.20379,0.0,0.02118,0.0,0.14551,0.02462,0.22845,0.09881,0.01228,0.00258,0.03346,0.03763,0.0075599999999999,0.0,0.0,1.4261,0.0047799999999999,0.08402,0.0,0.0,0.0,0.01943,0.06212,0.29973,0.05217,0.0637,0.05103,0.13929,0.5131,0.02349,0.01393,0.09986,0.06994,0.00509,0.0,0.09686,0.01795,0.0,0.0,0.0,14.00703,0.19224,0.0,4.78356,0.03329,5.17486,0.4958,0.0287,0.245,0.2293,0.1502,1.0073299999999998,0.24794,0.02153,0.02053,0.1457099999999999,0.00171,0.0,0.0,0.04475,0.01658,0.01188,0.0,1.1904,0.04288,0.10509,1.18056,0.0948,0.24344,0.0,0.11339,0.0023899999999999,0.03092,0.2198,0.00647,0.0310899999999999,0.02895,0.0278,0.01928,0.0,0.0319,0.0,0.05032,0.0183599999999999,0.3216199999999999,0.0,0.0,0.0013599999999999,0.0,0.0,0.0,0.0,0.05694,0.0,0.0075599999999999,0.02671,0.56567,1.02357,0.31725,0.85409,0.04103,0.0,0.0,44.8572
37035_1#15,0.0,0.0,0.0,1.73901,0.21399,0.0,15.64073,30.79604,0.0,4.94281,0.0,0.0,1.20791,0.0,0.0,0.0,1.87021,0.0,0.0,2.0249,0.12819,0.0,0.07861,1.13812,0.54332,0.51873,0.0,0.0369699999999999,0.70802,0.0,0.0,0.0,0.20647,0.0,0.15072,0.0,1.56897,0.01371,0.0,0.05435,0.05217,0.0,0.0,0.0,0.0,0.0,0.46979,4.97086,11.00564,0.0,0.0,0.0,0.0,7.442639999999999,0.19158,0.0,0.0,0.00839,0.0,0.0,0.0,0.0,0.0,0.0,0.36871,0.06929,0.41512,0.04674,0.03076,0.0,0.0,0.07934,0.0,0.0,0.0,0.0,0.01389,0.0,0.0,0.0,0.18142,0.33602,0.0,0.5585899999999999,0.0,0.0,0.0,0.0,0.0,0.0437899999999999,0.0,0.0,0.0,0.0,0.0,0.0,0.0,0.0,0.0,0.0,0.10069,0.0,0.15034,0.11698,0.0,0.0,0.05215,0.18797,0.0,0.0,0.0,0.03188,0.0,0.0,0.0,0.0,0.0,0.0,0.03418,0.0,0.0,0.0,0.0,0.49776,0.0003399999999999,0.0,0.0,0.0105,0.0,0.0,0.0,0.00389,0.0,0.0,0.0,0.0,0.0,0.2817199999999999,0.0,0.69628,0.0,0.33621,0.0,0.0,0.0,0.00417,0.0,0.00036,0.00178,0.0,0.04899,0.0,0.0,0.0,0.0,0.0,0.0,0.0,0.0,0.0,0.0,0.0,0.0,0.0,0.0,0.0,0.0,0.0,0.01073,0.0,0.0,0.0,0.0,0.0,0.0,0.0,0.0,0.0,0.0,0.50629,0.0,0.0,0.0,0.0,0.0,0.0,0.0,0.0,0.03967,0.0,0.0,0.0,0.0,0.0,0.0,0.0,0.0,0.0,0.0,7.020600000000015
37035_1#16,0.0,0.0,0.0,0.0922,0.52661,0.0,0.16666,3.52211,0.0025399999999999,3.67622,0.0,0.0039299999999999,0.65742,0.0,0.13074,0.0,0.16766,0.0,0.01496,0.11126,0.28411,0.0,0.05427,0.25135,0.21413,0.36687,0.76274,0.23118,0.03708,0.0,0.0,0.5163800000000001,0.15979,0.0,0.0,0.0,0.06504,0.5928,0.0778799999999999,0.0,0.233,0.25422,0.1751,0.0,0.0,0.0,0.78827,9.62178,0.0706799999999999,0.31292,0.23078,0.93903,0.02143,0.02099,0.14024,0.0,0.0048,0.12347,0.10123,1.43495,0.0,0.03789,5.03043,1.40377,0.28778,0.22765,0.5042300000000001,0.03507,0.0398,0.20704,0.20348,0.08806,0.13359,0.00533,0.16102,0.02429,0.15185,0.0791299999999999,0.04011,0.11335,0.49121,1.11868,0.0,0.30809,0.19829,0.09427,0.23051,0.03291,0.0,0.0819299999999999,0.0,0.03229,0.0,0.046,0.00173,0.1953,0.01672,0.0073599999999999,0.19832,0.0,0.03792,0.00316,0.02389,0.0033399999999999,0.00436,0.0,0.6786800000000001,0.0038299999999999,0.0,0.0,0.02369,1.88485,0.0,0.00541,0.0,0.0,2.25595,0.0,0.03734,0.2295699999999999,0.09569,0.0,0.1605,0.0585399999999999,0.53674,0.0,0.0,0.0223699999999999,0.0,0.08667,0.0272399999999999,0.0,0.01403,0.0,0.0,0.0,0.0,0.31122,0.0,0.38306,0.17347,0.6356,0.13217,0.57912,0.0,0.02184,0.63267,0.81679,0.58812,0.0,0.17629,0.10619,0.25763,0.03276,0.0,0.0065,0.31117,0.06272,0.01274,0.0,0.06147,0.23264,0.03441,0.0523299999999999,0.1088599999999999,0.0,0.06216,0.01364,0.21465,0.01236,0.0,0.0,0.0,0.0,0.03992,0.0,0.0,0.0,0.0,0.00634,0.0,0.0,0.0,0.0,0.0,0.0,0.0,0.0,0.0,0.0,0.0,0.0,0.05716,4.46552,0.09461,0.10132,0.0,0.0,0.01317,44.00931
37035_1#17,0.0,0.0280699999999999,0.0,0.36172,0.03491,0.02468,0.79856,1.54215,0.0,7.42368,0.00475,0.19945,0.12865,0.0,0.00072,0.02768,0.64415,0.0894799999999999,0.04945,0.30246,0.01721,0.0,0.10385,7.64832,1.19771,0.60578,0.77431,0.02914,0.08926,0.0,0.0,0.0,0.14335,0.0,0.03476,0.0,0.08052,0.0103,0.01611,0.0,0.02216,1.19035,0.0621,0.09601,0.0,0.02241,0.01674,0.84962,0.94925,0.11547,0.79237,0.00457,0.0,1.24206,1.18557,0.0,0.01882,0.0,0.33035,0.1496299999999999,0.01702,0.64385,0.0,0.1099599999999999,0.25515,0.62405,0.0199699999999999,0.1946,0.0904,0.03,0.00279,0.00392,0.13319,0.2143199999999999,0.5568,0.00993,0.40978,0.00554,0.0,0.0,0.32381,0.56345,0.2368,0.02012,0.04471,0.00763,0.04871,0.0,0.02605,0.0,0.02554,0.19261,0.0,0.0,0.38349,0.0505899999999999,0.68619,0.0227,0.39418,0.0553,0.00521,0.00828,0.1549299999999999,0.11285,0.0111799999999999,0.06669,0.022,0.3519199999999999,0.01935,0.0,0.00601,0.02712,0.0793799999999999,0.0,0.03171,0.0,0.0,0.02411,0.03299,0.16973,0.0,0.05451,0.0234,0.00662,0.0,0.0,0.01364,0.16953,0.10538,0.02865,0.00763,0.15924,0.0,0.0,0.0,0.0,0.13639,0.01498,0.3715,0.41348,0.10543,0.07687,0.01843,0.00975,0.0,0.0,0.01734,0.0945299999999999,0.0,0.02115,0.0002399999999999,0.0,0.02303,0.0,0.0,0.0,0.0,0.35168,0.00535,0.32149,0.0,0.0,0.00236,0.00612,0.01171,0.00941,0.0,0.00101,0.0,0.00675,0.0,0.00249,0.0,0.01215,0.0,0.0,0.0,0.0,0.04127,0.06953,0.01695,0.0,0.0,0.0,0.0,0.0,0.0,0.0,0.00714,0.0,0.03885,0.03147,0.0,0.00445,0.00352,0.0057,0.02971,0.0,0.0,60.16389999999999
37035_1#18,0.0,0.00265,0.0,0.1405799999999999,0.12059,0.03626,4.79625,1.47605,0.53922,8.97062,0.00469,0.91038,0.11589,0.0,0.0,2.22066,0.94541,0.07717,0.11717,1.49341,0.0,0.0,1.81336,13.305979999999998,3.73966,1.43775,3.30015,0.03535,0.26429,0.0,0.0,0.0598299999999999,0.67045,0.0,0.01428,0.0,0.01326,0.00467,0.12022,0.0,0.0,0.35226,0.19233,0.0,0.00465,0.05735,0.1039,4.90597,0.09189,0.24729,0.0,0.07439,0.00896,4.10725,0.35912,1.69537,0.3316199999999999,0.06639,0.0,0.22034,0.13597,0.27033,0.0967799999999999,0.05297,0.01355,4.66717,0.2241199999999999,2.06573,0.00295,0.07827,0.0776299999999999,0.0,0.0,0.51973,0.0,0.04487,0.65228,0.0228,0.0,0.01748,0.01823,0.0749799999999999,0.55277,0.62156,0.51261,0.66196,0.02108,0.0,0.14012,0.01652,0.02131,0.12639,0.01134,0.0,0.01241,0.0,0.39253,0.0016899999999999,0.03668,0.06737,0.00069,0.50312,0.1442,0.0338,0.23204,0.21076,0.0,1.7502799999999998,0.14071,0.0,0.0,0.0,0.31371,0.0,0.0561399999999999,0.0,0.16579,0.06727,0.0,0.03676,0.0,0.1856799999999999,0.1907599999999999,0.16069,0.01769,0.04355,0.29288,1.44099,0.09307,0.0787799999999999,0.0,0.14155,0.0,0.0,0.00446,0.0,0.0,0.0,0.0149,0.4416199999999999,0.2159199999999999,0.0578799999999999,0.0106,0.0,0.08522,0.0,0.0,0.0,0.0,0.0,0.0,0.018,0.0,0.0,0.27488,0.0,0.0,0.1179,0.12607,0.8512299999999999,0.0,0.12841,0.0,0.0,0.03176,0.02502,0.0,0.00215,0.0017699999999999,0.00922,0.0,0.0,0.0814899999999999,0.01923,0.0,0.0,0.0,0.0,0.02156,0.17004,0.0,0.0,0.0,0.0,0.0,0.0,0.0,0.0,0.0,0.0,0.0,0.0,0.0,0.86534,0.0,0.01325,0.0215099999999999,0.0,0.0,18.29215000000004
37035_1#1,0.6199600000000001,0.4455199999999999,0.0,0.0805,1.93026,0.0,0.56167,3.3138,0.0,6.27295,0.04372,0.23229,1.19081,0.0,0.10268,0.06267,0.59534,0.01644,0.05984,0.43376,0.19266,0.0,0.0541,0.05347,0.15057,1.10021,0.69087,0.46178,0.06297,0.0,0.06384,0.71697,0.16846,0.0,0.00343,0.0,0.05836,0.77583,0.0,0.0,0.45563,0.14029,0.08108,0.0,0.0,0.0,0.92765,9.38646,2.79847,0.33116,0.0,2.1278900000000003,0.0,0.8163600000000001,0.42022,0.0,0.0,0.08139,0.0,4.18091,0.00312,0.0,0.0,0.07909,1.68357,0.3532099999999999,0.3374,0.03457,0.42141,0.0534899999999999,0.07868,0.07669,0.03599,0.0,0.64895,0.30004,0.33901,0.29749,0.05716,0.08445,0.16747,4.48305,0.0032,0.06526,0.30455,0.02753,0.3376,0.0,0.01201,0.0132699999999999,0.0,0.01879,0.0,0.06744,0.20643,0.0,0.32334,0.01064,0.01965,0.01135,0.19403,0.06361,0.06015,0.0345899999999999,0.0,0.0,0.0285699999999999,0.00532,0.0,0.00491,0.0,0.64476,0.00594,0.02503,0.00498,0.03696,1.7505400000000002,0.0,0.26141,0.06891,0.0139,0.02893,0.01788,0.2573,5.3514800000000005,0.09956,0.0,0.05835,0.01712,0.0516299999999999,0.0,0.01762,0.0,0.0,0.0,0.0,0.0,0.05379,0.04741,0.0,0.48156,0.25516,0.0,0.0,0.6742,0.37653,6.13237,0.00415,0.0109,0.0,0.1134299999999999,0.05126,0.18611,0.25117,0.0,0.0059299999999999,0.0069599999999999,0.02309,0.21869,0.0,0.28312,0.65335,0.11742,0.04819,1.03509,0.00922,0.24373,0.0,0.0,0.0,0.0104599999999999,0.03223,0.0,0.0,0.03476,0.0,0.03634,0.0,0.0,0.0185,0.02342,0.0,0.0,0.00682,0.0,0.0,0.0,0.0,0.0202,0.0,0.0,0.0,0.0,0.0,0.04392,0.0,0.00773,0.00535,0.02773,26.127089999999995
37035_1#20,0.0,1.70944,0.0,1.43491,0.05606,0.0,11.63114,0.28751,0.05327,4.49686,0.68384,3.77538,0.17064,0.0,0.17994,15.66907,7.3884,0.0057,0.11544,6.51409,0.27533,0.0,0.29989,0.09419,0.0302899999999999,0.96205,4.04922,0.03429,1.55051,0.0,0.0,0.0,0.1088099999999999,0.0,1.89179,0.0,0.0,0.14981,0.20089,0.0,0.0,0.0,0.13783,0.00953,0.08426,0.06866,0.00105,0.66669,0.0,0.0,0.0,0.00419,0.00954,5.89404,6.77952,0.3070699999999999,1.23554,0.00724,0.20909,0.03736,0.6748,1.1977,0.0,0.0,0.03322,0.0,0.04038,0.2406199999999999,1.08914,0.00392,0.0,0.0,0.0,0.0,2.03135,0.00694,0.1173,0.0,0.0,0.0,0.0,0.01685,1.86991,0.08084,0.01529,0.01132,0.0,0.0,0.34778,0.0,0.01403,0.00077,0.01385,0.0,0.0,0.02975,0.0,0.08444,0.0090099999999999,0.50773,0.0,0.20623,0.03657,0.00095,0.10772,0.0,0.0,0.54068,0.75636,0.0183599999999999,0.0,0.0,0.00473,0.0,0.21628,0.0,0.0,0.26609,0.0,0.0,0.0,0.01594,0.01567,0.0049299999999999,0.0,0.0,0.1976,0.15199,0.0,0.0,0.05737,0.5233,0.0,0.0,0.11005,0.0,0.0676,0.0,0.0,0.00258,0.0,0.02712,0.0,0.0,0.0,0.0,0.0,0.00394,0.0,0.0,0.0,0.0,0.0,0.0,0.1044,0.0,0.0,0.03963,0.0,0.0,0.0,0.0,0.0,0.0,0.0,0.29219,0.0,0.0,0.00732,0.07723,0.0,0.10197,0.6726300000000001,0.06111,0.0338899999999999,0.0,0.0,0.01799,0.00448,0.66992,0.0,0.0,0.0,0.0,0.0,0.0,0.0,0.0,0.0,0.0,0.14478,0.0,0.0,0.0,0.0,0.03959,0.03204,0.0,0.0,6.6614599999999715
37035_1#21,0.0,3.03235,0.0,1.44544,0.06733,0.0,18.45156,0.0,0.0,0.536,0.18322,1.78102,0.06511,0.0,0.0,10.11543,2.7596,0.0,0.0,2.40929,0.19301,0.0,0.01571,22.36921,0.03051,1.65478,11.65722,0.106,0.35968,0.0,0.12794,0.0,0.1058099999999999,0.0,0.0563899999999999,0.0,0.01132,0.0,0.0,0.26174,0.0,0.0,0.0318,0.99404,0.0,0.0,0.0,0.01293,0.0,0.0,0.0,0.0,0.0,0.0,0.0,0.0,0.0,0.01968,0.0,0.0,0.17506,15.94005,0.0,0.0,0.0,0.0,0.0,0.03081,0.0,0.0057399999999999,0.0,0.0,0.0,0.0,0.0,0.0,0.0,0.0,0.0,0.0,0.0,0.0,0.0,0.0,0.01026,0.2301099999999999,0.0,0.0,0.0,0.0,0.0,0.0,0.0784,0.0,0.0,0.33082,0.0,0.0,0.0,0.85924,0.0,0.13621,0.0,0.01093,0.0,0.0,0.0,0.0,0.0,0.0,0.0,0.0,0.00163,0.0,0.01814,0.0,0.0,0.0,0.0,0.0,0.0,0.0,0.0524899999999999,0.0,0.0,0.0,0.0,0.0,0.0,0.0,0.0,0.0,0.0,0.0,0.08285,0.0,0.0,0.0,0.0,0.0,0.0,0.0,0.0,0.0,0.0,0.0,0.0,0.0,0.0,0.0,0.0,0.04382,0.0,0.0,0.0,0.0,0.0,0.0,0.0,0.0,0.0,0.0,0.0,0.0,0.0,0.0,0.0,0.0,0.0,0.0,0.0,0.0,0.0,0.0,0.0,0.0,0.0,0.0,0.0,0.0,0.0,0.0,0.0,0.0,0.0,0.0,0.0,0.0,0.0,0.0,0.0,0.0,0.0,0.0,0.0,0.0,0.0,0.0,0.0,3.139320000000007
37035_1#22,0.0,0.0591799999999999,0.0,0.0028399999999999,1.02154,0.0,20.90221,0.44656,0.0,4.4797400000000005,0.01822,1.78665,0.0,0.0,1.62321,0.01151,5.82356,0.2464199999999999,0.07719,0.01453,0.18462,0.0,0.02074,0.0215099999999999,0.0,0.4323899999999999,0.61831,0.07127,0.29713,0.0,0.04206,0.01212,0.06731,0.0,6.06548,0.0,0.00477,0.1249599999999999,0.03532,0.0,0.0,0.0,0.19091,0.0,0.07038,0.0734799999999999,0.21561,3.64137,0.02194,0.0,0.0,0.0,0.0,0.10054,2.28626,4.45869,0.0523,0.08763,0.0,0.18295,0.06903,0.0,0.32608,0.48551,0.05032,0.0,0.31299,7.82875,0.0,0.0,0.0,0.0,0.0,0.0,1.22477,0.26539,0.3936199999999999,0.0,0.0569799999999999,0.00724,0.12921,0.18378,4.39034,0.03831,0.0,0.02472,0.00345,0.0,0.26794,0.0,0.0,0.04258,0.0,0.0,0.0,0.05019,0.3428,0.0,0.0,0.99672,0.06082,0.50283,0.2383699999999999,0.00626,0.0754799999999999,0.0,0.64751,0.1486,0.38665,0.0,0.03176,0.34354,0.0,0.0,0.1192599999999999,0.0,0.01769,0.5453600000000001,0.0118,0.09362,0.0,0.0,0.3751,0.51408,0.50049,0.0,0.0,0.0,0.00339,0.4233,0.0,0.51531,0.0,0.0,0.8377600000000001,0.0,0.0,0.65383,0.0,0.0,0.0,0.0,0.0066799999999999,0.0,0.0,0.2321099999999999,0.01428,0.0,0.39042,0.0,0.0,0.0,0.0,0.0,0.0,0.03137,0.01524,0.0,0.0,0.0,0.0135,0.0,0.0,0.0285699999999999,0.0,0.0,0.00704,0.0,0.0,0.0015,0.3639,0.00146,1.67227,0.0167,0.01287,0.0,0.05406,0.0,0.0,0.0,0.0305399999999999,0.0,0.0,0.0,0.0,0.0,0.0,0.0,0.0,0.0,0.0,0.0,0.11419,0.0,0.03363,0.0,0.06429,0.10184,0.0,16.356599999999993
37035_1#23,0.0,19.42347,0.10554,0.5122800000000001,0.1947,0.0,1.04498,0.2836599999999999,0.0,0.17525,0.00609,0.52781,0.1016,0.0,0.0,0.0,0.8567799999999999,0.01174,0.0229599999999999,2.41437,0.0038399999999999,0.0,0.0853,31.27873,1.02557,0.50147,10.13931,0.05895,0.2073199999999999,0.0,0.0,0.01177,0.05291,0.0,0.07451,0.0,0.0,0.00117,0.14993,0.0,0.22629,0.6019800000000001,1.12724,1.43541,0.0,0.06518,0.3246,4.07042,0.12728,0.0,0.0,0.12044,0.0,8.492180000000001,0.75865,0.01473,0.27528,0.07143,0.0,0.03845,0.23854,0.0,0.0,0.0,0.0,0.04973,0.82399,0.0568,0.1122099999999999,0.01787,0.00221,0.00418,0.0,0.0,0.0,0.081,0.0,0.0,0.0,0.0,0.0,0.01311,0.56521,0.05703,0.0,0.33132,0.0,0.00968,0.27407,0.0,0.0,0.0,0.22744,0.0,0.0,0.00401,0.0,0.0,0.0,0.20942,0.0,0.01304,0.01587,0.0,0.03387,0.0,0.0,0.40073,0.09738,0.0,0.0,0.0,0.08602,0.0,0.03893,0.0,0.0,0.18522,0.0,0.0,0.0,0.021,0.152,0.0,0.0,0.0,0.46061,0.15224,0.01882,0.0,0.0,0.16475,0.0,0.0,0.01781,0.0,0.0,0.0009699999999999,0.0,0.0440399999999999,0.0,0.00717,0.0,0.0,0.0,0.0,0.0,0.0,0.0,0.0,0.0,0.0,0.0,0.0,0.0,0.0,0.0,0.0,0.06749,0.0,0.0,0.0,0.0,0.0,0.0,0.10973,0.0,0.0,0.0,0.0,0.0073599999999999,0.0,0.00252,0.0,0.0,0.0,0.0,0.079,0.02823,0.0350899999999999,0.0,0.0,0.0,0.0,0.0,0.0,0.0,0.0,0.0,0.0,0.03837,0.0717,0.0,0.05755,0.0,0.0,0.0,0.0,0.0,7.493099999999995
37035_1#24,0.01389,0.09041,0.0,0.96993,1.08953,0.0365399999999999,11.9162,0.0,0.04849,1.2025,0.32498,2.13465,0.0,0.0,0.6559999999999999,2.27313,1.89261,1.29881,0.0,0.09416,1.7757599999999998,0.0,1.07138,0.3406,0.0,0.47268,0.91335,0.09285,2.49918,0.0,0.1362,0.0,0.18846,0.0,0.4331,0.0,0.10687,0.13665,0.02247,0.0,0.0,0.0,0.16739,0.0,0.0,0.0,0.0038299999999999,1.3184,0.0,0.0,0.0,0.00103,0.16308,2.30148,1.88301,2.2616400000000003,2.79216,0.00849,0.34039,0.61561,1.01636,0.01069,0.0,0.0,0.4491199999999999,0.0,0.0,0.09105,0.0,0.05914,0.0,0.0,0.56147,0.0,0.0,0.48515,0.58114,0.02936,0.0,0.04913,0.0,0.8987299999999999,2.15918,0.0,0.05665,0.0409,0.0,0.00794,0.2086599999999999,0.0,0.01113,0.0,0.19065,0.0,0.03324,0.13038,3.3421,0.0,0.14121,2.41364,0.00704,0.0,0.38226,0.08715,0.03687,0.0,0.00655,1.36291,0.0523799999999999,0.0,0.0,0.3718,0.0,0.0,0.4214,0.0,0.08435,0.2696699999999999,0.0,0.0,0.0,0.5363399999999999,0.15811,0.0,0.2126699999999999,0.0,0.09866,0.0,0.00566,0.07629,0.0,0.0,0.0,3.4462,0.78261,0.0,0.0,0.14589,0.0,1.09658,1.30334,0.0,0.06142,0.0,0.0,0.03711,0.74064,0.00598,0.00962,0.01661,0.00476,0.70892,0.0,0.0,0.0,0.01261,0.17822,0.0,0.0,2.76975,0.5881,0.09863,0.0,0.0,0.08355,0.0,0.13341,0.0,0.22002,0.0,0.1804599999999999,0.00223,0.45255,0.0,0.01815,0.0,0.0,0.0326,0.02986,0.0,0.0,0.0,0.0,0.0,0.0,0.0,0.0,0.0,0.0,0.0,0.0,0.0,0.38595,0.0,0.28253,0.01184,0.0,0.0,0.0,24.934840000000012
37035_1#25,0.0,1.82443,0.0,0.11175,0.2981,0.00424,4.11977,0.01286,0.0,13.00333,0.07062,0.63876,0.0875,0.0,0.09897,0.0,0.7912,0.04145,0.0186099999999999,0.36745,0.02126,0.0,0.46413,0.2591,0.0,0.14372,4.283440000000001,0.00195,0.5432,0.0,0.0,0.00063,0.0,0.0,2.9590400000000003,0.0,0.02483,0.00811,0.03391,0.0,0.0,0.0,0.6696300000000001,0.39388,0.01738,0.03656,0.01896,0.2062,0.1467,0.02719,0.0,0.01396,0.02903,1.8257,1.27255,0.03017,0.4712399999999999,0.01529,0.0,0.21788,1.59541,3.25033,0.0,0.04306,0.11173,0.33668,0.0025399999999999,0.8953200000000001,0.30023,0.0,0.0,0.0043,0.03108,0.0,0.39388,0.02207,0.22235,0.0,0.05276,0.0,0.1268,1.48116,0.45902,0.00689,0.0,0.2070699999999999,0.0,0.0878,0.12914,0.0,0.10767,0.0299399999999999,0.07363,0.0,0.00678,0.0,0.7425,0.01309,0.0,0.0200599999999999,0.05611,0.00417,1.54275,0.0607,0.0822,0.0,0.02183,0.43532,0.04435,0.0,0.0,0.15841,0.00251,0.08781,0.1423299999999999,0.0,0.0,0.08498,0.0086,0.26829,0.0,0.30333,0.21329,0.0,0.27519,0.02063,0.1820099999999999,1.06064,0.03759,0.10472,0.0,0.10629,0.0,0.0,0.0011,0.0,20.72583,0.01782,0.0,0.25217,0.08048,1.13002,0.48966,0.50445,0.0,0.13416,0.0,0.01121,0.02107,0.0,0.0,0.0,0.02088,0.00246,0.0,0.02495,0.0,0.03945,0.0,1.02337,0.09942,0.01671,0.02306,0.0252599999999999,0.0,0.80529,0.03543,0.0,0.01485,0.0384399999999999,0.6159,0.09441,0.0005,0.34296,0.0246599999999999,0.0,0.10664,0.0,0.05355,1.16946,0.0262899999999999,0.0,0.0,0.0,0.0,0.0,0.0,0.0,0.00966,0.0,0.09612,0.28748,0.04196,0.68882,0.0,0.11679,0.17262,0.0,0.0,18.932619999999964
37035_1#26,0.0,0.34838,0.0,1.45713,0.04825,0.0,2.48949,0.5100600000000001,0.0,0.13744,0.06608,1.09541,0.5889,0.0,0.0,7.1849300000000005,0.767,0.0,0.0,0.39744,0.06411,0.0,0.07332,61.21777,0.01278,0.21194,0.02403,0.0,0.18868,0.0,0.0,0.0,0.0,0.0,0.03236,0.0,0.0,0.00175,0.04611,0.0,0.0,0.0,0.0,0.26894,0.0,0.00899,0.0,0.31388,0.0,0.0,0.0,0.0,0.00029,4.27744,3.69893,0.0,0.7874899999999999,0.01578,0.0,0.02666,0.01678,1.85234,0.0,0.0,0.00475,0.05292,0.0100299999999999,0.96831,0.0,0.0,0.0,0.0,0.0,0.0,0.0,0.02155,0.01007,0.0,0.0,0.0,0.01963,0.12966,0.18764,0.0,0.0,0.0,0.0,0.0,0.01068,0.0,0.0,0.0,0.40646,0.0,0.01153,0.03712,1.97318,0.0,0.0,0.04988,0.0,0.0,0.17724,0.0,0.0059299999999999,0.0,0.00294,0.29094,0.0666,0.0,0.0,0.00597,0.01927,0.0,0.0169099999999999,0.0,0.0,0.23734,0.0,0.0,0.0,0.1481299999999999,0.0,0.01475,0.0,0.12544,0.09904,0.30289,0.03098,0.0,0.0,0.46896,0.0,0.0,0.0,0.0,0.5094,0.0,0.0,0.0116099999999999,0.0,0.0711,0.0153199999999999,0.0,0.0,0.01829,0.01769,0.0,0.0,0.0,0.0,0.0,0.0,0.0,0.0,0.0,0.0,0.0,0.04612,0.0,0.0033299999999999,0.0,0.0,0.0,0.0,0.12563,0.0,0.0,0.0,0.0,0.0,0.0010199999999999,0.0081599999999999,0.0,0.0,0.0,0.0,0.0,0.0,0.13209,0.00703,0.0,0.0,0.0,0.0,0.0,0.0,0.0,0.0,0.0,0.0100299999999999,0.01696,0.0,0.01445,0.0,0.02095,0.00794,0.0,0.0,4.825259999999947
37035_1#27,0.0,0.30838,0.0,1.79836,0.10227,0.0,3.99494,0.32206,0.0,0.15824,0.06939,1.39503,0.78682,0.0,0.0,8.47082,0.96038,0.00447,0.0,0.76663,0.1301,0.0,0.14998,50.40522,0.00073,0.31162,0.05658,0.00205,0.2514099999999999,0.0,0.0,0.0,0.0,0.0,0.03723,0.0,0.0065099999999999,0.0151,0.11515,0.0,0.0,0.0,0.0,0.22236,0.0,0.00331,0.0036299999999999,0.64584,0.0,0.0,0.0,0.0,0.00935,4.54365,5.28253,0.0,1.01021,0.03798,0.0,0.0620299999999999,0.02443,2.13939,0.0,0.0,0.01569,0.05436,0.03095,1.4393200000000002,0.0,0.0,0.0,0.0,0.0,0.0,0.0,0.05137,0.02084,0.0,0.0,0.0,0.02972,0.1488799999999999,0.103,0.0,0.0,0.0,0.0,0.0,0.0066799999999999,0.0,0.0,0.0,0.49504,0.0,0.01102,0.01986,2.20669,0.0,0.0,0.07356,0.0009,0.00033,0.26148,0.0,0.01567,0.0,0.00172,0.33979,0.07968,0.0,0.0,0.0155699999999999,0.04091,0.0,0.02661,0.0,0.0,0.3034,0.0,0.0,0.0,0.21474,0.0,0.02308,0.0,0.11442,0.1877599999999999,0.3562099999999999,0.02289,0.00518,0.0,0.3357699999999999,0.0,0.0,0.0,0.0,0.52694,0.0,0.0,0.0,0.0,0.0554,0.01869,0.0,0.0,0.03197,0.03176,0.00658,0.0,0.0,0.0,0.0,0.0,0.0,0.0,0.0,0.00602,0.0,0.13404,0.0,0.01267,0.0,0.0,0.0,0.0,0.14772,0.0,0.0012699999999999,0.0,0.0,0.0,0.00058,0.00285,0.0,0.00536,0.0,0.0,0.0,0.0,0.1178599999999999,0.00341,0.0,0.0,0.0,0.0,0.0,0.0,0.0,0.0,0.0,0.00528,0.03128,0.0,0.03495,0.0,0.03056,0.0135199999999999,0.0,0.0,7.124019999999988
37035_1#29,4.78605,4.3217,2.34715,0.4707699999999999,0.38211,0.01553,2.7795,7.79126,0.0,2.18877,0.14026,0.80643,2.29073,1.7532299999999998,0.00406,0.0091,1.7312299999999998,0.07244,0.14828,3.16505,0.01522,1.21115,2.82024,0.06009,1.69599,2.42591,0.05365,0.04152,0.0405,1.71677,0.04171,0.45324,0.93481,0.22737,0.06314,0.0,0.13357,0.07616,0.00059,0.70616,0.01218,0.01394,0.0,0.0,0.00808,0.0,0.25443,0.59101,0.0,0.0,0.0,0.0,0.0,1.03834,0.7109300000000001,0.0,0.0,0.01968,0.0452399999999999,0.71216,0.06312,0.0,0.0,0.00221,1.59925,0.0,0.0,0.32388,0.0,0.0,0.0,0.0,0.0,0.03275,0.00307,0.19608,1.35715,0.0,0.0406199999999999,0.0,0.04915,0.39636,0.09561,0.0,0.00526,0.00847,0.03491,0.0,0.0,0.0,0.00081,0.0,0.0,0.0,0.0033799999999999,0.0,0.60543,0.0186099999999999,0.02694,0.05934,0.13441,0.00133,0.17098,0.0557,0.00121,0.0,0.01709,0.0,0.0,0.0,0.15308,1.00371,0.0,0.03279,0.0,0.0,0.0,0.0,0.00329,1.68928,0.04334,0.0,0.03061,0.0,4.33868,0.08473,0.0,0.0,0.0248,0.0,0.00439,0.0,0.0,0.0,0.01485,0.0,0.22433,0.49995,0.0,7.806,1.14743,0.0,0.0,0.20705,0.0,0.0,0.03094,2.31516,0.23626,2.59507,0.11248,0.1122599999999999,0.01001,0.01289,0.0,0.06164,0.00409,0.68153,0.0,0.0372,0.0,0.04777,0.04246,0.02223,0.03503,0.0,0.06875,0.0,0.0,0.0,0.05637,0.01054,0.0,0.14139,0.0013,0.00794,0.02448,0.01465,0.0,0.0,0.0,0.06031,0.54299,0.0,0.01826,0.0,0.06044,0.0,0.04202,0.01499,0.0,0.0,1.46963,0.0,0.0,1.12322,0.0,0.02716,0.0304899999999999,15.989190000000013
37035_1#2,0.16789,0.06426,0.04085,0.1250099999999999,0.13529,0.2371199999999999,1.53235,1.6005,0.0244,8.49343,0.0354,0.42199,0.02446,0.15141,0.0,0.32624,1.17097,0.03904,0.0914,0.67068,0.4587199999999999,0.0372199999999999,0.23368,0.01222,0.0,1.04394,0.15007,0.1899799999999999,0.05766,0.0,0.14156,0.01935,9.2152,0.04079,0.07726,0.0,0.19776,0.2244,0.21982,0.0,0.03565,0.0505199999999999,0.0,0.0,0.0,0.0,0.0,1.37791,0.0,0.0,0.09041,0.11688,0.0,0.96094,3.11051,0.0,0.1413299999999999,0.1462,0.15997,1.82855,0.1971099999999999,0.26526,0.0,0.28462,1.63273,0.0,0.0,0.22746,0.70823,0.00133,0.09183,0.0294399999999999,0.02428,0.08811,0.13878,0.18747,0.18606,0.0,0.04757,0.1543,0.02791,6.162730000000001,0.07456,0.0,0.04085,0.00665,0.02555,0.03498,0.01715,0.01272,0.01896,0.05083,0.0,0.02391,0.0,0.0,0.5079199999999999,0.00367,0.19071,0.0204,0.33004,0.31799,0.1638099999999999,0.04481,0.01687,0.0413199999999999,0.43204,0.0,0.0,0.0,0.0,0.70536,0.0064099999999999,0.0533,0.00903,0.00707,0.0,0.0,0.0277199999999999,0.23049,0.13445,0.088,0.0,0.0,0.38778,0.0,0.0,0.0,0.01989,0.0,0.0,0.0,0.00482,0.0,0.00758,0.0,0.0,0.0,0.1114599999999999,0.0,0.21475,0.0,3.03343,0.0,4.10712,0.06667,0.15061,0.3847,0.40995,0.24624,0.17222,0.29047,0.14599,0.08662,0.0,0.08066,0.02497,0.1213099999999999,0.35765,0.6261899999999999,0.0,0.29306,0.6834,0.0,0.28191,0.01998,0.18883,0.53763,0.0,0.0,0.03695,0.07952,0.0,0.03078,0.0,0.00925,0.0,0.0,0.02628,0.0,0.08661,0.0,0.05786,0.03209,0.0,0.0,0.0,0.0,0.01771,0.0,0.0,0.0,0.7894100000000001,0.0,0.07752,0.40696,0.01407,0.00443,0.01584,35.47484999999998
37035_1#30,0.82196,0.00885,2.20918,0.04992,8.8802,0.5232,0.22063,8.149460000000001,0.0,1.25186,0.0,0.13435,5.2428,1.39732,0.0,0.09152,0.2998699999999999,0.02531,0.31288,0.8895299999999999,0.28141,0.37563,0.16635,0.01252,0.0,2.56727,3.26373,0.12692,0.02005,0.00562,0.26532,0.18273,0.2767699999999999,0.02745,0.00106,0.03707,0.04303,0.37166,1.3299,0.0,0.0,0.0,0.0,0.0,0.0,0.0,0.0,29.28779,0.0,0.0,0.0,0.0,1.82707,0.31185,0.0,0.0,0.0,0.16906,0.0,1.33733,0.00503,0.0,0.0,0.00503,0.80418,0.0,3.2172400000000003,0.01355,1.16856,0.0,0.0,0.0,0.0,0.0,0.0,0.0,0.89786,1.48124,0.25595,0.0,0.0277,0.8775799999999999,0.0,0.0,0.0,0.0,0.0,0.0,0.0,0.01753,0.0009199999999999,0.0,0.0,0.0,0.0,1.24639,0.0,0.0,0.0,0.0,0.0686399999999999,0.0,0.05717,0.0,0.00385,0.0,0.06267,0.0,0.0,0.32127,0.0,0.16222,0.0,0.0,0.0,0.0,0.0,0.0,0.0,0.16827,0.0,0.0,0.0,0.0,0.36732,0.04024,0.0,0.0,0.0,0.0,0.0,0.0,0.00832,0.05667,0.0,0.0,0.0,0.2313199999999999,0.0,0.0,0.0,0.0,0.0,0.0,0.10757,0.0,0.0,0.0,0.18219,0.0,0.0,0.0,0.07436,0.11339,0.0,0.26771,0.0,0.0,0.0,0.0,0.8706,0.0,0.0,0.0,0.09015,0.0,0.03735,0.0,0.0,0.0,0.0,0.00075,0.0,0.0,0.0,0.00451,0.0,4.84756,0.0,0.0,0.0,0.0563,0.0,0.09594,0.08906,0.16192,0.01095,0.06192,0.0,0.0,0.0,0.0,0.0,0.0,0.0,0.0,0.0,0.0,0.0386,8.526020000000035
37035_1#31,0.16283,2.11621,2.63488,3.41224,31.56756,0.7246199999999999,0.8404200000000001,20.35838,0.0,2.8860900000000003,0.2214699999999999,0.10237,9.70824,0.0367399999999999,0.00358,0.56663,0.1001799999999999,0.00197,0.0197199999999999,1.2731,1.26325,0.0099,1.79893,0.04678,0.01749,0.66679,1.6777799999999998,0.3286,0.04831,0.0,0.0107099999999999,0.50858,0.48025,0.0,0.0,0.0,1.86165,0.0,2.5493200000000003,0.0,0.05261,0.08106,0.0,0.0,0.0,0.0,0.0,0.0,0.0,0.0,0.0,0.00617,0.0,0.0,0.0,0.0,0.0,0.36395,0.0,0.0,0.03025,0.0,0.0,0.0,0.0758799999999999,0.0,0.0,0.12833,0.94749,0.0,0.0,0.0,0.0,0.31872,0.0,0.0,0.20488,0.0,0.0,0.0,0.0,0.0,0.0,0.0,0.0,0.08815,0.0,0.0,0.0,0.0,0.0,0.0,0.0,0.0,0.0,0.0,0.0,0.0,0.0,0.0,0.0,0.0,0.02392,0.0,0.0,0.0,0.0,0.0,0.0,0.52472,0.17698,0.0,0.0,0.0,0.0,0.0,0.0,0.0,0.0,0.27984,0.0,0.0,0.0,0.0,0.0,0.0,0.0,0.0,0.0,0.0,0.0,0.0,0.0,0.0,0.0,0.03256,0.0,0.0,0.0,0.0,0.0,0.0,0.0,0.0,0.0,0.0,0.0,0.0,0.0,0.0,0.0,0.0,0.0,0.0,0.0,0.0,0.0,0.0,0.0,0.0,0.00107,0.0,0.0,0.0,0.0,0.0,0.0,0.0,0.0,0.0,0.0,0.0,0.0,0.0,0.0,0.0,0.0,3.798,0.0,0.0,0.0,0.19451,0.0,0.0,0.0,0.12641,0.0,0.0,0.0,0.03836,0.0,0.0,0.0,0.0,0.0,0.0,0.0,0.0,0.0,4.5005700000000255
37035_1#32,1.04613,0.47623,0.15474,0.13043,3.01563,0.02634,0.34501,12.53767,0.14749,2.53425,0.0,0.1072299999999999,4.80013,0.33946,0.0,0.0,0.50559,0.28673,0.08047,0.8481299999999999,0.5275,0.2486199999999999,0.23489,0.0,0.04807,1.43935,1.34573,0.19594,0.02154,0.0,0.11896,0.0129,0.06905,0.03267,0.0,0.0,0.1424099999999999,0.19971,1.3161,0.0,0.01403,0.0254199999999999,0.0,0.0,0.0,0.0,0.70962,13.61535,0.18759,0.2579599999999999,0.0,3.77466,1.5915700000000002,0.12163,1.5535,0.0,0.0,0.0,0.06043,1.42741,0.01646,0.10617,0.0,0.07927,0.4281,0.0,0.0,0.17085,2.20933,0.0,0.15399,0.02005,0.00055,0.0,0.10124,0.03746,1.5993700000000002,1.15467,0.00253,0.0,0.21836,1.85728,0.12027,0.0,0.16327,0.0,0.02913,0.00664,0.02585,0.01134,0.0,0.20245,0.07012,0.02245,0.01037,1.58556,0.3077,0.00966,0.1420799999999999,0.0,0.11595,0.0,0.20581,0.04135,0.02696,0.00949,0.22685,0.0,0.0,0.06001,0.10032,2.33074,0.00541,0.02199,0.0,0.00285,0.96663,0.00942,0.02636,0.06819,0.34074,0.00271,0.0,0.0,0.97921,0.0,0.0,0.0,0.0118599999999999,0.0,0.0182,0.01304,0.01024,0.0,0.0,0.0,0.0,0.5202399999999999,0.00932,0.18713,0.0935,0.0,1.36454,0.37885,0.10219,0.0541799999999999,0.01952,0.13764,0.09817,0.06113,0.72318,0.00603,0.2601699999999999,0.19555,0.06675,0.17979,0.02995,0.87464,0.0,0.0,0.5886600000000001,0.1196599999999999,0.8253799999999999,0.03897,0.06538,0.0,0.16794,0.0,0.0208199999999999,0.0,0.03205,0.01364,0.0,0.0,0.00223,0.0,0.0,0.25884,0.0,0.0,0.02775,0.0333,0.0,0.08137,0.00394,0.0637799999999999,0.0,0.0,0.0,0.8279299999999999,0.0,0.0,0.21669,0.0,0.09008,0.38492,0.0,0.07445,0.06408,17.504500000000053
37035_1#3,8.35412,0.17071,0.04303,0.0671799999999999,0.19488,0.03646,0.59414,3.3451,0.0,3.76297,0.0,0.06894,7.10588,0.52131,0.0,0.0,1.78607,0.84559,0.30522,5.47082,0.00143,0.00659,0.39818,0.0335699999999999,0.80829,3.00827,0.12103,1.86229,0.04256,0.1078799999999999,0.68545,0.03948,0.11523,0.05261,0.23742,0.03283,0.0,0.02533,0.05824,0.03924,0.00312,0.00399,0.0,0.0,0.00346,0.0,0.0,1.63239,0.07601,0.16919,0.0,0.0,0.12208,4.38021,0.0,0.00584,0.0,0.04718,0.0,2.62636,0.16791,0.0768399999999999,0.0,0.01154,1.43405,0.0,0.0,0.18384,0.0,0.0,0.1426599999999999,0.03292,0.0,0.0,9.91553,0.26136,5.5000800000000005,0.0,1.33293,0.0,0.0055299999999999,10.83403,0.0,0.0,0.12579,0.00892,0.0,0.0,0.0,0.04745,0.00374,0.0,0.0,0.00322,0.0,0.64728,0.0,0.0,0.0,0.10101,0.0,0.09082,0.04906,0.04227,0.01953,0.0,0.02555,0.0,0.02141,0.04463,0.0510899999999999,1.41426,0.00099,0.0,0.59563,0.08759,0.07818,0.0,0.0,0.0,0.0,0.1093,0.0,0.0,0.0,0.09405,0.0,0.0,0.0,0.0,0.0,0.0,0.0036299999999999,0.0,0.01098,0.0,0.03813,0.0,0.314,0.0,0.0,0.0,0.0,0.0,0.0,0.0,0.0,0.0,0.0,0.0,0.07675,0.19644,0.0,0.26431,0.0,0.22964,0.0,1.26824,0.0,0.6424,0.0055899999999999,0.0381,0.1593099999999999,0.0,0.2559599999999999,0.0,0.03936,0.0,0.0,0.0,0.0256,0.0691799999999999,0.0,0.0,0.0609899999999999,0.0,0.0578399999999999,0.0,0.0,0.0,0.3409,0.00199,0.0,0.0,0.0,0.0,0.00891,0.00342,0.0,0.0,0.0,0.0,0.0,0.0,0.13719,0.0,0.0,0.01237,0.09838,12.66123
37035_1#4,0.0,0.00474,0.0,0.74217,0.0,0.0,1.6982099999999998,0.06348,0.0,0.85219,0.00255,0.65852,0.0367199999999999,0.0,0.0,0.06213,0.5518,0.0,0.13665,0.19671,0.0,0.0,0.43315,10.55749,1.8406,0.00358,6.0727,0.0,0.24179,0.0,0.06264,0.0,1.2031,0.0,0.27066,0.0,0.0,0.00056,0.0090599999999999,0.0,0.0,0.0075,0.0655,0.09352,0.0,0.0,0.01957,0.4530899999999999,0.0,0.0377,0.0,0.0151199999999999,0.0035,1.06298,1.30293,0.0,0.3411099999999999,0.0,0.0,0.0783399999999999,0.04772,0.11967,0.0,0.01543,0.0281,1.29416,0.02738,0.59723,0.0049299999999999,0.0,0.0,0.0,0.0,0.0,0.0,0.02354,0.15899,0.0,0.0,0.0,0.0118,0.0,0.67088,0.00392,0.0,0.08649,0.0,0.00627,0.07045,0.0,0.0,0.0,0.0,0.0,0.0,0.15969,0.89386,0.0,0.00703,0.11435,0.05559,0.0015,0.4487,0.23645,0.02277,0.0,0.0,0.06611,0.0763,0.0,0.0,0.00951,0.0,0.04798,0.0321199999999999,0.0,0.0,0.19352,0.0,0.12535,0.0,0.3528,0.01866,0.03688,0.70828,0.0,0.0,0.96552,0.29755,0.0,0.0,0.2266099999999999,0.0,0.0,0.03041,0.0,0.0,0.0,0.0,0.8787200000000001,0.03285,0.0426,0.00482,0.0,0.0,0.00828,0.23614,0.51679,0.0,0.0,0.0,0.0,0.03351,0.0,0.0,0.0,0.0,0.0,0.0,0.97906,0.0,0.0,0.0,0.0,0.01779,0.33592,0.0,0.00468,0.0,0.1189099999999999,0.0,0.0036,0.02769,0.1016,0.0,0.0,0.0,0.0,0.03198,0.0283399999999999,0.28049,0.0,0.0,0.0,0.0,0.0,0.0,0.0,0.0,0.0,0.0,0.37485,0.0,0.0,0.00861,0.0,0.0,0.0,0.0,58.456210000000006
37035_1#5,0.0,3.76833,0.0,3.37083,0.67742,0.0119,3.91522,1.00161,0.0,1.63353,0.0,2.20739,1.88362,0.0,0.0,0.28602,1.31039,0.03516,0.0,1.64113,0.0,0.0,0.64449,0.16353,0.16004,1.44847,2.80294,0.0,0.22465,0.0,0.02581,0.0,0.00431,0.0,0.09,0.0,0.0287,0.0,0.07217,0.0,0.0,0.0,0.33413,0.03242,0.012,0.0,0.24369,3.62355,2.27719,0.0,0.0,0.1146599999999999,0.1009999999999999,11.94447,6.9408,0.25989,1.01706,0.0836799999999999,0.0,0.01034,0.06397,0.83193,0.0,0.06842,0.00327,5.69249,0.2574099999999999,2.12142,0.70463,0.0317,0.0,0.00301,0.0,0.6150800000000001,1.96695,0.05112,0.06296,0.01089,0.0,0.08337,0.02494,0.11574,1.6649,0.0,0.0,1.13802,0.0011099999999999,0.30655,0.4384399999999999,0.0,0.02203,0.0,5.90652,0.0,0.0,0.0064,0.9448,0.01163,0.11469,0.17453,0.0,0.0,0.39311,0.0799,0.03734,0.00767,0.02607,0.3427699999999999,0.09456,0.0,0.0,0.0,0.0,0.0,0.3035,0.0,0.0,7.551130000000001,0.0289,0.09096,0.00416,0.2240199999999999,0.02986,0.0,0.0,0.20978,0.4946899999999999,0.8357899999999999,0.15717,0.0,0.00698,0.05872,0.0,0.0,0.05309,0.0,0.0,0.0,0.0,0.0,0.0,0.0,0.0,0.0,0.0,0.0,0.0,0.0,0.0,0.0,0.0,0.0214,0.0,0.0,0.01409,0.0,0.0,0.09704,0.0297,0.0,0.07363,0.0,0.0,0.0,0.08355,0.40191,0.0,0.00634,0.0,0.0,0.0,0.0350899999999999,0.10804,0.08505,0.0,0.0,0.0,0.04172,0.0,0.17212,0.0,0.0,0.0,0.0,0.0,0.0,0.0,0.0,0.0,0.0,0.15597,0.0,0.0,0.37533,0.00718,0.0,0.0009,0.0,0.0,9.419310000000007
37035_1#6,0.0,0.0,0.0,1.46053,0.13204,0.00809,4.90232,0.02292,0.0215199999999999,0.5332600000000001,0.19598,2.5201,0.80745,0.0,0.0,5.56572,1.24646,0.15728,0.01885,1.29049,0.0009,0.0,0.50203,1.30699,23.84401,0.95229,0.63202,0.0,0.37784,0.0,0.0998899999999999,0.0,0.02566,0.0,0.0,0.0,0.00156,0.0,0.0,0.0,0.0,0.0,0.00298,23.9848,0.0087599999999999,0.06273,0.21643,2.02988,0.0,0.0,0.0,0.0,0.0,10.70435,0.07546,0.2324,0.47667,0.01484,0.0,0.0,0.20133,0.0,0.0498,0.0,0.0,0.0,0.11247,0.73483,0.0,0.9261,0.0,0.0,0.0,0.0147,0.0,0.0,0.01799,0.0,0.00156,0.0,0.0,0.0,1.09375,0.0,0.12052,0.42176,0.0,0.0,0.1083799999999999,0.0,0.0853299999999999,0.0,3.29774,0.0,0.0,0.0,0.86041,0.01222,0.0,0.36428,0.0,0.0,0.11348,0.0,0.01917,0.03471,0.0,0.89794,0.0,0.0,0.00049,0.0,0.04663,0.0,0.01544,0.0,0.02124,0.42616,0.0,0.0,0.0,0.12136,0.0,0.03852,0.0,0.0,0.79137,0.22616,0.06832,0.0,0.0,0.0070599999999999,0.0,0.04805,0.01197,0.0,0.0707899999999999,0.0,0.0,0.0,0.0,0.0,0.0,0.0,0.0,0.0,0.0,0.0,0.0,0.0,0.0,0.0,0.0,0.0,0.0,0.0,0.0,0.0,0.0,0.0,0.0,0.0,0.0,0.0,0.0,0.0075299999999999,0.0,0.01965,0.0,0.0,0.0,0.0,0.03006,0.0,0.0,0.0,0.0,0.0,0.0,0.0,0.0,0.0,0.0,0.0,0.0,0.0,0.0,0.0,0.0,0.80897,0.04393,0.0,0.0,0.0,0.0,0.0,0.0,0.0,0.0,3.2723299999999598
37035_1#7,0.0,1.222,0.0,0.12842,0.16976,0.09766,1.09462,0.08862,0.16204,0.5089899999999999,0.0,1.42895,0.15719,0.0,0.0,0.08004,0.45947,0.06397,0.0,0.1020799999999999,0.0,0.0,1.48511,21.02393,0.16525,0.14507,5.34806,0.0,0.22121,0.0,0.00611,0.0,0.0,0.0,0.02613,0.0,0.0,0.0,0.0006799999999999,0.0,0.02608,0.13769,0.20177,0.37542,0.0,0.0194599999999999,0.0,1.7567,0.01526,0.04256,0.0,0.04994,0.0,3.44314,1.32756,0.07824,2.44139,0.00471,0.0,0.0,0.18581,0.0,0.28561,0.0,0.0,1.40487,0.0264399999999999,0.28484,0.0,0.01093,0.0,0.00042,0.0,0.04137,0.24475,0.0,0.00362,0.0,0.0,0.00043,0.0,0.0,3.83185,0.106,0.0206,0.56842,0.0055299999999999,0.0,0.16745,0.0,0.0,0.0,0.44723,0.01252,0.0,0.04227,0.1337,0.00234,0.0,0.33729,0.0,0.0215099999999999,0.17524,0.01239,0.00224,0.0,0.0,0.48943,0.05289,0.0,0.0,0.0,0.00773,0.0,0.02189,0.0,0.00857,3.30709,0.0,0.00615,0.0,0.20713,0.13765,0.02326,0.0,0.08515,1.04673,0.05624,0.02818,0.0,0.0,0.15162,0.0,0.0,0.04149,0.0,0.0,0.0,0.0,0.43358,0.0,0.03933,0.0,0.0,0.0,0.0,0.0,0.0,0.0,0.0,0.0,0.00028,0.00419,0.0,0.0463,0.0,0.0,0.01473,0.01236,0.08906,0.0,0.0,0.0,0.0,0.0,0.27349,0.0,0.00151,0.0,0.0,0.0,0.0,0.17035,0.0,0.0,0.0,0.0,0.0,0.00132,0.10672,0.0,0.0,0.0,0.0,0.0,0.0,0.0,0.0,0.0,0.0,0.2276699999999999,0.0,0.0,0.1498799999999999,0.0,0.00367,0.0,0.0,0.0,40.273409999999956
37035_1#8,0.0,0.0,0.0,0.05563,3.00293,0.0,0.5189600000000001,6.373880000000001,0.0,17.68356,0.0,0.04236,2.67256,0.0,0.0,0.04722,0.16789,0.0905,0.01355,0.23203,0.0862899999999999,0.0,0.05457,2.9041900000000003,0.0118,0.51648,1.00265,0.17494,0.03568,0.0,0.04212,0.1251799999999999,0.3532099999999999,0.0,0.01055,0.0,0.15596,0.0920899999999999,0.08159,0.0,0.0,1.0555,0.0,0.06867,0.0,0.0,0.66664,20.17362,0.18853,1.32244,0.0096099999999999,0.25372,0.12192,0.29934,0.12629,0.0,0.0,0.11289,0.0,1.22743,0.01545,0.0,0.6132,0.21791,0.15784,0.14169,1.04861,0.03383,0.0,0.0,0.17827,0.0223,0.0326399999999999,0.0,0.0,0.24215,0.05306,0.35343,0.0,0.0,0.08145,1.41003,0.00424,3.29665,0.03937,0.17937,0.04824,0.0,0.09032,0.02401,0.0,0.0,0.0,0.0102099999999999,0.10335,0.09815,1.10039,0.00894,0.0,0.44636,0.0602399999999999,0.00798,0.0062299999999999,0.0099,0.0,0.0,0.1050099999999999,0.0,0.0,0.02045,0.0,0.34214,0.00893,0.00193,0.0,0.0,0.02676,0.0,0.01032,0.00439,0.03035,0.0,0.0,0.93105,0.00122,0.0,0.0,0.04046,0.0,0.1120599999999999,0.02289,0.0,0.00622,0.0,0.02963,0.0,0.0,0.00223,0.0,0.03199,0.0,0.26847,0.01375,0.0,0.01433,0.0,0.0113099999999999,0.08394,0.03664,0.00128,0.03005,0.0,0.04646,0.08839,0.0,0.0,0.0,0.17438,0.72014,0.01806,0.02483,0.05805,0.0259,0.0,0.21327,0.0,0.01204,0.0,0.0,0.0,0.0,0.00618,0.0,0.0,0.00413,0.0,0.0,0.09272,0.0,0.1184099999999999,0.0,0.0,0.0,0.0,0.0,0.0,0.0,0.0,0.0,0.0,0.0,0.0,0.01721,1.2891,0.0,0.0,0.0,0.0,0.0,22.592150000000004
37035_1#9,0.0,2.11813,0.0,0.05014,0.14825,0.0,6.15078,0.2519099999999999,0.16097,0.57577,0.6031,3.46225,0.02591,0.0,0.0,0.1045799999999999,1.60769,0.0,0.0,0.14274,0.0,0.0,0.1389099999999999,21.98505,0.00451,0.1579,0.0,0.0,0.4215399999999999,0.0,0.34318,0.0,0.38977,0.0,0.4669899999999999,0.0,0.0,0.0030399999999999,0.0,0.0,0.0,0.0616899999999999,0.0036799999999999,0.0,0.0,0.0,0.0,0.66674,0.0,0.07496,0.07354,0.02005,0.0,3.45406,11.05331,0.0,0.6412800000000001,0.0,0.0,0.0,0.06565,0.0,0.00584,0.0,0.0,0.0,0.0,0.11813,0.0,0.0,0.0,0.0,0.00647,0.10597,1.88611,0.0153599999999999,0.0084099999999999,0.0,0.0,0.02846,0.0,0.06479,3.13143,0.0038,0.0,0.0,0.0,0.0,0.33455,0.0,0.0,0.0151199999999999,5.11736,0.0,0.0,0.0917299999999999,5.82057,0.0,0.0,1.0721,0.0,0.0,0.22816,0.00652,0.0,0.0,0.0,0.30725,0.27136,0.0,0.0,0.0,0.0,0.0,0.19324,0.0,0.0,0.8188,0.0,0.0,0.0,0.26337,0.0,0.0,0.0,0.0,0.30657,0.0200599999999999,0.19163,0.63899,0.0,0.56802,0.0,0.0,0.0129699999999999,0.0,0.0,0.0,0.0,0.0,0.0,0.01155,0.0,0.0,0.02027,0.0,0.0,0.0,0.0,0.01248,0.0,0.0,0.0,0.0,0.0,0.0,0.0,0.0,0.0,0.0,0.31609,0.0,0.0,0.0,0.0,0.63955,0.0,0.0,0.0,0.0324,0.0,0.0,0.31425,0.0,0.0,0.0,0.0,0.00689,0.07931,0.90772,0.0,0.0,0.0,0.0,0.0,0.0,0.0,0.0,0.0,2.21792,1.39951,0.0,0.0,0.31384,0.0,0.0,0.0,0.0,0.0,16.64701
37035_2#10,3.90488,0.0401199999999999,3.24843,0.07508,2.92231,1.03406,0.82037,7.319789999999999,0.08086,5.75479,0.17022,0.05621,2.13964,2.08652,0.0,0.0,0.85021,12.01948,0.09985,0.56234,0.40048,0.7228899999999999,0.43182,0.18419,0.0,1.03751,1.6568200000000002,0.00705,0.0071,0.0,0.17559,1.06725,0.2373,0.40493,0.0,0.0,0.06615,1.1414799999999998,1.75161,0.00446,0.0067,0.06634,0.0,0.00805,0.0,0.0,3.33958,15.02608,0.0,0.0,0.0,0.0,0.0,0.60339,0.1271,0.0,0.0,0.21921,0.0,1.7114200000000002,0.10203,0.0,0.0,0.0,0.3571,0.0,0.0,0.00202,0.0,0.0,0.0,0.02301,0.0,0.0,0.0,0.00752,0.61543,0.0,0.39244,0.0,0.01042,1.47919,0.0,0.0,0.0,0.021,0.34294,0.0,0.0,0.00687,0.00074,0.0,0.00962,0.0,0.02058,0.0,0.0,0.0,0.0,0.0,0.05821,0.0,0.10212,0.0044,0.00246,0.0,0.0,0.0,0.0,0.09401,0.28213,0.1314799999999999,0.0,0.0,0.0,0.0381899999999999,0.8708100000000001,0.0,0.15841,0.06084,0.02528,0.02667,0.0,0.0,0.15517,0.0,0.0,0.0,0.0,0.39334,0.0,0.0,0.01177,0.0,0.0,0.00996,0.01431,0.77441,0.0,0.0,0.0,2.24096,0.1132099999999999,0.0,0.0,0.0,0.03135,0.99169,0.0,0.0,0.09251,0.14334,0.55255,0.02181,0.10651,0.05136,0.0,0.0,0.0,0.0,2.01074,0.28701,0.05256,0.10702,0.0,0.0,0.04311,0.0,0.00282,0.0,0.00086,0.0,0.0,0.0,0.019,0.03073,0.0,0.0,0.0,0.0,0.00565,0.16279,0.1131,0.01499,0.0734,0.11224,0.0,0.0,0.0,0.0,0.0,0.0,0.0,0.0,0.0,0.0133599999999999,0.0,0.00036,0.0063,12.404129999999983
37035_2#11,4.15437,0.43076,6.57096,0.0,1.95058,0.32525,0.52084,17.57195,0.0,6.51574,0.1885099999999999,0.12875,0.0,11.01755,0.0,0.61654,0.0,0.0,0.0,1.4090200000000002,0.0,0.0,0.0,0.0097,0.01568,0.02922,2.45033,0.05686,0.05119,0.22168,0.38042,0.0,0.40841,0.282,0.0,0.59029,0.0,1.01854,19.3569,0.05599,0.08911,0.00789,0.0,0.0,0.0,0.0,0.0,0.0,0.0,0.0,0.0,0.0,0.0,0.0,0.0,0.0,0.0,0.0,0.0,0.0,0.0,0.0,0.0,0.01371,0.0,0.0,0.0,0.0,0.0,0.0,0.0,0.0,0.0,0.0,0.0,0.0,0.0,0.0,0.0,0.0,0.0,0.0,0.0,0.0,0.0,0.0,0.0,0.0,0.0,0.0,0.0,0.0,0.0,0.0,0.0,0.0,0.0,0.0,0.0,0.0,0.0,0.0,0.0,0.0,0.0,0.0,0.0,0.0,0.0,0.19997,0.0,0.0,0.0,0.0,0.0,0.0,0.0,0.0,0.0,0.0,0.0,0.0,0.0,0.0,0.0,0.0,0.0,0.0,0.0,0.0,0.0,0.0,0.0,3.58056,0.0,0.0532399999999999,0.0,0.0,0.0,0.0,0.0,0.0,0.0,0.0,0.0,0.0,0.0,0.0,0.0,0.0,0.0,0.0,0.0,0.0,0.0,1.93618,0.0,0.0,0.0,0.0,0.0,0.0,0.0,0.0,0.0,0.0,0.0,0.0,0.0,0.0,0.0,0.0,0.0,0.0,0.0,0.0,0.0,0.0,0.0,0.0,0.0,0.0,1.55959,0.0,0.0,0.0,0.15818,0.0,0.0,0.0,0.0,0.0,0.0,0.0,0.0,0.0,0.0,0.0,0.0,16.073539999999987
37035_2#12,0.43068,0.22553,0.5985699999999999,0.75865,4.92855,0.75617,1.34041,10.09356,0.0,2.53359,0.0065099999999999,0.13564,6.17597,0.65213,0.04233,0.69315,1.23766,0.06258,0.15066,0.81505,0.95066,0.07985,0.23206,0.00356,0.00212,1.79172,4.3837,0.07965,0.05359,0.01309,0.02384,0.17948,1.94194,0.01649,0.0,0.00853,0.31965,0.20792,2.33913,0.02837,0.13145,0.01487,0.01064,0.05934,0.01092,0.0,0.0,1.40689,0.0,2.60524,0.0,0.0,0.23564,0.0,0.0,0.0,0.0,0.13727,0.09137,0.94593,0.0150099999999999,0.0,0.0,5.24169,0.09796,0.0,0.0,0.59948,0.0,0.0,0.0,0.0,0.0348399999999999,0.08563,0.0,0.01879,0.8457,0.0,0.04477,0.0,0.23593,1.88168,0.0,0.0,0.76076,0.04433,0.0,0.0,0.0,0.0,0.0,0.0,0.00144,0.0124599999999999,0.05547,0.0,0.10213,0.00042,0.4748699999999999,0.0,0.14679,0.00411,0.2198099999999999,0.03622,0.01828,0.00955,0.23134,0.0,0.0,0.05231,0.67277,0.9364,0.0,0.0,0.0,0.01244,4.50632,0.0,0.03423,1.26825,0.0,0.0142199999999999,0.0,0.0,0.5290600000000001,0.0,0.0,0.0,0.07051,0.0473899999999999,0.00186,0.0,0.01485,0.0,0.0,0.06333,0.00112,0.6817300000000001,0.38088,0.0,0.0,0.0,0.0,0.0,0.1209799999999999,0.0,0.0,0.06221,0.19849,0.11798,0.35443,0.02681,0.0168199999999999,0.19909,0.1942,0.0,0.0291899999999999,3.5441300000000004,0.0,0.66323,0.0664,0.0075,0.33474,0.00861,0.1362799999999999,0.0,0.02647,0.6080399999999999,0.0192099999999999,0.0,0.01211,0.01032,0.0,0.0,0.0006799999999999,0.00115,0.01112,0.0,0.0,0.0,0.05187,0.0,0.14555,0.09003,0.0,0.0495899999999999,0.01393,0.00073,0.0212699999999999,5.86501,0.0,0.0,0.02454,0.0,0.0,0.0515399999999999,0.0,0.00558,0.0088,16.45194000000007
37035_2#13,2.56366,0.0701,4.955030000000001,0.0223599999999999,4.58456,0.32953,0.0765,5.74351,0.0,0.0,0.0,0.00361,1.71694,1.80694,0.088,0.0187,0.00806,0.0,0.0493899999999999,0.11519,0.30654,0.5525100000000001,0.02273,0.0257699999999999,0.01065,0.03541,0.3566,0.00718,0.0,0.0362399999999999,0.3664699999999999,0.17482,0.0,0.07755,0.0,0.23751,0.01461,0.15623,1.68743,0.0,0.0284,0.05112,0.0,0.0,0.0,0.0,0.0,62.49222,0.0,0.0,0.0,0.0,0.0,0.19635,0.0,0.0,0.0,0.17712,0.0,0.89323,0.0,0.0,0.0,0.00335,0.42149,0.0,0.0,0.024,0.0,0.0,0.0,0.0,0.0,0.0,0.0,0.0,0.16584,1.0235299999999998,0.0,0.0,0.0,0.0,0.00398,0.0,0.0,0.0016699999999999,0.0,0.0,0.0,0.0,0.0,0.0,0.05171,0.0,0.0,0.10355,0.0,0.0,0.0,0.0,0.0,0.0,0.0,0.0,0.0,0.0,0.0,0.0,0.0,0.15755,0.0,0.0,0.0,0.0,0.0,0.0,0.0,0.0,0.0,0.0,0.0,0.0,0.0,0.0,0.0,0.0,0.0,0.0,0.0,0.0,0.0,0.0,0.0,0.0,0.0,0.0,0.0,0.0,0.0,0.0,0.0,0.0,0.0,0.0,0.0,0.0,0.0,0.0,0.0,0.0,0.0,0.0,0.0,0.0,0.0,0.46634,0.0,0.0,0.0,0.0,0.0,0.0,0.0,0.0,0.0,0.0,0.0,0.0,0.0,0.0,0.0,0.0,0.0,0.0,0.0,0.02855,0.0,0.0,0.0,0.0,0.0,0.0,0.34438,0.0,0.0775899999999999,0.09579,0.0,0.03691,0.0,0.0,0.0,0.0,0.0,0.0,0.0,0.0,0.0,0.0,0.0,6.935000000000009
37035_2#14,0.88345,0.0,0.01952,0.22623,0.90636,0.04483,0.62019,2.5978,0.0,4.50154,0.25217,0.16167,0.00021,0.5626800000000001,0.0,0.0149,0.32001,1.59119,0.04196,0.02494,0.1052599999999999,0.55729,0.03207,0.0,0.00036,0.63502,0.2833,0.71596,0.07072,0.0834299999999999,0.02464,0.83878,0.07066,0.12157,0.01184,0.0,0.00501,0.81726,0.47278,0.0,0.0,0.0,0.0,0.0,0.0,0.0,0.42593,3.20413,0.0,0.04058,0.0,0.0,1.0143799999999998,0.06197,0.0,0.0,0.0,0.0034,0.22426,2.62227,0.0,0.0,0.0,0.3438199999999999,0.46383,0.0,0.98326,0.01811,0.0,0.0,0.0,0.0,0.0,0.0,0.0,0.01715,0.5080600000000001,0.0,0.0,0.0,0.02713,5.844930000000001,0.0,0.71673,0.0,0.0,0.0,0.0,0.02788,0.0,0.0591,0.0,0.0,0.02886,0.07578,0.25513,0.06284,0.0,0.0,0.04676,1.56505,0.0,0.10885,0.0,0.0044,0.0,0.0,0.00835,0.0,0.01754,0.05862,1.70907,0.0,0.03047,0.0,0.0045899999999999,11.73275,0.0,0.0,0.11911,0.50592,0.0,0.0,0.0,1.5023,0.0,0.0,0.0,0.02213,0.0,0.01707,0.0,0.0,0.0,0.0,0.0,0.0,0.50993,0.0,0.22954,0.0,0.0,0.0,0.188,0.0,1.11915,0.32347,0.47851,0.08616,0.0,1.0908799999999998,0.7098800000000001,2.02769,0.06811,0.0,0.06081,0.2824,0.0,0.02171,0.07324,0.0,0.30316,0.29378,0.4434,0.13139,0.0,0.49267,0.0,0.97973,0.0,0.07979,0.00633,0.0,0.04936,0.13922,0.00609,0.0,0.3895099999999999,0.0,0.0,0.13188,0.02363,0.15739,0.0276399999999999,0.16887,0.05754,0.0073799999999999,0.09531,0.0,0.0,0.0,0.0,0.14337,0.0,0.0,2.57371,0.05873,0.03249,0.08326,33.75678000000004
37035_2#15,34.23381,1.2946799999999998,3.91146,3.48788,2.81555,0.40355,0.99539,10.86696,0.65728,0.70296,0.32484,0.0,4.03953,0.88551,0.02208,0.56353,1.02932,0.0,0.20195,2.2366900000000003,0.08381,0.82462,0.20448,0.0045899999999999,0.0141599999999999,0.60973,0.86313,0.1976,0.0338899999999999,0.12979,0.0,0.9876,0.4816899999999999,0.13402,0.00584,0.23881,0.05729,0.52476,1.01765,0.0,0.0,0.0,0.0,0.0,0.0,0.0,0.0031899999999999,0.0,0.0,3.59346,0.0,0.0,0.0,0.0,0.0,0.0,0.0,0.31718,0.0,0.6207,0.22512,0.0,0.0,0.0,0.6641600000000001,0.0,0.0,0.0,0.0,0.0,0.0,0.00456,0.34447,1.35007,0.0,0.0,1.29384,0.0,0.4207899999999999,0.0,0.0,1.72372,0.0,0.0,0.0,0.0,0.0,0.0,0.0,0.0,0.0,0.0,0.0,0.0,0.0,0.0,0.0,0.0,0.0,0.0,0.0,0.0,0.0,0.04196,0.00309,0.0,0.0,0.0,0.0,0.10509,0.0,0.85464,0.0,0.04074,0.0,0.0,0.0,0.0,0.0,0.00909,0.0,0.0,0.0,0.0,0.0,0.0,0.0,0.0,0.0,0.0,0.0,0.0,0.0,0.0,0.0,0.03406,0.0,0.0,3.28101,0.0,0.0,0.0,0.0,0.0,0.0,0.0,0.0,0.0,0.0,0.0,0.59449,0.01364,0.0,0.02741,0.0,0.30989,0.0,0.0,0.0,0.0,0.0,0.0,0.0,0.0,0.02712,0.0,0.0,0.67518,0.0,0.0,0.01054,0.0,0.0,0.0,0.0,0.0,0.0,0.83752,0.0,0.0,0.0,0.0,0.80002,0.07081,0.15739,0.1608099999999999,0.03491,0.39845,0.0,0.0,0.0,0.0,0.0,0.0,0.0,0.0,0.0,0.19305,0.05909,5.612310000000043
37035_2#16,2.23817,0.26524,3.42115,1.7971099999999998,6.35163,0.0298699999999999,0.39152,13.07967,0.0,5.54598,0.0307199999999999,0.15579,16.48035,0.7237600000000001,1.26683,0.1099599999999999,0.2509,0.0,0.30691,3.59554,0.66868,0.51276,0.0,0.02606,0.0,0.23367,2.6278900000000003,0.01896,0.00442,0.00656,0.08881,1.33722,1.16239,0.0,0.0127099999999999,0.11527,0.44272,0.18857,4.203880000000001,0.01794,0.03428,0.16015,0.0,0.0,0.0,0.0,0.0,0.0,0.0,0.41826,0.0,0.0,3.88987,0.0,0.0,0.0,0.0,0.0,0.0,0.48861,0.02769,0.0,0.0,0.00437,0.20429,0.0,0.0,0.0,0.0,0.0,0.0,0.0,0.0,0.0,0.0,0.0,0.6026,0.0,0.0,0.0,0.0,0.0,0.0,0.0,0.0,0.04657,0.0,0.0,0.0,0.0,0.0,0.0,0.0,0.0,0.0,3.04624,0.0,0.0,0.0,0.0,0.0,0.0,0.04334,0.0,0.0,0.0,0.0,0.0,0.0,0.21808,0.0384899999999999,0.0,0.0,0.0,0.0,0.0,0.0,0.0,0.0,2.26942,0.0,0.0,0.0,0.0,0.0,0.0,0.0,0.0,0.0,0.28644,0.0,0.0,0.0,0.0,0.0,0.01432,0.0,0.0,0.0,0.0,0.0,0.0,0.0,0.0,0.0,0.0,0.0,0.0,0.0,0.0,0.0,0.01193,0.0,0.0,0.0,0.0,0.0,0.0,0.0,0.0,6.732419999999999,0.0,0.0,0.0,0.0,0.0,0.0,0.0,0.0,0.0,0.0,0.0,0.0,0.0,0.0,0.0,0.0,0.0,0.0,0.0,0.0,0.0,0.30546,0.0,0.0568399999999999,0.22832,0.01157,0.00771,0.0,5.65145,0.0,0.0,0.0,0.0,0.0,0.0,0.0,0.0,0.0,7.4916700000000045
37035_2#17,3.6534,0.5980300000000001,2.54883,0.3543199999999999,6.12718,0.22466,0.66779,6.52343,0.04278,5.88277,0.0452399999999999,0.08665,6.08835,3.78043,1.5475,0.24945,0.17815,2.4845900000000003,0.02128,0.88479,0.91363,0.36243,0.84911,0.04317,0.03925,2.05079,2.39333,0.04046,0.0086,0.00728,0.616,0.1725799999999999,0.43305,0.2211199999999999,0.0,0.01868,0.0546799999999999,0.62726,1.95858,0.00731,0.05091,0.06451,0.0,0.0,0.00611,0.0,3.64715,0.0,0.0,0.25965,0.75141,0.0,0.26179,0.0,0.0,0.0,0.0,0.1855099999999999,0.12324,0.4378399999999999,0.01577,0.0442199999999999,0.0,0.0,0.02715,0.0,0.0,0.0,0.0,0.0,0.0,0.0,0.0,0.05975,0.0,0.0,0.23563,0.0,0.09476,0.0,0.20318,1.00151,0.0,0.0,0.21281,0.00069,0.09974,0.0,0.0,0.0,0.0,0.0,0.0,0.0,0.0,0.00235,0.0,0.0,0.1413299999999999,0.0,0.00381,0.0,0.08187,0.0,0.0,0.0,0.0,0.0,0.0,0.18083,0.08718,0.34106,0.00025,0.0,0.0,0.0,14.13986,0.0,0.0,0.79386,0.0,0.0,0.0,0.0,0.24131,0.0155,0.0,0.0,0.0,1.85818,0.0683899999999999,0.0,0.02124,0.11531,0.0,0.0,0.0,0.93027,0.0,0.0,0.0,0.0,0.0,0.0,0.00434,0.0,0.0,0.0,0.18919,0.06863,0.0,0.04053,0.1872,0.0,0.0,0.43693,0.00062,0.0,0.0,0.0730799999999999,0.06504,0.02546,0.06901,0.01671,0.04432,0.0,0.1442099999999999,0.0,0.0586799999999999,0.0,0.0,0.0,0.0,0.0,0.01872,0.03026,0.00183,0.0,0.0,0.0,0.01122,0.00731,0.03447,0.02608,0.02254,0.20806,0.0065099999999999,0.06456,0.00228,0.0,0.0,0.0,0.0,0.0,0.0,0.01822,0.0,0.00927,0.02566,18.476199999999977
37035_2#18,8.17356,0.09647,16.423479999999998,1.15438,0.99651,0.0791,0.61298,16.09645,0.0,9.69066,0.0,0.0441,4.09739,2.22382,1.27973,0.23145,0.30939,2.59903,0.15659,1.63895,0.53404,1.17665,0.28296,0.0,0.1328599999999999,0.46156,1.11751,0.00922,0.0,0.06548,0.16806,1.65779,0.28762,0.44367,0.0,0.05257,0.12646,0.55705,0.52708,0.00436,0.0,0.0,0.0,0.0,0.0,0.0,0.0,0.0,0.0,0.28354,0.0,0.0,0.0,0.16595,0.0,0.0,0.0,0.3296,0.0,1.41645,0.0853,0.0,0.0,0.0,0.1501,0.0,0.0,0.1708299999999999,2.06386,0.0,0.0,0.0,0.08215,0.13968,0.08876,0.0,0.2024,0.0,0.10324,0.0,0.0,1.09273,0.0,0.0,1.69763,0.00053,0.0,0.0,0.0,0.0,0.0,0.0,0.0,0.0,0.0,0.0,0.0,0.0,0.0,0.0,0.0503,0.0,0.0098,0.0,0.0,0.0,0.0,0.0,0.0,0.0915899999999999,0.10649,0.17972,0.0,0.0,0.0,0.0,2.20431,0.0,0.0,0.192,0.0,0.0,0.0,0.0,0.0,0.0,0.0,0.0,0.15938,0.0,0.0,0.0,0.02746,0.9821,0.00845,0.00257,0.0,0.0,0.7933399999999999,0.0,0.0,0.0,0.0,0.0,0.0,0.0,0.0,0.0,0.0,0.0,0.03566,0.0,0.0,0.03321,0.0,0.40621,0.0,0.0,0.0,0.0,0.99886,0.0,0.00468,0.01396,0.00586,0.0,0.0,0.0,0.0,0.0,0.0,0.0,0.0,0.0,0.0,0.1580599999999999,0.0,0.48271,0.0,0.0,0.0,0.0,0.78051,0.02852,0.12478,0.21269,0.0,0.34259,0.0,0.0,0.0,0.0,0.0,0.0,0.0,0.0,0.0,0.74552,0.00614,9.230800000000048
37035_2#19,25.91651,0.0,7.83448,0.61251,12.39182,0.12644,0.74041,10.59454,0.15445,4.193980000000001,0.1579,0.0,0.0,0.17856,0.0,0.2578,0.27164,0.0,0.0,2.9927900000000003,0.05442,1.87264,0.0,0.0,0.0,0.91713,1.01216,0.05088,0.0123,0.14189,0.52433,0.9041,1.0144,0.59409,0.00517,0.37928,2.27725,0.73036,0.23099,0.0525799999999999,0.0,0.0,0.0,0.0,0.0,0.0,0.0,0.0,0.48777,0.0,0.0,0.0,0.0,0.0,0.0,0.0,0.0,0.10561,0.0,0.0,0.16529,0.0,0.0,0.0194599999999999,0.8667,0.0,0.0,0.0,0.0,0.0,0.0,0.0,0.0,0.0,0.0,0.0,0.26302,0.0,0.0,0.0,0.0,0.0,0.0,0.0,1.7529400000000002,0.0,0.0,0.0,0.0,0.0,0.0,0.0,0.0,0.0,0.0,0.0,0.0,0.0,0.0,0.0,0.0,0.0,0.0,0.0,0.0,0.0,0.0,0.0,0.0,0.15112,0.0,0.0,0.0,0.0,0.0,0.0,0.0,0.0,0.0,0.0,0.0,0.0,0.0,0.0,0.0,0.0,0.0,0.0,0.0,0.0,0.0,0.0,0.0,0.10854,0.0,0.05412,0.0,0.0,0.0,0.0,0.0,0.0,0.0,0.0,0.0,0.0,0.0,0.0,0.0,0.0,0.0,0.0072,0.0,0.07406,0.0,0.0857899999999999,0.0,0.0,0.0,0.0,0.0,0.0,0.0,0.0,0.0,0.0,0.0,0.0,0.0,0.0,0.0,0.0,0.0,0.0,0.0,0.0,0.0,0.36622,0.0,0.0,0.0,4.386480000000001,1.7105400000000002,0.0,0.39253,0.07,0.0,0.4773199999999999,0.0,0.0,0.0,0.0,0.0,0.0,0.0,0.0,0.0,0.0,0.0,11.257490000000018
37035_2#1,0.8033,0.05556,0.25871,2.20746,0.74402,0.17758,1.68825,20.45476,0.0,3.18648,0.37789,0.0,9.01869,0.44825,0.14386,0.0,1.40427,0.0,0.25121,0.64983,0.00915,0.165,0.0,0.02005,0.0139,2.01142,0.22378,0.6442399999999999,0.03073,0.13032,0.25049,2.00786,0.78078,0.0,0.09727,0.1338599999999999,0.01202,0.05824,0.04028,0.26595,0.0,0.0,0.00054,0.0,0.0,0.0,0.30668,2.07785,0.0,0.59362,0.35821,0.0,0.0,0.0,0.0,0.0,0.0,0.0,0.0,0.51483,0.06396,0.0,0.0,0.09834,1.6832200000000002,0.0,0.0,0.06079,2.43204,0.0,0.07352,0.0,0.0,0.0,2.06969,0.01049,0.48016,2.15521,0.95357,0.0,0.0,1.57384,0.0,0.0,0.26465,0.0,0.0,0.0,0.08659,0.0,0.0,0.0,0.0,0.0,0.66775,0.21106,1.51338,0.01791,0.0,0.0,0.0,0.0,0.20278,0.0,0.01878,0.0,0.0,0.0,0.0,0.01992,0.0070799999999999,0.06708,0.0,0.0,0.0,0.0,0.43911,0.0,0.0,2.95413,0.0,0.09189,0.0,0.0,0.4140899999999999,0.0,0.0,0.0,0.0,0.0,0.0,0.0,0.05595,0.0,0.0,0.06925,0.0,0.44476,0.0,0.0,0.0,0.0,2.24333,0.0609799999999999,1.33541,0.0,0.3366699999999999,0.0,0.0266,0.76237,0.0,0.0,0.0,0.009,0.0,0.0645,0.0,0.0,0.0,4.57329,0.27487,0.0,0.04835,0.03128,0.01729,0.0,0.21324,0.0,0.0,0.0,0.0,0.0,0.0,0.0,0.08838,0.0,0.03117,0.0,0.0,0.0,0.0,0.0,0.0,0.15316,0.0314,0.0226,0.13113,0.00887,0.0,0.0,0.0,0.0,0.0,0.0,0.0,0.0042899999999999,0.0,0.0,0.0,17.713639999999984
37035_2#20,14.11353,1.59439,24.01975,0.0,0.17708,0.19823,0.72577,15.61884,0.0,1.45714,0.35577,0.0,8.687560000000001,2.80148,1.83964,0.47812,0.03839,0.0,0.10924,1.6885400000000002,0.0,1.58201,0.8496,0.16279,0.01883,0.8448399999999999,1.44799,0.06258,0.01779,0.01304,0.0,0.0,0.0882299999999999,0.53136,0.0,0.14907,0.0,0.8381799999999999,4.1081900000000005,0.0510899999999999,0.46558,0.28057,0.0,0.0,0.0,0.0,0.0074,0.0,0.0,0.0,0.0,0.0,0.0,0.0,0.0,0.0,0.0,0.0,0.0,0.0,0.0,0.0,0.0,0.03046,0.21163,0.0,0.0,0.0,0.0,0.0,0.0,0.0,0.0,0.0,0.0,0.0,0.0,0.0,0.0,0.0,0.0,0.0,0.0,0.0,0.0,0.0,0.0,0.0,0.0,0.0,0.0,0.0,0.0,0.0,0.0,0.38635,0.0,0.0,0.0,0.0,0.0,0.0,0.0,0.0,0.0,0.0,0.0,0.0,0.0,0.20601,0.0,0.0,0.0,0.0,0.0,0.0,0.0,0.0,0.0,0.0256399999999999,0.0,0.0,0.0,0.0,0.0,0.0,0.0,0.0,0.0,0.0110099999999999,0.0,0.0,0.0,0.0,0.0,0.03609,0.0,0.0,0.0,0.0,0.0,0.0,0.0,0.0,0.0,0.0,0.0,0.0,0.0,0.0,0.0,0.0,0.0,0.0,0.0,0.0563,0.0,0.0,0.0,0.0,0.0,0.0,0.0,0.0,0.0,0.0,0.0,0.0,0.0,0.0,0.0,0.0,0.0,0.0,0.0,0.0,0.0,0.03959,0.0,0.0,0.0,1.05937,1.60268,0.0,0.13442,0.31095,0.0019199999999999,0.00725,0.0,0.0,0.0,0.0,0.0,0.0,0.0,0.0,0.0,0.0,0.0,10.457719999999968
37035_2#21,2.79321,0.5697,3.90001,0.56955,14.29238,0.11975,0.37871,12.59119,0.0,8.38786,0.04324,0.10378,0.29408,3.21837,0.0,0.13344,0.58924,0.0,0.01856,1.94965,1.80706,0.24534,0.4763,0.06146,0.0,2.72936,0.71582,0.05244,0.0130099999999999,0.0124599999999999,0.42841,0.0,0.27906,0.4524399999999999,0.0053,0.0327,0.51441,1.599,1.41764,0.02922,0.01324,0.01938,0.0,0.0,0.0,0.0,0.0,2.23338,0.0,0.0,0.0,0.0,0.0,0.0,0.0,0.0,0.0,0.17059,0.18987,1.88934,0.00487,0.0,0.0,0.0,0.35339,0.0,0.0,0.21383,0.0,0.0,0.0,0.0,0.0,0.0,0.35523,0.0,0.54188,0.0,0.2188699999999999,0.0,0.0,0.5733600000000001,0.0,0.0,0.0,0.0,0.0,0.0,0.0,0.0,0.0,0.0,0.0,0.0,0.71235,0.0,1.89679,0.0,0.0,0.0,0.30774,0.0,0.02252,0.05917,0.00498,0.0,0.0,0.0,0.0,0.22605,0.00138,0.0,0.00923,0.0,0.0,0.0,0.0,0.0,0.0,1.28627,0.0,0.0,0.0,0.0,2.79705,0.0,0.0,0.0,0.02498,0.09899,0.16217,0.0,0.06059,1.24842,0.0,0.03932,0.0,0.5563,0.0,0.0,0.0,0.0,0.0,4.0387,0.0,0.0,0.02189,0.0,0.0156099999999999,0.0,0.0,0.0624399999999999,0.0,0.03833,0.0,0.00267,0.0,0.0,0.0,2.68766,0.7568600000000001,0.0,0.3868,0.0,0.00156,0.0,0.1334,0.0,0.0,0.0,0.0,0.0,0.0,0.0,0.0,0.0,0.0,0.20321,0.0,0.0,0.0,0.0,0.7871,0.0,0.07787,0.0,0.00894,0.0118599999999999,0.0,0.0,0.0,0.0,0.29081,0.0,0.0,0.63643,0.0,0.0,0.0318899999999999,12.690290000000044
37035_2#23,4.56393,1.01871,2.97385,0.1391099999999999,0.13947,0.2334699999999999,0.2863,1.6716,0.0,0.96763,0.0,0.23317,0.15434,1.56356,0.0,0.0,0.60602,0.16196,0.31863,0.3916199999999999,0.0335,1.55684,0.16639,0.0,2.4995700000000003,0.65015,0.10363,0.02481,0.0,0.05624,0.02355,0.00505,0.0568899999999999,0.31792,0.00528,0.18507,0.07468,0.47626,0.07657,0.0,0.00361,0.00862,0.0,0.0,0.0,0.0,0.0,2.08248,0.0,0.0,0.0,1.94001,0.27357,0.7077399999999999,0.0,0.0,0.0376899999999999,0.06473,0.0,2.11198,0.00985,0.0,0.0,0.08603,2.34156,0.0,0.46788,0.01819,1.62027,0.0,0.0,0.0,0.00339,0.0,0.0920899999999999,0.04372,1.87912,1.00666,0.02435,0.0,0.0,10.77312,0.05677,0.0,0.07019,0.0,0.06383,0.0,0.06853,0.0,0.00911,0.02779,0.13308,0.0,0.20897,1.03159,0.05231,0.0,0.0,0.06731,0.74315,0.0,0.12228,0.07715,0.0,0.0,0.0,0.0,0.0,0.0,0.05057,2.60343,0.0,0.02549,0.0,0.0,4.38847,0.06884,0.07941,0.0,0.0,0.0018399999999999,0.0,0.0,2.12549,0.03601,0.0,0.0,0.0171599999999999,0.0,0.00371,0.0,0.00883,6.84426,0.14945,0.0,0.0,0.7802,0.0,0.9898,0.0,0.0,0.58696,0.57768,0.0,0.17312,0.0,0.27585,0.13273,0.0163199999999999,0.24957,0.0295,0.09058,0.11763,0.0,0.02839,0.51403,0.0,0.55975,0.0,0.23056,0.04225,0.83311,0.0978899999999999,0.39345,0.0,0.06986,0.0,0.006,0.0,0.0,0.0006799999999999,0.0,0.01176,0.31344,0.22559,0.14533,0.0,0.0,0.0,0.1761599999999999,0.30196,0.02,0.0,0.1753,0.0,0.0,0.0161,0.0020399999999999,0.0,0.0,0.0,1.27989,0.0,0.0,0.23893,0.0,0.02488,0.02537,23.779889999999995
37035_2#24,5.85175,0.02988,6.17931,0.04637,0.17423,0.01566,0.34358,0.81319,0.0,1.58209,0.0442199999999999,0.25929,0.13228,1.36624,0.0,0.00719,0.5041399999999999,0.0,0.00599,0.71148,0.01371,0.98578,0.07716,0.0,0.0,0.23296,0.21139,0.07869,0.02041,0.01371,0.01977,0.0,0.36121,0.27381,0.00586,0.01054,0.00308,0.77645,0.0,0.0278,0.0,0.0,0.0,0.0,0.0,0.0,0.00227,0.76389,0.0,0.0,0.0,0.326,0.0,0.28783,0.01006,0.0,0.0171599999999999,0.03692,0.09906,1.36956,0.0174,0.0,0.0,0.0937,0.4597,0.0,0.0,0.01187,0.0,0.0,0.0,0.0,0.0,0.0,0.0,0.0,0.157,0.0,0.17744,0.0,0.00049,0.98941,0.0153,0.0,0.04869,0.0,0.0918399999999999,0.0,0.0257899999999999,0.0,0.0,0.0,0.0,0.0018,0.0,0.0,0.06402,0.0,0.0,0.03149,0.01577,0.0,0.02436,0.0130199999999999,0.01426,0.0,0.0236,0.0,0.0,0.0,0.00367,0.48223,0.0,0.07277,0.0,0.06411,0.4913399999999999,0.0,0.0,0.39359,0.09897,0.01153,0.0,0.0,0.36701,0.00077,0.0,0.0,0.0016,0.0,0.07418,0.0,0.04155,0.41562,0.01653,0.0,0.0,1.50664,0.0,0.2666,0.0,0.0,0.32068,2.32578,0.2677,0.64469,0.24284,0.41849,0.03235,0.53109,0.07295,0.1057299999999999,0.02302,0.05993,0.0,0.31673,0.36896,0.0002,0.0,0.34621,0.15415,0.01644,0.50253,0.1985,0.01952,0.0,0.07766,0.0,0.0229599999999999,0.0,0.0,0.0,0.0,0.00819,0.01961,0.19189,0.00792,0.0,0.0,0.0,0.00313,0.13376,0.16374,0.01835,0.11968,0.00958,0.00021,0.04196,0.00883,0.0,0.0,0.0,0.91041,0.0,0.0,1.25479,0.01832,0.01924,0.0634,59.260249999999985
37035_2#25,0.7207399999999999,0.22503,3.03225,0.14365,1.0712,0.02162,0.39491,10.95048,0.14436,3.8147,0.01613,0.08641,7.118689999999999,1.00357,0.15671,0.0,0.23265,0.05466,0.0306,0.23955,1.91995,0.75364,0.16814,0.09917,0.04757,0.54652,0.30935,0.10743,0.0026,0.0,0.19945,0.0,0.02234,0.30505,0.0,0.0,0.09896,0.35696,0.20839,0.0,0.00033,0.02319,0.0,0.01986,0.0,0.0,0.0,21.96869,0.0,0.71055,0.0,2.39276,0.0,0.1269799999999999,0.31079,0.0,0.06316,0.13407,0.13545,1.28589,0.03814,1.0415,0.0,0.81237,0.41947,0.0,0.0,0.1213,0.0,0.0,0.1106,0.0,0.0591299999999999,0.04788,0.0,0.0,0.33979,2.29387,0.05925,0.0,0.2201199999999999,3.26042,0.0,0.0,0.5441600000000001,0.0,0.30625,0.00887,0.0,0.01809,0.0,0.0,0.09407,0.0,0.0819299999999999,0.27041,0.07675,0.0,0.00079,0.0,0.12779,0.0,0.15454,0.02224,0.0,0.08447,0.0137,0.0,0.0,0.12326,0.0,1.62432,0.0,0.01204,0.0,0.1212299999999999,1.22325,0.0,0.07368,0.16737,0.0,0.0,0.0,0.0,2.634,0.0,0.0,0.0,0.0,0.0639899999999999,0.41861,0.0,0.0284399999999999,0.0,0.0,0.0,0.0,0.25423,0.00425,0.0,0.16079,0.0,0.0,0.0,0.01057,0.0,0.27254,0.02582,0.04261,0.15834,0.35513,0.06092,0.00358,0.20723,0.08502,0.07941,0.0,0.0,0.0,0.0,0.28087,0.07474,0.51248,0.0133199999999999,0.0163,0.0,0.03102,0.0,0.0,0.0,0.0,0.0,0.0,0.0,0.01493,0.06613,0.0,0.2529099999999999,0.0,0.0,0.0,0.14365,0.3865099999999999,0.0361,0.10562,0.1581,0.0,0.01798,0.0,1.0881299999999998,0.0,0.0,0.15741,0.0,0.0,0.03234,0.0,0.00376,0.0744799999999999,15.91953999999999
37035_2#26,2.39102,0.03951,7.2315,0.23268,2.38906,0.0914,0.1430799999999999,3.79406,0.0436,2.89046,0.0,0.18162,3.0769900000000003,2.45173,0.0,0.0,0.16339,2.66512,0.05712,0.29439,0.28157,1.05928,0.14769,0.08504,0.0,1.20418,1.09404,0.0564,0.0,0.0,0.01688,0.5444,0.1188,0.84144,0.0,0.0,0.6433399999999999,0.38161,1.31669,0.0,0.0,0.0,0.0,0.0,0.0,0.0,0.0,23.15014,0.0,0.0,0.0,0.0,0.0,0.14349,0.44543,0.0,0.0,0.14307,0.0,1.1129,0.11256,0.3742,0.0,0.386,0.54063,0.0,0.0,0.04829,0.0,0.0,0.04196,0.0,0.00502,0.0321,0.0,0.0,0.8874799999999999,1.6619,0.0,0.0,0.0,1.70635,0.0,0.0,0.19701,0.0,0.0,0.0,0.0,0.00066,0.0,0.0,0.0,0.0,0.0,0.32349,0.0,0.0,0.04578,0.0,0.09815,0.0,0.18061,0.0,0.0,0.0,0.0,0.0,0.0,0.0712,0.00934,1.35712,0.0,0.0,0.0,0.00402,0.0,0.0,0.09408,0.6722,0.0,0.0,0.02111,0.0,0.8321200000000001,0.0,0.0,0.0,0.0,0.0,0.1209,0.0,0.03767,0.0,0.0,0.0,0.0,0.02207,0.00347,0.0,0.0,0.0,0.0,0.32603,0.0,0.0,0.0,0.04364,0.2445099999999999,0.2218,0.05351,0.06366,0.0,0.34796,0.0,0.42733,0.01753,0.0,0.0,0.42016,1.55989,0.0,0.38495,0.08145,0.07879,0.0,0.0,0.0427899999999999,0.0,0.0,0.0,0.0,0.0,0.0,0.0,0.03208,0.0,0.13078,0.0,0.0,0.0,1.06366,0.70199,0.00389,0.0633,0.0845,0.0,0.0,0.0,0.077,0.0,0.0,0.0357899999999999,0.0,0.0,0.33708,0.0,0.0,0.02172,22.32359999999997
37035_2#27,12.59733,0.90783,12.38071,0.70322,2.44165,0.01166,1.22702,6.45286,0.07089,11.69854,0.20644,0.0,0.91057,10.6619,0.00657,0.18695,0.8385299999999999,0.71045,0.90545,3.04495,0.52671,3.02468,1.73266,0.08307,1.59534,1.79919,0.5847399999999999,0.34241,0.0611899999999999,1.67455,0.0,2.1267,0.14148,0.49282,0.05048,0.68207,0.0,0.94743,1.14884,1.604,0.0,0.0,0.00612,0.0,0.0,0.0,0.00265,0.0,2.98,0.0,0.0,0.0,0.0,0.0,0.0,0.0,0.0,0.08571,0.0,0.0,0.07182,0.0,0.0,0.00484,0.95964,0.0,0.0,0.0,0.0,0.0,0.0,0.0,0.0,0.0,0.0,0.0,0.0,0.0,0.0,0.0,0.22138,0.0,0.0,0.0,0.15235,0.00147,0.0,0.0,0.0,0.0,0.0,0.0,0.0,0.00032,0.0,0.0,0.0,0.0,0.0,0.0,0.0,0.0,0.25774,0.0,0.0,0.0,0.0,0.0,0.0,0.02337,0.00022,0.0,0.0,0.0,0.0,0.0,0.0,0.0,0.0,0.0,0.0,0.0,0.0,0.0,0.0,0.0,0.0,0.0,0.0,0.01192,0.0,0.0,0.0,4.02961,0.0,0.11957,0.0,0.0,0.0,0.0,0.0,0.0,0.0,0.0,0.0,0.0,0.0,0.0,0.0,0.0,0.0,0.2407099999999999,0.0,0.0,0.0,0.0,0.0,0.0,0.0,0.0,0.0,0.0,0.0,0.0,0.0159,0.0,0.0,0.0,0.0,0.0,0.0,0.0,0.0,0.0,0.0,0.11294,0.0,0.0,0.0,0.0,0.0,0.98859,0.0,0.0,0.0,0.0,0.09798,0.19314,0.0,0.0,0.0,0.0,0.0,0.0,0.0,0.0,0.0,0.0,0.0,4.840130000000032
37035_2#28,1.87099,0.01158,3.02236,0.15542,1.16038,0.15074,0.37192,3.97227,0.0,8.83349,0.0,0.14891,1.46379,1.06291,0.0,0.0,0.49683,1.6887900000000002,0.19899,0.25683,0.22726,0.67265,0.28308,0.28481,4.83712,2.9224,1.25897,0.0783399999999999,0.0127099999999999,0.09819,0.0367,1.10292,1.63705,0.11652,0.00563,0.04969,0.00817,0.20698,0.42758,0.0,0.0,0.0,0.0,0.0,0.0023899999999999,0.00263,0.00168,3.90442,0.0,2.21826,0.0,0.0,0.06456,0.51407,0.29024,0.0,0.0,0.0899799999999999,0.0,1.34616,0.0159,0.0,0.0,0.0234699999999999,0.77525,0.0,0.0,0.28863,0.00845,0.0,0.02215,0.0,0.01201,0.8987,0.00375,0.06801,2.68126,0.57128,0.4466199999999999,0.0,0.0,1.59568,0.06009,0.0,0.0,0.0,0.0,0.0,0.00541,0.00308,0.0,0.0256399999999999,0.0,0.0,0.01393,0.0,0.0,0.0,0.0,0.0,0.29054,0.0,0.28807,0.02161,0.0,0.0,0.0226199999999999,0.0,0.0,0.05372,0.20101,1.75463,0.0,0.0,0.0,0.0,5.18741,0.0,0.00855,0.07416,0.12544,0.0,0.0,0.0,4.6567,0.01366,0.0,0.0,0.0474399999999999,0.0055,0.25563,0.0,0.02115,0.48483,0.0,0.0,0.0,2.52552,0.0,0.03448,0.06543,0.0,0.09792,2.74785,0.0,0.04492,0.01093,1.06398,0.27347,0.0,0.15975,0.7705,0.00625,0.0805299999999999,0.0,0.39173,0.08719,0.0,0.69747,0.0,0.01141,0.2360199999999999,0.77603,0.27382,0.5016,0.0,0.14355,0.0,0.03692,0.0,0.0,0.0,0.0,0.01782,0.02245,0.07585,0.07368,0.4507,0.0,0.07329,0.0368,0.01206,0.01797,0.04962,0.20033,0.02218,0.00982,0.01024,0.00195,0.0,0.0,0.0,0.54408,0.0,0.18935,0.5169600000000001,0.0145099999999999,0.0513,0.03696,17.93547000000001
37035_2#29,3.4821,0.0,5.8108,0.0373,3.95107,0.1050099999999999,0.1055599999999999,1.29116,0.0,0.02234,0.03433,0.3364,0.88087,0.25201,0.0,0.1974,1.36067,0.01013,0.34155,1.70818,0.1279799999999999,1.2110299999999998,0.00409,0.69555,0.00432,1.16889,2.11531,0.2741099999999999,0.00054,0.00755,0.54437,2.22642,0.2320699999999999,0.2313199999999999,0.0,0.02377,0.04353,0.41944,0.6582399999999999,0.0,0.02547,0.04189,0.0,0.0,0.0,0.0,0.0,36.70715,0.0,0.0,0.0,0.0,0.0,0.0361,0.79728,0.0,0.0,0.00224,0.0,0.49015,0.00687,0.0,0.0,0.0,0.0072299999999999,0.0,0.0,0.0,0.0,0.0,0.0,0.0,0.0,0.0,0.0,0.0,0.12704,0.61087,0.0,0.0,0.0,0.02435,0.02754,0.0,0.0,0.0,0.0,0.0,0.02712,0.0,0.0,0.0,0.0,0.0,0.0,0.3849,0.0,0.0,0.0,0.0,0.0,0.0,0.0,0.0,0.0,0.0,0.0,0.0,0.0,0.64415,0.11104,0.02231,0.0,0.0,0.0,0.0,0.0,0.0,0.0,0.0,0.0,0.0,0.0,0.0,0.09591,0.06445,0.0,0.0,0.01225,0.0,0.0,0.0,0.0,1.26575,0.0,0.0,0.0,0.12967,0.0,0.0,0.0,0.0,0.0,0.0,0.0,0.0,0.0,0.0,0.0,0.0,0.0,0.01539,0.0,0.00257,0.0,0.02823,0.0,0.0,0.44756,0.0,0.0,0.0,0.0,0.0,0.0,0.0,0.0,0.0,0.0,0.0,0.0,0.0,0.0,0.0,0.00461,0.129,0.0,1.6621,0.0,0.0,0.0,0.07332,0.0,0.0,0.04645,0.13618,0.0065,0.0307399999999999,0.0,0.0,0.0,0.0,0.00288,0.0,0.0,0.0,0.0,0.01747,0.0,25.819860000000013
37035_2#2,2.99759,12.07863,1.34879,3.37428,0.44127,0.2822199999999999,0.97769,4.6662,0.01736,18.64569,0.15232,0.19127,6.21637,7.65718,0.0,0.35058,1.20759,0.11004,1.74445,0.41423,0.1047,0.50454,1.67037,0.30704,0.02489,2.05519,0.60535,0.04362,0.16241,0.13122,0.2549099999999999,0.0,0.43787,0.19267,0.0,0.01689,0.24739,0.2520699999999999,3.21774,0.0503,0.0,0.0,0.0,0.0,0.01533,0.0,0.0,0.0,1.7642,0.0,0.0,0.0,0.80142,0.0,0.0,0.0,0.0,0.12734,0.0,1.84201,0.1204799999999999,0.0,0.0,0.0,0.39278,0.0,0.0,0.0,0.0,0.0,0.0,0.0,0.0276399999999999,0.0,0.0,0.0,0.31615,0.0,0.16571,0.0,0.0,1.94936,0.0,0.0,0.0,0.0,0.0,0.0,0.06163,0.0,0.14967,0.0,0.31495,0.0,0.0,0.0,0.0,0.00117,0.05705,0.0,0.0,0.0,0.0,0.0,0.02686,0.0,0.0,0.0,0.0,0.0,0.07543,1.57996,0.0,0.0,0.0,0.03619,0.0,0.0,0.0,3.5822,0.0,0.0,0.0,0.0,1.2224,0.0,0.0,0.0,0.10827,0.0,0.0,0.0,0.0,0.29411,0.0,0.02758,0.0,0.95322,0.0,0.3498699999999999,0.0,0.0,0.0,0.0,0.0,0.21752,0.0,0.0,0.44598,0.0,0.0,0.03324,0.0,0.03921,0.0,0.89384,0.0,0.09591,0.0,1.25256,0.0,0.1152599999999999,0.7709699999999999,0.0,0.14654,0.0,0.0,0.0,0.0,0.0,0.0,0.0,0.0,0.0,0.0,0.01634,0.2271,0.0,0.0,0.0,0.0,0.3359,0.8523799999999999,0.0,0.2112,0.00582,0.0,0.04281,0.00627,0.0,0.0,0.0,0.13062,0.0,0.0,0.24606,0.0,0.0,0.02548,4.373089999999975
37035_2#30,1.03125,0.56304,0.5181,0.1252,2.72275,0.11359,0.55978,10.49414,0.0,2.54312,0.16169,0.1088,4.71033,0.34346,0.0,0.21175,0.80774,0.0,0.48166,0.0833,0.79925,0.2264199999999999,0.4672699999999999,0.00699,0.00966,4.42353,2.22883,0.24233,0.06444,0.0200699999999999,0.40107,2.50027,0.21369,0.21677,0.0172,0.0,0.41268,0.3906699999999999,2.4679,0.0,0.0,0.0,0.0,0.0,0.00249,0.0,0.0,20.42562,0.0,0.75978,0.0,0.0,0.0,0.1929,0.0,0.02445,0.0,0.39823,0.0,2.06695,0.00083,0.0,0.0,0.0,0.45235,0.0,0.0,0.12785,2.75063,0.0,0.0,0.0,0.0,0.0,0.2125699999999999,0.0,0.14262,0.91617,0.08917,0.0,0.0,1.86799,0.0,0.0,0.0,0.0,0.0,0.0,0.0,0.01613,0.0012,0.0,0.54714,0.0171699999999999,0.15697,0.0,0.2336099999999999,0.0,0.04683,0.0,0.7298,0.0,0.13128,0.0,0.00642,0.0,0.0,0.0,0.0,0.13487,0.0503399999999999,2.22981,0.0,0.0,0.0,0.11737,1.10281,0.0,0.11099,0.3709199999999999,0.0,0.02453,0.0,0.0,0.5110899999999999,0.0,0.0,0.0,0.01027,0.00861,0.46387,0.0,0.04873,0.0,0.0,0.0,0.0,0.1186,0.0,0.55993,0.0,0.0,0.0,1.1909,0.0,0.8530700000000001,0.80377,0.1063099999999999,0.0101599999999999,0.0,0.0,0.13329,0.72447,0.16158,0.0,0.20321,0.4441,0.0,0.07376,0.40525,0.10151,0.02732,0.2942099999999999,0.03066,0.0,0.0,0.1251799999999999,0.0,0.0,0.0,0.0,0.0,0.0,0.0,0.03551,0.02126,0.0,0.2695599999999999,0.0,0.0,0.01073,0.0002,0.0,0.00995,0.08111,0.1657,0.0,0.0,0.0,0.0,0.0,0.0,0.0,0.0,0.0,0.03752,0.0,0.0,0.05906,14.752020000000002
37035_2#31,2.63727,9.22858,10.32645,0.05116,0.6943,0.15382,1.03941,7.197260000000001,0.0,5.37817,2.66253,0.33202,0.8460799999999999,3.11231,0.0072099999999999,0.6098100000000001,0.20429,0.0,0.37883,1.34244,1.13582,1.3459,0.0,0.00182,0.006,2.72692,1.15489,0.02223,0.1471599999999999,0.00299,0.37914,0.77048,0.407,0.21579,0.0,0.20149,1.60692,0.49766,0.45026,0.0263899999999999,0.0,0.04541,0.0,0.0,0.00562,0.0,0.0,10.67011,0.0,0.0,0.0,0.0,0.0,0.0,0.0,0.0,0.0,0.02097,0.0,1.10773,0.0,0.0,0.0,0.01049,0.06538,0.0,0.0,0.0,0.0,0.0,0.0,0.0,0.0,0.0,0.0,0.0,0.21161,0.0,0.08778,0.0,0.0,3.87839,0.0,0.0,0.0,0.0,0.0,0.0,0.0,0.0,0.0,0.0,0.0,0.00597,0.0,0.29863,0.0,0.0,0.0,0.0,0.0,0.0,0.34467,0.0,0.0111799999999999,0.0,0.0,0.0,0.0,0.1591,0.00028,0.54945,0.0,0.0,0.0,0.02451,0.0,0.0,0.0,0.05012,0.0,0.0,0.0,0.0,2.18154,0.0,0.0,0.0,0.0,0.0,0.0,0.0,0.0,2.34497,0.0,0.0180199999999999,0.0,0.0,0.0,0.01628,0.0,0.0,0.0,0.15863,0.0,0.0,0.22794,0.0,0.01522,0.0,0.1351,0.0521299999999999,0.0,0.19684,0.0,0.0,0.0,0.0,0.0,0.0,0.0,0.0,0.84662,0.0,0.0,0.0,0.01602,0.0,0.0,0.0,0.0,0.0,0.0,0.0,0.0228,0.18007,0.0,0.0,0.0,0.0,0.0,0.53905,1.14285,0.03788,0.08787,0.22618,0.0102,0.20681,0.01898,0.0,0.0,0.0,0.0,0.0,0.0,0.2661,0.0,0.0,0.03725,16.166450000000005
37035_2#32,11.13561,4.36396,7.14935,0.90961,11.82593,1.60834,2.0721700000000003,15.1848,0.0,6.17191,0.5425,0.0,12.58088,0.08476,0.0,0.3050199999999999,0.52945,0.0,0.0,0.27999,0.8292,0.85734,0.0,0.14928,0.04005,1.67727,1.8744,0.53155,0.08664,0.0,0.39453,0.0,0.0,0.14509,0.07149,0.79386,0.0,0.81252,3.483,0.07926,0.23114,0.0,0.0,0.0,0.0,0.0,0.0,0.0,0.1419099999999999,0.0,0.0,0.0,0.0,0.0,0.0,0.0,0.0,0.0,0.0,0.0,0.0,0.0,0.0,0.04008,0.0,0.0,0.0,0.0,0.0,0.0,0.0,0.0,0.0,0.0,0.0,0.0,0.0,0.0,0.0,0.0,0.0,0.0,0.0,0.0,0.0,0.0,0.0,0.0,0.0,0.0,0.0,0.0,0.0,0.0,0.0,0.0,0.0,0.0,0.0,0.0,0.0,0.0,0.0,0.0,0.03918,0.0,0.0,0.0,0.0,0.29,0.22391,0.0,0.0,0.0,0.0,0.0,0.0,0.0,0.0,0.0,0.0,0.0,0.0,0.0,0.0,0.0,0.0,0.0,0.0,0.0,0.27855,0.0,0.1043299999999999,0.0,0.0,0.07357,0.0,0.0,0.0,0.0,0.0,0.0,0.0,0.0,0.0,0.0,0.0,0.0,0.0,0.0,0.0,0.0,0.0,0.0,0.0,0.0,0.0,0.0,0.0,0.0,0.0,0.0,0.0,0.0,0.0,0.0,0.0,0.0,0.0,0.0,0.0,0.0,0.0,0.0,0.0,0.0,0.0,0.0,0.0,0.0,0.0,0.0,0.0,0.0,0.0,0.0,0.0,0.12504,0.0,0.0,0.0,0.0,0.0,0.0,0.0,0.0,0.0,0.0,0.0,11.882530000000003
37035_2#3,3.81191,1.02947,1.11936,0.15744,0.79699,0.01111,0.76872,2.3574200000000003,0.01934,20.63812,0.20157,0.04632,4.99635,3.73711,0.0208,0.03821,0.12846,0.05575,0.35336,0.90792,0.33195,0.16783,2.03201,0.0159699999999999,0.15337,2.42831,0.09278,0.0556799999999999,0.0265399999999999,0.08778,0.0073599999999999,1.35837,0.12015,0.00273,0.0,0.0446,0.19415,0.17706,0.15623,0.05905,0.0,0.0,0.0,0.0,0.00624,0.0,0.0,0.0,0.0,0.0376,0.0,0.0,0.0071099999999999,0.0,0.0,0.0,0.0,0.0,0.0,0.47848,0.09716,0.0,0.0,0.04201,0.21755,0.0,0.0,0.01814,0.02702,0.0,0.0,0.0,0.0,0.43454,1.46692,0.0,0.5166,0.0,0.11602,0.0,0.03826,5.67021,0.0,0.0,0.01319,0.00143,0.0,0.0,0.0,0.0,0.0,0.37271,0.0,0.0,0.0,0.0,0.0,0.00835,0.0,0.0,0.41896,0.0,0.00652,0.02114,0.0,0.0,0.0,0.0,0.0,0.0,0.0125,3.46445,0.0,0.0,0.0,0.0,0.0,0.0,1.05036,0.32826,0.0,0.04743,0.0,0.0,6.58925,0.05143,0.0,0.0,0.01358,0.0,0.0,0.0,0.00983,3.4010800000000003,0.0,0.0,0.05458,0.06702,0.0,0.0,0.0,0.0,0.0,1.28793,0.0,0.0,1.7404099999999998,0.0,0.37658,0.0,0.0921299999999999,0.34308,0.01762,0.09022,0.04847,0.12945,0.0,0.0,0.0,0.65157,0.0,0.01267,0.8530700000000001,0.40458,0.27137,0.0,0.0,0.0,0.03523,0.0,0.05248,0.0,0.0,0.0,0.0,0.0127,0.30507,0.0,0.0,0.0,0.16003,0.0,0.55562,0.0113599999999999,0.0332,0.0,0.0,0.02938,0.01114,0.0,0.0,0.0,0.19539,0.0,0.0,1.83372,0.0,0.02558,0.01139,16.594979999999975
37035_2#4,8.60634,0.10438,2.87213,0.0665299999999999,8.930069999999999,0.14189,0.50325,13.42406,0.0,1.15979,0.0171699999999999,0.0321199999999999,2.82993,1.16549,0.24185,0.80607,0.23089,10.29149,0.31424,6.12852,1.98545,0.65046,0.29252,0.00992,0.6584399999999999,1.1708,3.08197,0.5019,0.04093,0.19814,0.31226,1.60301,0.94507,0.06998,0.0,0.6954199999999999,0.24298,0.30951,6.57079,0.01881,0.00379,0.0,0.0,0.0,0.00101,0.0,0.0,0.0,3.49324,0.64757,0.0,0.0,0.0,0.0,0.0,0.0,0.0,0.09669,0.0,1.80798,0.15878,0.0,0.0,2.78945,0.04331,0.0,0.0,0.44803,0.0,0.0,0.0,0.05872,0.0952,0.00784,0.0,0.0,0.0,0.0,0.3289,0.0,0.0,0.02222,0.0,0.0,0.02581,0.0,0.0,0.0,0.0,0.0,0.0,0.0,0.0,0.0547,0.0,0.0,0.0,0.0,0.0,0.0,0.0,0.0,0.1736599999999999,0.0,0.00844,0.0,0.02835,0.0,0.0,0.0144,0.01385,0.0,0.0,0.0,0.0,0.0,0.0,0.0,0.0,0.0114,0.0,0.0,0.0,0.0,0.0,0.0,0.0,0.0,0.0,0.0,0.19154,0.0,0.0,1.20953,0.0,0.0896899999999999,0.0,0.10601,0.0,0.0,0.0,0.0,0.0,0.0,0.0,0.0,0.0,0.0,0.0,0.0,0.01138,0.0,0.35689,0.0,0.0,0.4106899999999999,0.0,0.0,0.0,0.01144,0.16998,0.0,0.0,0.01894,0.00267,0.0,0.0,0.0,0.0,0.0,0.0,0.0,0.0,0.0,0.0,0.09954,0.0,0.3945099999999999,0.0,0.0,0.0,0.8221,0.44866,0.0987799999999999,0.0,0.16858,0.09224,0.06251,0.00255,0.0,0.0,0.0,0.0,0.0,0.0,0.0,0.0,0.00506,0.0,7.668799999999964
37035_2#5,2.34167,2.39288,1.96425,0.78922,8.08488,0.34096,0.6072,13.5155,0.00188,4.60962,0.12283,0.1251799999999999,5.81401,1.96715,0.02653,0.12921,0.61202,0.0212,0.2888,1.471,0.1237299999999999,0.1009999999999999,2.08381,0.18491,0.0,0.66181,5.26888,0.17228,0.02998,0.13153,0.03393,0.33438,0.2544599999999999,0.03953,0.0,0.0,0.3588699999999999,0.19304,1.05637,0.05187,0.18863,0.03597,0.00178,0.0,0.0155699999999999,0.0,0.0,0.0,0.0,0.58077,0.07786,0.0,0.0,0.0,0.0,0.0,0.0,1.63747,0.17808,0.65809,0.14844,0.29863,0.0,2.5832900000000003,0.06951,0.0,0.0,0.2292199999999999,0.0,0.0,0.0,0.0,0.03433,0.01059,0.0,0.0,1.21215,0.0,0.01924,0.0,0.0,0.7106399999999999,0.0,0.0,0.21239,0.00868,0.0,0.0,0.0,0.0,0.00166,0.0,0.0,0.02368,0.21643,2.84703,0.02677,0.0,0.3335599999999999,0.0,0.28802,0.0,0.12029,0.01025,0.03933,0.0,0.0,0.0,0.0,0.0633799999999999,0.15719,0.36546,0.00401,0.0,0.0,0.0268899999999999,0.0,0.0,0.0,5.0024,0.0,0.01874,0.00228,0.0,0.03472,0.0,0.0,0.0,0.02301,0.08902,1.7493,0.0,0.00577,0.72459,0.00686,0.08306,0.0,0.32101,0.0,0.0,0.0,0.0,0.0,0.07922,0.0,0.80492,0.0657399999999999,0.0127099999999999,1.40804,0.0,0.14028,0.2923199999999999,0.50355,0.10051,0.0,0.02306,0.21456,0.38265,0.0,0.0,0.35856,0.1492099999999999,0.0154,0.04674,0.01635,0.0,0.0908799999999999,0.27375,0.01465,0.001,0.23684,0.0,0.0,0.0,0.0,0.0036,0.0095,0.0,0.0,0.0,0.04144,0.0,0.11872,0.0734399999999999,0.05937,0.0146699999999999,0.0039,0.01792,0.0083,0.0,0.0,0.0,0.4797,0.0,0.0,0.47371,0.0,0.0271399999999999,0.0,15.635239999999932
37035_2#6,0.75254,0.25281,0.14892,0.41976,7.440069999999999,0.03195,0.2319699999999999,22.36803,0.0,0.80811,0.04333,0.1063,16.206960000000002,0.19999,0.0,0.04926,0.7683300000000001,0.26475,0.16316,0.95511,0.22255,0.3355,0.1416599999999999,0.05078,0.0,7.152189999999999,0.48495,0.1809,0.02827,0.04786,0.0,0.0,0.38376,0.02686,0.0,0.06696,0.1562,0.16974,0.40041,0.0887299999999999,0.08306,0.01907,0.0,0.06138,0.00276,0.0,0.0,1.76299,5.65306,0.36751,0.0,0.0,5.628830000000001,0.52789,0.6509,0.0,0.0,0.13879,0.0,1.58938,0.0,0.0,0.0,0.0,0.51671,0.0,0.0,0.0,0.0,0.0,0.0,0.0,0.0,0.0,0.0,0.0,0.0,0.76688,0.0,0.0,0.16945,0.69976,0.02115,0.0,0.0,0.0019199999999999,0.0,0.0,0.0,0.0,0.0,0.0,0.0,0.0,0.0,0.0,0.40443,0.0,0.0,0.0,0.0,0.0,0.08408,0.1927,0.0241,0.0,0.0,0.0,0.0,0.03625,0.0,1.22264,0.0,0.0,0.0,0.0,0.0,0.0,0.18662,0.0,0.0,0.0,0.0,0.0,3.92464,0.11323,0.0049,0.0571,0.0,0.0,0.0385,0.0,0.0,2.07127,0.0,0.0,0.0,0.0,0.0,0.03589,0.0,0.0,0.0,0.0,0.0,0.0,0.0,0.0,0.0,0.0,0.04671,0.07695,0.27949,0.0,0.0,0.32739,0.0,0.0,0.0,0.0,0.70557,0.0,0.02872,0.0,0.00994,0.0,0.0,0.0,0.03036,0.0,0.03374,0.0,0.0,0.00636,0.0,0.0,0.0,0.27439,0.0,0.0,0.0,0.0,0.0,0.07401,0.0142199999999999,0.01314,0.00135,0.12289,0.0,0.0,0.0,0.0,0.0,0.0,0.0,0.0,0.0042299999999999,0.0,0.0,9.74402999999999
37035_2#7,1.09914,2.14516,1.07165,0.46219,0.5271100000000001,0.0,0.22152,12.72415,0.0,2.36521,0.03102,0.00295,4.351430000000001,2.43151,0.0,0.02585,0.19946,0.01697,0.12068,0.62747,1.22473,0.5496,1.36152,0.00785,0.16233,1.62312,0.4619899999999999,0.09448,0.01847,0.03883,0.02398,0.13893,0.0,0.1215099999999999,0.0,0.03013,0.14683,0.1925,1.06659,0.00714,0.08611,0.06975,0.00052,0.0,0.0,0.0,0.0,14.30485,1.61774,0.0,0.0,0.0,0.44768,0.09448,1.46065,0.0,0.0,0.0,0.0,0.78595,0.03172,0.0,0.0,0.0,0.00451,0.0,0.5089199999999999,0.18316,0.0,0.0,0.0,0.0,0.0,0.0,0.0,0.0,1.33904,0.0,0.0,0.0,0.03006,1.60771,0.0,0.0,0.27095,0.0,0.0,0.0,0.0,0.0,0.0,0.0,0.0,0.0,0.0,0.0,0.0,0.0,0.0,0.0,0.82419,0.0,0.0136,0.04936,0.00341,0.0,0.0,0.0,0.0,0.0043,0.0,0.01904,0.0,0.0,0.0,0.02002,0.0,0.0,0.0,1.30007,0.0,0.01232,0.0,0.0,2.0099400000000003,0.0,0.0,0.0,0.0,0.0,0.0,0.0,0.0,0.8128,0.0,0.0203199999999999,0.0,0.01289,0.0,0.0,0.0,0.0,0.0,0.12565,0.0,0.0,0.0659299999999999,0.0364,1.33928,0.0,0.88395,0.03752,0.0,0.0,0.0,0.04185,0.0,0.0,0.0,0.51749,0.0,0.0,0.07933,0.05711,0.0365399999999999,0.0,0.00677,0.0,0.0,0.0,0.01333,0.06679,0.0,0.0,0.0,0.00579,0.0,0.0,0.0,0.0,0.0,0.0,0.31728,0.0478899999999999,0.01613,0.0413,0.00505,0.00418,0.0,0.0,0.0,0.0,0.81517,0.0,0.0,0.2894199999999999,0.0,0.0,0.0,31.509790000000006
37035_2#8,0.63283,0.06196,1.09507,0.28324,3.90667,0.1801299999999999,0.41163,15.47485,0.0,3.3802,0.017,0.6349899999999999,14.93822,0.49077,0.0,0.0104099999999999,0.8695299999999999,0.04912,0.3511599999999999,3.76619,1.1473,0.3548199999999999,0.5201100000000001,0.25101,0.0217699999999999,4.51282,0.94206,0.36919,0.0261899999999999,0.03871,0.67527,0.0,0.80784,0.01481,0.01393,0.10829,0.14703,0.19009,0.23695,0.0,0.07881,0.06552,0.0,0.0,0.0,0.0,0.055,4.10636,3.25131,0.0,0.0,5.10617,1.91505,0.0,2.25617,0.0,0.0,0.11533,0.0,0.63084,0.0,0.0,0.0,0.1139299999999999,0.39999,0.0,0.0,0.21318,0.0,0.0,0.0,0.0,0.0,0.26739,0.0,0.0,1.79,0.0,0.32791,0.0,0.0,3.38297,0.0,0.0,0.0,0.00783,0.0,0.0,0.0,0.0,0.0,0.54273,0.0369,0.0186099999999999,0.02592,0.0,0.0,0.00099,0.0,0.0,0.0,0.0,0.06579,0.0,0.01344,0.0,0.0,0.0,0.0,0.2329099999999999,0.41144,0.3278,0.00062,0.0,0.0,0.0,0.0,0.0,0.0,0.20073,0.0,0.0,0.0,0.2595,4.50731,0.04708,0.0,0.0,0.0,0.0,0.0,0.0,0.0,0.02997,0.01677,0.0,0.0,0.17123,0.0,0.0,0.0,0.0,0.0,0.0,0.0,0.0,0.0284399999999999,0.0,0.25136,0.0,0.0,0.0261199999999999,0.02721,0.0,0.0,0.64169,0.0,0.0,0.0,1.40718,0.0,0.0,0.7165100000000001,0.0,0.26633,0.0,0.00342,0.0,0.0,0.0,0.0,0.03242,0.0,0.0,0.0,0.0,0.0,0.30098,0.0,0.0,0.0,0.501,0.118,0.09374,0.15374,0.13494,0.01964,0.03726,0.0,0.0,0.0,0.0,0.0,0.0,0.02155,0.0,0.0,0.05964,0.0,7.233170000000001
37035_2#9,3.10017,1.97048,1.82916,6.2179400000000005,0.3846199999999999,1.14523,2.55475,3.13983,0.0,7.016780000000001,0.53082,1.27726,21.34286,0.98884,0.1633099999999999,0.51244,3.40397,0.0,0.69285,2.96391,0.05995,0.53254,0.64522,0.39277,0.01468,9.43416,0.41973,0.1658599999999999,0.01952,0.15936,0.94696,0.36067,1.10941,0.0907299999999999,0.18803,0.02094,0.23573,0.0,0.4210399999999999,0.29718,0.0,0.0,0.0,0.0,0.0,0.00831,0.0,0.0,0.0,1.05127,0.0,0.0,0.0,0.0,0.0,0.0,0.0,0.9965,0.0,0.11915,0.80898,0.0,0.0,0.0,1.3262200000000002,0.0,0.0,0.1186,7.7204,0.0,0.0,0.0,0.0,0.0,0.0,0.0,0.0,0.0,2.00098,0.0,0.15424,0.02785,0.0,0.0,0.0,0.0,0.0,0.0,0.0194699999999999,0.0,0.0,0.0,0.0,0.03006,0.01705,0.0,0.0,0.0,0.13088,0.0,0.0,0.0,0.29396,0.0,0.0,0.0,0.0,0.0,0.0,0.02788,1.42045,0.0,0.0,0.0,0.0,0.0,0.0,0.0,0.0,0.27702,0.0,0.0,0.0,0.0,0.0,0.0,0.0,0.0,0.0,0.0203,0.0,0.0,0.0,1.9033,0.0,0.16099,0.0,0.0,0.0,0.0,0.0,0.0,0.0,0.0,0.0,0.0,0.0,0.0,0.0,0.0,0.0,0.0,0.0,0.0536,0.0,0.6943199999999999,0.0,0.0,0.0,0.0,0.0,0.0,0.0,0.0,0.0,0.0,0.0,0.0,0.0,0.0,0.0,0.0,0.0,0.0,0.0,0.0,0.0,0.0,0.0,0.0,0.0,0.0,0.10494,0.0,0.06916,0.0022199999999999,0.10339,0.00474,0.0,0.0,0.0,0.0,0.0,0.0,0.0,0.0,0.0,0.0,0.0,5.584069999999979
37035_7#10,0.17324,0.13326,0.20059,0.4066599999999999,0.80958,0.0,0.3335599999999999,14.02644,0.0,22.52768,0.01147,0.10396,0.43632,0.11408,0.0364899999999999,0.02245,1.25412,0.57368,0.11331,0.70038,0.02815,0.03234,0.07665,0.01157,0.0258699999999999,0.58911,0.14633,0.03086,0.07078,0.0,0.00283,0.39435,0.04146,0.01206,0.0,0.0,0.29115,0.04968,0.0,0.0,0.0,0.5961,0.01205,0.0,0.0,0.0,0.0,11.91281,0.0,0.25617,0.0,0.18899,0.09933,0.5007199999999999,0.003,0.0,0.03127,0.27786,0.00058,2.44237,0.0052299999999999,0.00431,0.0,0.1089,0.7064699999999999,0.0,0.0,0.22826,0.14794,0.0,0.21958,0.0,0.11087,0.0,0.00329,0.21914,0.33066,0.285,0.25436,0.0,0.3326199999999999,0.9829,0.03789,0.0,0.0,0.13692,0.4458,0.0,0.0097,0.07107,0.01791,0.0,0.0,0.00149,0.75551,0.04785,1.41,0.00745,0.12811,0.0,0.12394,0.21928,0.0528,0.04966,0.00183,0.0,0.04175,0.04176,0.0,0.0,0.00483,0.29223,0.0,0.00275,0.00231,0.0,0.0,0.0,0.02888,0.1099,0.00506,0.0217,0.01247,0.62271,0.06614,0.0746899999999999,0.01992,0.07149,0.00771,0.04467,0.0,0.0,0.00475,0.0,0.0,0.0,2.47381,0.13665,0.0,1.47329,0.0415699999999999,0.0,0.04026,0.0,0.0,1.59361,0.16579,0.99358,0.12638,0.2138,0.05197,0.33029,0.0,0.0,0.00758,0.10624,0.00262,0.02162,0.0,0.0,0.02866,0.49668,0.15555,0.07577,0.03116,0.0,0.0079,0.04816,0.21328,0.0,0.0205699999999999,0.01284,0.0,0.0,0.0,0.0,0.01187,0.0,0.0,0.0549399999999999,0.01394,0.0,0.0,0.0,0.02323,0.0,0.0,0.0,0.0,0.50779,0.0,0.0,0.0012699999999999,5.49389,0.17069,0.0,0.00028,0.0,0.01669,15.801609999999982
37035_7#11,0.0,0.0,0.0,0.01969,0.98546,0.0,0.38885,2.80784,0.01066,0.42925,0.0,0.00166,5.926740000000001,0.0,0.0020399999999999,0.0,0.50041,0.01654,0.03998,0.43453,0.5062,0.0,0.0,1.04565,0.0,0.48871,0.98981,0.17762,0.0,0.0,0.03128,0.34909,1.44314,0.0,0.0,0.0,0.00775,0.09799,0.30414,0.0,0.99764,0.5033,0.05872,0.0,0.0,0.0,1.96404,44.43135,0.04065,0.0,0.0004599999999999,1.1081299999999998,0.03633,0.2407699999999999,0.07005,0.0,0.0,0.27207,0.0,0.16846,0.0,0.0,1.94932,0.01783,0.00295,0.02636,5.6794400000000005,0.0,0.06773,0.0,0.07535,0.03716,0.00323,0.07772,0.0,0.06881,0.0,0.02494,0.0,0.239,0.0188,0.0,0.0,1.80742,0.00381,0.01698,0.13896,0.0,0.00996,0.0107099999999999,0.0,0.008,0.0,0.00996,0.0,0.00037,0.0,0.0,0.0,0.0,0.0,0.0,0.0,0.0,0.0,0.01583,0.0,0.0,0.0,0.13387,0.0028,0.0064,0.0,0.0,0.0,0.0,0.04876,0.0,0.0,0.00891,0.0,0.0,0.0,0.53491,0.0,0.0,0.0,0.00027,0.0,0.11813,0.0,0.0,0.0,0.0,0.0,0.0,0.0,0.02195,0.0,0.03368,0.0,0.01571,0.0,0.0,0.0,0.0,0.0,0.0,0.0,0.0,0.0,0.0,0.00654,0.0,0.0127,0.0,0.0,0.0,0.13689,0.0,0.0,0.00552,0.0,0.0,0.0,0.0,0.0,0.00777,0.0,0.0,0.0,0.0,0.0,0.0,0.0,0.0,0.0,0.07317,0.0,0.0,0.0,0.0,0.0,0.0,0.0,0.04176,0.0,0.0,0.0,0.0,0.0,0.0,0.0,0.74058,0.0,0.0,0.0,0.0,0.0,20.84204000000002
37035_7#12,0.0,0.0,0.0,0.8486799999999999,1.04753,0.0,3.88779,10.03307,0.0,1.93028,0.31195,0.1052099999999999,2.00701,0.0,0.0,0.3939,3.5514,0.03735,0.0,5.34943,0.0,0.0,0.08852,0.58243,0.03185,0.22171,9.4823,1.65342,0.19807,0.0,0.0,1.5087700000000002,2.26983,0.0,0.0,0.0,0.02449,0.0,11.9167,0.0,0.40519,0.5269699999999999,0.36693,0.0,0.00211,0.00207,1.2204700000000002,16.43412,0.27353,0.0,0.0,1.1734,0.00596,1.2736,0.00449,0.02452,0.1273099999999999,0.23451,0.0,0.0,0.07685,0.0,0.0,0.0,0.0,0.02424,0.74028,0.16185,0.0,0.68025,0.13574,0.11937,0.0,0.00582,0.0,0.00793,0.0,0.00814,0.0,0.01725,0.01998,0.0,0.02924,1.32322,0.0,3.96122,0.03675,0.04711,0.11317,0.0246699999999999,0.01168,0.0,0.0,0.0,0.01139,0.0,0.0,0.025,0.0,0.15506,0.0,0.02641,0.00157,0.0,0.0,0.0,0.01683,0.0,0.0,0.05088,0.1179099999999999,0.0,0.00122,0.0,0.06352,0.0,0.1357799999999999,0.0,0.0,0.00842,0.0,0.0,0.1442099999999999,0.34697,0.0,0.64094,0.04265,0.00764,0.0,0.0583799999999999,0.0,0.0,0.0,0.0,0.01963,0.0,0.00343,0.0,0.0,0.0,0.0,0.0,0.0,0.0,0.0,0.0,0.0,0.0,0.0,0.0,0.0,0.0,0.0,0.0,0.00339,0.0,0.0,0.0,0.0216,0.0,0.0,0.0,0.0,0.0,0.0,0.0,0.0,0.0,0.0,0.0,0.0,0.0,0.0,0.0,0.0,0.0,0.0,0.0176,0.0,0.00718,0.0,0.0,0.0,0.0,0.0,0.0,0.0,0.0,0.0,0.0,0.0,0.0,0.0,0.04967,0.0,0.0,0.0,0.0,0.0,10.921089999999982
37035_7#13,0.0,0.0,0.0,0.01842,0.21598,0.0,0.47221,7.284910000000001,0.0,0.08004,0.05911,0.13155,0.2106,0.0,0.0,0.0,0.54698,0.0,0.0,0.22514,0.0,0.0,0.05111,0.3183,0.0563899999999999,0.15454,0.5918100000000001,0.1252,0.0496,0.0,0.0,0.7692899999999999,0.0,0.0,0.0,0.0,0.0028,0.00182,0.02315,0.0,0.18652,0.71328,0.0,0.0,0.0,0.0,0.96942,62.18212,0.04997,0.04075,0.0,0.95428,0.0,0.02135,2.99741,0.0,0.0,0.08156,0.0,0.08784,0.00256,0.0,1.4957,0.0933399999999999,0.0,0.0,1.18162,0.15029,0.0,0.0,0.17185,0.07463,0.0,0.0,0.0,0.0169,0.0,0.0,0.0,0.0,0.0,0.04666,0.00498,1.91229,0.07016,3.31085,0.07845,0.0,0.0,0.00769,0.0,0.0,0.0,0.0,0.0,0.0,0.0,0.0,0.0,0.0,0.0,0.0,0.0,0.0,0.0,0.0,0.01314,0.0,0.0,0.02915,0.0,0.0,0.00208,0.0,0.00916,0.0,0.0,0.0,0.0,0.0,0.0,0.0,0.0,0.5776600000000001,0.0,0.06915,0.00307,0.0,0.0,0.0,0.0,0.0,0.0,0.0,0.0,0.0,0.0,0.0,0.0,0.00655,0.0,0.00632,0.0,0.0,0.0,0.0,0.0,0.0,0.0,0.0,0.0,0.0,0.00497,0.0,0.0,0.0,0.0,0.0,0.06941,0.0,0.0,0.01166,0.0,0.0,0.0,0.0,0.0,0.0,0.0,0.0,0.0,0.0,0.0,0.0,0.0,0.0,0.0,0.0,0.0,0.0,0.0,0.0,0.0,0.0,0.0,0.0,0.0,0.0,0.0,0.0,0.0,0.0,0.0,0.21365,0.0,0.0,0.0,0.0,0.0,10.692609999999979
37035_7#14,0.0,0.8832700000000001,0.0,0.0252599999999999,2.13037,0.0,0.1157599999999999,6.74825,0.0,3.47295,0.0,0.03318,0.8360799999999999,0.0,0.00154,0.0,0.11366,0.27945,0.02768,0.24264,0.20382,0.0,0.06385,0.09161,0.0,0.28251,0.18708,0.1130099999999999,0.17162,0.0,0.00582,0.42622,0.11671,0.0,0.0063799999999999,0.0,0.00812,0.3945099999999999,0.05107,0.0,0.01581,0.01593,0.02862,0.0,0.00309,0.0,2.2526,44.74679,0.29053,0.23869,0.0,2.4058200000000003,0.07901,0.15177,0.31753,0.0,0.0,0.03241,0.0,0.54194,0.0,0.0,0.0,0.08569,0.1188099999999999,0.18162,2.06199,0.01731,0.0,0.00482,0.04066,0.03131,0.04318,0.0,0.01,0.0748,0.73547,0.13776,0.02181,0.09145,0.12334,0.35162,0.0,2.11642,0.03609,0.03505,0.11352,0.0,0.0,0.00539,0.0,0.00903,0.0,0.0,0.0289399999999999,0.927,0.12372,0.0,0.0,0.0,0.0,0.0,0.00905,0.01373,0.0,0.0,0.06059,0.01906,0.0,0.0,0.0,0.15782,0.0,0.0,0.0,0.0,0.7479399999999999,0.00735,0.0379899999999999,0.01243,0.01072,0.0028899999999999,0.0007099999999999,1.0351,0.1206,0.12007,0.0,0.0120299999999999,0.0,0.04741,0.0,0.0,0.0,0.0,0.0,0.0,0.0,0.02268,0.0,0.36754,0.08474,1.34703,0.5402,0.02419,0.0,0.10553,0.0473699999999999,0.01573,0.06631,0.0,0.01939,0.0,0.01548,0.03636,0.0,0.0,0.02072,0.0,0.38586,0.02976,0.0,0.02702,0.1149,0.01072,0.01205,0.0,0.04382,0.0,0.0028399999999999,0.0,0.01145,0.01426,0.0,0.0,0.00282,0.0,0.0,0.0,0.003,0.0,0.00673,0.0,0.0,0.0,0.0,0.0,0.0,0.0,0.0,0.0047799999999999,0.0,0.0,0.0,6.1451400000000005,0.01603,0.00132,0.0,0.0,0.0,12.358980000000003
37035_7#15,0.0,1.07237,0.0,1.57988,0.03249,0.0,6.58983,4.243530000000001,0.01199,1.09633,0.06876,1.76496,0.00431,0.0,0.0,1.11478,2.31888,0.0,0.03556,0.10511,0.0,0.0,0.0,24.06286,0.05477,0.41791,8.53017,0.45897,1.51215,0.0,0.0,0.0,0.20539,0.00431,0.00629,0.0,0.0063799999999999,0.0,0.1249599999999999,0.0,0.10465,2.55801,0.17101,9.77763,0.00705,0.00061,0.00164,3.57649,0.0,0.47411,0.0,0.0,0.02385,15.93825,0.0,0.0,0.0,0.42356,0.0,0.01026,0.1219799999999999,0.02514,0.0,0.0,0.1166099999999999,0.0,0.0,0.19872,0.5749,0.0,0.01248,0.07001,0.0,0.0706,0.0,0.0948,0.27838,0.0,0.08987,0.0,0.0,0.0,0.0,0.0,0.24273,1.24704,0.0,0.0,0.17742,0.0,0.03574,0.0,0.0,0.0,0.0,0.06971,0.17732,0.0,0.0,0.18245,0.0,0.0,0.1206,0.0,0.0014199999999999,0.0,0.0,0.30204,0.09029,0.0,0.0,0.0,0.16395,0.0,0.04106,0.0,0.0,0.0,0.0,0.0,0.0,0.0,0.18747,0.0,0.0,0.0,0.0,0.0,0.02743,0.0,0.0,0.0,0.0,0.0,0.0,0.0,0.0,0.0,0.07332,0.0,0.0,0.0,0.0,0.0,0.0,0.0,0.0,0.0,0.0,0.0,0.0,0.0,0.0,0.0,0.00037,0.03653,0.0,0.0,0.0,0.0,0.00302,0.0,0.0,0.0,0.0,0.0,0.0,0.0,0.0,0.0,0.0,0.0,0.0,0.0,0.0,0.0,0.0,0.0,0.0,0.0,0.0,0.0,0.0,0.0,0.0,0.0,0.0,0.0,0.0,0.0,0.0,0.0,0.0,0.0,0.0,0.0,0.0,0.0,0.0,6.676540000000044
37035_7#16,0.06719,0.01289,0.04804,0.17432,0.35551,0.0180099999999999,1.71663,9.28008,0.0,6.4525,0.0,0.20905,0.37311,0.23554,0.02243,0.00274,0.33228,0.06557,0.2872,0.1335599999999999,0.39398,0.03296,0.94992,0.18469,0.0,0.374,0.04189,0.42973,0.0,0.0,0.03096,0.25048,0.25179,0.0,0.09887,0.0,0.31396,0.54151,0.00257,0.0,0.0,0.00872,0.00079,0.0,0.00554,0.0,0.4093,1.01109,0.0,0.0,0.0,0.01153,0.02181,0.27211,0.0,0.0,0.13061,0.00215,0.0,1.5526,0.00026,0.0,0.0,0.9279,0.2501,0.6014,0.49386,1.4619,3.09263,0.07932,0.13523,0.0221099999999999,0.0074,0.0,0.0,0.34894,1.32652,5.59631,0.13639,0.06362,0.84005,2.66406,0.31405,0.59754,0.01884,0.0,0.12594,0.26645,0.16062,0.09243,0.0521,0.05466,0.0,0.0,0.67198,0.47231,0.0,0.00293,0.0,0.10324,0.42472,0.02743,0.6329899999999999,0.09126,0.0294399999999999,0.0,0.05404,0.0,0.0,0.0,0.00025,1.03277,0.00197,0.10586,0.0,0.01395,0.0,0.02246,0.05225,9.81721,0.07427,0.04937,0.0,0.0,0.1635,0.0,0.03005,0.0,0.03768,0.0809,0.00151,0.0,0.07743,0.0,0.04751,0.0,0.0,0.8022,0.0,0.09525,0.0410699999999999,5.4919,0.15915,0.0,0.0,1.0340200000000002,0.07925,3.32722,0.04026,0.0,0.0,0.02821,0.08735,0.0687,0.0,0.0603299999999999,0.48565,0.0,0.0,0.00022,0.0,0.28493,0.05524,0.06171,0.19638,0.0,0.10314,0.0,0.03181,0.0,0.1835,0.01858,0.07497,0.08878,0.02631,0.01146,0.0969999999999999,0.0,0.0,0.01604,0.16623,0.00838,0.0,0.0,0.0,0.0,0.0,0.0,0.0420899999999999,0.045,0.00555,0.0,0.25058,0.0,0.19416,0.1756,0.07922,0.0084599999999999,0.03513,24.978849999999987
37035_7#17,0.01238,2.41653,0.0,0.20328,0.09236,0.3205199999999999,3.23741,0.13956,0.20564,2.67742,0.0,1.52103,0.07452,0.0,0.0,0.0,3.25746,0.27255,0.0618299999999999,1.08539,0.02498,0.00109,1.14921,3.95833,0.57387,0.51348,0.50889,0.0,0.6886800000000001,0.0,0.0,0.0,0.24619,0.0,0.31974,0.0,0.0,0.03035,0.00596,0.0,0.0,0.0785,0.24474,0.0,0.01209,0.21574,0.11062,4.59141,0.0,0.0,0.09006,0.08167,0.00852,5.63161,3.57317,0.0,1.9182,0.00059,0.0439899999999999,0.08219,0.27535,3.4671199999999995,0.0,0.02021,0.02708,0.2249199999999999,0.33482,0.60216,0.2287199999999999,0.0,0.0,0.0,0.05625,0.27835,8.317169999999999,0.0,0.39458,0.01565,0.0,0.03633,0.00266,0.20815,0.21971,0.11406,0.85259,0.42355,0.0,0.0,0.21284,0.0,0.00743,0.04096,0.3964,0.0,0.0,0.07704,0.7246,0.02132,0.01059,0.31006,0.02486,0.0315,0.49394,0.01299,0.0,0.0,0.00147,0.5464399999999999,0.1209099999999999,0.0,0.0,0.04945,0.12954,0.0006,0.04716,0.00452,0.16519,0.71818,0.00615,0.0673899999999999,0.0,0.0,0.04945,0.06826,1.17967,0.08688,0.24864,1.14211,0.14217,0.10222,0.0,1.14054,0.0,0.0,0.03416,0.0,0.54128,0.3526,1.40363,6.79017,0.0009599999999999,0.33658,0.25238,0.07234,0.01948,0.0,0.0,0.00883,0.0,0.00328,0.0,0.02512,0.43535,0.0,0.02897,0.0,0.0,0.31965,0.03381,0.0,0.0,0.01462,0.0168199999999999,0.0034,0.11413,0.0,0.0,0.11929,0.05017,0.0,0.00621,0.02027,0.48823,0.00881,0.0,0.0,0.02924,0.0,0.13276,0.93321,0.01892,0.0,0.0,0.0,0.0,0.0,0.0,0.0,0.0,0.40196,0.4997,0.0,0.0,0.0,0.0,0.0,0.02555,0.0,0.0,21.69546999999999
37035_7#19,0.0,0.0,0.0,1.3892799999999998,0.0168199999999999,0.02924,5.79237,0.00412,0.0,0.6858,0.0283199999999999,0.43332,0.02676,0.0,0.0,0.93669,0.7800199999999999,0.0,0.01085,1.45403,0.05502,0.0,0.1163599999999999,2.43164,12.33897,0.0240599999999999,0.00078,0.0,0.42593,0.0,0.0,0.0,0.13819,0.0,0.03686,0.0,0.0,0.0,0.0,0.0,0.0,0.00053,0.0,0.20267,0.0130599999999999,0.0068099999999999,0.0,0.00948,0.01432,0.0,0.74552,0.0,0.0,1.83623,1.17238,0.0,0.02037,0.0,0.38695,0.0,0.31087,3.23086,0.0,0.0,0.0,0.0,0.0,0.17252,0.0,0.0,0.0,0.0,0.0,0.0,0.0,0.0,0.0,0.0,0.0,0.0,0.0,0.0,0.08235,0.0,0.06322,0.0,0.0,0.0,0.01628,0.0,0.0,0.0,0.00437,0.0,0.0,0.41156,1.32331,0.0,0.0059299999999999,0.00328,0.0,0.01238,0.0105799999999999,0.0,0.00654,0.0,0.0,0.03246,0.02961,0.0,0.0,0.0,0.00137,0.0,0.03785,0.0,0.0,0.0,0.0,0.0,0.0,0.0,0.0,0.0,0.0,0.0212,0.0,0.15059,0.0,0.0,0.0,0.07611,0.0,0.0,0.0,0.0,0.0,0.0,0.0,0.05166,0.0,0.0,0.0,0.0,0.0,0.0,0.0,0.0,0.0,0.0,0.0,0.0,0.0,0.0,0.0,0.0,0.0,0.90529,0.0,0.02434,0.0,0.0,0.0,0.0,0.0,0.0030399999999999,0.0,0.0,0.0,0.0,0.0,0.0,0.0,0.0,0.0,0.0,0.0,0.0,0.0,0.44516,0.0,0.0,0.0,0.0,0.0,0.0,0.0,0.0,0.0,0.17803,0.0,0.01163,0.0,0.0,0.0,0.0,0.00179,0.0,0.0,60.812070000000006
37035_7#1,0.0,1.47905,0.0,0.44254,0.06594,0.0,2.00705,0.17343,0.0,3.12507,0.01004,1.86348,0.10858,0.0,0.0,0.0,1.60705,0.07937,0.1137,0.506,0.0,0.0,0.48478,1.41662,0.0,0.26671,9.50633,0.0,0.25387,0.0,0.0,0.0,0.00232,0.0,0.19309,0.0,0.0,0.0,0.0,0.0,0.0,0.02692,0.29309,0.0,0.0,0.0057,0.03506,2.09488,0.0,0.0,1.47425,0.0206599999999999,0.0,3.6383,3.947130000000001,0.0,0.15024,0.02748,0.02742,0.04065,0.28528,0.31703,0.2270599999999999,0.0,0.0214199999999999,0.15802,0.11392,0.56212,0.39746,0.0,0.0,0.0,0.0,0.1254,0.0,0.00103,0.06622,0.0,0.0,0.0,0.0,0.03669,0.88797,0.02396,0.08002,1.29245,0.0,0.0,0.04748,0.0,0.0,0.00381,0.98239,0.0,0.0,0.0,11.5095,0.00261,2.85726,0.15582,0.0,0.0206699999999999,0.2106199999999999,0.00812,0.01957,0.10192,0.0,2.01446,0.11464,0.0,0.0,0.0,0.0,0.0,0.0,0.0,0.0,0.1688,0.0,0.01363,0.0,0.09327,0.18032,0.02115,0.04076,0.01907,0.2471,0.65995,0.14452,0.0,0.00941,0.1033299999999999,0.0,0.0,0.0034799999999999,0.0,7.318589999999999,0.0,0.01995,9.03659,0.0,0.0563899999999999,0.0462399999999999,0.00115,0.0,0.0,0.01427,0.0,0.0,0.0,0.0,0.0,0.06967,0.0,0.0,0.0,0.0,0.0,0.03405,0.33751,0.60424,0.0,0.0,0.0,0.0,0.96237,0.0,0.00601,0.0,0.0308,0.0,0.01141,0.42273,0.0359,0.0,0.0,0.0,0.0,0.1013,0.11503,0.0,0.0,0.0,0.0,0.0,0.0,0.0,0.0,0.0,0.0,0.10465,0.23854,0.0,0.26456,0.0,0.01321,0.0,0.0,0.0,20.31833
37035_7#20,0.0,0.00343,0.0,0.03865,1.63106,0.0,0.39832,5.64922,0.04508,2.9075900000000003,0.00059,0.02885,3.02084,0.0,0.00582,0.02565,0.20786,0.04961,0.01587,1.05395,0.1411,0.0,0.00445,0.8168300000000001,0.03156,0.13309,1.45001,0.06525,0.0022,0.0,0.01031,0.11091,0.27746,0.0,0.0,0.0,0.02636,0.06487,0.57499,0.0,0.04826,0.21665,0.0,0.0033,0.0,0.0,0.97906,36.60295,1.01183,0.16294,0.0,2.30538,0.75934,0.1667799999999999,0.13898,0.0,0.0,0.03593,0.0,0.18311,0.04251,0.00898,4.38311,0.14905,0.02427,0.60542,2.73035,0.0,0.5057699999999999,0.0,0.1169999999999999,0.02303,0.02359,0.11729,0.05722,0.13994,0.0203199999999999,0.07163,0.0,0.04785,0.05338,0.20686,0.02099,2.49717,0.22099,0.0,0.02356,0.03831,0.0,0.01135,0.0,0.0,0.0,0.00435,0.0372199999999999,0.0,0.0004,0.0,0.04181,0.0,0.0,0.0,0.00054,0.0,0.0,0.01006,0.0757299999999999,0.0,0.0,0.0044,0.00823,0.03337,0.0,0.0,0.00401,0.0,0.34212,0.0,0.00191,0.0319,0.0,0.0,0.0,0.24269,0.1353099999999999,0.0236,0.00101,0.01345,0.0,0.0155,0.0,0.0,0.0,0.0,0.0,0.0,0.0,0.00518,0.1367799999999999,0.23765,0.0,0.05549,0.06021,0.0,0.0,0.0,0.01771,0.0,0.01969,0.01004,0.0218,0.0,0.22207,0.01113,0.01065,0.0,0.0,0.00154,0.42916,0.0,0.01049,0.2312199999999999,0.0,0.0,0.01277,0.00448,0.0,0.05147,0.0,0.0,0.0,0.0,0.0,0.0,0.02173,0.0,0.0,0.00081,0.0,0.0,0.0,0.0,0.0,0.0,0.0,0.0038,0.0,0.0,0.0,0.0,0.0,0.01109,0.0,0.14235,0.0,0.0,0.0,0.0,0.0,23.696850000000044
37035_7#21,0.0,0.0101,0.0,0.01113,0.0267199999999999,0.0,4.8837,0.00546,0.03828,3.4072400000000003,0.01521,0.97051,0.0,0.0,0.0,0.3289,0.48976,0.0351,0.0,0.35067,0.03976,0.0,0.07517,0.35157,1.15815,0.15542,0.06286,0.01672,0.1546799999999999,0.0,0.05541,0.0,0.00041,0.0,0.14794,0.0,0.0,0.0,0.0,0.0,0.0,0.0,0.00077,0.01133,0.00108,0.0,0.0,0.07761,0.00699,0.0,0.02831,0.0,0.15782,3.42261,0.26129,0.00732,0.00374,0.0,0.03607,0.0,0.02022,0.9634,0.0,0.0,0.0,0.00296,0.0,0.14002,0.00351,0.0,0.0,0.0,0.00509,0.0,0.00558,0.00592,0.04816,0.0,0.0,0.00631,0.0,0.05866,0.544,0.0,0.0,0.0,0.0,0.0,0.02957,0.0,0.0,0.0006,0.07702,0.0,0.0,0.08091,0.5211100000000001,0.0,0.00712,0.11445,0.0,0.08602,0.1573,0.0028699999999999,0.0,0.03938,0.00043,0.51586,0.10305,0.0,0.0,0.0,0.0031899999999999,0.0,0.28579,0.0,0.0084,0.1122,0.0,0.0287399999999999,0.0,0.05302,0.0,0.0,0.0,0.0,0.0,0.11348,0.09685,0.19501,0.00104,0.0585,0.0,0.0,0.00135,0.0,0.0,0.0,0.17564,1.4893299999999998,0.00535,0.0,0.0014199999999999,0.0,0.0,0.0,0.01169,0.0098599999999999,0.0,0.0,0.0,0.0,0.7185,0.0,0.0,0.0,0.0,0.0,0.0,1.08295,0.0,0.0,0.0,0.0,0.0,0.08055,0.0,0.0,0.0505899999999999,0.05322,0.0,0.0,0.0657399999999999,0.00062,0.0,0.0,0.0,0.0,0.02901,0.13804,0.0212699999999999,0.0,0.0,0.0,0.0,0.0,0.0,0.0,0.0,0.0,0.01262,0.11007,0.0,0.00866,0.0,0.0,0.0,0.0,0.0,74.63197000000001
37035_7#22,0.0,0.0161,0.0,0.05629,0.14206,0.0,0.6911,0.00394,0.03945,1.02603,0.00179,0.12915,0.02422,0.0,0.04356,0.0746,0.16887,0.00571,0.0,0.09871,0.11971,0.0,0.33876,1.49251,0.0,0.00804,0.79137,0.0,0.04767,0.0,0.0,0.0,0.00183,0.0,0.0957,0.0,0.0153699999999999,0.00014,0.00279,0.0,0.0,0.0,0.22579,0.0,0.0,0.00155,0.0,0.04307,0.0,0.0,0.0,0.0,0.0,0.79197,0.03088,0.03083,0.07593,0.0,0.0605299999999999,0.0,0.00255,0.02307,0.0,0.0,0.0,0.15389,0.0,0.50842,0.04608,0.0,0.0,0.0,0.01826,0.02823,0.0296,0.00116,0.00318,0.03313,0.0,0.03508,0.0,0.02207,0.27809,0.00624,0.21133,0.00577,0.0,0.01964,0.08711,0.0,0.00484,0.0,0.0,0.0,0.0,0.01134,0.0,0.0,0.0274,0.14469,0.0,0.0,0.15777,0.00238,0.0,0.0,0.0,0.03252,0.0,0.0,0.0,0.0,0.0,0.0,0.0,0.0,0.0,0.01521,0.0,0.10655,0.0,0.00234,0.4687699999999999,0.0,0.0,0.0,0.02206,0.0,0.00709,0.08687,0.00146,0.0,0.0,0.0028899999999999,0.0520399999999999,0.0,0.0,0.0,0.0,0.20038,0.0,0.09199,0.0019,0.0,0.00496,0.0,0.0,0.0182,0.0,0.0525799999999999,0.0,0.0,0.00198,0.0,0.01602,0.0,0.0,0.00655,0.0,0.25906,0.0,0.01345,0.0,0.0,0.0021899999999999,0.0,0.0,0.0,0.00724,0.0,0.0055299999999999,0.0,0.11406,0.0232199999999999,0.0,0.0,0.0169099999999999,0.0,0.0,0.25286,0.006,0.0,0.0,0.0,0.0,0.0,0.0,0.0,0.0,0.54295,0.11018,0.0,0.0,0.0,0.00171,0.00227,0.00206,0.0,0.0,88.89061000000001
37035_7#23,0.0,0.45801,0.0,0.4514899999999999,1.15028,0.1412,2.47024,3.56281,0.13793,9.27896,0.38615,0.14622,0.43211,0.0,0.04495,0.37117,0.41939,0.8657,0.0742299999999999,0.28611,1.5963200000000002,0.0,0.90269,0.16342,0.13855,1.47502,0.32243,0.0832799999999999,0.24593,0.0,0.03107,0.0,4.51206,0.0,0.02318,0.0,0.17448,0.4676,0.79725,0.0,0.0,0.0,0.0,0.0,0.01312,0.0,0.23817,15.33828,0.0,0.03905,0.04095,0.4408399999999999,1.21016,0.89792,7.38722,0.0,0.02054,0.1083799999999999,0.0,0.99088,0.2098,0.6847300000000001,0.54995,0.07364,0.4374399999999999,0.0,0.27044,0.57331,0.0,0.03038,0.13258,0.04235,0.0,0.0567299999999999,0.0,0.1963,0.5459,1.04302,0.17586,0.0,0.2016,1.6929,0.16687,0.0,0.2566,0.0,0.0113,0.0,0.02044,0.0,0.0151199999999999,0.7983899999999999,0.1961,0.0072599999999999,0.06145,0.13457,0.66162,0.01424,0.01934,0.02038,0.26103,0.01652,0.0,0.04283,0.0,0.0,0.02365,0.11484,0.0,0.0,0.0,0.25299,0.01738,0.12914,0.01293,0.0,0.18837,0.02901,0.0089,0.13555,0.00759,0.0,0.0,0.0,1.12679,0.0,0.0,0.0,0.01114,0.11577,0.4798699999999999,0.00419,0.01257,0.0,0.0,0.0,1.32093,0.005,0.0,0.0,0.99299,3.50294,0.80397,1.18253,0.0,0.05032,0.1062299999999999,0.92614,0.0,0.18136,0.01241,0.05132,0.0533,0.03704,0.24831,0.03067,0.0,0.0,0.03113,0.26089,0.0,0.18968,0.06283,0.04784,0.10309,0.0,0.0242,0.0,0.10136,0.00322,0.2214699999999999,0.01867,0.00772,0.0,0.0,0.0,0.03562,0.0,0.0,0.0,0.01278,0.0,0.0,0.0,0.0,0.0,0.0,0.0,0.02244,0.0,0.00346,0.00882,0.13658,0.0,0.0311399999999999,0.19218,0.01448,0.0,0.0,18.337529999999994
37035_7#24,0.0,20.58009,0.0,0.0575,0.00865,0.0,7.244730000000001,0.53092,0.31903,0.96773,1.0565,2.53231,3.01297,0.0,0.0,1.29151,0.7621,0.0,0.0102099999999999,0.00497,0.0,0.0,1.0095,16.34487,0.0,0.09398,0.25523,0.1626,0.0275899999999999,0.0,0.0,0.0,0.07458,0.02387,0.01829,0.0,0.0,0.0,0.0,0.0,0.24189,0.02635,0.04004,0.04162,0.0,0.0,0.0508399999999999,1.05979,0.0,0.73816,0.0,0.35783,0.0,0.44553,0.40012,0.0,0.0,0.16318,0.0,0.0,0.0,0.0,0.0,0.0,0.0,0.0,0.8706200000000001,0.75571,0.0,0.0,0.00172,0.0,0.0,0.44935,0.0,0.0,0.0,0.0,0.06023,0.0,0.0,0.0,0.0,0.0,0.00868,0.06898,0.0,0.0,0.1254,0.0,0.0,0.0,29.90246,0.0,0.0,0.0,0.0,0.0,0.0,0.40125,0.0,0.0793,0.0,0.0,0.0,0.13196,0.0,0.0,0.0,0.0,0.0,0.0049,0.15877,0.0,0.0,0.0,0.0,0.0,0.0,0.00848,0.0,0.0,0.01642,0.0,0.0,0.0,0.0,0.0,0.0,0.0,0.0,0.0,0.0,0.27523,0.0,0.0,0.0,0.08585,0.0,0.0,0.0,0.0,0.0,0.0,0.0,0.0,0.0,0.0,0.0,0.0,0.0,0.0,0.0,0.0,0.0,0.0,0.0,0.0,0.0,0.0,0.0,0.0,0.0,0.0,0.0,0.0,0.0,0.0,0.0,0.0,0.0,0.0,0.0,0.0,0.0,0.0,0.0,0.0,0.0,0.0,0.0,0.0,0.0,0.0,0.0,0.0,0.0,0.0,0.0,0.0301899999999999,0.0,0.0,0.0,0.0,0.0,0.0,0.0,0.0,0.0,6.6094199999999885
37035_7#25,0.51248,0.0143699999999999,0.19621,0.6509699999999999,0.11069,0.11362,1.65635,39.54451,0.0,3.53151,0.04197,0.43255,0.61379,0.40596,0.0,0.83426,1.46852,0.0382399999999999,0.01393,0.7266699999999999,0.04188,0.03373,0.5159199999999999,2.55706,1.05391,0.17706,0.24605,0.0249099999999999,0.13758,0.00265,0.02806,0.03323,0.04006,0.28824,0.10645,0.0,1.10144,0.00035,0.0,0.0,0.0215,0.25095,0.13917,0.0,0.0,0.05886,0.0,1.65209,0.58372,0.0,0.23337,0.00138,0.02188,5.03942,6.21478,0.0,0.0,0.0,0.1054,0.0727299999999999,0.04097,0.02727,0.0,0.0,0.00357,0.0,0.0,2.53763,0.0,0.0,0.0,0.0,0.0,0.0,0.0,0.0,0.0,0.36565,0.0,0.0,0.0,0.07685,0.0808,0.0,0.0,0.25079,0.06201,0.0,0.01876,0.0,0.0,0.0,0.02777,0.0,0.0683,0.40456,0.0,0.0,0.1832099999999999,0.0255099999999999,0.00259,0.04927,0.2187,0.2609,0.0,0.15348,0.05001,0.0,0.0,0.0,0.0,0.12565,0.02016,0.0150599999999999,0.01248,0.0,0.42605,0.0,0.0,0.22083,0.0,0.36419,0.0220199999999999,0.0,0.0,0.0,0.0,0.0,0.39396,0.0,0.0,0.0,0.0,0.0,0.0,0.0,0.26904,0.0,0.0,0.0,0.0,0.7623,0.0,0.0,0.0,0.0,0.0,0.0,0.0,0.0,0.0,0.0,0.0038,0.03368,0.0,0.0,0.0,0.0,0.0,0.0,0.0,0.06151,0.0,0.0,0.0,0.0,0.0,0.15745,0.0,0.0,0.0,0.0,0.0,0.00598,0.0,0.0,0.0,0.0,0.0,0.0,0.0,0.0,0.0,0.0,0.0,0.0,0.0350899999999999,0.0,0.0,0.02036,0.0,0.0,0.0,0.0,0.0,0.0,0.00428,0.0,0.0,20.44708000000001
37035_7#2,0.0,0.11599,0.0,0.16339,0.83624,0.0,0.12814,6.16689,0.04891,6.9381,0.01481,0.10213,4.54323,0.0,0.0,0.0,0.5627800000000001,0.04504,0.02113,0.12853,0.04117,0.0,0.32193,0.9532,0.0,1.36976,0.19657,0.01584,0.08207,0.0,0.1088799999999999,0.37131,0.94499,0.0,0.03599,0.0,0.01465,0.02805,0.05106,0.0,0.20106,0.63697,0.0,0.0,0.0021899999999999,0.0,1.62959,23.41256,0.08035,0.3606,0.0,4.129569999999999,0.11385,0.46806,0.53082,0.0,0.02833,0.08199,0.0,0.43453,0.01254,0.0176699999999999,5.84945,0.02461,0.58191,0.50421,2.61744,0.03391,0.01907,0.26085,0.2098,0.04494,0.08009,0.01605,0.0,0.5456,0.05006,0.0150699999999999,0.04816,0.01548,0.29311,0.73302,0.0,1.4516,0.02833,0.15181,0.4491199999999999,0.0,0.02429,0.01848,0.00283,0.02331,0.01829,0.02184,0.02294,1.04,0.1948599999999999,0.0,0.1278,0.08499,0.0464199999999999,0.02732,0.02095,0.01141,0.0,0.05642,0.09606,0.02336,0.0,0.0,0.03978,0.13887,0.0,0.0,0.00122,0.0,4.54833,0.0,0.01231,0.04456,0.0700399999999999,0.01725,0.0363,0.3598,0.0,0.01108,0.00255,0.13275,0.0,0.01519,0.0127599999999999,0.0,0.00186,0.0,0.0,0.0,0.0,0.19962,0.25127,0.77304,0.00286,0.48723,0.14418,0.0,0.01424,0.2151,0.48872,0.03686,0.02301,0.0,0.24966,0.05292,0.0324,0.04155,0.0,0.0027199999999999,0.04194,0.11728,0.49531,0.54783,0.01072,0.04711,0.02205,0.0,0.01804,0.0,0.04754,0.0,0.0,0.0,0.0049,0.02269,0.0,0.0,0.03381,0.0,0.0,0.07115,0.0,0.0,0.0053799999999999,0.0,0.0,0.00805,0.0,0.0,0.0,0.0,0.0,2.08946,0.0,0.01187,0.0,0.13616,0.0298699999999999,0.0,0.01822,0.0,0.0260399999999999,15.357829999999993
37035_7#3,0.01068,0.0683,0.02715,0.11885,1.6566,0.0,0.53972,14.671220000000002,0.0,0.17676,0.01546,0.00156,3.61369,0.0,0.03753,0.06088,0.81596,1.84513,0.0,0.98253,0.31273,0.0,0.0,1.13628,0.00949,0.81217,4.44235,0.32201,0.01574,0.0,0.02597,0.73292,0.0249,0.0,0.0,0.0,0.16398,0.09253,3.01592,0.0,0.66704,1.0879299999999998,0.0,0.0,0.0,0.0,0.21518,39.88995,0.0,0.21502,0.00425,1.40123,0.0,0.15987,0.00178,0.0,0.0,0.1466599999999999,0.0,0.20806,0.0,0.0398699999999999,0.2231199999999999,0.03186,0.00321,0.0,1.1116700000000002,0.01488,0.0,0.0194699999999999,0.1197599999999999,0.0762,0.04964,0.2280199999999999,0.0,0.08578,0.0,0.39137,0.0,0.7452,0.0277,0.01105,0.0,0.0,0.05073,0.01105,0.11238,0.0,0.00649,0.01293,0.0,0.0,0.00539,0.0136199999999999,0.00639,0.0,0.08025,0.0030399999999999,0.0,0.1153599999999999,0.0,0.00836,0.0,0.0,0.01738,0.0,0.00567,0.0,0.0,0.1420799999999999,0.20818,0.0,0.0,0.0,0.0,0.0,0.48198,0.0,0.0,0.0,0.0,0.0,0.0,0.07464,0.0,0.0319399999999999,0.0,0.0,0.0,0.119,0.0,0.0,0.0151,0.0,0.0,0.0,0.0,0.0,0.00161,0.0,0.0828,0.0,0.0,0.0,0.0,0.0,0.0,0.0,0.0,0.0,0.0,0.0,0.03589,0.0,0.0,0.0,0.0,0.0,0.0,0.0,0.0075599999999999,0.0,0.0,0.0,0.0,0.0,0.0,0.01001,0.0,0.0,0.0,0.0,0.0,0.0,0.0,0.0,0.0,0.0,0.0,0.0,0.0,0.0,0.0,0.0,0.0,0.04963,0.0,0.0,0.0,0.0,0.0,0.0,0.0,0.0,0.0,0.0,0.0,0.00063,0.0,15.365130000000065
37035_7#4,0.0,0.0,0.0,0.05363,0.18679,0.03053,0.92327,5.59585,0.02965,3.4886800000000004,0.0,0.1174299999999999,0.0185,0.0,0.0,0.0,0.64784,0.00679,0.0523799999999999,1.02414,0.00633,0.0,0.18999,0.4979,1.53223,0.22537,1.4743,0.405,0.1806299999999999,0.0,0.0,1.22862,0.19353,0.0,0.04198,0.0,0.04349,0.13119,0.17139,0.0,0.07728,0.2021099999999999,0.02282,0.0,0.02119,0.0,0.3557099999999999,7.3409,0.0,0.01389,0.0,1.59174,0.0,0.62657,0.75055,0.0,0.0,0.03773,0.07429,0.74883,0.02412,0.10587,0.66881,0.25356,0.08752,2.19926,0.06827,0.07891,0.3902199999999999,0.1142099999999999,0.1781599999999999,0.04235,0.02453,0.0,0.0,0.44514,0.2222599999999999,0.0,0.00359,0.03223,0.13695,0.91754,0.08372,0.21698,0.00824,0.06386,0.03303,0.4834,0.0049299999999999,0.08744,0.1132099999999999,0.0,0.0,0.02531,0.10495,0.00328,0.39319,0.00524,0.05576,0.02228,0.2404,0.07173,0.21724,0.02166,0.02414,0.0,0.01803,0.04548,0.0,0.0,0.01045,0.69755,0.0,0.01941,0.01613,0.0,0.0,0.0,0.30691,0.02293,0.13065,0.00915,0.0243199999999999,0.03035,0.05401,0.0,0.0,0.0885,0.03727,0.02101,0.00533,0.0009699999999999,0.0058,0.0,0.0,0.0,0.0,0.0,0.0158,6.74222,0.0,1.12756,0.6386,0.01291,0.0,0.07622,10.05261,1.32601,0.23469,0.09321,0.26002,0.4496699999999999,0.0048,0.0052,0.0,0.0,0.01055,0.0,0.17683,0.0,0.0,0.0111799999999999,0.08444,0.02157,0.11523,0.0067,0.063,0.0141599999999999,0.3810199999999999,0.1093599999999999,0.08164,0.01567,0.0,0.02487,0.0177599999999999,0.0,0.0486,0.0,0.00744,0.29053,0.06255,0.0,0.0,0.0116,0.0,0.0,0.0,0.0,0.02163,0.02848,0.0,0.02702,0.17056,0.6499,0.06809,0.33019,0.01529,0.02371,0.02585,35.86627999999999
37035_7#5,0.02157,0.00654,0.0,0.01195,5.038869999999999,0.0012699999999999,0.32902,7.779039999999999,0.05421,1.80989,0.0,0.00513,6.18289,0.0,0.00881,0.0,0.2403,0.4845,0.0,0.43425,0.0,0.0,0.02348,0.12572,0.0,2.59538,2.99709,0.0,0.0,0.0,0.2164599999999999,1.77452,0.0607399999999999,0.0,0.0,0.0,0.07355,0.00938,0.09449,0.0,0.02454,0.08955,0.0,0.0,0.00125,0.0,0.13584,40.60088,2.0082,0.80857,0.0,0.0,0.39279,0.1215099999999999,0.0,0.0,0.0,0.04188,0.0,0.3644,0.0,0.18056,0.0,0.1185099999999999,0.00491,0.0,2.32226,0.00611,0.0,0.1357,0.27051,0.06212,0.07629,0.66164,0.0,0.10594,0.06591,0.25734,0.00223,0.06431,0.05321,0.01202,0.0,5.17534,1.47031,0.39757,0.0,0.0,0.0,0.01847,0.00642,0.19237,0.0,0.0212699999999999,0.05275,0.17005,0.2155,0.0,0.0,0.0,0.0,0.0,0.0,0.0,0.0,0.0,0.15261,0.0,0.0,0.08499,0.3064,0.0,0.0,0.0,0.04296,0.00537,0.58801,0.0,0.0,0.00245,0.01107,0.0,0.0,0.0,0.00267,0.05801,0.0026,0.01942,0.0,0.06167,0.0,0.0,0.04283,0.0,0.025,0.0,0.0,0.02245,0.0,0.04341,0.05726,0.0,0.0,0.0,0.0,0.0,0.0,0.0,0.0,0.0,0.0,0.00677,0.20007,0.00143,0.02886,0.01055,0.0,0.02219,0.0,0.0,0.02062,0.04482,0.0,0.0,0.0,0.0,0.0,0.0809,0.0,0.0,0.0,0.0,0.0,0.0,0.00229,0.0,0.0,0.0,0.0,0.0257699999999999,0.0,0.0087599999999999,0.0,0.0,0.0,0.0,0.0,0.0,0.0,0.02907,0.0,0.0,0.0,0.0,0.0,0.0,0.0,0.0,0.0,10.900639999999978
37035_7#6,0.29098,0.57944,0.87654,1.64457,2.79375,1.06322,0.34545,31.192490000000003,0.0,2.10012,0.0108799999999999,0.00196,10.05428,0.0,0.09189,0.12691,0.44286,2.42364,0.13588,0.23176,0.0,0.0,3.26323,0.0,0.00945,4.39264,1.99359,0.2544599999999999,0.00642,0.0,0.0,0.33956,0.12135,0.0,0.0,0.0,0.28215,0.0019399999999999,0.3064,0.0,0.08753,0.07169,0.00365,0.0,0.0,0.0,0.0,0.0,1.01926,0.0,0.0,0.0,0.0,0.48433,0.78901,0.0,0.02171,0.04883,0.0,0.20123,0.00283,0.0,0.0,0.02393,0.00827,0.0,0.0,0.56543,0.0,0.0,0.0,0.0,0.00107,0.56863,0.0,0.14728,0.09304,0.0,0.00395,0.0,0.17756,0.15916,0.0,0.0,0.0,0.04344,0.0,0.0,0.0055,0.0,0.00485,0.0,0.0,0.0,0.02706,0.0,0.0,0.00674,0.0,0.21141,0.01585,0.0,0.15123,0.03301,0.0,0.0,0.12957,0.0,0.0,0.0,1.07522,0.0069299999999999,0.0,0.0,0.0,0.0,0.02209,0.0,0.0693299999999999,0.67896,0.0,0.04357,0.0246599999999999,0.0,0.0,0.24478,0.0,0.0,0.0209,0.18895,0.00328,0.0,0.0,0.0,0.0,0.0,0.0,0.00675,0.0,0.0,0.0,0.0,0.0,0.0,0.0,0.00278,0.0,0.0,0.00639,0.0,0.0,0.0179,0.0,0.0,0.0,0.0,0.0,0.10199,0.0,0.0,0.0,0.0,0.0,0.0,0.0,0.0,0.0,0.0,0.0,0.0,0.0,0.0,0.0,0.0052899999999999,0.0,0.0,0.0,0.0,0.0,0.0,0.01787,0.0,0.02863,0.0,0.0,0.0,0.0,0.0,0.00033,0.0,0.0,0.0,0.0,0.0,0.03659,0.0,0.0,0.01264,0.0,26.89930999999995
37035_7#7,0.0,0.0,0.0,0.10052,1.40096,0.0,0.96216,7.30192,0.0,7.45867,0.00355,0.19938,13.18571,0.0,0.00252,0.06414,1.45973,0.0,0.10945,3.43963,0.01845,0.0,0.0890799999999999,0.99131,0.0,3.812780000000001,1.3581,0.32466,0.0471399999999999,0.0,0.01153,0.6402,0.12853,0.0,0.0,0.0,0.0,0.0,0.0360399999999999,0.0,0.09561,0.39986,0.0566399999999999,0.0,0.00489,0.0,0.14486,19.16512,5.22663,0.0,0.0,4.65675,0.0,0.4586199999999999,0.20565,0.0,0.01151,0.40771,0.0,0.4121,0.01831,0.01503,2.76556,0.18617,0.14345,0.45271,0.19258,0.05699,0.0,0.16476,0.18187,0.06016,0.13421,0.8274600000000001,0.0,0.44569,1.08067,0.01074,0.0,0.02046,0.11357,0.02059,0.0,1.48415,0.0570899999999999,1.24595,0.16837,0.0,0.2212199999999999,0.06448,0.02081,0.00877,0.0,0.0393,0.0295199999999999,0.13515,0.00714,0.01062,0.0,0.36053,0.0,0.08682,0.0217,0.01396,0.02584,0.0,0.1057,0.00814,0.0,0.0,0.0621899999999999,0.08627,0.02021,0.0,0.06442,0.0,5.10276,0.01963,0.0,0.04292,0.03967,0.0,0.00873,0.21618,0.0255,0.0751,0.0,0.0483,0.0,0.00919,0.0,0.00212,0.01464,0.0,0.01678,0.0,0.0,0.0121599999999999,0.0,0.13912,0.0,0.26054,0.03778,0.0,0.0,0.0,0.0,0.0,0.00121,0.0,0.01656,0.00432,0.0,0.02181,0.0,0.0,0.01087,0.0,0.38313,0.0,0.0,0.0,0.0,0.0,0.0,0.0,0.0,0.0,0.0,0.0,0.0,0.00271,0.0,0.0,0.0,0.0,0.0,0.0,0.0,0.02597,0.0,0.0,0.0,0.0,0.0,0.0,0.0,0.0,0.00209,0.0,0.0,0.0,0.0,0.31632,0.0,0.0,0.0,0.0,0.0,7.512449999999999
37035_7#8,0.01235,2.69583,0.0,0.6512,3.81879,0.0,0.34,13.30335,0.0,0.96996,0.1394099999999999,0.25879,15.83801,0.0,0.1140099999999999,0.09597,1.2004,0.73587,0.05097,0.56877,0.77976,0.02109,0.22325,0.08032,0.0017,4.81504,1.64983,0.11198,0.02667,0.0,0.01647,0.19796,0.0123299999999999,0.0,0.04028,0.0,0.04572,0.07665,0.11535,0.0,0.0,0.0,0.0,0.0,0.0,0.0,0.4766899999999999,24.09492,4.4383,0.00229,0.0,1.6852900000000002,0.16884,1.2686,1.23569,0.0,0.52132,0.07403,0.0,0.08637,0.49636,0.0,0.0,0.0,0.04933,0.0362399999999999,0.18624,0.32818,0.0,0.0,0.0,0.0,0.0,0.2067,0.0,0.04729,1.62631,0.0,0.06783,0.4264,0.0720399999999999,0.05424,0.01192,0.0,0.0,0.01383,0.0,0.0,0.10437,0.01396,0.0,0.0,0.36865,0.0,0.0,0.0,0.0,0.00425,0.54018,0.1379,0.1086,0.0,0.02417,0.02383,0.0,0.0,0.02391,0.03902,0.0,0.0067,0.03704,0.08899,0.0,0.0,0.0,0.0,0.7072,0.0,0.00187,0.11369,0.0,0.00951,0.0,0.24664,0.0,0.121,0.0,0.03472,0.03222,0.0,0.0238199999999999,0.0,0.0040799999999999,0.0,0.01096,0.0,0.0,0.0,0.0,0.0268699999999999,0.0,0.39744,0.0,0.0,0.0,0.0,0.0,0.0,0.0,0.0,0.0,0.29375,0.0,0.0,0.0,0.0,0.0,0.0,1.01951,0.0,0.01668,0.0,0.03677,0.0,0.07819,0.0,0.0,0.0,0.0,0.0,0.01245,0.03641,0.0,0.0,0.0,0.0,0.0,0.0,0.0,0.0,0.0,0.0,0.0,0.0,0.0,0.0,0.0,0.0,0.0,0.0,0.0,0.0,0.0,0.0,0.0,0.0,0.0,0.01308,0.0,8.558239999999968
37035_7#9,0.0,2.08533,0.0165699999999999,0.3141199999999999,0.36594,0.0,1.30178,14.54525,0.0,3.62519,0.11164,0.19162,3.80196,0.0,0.0,0.36767,1.55915,0.0,0.02068,1.50654,0.03073,0.0,0.3689699999999999,10.85026,0.0,0.18024,0.6674899999999999,0.92905,0.09569,0.0,0.0,0.0428,1.16166,0.0,0.0,0.0,0.09461,0.0,0.0,0.0,0.02876,3.67784,0.0551799999999999,0.0,0.0,0.0,0.1717,19.41718,0.5412899999999999,1.4983799999999998,1.21299,0.7912899999999999,0.00151,3.35672,1.72997,0.0,1.13386,0.08865,0.0128,0.03091,0.19269,0.42691,0.0,0.0988,0.07264,0.0,1.91135,0.41085,0.80376,0.79674,0.09186,0.08327,0.0,0.08355,0.37144,0.2212199999999999,0.0552799999999999,0.2622,0.0,0.0,0.10298,0.2458,0.13466,0.5654399999999999,0.11655,1.13873,0.16795,0.08152,0.15216,0.0,0.0,0.02254,0.06995,0.0,0.02823,0.0,0.02285,0.0171699999999999,0.0928799999999999,0.34278,0.0,0.0273399999999999,0.02978,0.0181199999999999,0.01854,0.17115,0.0103,0.22951,0.0,0.0,0.0,0.05703,0.0117299999999999,0.0,0.0393,0.0,0.16781,0.0,0.02868,0.01154,0.0,0.00808,0.16904,0.0,0.0,0.40597,0.06302,0.0,0.0037,0.0,0.0,0.0,0.0,0.0,0.00225,0.0,0.0,0.0,0.4859,0.0,0.0,0.36948,0.0,0.0,0.05665,0.0,0.0,0.08248,0.01855,0.01679,0.0,0.00928,0.0,0.0,0.06392,0.0,0.0,0.22146,0.0,0.0982,0.02123,0.0,0.0,0.0,0.0,0.0,0.0,0.28756,0.0,0.0,0.0,0.0,0.0,0.0,0.0,0.0,0.0,0.0,0.0,0.0,0.0,0.0,0.0,0.0,0.0,0.0,0.0,0.0,0.0,1.2457,0.0,0.0,0.0,0.0,0.01291,0.0,0.0,0.00416,0.0,8.364119999999994
37082_1#10,0.27858,11.95743,0.30473,1.2399,2.17181,0.33018,1.22378,1.29005,0.0,5.70967,0.02136,1.23019,6.21662,0.27781,0.03026,0.03831,1.76334,0.29141,0.28688,2.78058,0.18682,0.12307,1.7410900000000002,0.13884,0.97588,2.52389,0.45205,0.0391,0.129,0.17793,0.02193,0.0,0.21785,0.01432,0.5716899999999999,0.00805,0.13201,0.04607,0.0457,0.0,0.0,0.0,0.02134,0.0677,0.02374,0.01202,0.05699,0.35551,0.0,0.0,0.0,0.0,0.10973,0.6369199999999999,3.81774,0.0,0.0,0.0135199999999999,0.0,0.33508,0.01849,0.0,0.0,0.0,0.11342,0.0,0.0,0.04742,0.0,0.0,0.0,0.0,0.0,0.0,0.0,0.0,1.87496,0.0,0.0,0.0,0.0,3.31134,0.0,0.0,0.0,0.02926,0.0,0.0,0.0401399999999999,0.0,0.0,0.0,0.98649,0.0,0.0,0.0,0.0,0.0,0.0,0.0079099999999999,0.0,0.0,0.0,0.0,0.01721,0.0,0.0,0.0,0.0,0.0,0.13101,0.0563799999999999,0.0,0.0,0.0,0.0,0.0,0.0,0.0,0.0,0.0,0.0,0.0,0.0,2.16222,0.26495,0.0,0.0,0.0,0.0,0.0,0.4164,0.0,0.6452600000000001,0.0,0.0,0.0,0.0,0.0,4.40549,0.0,0.0,1.66711,0.40628,0.0,0.0,0.01524,0.0,0.0545299999999999,0.0,0.0,0.22744,0.8282200000000001,0.0,0.0,0.02419,0.00943,0.0,0.0,0.0,0.65168,0.09082,0.0,0.06836,0.01089,0.0,0.0,0.0,0.0,0.0,0.05551,0.10312,0.0,0.0,0.0,0.00122,0.28256,0.01218,0.0,0.0,0.0,0.0,0.00251,0.00506,0.0,0.0,0.0,0.03976,0.05243,0.0,0.0,0.0,0.0,0.0,0.0,1.12907,0.0,0.1175799999999999,0.0,29.17798999999999
37082_1#11,6.37108,5.59232,2.01007,0.33786,0.67535,0.0,1.00711,0.8870399999999999,0.0,21.13254,0.32419,0.0,0.04815,2.40978,0.0,0.26029,0.64564,0.0,0.0,3.88497,0.06661,0.24702,0.08033,0.44409,0.18923,2.91704,0.13566,0.0,0.30024,3.10963,0.0,0.0,0.0,0.0884399999999999,2.02218,0.31689,0.0,0.14074,0.17189,0.62017,0.0,0.0,0.14063,0.00237,0.0,0.0,0.0,0.04696,1.59532,0.0,0.0,0.0,0.0,0.0,0.0,0.0,0.0,0.16768,0.0,0.00078,0.0,0.0,0.0,0.0,0.0,0.0,0.01456,0.0,0.0,0.0,0.0,0.0,0.0,0.0,0.0,0.0,0.0,0.0,0.0,0.0,0.0,0.0,0.0,0.0,0.0,0.0003799999999999,0.0,0.0,0.0,0.0,0.0,0.0,0.0,0.0,0.0,0.0,0.0,0.0,0.0,0.0,0.0,0.0,0.0,0.0,0.0,0.0,0.0,0.0,0.0,0.07925,0.02353,0.0,0.0,0.0,0.0,0.0,0.0,0.0,0.0,0.0,0.0,0.0,0.0,0.0,0.0,0.0,0.0,0.0,0.0,0.05705,0.0,0.0,0.0,2.1914,0.0,0.32874,3.20281,0.0,0.0,0.0,0.0,0.02146,0.0,0.0,0.0,0.0,0.0,0.0,0.0,0.0,0.0,0.0,0.0,0.0,0.0,22.93648,0.0,0.0,0.0,0.0,0.0,0.0,0.0,0.0,0.0,0.0,0.0,0.0,0.0,0.0,0.0,0.0,0.0,0.0,0.0,0.0,0.0,0.01485,0.0,0.0,0.0,0.0,0.0,0.0,0.00132,0.0,0.0355399999999999,0.0,0.15115,0.0,0.0,0.0,0.0,0.0,0.0,0.0,0.0,0.0,0.0,12.55118999999999
37082_1#12,9.75649,1.43813,8.66563,1.24827,1.3595700000000002,0.0,0.58833,8.40772,0.0,13.45705,0.03184,0.3614699999999999,6.44661,6.7277,0.0,0.0564799999999999,0.31964,0.02429,0.49371,2.12211,0.3271199999999999,2.60169,1.5286799999999998,0.0,1.53188,1.12509,0.7833899999999999,0.01671,0.1192299999999999,0.16268,0.05105,1.12232,1.13957,0.114,0.0,0.0437699999999999,0.20563,0.55389,0.89644,1.8138,0.0,0.0,0.00497,0.0,0.0,0.0,0.0,0.0,1.3089,0.0,0.0,0.0,0.064,0.0,0.0,0.0,0.0215099999999999,0.08147,0.0,1.62302,0.0,0.0,0.0,0.0,0.0582899999999999,0.0,0.0,0.5533899999999999,0.0,0.0,0.0,0.0,0.0,0.0,0.0,0.0,0.79795,0.0,0.01205,0.0,0.0,1.3558,0.0,0.0,0.0,0.0,0.0,0.0,0.0,0.0,0.0,0.0,0.0,0.0,0.0,0.0,0.0,0.0,0.0,0.0,0.08048,0.0,0.12272,0.0,0.0,0.0,0.0,0.0,0.0,0.04557,0.00952,0.37723,0.0,0.0,0.0,0.00162,0.0,0.0,0.0,0.08122,0.0,0.0,0.0,0.0,0.0,0.0,0.0,0.0,0.0,0.0,0.0,0.0,0.0,2.06157,0.0,0.09625,0.0,0.0,0.0,0.0,0.0,0.0,0.0,0.0,0.0,0.0,0.0,0.0,0.0,0.0,0.0,0.26652,0.0,0.0815,0.0,0.8987700000000001,0.0,0.0,0.0,0.0,0.0,0.0,0.0,0.0,0.0,0.0,0.0,0.0,0.0,0.0,0.0,0.0,0.0,0.0,0.0,0.23045,0.0,0.0,0.0,0.0,0.0,1.78547,3.20815,0.0,0.0643,0.07773,0.01344,0.05502,0.0,0.0,0.0,0.0,0.0,0.0,0.0,0.0,0.0,0.0099,0.0,8.909239999999992
37082_1#13,1.6723400000000002,2.66326,2.41431,0.37412,1.64428,0.30908,0.46742,6.219130000000001,0.03518,9.85359,0.0538,0.0535,8.40485,0.88502,0.0,0.34134,1.03704,0.0,0.02214,0.70875,0.3334,0.15463,0.20455,0.02827,0.0272,6.46167,3.07426,0.11969,0.02037,0.0036299999999999,0.52554,0.1129599999999999,0.14205,0.1092099999999999,0.00245,0.02931,0.73769,0.43841,0.61379,0.0558799999999999,0.0,0.00454,0.0,0.0165,0.0,0.0,0.0,0.0,0.0,0.0,0.0,0.0,3.65723,0.49103,0.0,0.0,0.0,0.1620599999999999,0.0,1.79928,0.08266,0.0132199999999999,0.0,0.0,0.1119,0.0,0.0,0.29307,6.76297,0.0,0.0,0.0,0.44428,0.11126,0.0,0.0,0.4336899999999999,0.7381800000000001,0.04791,0.0,0.01219,3.5478400000000003,0.01179,0.0,1.16862,0.0,0.0,0.0,0.0,0.01521,0.0,0.0,0.0,0.0,0.0,0.21868,0.0,0.0,0.0,0.0,0.13814,0.0,0.15562,0.0,0.00176,0.0,0.0,0.0,0.0,0.05943,0.00633,0.53422,0.0,0.0,0.0,0.01311,12.88463,0.0,0.0,0.21666,0.09988,0.01281,0.0,0.0,0.01843,0.0,0.0,0.0,0.0,0.0,0.18991,0.0,0.0,0.26158,0.0,0.00202,0.0,0.04557,0.0,0.19916,0.0,0.0,0.0,0.0,0.0,0.0,0.05632,0.0,0.0,0.0,0.1231,0.12991,0.0,0.45016,0.01839,0.38211,0.0,0.0,0.0,0.19833,0.00551,0.08956,0.96453,0.13133,0.0,0.0,0.0,0.0,0.0,0.0,0.04841,0.0,0.0,0.0,0.0,0.01113,0.00107,0.0,0.0,0.0,0.0,0.37064,0.27635,0.02124,0.10702,0.00796,0.0,0.07499,0.0014,0.67573,0.0,0.0,0.04987,0.0,0.0,0.27525,0.0,0.0,0.02531,10.166899999999979
37082_1#14,0.03625,2.27495,0.01462,0.24561,5.38621,0.07848,0.32523,2.20207,0.78769,29.61206,0.0281899999999999,0.40134,0.2143,0.05043,0.0,0.23892,0.39819,0.25184,0.06866,0.17167,0.13591,0.0,1.98269,0.0063,0.0,1.04,0.74357,0.01568,0.01253,0.0055299999999999,0.02557,0.0493199999999999,0.81324,0.00072,0.00799,0.0,0.01984,0.00425,0.0276,0.4939699999999999,0.0,0.0,0.04638,0.0,0.0045299999999999,0.0,0.0,0.0,0.0,2.0527900000000003,0.0,0.0,0.0483,0.6068899999999999,1.6010799999999998,0.00154,0.0,0.0384899999999999,0.0371,0.16497,0.01985,0.0,0.0,0.3937199999999999,0.03046,0.0,0.0,0.02613,5.06001,0.0,0.0,0.0,0.0,1.3294700000000002,0.0,0.0,0.07428,0.0,0.0,0.0,0.06205,0.43376,0.0,0.0,0.50302,0.02102,0.03717,0.0,0.0,0.0,0.0,0.01211,0.0,0.0,0.27631,0.0,0.98459,0.0,0.01456,0.0,0.0,0.0,0.35402,0.0,0.0006,0.11408,0.06737,0.0,0.0,0.00258,0.09811,0.1232099999999999,0.0,0.0,0.0,0.0,4.57753,0.0,0.0,1.67222,0.0,0.0,0.01439,0.0,0.02189,0.03158,0.0,0.0,0.00237,0.04857,0.0,0.0,0.0,0.06771,0.0,0.0,0.0,0.01463,0.0101599999999999,0.0,0.0,0.0,0.0,0.0,0.16007,0.0,0.0283399999999999,0.08611,0.30982,0.19315,0.03936,0.15139,0.0,0.03322,0.0398,0.0,0.03605,0.0138199999999999,0.0,0.0,0.46911,0.0243,0.0,0.04756,0.01224,0.0,0.0,0.00859,0.01262,0.0,0.0,0.0,0.0,0.0,0.0,0.0,0.00728,0.0,0.0,0.0,0.0,0.0,0.01381,0.01272,0.0,0.01226,0.00109,0.0,0.0,12.74387,0.0,0.0,0.0,0.0,0.00698,0.0299,0.0,0.00446,0.00941,16.21964999999996
37082_1#15,1.10668,0.8836200000000001,0.97265,0.30932,5.09667,0.16194,0.1217,18.58824,0.04221,15.15532,0.0,0.04307,6.00956,2.4998,0.0,0.0,0.29865,0.17373,0.03956,0.37216,0.42781,0.49626,0.5151,0.0062299999999999,1.90813,4.280130000000001,0.2018599999999999,0.01012,0.0,0.06756,0.00413,0.26072,0.16383,0.08079,0.0,0.00451,0.26719,0.0435399999999999,0.45175,0.0943799999999999,0.0,0.0,0.0,0.0,0.0,0.0,0.0,3.3939699999999995,0.0,0.0,0.0,0.0,3.21349,0.0,0.94525,0.0,0.0,0.11559,0.0,1.4166,0.01269,3.06237,0.0,0.64974,0.1169,0.0,0.0,0.15277,0.01208,0.0,0.0,0.0,0.0,0.0,0.0,0.0,1.26655,0.0,0.0130199999999999,0.0,0.01364,1.8256,0.0,0.0,0.0,0.02026,0.0305399999999999,0.0147599999999999,0.0,0.0,0.0,0.0,0.02208,0.00064,0.02438,0.37654,0.0,0.0,0.0,0.0,0.1781599999999999,0.0,0.00828,0.07089,0.00335,0.0,0.22815,0.0,0.00394,0.00837,0.04314,1.88593,0.0,0.03086,0.0,0.07143,0.0,0.0,0.0,0.9996,0.0,0.0,0.0,0.0,2.07804,0.0552799999999999,0.0,0.07434,0.03778,0.0,0.0,0.0,0.0,0.5324800000000001,0.0,0.0,0.0,1.22354,0.0,0.12933,0.0,0.0,0.0,0.0,0.0,0.03422,0.00992,0.0,0.47922,0.0,0.03873,0.00627,0.00628,0.04255,0.0,0.0,0.00465,0.0,0.0,0.0,2.36771,0.0,0.63057,0.03803,0.16718,0.0,0.0126,0.0,0.0,0.0,0.0,0.00657,0.03368,0.0,0.04264,0.00271,0.0514,0.21405,0.0,0.0,0.0,0.27147,0.74948,0.04192,0.02054,0.10134,0.0033799999999999,0.01439,0.00456,0.0,0.0,0.0,0.0,0.0,0.0,0.0,0.00135,0.02303,0.0,9.058289999999975
37082_1#16,0.00315,1.1989,0.0180099999999999,0.1812,4.74881,0.5907899999999999,0.2561,8.2238,0.0,8.70023,0.03226,0.1638,36.04691,0.01724,0.0,0.13235,0.17144,0.0,0.03753,0.13824,0.0181199999999999,0.00197,0.94996,0.4127699999999999,0.30034,1.43317,1.64651,0.1477099999999999,0.00461,0.0,0.00163,0.0,0.49709,0.0,0.0,0.0,0.12479,0.0,1.1611,0.2236199999999999,0.7468199999999999,0.0440399999999999,0.0,0.0,0.0,0.00857,0.0,7.4143,0.0,0.0,0.0,0.0,0.95338,0.3792,0.0,0.0,0.0,0.12009,0.0,0.08931,0.01059,0.0,0.0,0.0,0.03606,0.0,0.0,0.1986099999999999,1.36661,0.0,0.0,0.0,0.0,0.0,0.0,0.0,0.8725799999999999,0.0,0.0,0.0,0.0,0.0,0.0,0.0,0.0,0.09129,0.0,0.0,0.0,0.0,0.00346,0.0,0.0,0.0,0.0,0.04067,0.0,0.0,0.0,0.0,0.0,0.0,0.13241,0.0,0.0,0.0,0.0,0.0,0.0,0.27803,0.04135,0.02558,0.0,0.0,0.0,0.0,0.0,0.0,0.0,0.0,0.0,0.0,0.0,0.0,0.0,0.0,0.0,0.0,0.0,0.0,0.00277,0.0,0.0,0.14486,0.0,0.05535,0.0,0.07882,0.0,0.0,0.0,0.0,0.0,0.0,0.0,0.0,0.0,0.0,0.0,0.0,0.0,0.0,0.00156,0.0,0.0,0.01365,0.0,0.0,0.0,0.0,0.0,0.0,0.0,0.0,0.0040799999999999,0.0,0.0,0.0,0.0,0.0,0.0,0.0,0.0,0.0,0.0,0.0,0.0,1.76676,0.0,0.0,0.0,0.0,0.0,0.0,0.0,0.10496,0.0,0.0,0.0,0.0,0.0,0.0,0.0,0.0,0.0,0.0,0.0,0.0,0.0,17.390089999999997
37082_1#17,1.03291,0.58355,0.52545,0.10495,2.29312,0.15679,0.27289,7.1217,0.02781,4.96554,0.06333,0.20219,1.90906,0.62361,0.39544,0.21778,0.73903,1.6052,0.09888,1.13725,0.31419,0.35943,0.37445,0.2364,0.03118,1.63273,1.4814200000000002,0.09024,0.04512,0.04339,0.0947399999999999,0.31039,0.01089,0.04299,0.0,0.0,1.18291,0.12328,0.02232,0.0,0.0,0.0,0.0,0.0,0.0,0.0,0.0,4.92733,0.12462,0.0,0.49498,0.0,0.0,0.0,0.0,0.0,0.0,0.15761,0.0,1.83384,0.0744,0.73597,0.0,0.50042,0.2136,0.0,0.36099,0.32339,0.72211,0.0,0.04056,0.0,0.03471,0.0,0.0,0.02323,0.0,0.0,0.0,0.0,0.20362,5.12691,0.0,0.0,0.96225,0.0,0.0,0.0,0.03492,0.0117299999999999,0.0,0.0,0.0,0.01137,0.12011,0.1612,0.00915,0.0,0.54756,0.02506,0.5633,0.0,0.1972799999999999,0.10091,0.0004599999999999,0.0,0.0,0.0,0.0,0.14307,0.11125,0.6493899999999999,0.0,0.01818,0.0,0.01383,0.83394,0.0,0.11277,0.56791,0.08949,0.00616,0.0,0.0,1.43339,0.01188,0.0,0.0,0.01372,0.0,0.0,0.0,0.0,0.12444,0.0,0.0,0.0,0.01722,0.0,1.03717,0.0,0.0,0.2689999999999999,1.85269,0.2914199999999999,0.26883,0.6018100000000001,0.37522,0.8533,0.6058399999999999,0.12027,0.0048,0.06591,0.0366,0.0,0.03547,0.00966,0.0,0.34309,0.31935,1.07132,0.04295,0.57906,0.0362899999999999,0.0098599999999999,0.0,0.18261,0.1776,0.00326,0.0,0.02924,0.00799,0.0,0.0,0.0328,0.05434,0.01907,0.32431,0.0,0.0,0.08611,0.0,0.01763,0.02136,0.0729799999999999,0.07229,0.0,0.0,0.0,0.0,0.0,0.0,0.27492,0.0,0.1440799999999999,0.32805,0.04562,0.0026899999999999,0.03136,35.97900000000001
37082_1#18,0.46574,1.95389,0.37046,2.3237,6.31636,0.58841,0.1655599999999999,23.80545,0.44114,24.49664,0.07653,1.74258,8.69212,0.0,0.41702,0.34408,0.15652,0.0,0.0,1.51818,0.0,0.06681,0.2787699999999999,0.0,0.3088599999999999,0.0,0.62079,0.0201,0.0122099999999999,0.0,0.0,0.33446,0.5251899999999999,0.0,0.0,0.16224,0.0,0.00891,0.2936,0.0130699999999999,0.00385,0.0,0.0,0.0,0.0,0.0,0.0,1.60879,0.0,0.81197,0.0,0.0,3.14297,0.0,0.0,0.0,0.0,0.0,0.0,0.18638,0.11722,0.0,0.0,0.0,0.23306,0.0,0.0,0.0,9.0183,0.0,0.0,0.0,0.0,0.0,0.0,0.0,0.0,0.0,0.0,0.0,0.0,0.0,0.04341,0.0,0.0,0.0,0.0,0.0,0.0,0.0,0.0,0.0,0.0,0.0,0.0,0.0,0.0,0.0,0.0,0.06258,0.0,0.0,0.0,0.0,0.0,0.0,0.0,0.0,0.0,0.04306,0.0,0.0,0.0,0.0,0.0,0.0,0.0,0.0,0.0,0.0,0.0,0.0,0.0,0.0,0.00514,0.0,0.0,0.0,0.0,0.0,0.0,0.0,0.0,0.33447,0.0,0.04278,0.0,0.0,0.0,0.0,0.0,0.0,0.0,0.0,0.0,0.0,0.0,0.0,0.0,0.0,0.0,0.0,0.0,0.0,0.0,0.0,0.0,0.01684,1.01797,0.0,0.0,0.0,0.0,0.0,0.0,0.0,0.0,0.0,0.0,0.0,0.0,0.0,0.0,0.0,0.0,0.0,0.0,0.0,0.0,0.0,0.0,0.0,0.0,0.0,0.0,0.24413,0.00614,0.00683,0.0,0.0,0.0,0.0,0.0,0.0,0.0,0.0,0.0,0.0,0.0,6.534720000000069
37082_1#19,0.21641,0.44356,0.1261,0.38497,0.9933,0.03477,0.4251,6.0665,0.0,0.66303,0.19379,0.17953,7.79102,0.4831,0.18925,0.57005,0.98786,0.09271,1.03909,0.56358,1.14564,0.00731,0.02668,0.07286,0.32775,1.9615,0.54197,0.03159,0.0211699999999999,0.01775,0.77444,3.4448199999999995,0.2552,0.00517,0.06519,0.06359,0.2239199999999999,0.48289,1.5855,0.0,0.0079099999999999,0.0,0.0,0.00295,0.0,0.0,0.6885,35.78051,0.0,0.31872,0.0,0.0,4.75504,0.56486,0.0,0.0,0.00541,0.01234,0.0,1.05205,0.0,0.0,0.0,0.0,1.00565,0.0,2.5182900000000004,0.00837,0.37058,0.0,0.0,0.0,0.00788,0.01578,0.0,0.0,1.16655,0.30911,0.03041,0.0,0.0,0.00259,0.0229,0.0,0.25392,0.0,0.15587,0.0,0.00647,0.0,0.0,0.0,0.0,0.0,0.00561,2.11137,0.0,0.0,0.0,0.0,0.0,0.0,0.06751,0.0096099999999999,0.0,0.0,0.0,0.0,0.0,0.5422,0.0,0.11135,0.0,0.0,0.0,0.00532,0.0,0.01008,0.0,0.0097,0.0,0.0,0.0,1.2647700000000002,0.0,0.0,0.0,0.0,0.0,0.0,0.0,0.01285,0.00555,0.0,0.0,0.0,0.0,0.0,0.0,0.0,0.0,0.0,0.0,0.0,0.0,0.0,0.02255,0.0,0.0,0.0,0.07717,0.17764,0.29769,0.04484,0.0,0.08295,0.0,0.01095,0.0,0.05047,1.53244,0.0,0.0,0.0,0.0,0.0,0.0,0.0,0.0,0.0,0.0,0.0,0.0,0.0,0.0,0.01655,0.0,0.39848,0.0,0.0,0.0,0.0452,0.0,0.0,0.0,0.25844,0.00381,0.00451,0.0,0.0,0.0,0.0,0.0,0.0,0.0,0.0,0.0,0.0,0.13271,11.12636000000008
37082_1#20,1.67428,1.00979,1.9385,1.4744700000000002,2.8001,0.40761,0.65778,4.4122,0.07874,6.3439,0.16981,0.37622,11.40316,1.04119,0.0,0.04962,0.68012,0.2435699999999999,0.13524,1.71123,0.06721,0.14534,2.63578,0.0,0.03411,10.63586,3.79784,0.25556,0.0214199999999999,0.06862,0.4088699999999999,0.00611,1.00466,0.0,0.0,0.0,0.15638,0.00832,0.6803100000000001,0.00603,0.0,0.0,0.0,0.0,0.00089,0.00394,0.01685,0.06185,0.0,1.02545,0.0,0.0,0.0,0.0,6.09927,0.0,0.0,0.10227,0.0,0.4790899999999999,0.01963,0.0,0.0,0.0,0.18287,0.0,0.0,0.37018,0.0,0.0,0.0,0.0,0.00056,0.0,0.0,0.0,14.33179,0.28758,0.3774699999999999,0.0,0.0598299999999999,0.2867699999999999,0.0,0.0,0.17859,0.0,0.00606,0.0,0.0,0.0,0.0,0.0,0.4966,0.0133699999999999,0.0,1.92701,0.0,0.0,0.0,0.0,0.2139,0.0,0.06037,0.0,0.00501,0.0,0.04638,0.0,0.0,0.02204,0.19345,0.37751,0.0,0.02985,0.0,0.0,0.0,0.0,0.04363,2.37784,0.0836399999999999,0.0,0.0,0.0,0.58216,0.0,0.0,0.0,0.01007,0.0,0.0,0.0,0.0,0.01559,0.02051,0.04552,0.0,0.25866,0.0,0.10297,0.0,0.0,0.0,0.0,0.0,0.10618,0.0,0.0,0.07306,0.0,0.1321,0.95485,0.0,0.07302,0.42028,0.13755,0.0,0.0,0.0,0.03632,0.0,0.0,0.0049299999999999,0.0,0.0113,0.0,0.0,0.0,0.0,0.0,0.02251,0.0,0.0,0.0,0.0,0.0,0.01904,0.01278,0.0,0.0,0.02105,0.07669,0.11434,0.08416,0.00848,0.01985,0.00595,0.0,0.00322,0.0,0.0,0.0,0.0,0.0,0.0,0.0,0.01145,0.0367399999999999,0.0,10.257179999999975
37082_1#21,3.95783,2.70807,13.5933,0.24661,1.90588,0.27946,2.64266,10.62353,0.0,1.74433,0.12692,0.11913,11.73052,3.11022,0.00984,0.6541399999999999,1.79172,0.0,0.0,3.51625,0.0,1.75164,0.4874699999999999,0.30627,0.0417,1.98223,0.77483,0.5960300000000001,0.64212,0.14334,0.94738,0.00807,0.43093,0.29041,0.04162,0.1731599999999999,0.0,0.22468,0.32272,0.03887,0.00883,0.07571,0.0,0.19522,0.0,0.0,0.0,7.05213,0.0,0.0,0.0,2.30375,0.0,0.0,0.0,0.0,0.0,0.0,0.0,1.83436,0.0,0.0,0.0,0.0,1.02823,0.0,0.0,0.0,5.78483,0.0,0.0,0.0,0.0,0.0,0.0,0.0,0.0,0.0,0.79905,0.0,0.0,0.8892100000000001,0.0,0.0,0.0,0.0,0.0,0.0,0.0,0.0,0.0,0.0,0.0,0.0,0.0,0.0,0.0,0.0,0.0,0.01587,0.0,0.0,0.1224599999999999,0.0,0.0,0.0,0.0,0.0,0.0,0.09541,0.0,0.0,0.00196,0.0,0.0,0.0,0.0,0.0,0.0,0.0,0.0,0.0,0.0,0.0,0.0,0.0,0.0,0.0,0.0,0.0,0.0,0.0,0.0,0.0,0.0,0.03835,0.0,0.0,0.0,0.0,0.0,0.0,0.0,0.0,0.0,0.0,0.0,0.0,0.0,0.0,0.0,0.0,0.0,0.0,0.0,0.0767299999999999,0.0,0.0,0.0,0.0,0.0,0.0,0.0,0.0,0.0,0.0,0.0,0.0,0.0,0.0,0.0,0.0,0.0,0.0,0.0,0.01063,0.0,0.0,0.0,0.0,0.0,0.37519,0.94082,0.0,0.04755,0.25695,0.06791,0.0166699999999999,0.0,0.0,0.0,0.0,0.0,0.0,0.0,0.0,0.0,0.0,0.0,9.998299999999986
37082_1#22,0.5741,6.16593,0.19216,0.6339,1.98767,0.2526199999999999,0.7176600000000001,0.40143,0.0,23.75993,0.1403599999999999,5.72573,25.37993,0.33354,0.0,2.22823,1.33334,0.0,0.47398,1.9144,0.0,0.0018899999999999,0.21338,0.0379899999999999,0.03999,1.02367,0.0743,0.0256899999999999,0.1089099999999999,0.26635,0.1844599999999999,0.0,1.41209,0.00807,0.07771,0.01006,0.0,0.01473,0.00055,0.56829,0.0,0.0,0.01826,0.0,0.00371,0.0,0.0,0.0,0.0,0.0,0.0,0.0,0.0,0.0,0.0,0.0,0.0,0.00811,0.0,0.07024,0.00622,0.0,0.0,0.0,0.019,0.0,0.0,0.08399,17.80225,0.0,0.0,0.0,0.0,0.0,0.0,0.0,0.19997,0.0,0.18607,0.0,0.0,0.0,0.0,0.0,0.0,0.0323,0.0,0.0,0.0,0.0,0.0,0.0,0.73347,0.0,0.0,0.0,0.0,0.0,0.0,0.0,0.0,0.0,0.3849,0.0,0.0,0.0,0.0,0.0,0.0,0.0,0.26886,0.0,0.0,0.0,0.0,0.0,0.0,0.0,0.0,0.01284,0.0,0.0,0.0,0.0,0.0,0.0,0.0,0.0,0.0,0.0,0.0,0.0,0.0,0.0,0.0,0.07776,0.0,0.0,0.0,0.0,0.0,0.0,0.0,0.0,0.0,0.0,0.0,0.0,0.0,0.0,0.0,0.0,0.0,0.0,0.0,0.07116,0.0,0.0,0.0,0.0,0.0,0.0,0.0,0.0,0.0,0.0,0.0,0.0,0.0,0.0,0.00612,0.0,0.0,0.0,0.0,0.00426,0.0,0.2102699999999999,0.0,0.0,0.0,0.0,0.06458,0.02163,0.0,0.00778,0.00664,0.0,0.01343,0.0,0.0,0.0,0.0,0.0,0.0,0.0,0.0,0.0,0.0,3.403139999999996
37082_1#23,3.0225,2.8747,4.636419999999999,1.57372,0.6530600000000001,0.4433,1.02522,4.35476,0.0,11.50561,0.1086299999999999,0.4502899999999999,37.42223,0.5431600000000001,0.0,0.45736,0.3505,0.0,0.91645,0.46756,0.1090599999999999,0.16532,2.74567,0.195,0.55925,1.95412,0.64355,0.05525,0.01662,0.11049,0.03213,0.0,0.61351,0.0,0.00788,0.30579,0.2312,0.8997200000000001,0.8720899999999999,0.3457699999999999,0.0129699999999999,0.00044,0.01023,0.0,0.0,0.0,0.0199699999999999,0.0,1.53927,0.0,0.0,0.0,0.0,0.13738,0.0,0.0,0.0,0.0,0.0,0.0,0.07717,0.0,0.0,0.0,0.09832,0.0,0.0,0.0,0.0,0.0,0.0,0.0,0.0,0.0,0.0,0.0,0.0,0.0,0.0,0.0,0.0,0.0,0.0,0.0,0.0,0.0372,0.0,0.0,0.04612,0.0,0.0,0.0,0.0,0.0,0.0,0.0,0.0,0.0,0.0,0.0,0.0,0.0,0.11042,0.0,0.0,0.0,0.0,0.0,0.0,0.1024099999999999,0.0,0.0,0.0,0.0,0.0,0.0,0.0,0.0,0.0,0.0,0.0,0.0,0.0,0.0,0.0,0.0,0.0,0.0,0.0,0.0,0.0,0.0,0.0,1.31047,0.0,0.41389,0.0,1.4396,0.0,0.0,0.0,0.0,0.0,0.0,0.0,0.0,0.0,0.0,0.0,0.0,0.0,0.00377,0.0,0.0,0.0,0.36148,0.0,0.0,0.0,0.0,0.0,0.0,0.0,0.0,0.0,0.0,0.0,0.0,0.0,0.0,0.0,0.0,0.0,0.0,0.0,0.0,0.0,0.05995,0.0,0.0,0.0,0.0,0.0,0.0,0.09112,0.08374,0.08984,0.0547,0.0,0.0,0.0,0.0,0.0,0.0,0.0,0.0,0.0,0.0,0.0,13.231649999999997
37082_1#24,0.06894,3.03907,0.08569,1.0720299999999998,1.92724,0.99557,0.49007,2.9938,0.0,37.25158,0.1069099999999999,0.1610599999999999,6.55824,0.08653,0.0,0.1005799999999999,0.90781,0.0,0.7711600000000001,0.67232,0.0,0.0287,0.3193,0.5596399999999999,0.12317,5.36375,0.98222,0.01085,0.02572,0.07558,0.0042299999999999,0.07675,1.43904,0.0,0.01431,0.00129,0.0,0.00151,0.0,0.02838,0.00234,0.0,0.0,0.0,0.0,0.01644,0.0,1.33543,0.0,0.0,0.0,0.0,0.60663,0.0,8.21588,0.0,0.0,0.06994,0.0,0.2336599999999999,0.46002,0.0,0.0,0.0,0.30677,0.0,0.0,0.23853,0.81219,0.0,0.0,0.0,0.0,0.0,0.0,0.0165,0.4631,0.0,0.01533,0.0,0.0,0.0023899999999999,0.0,0.0,0.0,0.0,0.0,0.0,0.0,0.0,0.0,0.0,0.0,0.0,0.0,3.74889,0.0,0.0,0.0,0.0,0.16576,0.0,0.06054,0.01906,0.0,0.0,0.0,0.0,0.0,0.44376,0.0,0.0,0.0,0.0,0.0,0.0,0.0,0.0,0.0,0.0,0.0,0.0,0.0,0.0,0.0,0.11163,0.0,0.0,0.00365,0.0,0.0,0.0,0.00119,0.04552,0.0,0.0,0.0,0.01316,0.0,0.0,0.0,0.0,0.0,0.0,0.0,0.0,0.0,0.0,0.14934,0.0,0.0,0.04433,0.0,0.00056,0.0,0.0,0.0,0.00307,0.14326,0.0194699999999999,0.01959,0.0,0.0,0.0,0.0,0.0,0.0,0.0,0.0,0.0,0.0,0.0585399999999999,0.0,0.0,0.0,0.0,0.0,0.03665,0.0,0.0,0.0,0.0215099999999999,0.0,0.10038,0.00021,0.61331,0.0120299999999999,0.0,0.0,0.0,0.0,0.0,0.0,0.0,0.0,0.0,0.0,0.0405,0.19304,14.792860000000035
37082_1#25,5.346830000000001,3.28825,4.23025,0.52246,0.813,0.89504,0.18797,13.83274,0.0,0.8291299999999999,0.16146,0.06019,0.97151,3.11165,0.0,0.05257,0.28573,0.40128,0.14381,0.34518,0.07808,0.7378100000000001,0.42175,0.04372,0.0,4.31537,1.41691,0.2382099999999999,0.0227199999999999,0.00053,0.40873,0.0946299999999999,0.29649,0.34145,0.0,0.0,0.08802,0.25245,0.6528,0.0,0.33145,0.04113,0.0,0.0,0.00129,0.0,0.0,37.58052,0.0,0.0,0.0,0.0,0.0,0.0,0.0,0.0,0.0,0.0946299999999999,0.0,0.88079,0.0,0.0,0.0,0.0120299999999999,0.07656,0.0,0.0,0.2189199999999999,0.0,0.0,0.0,0.0,0.0,0.0,0.0,0.0,0.30353,0.0,0.1636,0.0,0.0239699999999999,0.08878,0.02519,0.0,0.0,0.021,0.03472,0.0,0.0,0.0,0.0,0.0,0.15619,0.0443,0.0,0.0,0.0,0.0,0.0,0.0,0.05081,0.0,0.07128,0.0,0.0,0.0,0.07225,0.0,0.0,0.28376,0.09093,0.02729,0.0,0.0,0.0,0.0946299999999999,0.0,0.0,0.0,0.09279,0.08075,0.0,0.0,0.0,0.1485,0.0510899999999999,0.0,0.0,0.02253,0.0,0.0,0.0,0.0,0.0,0.00168,0.0,0.0,0.1554299999999999,0.0,0.0,0.0,0.0,0.0,0.0,0.0,0.00226,0.0,0.0,0.01006,0.0,0.00168,0.0,0.0,0.22476,0.0,0.1323599999999999,0.0,0.0,0.0,0.81284,0.87475,0.0,0.02422,0.0,0.04593,0.0,0.0066799999999999,0.0,0.0,0.0,0.0,0.0,0.0,0.0,0.00191,0.0773799999999999,0.0,0.0,0.0,0.0,0.0,0.60569,0.26511,0.0079099999999999,0.0217,0.15082,0.0,0.00985,0.0,0.0,0.0,0.0,0.0,0.0,0.0,0.0,0.0,0.08675,0.0369699999999999,10.369330000000053
37082_1#26,2.82743,2.35623,1.4782799999999998,1.02772,0.49378,0.06476,0.90835,4.24356,0.43053,18.330920000000003,0.0168,0.19324,7.93216,3.25746,0.0,0.35098,0.5846100000000001,0.00195,0.73093,1.17264,0.0,0.25525,0.0,0.0303899999999999,0.0,1.17369,0.8663200000000001,0.00652,0.0831399999999999,0.6652600000000001,0.12069,1.0275299999999998,0.07493,0.183,0.01381,0.0,0.27778,0.05706,1.76594,0.17362,0.0,0.0,0.0013599999999999,0.0,0.0,0.0,0.0,0.0,0.0,0.0,0.0,0.0,0.12724,0.0,0.0,0.0,0.0,0.08297,0.0,0.07407,0.02073,0.0,0.0,0.0,1.00387,0.0,0.0,0.0,0.0,0.0,0.0,0.0,0.0,0.0,0.0,0.0,0.27428,0.0,0.05123,0.0,0.0,0.0,0.0,0.0,0.0,0.0,0.0,0.0,0.08077,0.0,0.0,0.0,0.0,0.0,0.0,0.0,0.0,0.0,0.0,0.07562,0.0,0.0,0.14884,0.0,0.0,0.0,0.0,0.0,0.0,0.0,0.0224,5.4722800000000005,0.0,0.0,0.0,0.0,0.0,0.0,0.0,0.0,0.0,0.0,0.0,0.0,11.65061,0.0,0.0,0.0,0.0,0.0,0.0,0.0,0.0,0.79727,0.0,0.46976,0.0,0.0,0.0,0.0,0.0,0.0,0.0,6.341559999999999,0.0,0.0,0.0,0.0,0.0,0.0,0.0,0.48711,0.0,0.0,0.0,0.32569,0.0,0.0,0.00707,2.25502,0.87361,0.0,0.0,0.6854,0.0,0.0,0.0,0.0,0.0,0.0,0.0,0.0,0.0,0.0,0.0,0.0,0.0,0.0,0.0,0.0,0.0,0.02935,1.17212,0.14096,0.0347899999999999,0.07174,0.03726,0.25081,0.0,0.0,0.0,0.0,0.0,0.0,0.0,4.6267,0.0,0.0,0.07901,9.05123999999999
37082_1#27,0.82904,0.30661,2.15506,0.78251,5.26195,0.21969,0.48089,22.19887,0.0384899999999999,18.47335,0.03304,0.22798,4.09741,0.52947,0.00645,0.10102,1.34997,0.0694299999999999,0.0796,0.34041,0.7861600000000001,0.37564,0.12437,0.06872,0.0,1.70385,1.3675700000000002,0.05496,0.03837,0.01594,0.1058099999999999,0.26877,0.76043,0.03883,0.0,0.00908,0.0522,0.64663,0.08249,0.0,0.0,0.0,0.0,0.0,0.0,0.0,0.0,4.59615,0.0,0.0,0.0,0.0,0.97378,0.9874,0.0,0.0,0.0,0.0425,0.0,1.02928,0.17129,0.0,0.0,0.0,0.1300599999999999,0.0,0.0,0.20434,0.0,0.0,0.0,0.0,0.1146099999999999,0.00533,0.0,0.0066799999999999,0.76755,0.0,0.0544,0.0,0.04063,1.14134,0.0,0.0,0.4217,0.0,0.01598,0.0,0.0,0.0,0.0,0.0,0.34507,0.0,0.0619,4.48527,0.0,0.0,0.0,0.04964,0.0,0.0,0.02376,0.0,0.0,0.0,0.0,0.0,0.0,0.10076,0.08791,0.0,0.0,0.0,0.01905,0.0,0.0,0.0,0.0,0.0,0.0,0.0,0.0,0.0,0.12049,0.0,0.0,0.0,0.0,0.00367,0.0,0.0,0.0094,0.3323,0.0,0.05421,0.0,0.72637,0.0,0.05218,0.14429,0.0,0.0,0.0,0.0,0.0,0.0,0.0,0.05134,0.0,0.57573,0.19452,0.56763,0.0,0.0,0.10253,0.05994,1.15725,0.46875,0.0,2.89865,0.0004799999999999,0.2871599999999999,0.0,0.0,0.0,0.0,0.0,0.14628,0.0,0.0,0.00331,0.0,0.0,0.0,0.00576,0.0,0.35524,0.0,0.0,0.0,0.0616899999999999,0.0389,0.0263899999999999,0.04845,0.23521,0.0,0.01234,0.0,0.0,0.0,0.0,0.0,0.0,0.0,0.0,0.0,0.16227,0.07972,11.060110000000044
37082_1#28,1.35096,0.98582,3.77104,0.64574,9.60108,0.7619100000000001,1.24708,9.82244,0.0,3.31161,0.0731899999999999,0.20422,26.37722,1.06021,0.04337,0.27066,0.1462,2.189,0.12364,2.27387,0.07097,0.33658,0.0348,0.01775,0.02134,0.84988,1.53666,0.09093,0.01274,0.03635,0.0676,0.49158,0.49987,0.04529,0.0,0.06234,0.24605,0.01225,0.99539,0.03972,0.00033,0.0,0.0,0.0,0.0,0.0,0.0,0.3021,0.0,0.00585,0.0,0.08034,0.0,0.0,0.06495,0.00225,0.0,0.00782,0.0,0.08308,0.0,0.0,0.0,0.00328,0.1798799999999999,0.0,0.0,0.0,0.2524099999999999,0.0,0.0,0.0,0.0,0.0,0.0,0.0,0.20636,0.0,0.03266,0.0,0.0,0.03167,0.0,0.0,0.0,0.0,0.0,0.0,0.0,0.0,0.0,0.0,0.0,0.0,0.0,25.69831,0.0,0.0,0.0,0.02845,0.0,0.0,0.02519,0.0,0.0,0.0,0.0,0.0,0.0,0.0,0.0004599999999999,0.0,0.0,0.0,0.0,0.0,0.0,0.0,0.0,0.01818,0.0,0.0,0.0,0.0,0.0,0.0,0.0,0.0,0.0,0.0,0.08713,0.0,0.0,0.0,0.0,0.17196,0.0,0.0,0.0,0.0,0.0,0.0,0.0,0.0,0.0,0.0,0.0,0.0,0.0,0.0,0.0,0.00998,0.0,0.0,0.0,0.0069999999999999,0.0,0.0,0.0,0.0,0.0,0.0,0.0,0.0,0.0,0.0,0.0,0.0,0.0,0.0,0.0,0.0,0.0,0.0,0.0,0.01856,0.0,0.0,0.0,0.0,0.0,0.01169,0.57415,0.0,0.0,0.18126,0.07246,0.0,0.0,0.0,0.0,0.0,0.0,0.0,0.0,0.0,0.0,0.0,0.0,2.1148899999999924
37082_1#29,0.02803,0.0,0.03572,0.61582,17.00708,0.11089,2.62378,5.7731900000000005,0.65209,2.88608,0.0522899999999999,1.90837,10.48987,0.0,0.0,1.2498200000000002,3.5346900000000003,1.46856,0.08765,2.35072,0.65151,0.0367199999999999,0.26915,0.0053,0.21835,2.99762,3.78544,0.20625,0.2050199999999999,0.01366,0.05798,0.22455,0.35773,0.00779,0.07747,0.02878,0.13783,0.15759,0.06314,0.0,0.0,0.0132199999999999,0.0,0.01923,0.018,0.0,0.0,1.20671,0.0,0.17998,0.0,0.50005,0.15458,2.42405,0.06761,0.0,0.10254,0.31264,0.0,0.87175,0.7510600000000001,0.0,0.0,0.17753,0.0685,0.0,0.27651,0.61329,0.0,0.0,0.01325,0.0,0.39625,0.0,0.0,0.0,0.25561,0.14814,0.01063,0.0,0.02417,0.03931,0.07193,0.0,0.0,0.00727,0.0724,0.0,0.0,0.00232,0.00497,0.0,0.0,0.0,0.0,10.1894,0.0,0.00567,0.03185,0.04124,0.0025,0.02327,0.81758,0.10672,0.0304899999999999,0.0,0.26539,0.0,0.0,0.03957,0.15136,0.39246,0.0,0.0,0.0,0.0,0.24111,0.0,0.01994,0.01345,0.04868,0.00172,0.0,0.0,0.14582,0.06638,0.0,0.0535299999999999,0.28141,0.0,0.0,0.0,0.0,0.0,0.07705,0.0,0.96679,0.2184,0.2255199999999999,0.22696,0.0,0.14848,0.02245,0.0,0.0,0.0,0.02061,0.01854,0.06891,0.0,0.0595799999999999,0.3780199999999999,0.0189,0.06088,0.00123,0.00904,0.03082,0.01177,0.0,0.0,2.64134,0.0033399999999999,0.05466,0.0,0.03351,0.0,0.0,0.0,0.33036,0.0,0.0,0.02311,0.0,0.0,0.0,0.0,0.0,0.06634,0.0,0.0,0.0,0.00351,0.0,0.0029,0.0,0.0886,0.0,0.0,0.03186,0.0,0.0,0.0,0.0,0.0,0.0,0.00081,0.0,0.12794,0.02723,11.850969999999936
37082_1#30,3.79387,0.01262,7.085430000000001,1.29642,2.13738,1.38994,1.10374,10.54518,0.0,11.75508,0.07817,0.0,7.38165,0.0,0.0130599999999999,0.16785,0.91371,0.0,5.58443,2.23415,0.97864,1.4533,2.32316,0.59239,1.91065,1.90638,2.80248,0.04811,0.04301,0.63545,0.0526299999999999,3.50293,0.2238099999999999,0.35913,0.0,0.2904,0.81635,0.0619799999999999,0.0,0.0097299999999999,0.0576,0.00351,0.01329,0.0,0.0,0.0,0.0,4.21542,0.0,0.0,0.0,0.0,0.0,0.0,0.0,0.0,0.0,0.09047,0.0,0.01051,0.0,0.0,0.0,0.0,0.79499,0.0,0.0,0.30464,0.0,0.0,0.0,0.0,0.0,0.0,0.0,0.0,1.82159,0.0,0.0,0.0,0.0,0.0,0.0,0.0,0.0,0.00407,0.0,0.0,0.0,0.0,0.0,0.0,0.0,0.0,0.0,0.88039,0.0,0.0,0.93916,0.0,0.0,0.0,0.2644,0.0,0.0,0.0,0.0,0.0,0.0,0.06646,0.33736,3.67455,0.0,0.0,0.0,0.00903,0.0,0.0,0.0,0.0,0.0,0.0,0.0,0.0,2.6116900000000003,0.0,0.0,0.0,0.0,0.0,0.0,0.0,0.05061,0.0,0.0,0.3558699999999999,0.0,0.0,0.0,0.0,0.0,0.0,0.0,0.0,0.0,0.0,0.0,0.0,0.0,0.0,0.7350800000000001,0.05214,0.0,0.0,0.0,0.0,0.0,0.0,0.0,0.0,1.72256,0.0,0.0,0.0,0.0,0.0,0.0,0.0,0.0,0.0,0.0,0.0,0.0,0.0,0.0,0.0,0.0,0.2853,0.0,0.0,0.0,0.21505,0.0,0.06249,0.0,0.1101099999999999,0.0156,0.01351,0.0,0.0,0.0,0.0,0.0,0.0,0.0,0.0,0.0,0.03315,0.0,6.746189999999988
37082_1#31,5.66102,0.361,9.4309,2.94632,0.36807,1.0751700000000002,3.13155,4.61094,0.17678,13.35888,1.10297,0.04414,0.14928,0.99309,0.0,2.8383,1.92019,0.00912,0.1028,11.18266,0.07342,0.4569899999999999,0.32466,0.0,0.03449,2.85215,0.52691,0.31801,0.44758,0.06517,0.26453,1.34968,2.09615,0.49853,0.1217099999999999,0.0,0.30449,0.01503,0.11522,0.00263,0.0,0.0,0.0,0.0,0.0,0.0,0.0,0.0,10.29104,0.8347100000000001,0.0,0.0,0.0604,0.0,0.0,0.0,0.0,0.24758,0.0,0.72972,0.1719099999999999,0.0,0.0,0.03954,0.0,0.0,0.0,2.22261,3.775,0.0,0.0,0.0,0.0,0.01399,0.0,0.0,0.00547,0.0,0.0215099999999999,0.0,0.0,0.06747,0.0,0.0,0.58629,0.0,0.0,0.0,0.0,0.0,0.0,0.02103,0.0,0.0,0.0,0.0,0.09171,0.0,0.0,0.0,0.0,0.0,0.11678,0.0,0.0,0.0,0.0,0.0,0.0,0.08743,0.01871,0.0,0.0,0.0,0.0,0.0,0.0,0.0,0.0,0.0,0.0,0.0,0.0,0.0,0.0,0.0,0.0,0.0,0.0,0.0,0.0,0.0,0.0,0.0,0.0,0.1308,0.0,0.01408,0.00404,0.0,0.0,0.0,0.0,0.0,0.0,0.0,0.0,0.0,0.0,0.0,0.0,0.00144,0.0,0.0026,0.0,0.35141,0.0,0.0,0.0,0.08776,0.0,0.0,0.0,0.0,0.0,0.0,0.0,0.0,0.0,0.0,0.0,0.0,0.0,0.0,0.0,0.15239,0.0,0.0,0.0,0.0,0.0,0.11942,0.7322,0.02562,0.04688,0.15649,0.00525,0.0,0.0,0.0,0.0,0.0,0.0,0.0,0.0,0.0,0.0,0.01494,0.0,9.421249999999965
37082_1#32,3.3773800000000005,1.64402,5.01505,1.09612,0.83221,0.02948,1.47862,3.45466,0.4921899999999999,3.1316900000000003,0.35095,0.31811,1.53243,2.6445,0.0,0.43546,2.13757,1.55355,0.07509,1.22203,0.27719,0.63138,1.27941,0.0,1.13068,4.87176,0.23508,0.07626,0.14107,0.12552,0.12328,0.5614600000000001,0.10097,0.2082099999999999,0.0,0.00183,0.01708,0.4361899999999999,0.20584,0.0121599999999999,0.0,0.0,0.0,0.0,0.00446,0.0,0.0,4.48088,0.2312699999999999,0.0,0.0,0.5956199999999999,0.0,0.3372199999999999,0.0,0.0,0.0,0.10674,0.0,1.81895,0.00735,0.0,0.0,0.0,0.18011,0.0,0.66501,0.19908,0.0150699999999999,0.0,0.0,0.0,0.0,0.0,0.32828,0.0201,0.31784,1.58897,0.34141,0.0,0.0,2.79346,0.12072,0.0,1.06284,0.0,0.0,0.00516,0.07086,0.0,0.00359,0.0,0.0,0.01842,0.0,3.04589,0.24375,0.00702,0.00372,0.0304899999999999,0.8658799999999999,0.0,0.78457,0.0,0.01303,0.0,0.0,0.0,0.0,0.02045,0.17964,0.28235,0.0,0.15467,0.08748,0.01548,0.0,0.0,0.0,0.3712,0.17845,0.14537,0.0,0.0,5.376180000000001,0.10284,0.0,0.0,0.1753,0.0,0.0,0.0,0.0,0.00081,0.02475,0.0,0.0,5.5099,0.0,1.7338,0.0,0.0,0.0,0.0,0.0,0.0,1.25185,0.0,0.0,1.76534,0.16183,0.12575,0.3126,0.00181,0.0,0.01372,0.0,0.0,0.0,0.9496,2.52322,0.04181,0.43266,0.35608,0.0549399999999999,0.0,0.0,0.0,0.0,0.0,0.0,0.03524,0.0,0.0,0.00307,0.01379,0.0,0.09663,0.0,0.0,0.07047,0.08765,0.0,0.05011,0.13003,0.08661,0.00083,0.14941,0.01441,0.0,0.0,0.0,0.0,0.0,0.0,1.06231,0.08223,0.0,0.02198,14.181109999999972
37082_1#9,0.7419399999999999,8.25837,1.33199,3.8918,5.40658,0.44171,5.74985,20.2061,0.0,9.26426,3.97295,0.36975,9.37977,0.25011,0.0,0.7212,1.45216,0.0,1.95203,2.52005,0.0,0.18026,0.0,0.13204,0.00054,3.7369,1.94019,0.34775,0.1580099999999999,0.06984,0.00122,1.42441,1.12067,0.0,0.03061,0.04438,4.45986,0.00439,2.62925,0.01056,3.43324,0.8602200000000001,0.0,0.0,0.0,0.01771,0.0,0.01057,0.0,0.0,0.0,0.0,0.0,0.0,0.0,0.0,0.0,1.7007900000000002,0.0,0.0,0.0,0.0,0.0,0.02688,0.0,0.0,0.0,0.0,0.0,0.0,0.0,0.0,0.0,0.0,0.0,0.0,0.0,0.0,0.0,0.0,0.0,0.0,0.0,0.0,0.0,0.12337,0.0,0.0,0.0,0.0,0.0,0.0,0.0,0.0,0.0,0.0,0.0,0.0,0.0,0.0,0.0,0.0,0.0,0.0,0.0,0.0,0.0,0.0,0.0,0.18022,0.0,0.0,0.07651,0.0,0.0,0.0,0.0,0.0,0.0,0.0,0.0,0.0,0.0,0.0,0.0,0.0,0.0,0.0,0.0,0.0,0.0,0.0026899999999999,0.0,0.1687,0.0,0.21449,0.0,0.0,0.0,0.0,0.0,0.0,0.0,0.0,0.0,0.0,0.0,0.0,0.0,0.0,0.0,0.0,0.0,0.0,0.0,0.0,0.0,0.0,0.0,0.0,0.0,0.0,0.0,0.0,0.0,0.0,0.0,0.0,0.0,0.0,0.0,0.0,0.0,0.0,0.0,0.0,0.0,0.0,0.0,0.0,0.0,0.0,0.0647799999999999,0.0,0.0,0.0,0.0,0.0,0.0,0.0,0.0,0.0,0.0,0.0,0.0,0.0,0.0,0.0,0.0,0.918329999999963
37082_2#10,0.0,2.43539,0.0,0.88151,17.1425,0.53701,3.89152,1.56158,0.0,31.09481,0.7516,0.0,5.65533,0.0,0.0,2.42062,3.5445900000000004,0.02607,0.0,1.20273,0.0,0.0,3.4805300000000003,0.0,0.0,0.16321,1.37743,0.08807,0.76981,0.04795,0.0,0.09934,0.81452,0.0,0.23573,0.0,0.23338,0.0,0.0,0.45801,0.0,0.0,0.0,0.0,0.0,0.0,0.0,0.0,0.0,0.0,0.0,0.0,0.0,0.0,0.0,0.0,0.0,0.0,0.0,0.05841,0.0,0.0,0.0,0.0,0.0,0.0,0.0,0.0,0.0,0.0,0.0,0.0,0.0,0.0,0.0,0.0,0.0,0.0,0.0055,0.0,0.0,0.01192,0.0,0.0,0.0,0.0,0.0,0.0,0.0,0.0,0.0,0.0,0.0,0.0,0.0,12.88429,0.0,0.0,0.0,0.0,0.10784,0.0,0.04387,0.0,0.00094,0.0,0.0,0.0,0.0,0.0,0.07492,0.0,0.0,0.0,0.0,0.0,0.0,0.0,0.0,0.0,0.0,0.0,0.0,0.0,0.87261,0.0,0.0,0.0,0.0,0.0,0.0,0.0,0.0,0.0,0.0,0.0,0.0,0.0,0.0,0.0,0.0,0.0,0.0,0.0,0.0,0.0,0.0,0.0,0.0,0.0,0.0,0.0,0.0,0.0,0.0,0.0,0.0,0.0,0.0,0.0,0.0,0.0,0.0,0.0,0.0,0.0,0.0,0.0,0.0,0.0,0.0,0.0,0.0,0.0,0.0,0.0,0.0,0.03404,0.0,0.0,0.0,0.0,0.0,0.02583,0.0,0.0,0.0037799999999999,0.0,0.02826,0.0,0.0,0.0,0.0,0.0,0.0,0.0,0.0,0.03573,0.0,6.89881999999997
37082_2#11,1.28643,0.46311,2.02081,0.63898,4.08878,0.03469,8.57678,2.29423,0.0,13.29269,0.6009399999999999,0.0,10.47517,2.36977,0.0,0.51435,0.99587,0.0,0.06895,2.00119,0.33189,0.36172,1.41528,0.1919799999999999,0.0382399999999999,6.7127,0.44578,0.44516,1.34873,0.075,0.18383,0.18687,0.35561,0.1222299999999999,0.35169,0.1037599999999999,0.0,0.10427,0.07993,0.07001,0.0,0.0,0.0,0.0,0.0,0.0,0.1582,1.2721,0.0,0.70678,0.0,0.0,0.0,4.38807,0.0,0.0,0.0,0.6673899999999999,0.0,1.06247,0.0,0.0,0.0,0.00605,0.4746399999999999,0.0,0.0,0.20376,4.82808,0.0,0.0,0.0,0.00804,0.04923,0.0,0.0,0.59519,0.0,0.09095,0.0,0.0,0.55037,0.0,0.0,0.0,0.0,0.0,0.0,0.0,0.0,0.0,0.0,0.0,0.0,0.0,0.0,0.0,0.0,0.0,0.0,0.20558,0.0,0.08408,0.0,0.0,0.0,0.0,0.0,0.0,0.08086,0.02936,0.04851,0.0,0.0,0.0,0.00241,0.0,0.0,0.0,1.21863,0.0,0.0,0.0,0.0,0.0,0.0,0.0,0.0,0.0222,0.0,0.0341,0.0,0.0,0.27553,0.0,0.01339,0.0,0.00922,0.7943399999999999,0.0,0.0,0.0,0.0,0.0,0.0,0.0,0.05006,0.0,0.0,0.0,0.02702,0.45506,0.0,0.0,0.02605,0.30534,0.0,1.36477,0.0,0.0,1.281,0.0,0.19926,0.08927,0.0,0.0,0.0528299999999999,0.0,0.0,0.0,0.0,0.0,0.0,0.0,0.0,0.0,0.0,6.47089,0.0,0.0,0.0,0.2275599999999999,0.4072,0.00045,0.01225,0.0,0.00782,0.0,0.0,0.0,0.0,0.0,0.0,0.0,0.0,0.0,0.0,0.0,0.00164,8.49458000000002
37082_2#12,3.48207,0.0,10.59409,0.0,23.88454,0.0,0.42152,5.80505,0.0,17.074920000000002,0.15462,0.0,0.01566,0.06239,0.4922899999999999,0.0,0.19835,0.0,0.0,2.40663,0.17806,0.7245,0.53969,0.02182,0.20008,1.69428,1.22906,0.03028,0.0,0.1958099999999999,0.00108,0.0,0.30179,0.0,0.02563,0.25548,0.4972399999999999,0.1106,1.7210599999999998,0.71553,0.04584,0.0,0.0,0.0,0.00826,0.0,0.0,9.88779,0.0,0.0,0.0,0.0,0.0,0.0,0.0,0.0,0.0,0.0,0.0,0.45825,0.0,0.0,0.0,0.02845,0.0,0.0,0.0,0.07356,6.52896,0.0,0.0,0.0,0.0,0.0,0.0,0.03457,0.52684,0.0,0.07275,0.0,0.0,0.0,0.0,0.0,0.0,0.0,0.0,0.0,0.0,0.0,0.0,0.0,0.0,0.0,0.0,0.01285,0.0,0.0,0.0,0.0,0.0,0.0,0.0,0.0,0.0,0.0,0.0,0.0,0.0,0.01124,0.0,0.0,0.0,0.0,0.0,0.0,0.0,0.0,0.0,0.0,0.0,0.0,0.0,0.0,0.0,0.0,0.0,0.0,0.0,0.0,0.0,0.0,0.0,2.17698,0.0,0.0,0.0,0.0,0.0,0.0,0.0,0.0,0.0,0.0,0.0,0.0,0.0,0.0,0.0,0.0,0.0,0.0,0.0,0.0,0.0,0.0,0.0,0.0,0.0,0.0,0.0,0.0,0.0,0.0,0.0,0.0,0.0,0.0,0.0,0.0,0.0,0.0,0.0,0.0,0.0,0.1464099999999999,0.0,0.0,0.0,0.0,0.0,0.35974,0.0,0.0,0.04727,0.0,0.0,0.07481,0.0,0.0,0.0,0.0,0.0,0.0,0.0,0.0,0.0,0.0,0.0,6.471309999999962
37082_2#13,0.5452600000000001,7.684089999999999,0.23753,2.46125,1.31242,0.48261,4.065980000000001,0.2254699999999999,0.0,38.131240000000005,1.49279,0.0,3.2894,0.25332,0.00231,4.02311,1.34955,0.0,0.0015199999999999,3.71968,0.00325,0.00262,0.47025,0.09352,0.02711,2.08055,0.31975,0.0333899999999999,0.6088,0.62663,0.0,0.01065,0.6418,0.03446,0.18233,0.0,0.0297699999999999,0.0,0.34828,0.12113,0.0,0.0,0.00489,0.04344,0.0,0.0,0.03031,0.0,0.0,0.08215,0.0,0.0,0.0,0.0,0.0,0.0,0.0,0.04876,0.0,0.05675,0.8612200000000001,0.14369,0.0,0.0,0.0,0.0,0.0,0.19792,0.0,0.0,0.0,0.0,0.0,0.0,0.0,0.0,0.85421,0.0,0.07007,0.0,0.0,0.1035099999999999,0.0,0.0,0.0240699999999999,0.0,0.0,0.0,0.0,0.0,0.0,0.0,0.0,0.0,0.0,7.53017,0.0,0.0,0.0,0.0,0.16119,0.0,0.01149,0.0,0.02683,0.0,0.0,0.0,0.0,0.0,0.15899,0.00992,0.0,0.0,0.0,0.0,0.0,0.0,0.0,0.0,0.0,0.0,0.0,0.0,0.0,0.0,0.0,0.0,0.0,0.0,0.0,0.0,0.0,0.2629599999999999,0.2813199999999999,0.1885099999999999,0.0,0.01799,0.0,0.0,0.0,0.0,0.0,0.18573,0.0,0.0,0.0,0.0,0.0,0.0,0.0,1.94849,0.0,0.00932,0.0,0.03116,0.0,0.0,0.0,0.51057,0.00616,0.0,0.00449,0.11316,0.0133599999999999,0.0,0.0,0.0,0.0,0.0,0.02521,0.0,0.0,0.0,0.0,0.0,0.0,0.0345,0.0,0.0,0.0,0.05406,0.15113,0.02129,0.0,0.0,0.00703,0.0,0.0,0.0,0.0,0.0,0.01043,0.0,0.0,0.00123,0.13216,0.0,0.0,10.658340000000035
37082_2#14,1.12193,5.09445,0.37367,4.01668,4.06104,0.15255,1.26403,7.6053,0.0,4.84894,0.20285,2.82913,5.44955,0.38548,0.0,2.39642,3.45661,0.0,2.4946200000000003,1.2127,0.0,0.01139,4.66217,0.09459,0.18855,5.42397,1.11819,0.03639,0.28294,0.47338,0.0,0.00422,0.39127,0.0,0.00954,0.0,0.0542,0.0,0.31654,0.10315,0.0,0.0,0.00426,0.00947,0.0,0.0,0.0,0.0,0.0,7.99792,0.0,0.0,0.0,0.0,0.0,0.0,0.0,0.0,0.0,0.0219,1.21397,0.0,0.0,0.1124599999999999,0.0,0.0,0.0,0.48646,0.0,0.0,0.0,0.0,0.0,0.11889,0.0819299999999999,0.0,0.00951,0.0,0.0,0.0,0.0,0.02171,0.0,0.0,0.04856,0.10343,0.0,0.0,0.0,0.0,0.1181,0.0,0.0,0.0,0.0,0.0,0.0007099999999999,0.0,0.0,0.0,0.0,0.0,0.2078199999999999,0.0,0.02118,0.15472,0.0,0.0,0.0,0.0,0.00291,0.0,0.00427,0.0,0.0,0.0,0.0,0.0,0.0,0.20337,0.0,0.0138,0.0,0.0,0.0,0.0,0.0,0.0,0.0,0.0,0.0,0.0,0.0,0.0,0.0,0.03801,0.0,0.0,0.0,0.0,0.0,0.0,0.0,0.0,0.0,0.0,0.0,0.0,0.0,0.01859,0.0,0.15307,0.0,0.0,0.3998,0.0,0.0,0.0,0.0,0.0,0.0,0.0,0.0,0.0,0.0,0.0,0.0,0.0,0.0,0.0,0.0,0.0,0.0,0.0,0.0,0.0,0.0,0.0,0.0,0.0,0.0,0.0,0.0261399999999999,0.0175099999999999,0.0,0.0,0.16293,0.0,0.0,0.0,0.0,0.0,0.0,0.0,0.0,0.0,0.0,0.0,0.0,28.09016000000001
37082_2#15,0.0938,0.0120299999999999,0.02008,2.58201,0.04008,0.78101,9.15301,0.08401,0.47301,18.97249,6.40475,2.42597,0.01762,0.02014,0.0,5.03032,3.01026,0.0,1.26946,2.43732,0.0,0.01062,2.09072,0.30329,0.0,0.7287899999999999,0.08134,0.0,0.8778100000000001,0.03974,0.0,0.0,2.8465700000000003,0.00161,0.19969,0.0,0.01546,0.0,0.0,3.71743,0.0,0.0,0.02741,0.01705,0.0163,0.00492,0.0,0.11571,0.0,0.0,0.0,0.0,0.0,0.0,0.0,0.0,0.0,0.0,0.0,0.0,0.02628,12.8818,0.0,0.0,0.0,0.0,0.0,0.2389599999999999,1.4331,0.0,0.0,0.0,0.0,0.03721,0.0,0.0,0.11625,0.0,0.0,0.0,0.0,0.00739,0.0,0.0,0.0,0.04518,0.0,0.0,0.0,0.0,0.06357,0.0,0.0,0.0,0.0,0.0,0.0,0.0,0.0,0.0,0.0,0.0,0.4745,0.0,0.0,0.64684,0.0,0.0,0.0,0.0,0.0,0.00081,0.02684,0.0,0.0,0.0,0.0,0.0,0.0,0.01704,0.0,0.0,0.00431,0.0,0.0,0.0,0.0,0.0,0.0,0.0,0.0,0.0,0.0,0.8885299999999999,0.07806,0.06486,0.0,0.0,0.0,0.0,0.0,0.0,0.0,0.0,0.0650299999999999,0.0,0.0,0.0,0.08009,2.6287700000000003,0.0,0.0038399999999999,0.0,0.0,0.33475,0.00095,0.0,0.0931299999999999,0.0,0.0,0.00394,0.0,0.0,0.0,0.0,0.0,0.0,0.7338,0.0,0.0,0.0,0.0,0.0,0.00945,0.0,0.00645,0.0,0.0,0.0,0.32258,0.0,0.0,0.03168,0.0,0.0,0.0,0.0,0.0,0.0,0.0,0.0,0.0,0.0,0.0,0.0,0.0,0.0,0.0,0.0,14.712180000000021
37082_2#16,0.0,0.0,0.0,0.05976,0.08487,0.0211599999999999,0.8437,1.38166,0.00627,1.56914,0.0,0.01398,0.89995,0.0,0.0080299999999999,0.00868,0.36104,0.0,0.2066,0.14979,0.0,0.0,0.04997,0.00904,1.51274,0.6947399999999999,0.15544,0.07062,0.13823,0.0,0.0,0.02368,0.15001,0.0,0.0985,0.0,0.00689,0.1175799999999999,0.39949,0.0,0.02957,0.0,0.0,0.021,0.01478,0.0,0.01079,0.36733,0.0,0.0,0.0,0.14254,0.07569,0.30613,0.96165,0.0,0.03142,0.04887,0.15077,0.8855700000000001,0.0,0.8500200000000001,0.06418,0.04378,0.2862,2.65418,0.0,0.18989,11.81356,0.54093,0.08582,0.07486,0.0,0.02433,0.02435,0.02421,0.18484,0.01105,0.04774,0.00255,0.0018,2.69136,0.03137,0.0056799999999999,0.02171,0.0,0.0085,0.23803,0.02465,0.0014,0.11938,0.03378,0.00349,0.0396199999999999,0.0,0.0,0.85465,0.0429,0.0301199999999999,0.00514,0.04911,0.15709,0.1803,0.07206,0.02224,0.02883,0.16147,0.10349,0.00145,0.0,0.00612,0.19694,0.0,0.1058099999999999,0.00367,0.0,0.00016,0.00665,0.04423,0.00962,0.03501,0.00441,0.0299,0.0,0.59612,0.01272,0.00584,0.25569,0.02193,0.01515,0.0139099999999999,0.03865,0.0,0.0,0.0,0.0,2.04708,0.18252,0.0,3.4278,0.01398,0.46926,3.53067,0.09827,0.1411099999999999,0.09713,0.09583,0.14088,0.0338399999999999,0.33713,0.02267,0.16874,0.0645,0.0,0.0005099999999999,0.03677,0.00327,0.14094,0.0,0.56766,0.0,0.15087,0.04378,0.0,0.01141,0.04477,0.01795,0.03595,0.22134,0.06456,0.0,0.02374,0.0,0.01236,0.00707,0.0,0.0256399999999999,0.0,0.0,0.94334,0.01132,0.0,0.0,0.0,0.0,0.0,0.0,0.0,0.0,0.0,0.0174199999999999,0.00235,0.05462,1.40996,0.01341,0.1173,0.01577,0.00714,0.0,49.785060000000044
37082_2#17,0.0,0.04987,0.0,0.9005,0.19452,0.0,1.5964,1.23685,0.07752,2.65778,0.00525,0.20112,0.49693,0.0,0.00094,0.14684,0.98533,0.0,0.1752,0.7278899999999999,0.11603,0.0,0.18817,2.85502,3.3730300000000004,0.68011,0.8569399999999999,0.1196,0.01726,0.0,0.00421,0.07948,0.42482,0.0,0.0879,0.0,0.0942799999999999,0.00337,0.50547,0.0,0.00105,0.14037,0.07321,0.13692,0.0,0.0,0.06162,2.19838,0.0,0.0,0.0,0.07687,0.10347,1.0567799999999998,1.27456,0.13216,0.07915,0.04461,0.0,0.45003,0.03657,0.59145,0.21648,0.14854,0.37783,4.99521,0.00443,0.27141,0.4200399999999999,0.01275,0.04693,0.01201,0.0,0.0,0.10927,0.05772,0.67729,0.12069,0.02823,0.0,0.15307,0.8871600000000001,0.30326,0.12879,0.51354,0.0375,0.0233,0.17851,0.06886,0.00942,0.01699,0.0,0.0,0.02132,0.01503,0.2340199999999999,1.41109,0.0147099999999999,0.42013,0.06236,0.09473,0.0,0.22469,0.1859,0.03528,0.10754,0.03759,0.08422,0.0174199999999999,0.0,0.0,0.24886,0.0,0.02449,0.04437,0.0,0.0,0.12138,0.35074,0.5593199999999999,0.02744,0.02549,0.1379,0.0822,0.024,0.0906,0.05427,0.19914,0.026,0.00032,0.04575,0.0357699999999999,0.00826,0.01299,0.03925,0.0,0.14256,0.11531,0.00627,1.28864,0.00351,1.1853200000000002,0.14359,0.0641,0.0,0.03385,0.13205,0.07311,0.08943,0.26892,0.05326,0.00295,0.02383,0.0,0.0519899999999999,0.00514,0.08152,0.1096299999999999,0.0,0.13324,0.07335,0.0126299999999999,0.04841,0.0,0.09371,0.13631,0.0,0.04869,0.02941,0.0293399999999999,0.0,0.01914,0.0,0.04026,0.0,0.0,0.0031,0.0,0.00027,0.70881,0.08198,0.0,0.0,0.0,0.0,0.0,0.0,0.0,0.00626,0.0189699999999999,0.11089,0.0603799999999999,0.0891899999999999,0.64394,0.06914,0.2661,0.03172,0.0,0.0,53.11014999999995
37082_2#18,0.0,0.0,0.0,0.3496599999999999,0.0,0.02216,5.07141,1.51006,0.0,4.53912,0.05365,0.64477,0.0095599999999999,0.0,0.0141199999999999,0.91792,0.8546799999999999,0.01581,0.01354,1.37614,0.0,0.0,0.11754,0.0287,0.0,0.11538,5.823980000000001,0.0,0.58872,0.0,0.01856,0.0,0.24008,0.0,0.7205,0.0,0.00628,0.0087,0.02058,0.0,0.0,0.00273,0.0,0.12365,0.00565,0.02456,0.84634,0.5514899999999999,0.15674,0.04652,0.0411,0.00912,0.0,3.52221,0.12805,0.0734399999999999,0.0355399999999999,0.00862,0.0,0.14439,0.01099,0.5365300000000001,0.0,0.01933,0.10941,0.4232,0.0827,0.67835,0.0,0.0,0.0,0.02068,0.0,0.03185,6.7993,0.15161,0.22396,0.0,0.0033799999999999,0.00542,0.01931,0.2448199999999999,1.12031,0.04351,0.07088,0.11045,0.0,0.01589,0.13287,0.0,0.00647,0.00125,0.0,0.0,0.01845,0.04893,2.10019,0.0,0.04649,0.05806,0.0025,0.13814,0.26168,0.04835,0.03559,0.08272,0.0,0.9874,0.23101,0.0,0.0,0.07614,0.00028,0.0,0.43438,0.0,0.0,0.0,0.0,0.0163,0.0,0.0652399999999999,0.0,0.0,0.00837,0.01668,0.02325,1.37453,0.1030799999999999,0.08788,0.0027,0.32554,0.0,0.0,0.0454,0.0,0.00052,0.00542,0.09981,2.02083,0.0,0.08159,0.11214,0.0113,0.4862399999999999,0.00905,0.48627,0.0038399999999999,0.01018,0.56383,0.0,0.0,0.00806,0.0,0.0,0.0,0.00153,0.0518799999999999,0.0,2.20303,0.0,0.0386,0.0,0.0,0.05211,0.19498,0.00446,0.0050799999999999,0.00893,0.10064,0.6422800000000001,0.0072,0.0,0.05875,0.00306,0.0,0.0234599999999999,0.0,0.04043,0.69197,0.00411,0.0,0.0,0.0,0.0,0.0,0.0,0.0,0.02335,0.56798,0.23875,0.3881,0.0,0.03308,0.02814,0.00747,0.02401,0.003,0.0,44.351020000000034
37082_2#19,0.0,0.0,0.0,1.26485,0.00229,0.20888,4.62145,0.05089,0.03,1.40666,0.04288,0.62248,0.02386,0.0,0.0,0.84557,1.0184799999999998,0.14327,0.0,1.04743,0.11828,0.0,3.70162,20.01791,0.63318,1.32368,5.88437,0.0,2.02851,0.0,0.0,0.0,0.03587,0.0,0.0093099999999999,0.0,0.0,0.0,0.23448,0.0,0.0,0.0,0.08416,0.406,0.0,0.01694,0.0100299999999999,0.76063,0.0,0.0,0.47991,0.0064,0.0,9.04914,2.71276,4.79999,1.10739,0.13771,0.00118,0.0,0.03988,1.5591,0.02402,0.0,0.0021899999999999,0.0,0.00744,3.13499,0.0,0.0,0.0,0.06055,0.0,0.3171199999999999,1.6378700000000002,0.0,0.0,0.0,0.0,0.02149,0.0,0.01379,0.81844,0.03341,0.05852,0.99352,0.0,0.0,0.10509,0.0,0.0,0.0,0.0,0.0,0.0,0.0,0.4512899999999999,0.00604,0.21706,0.24609,0.0,0.00495,0.1681,0.0,0.0265,0.0340899999999999,0.0,0.7867,0.02815,0.0,0.00137,0.0,0.01563,0.0,0.03388,0.0,0.0,0.66338,0.01083,0.02232,0.0,0.0,0.38909,0.0,0.0,0.0,0.04628,0.15338,0.0372399999999999,0.0995,0.0,0.01575,0.0,0.0,0.08299,0.0,5.61436,0.0,0.1072,0.00692,0.0,0.0,0.0011099999999999,0.0,0.00168,0.0,0.0,0.0,0.0,0.3692,0.0,0.0,0.32778,0.0,0.18892,0.0,0.0,0.01999,0.0,0.36029,0.0,0.0,0.0,0.0,0.0,0.00542,0.0,0.0,0.01556,0.0639899999999999,0.0,0.0,0.14159,0.0,0.0,0.0,0.0,0.0,0.008,0.0333399999999999,0.0,0.0,0.0,0.0,0.0,0.0,0.0,0.0,0.0,2.7214,0.19674,0.12978,0.0,0.01036,0.0,0.0633799999999999,0.0,0.0,0.0,12.356520000000014
37082_2#1,4.54705,2.64241,6.13598,1.5365799999999998,2.32694,0.11363,0.4398899999999999,10.40111,0.00994,0.8621,0.05651,0.08055,4.36285,0.62151,0.0,0.12404,0.49028,0.1888099999999999,0.32883,1.75082,0.96241,0.39491,0.49766,0.00206,10.46992,1.57455,1.45162,0.04265,0.0986,0.0,0.3038099999999999,1.60782,0.8260799999999999,0.5688300000000001,0.0,0.0,0.1751,0.48296,2.08757,0.0,0.04268,0.00104,0.0,0.0,0.0,0.0,0.85198,0.0,0.0,0.0,0.0,0.0,0.0,0.45613,0.0,0.0,0.0,0.03488,0.2383199999999999,1.57748,0.07456,0.0,0.0,0.3105,0.12586,0.0,0.0,0.0507899999999999,0.0,0.32581,0.04963,0.0,0.0,0.0,0.0,0.0,0.66871,0.0,0.20309,0.0,0.0966,1.6221299999999998,0.0,0.0,0.0,0.0,0.0,0.0,0.0,0.0,0.0,0.0,0.01599,0.0,0.0875799999999999,1.56531,0.0,0.0,0.0,0.0,0.2246699999999999,0.0,0.0150099999999999,0.0,0.0,0.0,0.0,0.0,0.0,0.14252,0.0,0.5848899999999999,0.0,0.01217,0.0,0.00754,6.419969999999999,0.0,0.0,1.20804,0.0,0.0,0.0,0.0,0.0,0.0205,0.0,0.0,0.02386,0.37212,0.00795,0.0,0.0,0.0841399999999999,0.0,0.0,0.0,0.18295,0.91572,0.01122,0.0,0.0,0.0,0.37166,0.87526,0.0,0.08229,0.0,0.01783,0.05168,0.1938,0.00703,0.50016,0.1285599999999999,0.0,0.14593,0.0410899999999999,0.03383,0.0,0.78427,0.62495,0.04923,0.29541,0.00577,0.12522,0.0,0.03348,0.0,0.0,0.0,0.0,0.0,0.0,0.0,0.0,0.0,0.0,0.0,0.0,0.0,0.0,0.48613,0.0,0.04462,0.03618,0.33825,0.0,0.03488,0.0,0.1205799999999999,0.0,0.0,0.11007,0.0,0.0,0.05534,0.0,0.1040099999999999,0.1214,16.98237000000001
37082_2#20,0.0,0.00732,0.0,0.11442,0.0,0.0,3.32226,0.0119,0.0,8.17272,0.01965,0.49057,0.11329,0.0,0.01091,0.42645,0.38919,0.57103,0.00584,1.45195,0.0,0.0,0.37666,1.49179,0.0857,0.44221,13.07697,0.0072099999999999,0.51585,0.0,0.00715,0.0,0.04891,0.0,0.05947,0.0,0.02192,0.05295,0.0,0.0,0.0,0.0,0.0528299999999999,0.0,0.02256,0.01554,0.07502,0.25549,0.0,0.0,0.0021899999999999,0.0,0.0,1.91981,1.02751,0.26215,0.0467,0.0895799999999999,0.0,0.05674,0.57839,0.54676,0.0114,0.19569,0.04582,0.14875,0.0,1.88741,0.0,0.0,0.0,0.0,0.0,0.00787,0.0,0.04598,0.07235,0.0,0.03007,0.01636,0.06659,0.0871,1.42514,0.00827,0.01296,0.13434,0.0,0.0105,0.23167,0.0,0.01454,0.0,0.0,0.0,0.12214,0.0,1.91021,0.0,0.0193,0.51735,0.00342,0.01807,0.2139,0.06738,0.06687,0.00195,0.0,0.36399,0.16582,0.00396,0.00118,0.03719,0.0,0.0,0.13017,0.0,0.34972,0.1553,0.0,0.0,0.0,0.10715,0.14909,0.0,0.01707,0.0,0.1079599999999999,0.47853,0.13369,0.0091799999999999,0.0,0.05997,0.0,0.0,0.03218,0.0,14.82444,0.0519,0.0,0.0,0.0,0.10769,0.0,0.0,0.10502,0.0,0.01942,0.00182,0.0,0.3566,0.0,0.0,0.07172,0.04135,0.0,0.0,0.04367,0.01288,0.0,0.0035299999999999,0.0240699999999999,0.0,0.0,0.0,0.0,0.14371,0.01634,0.0,0.0,0.00962,0.14481,0.00997,0.17614,0.00465,0.01516,0.0,0.0,0.0,0.00885,0.05678,0.0,0.0,0.0,0.0,0.0,0.00315,0.0,0.0,0.0,0.00214,0.0,0.0,0.0,1.10815,0.03861,0.0,0.00196,0.0,0.0,36.65474000000003
37082_2#21,0.00084,0.0,0.0,0.4963899999999999,0.06565,0.14657,4.512490000000001,1.1056,0.0,1.11093,0.00859,0.09343,0.30377,0.0,0.11349,0.27942,0.54315,0.02408,0.0416,1.4217,0.2199199999999999,0.0,5.71135,21.11482,0.5602600000000001,0.4743199999999999,0.0838,0.0,0.16177,0.0,0.0,0.0,0.53647,0.0,0.11953,0.0,0.22199,0.14194,0.04375,0.0,0.0,0.0,0.13577,0.00233,0.00056,0.0007099999999999,0.3136,1.8622,0.06586,0.02122,0.96966,0.03653,0.0,1.43466,2.03992,0.0,0.01017,0.00053,0.00464,0.47511,0.06134,0.54885,0.0,0.03365,0.00164,1.06501,0.02553,0.6746800000000001,0.00494,0.0,0.00968,0.0,0.0,0.0,0.0069099999999999,0.0569299999999999,0.23747,0.05434,0.0,0.04487,0.53701,0.39838,0.44231,0.61395,0.03875,0.00105,0.0,0.07812,0.02923,0.0,0.11574,0.0,0.03318,0.00085,0.09416,0.00885,0.31323,0.02269,0.00073,0.0762,0.01958,0.11709,0.1734099999999999,0.07532,0.08071,0.0,0.10992,0.3156,0.02514,0.0,0.02985,0.3128599999999999,0.01144,0.00366,0.02335,0.00446,0.04087,0.0,0.01675,0.1050599999999999,0.0,0.11994,0.0565,0.0,0.04238,0.0,0.0009,0.66109,0.09053,0.01473,0.0,0.04665,0.0,0.01027,0.0,0.0,0.71344,0.00316,0.22278,1.1333799999999998,0.6119399999999999,1.4367299999999998,0.37072,0.05279,0.7713800000000001,0.0142099999999999,0.33514,0.18567,0.04949,0.0778,0.00775,0.02133,0.03833,0.02767,0.02213,0.0,0.04853,0.49526,0.0,0.02327,0.01109,0.11117,0.02429,0.02481,0.0,0.14124,0.04671,0.04587,0.02725,0.06688,0.13755,0.01116,0.09576,0.01621,0.0,0.0,0.01146,0.0,0.0,3.48254,0.00209,0.0,0.0,0.0,0.0,0.0,0.0,0.0,0.00088,0.0,0.18867,0.02741,0.0,2.95664,0.23209,0.31079,0.04526,0.0,0.0,30.149859999999972
37082_2#22,0.0,5.36029,0.0,2.43764,0.00158,0.75545,5.22075,0.01564,0.09772,1.0292,0.02097,1.19426,0.0179,0.0,0.0,0.0,0.6531899999999999,0.00434,0.0637399999999999,1.14189,0.0,0.0,2.1776,6.1198,0.17199,0.11813,6.38933,0.0,0.96917,0.0,0.0,0.0,1.05793,0.0,0.14736,0.0,0.0,0.0,0.08897,0.0,0.0,0.00497,0.24231,0.03366,0.0,0.0,0.00603,0.2281699999999999,0.0,0.64491,0.00974,0.0,0.0,2.7665,3.2576400000000003,0.7457699999999999,0.96673,0.0072,0.0,0.00566,0.44578,0.54288,0.01441,0.0,0.03096,1.86711,0.00894,2.81583,0.08436,0.0,0.0,0.0,0.0,0.59163,0.00113,0.0,0.0090599999999999,0.0,0.0,0.0,0.0,0.5455899999999999,0.55914,0.00154,0.15184,0.30866,0.0,0.1604,0.37404,0.0,0.00298,0.0,0.03027,0.0,0.00056,0.0275899999999999,1.02416,0.00292,1.09555,0.72053,0.0,0.23999,0.8629,0.10692,0.18042,0.0,0.0,1.95384,0.22893,0.0,0.0,0.0,0.0,0.0,0.084,0.0,0.0,0.91802,0.0,0.03593,0.0,0.25336,1.15108,0.0,0.0,0.0,0.414,1.23466,0.17529,0.0,0.00722,0.07081,0.0,0.0,1.31249,0.0,0.4173199999999999,0.0,0.0,4.14101,0.03873,0.06472,0.07602,0.0,0.0,0.0,0.0,0.0,0.0069099999999999,0.6632600000000001,0.0,0.06605,0.0,0.0,0.0294399999999999,0.0,0.0,0.00539,0.00283,0.0,0.0,0.0,0.0,0.0,0.0,0.39812,0.0,0.00294,0.0,0.25103,0.11289,0.00479,0.48249,0.07468,0.0,0.0,0.0,0.0,0.0830299999999999,0.15248,0.0507899999999999,0.0,0.0,0.0,0.0,0.0,0.0,0.0,0.0,0.0,0.42655,0.32252,0.0,1.6384599999999998,0.0,0.08079,0.00412,0.0,0.0,25.58079000000002
37082_2#23,0.22579,1.66995,0.02858,1.37252,1.17153,0.06945,2.1158,8.78025,0.0,7.268569999999999,0.01379,0.05971,0.49362,0.00592,0.02766,0.24531,1.21887,0.0,0.14735,1.62467,0.15198,0.01935,0.23651,0.8682200000000001,0.0,0.73734,0.8644799999999999,0.28112,0.08111,0.0,0.0,0.0,1.10444,0.0831399999999999,0.10811,0.0,0.0,0.0302,0.03575,0.0,0.0,0.04484,0.17603,0.01455,0.0012,0.0009699999999999,0.0,1.3,0.0,0.29358,0.0,0.01378,1.91276,2.88905,0.96469,0.23343,0.0,0.41179,4.192069999999999,0.0894,0.0,0.1879299999999999,0.0,1.18916,0.99746,0.0,0.08295,2.02796,0.4821399999999999,0.01369,0.05159,0.03449,0.0225,0.13183,0.6459999999999999,0.16666,0.5956,0.0,0.1658099999999999,0.02444,0.23005,2.14297,0.0,0.0,0.0,0.0,0.07549,0.00585,0.00981,0.00828,0.32525,0.0021899999999999,0.0,0.0,0.20096,0.12286,2.48058,0.0,0.0,0.02079,0.12433,0.15461,0.32961,0.10393,0.13571,0.27858,0.78945,0.0589,0.00452,0.0,0.0,0.42853,0.0,0.00835,0.0102,0.0,0.0,0.0,0.0048,1.44714,0.0,0.05877,0.21489,0.0,0.0,0.0,0.0,0.23025,0.1099,0.0,0.01379,0.0,0.00626,0.5785,0.0,0.0,0.0,0.0171,0.37577,2.20343,2.6033,0.7433,0.01814,0.0,2.39914,0.0252,0.0,0.27309,0.02134,1.4223,0.02166,0.04074,0.0,0.01024,0.0,0.00091,0.0,0.0,0.0,0.94697,0.0,0.0,0.0647,0.03721,0.02184,0.0,0.0,0.00829,0.02906,0.0,0.03909,0.02631,0.04015,0.0,0.0,0.01708,0.01001,0.0,0.0,0.0,0.04879,0.0,0.0,0.0,0.0,0.0,0.0,0.0,0.01463,0.05492,0.04668,0.0,0.07894,0.0,0.0,0.0,0.04459,0.00166,0.0,27.07788000000003
37082_2#24,0.0,0.12842,0.0,7.86403,0.04579,0.0,8.527569999999999,0.01364,0.0,2.35644,0.6666,1.75984,0.0561799999999999,0.0,0.09393,5.28712,2.73438,0.0,0.0,5.95176,0.01744,0.0,0.39125,11.65931,0.11572,1.00705,4.04435,0.0,17.64483,0.0,0.0,0.0,0.09195,0.0,0.00743,0.0,0.0,0.0,0.00629,0.0,0.0,0.0,0.09316,0.0,0.00822,0.00921,0.0,0.28389,0.14538,0.0,0.0,0.0,0.0,3.30639,0.0,0.32921,1.22425,0.0,0.1526799999999999,0.0,1.90829,1.10369,0.0,0.0,0.0,0.0,0.0428399999999999,0.23956,0.05823,0.0,0.0,0.0,0.0,0.16765,0.03451,0.0,0.0,0.0,0.0,0.0226,0.0,0.0007,0.0,0.0,0.0,0.20031,0.0,0.0,0.33481,0.0,0.10309,0.0,1.7221,0.0,0.0,0.00742,0.25173,0.0568799999999999,0.1469099999999999,0.32715,0.0,0.4657,0.0439,0.0,0.02926,0.0,0.0,3.52801,0.13571,0.0,0.0,0.0,0.216,0.0,0.60528,0.0,0.13705,0.0,0.0,0.0,0.0,0.00554,0.4054,0.0,0.0,0.0,0.49851,0.6116,0.03623,0.24606,0.0,0.0,0.0,0.0,0.0,0.0,0.09264,0.0,0.0,0.0,0.0,0.0,0.0,0.0,0.0106,0.0,0.0,0.0,0.0,0.0,0.0,0.0,0.0033,0.0,0.06075,0.0,0.0,6.13531,0.0,0.0,0.0,0.0,0.0,0.0,0.0,0.21771,0.0,0.0,0.0,0.0,0.0,0.0,0.05332,0.0,0.0,0.0,0.0,0.0,0.0,0.22116,0.0,0.0,0.0,0.0,0.0,0.0,0.0,0.0,0.0,0.01726,0.11533,0.0,0.0,0.0,0.0,0.0,0.0,0.0,0.0,3.3561900000000864
37082_2#25,0.0,0.0,0.0,0.0223599999999999,0.09766,0.0,1.68725,0.02021,0.00849,0.14757,0.0110599999999999,0.64162,0.01564,0.0,0.15157,0.24122,0.1143599999999999,0.015,0.04286,0.00217,0.00507,0.0,0.0561299999999999,0.0,0.0,0.00259,0.42798,0.0,0.208,0.0,0.0,0.00486,0.0160599999999999,0.0,0.3879599999999999,0.0,0.0,0.00058,0.00308,0.0,0.0,0.0,0.00447,0.04904,0.0,0.0,0.0052899999999999,0.07991,0.0,0.00439,0.0,0.01825,0.0,0.83614,0.0984,0.0679,0.00714,0.0,0.11033,0.03741,0.39452,0.5878,0.00307,0.0,0.01363,0.08367,0.0,0.13857,0.07291,0.0,0.0,0.0,0.0,0.01206,0.0,0.0350199999999999,0.03397,0.00016,0.00939,0.00223,0.00016,0.0870399999999999,0.33424,0.0,0.0,0.03329,0.0,0.00645,0.0516,0.0,0.00783,0.0,0.0,0.0,0.0,0.0,0.64354,0.0,0.00372,0.06964,0.00018,0.0,0.01139,0.0,0.0258899999999999,0.0,0.0635,0.41544,0.01459,0.0,0.0,0.03026,0.0,0.0,0.0457,0.0,0.02109,0.04469,0.0003,0.04874,0.0,0.00247,0.00632,0.0,0.01309,0.0,0.00242,0.68529,0.00357,0.09919,0.0,0.0,0.0,0.0,0.0727,0.0,0.0476399999999999,0.50205,0.0,1.22137,0.0110599999999999,0.06752,0.02931,0.00505,0.0,0.0,0.01366,0.01656,0.00677,0.2792,0.0,0.0,0.00664,0.0,0.00238,0.0,0.0082,0.02445,0.0,0.0,0.00426,0.00143,0.0,0.0,0.0,0.09654,0.0,0.0,0.01406,0.04007,0.00202,0.0021,0.1771299999999999,0.00589,0.0,0.0,0.06557,0.0,0.0,0.11745,0.00556,0.0,0.0,0.0,0.0,0.0,0.0,0.0,0.0,0.56543,0.36417,0.0,0.0,0.01932,0.01729,0.00164,0.0,0.0,0.0,86.37686
37082_2#26,0.0,0.10035,0.0,1.5195,0.04818,0.00903,4.33846,0.09731,0.07737,3.33558,0.08678,0.46142,0.06591,0.0,0.0,0.26584,1.2158,0.0,0.00872,0.76281,0.00633,0.0,0.36202,0.02444,0.01232,0.58786,0.09677,0.0,0.51755,0.0,0.0,0.0,0.08062,0.0,0.15659,0.0,0.0,0.0,0.08469,0.0,0.0,0.0,0.0188,0.0478699999999999,0.05414,0.0,0.0,0.15352,0.0,0.36312,0.05002,0.0,0.00684,3.01397,0.9032,0.08639,0.048,0.00328,2.31949,0.07024,0.07442,0.76374,0.0,0.07812,0.0,3.16262,0.00933,0.68481,0.0,0.03026,0.00636,0.0,0.0,0.18333,1.06687,0.0,0.00148,0.0,0.0,0.00878,0.0402,0.08804,0.16839,0.02787,0.06773,0.00474,0.0,0.0,0.08653,0.0,0.05499,0.0,0.0,0.0,0.06747,0.54685,0.9029,0.02632,0.21878,0.11123,0.0,0.01503,0.09103,0.0186199999999999,0.06515,0.03949,0.0471,0.06745,0.03304,0.0,0.0,0.0,0.0,0.0,0.0589,0.0,0.07962,0.0,0.0,0.02666,0.0,0.0476399999999999,0.00631,0.00137,0.0,0.16005,0.0528,0.19629,0.05789,0.0,0.0,0.00585,0.0,0.0,0.04378,0.0,4.76126,0.00484,0.13492,0.28319,0.01142,0.19059,0.03185,0.0,0.06181,0.0,0.0,0.0,0.00405,0.51013,0.0,0.2285599999999999,0.0055899999999999,0.0,0.0498399999999999,0.0,0.0,4.44347,0.0,0.0,0.0,0.0,0.01738,0.0,0.01152,0.07627,0.0,0.03103,0.0,0.07915,0.0,0.0039,0.0619799999999999,0.0,0.0,0.0,0.0066599999999999,0.0,0.0,0.0602399999999999,0.0,0.0,0.0,0.0,0.0,0.0,0.0,0.0,0.0,0.06023,0.0075,0.0,0.0,0.6859999999999999,0.0,0.03915,0.00939,0.0,0.0,57.07072000000001
37082_2#27,0.0,0.34738,0.0,2.43696,0.34551,0.0,4.71575,0.62951,0.0,10.1741,0.01134,1.56005,0.01117,0.0,0.0,0.58143,1.429,0.1362,0.0,3.17138,0.02114,0.0,1.2998299999999998,14.0494,1.19408,1.3953799999999998,0.0138599999999999,0.01885,1.28509,0.0,0.0,0.0,0.03786,0.0,0.2866,0.0,0.0,0.0,0.11483,0.0,0.0,0.0,0.0,0.84757,0.02154,0.00247,0.0,1.99448,0.0,0.0,0.0,0.00767,0.0,4.32685,12.03652,0.2346,1.7249,0.0,0.0,0.00277,0.0,0.02702,0.0,0.0,0.0,1.02518,0.0374699999999999,0.52486,0.0826,0.34205,0.0,0.0,0.00336,0.0,0.16036,0.0,0.0197,0.0,0.0,0.0,0.13798,0.0160699999999999,0.6350600000000001,0.01047,0.24173,0.0,0.0,0.00064,0.0374,0.0,0.00033,0.0,14.22848,0.0,0.0,0.0,2.73525,0.01192,0.8722799999999999,0.29096,0.0,0.02786,0.06436,0.03043,0.01056,0.31748,0.00427,0.8487600000000001,0.05681,0.0,0.0,0.0,0.0,0.0,0.13084,0.0,0.01522,0.4155899999999999,0.0,0.1200099999999999,0.0,0.08941,0.0,0.009,0.0,0.0,0.09882,1.01549,0.0,0.02562,0.00933,0.0269699999999999,0.0,0.0,0.20323,0.0,1.37554,0.0,0.0,0.1012,0.0,0.0384899999999999,0.0,0.0,0.0,0.0,0.0,0.02524,0.0,0.0,0.0,0.0,0.0,0.0,0.0,0.0,0.0,0.0,0.0,0.0,0.13346,0.0,0.0096,0.0,0.0,0.0595299999999999,0.0,0.0,0.0,0.02744,0.11699,0.00211,0.0300399999999999,0.04016,0.0,0.0,0.0,0.0,0.05761,0.33964,0.0,0.0,0.0,0.0,0.0,0.0,0.0,0.0,0.0,0.0,0.21771,0.08102,0.0,0.0287399999999999,0.0,0.0,0.02215,0.0,0.0,5.866029999999982
37082_2#28,0.24873,0.0,0.0,0.37181,0.96971,0.0,1.29831,0.6916,0.0,12.9212,0.02131,0.35954,0.98437,0.05874,0.04705,0.11118,0.56093,0.0075299999999999,0.31115,1.25608,0.1059,0.0,0.5653100000000001,3.98822,0.41788,0.68005,0.22637,0.649,0.27005,0.0,0.0,0.04708,1.17629,0.0,0.1696099999999999,0.0,0.0777,0.0643799999999999,0.0565899999999999,0.00528,0.0,0.0181,0.0483899999999999,0.67308,0.01916,0.0,0.22712,9.87307,0.0,0.30412,0.01315,0.30778,0.05357,1.26952,0.8305100000000001,0.27051,0.0300199999999999,0.4623899999999999,0.0,1.45802,0.08984,0.03142,0.92507,0.29475,5.0084800000000005,0.6221,0.1821,0.14965,5.97706,0.06969,0.00582,0.03804,0.05634,0.0,0.0,0.23775,5.3886400000000005,1.02517,0.2802199999999999,0.0,0.35666,4.99539,0.29933,0.04427,0.0395,0.0073,0.01083,0.02476,0.04792,0.03001,0.02123,0.02484,0.00505,0.00966,0.04112,0.0,0.02645,0.0189699999999999,0.04997,0.12713,0.52713,0.02691,0.57304,0.11905,0.02028,0.0172699999999999,0.08431,0.3285,0.0,0.0,0.0,0.30384,0.0,0.38924,0.07131,0.01201,0.36349,0.00495,0.389,1.02131,0.0464199999999999,0.10976,0.10303,0.0971,0.25393,0.02514,0.0144699999999999,0.25003,0.06903,0.0,0.0,0.03848,0.01703,0.0,0.0,0.0,0.16384,0.0192099999999999,0.0,2.6603,0.0,0.8479,0.0,0.0,0.0,0.5968399999999999,1.72463,0.48777,0.01114,0.0,0.17767,0.0,0.0,0.03354,0.0,0.09808,0.14852,0.0,0.11205,0.0,0.12423,0.03349,0.4766899999999999,0.04469,0.58368,0.01558,0.05289,0.0,0.0,0.2026099999999999,0.0,0.08395,0.0003399999999999,0.00364,0.01576,0.0,0.0,0.0,0.01409,0.0,0.2085699999999999,0.0,0.0,0.0,0.00955,0.0,0.0,0.0,0.03071,0.0,0.0147,0.0145,0.08176,0.0,0.362,0.04357,0.08491,0.0,0.0,14.000550000000004
37082_2#29,0.0,0.0,0.0,0.24849,0.17024,0.0,0.8298200000000001,5.40305,0.0,7.711060000000001,0.0,0.16666,0.47755,0.0,0.02263,0.0,0.21599,0.0,0.15156,0.23092,0.05524,0.0,0.12154,0.51463,0.0,0.05874,3.76361,0.0697,0.00223,0.0,0.0,0.0,0.7138899999999999,0.0,0.02845,0.0,0.036,0.01808,0.04788,0.0,0.0113,0.2757699999999999,0.19259,0.0246699999999999,0.0,0.0,0.07039,4.226780000000001,0.00264,0.0,0.0865399999999999,0.00926,0.04402,0.3129,0.27787,0.05625,0.17807,0.00827,0.25414,0.3842,0.12939,0.19895,0.0,0.42844,0.19669,2.56572,0.03399,4.50677,0.24151,0.0,0.00054,0.0150099999999999,0.01919,1.31119,1.13779,0.0236,0.4825,0.38708,0.0178,0.05547,0.91001,1.57687,0.10592,0.51321,0.89039,0.0551899999999999,0.04621,0.00405,0.01984,0.00258,0.0,0.0,0.01345,0.0,0.05955,0.8627,2.88202,0.0,0.1219799999999999,0.04523,0.01231,0.0,0.2497,0.11404,0.02715,0.15821,0.19692,0.03455,0.0,0.0077,0.0,1.1436,0.0,0.0,0.00283,0.01346,0.0,0.0333,0.11793,0.19097,0.05396,0.03765,0.2956,0.0,0.00409,0.14785,0.04196,0.08202,0.02339,0.0009599999999999,0.0,0.0,0.03733,0.0,0.0,0.0,0.0,0.0,0.0,0.15001,0.02971,2.6517,0.4430199999999999,0.07272,0.00029,0.07091,0.29353,0.0263899999999999,0.63679,0.12132,0.16985,0.0,0.0,0.0204,0.0,0.02876,0.20047,0.09356,0.17156,0.0113599999999999,0.0,0.11963,0.0,0.0042899999999999,0.02161,0.02559,0.0,0.06377,0.01844,0.01622,0.0217,0.0,0.0,0.0113,0.0,0.0,0.06477,0.0,0.02232,0.01461,0.00605,0.0,0.0,0.0,0.0,0.0,0.0,0.0,0.0,0.66962,0.0,0.01231,0.0,19.79466,0.07437,0.0,0.01103,0.0,0.0,23.473430000000025
37082_2#2,2.04318,0.0011,0.64755,0.68097,2.4751,0.84614,0.49096,9.75677,0.16687,13.41018,0.0,0.5072,1.08275,1.32597,0.00164,0.0,1.45711,0.0129,0.06546,1.75955,0.48713,0.53459,0.09161,0.41527,0.21422,5.36313,2.7634,0.10394,0.00561,0.02096,0.35097,1.28089,1.63345,0.07777,0.0,0.06825,0.0664,0.95204,0.60844,0.0,0.0528,0.0,0.0,0.0,0.0,0.0,0.49631,7.69534,0.30185,0.0,0.0,0.0,0.11989,1.45594,1.3932,0.0,0.0,0.23934,0.0,1.20035,0.14577,0.18186,0.0,0.90621,0.36675,0.0,0.79643,0.21266,2.39004,0.0,0.00394,0.01365,0.0246599999999999,0.0,0.0,0.0,2.50224,0.66759,0.28513,0.0,0.0224,3.39607,0.0,0.0,0.62239,0.0,0.05662,0.0084599999999999,0.0,0.00328,0.0,0.0,0.0,0.00077,0.0,0.2694,0.0,0.0,0.02957,0.0,0.3418,0.0,0.03186,0.01786,0.0,0.0,0.1160099999999999,0.0,0.0,0.14639,0.05686,0.8006,0.01985,0.0,0.0,0.0011099999999999,0.0,0.0,0.07796,0.26913,0.03488,0.00168,0.0,0.0,0.2851599999999999,0.0,0.0,0.0,0.05602,0.0,0.0,0.0,0.00258,0.00898,0.0,0.0,0.0,0.18534,0.0,0.2861599999999999,0.0,0.0,0.0,0.0609799999999999,0.7278100000000001,0.04092,0.0336,0.0,0.2816599999999999,0.0,0.03727,0.4886399999999999,0.12307,0.04188,0.0,0.08171,0.06733,0.54255,0.0,0.80037,4.09483,0.00882,0.55311,0.02343,0.0006799999999999,0.0,0.06788,0.0,0.01521,0.0,0.0,0.00265,0.0,0.0,0.0141199999999999,0.0026,0.0,0.36259,0.0,0.0,0.00228,0.03151,0.0,0.03717,0.04776,0.28722,0.0,0.0410899999999999,0.0,0.0,0.0,0.0,0.3967199999999999,0.0,0.03596,0.31533,0.0,0.0539899999999999,0.0295899999999999,9.87705999999995
37082_2#30,0.0,0.0,0.0,0.11573,1.14565,0.04608,2.52543,4.015969999999999,0.0263699999999999,8.26191,0.0,0.78465,0.97312,0.0,0.00137,0.03102,1.16505,0.0455,0.15725,0.8262299999999999,0.01353,0.0,0.15281,8.29387,0.05877,1.12036,1.19393,0.26921,0.1650599999999999,0.0,0.0,0.0,0.0982799999999999,0.0,0.0984,0.0,0.3603,0.0,0.08739,0.0,0.01177,2.54366,0.00123,0.0,0.02841,0.0,0.00565,1.20438,0.4843399999999999,0.23508,0.0,0.1336099999999999,0.08856,3.42437,0.91164,0.03333,0.34498,0.10761,0.95888,0.2545,0.0246,0.62849,0.03766,0.4841,1.49668,5.24862,0.09322,0.45026,0.47794,0.67915,0.16715,0.00176,0.0,0.9271,0.0588399999999999,1.31336,0.02133,0.02778,0.08026,0.0,0.06242,0.45064,0.45495,0.0511,0.55401,0.0,0.0,0.01998,0.07385,0.0072599999999999,0.04964,0.02147,0.20624,0.0,0.64749,0.08685,3.39802,0.00739,0.08916,0.00642,0.15959,0.17492,0.12613,0.27748,0.04374,0.34331,0.1903,0.99613,0.02331,0.0,0.0,0.22671,0.03401,0.0,0.0,0.05971,0.06275,0.20017,0.1487,0.12444,0.04777,0.08502,0.00698,0.01726,0.0,0.0,0.1867,0.77605,0.05898,0.01463,0.0,0.6118399999999999,0.0571,0.0,0.00148,0.0,0.26528,0.0,0.0,0.33675,0.0,0.40283,0.03053,0.0,0.01817,0.0332,0.0487,0.0,0.00758,0.0,0.04645,0.01916,0.02668,0.03226,0.0,0.0,0.0,0.93292,0.07057,0.1148599999999999,0.0,0.49325,0.06671,0.0,0.39816,0.24815,0.0,0.02943,0.09658,0.0,0.00821,0.0,0.0,0.00135,0.0,0.0,0.0035299999999999,0.0,0.11622,0.5481699999999999,0.08356,0.0,0.0,0.0,0.0,0.0,0.0,0.0,0.0,0.2854,0.01479,0.08201,0.0,2.01097,0.01378,0.02208,0.0150099999999999,0.0,0.0,26.81105999999998
37082_2#31,0.0,0.17732,0.0,0.47417,0.03974,0.0,11.74128,0.13339,0.09058,0.6554300000000001,0.19418,6.50721,0.0,0.0,0.09219,5.719130000000001,4.89914,0.0,0.0,0.24352,0.00083,0.0,0.05642,0.4110399999999999,0.04297,0.12963,3.10511,0.0,5.956869999999999,0.0,0.02284,0.0,0.00209,0.0,1.95473,0.0,0.0169099999999999,0.00236,0.0,0.0,0.0,0.0,0.0358,0.0,0.0,0.07318,0.02445,0.25769,0.0,0.0,0.0,0.0,0.0,9.68341,3.69993,2.42316,0.20296,0.0,0.01588,0.06267,1.39493,0.0,0.0,0.0,0.01264,0.03978,0.03227,1.01075,0.0,0.0,0.0,0.0,0.0,0.0,0.0,0.01159,0.00432,0.0,0.0,0.01723,0.00531,0.0,5.62676,0.0084,0.0004,0.23037,0.0,0.0,0.46448,0.0,0.00939,0.0,0.0,0.0,0.0,0.0,0.6845,0.0,0.05169,0.98366,0.0,0.0,0.2138199999999999,0.0,0.02233,0.0,0.0,2.01533,0.26674,0.0,0.0,0.0,0.0,0.0,0.56289,0.0,0.0,0.0,0.0,0.00202,0.0,0.0429,0.41595,0.01098,0.0038299999999999,0.0,0.1275,0.54072,0.02956,0.12532,0.0636,0.25151,0.0,0.0,0.141,0.0,0.0,0.0,0.0,0.06981,0.06932,0.03516,0.01808,0.0,0.0,0.0,0.0,0.0,0.0,0.23314,0.0,0.0,0.05656,0.0,0.0,0.0,0.0,0.0,0.0,0.0,0.0,0.0,0.0,0.0,0.0,0.4138199999999999,0.0,0.0,0.0,0.0,0.01418,0.0019399999999999,0.31998,0.0,0.0,0.0,0.0,0.0,0.0,0.12912,0.0,0.0,0.0,0.0,0.0,0.0,0.0,0.0,0.0,5.71056,3.56238,0.16568,0.00569,0.3826699999999999,0.0,0.22413,0.0,0.0,0.0,14.015100000000002
37082_2#32,0.0,0.0,0.0,1.04571,0.0,0.0,6.935169999999999,0.02196,0.0296399999999999,0.50076,0.40048,0.8455600000000001,0.0,0.0,0.0,1.09346,1.19342,0.0,0.00245,0.05455,0.0,0.0,0.16517,0.04557,0.0,0.01098,2.53541,0.03899,0.59592,0.0,0.03616,0.0,0.04053,0.0,0.14508,0.0,0.0,0.00976,0.0,0.0,0.0,0.0,0.11356,0.0,0.0,0.00237,0.0,0.2752699999999999,0.0,0.03995,0.01319,0.0,0.0,5.62824,0.00584,0.28664,0.37964,0.0,0.33347,0.03745,0.4237899999999999,0.00173,0.08855,0.00983,0.10852,0.05304,0.0519899999999999,0.5935199999999999,0.01638,0.0,0.0,0.0,0.0,0.05285,0.19824,0.07345,0.07123,0.0,0.0,0.0,0.0,0.6854899999999999,6.04419,0.0126299999999999,0.0095599999999999,0.07946,0.0,0.0,0.23096,0.0,0.15741,0.0,0.0,0.0,0.0,0.0,0.10285,0.0,0.1115599999999999,0.4630399999999999,0.0261199999999999,0.00414,0.23611,0.0,0.09796,0.0,0.00212,0.02658,0.18373,0.0,0.0,0.06461,0.00517,0.0,0.10375,0.0,0.0,0.07959,0.00268,0.0,0.0,0.04001,0.11109,0.0,0.0,0.0,0.0,2.21196,0.01996,0.0,0.0,0.21763,0.0,0.0,0.31276,0.0,0.22679,0.15777,0.2434,1.33345,0.0009,0.43785,0.02695,0.00307,1.33656,0.38614,0.23961,0.0,0.01754,0.61895,0.0,0.0143699999999999,0.0,0.0,0.0,0.0,0.00246,0.00248,0.0,0.7538699999999999,0.0,0.00262,0.0,0.0,0.0,0.27874,0.0,0.0,0.02903,0.36634,0.00731,0.03279,0.6921,0.0099099999999999,0.0,0.0,0.0244,0.0,0.05381,0.08272,0.0033399999999999,0.0,0.0,0.0,0.0,0.0,0.0,0.0,0.0,0.02319,1.62674,0.47617,0.0,0.5053,0.05,4.23939,0.0,0.0,0.0,49.445350000000026
37082_2#3,4.61108,1.86175,1.8407,0.57006,7.42173,1.8718,5.07265,1.79056,0.0,20.9216,0.14422,0.0,0.5887100000000001,0.38585,0.0,0.2319699999999999,0.05445,0.35277,0.0,0.6562399999999999,0.06007,0.13738,10.16531,0.50471,0.4426199999999999,3.06,1.05313,0.01928,0.01349,0.17031,0.0,0.0,0.21991,0.0,0.4077699999999999,0.0,2.07603,0.0,0.1126,0.14062,0.15825,0.0,0.02454,0.0,0.0,0.06056,0.0,0.0,19.01173,0.0,0.0,0.0,0.0,0.0,0.0,0.0,0.0,0.0,0.0,0.0,0.05192,0.0,0.0,0.0,0.10001,0.0,0.0,0.0818,0.0,0.0215099999999999,0.0,0.0,0.0,0.0,0.0,0.0,0.05704,0.0,0.0,0.0,0.0,0.0,0.0,0.0,0.0,0.0886,0.0,0.0,0.0,0.0,0.0,0.0,0.0,0.0,0.0,0.0,0.0,0.0,0.0,0.0,0.0,0.0,0.0246699999999999,0.0,0.0,0.0,0.0,0.0,0.0,0.0,0.00418,0.0,0.0,0.0,0.0,0.0,0.0,0.0,0.0,3.29251,0.0,0.0,0.03515,0.0,0.0,0.0,0.0,0.0,0.0,0.0,0.0,0.0,0.0,0.0,0.0,0.10459,0.0,0.0,0.0,0.0,0.0,0.0,0.0,0.0,0.0,0.0,0.0,0.0,0.0,0.0,0.0,0.11218,0.0,0.0,0.0,0.0,0.0,0.0,0.0,0.0,0.0,0.0,0.0,0.0,0.0,0.0,0.0,0.0,0.0,0.0,0.0,0.0,0.0,0.0,0.0,0.0,0.0,0.0,0.0,0.0,0.0,0.0,0.0,0.0,0.0,0.0,0.09217,0.0,0.0,0.0,0.0,0.0,0.0,0.0,0.0,0.0,0.0,0.0,0.0,9.71922
37082_2#5,0.49536,3.53884,0.7631899999999999,5.27235,2.03833,0.6662600000000001,3.6759,2.42868,0.0,10.69157,1.51379,13.509,17.77671,0.09054,0.0,1.57143,4.29455,0.08232,0.86616,6.7813300000000005,0.0574,0.0974,1.14881,0.64907,0.7874399999999999,2.33906,0.77913,0.12609,0.12282,0.25228,0.0,0.17164,1.22782,0.00104,0.00898,0.00329,0.06791,0.0,0.1229599999999999,1.76994,0.0,0.0,0.0,0.0,0.0242,0.0,0.0,0.5627300000000001,0.37473,1.66854,0.0,0.0,0.0,0.03832,0.0,0.0,0.0,0.01424,0.0,0.03684,0.94227,0.11074,0.0,0.0,0.0066099999999999,0.0,0.0,0.14727,0.18891,0.0,0.0,0.0,0.0,0.0,0.0,0.0,0.11275,0.0,0.0,0.0,0.0,0.0,0.0,0.0,0.0,0.0121599999999999,0.0,0.0,0.0,0.0,0.0,0.0,0.0,0.0,0.0,2.10374,0.0,0.0,0.03085,0.0,0.0,0.0,0.04257,0.0,0.0,0.0,0.0,0.0,0.0,0.0,0.00892,0.1588,0.0,0.0,0.0,0.0,0.0,0.0,0.0,0.01519,0.0,0.0,0.0,0.0,0.11269,0.0,0.0,0.0,0.0,0.0,0.0,0.0,0.0,0.03744,0.0,0.08516,0.01929,0.0,0.0,0.0,0.0,0.0,0.0,0.0,0.0,0.0,0.0,0.0,0.0,0.0,0.0057,0.32599,0.0,0.0,0.06423,0.0,0.0,0.0,0.0,0.04975,0.17018,0.0,0.0,0.0,0.0,0.0,0.0,0.0,0.0,0.0,0.0,0.0,0.0,0.0,0.0,0.0,0.0,0.0,0.0,0.0,0.0,0.0,0.02318,0.0,0.0,0.0,0.00636,0.0,0.0,0.0,0.0,0.0,0.0,0.0,0.0,0.0,0.0,0.0,0.0,6.71026
37082_2#6,1.36677,1.11676,2.6883,0.5797899999999999,1.19945,0.5241100000000001,1.2149299999999998,3.19924,0.0348399999999999,28.67972,0.03744,1.24424,30.82579,0.0059,0.0,0.34204,1.3356,0.0,1.99823,1.12289,0.32374,0.49936,0.76755,0.16847,0.66333,0.76347,0.92311,0.03318,0.00467,0.22889,0.01172,1.18422,0.41231,0.1166,0.02323,0.08235,0.36096,0.0026899999999999,0.0,0.00356,0.00992,0.0,0.0,0.0,0.00121,0.0,0.0,1.43801,0.10848,0.00851,0.0,0.0,0.0,0.0,0.0,0.0,0.0,0.02499,0.0,0.00795,0.49321,0.22587,0.0,0.0,0.25949,0.0,0.0,0.3211699999999999,0.03691,0.0,0.0,0.0,0.0,0.01374,0.0,0.0,0.61954,0.0,0.0,0.0,0.0,0.0,0.0,0.0,0.01141,0.0,0.0,0.0,0.0,0.0,0.15921,0.0,0.0,0.0,0.0,1.32096,0.0,0.0,0.3608699999999999,0.0,0.0,0.0,0.08739,0.0,0.0,0.0273899999999999,0.0,0.0,0.0,0.01371,0.09977,1.2475,0.0,0.0,0.02342,0.0,0.02203,0.0,0.0,0.0,0.0,0.0,0.0,0.0,0.8326399999999999,0.0,0.0,0.0,0.0,0.0,0.3381,0.0,0.01326,0.0,0.0,0.14776,0.0,0.0,0.0,0.0,0.0,0.0,0.0,0.0,0.0,0.0,0.0,0.0,0.0,0.0,0.24914,1.25929,0.0,0.0,0.0,0.0,0.0,0.0,0.0,0.0,0.75694,0.0,0.0,0.0,0.0,0.0,0.0,0.0,0.0,0.0,0.0,0.0,0.0,0.0,0.0,0.0,0.0,0.09744,0.0,0.0,0.0,0.05889,0.0,0.00899,0.0,0.02898,0.0,0.0,0.0,0.03591,0.0,0.0,0.0,0.0,0.0,0.0,0.0,0.00497,0.0,5.135579999999962
37082_2#7,0.0,0.0,0.0,0.8199799999999999,0.0,0.0630299999999999,7.57348,0.0,0.0602,4.63523,0.44687,5.30305,27.836270000000003,0.0,0.0,9.56495,5.09636,0.0,0.059,20.764570000000003,0.0,0.0,0.15825,0.0,0.0,4.05242,0.0,0.53863,0.08845,0.01413,0.0,0.0,0.38936,0.0,0.29679,0.0,0.00233,0.0,0.00125,0.0,0.0,0.0,0.0,0.0,0.00863,0.0,0.0,0.0,3.83555,0.01278,0.0,0.0,0.0,0.0,0.0,0.0,0.0,0.10887,0.0,0.0,0.73332,0.34681,0.0,0.0,0.0,0.0,0.0,0.18745,0.0,0.0,0.0,0.0,0.0,0.0,0.0,0.0,0.02886,0.0,0.0,0.0,0.0,0.0,0.0,0.0,0.0,0.0,0.0,0.0,0.0,0.0,0.0189,0.01157,0.0,0.0,0.0,0.0,0.0,0.0,0.0,0.0,0.0,0.0141199999999999,0.0,0.0,0.00462,0.0,0.0,0.0,0.0,0.0,0.03246,0.0,0.0,0.0,0.0,0.0,0.0,0.0,0.0,0.0,0.0,0.0,0.00336,0.0,0.0,0.0,0.0,0.0,0.0,0.0,0.0,0.0,0.0,0.0,0.30777,0.00297,0.0,0.0,0.0,0.0,0.0,0.0,0.0,0.0,0.0,0.0,0.0,0.0,0.0,0.0,0.0,0.0,0.0,0.0,0.0,0.0,0.0,0.03133,0.0,0.0,0.0,0.0,0.0,0.0,0.0,0.0,0.0,0.0,0.0,0.0,0.0,0.09702,0.0,0.0,0.0,0.0,0.0,0.0444699999999999,0.0,0.0,0.0,0.0,0.0,0.0,0.0,0.0,0.0,0.0,0.02247,0.0,0.0,0.0,0.0,0.0,0.0,0.0,0.0,0.0,0.0,6.382070000000004
37082_2#8,0.16497,0.01163,0.3322,0.48727,1.53919,0.13744,0.5121,1.2157,1.18819,0.31182,0.08444,0.36714,0.01566,0.5118,0.01329,1.30333,0.6756,0.10612,0.0506,1.48914,0.0,0.03294,0.02955,0.0038,0.0598299999999999,1.26171,0.1391599999999999,0.0,0.02298,0.03229,0.01618,0.14585,0.76366,0.04656,0.01923,0.0,0.0,0.00924,0.31311,0.0,0.0,0.00511,0.0,0.0,0.00145,0.0,0.0119,1.40202,0.0,5.73854,4.49798,0.0,0.0,0.0,0.0,0.0,0.0,0.16489,0.53604,0.39633,0.00487,0.0,0.0,0.04099,0.00228,0.0,0.8143699999999999,0.00989,3.99679,0.0,0.0,0.00183,0.0340899999999999,0.8247399999999999,0.0,0.0,0.09601,0.0,0.0,0.0,0.02083,0.31673,0.0,0.0,0.74583,0.04142,0.0,0.0,0.02136,0.0009599999999999,0.0335,0.0,0.0,0.00296,0.0,0.0,9.22125,0.00056,0.8879799999999999,0.0,0.00976,0.0,0.14867,0.0076,0.00244,0.0,0.14679,0.0,0.0,0.00138,0.15609,0.02605,0.0,0.0157,0.0,0.0,1.12789,0.0,0.0,0.6492,0.00276,0.0267399999999999,0.0,0.0,0.15216,0.06861,0.0,0.0,0.00035,0.04994,0.20701,0.0,0.0,0.19482,0.02701,0.0,0.0,0.06897,0.7586,0.0,0.0,0.50163,0.0,0.0,0.02671,0.02375,0.0049,0.0,0.0,0.0,0.00431,0.6283,0.0,0.0,0.03016,0.01737,0.0,0.0,0.0,0.0367899999999999,0.38095,0.03297,0.00422,0.08979,0.0881,0.0,0.00079,0.90304,0.03178,0.0,0.0,0.03119,0.00467,0.00495,0.0,0.00787,0.00971,0.09876,0.0,0.0,0.0,0.01548,0.04248,0.00866,0.0,0.01644,0.0006799999999999,0.0,0.0,0.0,0.0,0.0,0.0,0.0,0.0,0.0,0.0,0.05239,0.00016,49.765240000000034
37082_2#9,1.433,0.60368,0.80042,0.18742,0.24878,0.0,0.1449099999999999,1.31125,0.0,3.4681300000000004,0.00583,0.25196,0.0,2.1752700000000003,0.0,0.0,1.30856,0.00654,0.1813,0.75567,0.0045899999999999,0.2658,0.03185,0.0,0.05975,0.55903,0.02841,0.01192,0.04437,0.17751,0.0115,1.10153,0.04601,0.1076,0.1432,0.0,0.0,0.12725,0.00677,0.0,0.0,0.0,0.0,0.0,0.0,0.0,0.0,2.06838,0.0,0.0,0.0,0.0,0.0,0.0,0.2708,0.0,0.0,0.02102,0.00496,0.42031,0.03288,0.0,0.0,0.0,1.01173,0.0,0.0,0.27133,0.05248,0.0,0.0,0.04536,0.0,0.0,0.4831899999999999,0.0,1.5522,0.0,0.02505,0.0,0.00032,0.38521,0.11458,0.0,0.03336,0.00576,0.24803,0.0,0.0,0.0,0.0,0.01204,0.0,0.0,0.00889,0.0,0.76126,0.0,0.0,0.0,0.04921,0.0,0.15644,0.11043,0.0086,0.0,0.97072,0.0,0.0,0.00037,0.00401,0.72105,0.0,0.0094,0.0,0.00451,0.0,0.0,0.0,1.14135,0.472,0.12668,0.0,0.0,1.3573,0.0,0.0,0.0,0.03795,0.0069299999999999,0.0009,0.02018,0.0,0.38845,0.08867,0.02309,0.0,0.04127,0.0,0.80602,0.00809,10.5788,5.1538900000000005,0.07416,0.89765,1.60014,1.33357,0.00621,0.02968,0.4484,0.50579,0.47238,0.01389,0.03826,0.0,0.02738,0.0,0.0,0.0,0.11256,0.45828,0.02419,0.30263,0.21825,0.17131,0.0,0.04952,0.00218,0.8250700000000001,0.19058,0.0,0.00686,0.01348,0.347,0.01355,0.0688,0.37294,0.0,0.0,0.0,0.13024,0.03567,0.35214,0.02278,0.0271,0.0107599999999999,0.03456,0.05008,0.01584,0.0,0.0,0.0,0.01655,0.0,0.0,2.79779,0.1069799999999999,0.19775,0.04136,41.81043
37082_3#10,0.0,1.35809,0.0,0.18786,0.0,0.0,1.08097,0.5260100000000001,0.13594,7.87285,0.0,0.40262,0.00643,0.0,0.00125,0.10242,0.3502099999999999,0.0,0.08392,0.02101,0.00302,0.0,0.2326599999999999,0.1030099999999999,0.0,0.06386,1.32809,0.0,0.18007,0.0,0.0,0.0,0.0449699999999999,0.0,0.22161,0.0,0.0,0.01255,0.04029,0.0,0.0,0.0028399999999999,0.08711,0.0,0.0,0.00592,0.01082,0.1915099999999999,0.50778,0.14782,0.0,0.0,0.0,2.34267,0.00081,0.0,0.0969999999999999,0.0,0.53417,0.09844,0.71328,0.21136,0.00371,0.11281,0.53943,4.02225,0.02932,0.6566,0.00425,0.0,0.0,0.00793,0.0,0.15235,0.0,0.02548,0.15399,0.0,0.0,0.0,0.09776,1.32091,1.39437,0.01444,0.04749,0.04005,0.0,0.07887,0.19136,0.0,0.0,0.0,0.0,0.0,0.01524,0.0,1.4078700000000002,0.0,0.04587,0.2110199999999999,0.01787,0.00735,0.25863,0.33485,0.0495899999999999,0.01942,0.0,0.45865,0.0622799999999999,0.0,0.0,0.4805899999999999,0.0,0.03943,0.15987,0.0,0.1482,0.02174,0.0,1.7421099999999998,0.00515,0.13382,0.4521199999999999,0.0257,0.77875,0.0019,0.1085599999999999,0.72458,0.06435,0.00742,0.0,0.04682,0.00652,0.0,0.0781,0.0,6.98202,0.02168,0.00634,5.626930000000001,0.00106,1.58061,0.04991,0.1341099999999999,0.81142,0.0260399999999999,0.0313,0.2261,0.1342799999999999,0.3113,0.04249,0.0,0.01072,0.0,0.0,0.0237,0.0,0.00212,0.0,0.5484899999999999,0.0006,0.00323,0.0,0.02391,0.21719,0.09912,0.0,0.0,0.00124,0.56505,0.00313,0.0406199999999999,0.10464,0.24176,0.0,0.0,0.11127,0.0,0.07803,0.08425,0.10718,0.0,0.0,0.0,0.0,0.0,0.0,0.0,0.01153,1.80162,0.0418199999999999,0.17519,0.0146699999999999,0.55738,0.4668899999999999,0.33005,0.0,0.0,0.00556,42.22446999999999
37082_3#11,0.0,5.436319999999999,0.0,0.66259,0.04465,0.08356,2.93336,0.2621,0.0,1.32818,0.0069299999999999,3.74188,2.00808,0.0,0.0,0.68508,3.05603,0.0,0.01543,1.96244,0.0,0.0,1.17994,10.5061,1.4947,0.6532600000000001,1.75662,0.0,0.1255599999999999,0.0,0.0,0.0,0.4825399999999999,0.0,2.25888,0.0,0.0,0.0,0.0,0.0,0.0,0.01055,0.0,0.1198099999999999,0.0,0.0,0.0,0.27418,0.0,0.0,0.0,0.0,0.0,2.03592,0.0,1.29171,2.08512,0.0899799999999999,0.0,0.0716,0.51941,0.0297699999999999,0.14619,0.23087,0.13164,0.0,0.0,4.87236,0.0,0.39621,0.0,0.0,0.0,0.0,0.0807799999999999,0.01623,0.0,0.0,0.16142,0.0,0.0,0.42595,0.0,0.0,0.1799,0.00158,0.0,0.02805,0.16282,0.0,0.0,0.0,0.5827,0.0,0.01809,2.47997,2.3711900000000004,0.0,0.0,0.07315,0.0,0.0,0.38109,0.17284,0.0,0.0,0.23428,0.0,0.0,0.0,0.0,0.03091,0.0,0.0,0.0,0.0,0.0,0.0,0.0,0.91374,0.0,0.1335,0.0,0.0,0.00648,0.0,0.0,0.0,0.12029,0.0,0.0,0.0,0.0,0.0,0.04204,0.0,0.0,0.0,0.0,4.89571,0.0,0.0,0.07355,0.04048,2.04116,0.0,0.0,0.0,0.0,0.0,0.0,1.03552,0.0,0.0,0.0,0.0,0.0,0.0,0.10643,0.40483,0.0,0.0,0.0,0.0,0.0,0.0,0.0,0.0,0.0,0.10415,0.0,0.00761,0.06109,0.13238,0.0,0.0,0.0,0.0,0.0,0.0,0.19595,0.0,0.0,0.0,0.0,0.0,0.0,0.0,0.0,0.25981,0.0,0.0,0.05149,0.0,0.0,0.0,0.04053,0.0,0.0,28.94275999999999
37082_3#12,0.00849,0.0,0.0,0.37231,1.63004,0.1196,1.72375,16.13192,0.01435,16.498739999999998,0.00954,0.57926,0.7793,0.0,0.02173,0.5465899999999999,2.02663,0.34761,0.16275,1.03977,0.93423,0.0,0.26458,2.44192,0.14018,2.0465,1.18229,0.7036,0.04627,0.0,0.01017,0.0,0.42828,0.0,0.0,0.0,0.28417,0.09293,0.0146,0.0,0.21474,0.6604300000000001,0.00126,0.0,0.00178,0.01151,0.01894,2.0979,0.00839,0.05073,0.1270099999999999,0.39665,0.0,1.5968,1.34914,0.10597,0.40959,0.0841399999999999,0.04771,0.5808399999999999,0.02925,1.58423,0.28302,0.2452099999999999,0.0,1.29992,0.03375,1.22789,0.0,0.21702,0.06837,0.02158,0.06598,0.01983,0.0,0.1919799999999999,0.0148199999999999,0.26394,0.0,0.0710399999999999,0.19663,0.44647,0.2610699999999999,0.35158,0.18103,0.0,0.044,0.2303199999999999,0.00905,0.00381,0.0628,0.00769,0.0,0.0,0.26532,0.094,0.39744,0.00203,0.06631,0.20876,0.09801,0.02502,0.21988,0.08991,0.07142,0.10634,0.0285899999999999,0.03216,0.0036799999999999,0.0,0.08205,0.30004,0.00717,0.0,0.00793,0.0,0.0,0.0091799999999999,0.0,0.05739,0.01865,0.15655,0.0,0.0,0.0,0.04606,0.06348,0.11632,0.01509,0.05191,0.01164,0.03906,0.01977,0.02484,0.0,0.0,0.0,0.0,0.0,1.20854,0.18168,0.55976,0.0,0.0,0.0,0.0,0.0,0.06826,0.01519,0.1021799999999999,0.02986,0.18249,0.32321,0.0152699999999999,0.1821,0.0,0.03863,0.18411,0.0,0.00942,0.0,0.02906,0.0,0.0,0.0058,0.0,0.0,0.0,0.00655,0.01663,0.01383,0.0,0.04833,0.0,0.0,0.0,0.0,0.00225,0.02374,0.76071,0.06261,0.0,0.0,0.0,0.0,0.0,0.0,0.0,0.0358,0.0,0.05899,0.0,0.08822,0.09931,0.0033299999999999,0.03233,0.01059,0.0,0.0,27.06730999999992
37082_3#13,0.0,0.22701,0.25948,0.0396199999999999,0.2100199999999999,0.2417,4.09195,0.14527,0.14587,7.91787,0.20585,1.19848,0.65973,0.0,0.0,0.73747,1.18982,0.0,0.1280099999999999,1.6167,0.00535,0.0,0.6270899999999999,0.3507099999999999,0.07822,0.88297,0.07088,0.0,1.41196,0.0,0.0,0.16484,0.1907599999999999,0.0,0.25295,0.0,0.0,0.00443,0.07413,0.0,0.0,0.0,0.4009,0.0,0.0075299999999999,0.0,0.02482,0.75758,0.01886,0.0,0.18168,0.18473,0.0,6.58125,1.54018,0.33343,0.3060199999999999,0.01839,0.0,0.46133,0.0271,3.55275,0.0,0.0,0.22815,0.0,0.0787,0.58941,0.0,0.05944,0.0,0.0,0.0,1.27163,0.0,0.23988,0.0,0.01738,0.02755,0.00262,0.07092,0.6948300000000001,0.71385,0.0608,0.0,0.04573,0.0,0.0,0.14603,0.0,0.00115,0.0,0.0213,0.0,0.00424,0.0,0.95698,0.06536,0.0,0.41612,0.06094,0.02428,0.3374,0.00447,0.01054,0.0,0.04006,0.37738,0.12502,0.0,0.11513,0.19468,0.0,0.0,0.71746,0.0,0.03735,0.16927,0.0323699999999999,0.07384,0.0,0.22989,0.13423,0.03128,0.0,0.00701,0.20934,0.47067,0.05661,0.10759,0.0,0.09371,0.0,0.49037,0.05209,0.0,0.0,3.81534,0.0,16.08013,0.0,0.08142,0.86039,0.1787,0.0,0.0,3.14954,0.2058199999999999,0.00251,0.0,0.0,0.4221,0.0,0.0,0.0,0.00065,0.0,0.48153,0.11982,0.0,0.0,0.00207,0.14862,0.0,0.0,0.14547,0.0,0.00557,0.22205,0.1739099999999999,0.0,0.3423,0.04573,0.38134,0.0,0.0,0.06548,0.0,0.0,0.18767,0.17275,0.0,0.0,0.0,0.0,0.0,0.0,0.0,0.0,0.0,0.51218,0.0,0.0,2.58845,0.08353,0.16742,0.20736,0.0,0.0,21.70941000000002
37082_3#14,0.08402,5.17576,0.03038,0.0189,0.11245,0.07084,10.96897,0.19979,12.62129,13.2112,0.0,3.02478,0.0,0.05189,0.0,7.22519,0.6177,0.0,0.67003,0.78856,2.71877,0.00499,0.07686,0.15778,0.0341,0.09136,0.11449,0.01026,0.04061,0.0,0.0,0.01401,3.2812300000000003,0.00817,0.5181600000000001,0.0,0.0163199999999999,0.0,0.0,0.0321,0.0,0.0,0.22165,0.0,0.0,0.00186,0.0,0.3777,0.0,0.0,0.0,0.0,0.0,0.1358,0.0,0.16974,0.0,0.0,0.52418,0.62861,0.01599,0.60615,0.0,0.0,3.7806,0.0,0.0,0.0618,0.0323699999999999,0.0,0.0,0.0,0.0,0.0,0.0,0.06479,0.20744,0.0,0.00212,0.0,0.0036,0.08964,0.1243599999999999,0.0,0.0580399999999999,0.00678,0.0,0.0,0.07124,0.0,0.0,0.00285,0.0,0.0,0.0,0.51532,0.0,0.0,0.0,0.2175099999999999,0.00288,0.12946,0.01108,0.0,0.0105799999999999,0.0,0.03275,0.0,0.0,0.02574,0.04618,0.18131,0.06229,0.0,0.00604,0.0,0.0834299999999999,0.0,0.0,0.01094,0.0,0.17695,0.0149699999999999,0.0,0.01824,0.0,0.0,0.0,0.0,0.04,0.00966,0.0,0.0,7.7143,0.02896,0.0,0.0,0.0,0.0,0.0,0.14656,0.0,0.45945,0.0,0.1671099999999999,0.03331,0.0,0.0,0.0,0.01598,0.0,0.0,0.0,0.01324,0.0,0.4938,0.4862399999999999,0.0,0.0,0.17093,0.95107,0.0,0.12849,0.0,0.0,0.0,0.0,0.0,0.0,0.0,0.0,0.00183,0.09925,0.0,0.0,0.0,0.01672,0.0,0.0,0.0,0.0,0.0,0.03926,0.0,0.0,0.0,0.0,0.0,0.0,0.0,0.0,0.0,0.0,0.0,0.0,0.0,0.0,0.0,0.0,18.259899999999963
37082_3#15,0.0,0.0175199999999999,0.0,0.40731,0.05357,0.01588,3.30966,0.47538,0.0,1.06456,0.0,0.9055,0.05665,0.0,0.0522899999999999,0.07295,1.12903,0.0410699999999999,0.06172,2.78021,0.0293,0.0,1.01498,0.13769,0.00164,0.0566,1.25786,0.0,0.34014,0.0,0.0,0.01425,0.00159,0.0,0.6019800000000001,0.0,0.0,0.06001,0.0029,0.0,0.0,0.035,0.18538,0.14903,0.01432,0.13288,0.0825,1.97697,0.0713299999999999,0.16402,0.04435,0.06692,0.00118,5.0052,1.09696,0.02367,0.4402,0.0,0.0,0.1990299999999999,0.13468,0.80899,0.07604,0.00315,0.0262,1.7866799999999998,0.26833,0.73945,0.16214,0.0,0.00083,0.0,0.0011099999999999,0.23738,2.68733,0.00278,0.49972,0.0,0.0,0.00021,0.11323,0.12771,0.46478,0.08445,0.05166,0.8037,0.00109,0.03736,0.27495,0.0,0.0016,0.0,0.0,0.0,0.0,0.0014199999999999,1.93914,0.00433,0.05985,0.41318,0.0,0.0,0.2776,0.00859,0.01291,0.02437,0.0017,0.7955,0.11639,0.0,0.02773,0.03013,0.05164,0.0,0.07261,0.0,0.0110099999999999,0.17736,0.0571399999999999,0.00783,0.0,0.02135,0.65991,0.02274,0.01896,0.0222699999999999,0.22687,1.6765,0.16134,0.0,0.0,0.26366,0.0,0.0,0.0510399999999999,0.0,0.21447,0.0,0.3885099999999999,12.24301,0.0,0.17207,0.08279,0.0002399999999999,0.11669,0.00907,0.05651,0.0,0.0126,0.03468,0.0,0.02225,0.0026,0.0,0.0,0.0,0.0,0.6113,0.01199,0.41378,0.0,0.0,0.01095,0.0,0.0,0.33098,0.0,0.01612,0.00627,0.04584,0.02511,0.06495,0.00228,0.0,0.0,0.0,0.00126,0.0,0.0996799999999999,0.78383,0.00409,0.0,0.0,0.0,0.0,0.0,0.0,0.0,0.0,0.0039,0.97201,0.30399,0.0,2.00228,0.0,0.06373,0.0,0.0,0.0,40.60837000000003
37082_3#17,0.0,0.0183599999999999,0.0,1.03675,0.03195,0.04078,1.3776700000000002,1.39887,0.0,0.51951,0.0,0.53288,0.94821,0.0,0.00035,0.21855,0.5132399999999999,0.01906,0.00036,3.46899,0.04332,0.0,1.21267,6.37613,11.84855,0.46842,2.6659200000000003,0.0,0.09247,0.0,0.0,0.0,0.0,0.0,0.0384,0.0,0.0,0.0,0.0,0.0,0.0,0.16777,0.20558,0.01278,0.0,0.00881,0.0,0.98927,0.0,0.16075,1.82953,0.00078,0.0,1.35372,1.23111,0.0,0.27608,0.0,0.0,0.0,0.04698,0.15996,0.0,0.0248,0.0,0.1063099999999999,0.1077,1.98423,0.0,0.0,0.0,0.0,0.0,0.06101,0.0,0.0,0.0,0.00268,0.0,0.02426,0.04079,0.0,0.56801,0.02148,0.0,0.11434,0.0,0.0,0.10545,0.0,0.0,0.0,0.0,0.0,0.01184,0.00552,1.66858,0.01214,0.0,0.09012,0.0,0.0087599999999999,0.19046,0.14547,0.12085,0.00281,0.0073,0.36932,0.05812,0.0,0.0,0.0,0.01548,0.0,0.01853,0.0,0.24918,0.0,0.0,0.1313,0.0,0.2101699999999999,0.07259,0.0,0.0,0.0,0.20684,0.59285,0.09161,0.03069,0.0,0.01737,0.0,0.0,0.0,0.0,0.0,0.0,0.0,0.0,0.0,0.00303,0.0,0.0,0.0,0.0,0.0,0.0,0.0,0.00799,0.0,0.0,2.23003,0.0,0.0,0.0,0.0,0.0,0.01762,0.0,0.0,0.0,0.0,0.0,0.0,0.0,0.0,0.0,0.0,0.00113,0.0,0.0,0.0,0.0,0.0,0.0,0.0,0.0,0.0,2.50946,0.0,0.0,0.0,0.0,0.0,0.0,0.0,0.0,0.0,4.235869999999999,0.01005,0.11696,0.0,0.00491,0.0,0.0,0.00526,0.0,0.0,44.05420000000002
37082_3#19,0.0,3.309,0.0,0.38485,0.00923,0.0,0.65925,0.1088099999999999,0.0157,1.46641,0.011,0.56462,0.03073,0.0,0.00258,0.06177,0.65372,0.00794,0.1037599999999999,0.17355,0.00788,0.0,0.22038,0.002,0.01491,0.1381,0.48438,0.0,0.40545,0.0,0.0,0.0017699999999999,0.00149,0.0,0.22825,0.0,0.0,0.0,0.00487,0.0,0.0,0.0,0.0602,0.0,0.00244,0.0,0.11927,0.59321,0.0052,0.0,0.0,0.0545299999999999,0.0,0.7057399999999999,0.7598600000000001,0.00872,0.77869,0.01139,0.00457,0.08462,0.18144,0.08202,0.01909,0.01359,0.09143,1.20763,0.0,0.06335,0.42228,0.0,0.0,0.0,0.0,0.04105,0.044,0.17817,0.03879,0.02692,0.0,0.0,0.0004599999999999,0.17411,0.32432,0.01141,0.0447899999999999,0.10497,0.00855,0.33638,0.06286,0.0,0.0,0.0,0.00392,0.0,0.0,0.01188,0.70575,0.0,0.08404,0.09977,0.00498,0.00958,0.23845,0.00215,0.05874,0.0163099999999999,0.01401,0.0391,0.0,0.0,0.0,0.00963,0.0,0.003,0.19565,0.0,0.0617,0.0,0.0,0.00069,0.0,0.24838,0.1149099999999999,0.0049299999999999,0.0,0.0,0.24949,0.63239,0.0279,0.0,0.0035299999999999,0.06172,0.0,0.0,0.16665,0.0,0.80601,0.00145,0.0,21.69003,0.0,0.08219,0.01701,0.01646,2.20717,0.0234699999999999,0.33496,0.0584,0.0052299999999999,0.4058,0.00451,0.02938,0.08297,0.0,0.02034,0.0,0.0,0.01569,0.0,2.73749,0.00341,0.0,0.0,0.00137,0.02157,0.0,0.0,0.01115,0.0403,0.1199799999999999,0.05764,0.01885,0.08636,0.0054399999999999,0.01094,0.0,0.0,0.01529,0.20021,0.43499,0.15972,0.0,0.0,0.0,0.0,0.0,0.0,0.0,0.01269,0.06634,0.05319,0.16643,0.0592799999999999,0.38168,0.0,0.13565,0.01693,0.00819,0.0,50.56613999999999
37082_3#1,0.0,0.20888,0.0,1.62703,0.0,0.0,7.5281,0.01051,0.00632,12.74776,0.0208199999999999,1.17037,1.56724,0.0,0.0,0.00617,4.4412400000000005,0.0,0.02036,2.10964,0.0,0.0,0.2062,0.8291,0.0,0.04415,0.28838,0.0,1.13306,0.0,0.02533,0.0,0.0091,0.0,0.36376,0.0,0.0,0.01839,0.0,0.0,0.0,0.0039,0.01469,0.02568,0.0122,0.00646,0.04045,0.30384,0.0,0.0,0.0,0.00722,0.0,3.0299400000000003,11.13915,0.0007599999999999,0.68713,0.0,0.1415,0.1321099999999999,0.43795,0.16367,0.0,0.0,0.0,0.0,0.02207,0.2887099999999999,1.21728,0.00984,0.0,0.0,0.00592,0.00241,1.5247700000000002,0.10611,0.0,0.0,0.0,0.0133699999999999,0.00328,0.30813,0.8437100000000001,0.0,0.41042,0.24029,0.0,0.0,0.19558,0.0,0.0012,0.0,0.0,0.0,0.0296899999999999,0.0,0.26729,0.00318,0.15552,0.2334699999999999,0.00257,0.07417,0.0508399999999999,0.0,0.05332,0.0,0.0113599999999999,0.0,0.11256,0.0,0.00983,0.0,0.0,0.0,0.8184899999999999,0.0,0.0,0.70913,0.0,0.0,0.0,0.09012,0.06587,0.0,0.0015,0.05719,0.0,0.0,0.00811,0.0,0.0,0.2392,0.0,0.0,0.03651,0.0,0.07796,0.13927,0.48746,2.91322,0.0,0.19368,0.32595,0.0,0.12295,0.0,0.45031,0.42837,0.01496,0.92697,0.00999,0.17914,0.0,0.0,0.0,0.0,0.0,0.0,0.00875,2.49018,0.0,0.0,0.0,0.0,0.0,0.0,0.05345,0.0,0.01825,0.0070599999999999,0.13742,0.0099,0.36894,0.01433,0.0,0.0,0.00218,0.0,0.0,0.0,0.02043,0.0,0.0,0.0,0.0,0.0,0.0,0.0,0.0,10.5098,0.0,0.0,0.08573,0.0,0.22688,0.06035,0.00763,0.0,0.0,20.956919999999993
37082_3#20,0.0,5.59079,0.0,0.24185,0.14643,0.11197,1.34484,0.0018899999999999,0.0,0.01383,0.23803,2.70329,0.00571,0.0,0.0,0.06971,1.19686,0.0,0.0,0.45161,0.0,0.0,0.18886,6.49924,0.00713,0.01157,1.43109,0.0,0.5855899999999999,0.0,0.0,0.0,0.0,0.0,0.0,0.0,0.0,0.0,0.00561,0.0,0.0,0.01084,0.0594899999999999,0.20963,0.0,0.0341,0.0,0.00495,0.0,0.0,0.0,0.01351,0.0,11.35483,25.13362,0.24829,1.18327,0.0,0.0,0.0,0.0,0.0,0.0,0.0,0.0,0.0,0.0,0.6155,0.0,0.00027,0.0,0.0,0.0,0.04389,0.0,0.0,0.0,0.0,0.0,0.0,0.0,0.0,0.9467,0.0,0.0,0.51837,0.0,0.0,0.16383,0.0,0.0,0.0,8.48807,0.0,0.0,0.0,0.00437,0.0,0.0,0.43275,0.0,0.01262,0.01414,0.0,0.0,0.0,0.0,0.5604399999999999,0.15304,0.0,0.0,0.0,0.56762,0.0,0.07637,0.0,0.0,1.32592,0.0,0.0,0.0,0.0,0.0173,0.0,0.0,0.0,0.13665,0.0,0.0,0.0,0.0,0.0,0.0,0.0,0.21825,0.0,0.0,0.0,0.0,0.0,0.0,0.0,0.0,0.0,0.0,0.0,0.0,0.0,0.0,0.0,0.0,0.0,0.0,0.0,0.0,0.0,0.0,0.0,0.0,0.0,0.0,0.0,0.0,0.0,0.0,0.10529,0.0,0.0,0.0,0.0,0.0,0.0,0.0,0.0,0.0,0.0,0.0,0.0,0.0,0.0,0.0,0.0,0.0,0.0,0.0,0.0,0.0,0.0,0.0,0.0,0.0,0.14745,0.0,0.0,0.0,0.0,0.0,0.0,0.0,26.352730000000005
37082_3#21,0.0191199999999999,0.27134,0.0,0.0994299999999999,0.0290899999999999,0.05923,5.67269,0.0137,0.03277,7.15918,0.03086,2.8297,0.04116,0.0,0.03825,0.00288,4.85629,0.28646,0.08381,1.20043,0.16165,0.0,0.36258,0.05306,0.15658,0.90744,1.12808,0.0,1.21231,0.0,0.08111,0.0,0.0350899999999999,0.0,0.40651,0.0,0.0,0.2570699999999999,0.0,0.0,0.0,0.01227,0.0067,0.0,0.0057399999999999,0.0,0.01269,3.10266,0.22782,0.03651,0.0,0.14885,0.0,0.63961,5.2297,0.0,6.37954,0.0,0.13944,0.46458,0.22453,0.0,0.3130199999999999,0.0,0.35628,0.22028,0.02446,0.00733,1.04164,0.0,0.0,0.0,0.0027,0.0,1.78561,0.15469,1.7898900000000002,0.13621,0.03153,0.0,0.0,1.13311,0.6521,0.13187,0.0218,0.04702,0.0,0.06614,0.04456,0.0,0.00462,0.01394,0.86841,0.00468,0.0,0.0,0.8909299999999999,0.00464,0.0,0.29934,0.17698,0.0,0.11219,0.05312,0.00974,0.04227,0.0,0.5657,0.03848,0.0,0.0,0.03296,0.0,0.00815,0.13344,0.00267,0.0,0.0,0.06874,0.01321,0.0,0.43649,0.05895,0.0,0.19875,0.00395,0.62392,0.5708,0.02787,0.02205,0.0,0.10736,0.0,0.0,0.01995,0.0,3.48874,0.36512,0.16939,3.08084,0.17402,1.5139,2.2860400000000003,0.18252,0.0,0.0072299999999999,0.00713,0.0,0.0,0.0,0.0,0.0,0.73052,0.00718,0.0,0.0,0.0,0.10153,0.01559,0.0,0.0,0.10453,0.13718,0.0,0.16149,0.0,0.0203,0.0,0.0796,0.02411,0.29381,0.12112,0.31863,0.0104599999999999,0.0,0.0,0.0,0.0,0.0791,0.0,0.00473,0.0,0.0,0.0,0.0,0.0,0.0,0.0,0.0,0.2250599999999999,0.3577,0.45198,0.36177,0.0,0.01057,0.08938,0.07225,0.0,0.0,27.45343
37082_3#22,0.0,0.2313599999999999,0.0,0.05088,0.04183,0.0,0.91402,0.01339,0.01164,0.59822,0.00161,0.65449,0.09057,0.0,0.0,0.17744,0.41448,0.0,0.0,0.33463,0.06759,0.0,0.1214099999999999,0.25759,2.68151,0.07238,3.86004,0.00843,0.37395,0.0,0.0,0.0,2.35641,0.0,0.22127,0.0,0.0,0.0,0.08089,0.0,0.0,0.00055,0.07418,0.54956,0.00064,0.01257,0.0151,0.21316,0.04244,0.0,0.01764,0.0,0.0,1.51594,1.06374,0.04087,0.07775,0.0,0.2497,0.0,0.01937,0.03261,0.0,0.0,0.0,0.0,0.0525299999999999,0.1156099999999999,0.0,0.0,0.0,0.0,0.0,0.1606,0.0,0.0,0.0038399999999999,0.0,0.0,0.0,0.0,0.00475,0.3779,0.0057,0.01346,0.00565,0.0,0.0,0.0657399999999999,0.0,0.0,0.0,0.0,0.0,0.0,0.0,0.09228,0.0,0.02072,0.25787,0.0,0.09887,0.01815,0.0,0.00052,0.0,0.0,0.08709,0.04823,0.0,0.0,0.0,0.0,0.0,0.0653,0.0,0.05269,0.08341,0.0,0.0,0.0,0.0,0.12328,0.0,0.00015,0.0,0.05985,0.17454,0.00486,0.00573,0.00405,0.07487,0.0,0.0,0.3845,0.0,0.0569799999999999,0.0,0.09705,0.4968899999999999,0.0308899999999999,0.0,0.0,0.0,0.0,0.0,0.0,0.0,0.0,0.11581,0.0,0.0,0.0302899999999999,0.0,0.02817,0.0,0.0,0.0,0.0,0.48177,0.0,0.0,0.0,0.0,0.0,0.0139099999999999,0.0,0.0,0.0,0.0,0.0130699999999999,0.0,0.0182,0.0,0.0,0.0,0.0,0.0,0.00576,0.04416,0.0,0.0,0.0,0.0,0.0,0.0,0.0,0.0,0.0,0.10003,0.01938,0.0,0.0,0.0,0.0,0.0,0.0,0.0,0.0,78.42304999999999
37082_3#23,0.0,4.69381,0.0,5.32986,0.31283,0.01529,6.1178,0.3288,0.0,6.342969999999999,0.10207,1.97341,0.15373,0.0,0.0058,0.09693,1.93598,0.18893,0.0291899999999999,1.42532,0.4681899999999999,0.0,0.84336,0.62889,0.0,0.03753,4.15489,0.01198,0.2996,0.0,0.0,0.0,0.17162,0.0,0.09792,0.0,0.00395,0.0,0.13358,0.0,0.0,0.0,0.14035,0.0,0.01155,0.0,0.0413,1.14867,0.0,0.01753,0.05662,0.01678,0.0,12.21097,18.6461,0.1109599999999999,0.05917,0.05839,0.0,0.07431,0.01022,2.76776,0.0243199999999999,0.0,0.01617,0.0,0.05876,1.81652,0.0,0.0262,0.0,0.01458,0.0,0.19818,0.0,0.06379,0.03937,0.06982,0.0,0.0057799999999999,0.01356,0.07334,0.86655,0.0,0.33386,0.00746,0.0,0.0,0.25724,0.0,0.0,0.0,0.8607799999999999,0.0,0.0,0.0,1.05667,0.0,0.11821,0.30695,0.0,0.08387,0.25343,0.02886,0.13594,0.00677,0.00959,0.1303,0.05532,0.0,0.0,0.00866,0.01589,0.0,0.15361,0.0,0.09898,1.4923799999999998,0.00853,0.0,0.00771,0.12554,0.89265,0.0951299999999999,0.0,0.0,0.40094,0.42565,0.0668899999999999,0.00643,0.00976,0.04095,0.0,0.0,0.17845,0.0,0.0,0.0,0.0,0.96435,0.0,0.10714,0.00117,0.0,0.0,0.0,0.00465,0.0,0.0,0.00498,0.0,0.0,0.1627299999999999,0.0,0.0,0.0,0.0,0.09955,0.02172,0.17805,0.01004,0.02727,0.0,0.0,0.00563,0.07035,0.0,0.0057799999999999,0.0,0.05649,0.0523,0.0,0.05814,0.03167,0.0,0.0,0.0,0.0,0.07821,0.0,0.0,0.0,0.0,0.0,0.0,0.0,0.0,0.0,0.0,2.06008,0.00817,0.2635699999999999,0.0,0.0,0.00665,0.01545,0.0,0.0,0.0,13.470609999999988
37082_3#24,0.0,0.02514,0.0,0.22458,0.00413,0.00089,9.50014,0.03712,0.0,4.30234,0.01453,2.68637,0.00704,0.0,0.0,0.5473399999999999,1.58669,0.0,0.22248,1.23581,0.0,0.0,0.03505,7.7623,0.8465299999999999,0.02524,1.09973,0.03703,0.61216,0.0,0.0,0.0,0.65901,0.0,0.27926,0.0,0.0,0.013,0.0,0.0,0.0,0.00401,0.19346,0.7932,0.00916,0.00749,0.00784,0.5798399999999999,1.44814,0.0,0.0,0.01548,0.00989,4.71209,0.5827100000000001,0.44082,0.71714,0.0,0.04381,0.1205599999999999,0.1567,0.0,0.0,0.00155,0.0071,0.35039,0.02238,0.17302,0.06667,0.0,0.0,0.0,0.00547,0.04947,0.0,0.04985,0.0145,0.03369,0.0,0.0016899999999999,0.0072,0.15586,1.14116,0.0,0.03265,0.5180100000000001,0.0,0.0,0.12827,0.0,0.0,0.0,0.0,0.0,0.11778,0.0,6.17734,0.0,0.3234,0.06601,0.0,0.01978,0.05755,0.0,0.05782,0.0,0.0,0.02585,0.2173199999999999,0.0,0.01047,0.05995,0.02263,0.02715,0.07229,0.0,0.0,0.0,0.00827,0.0949899999999999,0.0,0.03112,0.66762,0.0,0.0397,0.0,0.13344,0.41767,0.00758,0.0032,0.0,0.17999,0.0,0.0,0.04801,0.0,0.0,0.01002,0.0,0.18538,0.33431,0.03198,0.41731,0.00403,0.00922,0.0,0.00115,0.0433,0.00695,1.20688,0.0,0.02474,0.0,0.0,0.0,0.0,0.0,0.126,0.00414,0.47362,0.07885,0.09707,0.0,0.0,0.0,0.27136,0.0,0.0,0.0,0.00504,0.00238,0.0,0.11189,0.11459,0.0,0.0,0.0,0.0,0.02279,0.90515,0.00258,0.0,0.0,0.0,0.0,0.0,0.0,0.0,0.0,0.37592,0.4479899999999999,0.0,0.0,0.08731,0.00599,0.0,0.0,0.0,0.0,41.33995
37082_3#25,0.0,0.0,0.0,1.42806,1.07472,0.0,15.25131,0.14082,0.0,10.37117,0.1448,2.11066,0.21688,0.0,0.04682,1.37918,3.51294,0.0,0.01945,1.02282,0.79987,0.0,4.40355,0.01942,0.2609,10.17845,0.24153,0.02671,0.21233,0.0,0.24572,0.0,0.1449099999999999,0.0,0.32293,0.0,0.06646,0.03222,0.1251799999999999,0.0,0.0,0.0,0.03883,0.0,0.0,0.03923,0.0,0.7497199999999999,0.15241,0.0,0.0,0.00332,0.28212,1.64102,6.4544,5.87435,0.07826,0.07805,0.0,0.04628,4.55232,0.40553,0.0,0.0,0.16011,0.001,0.11519,1.6492099999999998,0.0,0.0,0.0,0.0,0.0,0.0,0.0,0.0,0.01269,0.00052,0.20271,0.0,0.0,0.0379,3.05245,0.0,0.0,0.0,0.0,0.0,0.1164299999999999,0.0,0.0,0.0,0.0,0.0,0.0268699999999999,0.0,3.3908,0.0,0.0,0.32259,0.0,0.09997,1.08166,0.09464,0.02723,0.0,0.0,0.35825,0.0,0.00364,0.0,0.00455,0.0,0.0,0.4143199999999999,0.0,0.0,0.0,0.0,0.0,0.0,0.29009,0.00541,0.2888699999999999,0.1362799999999999,0.0,0.0,0.39357,0.08137,0.0,0.0,0.0,0.0,0.0,0.0,0.0,0.0,0.00607,0.0,0.51917,0.02578,0.0,0.0275899999999999,0.0,0.0,0.0,0.03404,0.33274,0.0,0.0,0.0,0.0,1.15012,0.0,0.04427,0.0,0.0,0.0,0.0,0.0,2.45379,0.0864299999999999,0.0,0.0,0.0,0.0,0.02224,0.0,0.01404,0.04622,0.0,0.0,0.15969,0.0,0.0,0.0,0.0,0.04,0.0,0.01289,0.0410899999999999,0.0,0.0,0.0,0.0,0.0,0.0,0.0,0.0,0.02875,0.0,0.0,0.00419,0.0,0.0,0.0,0.0,0.0,0.0,8.386920000000021
37082_3#26,0.0,0.00057,0.0,0.48351,0.03928,0.04743,12.13849,0.07922,0.0,1.32479,0.00601,1.35007,0.0,0.0,0.0149,0.60326,1.83495,0.2792199999999999,0.01002,0.6177600000000001,0.01097,0.0,0.26368,2.80706,0.5682,0.1890599999999999,2.78364,0.03254,1.21314,0.0,0.12422,0.04763,1.99229,0.0,4.37319,0.0,0.0003,0.10733,0.02729,0.0,0.0,0.04618,0.0488,0.58373,0.02306,0.15943,0.13488,0.8981,0.0,0.0764799999999999,0.0,0.0124,0.0,5.84845,0.03324,0.6122,0.39492,0.02121,0.03356,0.22779,0.54133,0.0047,0.0,0.0,0.25137,0.01492,0.04215,0.3070199999999999,0.0539399999999999,0.0,0.0,0.00431,0.00515,0.00059,0.35716,0.21483,0.12811,0.03383,0.0240599999999999,0.0,0.03659,0.29316,1.69308,0.01132,0.04473,0.07844,0.0,0.02105,0.08177,0.0,0.06221,0.0018399999999999,0.01814,0.0,0.02945,0.05072,0.35606,0.00633,0.08651,0.2339099999999999,0.0,0.0378,0.19328,0.05594,0.03868,0.0,0.0,1.25858,0.09689,0.0,0.0,0.0198099999999999,0.01175,0.0206,0.16885,0.0,0.0,0.00055,0.00749,0.6327,0.0,0.2516,0.0194599999999999,0.23288,0.52493,0.0,0.0,1.13961,0.05033,0.02062,0.0,0.25772,0.03655,0.0,0.0393,0.0,0.0,0.03427,0.0,0.0,0.00917,0.4211899999999999,0.00905,0.0,1.30697,0.0,0.03556,0.01393,0.0,0.0,0.00769,0.34442,0.00081,0.02274,0.0,0.0,0.00622,0.04621,0.01594,1.12089,0.01596,0.0,0.0,0.01533,0.01638,0.20944,0.00701,0.0,0.0,0.11595,0.0,0.0,0.0252,0.0,0.01525,0.0,0.0525,0.0,0.04458,0.08063,0.02208,0.0,0.0,0.0,0.0,0.0,0.0,0.0,0.0,0.35715,0.16768,0.21206,0.0,1.7473,0.18782,0.0,0.0,0.0,0.0,40.58346999999999
37082_3#27,0.0,0.15445,0.0,0.73954,0.04443,0.03358,2.22192,0.04056,0.0,1.95783,0.0,0.8015100000000001,0.02303,0.0,0.0,0.47767,0.92345,0.1126,0.0,0.49972,0.01906,0.0,0.13771,7.36694,0.19591,0.26128,3.1103400000000003,0.0,0.2616699999999999,0.0,0.0,0.0,0.0,0.0,0.37692,0.0,0.00203,0.0,0.06973,0.0,0.00309,0.0150099999999999,0.12251,0.18089,0.0,0.0,0.03682,0.68079,0.02249,0.00793,0.01379,0.02949,0.0,1.60477,0.58158,2.32274,1.7985,0.006,0.0,0.0316899999999999,0.78435,0.44395,0.03006,0.0,0.03708,0.38145,0.04682,0.3265699999999999,0.30493,0.0,0.0,0.0,0.00054,0.00175,0.0,0.0,0.0556,0.0,0.0,0.0205699999999999,0.01647,0.04043,2.14958,0.20688,0.02745,0.30695,0.0,0.0,0.23738,0.0,0.0,0.0,0.2166,0.004,0.0,0.1613,2.84279,0.00443,0.0153099999999999,0.1249599999999999,0.0,0.02062,0.07359,0.0333899999999999,0.04189,0.0,0.0,0.52933,0.18957,0.0,0.0,0.0,0.01622,0.0,0.15042,0.0,0.0,0.87244,0.0,0.06,0.0,0.0402,0.45414,0.00904,0.09464,0.0,0.15694,0.6592600000000001,0.01234,0.0324,0.24913,0.0804899999999999,0.0,0.0,0.00914,0.0,0.0,0.0,0.0,0.06457,0.16898,0.0142099999999999,0.05168,0.0,0.07107,0.0,0.02224,0.0,0.0,0.0,0.0,0.0,0.15006,0.0,0.11664,0.0,0.0,0.02521,0.0,0.59972,1.4945,0.0,0.0,0.0,0.0,0.18528,0.0,0.0,0.0,0.0,0.0,0.0,0.24088,0.00988,0.0,0.0,0.0,0.0,0.06666,0.29044,0.0,0.0,0.0,0.0,0.0,0.0,0.0,0.0,0.0,0.0,0.21047,0.1200799999999999,0.0,0.1138,0.0,0.02222,0.0,0.0,0.0,56.09805
37082_3#28,0.0,0.0,0.0,11.2177,0.1420799999999999,0.0,7.92859,0.11041,0.0,0.0003,1.98938,0.45761,0.0,0.0,0.0,1.05979,0.2701,0.0,0.0,0.7414,0.0,0.0,0.0,36.17002,0.0,0.02497,0.08195,0.8809600000000001,0.92697,0.0,0.0,0.0,0.00857,0.0,0.0,0.0,0.0,0.0,0.14289,0.04228,0.0,0.0003399999999999,0.00352,0.58627,0.0,0.02493,0.0,0.15498,0.0,0.0,0.0,0.0,0.0,5.78631,0.0177699999999999,6.61462,0.0,0.0,0.0,0.0,0.16444,0.0,0.0,0.0,0.0,0.0,0.0,0.1371,0.0,0.0,0.0,0.0,0.0,0.0,0.0,0.0,0.0,0.0,0.0,0.0,0.0,0.0,0.1054,0.0,0.0,0.0,0.0,0.0,0.03739,0.0,0.0,0.0,0.0,0.0,0.0,0.0,0.0,0.0,0.0,0.07166,0.0,0.35157,0.0,0.0,0.0,0.0,0.0,0.0,0.02161,0.0,0.02754,0.0,2.64453,0.0,0.0,0.0,0.0,0.0,0.0,0.0,0.0,0.0,0.0,0.0,0.0,0.0,0.0,0.0,0.0,0.0,0.0,0.0,0.0,0.0,0.0,0.0,0.0,0.0,0.0,0.0,0.0,0.0,0.0,0.0,0.0,0.0,0.0,0.0,0.0,0.0,0.0,0.0,0.0,0.0,0.0,0.0,0.0,0.0,0.0,0.0,0.0,0.0,0.0,0.0,0.0,0.0,0.0,0.0,0.0,0.0,0.0,0.0,0.0,0.0,0.0,0.0,0.0,0.0,0.0,0.0,0.0,0.0,0.0,0.0,0.0,0.0,0.0,0.0,0.0,0.0,0.0,0.0,0.0,0.0,0.0,0.0,0.0,0.0,0.0,21.05405
37082_3#29,0.0,0.03957,0.0,0.1532,0.01608,0.01403,0.66803,0.00094,0.03281,8.73978,0.0,1.67193,0.05675,0.0,0.0,0.0,0.42275,0.01668,0.4215,0.29413,0.00075,0.0,0.72163,0.24156,0.69123,0.4307899999999999,0.71121,0.0,0.1834599999999999,0.0,0.0,0.0,0.06981,0.0,0.61055,0.0,0.0,0.00332,0.0,0.0,0.0,0.01853,0.21008,0.2169,0.0,0.02079,0.01237,0.6472,0.0,0.08136,0.04911,0.04197,0.0,3.29482,0.07028,0.0,1.5683200000000002,0.0,0.5009399999999999,0.08446,0.14565,1.81491,0.02582,0.01022,0.03096,0.50502,0.02253,0.21283,0.12877,0.0,0.0,0.0,0.0,0.00533,0.88812,0.04659,0.65975,0.0,0.0,0.0,0.0,0.31697,1.60278,0.0423199999999999,0.019,0.24023,0.0,0.0,0.28343,0.0,0.0,0.0,0.0,0.0,0.0,0.19212,0.90343,0.0,0.28419,0.31371,0.0,0.00427,0.54715,0.05292,0.0175199999999999,0.07076,0.0,1.04149,0.10235,0.0,0.0,0.03482,0.0,0.00477,0.03098,0.00027,0.0,0.29091,0.0,0.0163099999999999,0.0,0.27203,0.23904,0.00631,0.08896,0.0732299999999999,0.1863,1.03713,0.4107699999999999,0.0,0.0,0.2161199999999999,0.0,0.0,0.16522,0.0,0.0,0.00107,0.05268,16.6835,0.0,0.27236,0.08036,0.13645,1.38593,0.02146,0.12393,0.0,0.00104,0.19114,0.0,0.00043,0.0022199999999999,0.0,0.0,0.0,0.0,0.0133,0.0,2.28557,0.00095,0.0,0.00475,0.0144199999999999,0.0174,0.07125,0.0,0.00242,0.01426,0.84365,0.0,0.02818,0.18637,0.07513,0.0,0.0,0.00917,0.0,0.19088,0.2317699999999999,0.04944,0.0,0.0,0.0,0.0,0.0,0.0,0.0,0.0,0.0,0.62917,0.30217,0.02339,0.0,0.0324,0.33345,0.03157,0.0,0.0,39.02244
37082_3#2,0.0,4.26104,0.0081,2.1558900000000003,0.25681,0.13049,11.13838,0.19388,0.0,7.82808,0.9368,1.092,0.04288,0.01214,0.0603299999999999,0.4338,7.566269999999999,0.0,0.0,3.66822,8.83716,0.0,0.14934,3.01222,0.2285199999999999,0.4383,0.30778,0.07428,0.1653099999999999,0.0,0.0,0.0,0.24019,0.0,0.25004,0.0,0.0,0.0,0.0,1.86254,0.0,0.0,0.17181,0.0,0.04593,0.10407,0.0,0.58232,0.0,0.0,0.0,0.00139,0.0,10.82866,12.06653,0.00238,0.0,0.0,0.0,0.0,1.90186,0.0,0.0,0.0,0.03825,0.0,0.0,0.0302,0.0,0.0,0.0,0.0,0.0,0.0,0.0,0.01008,0.0,0.0,0.0,0.0,0.0,0.0,0.0,0.0,0.0,0.11922,0.0,0.0,0.2035,0.0,0.0,0.0,0.33603,0.0,0.0,15.017,0.0,0.0,0.0,0.3764099999999999,0.0,0.0,0.0,0.0,0.00108,0.0,0.0,0.0,0.0,0.0,0.0,0.0,0.07845,0.0,0.0,0.0,0.0,0.0,0.0,0.0,0.0,0.0,0.2586,0.0,0.0,0.0,0.0,0.0,0.0,0.0,0.0,0.0,0.0,0.99159,0.03835,0.0,0.0,0.0,0.0,0.0,0.0,0.0,0.0,0.0,0.0,0.0,0.0,0.0,0.0,0.0,0.0,0.0,0.0,0.0,0.0,0.0,0.0,0.0,0.0,0.0333399999999999,0.0,0.0,0.0,0.0,0.0,0.0,0.0,0.0,0.0,0.0,0.0,0.0,0.0,0.0,0.0,0.0,0.0,0.0,0.0,0.0,0.0,0.0,0.0,0.0,0.0,0.0,0.0,0.0,0.0,0.0,0.0,0.0,0.0,0.0,0.0,0.0,0.0,0.0,0.0,1.412160000000005
37082_3#30,0.019,1.5659299999999998,0.0,0.15298,0.26984,0.07959,1.52919,0.12489,0.0,26.1037,0.0,0.42868,0.11349,0.02213,0.0,0.0127599999999999,1.37752,0.01521,0.26989,0.90883,0.00582,0.0008699999999999,1.36356,0.0,0.0,0.64305,0.50695,0.0,0.28755,0.0,0.0,0.0,0.0,0.0,0.27954,0.0,0.0,0.01998,0.12434,0.0,0.0,0.0,0.28783,0.00351,0.00911,0.0,0.0097299999999999,1.14474,0.0,0.08961,0.0,0.0047,0.0,1.23494,0.22707,0.10513,0.56647,0.0,0.09795,0.73274,0.02882,0.20352,0.13232,0.02928,0.4067,0.0,0.01908,0.54288,0.4321399999999999,0.0,0.0,0.0002399999999999,0.0014199999999999,0.00511,1.31945,0.35304,4.134580000000001,0.1452,0.0243199999999999,0.04081,0.0099099999999999,4.582380000000001,0.63334,0.0,0.15721,0.07783,0.0,0.0,0.0569799999999999,0.0,0.00391,0.01358,0.0661799999999999,0.0,0.00468,0.01171,0.24786,0.00131,0.0063,0.15614,0.14168,0.0,0.2984699999999999,0.0233,0.03265,0.0,0.0,0.07668,0.02353,0.0,0.0,1.00968,0.0,0.0176,0.02436,0.0,0.0,0.12329,0.02309,0.02798,0.09517,0.5433100000000001,0.33848,0.0,0.70955,0.0,0.0,0.0,0.11095,0.00121,0.0,0.0,0.0,0.0,0.00701,0.0,0.0,0.2087,0.1252,10.83433,0.1498,0.0,0.79918,0.37633,0.05437,0.0515299999999999,0.26399,0.03806,0.03316,0.0,0.01637,0.28184,0.0,0.00485,0.0,0.03154,0.0153099999999999,0.0,0.02453,0.57512,0.01037,0.01315,0.90273,0.03075,0.35146,0.0,0.02656,0.0206699999999999,0.06362,0.11995,0.00789,0.08369,0.12458,0.10039,0.0,0.0,0.09927,0.0,0.0,0.0,0.02881,0.0,0.00583,0.00306,0.0,0.0,0.0,0.0,0.0130099999999999,0.0,0.0,0.0,0.1511,3.11885,0.14729,0.07057,0.1025,0.00755,0.0,22.29709999999997
37082_3#31,0.10907,2.2578,0.11272,0.26523,0.11026,0.2067,3.11075,0.41228,0.00362,10.66549,0.01114,0.4713,0.36429,0.0414,0.0,0.02252,1.23146,0.04514,0.2017,1.08704,0.0,0.00925,0.64798,0.0,0.00703,2.7942,0.5936600000000001,0.0,0.20377,0.0,0.0,0.00732,0.0425,0.0011,0.03205,0.0,0.0172,0.00849,0.03132,0.0,0.0,0.0,0.04087,0.28933,0.00035,0.0208199999999999,0.02153,0.52862,0.0,0.02436,0.08816,0.07296,0.00157,3.57387,0.43758,0.00382,0.29759,0.01117,1.9017,0.21334,0.0,0.42653,0.0,0.0454,0.21176,0.0,0.0,0.09973,0.0,0.02658,0.01899,0.0,0.0,0.09111,1.6727299999999998,0.0831399999999999,1.85303,0.1376099999999999,0.03971,0.0,0.0,5.60816,0.64328,0.0,0.28695,0.0797799999999999,0.0,0.0,0.11698,0.0,0.02762,0.24945,0.00116,0.0,0.00677,0.28162,0.24419,0.0024,0.38736,0.08256,0.2112099999999999,0.02628,0.25761,0.00386,0.01198,0.0,0.01308,0.0,0.02781,0.0,0.06062,0.1852599999999999,0.07964,0.11048,0.00737,0.0,0.72546,0.12415,0.0194,0.0622799999999999,0.04904,0.23951,0.0305,0.0,1.1791200000000002,0.51471,0.0,0.0,0.00518,0.0,0.0,0.0,0.0,0.0,0.0356,0.0,0.0,0.35044,0.25993,9.6875,0.0695,0.0,4.20555,3.64998,0.15117,0.02726,0.34464,0.0933399999999999,0.0099099999999999,0.0,0.0056,0.06113,0.08506,0.0015,0.0,0.07429,0.0,0.00336,0.0118,0.82496,0.00407,0.01002,1.56294,0.01757,0.1190799999999999,0.0,0.0,0.0,0.16855,0.25045,0.03826,0.02051,0.1441,0.05021,0.0,0.0,0.05076,0.0,0.0,0.0,0.01201,0.0,0.00685,0.0,0.0,0.0,0.0,0.0,0.06861,0.00234,0.0,0.0,0.47546,0.0,0.02995,2.35222,0.0985299999999999,0.0,0.0037799999999999,25.23863999999998
37082_3#32,6.268730000000001,0.43913,0.04366,0.70924,0.16489,0.08404,1.6969299999999998,1.75505,0.0,3.45235,0.0104,0.17124,0.51494,0.12252,0.00863,0.00951,0.98746,0.00238,0.1439,0.1570599999999999,0.20978,0.05492,0.06375,0.0,0.38502,0.44136,0.26826,0.10879,0.19217,0.00198,0.06925,0.5604899999999999,0.19717,0.66552,0.09405,0.0,0.0,1.10921,0.03725,0.33476,0.0,0.0,0.01937,0.04172,0.0,0.0,0.0,2.56389,0.0,0.00245,0.0,0.26943,0.0,0.91519,0.5483,0.0,0.67656,0.15264,0.0,3.35777,0.07707,0.04444,0.0,0.12724,0.1568099999999999,0.0,1.1525299999999998,0.26506,0.03468,0.0,0.0,0.02922,0.17649,0.0,0.2082699999999999,0.52057,1.61454,3.1377200000000003,0.07534,0.0,0.0697899999999999,17.30343,0.25196,0.0,0.02521,0.02791,0.01194,0.0,0.05093,0.00027,0.00951,0.0,0.0,0.01525,0.12569,5.26616,0.0,0.02452,0.0,0.0734,0.37971,0.05594,0.23419,0.10188,0.06706,0.0,0.2545,0.14337,0.0007599999999999,0.0,0.01886,1.50752,0.0,0.02646,0.00831,0.00512,1.22204,0.06365,0.2334699999999999,0.30444,0.09947,0.14004,0.02767,0.0,1.713,0.0350199999999999,0.0860399999999999,0.0,0.09489,0.08813,0.0,0.0150599999999999,0.01184,0.0,0.0,0.0,0.0,0.0,0.0,0.0,0.0,4.33724,0.0,0.0,0.0341,0.2646,0.0,0.0,0.03367,5.28696,0.00655,0.10958,0.0,0.09875,0.0,0.06442,0.01739,0.0,0.0499,0.11108,0.0,0.20717,0.12793,0.62513,0.20054,0.0,0.44241,0.0,0.0,0.0,0.0,0.03583,0.04108,0.05835,0.02613,0.06114,0.163,0.0,0.0085,0.0,0.06205,0.0953,0.03003,0.0,0.00507,0.00482,0.0,0.0,0.01401,0.01085,0.0,0.0,0.0,0.0,0.07972,0.0,0.04252,0.00173,0.03809,19.306860000000054
37082_3#3,0.0,11.45275,0.0,0.38963,0.16136,0.0,1.32597,0.07881,0.0,0.2166699999999999,0.0,2.65637,0.30727,0.0,0.0,0.04835,0.54651,0.0,0.02841,1.53829,0.02014,0.0,0.6096,13.08903,23.6429,0.10447,3.78292,0.0,0.22159,0.0,0.0,0.0,0.00893,0.0,0.07815,0.0,0.0,0.0,0.0,0.0,0.02456,0.0318699999999999,0.14575,1.16976,0.0,0.0461699999999999,0.02068,1.29533,0.01817,0.0,0.0,0.08061,0.0,4.11209,4.39631,4.1643,1.12816,0.0,0.0,0.0,0.01287,0.0,0.1163599999999999,0.0,0.0,0.38423,0.05842,0.5475800000000001,0.09465,0.0,0.0,0.0,0.0,0.0003399999999999,0.0,0.0,0.01587,0.0,0.0,0.0,0.0,0.0,0.10999,0.04307,0.0,1.11716,0.0,0.0,0.04381,0.0,0.0,0.0,0.8482299999999999,0.0,0.0,0.0279899999999999,0.06476,0.0,0.0,0.19415,0.0,0.0,0.01881,0.0,0.0,0.0,0.0,0.14538,0.09507,0.0,0.0,0.0,0.15067,0.0,0.00749,0.0,0.0,2.17252,0.0,0.0,0.0,0.0,0.0617,0.0,0.01858,0.04849,0.2075,0.1690299999999999,0.01733,0.0,0.0,1.01336,0.0,0.0,0.05976,0.0,0.01345,0.0,0.0,0.13218,0.0,0.0,0.0,0.0,0.0,0.0,0.0,0.0,0.0,0.0,0.0,0.0,0.0,0.0,0.0,0.0,0.0,0.0,0.02374,0.0,0.0,0.0,0.0,0.0,0.0,0.0,0.0,0.0,0.0,0.0,0.0,0.0,0.08963,0.0,0.0,0.0,0.0,0.0,0.11542,0.0,0.0,0.0,0.0,0.0,0.0,0.0,0.0,0.0,0.0,0.0,0.0,0.0,0.0,0.0,0.0,0.0,0.0,0.0,0.0,14.818529999999985
37082_3#4,0.32132,3.21077,0.0452199999999999,0.34488,0.81808,0.04445,1.08709,1.29166,0.20917,6.14717,0.03512,0.35064,9.17443,0.01195,0.01499,0.32681,0.92712,0.52909,0.01093,0.6823600000000001,0.1946,0.00804,0.3731,0.0,0.03708,1.03452,0.1144299999999999,0.04885,0.1111099999999999,0.0,0.02165,0.0,0.40137,0.0,0.18871,0.0,0.00099,0.02595,0.3457699999999999,0.0,0.0,0.00442,0.0,0.0,0.00374,0.0,0.00857,2.67206,4.6986,0.59106,2.19528,0.3566,0.19568,1.14681,7.760960000000001,0.0,0.0,0.00913,0.0,0.25142,0.05535,1.6029,0.59233,0.01655,0.04181,0.0,0.13297,0.06426,0.10438,0.02044,0.06037,0.0,0.04161,0.33769,0.0,0.02503,0.4824699999999999,0.21634,0.00173,0.06772,0.00617,0.61915,0.06644,0.0,0.02154,0.01057,0.00336,0.0169199999999999,0.01197,0.00311,0.0015199999999999,0.8740399999999999,0.0,0.00052,0.01028,0.0915899999999999,7.8127,0.0232199999999999,0.0,0.0,0.22386,0.0360199999999999,0.06738,0.0,0.00149,0.0,0.0287399999999999,0.11194,0.0,0.03833,0.0105,0.15163,0.0,0.01624,0.02121,0.0,5.1075,0.07363,0.02852,0.04564,0.0,0.03821,0.00155,0.0,0.23517,0.0,0.0,0.0,0.01267,0.00016,0.00667,0.0,0.0,0.0,0.00853,0.0,0.01753,0.00285,0.0,0.0,0.755,2.4836,0.44877,0.0,8.72766,0.03595,0.0,0.05463,0.00325,0.0,0.00856,0.01119,0.61585,0.00416,0.17751,0.01038,0.0,1.35975,0.05505,1.81018,0.09625,0.06165,0.25072,0.07726,0.0414,0.0,0.0,0.25828,0.0,0.0,0.0,0.02848,0.04111,0.0,0.0,0.0,0.0,0.10107,0.05425,0.0,0.0199,0.0,0.00018,0.0,0.0,0.00462,0.0,0.0,0.00342,3.56387,0.0,0.0,0.0,0.0,0.01522,0.0,0.01014,0.0,0.0,10.703920000000041
37082_3#5,9.40124,1.02519,0.60428,0.7180300000000001,1.98799,0.0,0.7689699999999999,3.41791,0.01933,5.39807,0.02696,0.8087300000000001,6.26731,0.0,0.0,0.0,1.54674,1.0831,0.08032,0.33684,0.0,0.04448,0.15219,0.0,0.0025,0.72521,0.03848,0.08141,0.05601,0.02367,0.0408899999999999,0.22185,0.13083,0.0,0.13508,0.01846,0.0,0.14305,0.92775,0.0,0.0,0.0,0.0,0.0,0.0,0.0,0.1019,2.72953,0.10849,0.4158199999999999,0.0661,0.52084,0.00837,1.4433200000000002,24.13368,0.0,0.07312,0.00987,0.0,0.93951,0.13945,0.0,0.01781,0.12582,0.07025,0.12686,0.2239199999999999,0.3251199999999999,0.47802,0.00085,0.0,0.00224,0.0,0.0,0.0,0.07375,1.38287,0.01747,0.00892,0.0,0.11562,2.7688900000000003,0.09732,0.04623,0.46903,0.0,0.07952,0.0,0.0083,0.0,0.00505,0.16189,0.52565,0.01894,0.0135199999999999,0.4333,0.05147,0.0,0.26904,0.06576,0.33097,0.0,0.3321699999999999,0.02971,0.0,0.0,0.08707,0.0853,0.0,0.01077,0.1245,1.195,0.0,0.0,0.0038299999999999,0.0,3.78165,0.05876,0.02472,0.0435199999999999,0.0273899999999999,0.12325,0.0,0.0130099999999999,1.84117,0.04588,0.07797,0.15241,0.06342,0.0,0.0,0.16644,0.0,0.0,0.0,0.0,0.0,0.16458,0.50721,2.89779,0.30883,1.57479,0.00375,0.68291,0.0,0.02925,0.0218,0.00867,0.02359,0.0,0.0534899999999999,0.0,0.01623,0.0496,0.0,0.0,0.17539,0.0,0.09115,0.91648,0.0,0.00672,0.20174,0.03659,0.03623,0.0,0.01766,0.0,0.08743,0.00909,0.01764,0.01612,0.00586,0.02226,0.0,0.0,0.02011,0.0,0.03802,0.3534199999999999,0.02251,0.0,0.0,0.0,0.0,0.0,0.0,0.0,0.0,0.0,0.00998,0.01326,0.00099,0.0,0.00472,0.0118,0.02425,0.0,0.0,7.99288000000003
37082_3#6,0.00917,6.393269999999999,0.0,0.03441,2.83173,0.2108699999999999,8.96822,21.19863,0.07583,4.456230000000001,0.43361,1.58056,1.41084,0.00047,0.04606,4.58007,4.51975,0.28324,0.0,2.60161,0.26636,0.0720399999999999,1.07434,0.37626,0.05219,3.90103,1.10037,0.01675,1.00235,0.0,0.0,0.03191,0.1293099999999999,0.0,0.03828,0.0,0.02199,0.03835,0.03935,0.0,0.0,0.0,0.0,0.0,0.01314,0.0065299999999999,0.23784,2.13699,2.02332,0.34515,0.0,0.02657,0.0,5.465669999999999,9.35587,0.0,0.48772,0.0,0.0,0.86324,0.13469,0.0,0.0,0.0030399999999999,0.0,0.0621799999999999,0.1792099999999999,0.86682,0.27129,0.00321,0.09097,0.0,0.0,0.25039,0.0,0.03066,0.0,0.03138,0.0,0.0,0.0,0.00458,0.85795,0.0536899999999999,0.02753,0.0,0.0,0.0,0.01284,0.0,0.0,0.0,0.60072,0.0,0.0,0.0,0.00594,0.0,0.0,0.31886,0.0,0.12836,0.22596,0.0,0.0,0.0,0.0,0.0,0.0809899999999999,0.0,0.0,0.0,0.0,0.0,0.02786,0.0155699999999999,0.0,0.14281,0.0,0.0,0.0,0.0,0.0,0.18198,0.0,0.08807,0.0,0.0,0.4185899999999999,0.0,0.0,0.0,0.0,0.0,0.0,0.0,0.0,0.0,0.0,0.00971,0.0,0.0,0.0,0.0,0.0,0.0,0.0,0.0,0.0,0.0,0.0,0.0,0.05222,0.0,0.0,0.0,0.0,0.0,0.0,0.0373,0.02441,0.0,0.0,0.0,0.00335,0.0,0.0,0.0555299999999999,0.0,0.0,0.0,0.0,0.01204,0.0,0.0,0.0,0.0,0.0,0.0,0.0,0.0,0.0,0.0,0.0,0.0,0.0,0.0,0.0,0.0,0.0,0.0,0.0,0.0,0.0,0.0,0.0,0.0,0.0,0.0,5.93180999999999
37082_3#7,0.0,0.25274,0.0,0.03556,0.00095,0.00838,1.0275,0.39048,0.02288,0.48245,0.0,0.18706,0.50272,0.0,0.0,0.03963,0.22204,0.0,0.07099,0.10928,0.0103299999999999,0.0,0.25505,0.0,0.0,0.35688,0.06535,0.26482,0.01624,0.0,0.0,0.0,5.43532,0.0,0.0159,0.0,0.01023,0.00927,0.01591,0.0,0.0,0.0155699999999999,0.0070599999999999,0.0,0.0116,0.0,0.02437,1.94466,0.0,0.0596299999999999,0.00597,0.04051,0.00326,0.7065899999999999,0.29198,0.0,0.20001,0.0255,0.53891,1.91901,0.10008,0.0,0.79113,0.95753,0.2722199999999999,2.89531,0.01313,0.0416,0.0723299999999999,0.04575,0.05439,0.03348,0.0,0.29451,0.07566,0.1307,0.55528,0.00265,0.0156,0.0,0.18042,4.24517,0.19717,0.0603299999999999,0.07639,0.01516,0.0182,0.39844,0.01772,0.02482,0.0117,0.00404,0.0,0.0,0.03337,0.0304,0.9703,0.00515,0.3905,0.02063,0.01661,0.00517,0.32306,0.07203,0.04647,0.0,0.6903,0.11157,0.0052299999999999,0.0,0.0,0.65071,0.01721,0.13823,0.01488,0.0,0.0,0.01061,0.04938,0.0384,0.00109,0.05692,0.0069599999999999,0.0,1.54245,0.0,0.0601,0.16075,0.0683,0.00196,0.0,0.04875,0.0,0.0,0.01803,0.0,0.25902,0.04883,0.06136,5.57606,0.01594,4.4465900000000005,0.97286,1.58758,1.49106,0.0034799999999999,1.82994,0.81647,0.10293,0.23333,0.0300399999999999,0.2852,0.01045,0.0008699999999999,0.01005,0.00448,0.04004,0.32931,0.0199699999999999,0.48957,0.0,0.01379,0.84467,0.00025,0.10717,0.06468,0.0,0.0,0.67709,0.03614,0.0522399999999999,0.04357,0.0,0.02443,0.00975,0.0,0.09116,0.0,0.01504,0.04256,0.02914,0.0,0.0,0.00517,0.0,0.0,0.0,0.0,0.0090099999999999,0.44172,0.0,0.0338399999999999,0.01954,0.88105,0.00731,0.44805,0.14214,0.00021,0.00336,44.48246999999998
37082_3#8,0.0,0.12994,0.0,0.1284799999999999,0.07259,0.0,2.2913,3.34346,0.02274,0.82096,0.04928,0.39852,0.23828,0.0,0.0,0.16076,0.46235,0.00989,0.50265,0.76695,0.05704,0.0,0.8685799999999999,0.0825,0.0,1.35605,0.17377,0.39226,0.11462,0.0,0.0084599999999999,0.00025,2.41859,0.0,0.18809,0.0,0.01426,0.11744,1.0027700000000002,0.0,0.00238,0.02157,0.0,0.0,0.0066099999999999,0.00281,0.2813199999999999,3.70994,0.0,0.00202,0.0855399999999999,0.02128,0.01904,0.94433,1.58083,0.0,0.0558,0.04342,0.03301,1.32297,0.03553,0.74019,0.4852899999999999,0.58032,1.7654599999999998,1.0093,0.24483,0.26279,1.84018,0.00373,0.0,0.04307,0.00455,0.02342,0.02586,0.4634399999999999,3.88631,0.05045,0.5511699999999999,0.01617,0.65378,9.8592,0.3673099999999999,0.20326,0.0794899999999999,0.0,0.0,0.10991,0.02631,0.0052,0.0348399999999999,0.26908,0.0,0.0,0.1883,0.29593,0.4602,0.00472,0.15091,0.1042,0.18563,0.0964,0.78805,0.18353,0.02578,0.02115,0.1363599999999999,0.0648,0.0007099999999999,0.0,0.0,0.4991,0.10894,0.02995,0.04255,0.01967,0.19529,0.0227,0.1115299999999999,1.93971,0.19999,0.21306,0.00317,0.0927299999999999,0.57591,0.0,0.06212,0.2725,0.01928,0.0437,0.0201,0.01858,0.0252599999999999,0.0,0.0046,0.0,0.27553,0.8144,0.0,1.62892,0.5999899999999999,3.95462,0.04896,0.5386,0.04326,1.12733,0.07255,0.50866,0.10482,0.00134,0.1668,0.0094,0.00964,0.07116,0.01869,0.0657799999999999,0.08752,0.05728,0.13313,0.0,0.01942,0.31567,0.01798,0.0734799999999999,0.10317,0.04947,0.08987,0.01355,0.01381,0.07748,0.11554,0.03177,0.0,0.05073,0.05556,0.0,0.05095,0.0053799999999999,0.018,0.07554,0.3629199999999999,0.0,0.0,0.0,0.0,0.0,0.0,0.0,0.0613299999999999,0.13268,0.0,0.07892,0.06107,0.0,0.09277,0.0710799999999999,0.2374099999999999,0.0,0.00697,32.18584999999999
37082_3#9,0.0,14.69647,0.0,0.44033,0.10572,0.07789,4.33919,0.20085,0.0,3.46424,0.05554,3.70939,0.14987,0.0,0.0,0.96291,3.11023,0.25337,0.07415,1.3752,0.09806,0.0,0.59701,14.67284,3.69194,1.95733,3.08829,0.0,0.98987,0.0,0.00293,0.0,0.74019,0.0,0.4814,0.0,0.15011,0.01553,0.02084,0.0,0.0,0.0076799999999999,0.34048,0.00951,0.0,0.07661,0.0471,1.83572,0.0,0.00789,0.0,0.0,0.08,4.7563,5.153230000000001,1.56176,0.78418,0.0,0.0,0.20296,0.32642,0.0,0.0,0.0,0.00433,0.07512,0.10629,0.64481,0.10915,0.0,0.0,0.0,0.01634,0.39898,0.0,0.0,0.07084,0.0,0.0,0.0,0.0087,0.04845,1.6974900000000002,0.35585,0.0,0.4605399999999999,0.01149,0.0,0.27405,0.0,0.0040799999999999,0.02779,0.0,0.0,0.0,0.01945,3.01854,0.01754,0.0,0.31063,0.0,0.0,0.1440799999999999,0.0589299999999999,0.0,0.0,0.0,0.86803,0.2505,0.0,0.0,0.0,0.01182,0.0,0.14451,0.0,0.0,0.04989,0.0,0.0,0.0,0.21625,1.07292,0.03596,0.00301,0.08235,0.39912,0.93654,0.09643,0.6381,0.07332,0.36861,0.0,0.0,0.03386,0.0,0.0,0.0158,0.0,0.0,0.15138,0.0,0.0,0.0,0.0,0.0,0.0,0.0,0.0,0.0,0.0,0.0,0.26968,0.0,0.0,0.0,0.0017,0.0,0.0,0.00125,0.62905,0.01404,0.01816,0.0,0.0,0.07742,0.0,0.0,0.0,0.0,0.0,0.0,0.03858,0.0,0.0,0.0,0.0,0.01344,0.12093,1.29135,0.0,0.0,0.0,0.0,0.0,0.0,0.0,0.0,0.0,0.0,0.09404,0.31716,0.0,0.0,0.0,0.0,0.00179,0.0,0.0,9.068009999999976
