,Bacteroides,Bifidobacterium,Phocaeicola,Fusicatenibacter,Roseburia,Hominilimicola,Blautia,Faecalibacterium,Ruminococcus,Anaerostipes,Collinsella,Agathobacter,Faecalibacillus,Dorea,Simiaoa,Hominenteromicrobium,Mediterraneibacter,Waltera,Candidatus Cibionibacter,Streptococcus,Escherichia,Coprococcus,Clostridium,Agathobaculum,Anaerobutyricum,Anaerotignum,Phascolarctobacterium,Eubacterium,Lentihominibacter,Gallintestinimicrobium,Dysosmobacter,Lachnospira,Haemophilus,Intestinibacter,Prevotella,Segatella,GGB4585,Holdemanella,Catenibacterium,Paratractidigestivibacter,Anthropogastromicrobium,Oscillibacter,Oliverpabstia,Pseudoflavonifractor,Vescimonas,Leyella,GGB9730,GGB51647,GGB4604,GGB9642,GGB9715,GGB9627,GGB81330,GGB9634,Ellagibacter,GGB4552,Romboutsia,Slackia,GGB3256,GGB4642,Senegalimassilia,GGB9760,GGB9766,GGB49409,Faecalicatena,GGB9708,GGB9758,GGB9790,GGB3304,GGB9759,Brotocaccenecus,Methanobrevibacter,GGB3653,Kineothrix,otros
36703_3#10,32.4392936,11.2000836,10.173033599999998,6.6152236,5.2507136,4.1556236,3.9277236,3.5587936000000004,2.8648036,2.3346536,2.1192236,1.5203736,0.8291935999999999,0.8282236,0.8190236,0.6534236,0.6472236,0.4478436,0.3275835999999999,0.3145636,0.2618536,0.2595835999999999,0.25914360000000003,0.1686136,0.1515436,0.1013336,0.10098359999999999,0.0807836,0.07285359999999999,0.0366936,0.0362636,0.023263600000000002,0.0061136,0.0045236,0.0008835999999998999,3.36e-05,3.36e-05,3.36e-05,3.36e-05,3.36e-05,3.36e-05,3.36e-05,3.36e-05,3.36e-05,3.36e-05,3.36e-05,3.36e-05,3.36e-05,3.36e-05,3.36e-05,3.36e-05,3.36e-05,3.36e-05,3.36e-05,3.36e-05,3.36e-05,3.36e-05,3.36e-05,3.36e-05,3.36e-05,3.36e-05,3.36e-05,3.36e-05,3.36e-05,3.36e-05,3.36e-05,3.36e-05,3.36e-05,3.36e-05,3.36e-05,3.36e-05,3.36e-05,3.36e-05,3.36e-05,7.40763360000003
36703_3#12,5.879999999999999e-05,2.0814688,5.879999999999999e-05,1.6304087999999999,2.7793488,0.0231288,2.3934188,13.650358800000001,11.7003588,5.879999999999999e-05,0.2504388,4.5706488,0.061518799999999894,2.8755388,0.1637288,0.0804088,1.7416988,5.879999999999999e-05,0.0919788,0.3899688,1.2323688,2.3080088,2.8543888,1.1389988,0.0527187999999999,0.0177088,5.879999999999999e-05,1.1083188,0.0095888,0.3438288,5.879999999999999e-05,0.059918799999999994,0.1578688,0.0298488,0.1243288,4.0672188,2.5188088000000004,1.1655087999999998,1.0824787999999999,0.5949188000000001,0.5646787999999999,0.4772688,0.4577788,0.3861587999999999,0.3858788,0.3379788,0.3327888,0.3147688,0.2623788,0.2324088,0.20597880000000002,0.1588388,0.14200880000000002,0.1400987999999999,0.12793880000000002,0.11737879999999999,0.1121088,0.0864388,0.0397588,0.0377688,0.0302888,0.0245888,0.0244488,0.0242788,0.0157087999999999,0.0154888,0.0044488,0.0023388000000000003,5.879999999999999e-05,5.879999999999999e-05,5.879999999999999e-05,5.879999999999999e-05,5.879999999999999e-05,5.879999999999999e-05,31.58604880000001
36703_3#13,0.014966666666666666,1.2632366666666668,4.666666666666666e-05,0.055956666666666564,3.7362066666666665,4.666666666666666e-05,0.4636966666666666,20.110056666666665,6.1414566666666675,4.666666666666666e-05,0.11550666666666666,7.222996666666667,0.038266666666666664,0.24789666666666657,3.4351966666666667,4.666666666666666e-05,0.3608966666666666,0.7546366666666666,4.666666666666666e-05,0.3605966666666667,0.007176666666666666,0.9955366666666666,1.7543066666666667,0.37185666666666667,0.008996666666666667,4.666666666666666e-05,0.47769666666666666,0.7533966666666666,4.666666666666666e-05,0.2255666666666667,0.07479666666666666,0.7513766666666666,0.5413966666666666,0.05463666666666667,1.5206266666666668,22.625346666666665,4.666666666666666e-05,0.16287666666666667,0.33632666666666666,0.49351666666666666,0.08185666666666666,0.10558666666666666,4.666666666666666e-05,4.666666666666666e-05,4.666666666666666e-05,0.6912166666666666,0.1631466666666667,4.666666666666666e-05,0.06800666666666666,4.666666666666666e-05,4.666666666666666e-05,4.666666666666666e-05,0.24381666666666668,4.666666666666666e-05,0.005116666666666666,4.666666666666666e-05,0.059416666666666666,0.010786666666666667,4.666666666666666e-05,0.07300666666666666,0.024456666666666665,0.03823666666666667,0.03258666666666667,4.666666666666666e-05,0.032786666666666665,0.5004266666666666,4.666666666666666e-05,4.666666666666666e-05,0.18389666666666668,0.05020666666666666,4.666666666666666e-05,4.666666666666666e-05,4.666666666666666e-05,4.666666666666666e-05,22.157276666666696
36703_3#14,0.011263866666666667,3.9326638666666667,0.025553866666666664,0.32467386666666664,0.16468386666666665,0.08693386666666666,1.6462938666666667,0.5079338666666667,2.7504638666666668,4.386666666666666e-05,0.8784638666666666,0.5036738666666667,0.12447386666666667,1.1206838666666668,0.010443866666666668,0.06410386666666656,0.6385238666666666,4.386666666666666e-05,0.07857386666666667,5.611953866666667,0.03935386666666667,0.6795338666666667,8.497263866666666,0.06507386666666667,0.17407386666666666,4.386666666666666e-05,0.03472386666666667,0.016973866666666667,0.021333866666666666,0.0012338666666666667,4.386666666666666e-05,4.386666666666666e-05,0.09621386666666656,0.19709386666666665,4.386666666666666e-05,33.00636386666667,4.386666666666666e-05,3.8821738666666668,2.0261838666666665,4.386666666666666e-05,0.04871386666666667,4.386666666666666e-05,0.8358238666666666,4.386666666666666e-05,4.386666666666666e-05,1.7152738666666667,0.6008138666666666,0.03532386666666667,0.008683866666666568,0.07457386666666667,4.386666666666666e-05,4.386666666666666e-05,4.386666666666666e-05,4.386666666666666e-05,1.0201938666666666,4.386666666666666e-05,2.6136638666666667,0.7361638666666667,4.386666666666666e-05,4.386666666666666e-05,1.6127638666666666,4.386666666666666e-05,4.386666666666666e-05,4.386666666666666e-05,0.03408386666666667,4.386666666666666e-05,4.386666666666666e-05,4.386666666666666e-05,4.386666666666666e-05,0.0022938666666666666,0.0008938666666665667,4.386666666666666e-05,4.386666666666666e-05,4.386666666666666e-05,23.440553866666672
36703_3#15,3.8266666666666664e-05,14.905108266666666,3.8266666666666664e-05,0.6065682666666667,0.09421826666666666,1.4497282666666667,3.1417882666666666,0.48585826666666665,4.457558266666666,0.7222082666666667,1.5635182666666667,44.21781826666667,0.44351826666666666,0.8796982666666666,3.8266666666666664e-05,0.20859826666666667,0.33398826666666664,3.8266666666666664e-05,1.3896582666666668,2.4214482666666663,3.8266666666666664e-05,0.4331082666666666,3.3634182666666663,3.8266666666666664e-05,0.16106826666666665,3.8266666666666664e-05,3.8266666666666664e-05,0.03957826666666667,0.010598266666666667,0.022948266666666668,3.8266666666666664e-05,0.0032282666666666664,3.8266666666666664e-05,0.054408266666666566,3.8266666666666664e-05,0.40058826666666664,3.8266666666666664e-05,3.8266666666666664e-05,3.8266666666666664e-05,3.8266666666666664e-05,0.0023682666666666663,3.8266666666666664e-05,0.45370826666666664,3.8266666666666664e-05,0.028018266666666666,3.8266666666666664e-05,4.887878266666666,3.8266666666666664e-05,3.8266666666666664e-05,3.8266666666666664e-05,0.061238266666666666,0.005748266666666567,3.8266666666666664e-05,3.8266666666666664e-05,3.8266666666666664e-05,0.004068266666666667,0.5898182666666667,1.5456182666666667,2.4940082666666665,1.4901782666666668,3.8266666666666664e-05,0.23093826666666656,3.8266666666666664e-05,0.05211826666666667,3.8266666666666664e-05,3.8266666666666664e-05,3.8266666666666664e-05,0.009918266666666667,3.8266666666666664e-05,0.13444826666666665,3.8266666666666664e-05,3.8266666666666664e-05,3.8266666666666664e-05,3.8266666666666664e-05,6.198398266666703
36703_3#16,0.02360973333333333,1.5297797333333334,5.9733333333333326e-05,0.19064973333333332,0.8994497333333333,5.9733333333333326e-05,0.30916973333333336,4.483499733333333,8.439319733333333,5.9733333333333326e-05,0.09877973333333334,3.3552197333333336,0.003249733333333333,0.18912973333333333,4.549839733333333,0.09317973333333333,0.09173973333333334,0.6235297333333333,0.12210973333333335,0.10494973333333334,0.004639733333333333,1.5564997333333335,0.9980897333333333,0.04885973333333333,0.08873973333333333,0.0045697333333333335,0.004749733333333334,0.26464973333333336,0.010819733333333333,0.3346097333333333,0.31369973333333334,0.1953597333333333,0.020649733333333233,5.9733333333333326e-05,0.18601973333333333,9.650189733333333,0.023739733333333332,0.23522973333333333,1.0803597333333335,0.004489733333333333,0.08206973333333334,1.4758297333333334,5.9733333333333326e-05,0.26315973333333326,0.2335197333333333,0.24281973333333332,0.09851973333333323,1.5439497333333334,0.04145973333333333,0.05044973333333333,1.8213397333333334,0.08090973333333334,0.9322697333333333,1.5538997333333333,5.9733333333333326e-05,0.31249973333333336,5.9733333333333326e-05,5.9733333333333326e-05,5.9733333333333326e-05,0.18722973333333331,5.9733333333333326e-05,0.12410973333333333,0.08654973333333334,0.0002997333333333333,5.9733333333333326e-05,0.28178973333333335,0.26715973333333326,0.06707973333333334,1.7833097333333334,0.02248973333333333,0.13726973333333323,2.3353997333333334,0.10662973333333334,0.10625973333333334,45.627899733333344
36703_3#17,4.8533333333333325e-05,1.0883485333333334,4.8533333333333325e-05,1.7583285333333334,0.058958533333333334,4.8533333333333325e-05,6.059478533333333,7.946548533333332,1.6504185333333332,0.05974853333333333,2.3265585333333334,0.021938533333333333,0.9823785333333334,2.7606085333333334,4.8533333333333325e-05,0.059278533333333334,0.20437853333333333,4.8533333333333325e-05,4.8533333333333325e-05,17.655118533333333,0.08561853333333333,0.6182585333333334,5.869508533333334,0.8296785333333333,1.2797285333333333,4.8533333333333325e-05,4.8533333333333325e-05,0.20197853333333324,0.0005485333333333333,0.02521853333333333,4.8533333333333325e-05,0.19310853333333333,3.1891685333333335,0.16375853333333334,0.0019485333333333333,4.665438533333334,0.5304685333333333,13.034248533333333,4.8533333333333325e-05,4.8533333333333325e-05,0.5919085333333334,0.03873853333333334,0.10708853333333333,4.8533333333333325e-05,0.18800853333333334,4.8533333333333325e-05,0.19845853333333333,0.7612685333333332,0.11479853333333334,0.14993853333333323,0.4258985333333332,0.19126853333333332,4.8533333333333325e-05,0.008448533333333334,4.8533333333333325e-05,0.2632185333333333,1.0095485333333334,0.09275853333333334,0.049398533333333335,0.17513853333333324,0.19122853333333334,0.12914853333333334,4.8533333333333325e-05,0.0031885333333333335,0.008848533333333334,4.8533333333333325e-05,4.8533333333333325e-05,0.0023285333333333334,4.8533333333333325e-05,0.057068533333333234,4.8533333333333325e-05,4.8533333333333325e-05,4.8533333333333325e-05,4.8533333333333325e-05,21.920418533333326
36703_3#18,0.025074133333333335,6.479174133333333,5.4133333333333326e-05,0.13004413333333323,0.6291041333333334,5.4133333333333326e-05,1.0015341333333332,35.75040413333333,2.104074133333333,5.4133333333333326e-05,2.2601241333333335,0.48490413333333326,0.014044133333333333,2.6695241333333333,0.0014441333333333332,0.005854133333333333,2.9836741333333334,5.4133333333333326e-05,0.8062641333333334,4.377824133333333,1.3098541333333333,0.5344041333333334,0.8768841333333334,0.09352413333333333,0.06728413333333333,0.03303413333333333,5.4133333333333326e-05,0.00039413333333333334,0.24630413333333323,0.09794413333333334,5.4133333333333326e-05,5.4133333333333326e-05,1.7792241333333334,0.31486413333333335,0.11366413333333324,2.0586741333333336,0.16965413333333332,7.128984133333333,3.5014141333333337,1.1620341333333333,0.08373413333333334,0.027834133333333334,0.33477413333333333,0.03589413333333333,0.21819413333333332,0.23501413333333332,0.4076941333333334,0.5486941333333334,5.4133333333333326e-05,0.06504413333333334,0.5002241333333334,0.006144133333333333,0.04236413333333333,0.18202413333333334,0.37821413333333337,5.4133333333333326e-05,2.1163741333333332,0.15439413333333332,0.06910413333333333,0.6148341333333334,0.08076413333333322,0.44572413333333327,0.05096413333333333,5.4133333333333326e-05,5.4133333333333326e-05,5.4133333333333326e-05,0.014674133333333334,0.12845413333333333,5.4133333333333326e-05,0.12404413333333324,5.4133333333333326e-05,5.4133333333333326e-05,5.4133333333333326e-05,5.4133333333333326e-05,13.922694133333362
36703_3#19,0.005745733333333333,12.165445733333332,0.024235733333333332,0.8752657333333334,1.1459857333333332,0.04072573333333333,3.2709357333333333,1.6179957333333332,1.8523857333333331,0.14954573333333335,4.573333333333333e-05,0.9456957333333333,0.46456573333333323,8.260795733333332,0.23655573333333335,4.573333333333333e-05,0.5408957333333333,4.573333333333333e-05,6.136355733333334,8.407535733333333,0.35378573333333335,0.4292457333333333,1.4761657333333331,0.0021257333333333335,1.2841257333333331,4.573333333333333e-05,0.04790573333333333,0.06177573333333333,0.6882557333333333,0.011815733333333333,0.012695733333333334,4.573333333333333e-05,0.08160573333333333,0.0006857333333332333,4.573333333333333e-05,1.6858257333333333,4.573333333333333e-05,4.573333333333333e-05,4.573333333333333e-05,4.573333333333333e-05,4.573333333333333e-05,0.0031357333333333335,0.005115733333333333,4.573333333333333e-05,4.573333333333333e-05,4.573333333333333e-05,11.377315733333333,4.573333333333333e-05,0.10278573333333324,0.028375733333333333,0.15885573333333333,4.573333333333333e-05,4.573333333333333e-05,4.573333333333333e-05,4.573333333333333e-05,0.09751573333333334,0.15355573333333333,1.5835257333333332,3.8707757333333332,4.573333333333333e-05,0.03240573333333333,0.017225733333333333,4.573333333333333e-05,4.573333333333333e-05,0.26431573333333336,4.573333333333333e-05,0.0027457333333333334,0.22820573333333333,4.573333333333333e-05,0.023205733333333332,4.573333333333333e-05,4.573333333333333e-05,0.03468573333333333,0.015425733333333334,29.72295573333332
36703_3#1,5.2694757333333335,4.573333333333333e-05,5.297025733333333,1.1416257333333333,5.992415733333334,0.4176457333333333,0.8999457333333334,15.333325733333332,1.2285157333333332,0.5164257333333333,0.41860573333333334,12.222255733333332,0.33927573333333333,1.3483957333333334,0.04769573333333333,0.11899573333333334,2.812745733333333,1.8659857333333332,0.05599573333333333,0.010145733333333334,4.573333333333333e-05,11.044055733333332,1.0943657333333332,0.3799557333333333,0.015475733333333333,0.9847257333333334,2.2243857333333334,3.475545733333333,0.15606573333333335,0.15257573333333335,0.31985573333333334,2.462685733333333,4.573333333333333e-05,4.573333333333333e-05,4.573333333333333e-05,4.573333333333333e-05,4.573333333333333e-05,4.573333333333333e-05,4.573333333333333e-05,4.573333333333333e-05,0.7327257333333334,2.899695733333333,1.0377757333333333,0.15153573333333334,0.14157573333333334,2.9489357333333333,0.21672573333333334,4.573333333333333e-05,4.573333333333333e-05,4.573333333333333e-05,0.5205057333333334,0.9380557333333334,0.02581573333333333,0.5542057333333333,4.573333333333333e-05,4.573333333333333e-05,0.029605733333333332,4.573333333333333e-05,4.573333333333333e-05,4.573333333333333e-05,4.573333333333333e-05,0.08076573333333334,4.573333333333333e-05,0.02271573333333333,4.573333333333333e-05,0.06241573333333323,4.573333333333333e-05,4.573333333333333e-05,0.18429573333333335,0.03760573333333333,4.573333333333333e-05,4.573333333333333e-05,0.0007957333333333333,4.573333333333333e-05,11.766865733333303
36703_3#21,6.346666666666666e-05,2.5167634666666667,6.346666666666666e-05,0.026063466666666667,0.31056346666666657,0.029653466666666666,0.7824734666666667,1.0825934666666668,1.5814834666666668,0.009923466666666667,0.6676134666666667,0.7810834666666666,6.346666666666666e-05,0.21383346666666667,0.015833466666666667,0.10278346666666667,0.08352346666666666,0.20819346666666666,0.8735334666666666,0.015093466666666668,0.004273466666666666,0.26717346666666664,0.46140346666666665,0.07806346666666666,0.16729346666666667,0.006543466666666667,0.12381346666666666,2.2256934666666663,0.049243466666666666,0.031743466666666664,0.36956346666666656,0.4090834666666667,6.346666666666666e-05,0.031923466666666664,6.346666666666666e-05,1.3898034666666668,0.10703346666666666,0.40365346666666657,0.48094346666666665,0.008383466666666667,0.32421346666666667,1.0300834666666667,0.012983466666666667,0.19974346666666667,0.12778346666666665,6.346666666666666e-05,0.12015346666666657,6.346666666666666e-05,0.023563466666666567,0.16167346666666665,1.4905934666666667,0.04062346666666666,0.04693346666666656,10.073433466666666,0.17995346666666656,0.03345346666666666,0.018413466666666666,0.03735346666666666,0.018153466666666666,0.7202434666666666,0.023343466666666667,0.46051346666666665,0.05882346666666657,0.02422346666666667,0.013873466666666667,0.6088034666666667,0.06827346666666666,0.037453466666666664,1.617763466666667,0.02260346666666657,0.2987434666666667,7.631463466666666,0.033803466666666664,0.07212346666666666,58.45175346666665
36703_3#22,6.533333333333333e-05,4.467005333333334,6.533333333333333e-05,0.9066553333333334,2.986835333333333,0.05167533333333333,1.7462253333333333,2.8466353333333334,6.096165333333333,0.023425333333333333,0.9182453333333334,1.2615153333333333,0.04116533333333333,1.4827953333333332,0.30594533333333335,0.17754533333333336,1.6096753333333333,1.1895253333333333,0.7348953333333333,2.2248053333333333,0.006385333333333333,0.2834453333333333,1.1280453333333333,0.10081533333333334,0.24932533333333334,0.007395333333333334,0.11933533333333333,2.450845333333333,0.06339533333333333,0.07367533333333333,0.04972533333333334,1.4368753333333333,0.014245333333333334,0.015385333333333332,0.21990533333333334,8.538045333333333,0.09770533333333334,3.8447253333333333,6.092005333333334,0.07333533333333334,0.39958533333333335,0.5638253333333334,0.0005953333333333332,0.04497533333333333,0.33323533333333333,0.26195533333333326,1.2687153333333334,6.533333333333333e-05,0.30607533333333337,0.05212533333333323,0.24257533333333334,0.0029553333333333332,0.25522533333333336,0.35183533333333333,0.20138533333333336,0.31855533333333336,6.533333333333333e-05,0.11660533333333323,6.533333333333333e-05,0.8938153333333334,0.15626533333333334,0.19710533333333324,0.05742533333333323,0.10868533333333333,0.0018053333333333333,0.25095533333333336,0.025865333333333233,0.10651533333333334,0.12785533333333335,0.06785533333333334,0.022995333333333333,6.029485333333334,0.027385333333333234,0.08704533333333334,33.18303533333332
36703_3#23,4.293333333333333e-05,0.003662933333333233,4.293333333333333e-05,3.2663429333333336,0.24517293333333334,0.12749293333333334,11.144942933333335,0.08236293333333322,3.2491629333333334,1.1434529333333332,0.5676629333333333,0.9444629333333334,2.2901929333333335,1.2677429333333334,4.293333333333333e-05,0.00044293333333333333,0.3369929333333333,4.293333333333333e-05,0.9633829333333334,0.5900329333333334,0.11813293333333323,0.32637293333333334,0.8068829333333334,0.013342933333333232,0.3304129333333333,4.293333333333333e-05,4.293333333333333e-05,0.039292933333333335,4.293333333333333e-05,0.08711293333333332,4.293333333333333e-05,0.04084293333333333,4.293333333333333e-05,4.293333333333333e-05,4.293333333333333e-05,4.293333333333333e-05,4.293333333333333e-05,16.33146293333333,0.11627293333333333,0.4896329333333333,0.21201293333333335,4.293333333333333e-05,0.012332933333333332,0.009772933333333332,0.009452933333333333,4.293333333333333e-05,7.641202933333333,4.293333333333333e-05,0.09632293333333333,4.293333333333333e-05,4.293333333333333e-05,4.293333333333333e-05,4.293333333333333e-05,4.293333333333333e-05,1.0574329333333334,0.021982933333333333,4.293333333333333e-05,0.07818293333333333,4.293333333333333e-05,0.21170293333333334,0.15245293333333335,0.07330293333333322,0.009252933333333333,0.026842933333333235,0.011802933333333333,4.293333333333333e-05,0.12291293333333332,0.013922933333333333,4.293333333333333e-05,0.04301293333333323,4.293333333333333e-05,4.293333333333333e-05,4.293333333333333e-05,4.293333333333333e-05,45.271582933333335
36703_3#24,4.759999999999999e-05,4.759999999999999e-05,4.759999999999999e-05,5.4315476,0.062077600000000004,4.759999999999999e-05,2.0305875999999996,0.48151759999999993,1.1810376,0.0009776000000000001,0.18510759999999998,0.0357976,0.9192276,0.8874876,4.759999999999999e-05,0.10243759999999999,1.5284776,4.759999999999999e-05,0.12007759999999999,62.00745760000001,3.2874276,0.0016276,6.6775476,0.025397599999999902,0.1671676,4.759999999999999e-05,0.0167876,0.1667276,0.0149975999999999,0.0019276,4.759999999999999e-05,0.0274675999999999,0.6803276,4.759999999999999e-05,4.759999999999999e-05,0.5526276,0.2323276,3.8487875999999996,0.4152076,0.2550676,0.30661760000000005,4.759999999999999e-05,0.2045776,0.00023759999999999997,0.015017599999999999,0.2387475999999999,0.46085760000000003,4.759999999999999e-05,0.0409876,4.759999999999999e-05,4.759999999999999e-05,0.0052075999999999,0.0014876000000000002,4.759999999999999e-05,0.1334376,4.759999999999999e-05,0.0498076,0.027207600000000002,0.0109976,0.0017776,0.012417599999999999,0.0400776,4.759999999999999e-05,0.0054676,4.759999999999999e-05,4.759999999999999e-05,4.759999999999999e-05,0.0040076,4.759999999999999e-05,0.019617600000000002,4.759999999999999e-05,0.0116376,4.759999999999999e-05,4.759999999999999e-05,7.063427600000004
36703_3#25,4.573333333333333e-05,1.9835057333333332,4.573333333333333e-05,1.8399657333333332,5.956005733333334,4.573333333333333e-05,0.9504957333333334,5.230715733333334,0.39930573333333336,0.02050573333333333,1.3056757333333333,1.0428857333333332,0.04279573333333333,2.9525957333333332,0.003945733333333333,0.02926573333333323,0.8078857333333334,0.0006557333333332333,0.05983573333333333,24.854885733333333,20.606795733333335,0.24634573333333323,0.6872157333333333,0.37208573333333333,0.08700573333333333,4.573333333333333e-05,0.022175733333333333,0.050655733333333335,4.573333333333333e-05,0.05283573333333333,4.573333333333333e-05,0.8102657333333333,3.4779157333333335,4.573333333333333e-05,0.023105733333333333,7.664655733333334,0.22861573333333335,4.750885733333334,4.903835733333334,0.11467573333333334,0.04078573333333333,0.07127573333333334,0.07047573333333333,4.573333333333333e-05,4.573333333333333e-05,0.15015573333333335,0.03836573333333333,0.021575733333333333,0.019965733333333333,0.0017557333333333331,4.573333333333333e-05,4.573333333333333e-05,4.573333333333333e-05,4.573333333333333e-05,0.06072573333333333,0.016805733333333333,4.573333333333333e-05,0.14545573333333334,0.02000573333333333,4.573333333333333e-05,0.03216573333333323,4.573333333333333e-05,4.573333333333333e-05,4.573333333333333e-05,4.573333333333333e-05,4.573333333333333e-05,4.573333333333333e-05,4.573333333333333e-05,0.006545733333333334,4.573333333333333e-05,4.573333333333333e-05,0.007025733333333333,4.573333333333333e-05,4.573333333333333e-05,7.715725733333316
36703_3#26,5.6933333333333326e-05,0.21120693333333332,5.6933333333333326e-05,1.1710369333333333,3.4664869333333335,5.6933333333333326e-05,0.7007569333333333,9.324086933333334,1.2242769333333334,0.003956933333333333,0.9698969333333334,5.150626933333333,0.2727769333333333,0.9439069333333333,5.463956933333333,0.07221693333333323,0.3275269333333333,1.1513769333333332,0.16326693333333334,0.5119069333333333,0.7636969333333333,11.956836933333333,1.4334969333333334,0.05288693333333334,0.023216933333333335,0.019036933333333336,0.018736933333333334,0.09469693333333333,0.24614693333333332,0.04321693333333333,0.028896933333333336,5.6933333333333326e-05,0.029606933333333335,0.015446933333333333,0.8334969333333334,21.944106933333334,5.6933333333333326e-05,1.6040869333333334,4.240956933333333,0.3614869333333333,5.6933333333333326e-05,0.5148269333333333,0.050586933333333334,0.042956933333333336,0.09520693333333333,0.24132693333333333,0.3460069333333333,0.24022693333333334,5.6933333333333326e-05,0.04647693333333333,0.43121693333333333,0.043816933333333336,0.048236933333333336,0.6788169333333334,0.23315693333333332,5.6933333333333326e-05,0.08686693333333333,0.060106933333333334,0.3188569333333333,5.6933333333333326e-05,0.026496933333333333,0.17021693333333332,0.056296933333333334,0.010416933333333333,5.6933333333333326e-05,5.6933333333333326e-05,0.05153693333333333,0.03435693333333333,0.19523693333333333,0.08638693333333333,5.6933333333333326e-05,5.6933333333333326e-05,5.6933333333333326e-05,0.32948693333333334,20.720756933333334
36703_3#27,5.9733333333333326e-05,2.7127697333333334,5.9733333333333326e-05,0.08562973333333333,0.06913973333333334,5.9733333333333326e-05,0.49433973333333336,6.823819733333333,3.9472297333333333,0.019569733333333332,1.4916197333333334,0.5648597333333333,5.9733333333333326e-05,1.3466197333333334,0.015639733333333333,0.09832973333333334,1.2633697333333334,0.04447973333333323,0.14558973333333333,0.16293973333333334,0.0017597333333332333,2.3382897333333332,0.5631797333333333,0.04076973333333333,0.22680973333333332,5.9733333333333326e-05,0.03198973333333333,0.23353973333333333,0.024999733333333333,0.04668973333333333,0.04326973333333333,5.9733333333333326e-05,0.45274973333333335,5.9733333333333326e-05,0.44286973333333335,8.085299733333333,0.05080973333333333,2.3174297333333334,2.4601197333333333,0.14351973333333332,0.16216973333333332,0.35230973333333326,0.23846973333333332,0.05336973333333333,0.18521973333333333,0.4553897333333334,0.03691973333333333,10.892829733333333,0.020989733333333333,0.29087973333333333,0.2618397333333334,5.9733333333333326e-05,0.004359733333333333,1.3297697333333334,0.08491973333333323,0.055669733333333235,0.25910973333333326,0.03717973333333333,0.06773973333333334,0.22155973333333331,0.03189973333333333,0.06227973333333333,0.10302973333333335,0.003949733333333334,5.9733333333333326e-05,0.1338297333333333,1.8926797333333334,0.11559973333333323,0.15721973333333333,0.01925973333333333,0.0015897333333333334,8.732219733333332,5.9733333333333326e-05,5.9733333333333326e-05,36.945049733333335
36703_3#28,5.6933333333333326e-05,1.5003069333333334,5.6933333333333326e-05,0.47408693333333335,4.815116933333333,5.6933333333333326e-05,1.1843769333333334,13.719696933333333,1.1725469333333334,5.6933333333333326e-05,1.4306369333333333,3.0133569333333337,0.22229693333333322,0.7198469333333334,0.3273369333333333,0.030936933333333333,1.5486969333333334,0.10315693333333333,0.14587693333333332,19.440676933333332,0.28830693333333324,0.9078769333333333,0.3103769333333333,0.055826933333333335,0.19277693333333332,0.062446933333333336,5.6933333333333326e-05,0.23520693333333323,0.07534693333333332,0.17890693333333332,0.05080693333333333,5.6933333333333326e-05,2.8447769333333337,0.029226933333333333,0.023516933333333333,5.8412869333333335,5.6933333333333326e-05,2.0216469333333333,5.1165769333333335,1.0342369333333332,0.07979693333333333,0.9038269333333333,0.009446933333333333,0.03365693333333333,0.5148669333333333,0.19209693333333333,0.09939693333333333,0.12511693333333332,0.7760569333333333,0.24805693333333323,0.05535693333333334,0.006706933333333334,0.07700693333333333,0.34692693333333335,0.4058769333333333,0.3860669333333333,5.6933333333333326e-05,0.10292693333333333,5.6933333333333326e-05,0.014096933333333332,0.14866693333333333,0.11499693333333323,0.10773693333333333,0.024476933333333336,5.6933333333333326e-05,0.06512693333333333,0.04829693333333333,0.08732693333333333,5.6933333333333326e-05,0.025266933333333335,5.6933333333333326e-05,0.08712693333333332,5.6933333333333326e-05,5.6933333333333326e-05,25.794796933333302
36703_3#29,5.879999999999999e-05,5.879999999999999e-05,5.879999999999999e-05,0.2438788,0.5836888,5.879999999999999e-05,0.1735188,15.4139388,0.9090788,5.879999999999999e-05,0.3763488,0.3582888,0.043948799999999996,0.6646688000000001,0.0380188,0.0263288,0.5707388,0.14078880000000002,0.16875880000000001,2.5329088000000004,0.3511487999999999,0.0871188,11.0267488,0.22496880000000002,0.0208588,0.0042787999999998995,1.6527987999999998,1.5018988,0.0013587999999999999,1.4550588,5.879999999999999e-05,0.1823488,4.7494688,0.8041988000000001,0.6630688,15.7180788,0.7459188,1.1789488,0.4608488,0.0136988,0.0124487999999999,0.3126088,0.0198388,0.043468799999999995,5.879999999999999e-05,1.4964988,0.1344788,0.0066487999999999,0.2671888,0.2412587999999999,5.879999999999999e-05,5.879999999999999e-05,0.1452988,0.2301088,0.0554187999999999,0.051278799999999895,0.7598888,0.0207888,0.0730788,0.0384688,0.0129688,0.0570088,0.011768800000000001,5.879999999999999e-05,0.0371188,0.1864288,0.0545588,0.0038788,0.036278799999999896,0.0040587999999999996,5.879999999999999e-05,0.35113880000000003,5.879999999999999e-05,0.3708188,31.876778800000036
36703_3#2,2.3462345333333334,0.7005345333333334,13.023584533333333,0.30756453333333333,3.6270045333333334,0.46720453333333334,0.9773345333333333,22.023454533333332,0.45810453333333323,0.13407453333333322,0.5151145333333333,2.2492045333333337,0.22330453333333333,0.15819453333333322,3.453333333333333e-05,0.036934533333333235,0.36560453333333337,3.453333333333333e-05,0.014184533333333233,0.07809453333333323,1.0586645333333333,1.9343245333333334,4.363554533333334,0.12054453333333323,0.005944533333333333,0.02900453333333323,0.37758453333333325,0.04065453333333333,3.453333333333333e-05,0.020454533333333334,0.034114533333333336,5.657934533333333,0.011694533333333234,3.453333333333333e-05,3.453333333333333e-05,27.964084533333335,3.453333333333333e-05,3.453333333333333e-05,3.453333333333333e-05,3.453333333333333e-05,0.0035145333333333334,3.453333333333333e-05,3.453333333333333e-05,3.453333333333333e-05,0.33752453333333327,3.453333333333333e-05,0.10346453333333333,3.453333333333333e-05,3.453333333333333e-05,3.453333333333333e-05,3.453333333333333e-05,3.453333333333333e-05,3.453333333333333e-05,3.453333333333333e-05,3.453333333333333e-05,3.453333333333333e-05,3.453333333333333e-05,3.453333333333333e-05,4.158594533333334,3.453333333333333e-05,3.453333333333333e-05,3.453333333333333e-05,3.453333333333333e-05,3.453333333333333e-05,0.10028453333333334,3.453333333333333e-05,3.453333333333333e-05,3.453333333333333e-05,3.453333333333333e-05,3.453333333333333e-05,3.453333333333333e-05,3.453333333333333e-05,3.453333333333333e-05,3.453333333333333e-05,5.97101453333334
36703_3#30,0.12727253333333333,0.025372533333333332,6.253333333333333e-05,0.041252533333333334,1.0352625333333332,0.12686253333333333,0.40286253333333333,2.2484525333333334,1.5152525333333333,6.253333333333333e-05,0.30002253333333334,0.9255925333333334,6.253333333333333e-05,0.32344253333333334,0.4268725333333333,0.049122533333333336,0.25605253333333333,0.05322253333333324,0.23453253333333332,0.15774253333333332,1.3722025333333332,0.3624325333333333,0.8656125333333334,0.14064253333333332,0.027212533333333233,6.253333333333333e-05,6.253333333333333e-05,4.198292533333333,0.11698253333333333,6.253333333333333e-05,0.06898253333333333,0.11117253333333334,0.040282533333333335,0.040192533333333336,0.24627253333333332,21.072662533333332,0.15962253333333332,0.46636253333333333,0.6339425333333334,0.1298125333333333,0.020942533333333332,0.5718825333333334,0.016602533333333332,0.08586253333333334,0.07447253333333323,0.018092533333333334,0.4367725333333333,0.017022533333333333,0.054602533333333335,0.13996253333333333,5.798852533333334,0.020302533333333234,0.062152533333333336,2.0106825333333336,0.15746253333333332,0.2786725333333333,6.253333333333333e-05,0.025012533333333333,0.20976253333333322,0.6624625333333334,0.07757253333333333,0.2170925333333333,0.06252253333333334,0.01893253333333333,6.253333333333333e-05,0.6632725333333334,0.5673025333333334,0.07874253333333334,1.4536525333333332,0.006402533333333234,0.09547253333333333,1.6424925333333333,0.20714253333333332,0.12144253333333334,45.824002533333335
36703_3#31,4.759999999999999e-05,1.4108776,4.759999999999999e-05,0.15321759999999998,0.2024976,0.1525676,1.6882576,0.29279759999999994,3.2584975999999997,4.759999999999999e-05,0.8074976,0.018607600000000002,0.10498759999999989,1.0448576,0.0093276,0.08905759999999989,0.7929376,4.759999999999999e-05,0.1490176,68.92688759999999,0.1019276,0.06252759999999999,0.43150760000000005,0.009447599999999999,0.1437676,4.759999999999999e-05,4.759999999999999e-05,0.0385676,4.759999999999999e-05,4.759999999999999e-05,4.759999999999999e-05,4.759999999999999e-05,0.0406976,4.759999999999999e-05,4.759999999999999e-05,0.2431076,0.021757600000000002,2.8861676,2.8619975999999996,2.2378076,0.0006176,0.0072176,0.021927600000000002,0.0014975999999999,4.759999999999999e-05,0.0127375999999999,0.7656276000000001,0.07051759999999989,0.10611759999999999,0.0172676,4.759999999999999e-05,0.0469276,0.0586276,4.759999999999999e-05,0.5295376,0.0026076,0.0329076,0.0563076,4.759999999999999e-05,0.08958759999999999,0.0528276,0.0323376,4.759999999999999e-05,0.0341676,4.759999999999999e-05,4.759999999999999e-05,4.759999999999999e-05,0.0204276,4.759999999999999e-05,0.0313675999999999,4.759999999999999e-05,4.759999999999999e-05,4.759999999999999e-05,0.0087976,9.817727600000039
36703_3#32,5.039999999999999e-05,0.0140904,5.039999999999999e-05,1.2016104,0.18839039999999999,5.039999999999999e-05,5.0523904,2.3928104,1.3458804000000002,0.1083903999999999,3.1889104,1.2613204,0.6377604,1.8746204000000002,0.11820040000000001,0.0277304,2.5721204,0.0636103999999999,0.32694039999999996,19.1562104,5.039999999999999e-05,1.4592004000000003,0.0403703999999999,0.3134503999999999,0.5381404000000001,5.039999999999999e-05,0.0251804,0.0607004,0.0244104,5.039999999999999e-05,5.039999999999999e-05,0.0140904,0.0868904,0.0011304,0.13088039999999998,5.0210403999999995,0.7303004,6.2475704,11.6272004,0.8141104,0.0056804,5.039999999999999e-05,0.1235204,5.039999999999999e-05,5.039999999999999e-05,0.3189804,0.8618904000000001,0.039130399999999996,0.6141804,0.0009704,5.039999999999999e-05,5.039999999999999e-05,0.0040904,5.039999999999999e-05,0.8236504000000001,0.4472404,0.1638304,0.2174104,5.039999999999999e-05,2.0736504,0.2743604,0.0075804,5.039999999999999e-05,0.0097204,5.039999999999999e-05,5.039999999999999e-05,5.039999999999999e-05,0.0407204,5.039999999999999e-05,0.024870399999999997,5.039999999999999e-05,0.0267104,5.039999999999999e-05,0.9440404,26.31106039999998
36703_3#3,0.18886226666666667,0.032332266666666665,0.3066222666666667,0.06338226666666666,0.8710322666666667,5.226666666666666e-05,0.14395226666666666,6.229962266666667,1.6138922666666666,0.041322266666666566,0.21290226666666656,2.2223922666666667,0.6967822666666666,0.7600322666666667,0.4175722666666666,0.006872266666666667,0.7960922666666667,5.226666666666666e-05,0.08679226666666666,0.11715226666666666,5.226666666666666e-05,3.186012266666667,0.39311226666666665,0.8819322666666667,0.027862266666666666,0.024762266666666668,5.226666666666666e-05,0.05582226666666667,5.226666666666666e-05,0.13979226666666666,0.08597226666666666,1.2651822666666668,0.04171226666666667,5.226666666666666e-05,5.226666666666666e-05,57.747552266666666,0.7151222666666667,0.5598422666666667,5.226666666666666e-05,0.10035226666666666,0.017112266666666667,0.6815622666666666,0.004292266666666667,0.056742266666666666,0.04839226666666667,5.226666666666666e-05,0.3131722666666667,3.2357522666666667,0.7443622666666667,0.15704226666666657,0.7465122666666667,0.06224226666666667,5.226666666666666e-05,0.14315226666666667,0.06439226666666666,5.226666666666666e-05,0.02506226666666667,0.027982266666666568,5.226666666666666e-05,0.016792266666666666,5.226666666666666e-05,5.226666666666666e-05,0.0021622666666666667,5.226666666666666e-05,0.07240226666666666,5.226666666666666e-05,0.0035922666666666665,5.226666666666666e-05,0.013332266666666667,5.226666666666666e-05,0.24939226666666667,5.226666666666666e-05,0.006472266666666667,0.026462266666666668,13.247642266666649
36703_3#5,0.5974026666666666,4.016052666666667,0.07461266666666666,3.266666666666666e-05,0.3512826666666666,3.266666666666666e-05,1.5483526666666667,0.13392266666666666,2.767612666666667,0.0003826666666666667,3.666722666666667,0.09796266666666667,0.17722266666666667,0.8500126666666666,3.266666666666666e-05,3.266666666666666e-05,4.265112666666667,3.266666666666666e-05,3.266666666666666e-05,0.6544026666666666,0.6917726666666667,0.42445266666666664,0.6975026666666666,3.266666666666666e-05,0.05633266666666667,3.266666666666666e-05,0.0032026666666666666,0.7653226666666667,0.03618266666666667,3.266666666666666e-05,0.008362666666666666,0.029512666666666666,3.266666666666666e-05,3.266666666666666e-05,3.266666666666666e-05,0.17867266666666656,3.266666666666666e-05,3.266666666666666e-05,3.266666666666666e-05,3.266666666666666e-05,3.266666666666666e-05,0.03196266666666667,3.266666666666666e-05,3.266666666666666e-05,0.28048266666666666,3.266666666666666e-05,3.266666666666666e-05,3.7795826666666668,3.266666666666666e-05,3.266666666666666e-05,0.16338266666666668,3.266666666666666e-05,3.266666666666666e-05,3.266666666666666e-05,3.266666666666666e-05,3.266666666666666e-05,3.266666666666666e-05,3.266666666666666e-05,0.042732666666666565,3.266666666666666e-05,3.266666666666666e-05,3.266666666666666e-05,3.266666666666666e-05,3.266666666666666e-05,0.3000526666666667,0.0032326666666666667,0.12337266666666656,3.266666666666666e-05,3.266666666666666e-05,3.266666666666666e-05,3.266666666666666e-05,3.266666666666666e-05,0.5253726666666667,0.0005126666666666667,72.65563266666665
36703_3#6,4.199999999999999e-05,5.175452,0.012461999999999999,0.362812,2.555802,0.005292,3.535622,0.25143200000000004,9.014082,0.354852,4.822582,14.080371999999999,0.49672200000000005,2.578792,4.199999999999999e-05,0.177532,0.6946619999999999,0.0045119999999999995,0.022062,27.180682,0.28135200000000005,4.143681999999999,0.30521200000000004,0.193722,0.0930619999999999,4.199999999999999e-05,0.0231819999999999,0.134932,0.097932,0.050732,4.199999999999999e-05,0.016172,4.199999999999999e-05,4.199999999999999e-05,4.199999999999999e-05,1.0060520000000002,4.199999999999999e-05,0.043882,0.058972,4.199999999999999e-05,0.0288919999999999,0.017062,0.061782,4.199999999999999e-05,4.199999999999999e-05,4.199999999999999e-05,0.036162,0.036072,4.199999999999999e-05,4.199999999999999e-05,4.199999999999999e-05,4.199999999999999e-05,4.199999999999999e-05,0.0229319999999999,0.032372,4.199999999999999e-05,4.199999999999999e-05,4.199999999999999e-05,4.199999999999999e-05,4.199999999999999e-05,4.199999999999999e-05,4.199999999999999e-05,4.199999999999999e-05,4.199999999999999e-05,0.018401999999999998,0.034722,4.199999999999999e-05,4.199999999999999e-05,0.001452,4.199999999999999e-05,4.199999999999999e-05,0.016252,0.090982,0.004872,21.822172000000027
36703_3#7,4.410961333333334,0.7481013333333334,6.9262213333333325,0.5097813333333334,0.5165713333333334,0.004181333333333333,0.8370813333333333,3.3547613333333337,1.5545913333333334,0.6423313333333334,1.8711113333333333,0.12510133333333334,0.34786133333333336,1.5220913333333335,0.10487133333333333,0.05307133333333333,1.3653413333333333,0.11845133333333334,0.7260213333333334,0.022051333333333333,0.5822813333333334,0.28796133333333335,0.8007113333333334,0.06323133333333333,0.05590133333333333,0.06765133333333333,0.4539713333333332,0.5772313333333334,0.32825133333333334,0.07256133333333323,1.3238813333333335,0.09840133333333333,0.07982133333333333,5.1333333333333325e-05,5.1333333333333325e-05,5.255551333333333,5.1333333333333325e-05,5.1333333333333325e-05,5.1333333333333325e-05,5.1333333333333325e-05,0.07584133333333333,2.3165713333333335,0.4909213333333333,0.03847133333333323,1.1290013333333333,5.1333333333333325e-05,0.3357113333333333,5.1333333333333325e-05,5.1333333333333325e-05,5.1333333333333325e-05,1.1197313333333334,0.6213313333333333,0.19320133333333334,1.8261213333333335,5.1333333333333325e-05,5.1333333333333325e-05,5.1333333333333325e-05,5.1333333333333325e-05,0.2677213333333333,0.049661333333333335,5.1333333333333325e-05,5.1333333333333325e-05,5.1333333333333325e-05,0.035721333333333334,1.2978113333333332,1.6586513333333335,5.1333333333333325e-05,5.1333333333333325e-05,1.4086013333333334,5.1333333333333325e-05,1.5265313333333335,1.0152013333333334,0.20921133333333333,1.4312513333333334,47.14374133333333
36703_3#8,4.349475733333334,0.3588657333333333,1.7340257333333333,2.3238757333333333,5.258165733333334,0.39065573333333337,0.5807257333333333,18.678195733333332,12.136325733333333,0.48575573333333333,0.09270573333333323,5.431645733333334,0.25669573333333334,0.18523573333333324,0.009715733333333334,0.23725573333333333,0.7451257333333333,0.05193573333333333,1.7223557333333332,0.020115733333333333,0.0015857333333333334,3.1949557333333334,3.7285757333333334,0.11816573333333334,0.005795733333333333,0.28516573333333334,0.08588573333333334,0.5131857333333334,4.573333333333333e-05,1.4805757333333331,0.4255857333333333,1.2645157333333332,0.016575733333333332,4.573333333333333e-05,4.573333333333333e-05,4.573333333333333e-05,4.573333333333333e-05,4.573333333333333e-05,4.573333333333333e-05,4.573333333333333e-05,0.35650573333333335,0.7732257333333333,4.573333333333333e-05,0.0031657333333332334,0.03135573333333333,4.573333333333333e-05,0.012265733333333334,4.573333333333333e-05,4.573333333333333e-05,4.573333333333333e-05,0.7503657333333333,4.573333333333333e-05,4.573333333333333e-05,1.5141857333333333,4.573333333333333e-05,0.45439573333333333,4.573333333333333e-05,4.573333333333333e-05,1.6236657333333333,4.573333333333333e-05,4.573333333333333e-05,0.06553573333333333,4.573333333333333e-05,4.573333333333333e-05,0.21207573333333335,0.44107573333333333,5.242485733333334,4.573333333333333e-05,4.573333333333333e-05,4.573333333333333e-05,0.2629957333333333,4.573333333333333e-05,0.15627573333333333,0.4055457333333333,21.524265733333312
36703_3#9,3.9628885333333335,0.3129785333333333,4.738828533333334,0.46308853333333333,5.552898533333333,0.2593085333333333,0.7108885333333334,8.225508533333334,19.157008533333332,0.042848533333333334,0.14424853333333335,6.613158533333334,0.043958533333333334,0.10204853333333333,0.025408533333333334,0.21616853333333333,0.6056485333333332,3.3659385333333334,0.6889385333333333,0.019278533333333334,4.8533333333333325e-05,2.9913785333333336,0.5989485333333333,0.13053853333333323,0.02188853333333333,0.025108533333333332,0.5118385333333333,0.3612885333333332,4.8533333333333325e-05,0.7345585333333333,0.4565685333333332,2.6197885333333337,0.05058853333333334,0.030868533333333233,4.8533333333333325e-05,4.8533333333333325e-05,0.3717485333333333,4.8533333333333325e-05,4.8533333333333325e-05,4.8533333333333325e-05,0.14088853333333323,0.5874185333333333,4.8533333333333325e-05,4.8533333333333325e-05,0.6382485333333333,4.8533333333333325e-05,0.14288853333333323,0.7263185333333333,0.19022853333333334,4.8533333333333325e-05,1.7986385333333332,4.8533333333333325e-05,0.13482853333333333,4.8533333333333325e-05,4.8533333333333325e-05,0.4449885333333333,0.004228533333333334,4.8533333333333325e-05,4.8533333333333325e-05,4.8533333333333325e-05,4.8533333333333325e-05,0.023958533333333334,4.8533333333333325e-05,4.8533333333333325e-05,0.10071853333333333,0.042808533333333336,2.2748185333333337,0.006538533333333333,4.8533333333333325e-05,0.012368533333333334,4.8533333333333325e-05,4.8533333333333325e-05,0.07758853333333333,0.19702853333333334,28.298228533333347
37035_1#10,4.946666666666666e-05,0.012169466666666667,4.946666666666666e-05,0.041139466666666666,0.04374946666666656,4.946666666666666e-05,1.0077194666666667,0.0018394666666666669,0.33699946666666664,4.946666666666666e-05,0.17160946666666668,4.946666666666666e-05,0.031439466666666666,0.17685946666666658,0.008829466666666667,0.039639466666666665,0.11011946666666667,0.0004594666666665667,0.10676946666666666,0.048299466666666666,0.47600946666666666,0.06166946666666656,0.9741294666666667,4.946666666666666e-05,0.08555946666666657,4.946666666666666e-05,4.946666666666666e-05,0.11732946666666666,0.16463946666666668,4.946666666666666e-05,4.946666666666666e-05,4.946666666666666e-05,0.014079466666666667,0.07399946666666667,4.946666666666666e-05,0.22857946666666668,0.08232946666666667,0.35133946666666666,0.34461946666666665,0.06689946666666666,4.946666666666666e-05,0.08732946666666666,0.042199466666666664,4.946666666666666e-05,0.0017894666666666667,4.946666666666666e-05,0.05419946666666666,0.03000946666666667,0.031729466666666664,0.006709466666666666,0.05600946666666656,4.946666666666666e-05,4.946666666666666e-05,0.21120946666666668,0.31282946666666667,0.014689466666666567,0.03450946666666666,0.026309466666666666,0.0053194666666666664,0.37814946666666666,0.05542946666666666,0.019399466666666667,4.946666666666666e-05,4.946666666666666e-05,4.946666666666666e-05,0.006209466666666566,0.012329466666666667,0.12300946666666666,0.14761946666666667,0.011059466666666667,4.946666666666666e-05,1.9221294666666666,4.946666666666666e-05,0.004419466666666566,91.22548946666667
37035_1#11,3.64e-05,3.64e-05,3.64e-05,0.0065164,0.0058764,3.64e-05,0.28842639999999997,0.0195264,0.2193164,3.64e-05,0.2136363999999999,0.0167964,0.0047264,0.1163064,3.64e-05,0.0014264,0.14981640000000002,3.64e-05,0.1314264,2.6202364,1.9776863999999998,3.64e-05,0.0100564,3.64e-05,0.0656264,3.64e-05,3.64e-05,3.64e-05,0.0146564,3.64e-05,3.64e-05,3.64e-05,0.2154564,3.64e-05,0.0105564,0.1931264,3.64e-05,0.34509639999999997,0.5090564,0.0862464,3.64e-05,3.64e-05,0.0009863999999999,3.64e-05,3.64e-05,0.0330164,0.32449639999999996,0.008716400000000001,0.0063763999999999,3.64e-05,3.64e-05,3.64e-05,3.64e-05,0.0069764,0.1042364,3.64e-05,3.64e-05,0.0104263999999999,3.64e-05,0.0248164,0.015916399999999997,0.0022364,3.64e-05,3.64e-05,3.64e-05,3.64e-05,3.64e-05,0.0068763999999999,0.0016964,3.64e-05,3.64e-05,0.0132064,3.64e-05,0.0022164,92.2148964
37035_1#12,0.05982533333333323,0.027145333333333334,6.533333333333333e-05,0.04001533333333333,0.8473953333333334,0.17064533333333334,0.6060553333333334,1.6969853333333336,1.4847653333333333,6.533333333333333e-05,0.22307533333333335,0.7281953333333333,0.0009953333333333333,0.27782533333333337,0.7466653333333333,0.06594533333333333,0.26325533333333334,0.15944533333333336,0.30948533333333333,0.15475533333333324,1.4354053333333334,0.37398533333333334,1.1565553333333334,0.19928533333333334,0.047955333333333336,0.008605333333333333,6.533333333333333e-05,6.557765333333333,0.07586533333333334,6.533333333333333e-05,0.09460533333333333,0.10692533333333333,0.05186533333333333,0.09463533333333334,0.25392533333333334,13.898255333333333,0.21765533333333334,0.4190953333333333,0.5823453333333334,0.13671533333333336,0.021385333333333333,0.7033953333333334,0.05614533333333333,0.10563533333333333,0.07828533333333333,0.0018053333333333333,0.6800053333333334,0.017895333333333333,0.07956533333333334,0.11163533333333334,5.680965333333333,0.030185333333333234,0.07136533333333334,2.581475333333333,0.26581533333333335,0.38033533333333336,0.007515333333333333,0.014025333333333334,0.17566533333333334,1.2029153333333333,0.08526533333333333,0.30038533333333334,0.10076533333333333,0.028845333333333334,6.533333333333333e-05,0.8421853333333333,0.8097653333333333,0.11714533333333334,1.6650153333333335,0.017485333333333332,0.10679533333333334,1.8685553333333333,0.14353533333333335,0.15922533333333325,47.91476533333335
37035_1#13,5.506666666666666e-05,0.0012050666666666666,5.506666666666666e-05,0.04556506666666667,2.3399450666666666,5.506666666666666e-05,0.13171506666666657,4.329455066666666,5.602405066666667,5.506666666666666e-05,0.020665066666666666,3.4688350666666667,5.506666666666666e-05,0.14277506666666667,0.031485066666666665,0.013255066666666567,0.42427506666666653,0.06642506666666667,0.0018050666666666667,0.9935750666666666,1.9159050666666668,1.2310450666666668,0.6584850666666666,0.024035066666666664,0.00027506666666666667,0.029725066666666664,0.04044506666666667,0.027255066666666664,5.506666666666666e-05,0.054315066666666564,0.09616506666666667,5.506666666666666e-05,5.506666666666666e-05,5.506666666666666e-05,1.1333450666666667,37.07385506666667,0.12344506666666658,0.06040506666666667,0.23616506666666667,0.0017850666666666666,0.34747506666666667,0.7645250666666666,5.506666666666666e-05,0.4730450666666666,0.03144506666666667,0.9295350666666666,0.009055066666666667,0.014745066666666567,0.46807506666666654,0.10215506666666667,2.6027550666666666,5.506666666666666e-05,0.13280506666666667,0.3460950666666666,5.506666666666666e-05,0.026955066666666565,0.07794506666666667,5.506666666666666e-05,0.22034506666666667,0.05966506666666666,5.506666666666666e-05,0.010205066666666667,0.002195066666666667,5.506666666666666e-05,0.0016050666666666666,0.7475550666666666,0.006055066666666667,0.00036506666666656667,0.27864506666666655,0.0061250666666666665,0.037215066666666664,0.5078350666666667,5.506666666666666e-05,0.008765066666666666,31.46589506666665
37035_1#14,6.159999999999999e-05,6.159999999999999e-05,6.159999999999999e-05,0.0506916,0.0064316,0.0602216,0.9627616,0.3298616,1.1876516,6.159999999999999e-05,0.1306216,0.0217016,0.0016016000000000001,0.1876516,0.015251599999999999,0.1557316,0.41544159999999997,0.0249816,0.1780516,0.0313016,6.159999999999999e-05,0.23507160000000002,0.2262816,0.0619315999999999,0.058571599999999904,6.159999999999999e-05,0.0132316,0.1487216,0.016821600000000003,0.0105416,0.1812616,6.159999999999999e-05,0.026971600000000002,0.0141115999999999,0.0330716,1.2690915999999999,0.0200916,0.2583116,0.9608416,0.0488216,0.0448316,1.1566916,0.0020816,0.0552316,0.39540159999999996,0.0052515999999999995,0.1182616,0.25180159999999996,0.0015216,0.2623816,0.8228516,0.0525416,0.10409159999999999,2.2328116,0.2999516,0.014991599999999999,0.006661599999999999,0.006381599999999999,0.15089160000000001,1.2037816,6.159999999999999e-05,0.2284416,0.09880159999999999,0.012271599999999999,6.159999999999999e-05,1.4260916,0.2997216,0.0636916,0.5130916,0.0699316,0.1922316,4.7835516,0.1457015999999999,0.0017016,77.6321016
37035_1#15,3.5466666666666664e-05,3.5466666666666664e-05,3.5466666666666664e-05,1.7389754666666666,0.21395546666666668,3.5466666666666664e-05,15.640695466666667,30.796005466666667,4.942775466666666,3.5466666666666664e-05,3.5466666666666664e-05,1.2078754666666667,3.5466666666666664e-05,1.8701754666666666,3.5466666666666664e-05,3.5466666666666664e-05,2.024865466666667,0.12815546666666666,0.07857546666666666,1.1380854666666667,0.5432854666666667,0.5186954666666667,3.5466666666666664e-05,0.03693546666666656,0.7079854666666666,3.5466666666666664e-05,3.5466666666666664e-05,0.20643546666666665,0.15068546666666666,1.5689354666666666,0.013675466666666667,3.5466666666666664e-05,3.5466666666666664e-05,3.5466666666666664e-05,0.4697554666666667,4.970825466666667,3.5466666666666664e-05,7.442605466666666,0.19154546666666666,3.5466666666666664e-05,0.008355466666666667,3.5466666666666664e-05,3.5466666666666664e-05,3.5466666666666664e-05,0.3686754666666667,0.4150854666666667,0.04670546666666666,0.030725466666666666,3.5466666666666664e-05,3.5466666666666664e-05,0.013855466666666667,3.5466666666666664e-05,0.18138546666666666,0.3359854666666667,3.5466666666666664e-05,3.5466666666666664e-05,3.5466666666666664e-05,3.5466666666666664e-05,3.5466666666666664e-05,3.5466666666666664e-05,3.5466666666666664e-05,0.15030546666666666,0.11694546666666666,3.5466666666666664e-05,3.5466666666666664e-05,0.03184546666666666,3.5466666666666664e-05,3.5466666666666664e-05,0.0003054666666665667,3.5466666666666664e-05,0.2816854666666666,0.6962454666666666,3.5466666666666664e-05,3.5466666666666664e-05,20.719075466666666
37035_1#16,5.599999999999999e-05,5.599999999999999e-05,5.599999999999999e-05,0.092186,0.5265960000000001,5.599999999999999e-05,0.16664600000000002,3.522096,3.6762059999999996,5.599999999999999e-05,0.0039159999999999,0.657406,5.599999999999999e-05,0.16764600000000002,5.599999999999999e-05,0.014946,0.111246,0.28409599999999996,0.054256,0.251336,0.214116,0.36685599999999996,0.762726,0.231166,0.037066,5.599999999999999e-05,0.5163660000000001,0.159776,5.599999999999999e-05,0.065026,0.592786,0.0778659999999999,0.254206,0.17508600000000002,0.7882560000000001,9.621766,0.31290599999999996,0.020976,0.14022600000000002,0.0047859999999999995,0.123456,1.434936,5.599999999999999e-05,1.403756,0.28776599999999997,0.5042160000000001,0.035056,0.039786,0.0053159999999999995,0.024276,0.15183600000000003,0.040096,0.49119599999999997,1.118666,5.599999999999999e-05,0.198276,0.094256,5.599999999999999e-05,0.19528600000000002,0.016706,5.599999999999999e-05,0.023876,0.0033259999999998998,0.004346,0.023676,1.884836,0.22955599999999993,5.599999999999999e-05,0.536726,5.599999999999999e-05,0.311206,0.383046,0.106176,0.257616,66.199356
37035_1#17,6.253333333333333e-05,0.028062533333333233,6.253333333333333e-05,0.3617125333333333,0.03490253333333333,0.024672533333333333,0.7985525333333334,1.5421425333333332,7.423672533333334,0.004742533333333333,0.1994425333333333,0.1286425333333333,0.027672533333333332,0.6441425333333334,0.08947253333333324,0.04944253333333334,0.30245253333333333,0.017202533333333332,0.10384253333333333,7.648312533333334,1.1977025333333333,0.6057725333333334,0.7743025333333334,0.029132533333333332,0.08925253333333334,6.253333333333333e-05,6.253333333333333e-05,0.14334253333333333,0.034752533333333335,0.08051253333333333,0.010292533333333333,0.016102533333333332,1.1903425333333333,0.06209253333333334,0.016732533333333334,0.8496125333333334,0.11546253333333334,1.2420525333333332,1.1855625333333333,0.018812533333333332,6.253333333333333e-05,0.14962253333333322,0.017012533333333333,0.10995253333333324,0.2551425333333333,0.019962533333333234,0.19459253333333332,0.09039253333333333,0.21431253333333322,0.009922533333333332,0.4097725333333333,6.253333333333333e-05,0.3238025333333333,0.5634425333333334,0.23679253333333333,0.044702533333333336,0.007622533333333333,0.026042533333333333,0.050582533333333235,0.6861825333333333,0.05529253333333334,0.15492253333333322,0.11284253333333334,0.011172533333333233,0.006002533333333333,0.02711253333333333,0.16972253333333331,0.05450253333333334,6.253333333333333e-05,0.10537253333333334,0.014972533333333333,0.41347253333333334,6.253333333333333e-05,0.02302253333333333,68.35031253333332
37035_1#18,6.066666666666666e-05,0.0026406666666666666,6.066666666666666e-05,0.14057066666666657,0.12058066666666667,0.03625066666666667,4.796240666666666,1.4760406666666668,8.970610666666667,0.004680666666666666,0.9103706666666667,0.11588066666666667,2.2206506666666668,0.9454006666666667,0.07716066666666667,0.11716066666666666,1.4934006666666666,6.066666666666666e-05,1.8133506666666668,13.305970666666665,3.739650666666667,1.4377406666666668,3.3001406666666666,0.035340666666666666,0.2642806666666667,6.066666666666666e-05,0.059820666666666564,0.6704406666666667,0.014270666666666666,0.013250666666666666,0.004660666666666666,0.12021066666666666,0.3522506666666667,0.19232066666666667,0.10389066666666667,4.905960666666666,0.24728066666666668,4.107240666666666,0.3591106666666667,0.3316106666666666,0.06638066666666667,0.22033066666666667,0.13596066666666667,0.05296066666666667,0.013540666666666666,0.22411066666666657,2.0657206666666665,0.0029406666666666665,0.5197206666666667,0.04486066666666667,0.6522706666666667,6.066666666666666e-05,0.018220666666666666,0.07497066666666656,0.5527606666666667,0.5126006666666667,0.6619506666666667,0.14011066666666666,6.066666666666666e-05,0.3925206666666667,0.06736066666666667,0.14419066666666666,0.03379066666666666,0.23203066666666666,6.066666666666666e-05,6.066666666666666e-05,0.03675066666666667,0.18567066666666657,0.017680666666666667,0.09306066666666667,6.066666666666666e-05,0.4416106666666666,0.017990666666666665,6.066666666666666e-05,35.57089066666666
37035_1#1,0.6199516,0.4455115999999999,6.159999999999999e-05,0.0804916,1.9302516,6.159999999999999e-05,0.5616616,3.3137916,6.2729416,0.0437116,0.2322816,1.1908016,0.0626616,0.5953316,0.0164316,0.0598316,0.43375159999999996,0.1926516,0.054091600000000004,0.0534616,0.15056160000000002,1.1002016,0.6908616,0.4617716,0.06296159999999999,0.06383159999999999,0.7169616,0.1684516,0.0034216,0.0583516,0.7758216,6.159999999999999e-05,0.1402816,0.0810716,0.9276416,9.3864516,0.3311516,0.8163516000000001,0.42021159999999996,6.159999999999999e-05,0.0813816,4.1809016,0.0031116,0.07908159999999999,1.6835616,0.33739159999999996,0.0345616,0.4214016,6.159999999999999e-05,0.30003159999999995,0.33900159999999996,0.057151600000000004,0.16746160000000002,4.483041600000001,0.0031916,0.30454159999999997,0.0275216,0.0120016,6.159999999999999e-05,0.3233316,0.0113416,0.0601416,0.0345815999999999,6.159999999999999e-05,6.159999999999999e-05,0.6447516,0.0689016,0.028921600000000002,5.351471600000001,0.0171116,0.0537816,6.159999999999999e-05,0.0512516,0.1861016,48.13645159999999
37035_1#20,5.039999999999999e-05,1.7094204000000002,5.039999999999999e-05,1.4348904,0.0560404,5.039999999999999e-05,11.6311204,0.2874904,4.4968404,0.6838204,3.7753604000000003,0.17062039999999998,15.6690504,7.3883804,0.0056804,0.1154204,6.5140704000000005,0.2753104,0.2998704,0.0941704,0.0302703999999999,0.9620304,4.0492004,0.0342704,1.5504904000000002,5.039999999999999e-05,5.039999999999999e-05,0.10879039999999991,1.8917704000000002,5.039999999999999e-05,0.1497904,0.2008704,5.039999999999999e-05,0.1378104,0.0010304,0.6666704,5.039999999999999e-05,5.8940204000000005,6.7795004,1.2355204000000002,0.0072204,0.037340399999999996,0.6747804,5.039999999999999e-05,0.0332004,0.0403604,0.24060039999999988,1.0891204,5.039999999999999e-05,0.0069204,0.1172804,5.039999999999999e-05,5.039999999999999e-05,0.0168304,1.8698904,0.0152704,0.0113004,0.34776039999999997,0.029730399999999997,5.039999999999999e-05,0.5077104,0.0365504,0.0009304,0.1077004,5.039999999999999e-05,5.039999999999999e-05,5.039999999999999e-05,0.015920399999999998,5.039999999999999e-05,5.039999999999999e-05,5.039999999999999e-05,0.0025604,5.039999999999999e-05,5.039999999999999e-05,16.490370399999982
37035_1#21,3.266666666666666e-05,3.032312666666667,3.266666666666666e-05,1.4454026666666668,0.06729266666666667,3.266666666666666e-05,18.451522666666666,3.266666666666666e-05,0.5359626666666667,0.18318266666666666,1.7809826666666668,0.06507266666666667,10.115392666666667,2.7595626666666666,3.266666666666666e-05,3.266666666666666e-05,2.4092526666666667,0.19297266666666665,0.015672666666666665,22.369172666666664,0.030472666666666665,1.6547426666666667,11.657182666666667,0.10596266666666666,0.35964266666666667,0.12790266666666666,3.266666666666666e-05,0.10577266666666657,0.056352666666666565,0.011282666666666667,3.266666666666666e-05,3.266666666666666e-05,3.266666666666666e-05,0.03176266666666667,3.266666666666666e-05,0.012892666666666667,3.266666666666666e-05,3.266666666666666e-05,3.266666666666666e-05,3.266666666666666e-05,0.019642666666666666,3.266666666666666e-05,0.17502266666666666,3.266666666666666e-05,3.266666666666666e-05,3.266666666666666e-05,0.030772666666666667,3.266666666666666e-05,3.266666666666666e-05,3.266666666666666e-05,3.266666666666666e-05,3.266666666666666e-05,3.266666666666666e-05,3.266666666666666e-05,3.266666666666666e-05,0.010222666666666666,0.23007266666666656,3.266666666666666e-05,0.33078266666666667,3.266666666666666e-05,0.8592026666666667,3.266666666666666e-05,0.010892666666666667,3.266666666666666e-05,3.266666666666666e-05,3.266666666666666e-05,3.266666666666666e-05,3.266666666666666e-05,3.266666666666666e-05,3.266666666666666e-05,3.266666666666666e-05,3.266666666666666e-05,0.043782666666666664,3.266666666666666e-05,20.710572666666696
37035_1#22,5.6933333333333326e-05,0.059166933333333234,5.6933333333333326e-05,0.002826933333333233,1.0215269333333332,5.6933333333333326e-05,20.902196933333332,0.44654693333333334,4.479726933333334,0.018206933333333335,1.7866369333333334,5.6933333333333326e-05,0.011496933333333332,5.823546933333333,0.24640693333333322,0.07717693333333332,0.014516933333333332,0.18460693333333333,0.020726933333333336,0.021496933333333235,5.6933333333333326e-05,0.4323769333333332,0.6182969333333334,0.07125693333333333,0.29711693333333333,0.042046933333333335,0.012106933333333333,0.06729693333333332,6.065466933333333,0.004756933333333334,0.12494693333333323,0.03530693333333333,5.6933333333333326e-05,0.19089693333333332,0.21559693333333332,3.6413569333333338,5.6933333333333326e-05,0.10052693333333333,2.2862469333333335,0.052286933333333334,0.08761693333333333,0.18293693333333333,0.06901693333333332,0.4854969333333333,0.05030693333333333,0.3129769333333333,7.828736933333333,5.6933333333333326e-05,5.6933333333333326e-05,0.26537693333333334,0.39360693333333324,0.05696693333333323,0.12919693333333332,0.18376693333333333,4.390326933333333,5.6933333333333326e-05,0.024706933333333334,0.26792693333333334,0.05017693333333333,0.3427869333333333,0.9967069333333334,0.23835693333333322,0.006246933333333334,0.07546693333333322,0.03174693333333333,0.34352693333333334,0.09360693333333332,5.6933333333333326e-05,0.5004769333333333,0.003376933333333333,0.6538169333333333,5.6933333333333326e-05,5.6933333333333326e-05,5.6933333333333326e-05,32.55924693333333
37035_1#23,5.039999999999999e-05,19.423450399999997,0.1055204,0.5122604000000001,0.1946804,5.039999999999999e-05,1.0449604000000001,0.2836403999999999,0.17523039999999998,0.0060704,0.5277904,0.1015804,5.039999999999999e-05,0.8567603999999999,0.0117204,0.0229403999999999,2.4143504,0.0038203999999999,0.0852804,31.278710399999998,1.0255504000000002,0.5014504,10.1392904,0.0589304,0.20730039999999988,5.039999999999999e-05,0.0117504,0.0528904,0.07449040000000001,5.039999999999999e-05,0.0011504,0.1499104,0.6019604000000001,1.1272204000000001,0.3245804,4.0704004000000005,5.039999999999999e-05,8.492160400000001,0.7586304,0.2752604,0.0714104,0.038430399999999997,0.2385204,5.039999999999999e-05,5.039999999999999e-05,0.8239704,0.0567804,0.1121903999999999,5.039999999999999e-05,0.08098040000000001,5.039999999999999e-05,5.039999999999999e-05,5.039999999999999e-05,0.0130904,0.5651904,5.039999999999999e-05,0.3313004,0.27405039999999997,0.0039904,5.039999999999999e-05,0.2094004,0.015850399999999997,5.039999999999999e-05,0.033850399999999996,5.039999999999999e-05,5.039999999999999e-05,5.039999999999999e-05,0.0209804,5.039999999999999e-05,0.0188004,0.0009503999999998999,0.0440203999999999,5.039999999999999e-05,5.039999999999999e-05,12.123490400000037
37035_1#24,0.013874133333333333,0.09039413333333333,5.4133333333333326e-05,0.9699141333333333,1.0895141333333334,0.03652413333333323,11.916184133333333,5.4133333333333326e-05,1.2024841333333331,0.32496413333333335,2.1346341333333334,5.4133333333333326e-05,2.2731141333333333,1.8925941333333332,1.2987941333333333,5.4133333333333326e-05,0.09414413333333332,1.775744133333333,1.0713641333333332,0.34058413333333337,5.4133333333333326e-05,0.47266413333333335,0.9133341333333334,0.09283413333333333,2.499164133333333,0.13618413333333332,5.4133333333333326e-05,0.18844413333333332,0.43308413333333334,0.10685413333333334,0.13663413333333332,0.022454133333333334,5.4133333333333326e-05,0.16737413333333334,0.0038141333333332333,1.3183841333333333,5.4133333333333326e-05,2.3014641333333334,1.8829941333333333,2.7921441333333332,0.008474133333333333,0.6155941333333333,1.0163441333333332,5.4133333333333326e-05,0.44910413333333327,5.4133333333333326e-05,0.09103413333333334,5.4133333333333326e-05,5.4133333333333326e-05,0.4851341333333334,0.5811241333333333,5.4133333333333326e-05,5.4133333333333326e-05,0.8987141333333333,2.1591641333333333,0.05663413333333333,0.04088413333333333,0.20864413333333323,0.13036413333333333,3.342084133333333,2.4136241333333333,0.38224413333333335,0.08713413333333334,0.03685413333333333,5.4133333333333326e-05,0.3717841333333334,5.4133333333333326e-05,0.5363241333333333,0.21265413333333322,0.005644133333333333,0.14587413333333332,1.0965641333333334,0.7089041333333334,5.4133333333333326e-05,43.925524133333326
37035_1#25,5.879999999999999e-05,1.8244188,5.879999999999999e-05,0.1117388,0.2980888,0.0042288,4.1197588,0.0128488,13.0033188,0.0706088,0.6387488,0.08748879999999999,5.879999999999999e-05,0.7911888,0.0414388,0.0185987999999999,0.3674388,0.0212488,0.4641188,0.2590888,5.879999999999999e-05,0.1437088,4.2834288,0.0019387999999999999,0.5431888,5.879999999999999e-05,0.0006188000000000001,5.879999999999999e-05,2.9590288000000005,0.024818800000000002,0.0080988,0.0338988,5.879999999999999e-05,0.6696188000000001,0.018948800000000002,0.2061888,0.0271788,1.8256888,1.2725388,0.4712287999999999,0.0152788,0.2178688,1.5953988,0.0430488,0.1117188,0.0025287999999999,0.8953088000000001,0.3002188,5.879999999999999e-05,0.0220588,0.2223388,0.0527488,0.1267888,1.4811488,0.4590088,5.879999999999999e-05,0.2070587999999999,0.12912880000000002,5.879999999999999e-05,0.7424888000000001,0.0200487999999999,1.5427388,0.060688799999999994,0.08218879999999999,5.879999999999999e-05,0.1583988,0.2682788,0.3033188,0.2751788,0.037578799999999996,0.0178088,0.2521588,5.879999999999999e-05,0.0208688,55.71140879999997
37035_1#26,4.48e-05,0.3483548,4.48e-05,1.4571048,0.0482248,4.48e-05,2.4894648,0.5100348000000001,0.1374148,0.0660548,1.0953848,0.5888748,7.184904800000001,0.7669748000000001,4.48e-05,4.48e-05,0.3974148,0.0640848,0.0732948,61.2177448,0.0127548,0.2119148,0.0240048,4.48e-05,0.18865479999999998,4.48e-05,4.48e-05,4.48e-05,0.0323348,4.48e-05,0.0017248,0.046084799999999995,4.48e-05,4.48e-05,4.48e-05,0.3138548,4.48e-05,4.277414800000001,3.6989047999999998,0.7874648,0.0157548,0.0266348,0.0167548,4.48e-05,0.0047247999999999995,0.0100047999999999,0.9682848000000001,4.48e-05,4.48e-05,0.0215248,0.010044800000000001,4.48e-05,0.019604800000000002,0.1296348,0.1876148,4.48e-05,4.48e-05,0.0106548,0.0370948,1.9731547999999999,0.0498548,0.1772148,4.48e-05,0.005904799999999899,4.48e-05,0.005944799999999999,4.48e-05,0.1481047999999999,4.48e-05,0.0309548,4.48e-05,0.0115847999999999,4.48e-05,4.48e-05,10.097294799999961
37035_1#27,4.759999999999999e-05,0.3083576,4.759999999999999e-05,1.7983376,0.1022476,4.759999999999999e-05,3.9949176,0.32203760000000003,0.15821759999999999,0.06936759999999999,1.3950076,0.7867976,8.4707976,0.9603576,0.0044476,4.759999999999999e-05,0.7666076000000001,0.1300776,0.1499576,50.4051976,0.0007076,0.31159760000000003,0.0565576,0.0020276,0.25138759999999993,4.759999999999999e-05,4.759999999999999e-05,4.759999999999999e-05,0.0372076,0.006487599999999901,0.0150776,0.1151276,4.759999999999999e-05,4.759999999999999e-05,0.0036075999999998997,0.6458176,4.759999999999999e-05,4.543627600000001,5.282507600000001,1.0101876,0.0379576,0.0620075999999999,0.0244076,4.759999999999999e-05,0.0156676,0.0309276,1.4392976000000002,4.759999999999999e-05,4.759999999999999e-05,0.0513476,0.020817600000000002,4.759999999999999e-05,0.0296976,0.1488575999999999,0.10297759999999999,4.759999999999999e-05,4.759999999999999e-05,0.006657599999999901,0.0198376,2.2066676,0.0735376,0.2614576,4.759999999999999e-05,0.0156476,4.759999999999999e-05,0.0155475999999999,4.759999999999999e-05,0.21471759999999998,4.759999999999999e-05,0.022867600000000002,4.759999999999999e-05,4.759999999999999e-05,4.759999999999999e-05,4.759999999999999e-05,13.093297599999973
37035_1#29,4.786042533333334,4.321692533333334,2.3471425333333333,0.47076253333333323,0.3821025333333333,0.015522533333333333,2.7794925333333333,7.791252533333334,2.188762533333333,0.14025253333333332,0.8064225333333334,2.290722533333333,0.009092533333333333,1.731222533333333,0.07243253333333334,0.14827253333333332,3.165042533333333,0.015212533333333332,2.8202325333333333,0.060082533333333334,1.6959825333333334,2.4259025333333333,0.05364253333333334,0.04151253333333334,0.04049253333333334,0.04170253333333333,0.4532325333333333,0.9348025333333334,0.06313253333333334,0.13356253333333332,0.07615253333333334,0.0005825333333333334,0.013932533333333332,6.253333333333333e-05,0.2544225333333333,0.5910025333333334,6.253333333333333e-05,1.0383325333333333,0.7109225333333334,6.253333333333333e-05,0.019672533333333332,0.7121525333333334,0.06311253333333333,0.0022025333333333336,1.5992425333333333,6.253333333333333e-05,0.3238725333333333,6.253333333333333e-05,0.03274253333333334,0.19607253333333333,1.3571425333333333,0.040612533333333235,0.049142533333333335,0.3963525333333333,0.09560253333333334,0.005252533333333333,0.008462533333333333,6.253333333333333e-05,6.253333333333333e-05,0.6054225333333334,0.05933253333333333,0.17097253333333332,0.055692533333333336,0.0012025333333333334,0.15307253333333332,1.0037025333333334,1.6892725333333332,6.253333333333333e-05,4.338672533333334,0.02479253333333333,0.4999425333333333,7.805992533333334,0.11225253333333324,0.010002533333333332,33.65646253333336
37035_1#2,0.16788160000000002,0.06425159999999999,0.0408416,0.1250015999999999,0.1352816,0.2371115999999999,1.5323416,1.6004916,8.4934216,0.0353916,0.42198159999999996,0.0244516,0.32623159999999995,1.1709616,0.0390316,0.09139159999999999,0.6706716,0.4587115999999999,0.2336716,0.0122116,6.159999999999999e-05,1.0439316,0.15006160000000002,0.1899715999999999,0.057651600000000004,0.1415516,0.0193416,9.215191599999999,0.07725159999999999,0.1977516,0.2243916,0.2198116,0.0505115999999999,6.159999999999999e-05,6.159999999999999e-05,1.3779016,6.159999999999999e-05,0.9609316,3.1105016,0.1413215999999999,0.1461916,1.8285415999999999,0.1971015999999999,0.28461159999999996,1.6327216,6.159999999999999e-05,0.2274516,0.7082216,0.08810159999999999,0.1874616,0.1860516,0.0475616,0.027901600000000002,6.162721600000001,0.0745516,0.0408416,0.006641599999999999,0.0171416,6.159999999999999e-05,0.5079115999999999,0.020391600000000003,0.1638015999999999,0.044801600000000004,0.0168616,6.159999999999999e-05,0.7053516,0.2304816,0.08799159999999999,0.3877716,0.019881600000000003,6.159999999999999e-05,6.159999999999999e-05,0.2904616,0.14598160000000002,52.45453160000004
37035_1#30,0.8219394666666667,0.008829466666666667,2.2091594666666667,0.04989946666666666,8.880179466666666,0.5231794666666667,0.22060946666666667,8.149439466666667,1.2518394666666666,4.946666666666666e-05,0.13432946666666667,5.242779466666667,0.09149946666666667,0.29984946666666656,0.025289466666666666,0.31285946666666664,0.8895094666666666,0.28138946666666664,0.16632946666666668,0.012499466666666667,4.946666666666666e-05,2.567249466666667,3.2637094666666666,0.12689946666666668,0.020029466666666666,0.26529946666666665,0.18270946666666668,0.27674946666666655,0.0010394666666666667,0.04300946666666666,0.37163946666666664,1.3298794666666667,4.946666666666666e-05,4.946666666666666e-05,4.946666666666666e-05,29.287769466666667,4.946666666666666e-05,0.31182946666666667,4.946666666666666e-05,4.946666666666666e-05,0.16903946666666667,1.3373094666666665,0.005009466666666666,0.005009466666666666,0.8041594666666667,3.217219466666667,0.013529466666666667,1.1685394666666666,4.946666666666666e-05,4.946666666666666e-05,0.8978394666666667,0.25592946666666666,0.027679466666666666,0.8775594666666666,4.946666666666666e-05,4.946666666666666e-05,4.946666666666666e-05,4.946666666666666e-05,1.2463694666666667,4.946666666666666e-05,4.946666666666666e-05,0.05714946666666666,4.946666666666666e-05,0.003829466666666667,4.946666666666666e-05,0.16219946666666668,0.16824946666666668,4.946666666666666e-05,0.36729946666666663,4.946666666666666e-05,0.23129946666666656,4.946666666666666e-05,4.946666666666666e-05,0.07433946666666666,21.290129466666645
37035_1#31,0.16280013333333335,2.1161801333333337,2.6348501333333334,3.4122101333333337,31.567530133333335,0.7245901333333332,0.8403901333333333,20.358350133333335,2.8860601333333338,0.22144013333333323,0.10234013333333333,9.708210133333333,0.5666001333333333,0.10015013333333322,0.0019401333333333333,0.019690133333333235,1.2730701333333332,1.2632201333333333,1.7989001333333332,0.04675013333333333,0.017460133333333332,0.6667601333333333,1.6777501333333331,0.32857013333333335,0.04828013333333333,0.010680133333333234,0.5085501333333333,0.48022013333333335,4.013333333333333e-05,1.8616201333333333,4.013333333333333e-05,2.5492901333333338,0.08103013333333332,4.013333333333333e-05,4.013333333333333e-05,4.013333333333333e-05,4.013333333333333e-05,4.013333333333333e-05,4.013333333333333e-05,4.013333333333333e-05,0.36392013333333334,4.013333333333333e-05,0.030220133333333333,4.013333333333333e-05,0.07585013333333324,4.013333333333333e-05,0.12830013333333334,0.9474601333333333,0.31869013333333335,4.013333333333333e-05,0.20485013333333335,4.013333333333333e-05,4.013333333333333e-05,4.013333333333333e-05,4.013333333333333e-05,4.013333333333333e-05,0.08812013333333334,4.013333333333333e-05,4.013333333333333e-05,4.013333333333333e-05,4.013333333333333e-05,0.023890133333333334,4.013333333333333e-05,4.013333333333333e-05,0.17695013333333334,4.013333333333333e-05,0.2798101333333333,4.013333333333333e-05,4.013333333333333e-05,4.013333333333333e-05,4.013333333333333e-05,4.013333333333333e-05,4.013333333333333e-05,4.013333333333333e-05,9.325170133333359
37035_1#32,1.0461197333333334,0.47621973333333334,0.1547297333333333,0.13041973333333332,3.015619733333333,0.02632973333333333,0.34499973333333334,12.537659733333333,2.5342397333333335,5.9733333333333326e-05,0.10721973333333323,4.800119733333333,5.9733333333333326e-05,0.5055797333333333,0.28671973333333334,0.08045973333333334,0.8481197333333332,0.5274897333333333,0.2348797333333333,5.9733333333333326e-05,0.048059733333333333,1.4393397333333333,1.3457197333333335,0.19592973333333333,0.021529733333333332,0.11894973333333334,0.012889733333333334,0.06903973333333334,5.9733333333333326e-05,0.14239973333333322,0.19969973333333332,1.3160897333333335,0.025409733333333233,5.9733333333333326e-05,0.7096097333333333,13.615339733333332,0.25794973333333326,0.12161973333333334,1.5534897333333335,5.9733333333333326e-05,5.9733333333333326e-05,1.4273997333333335,0.01644973333333333,0.07925973333333333,0.42808973333333333,5.9733333333333326e-05,0.17083973333333333,2.2093197333333334,5.9733333333333326e-05,0.03744973333333333,1.5993597333333336,0.0025197333333333333,0.21834973333333332,1.8572697333333335,0.12025973333333334,0.16325973333333332,5.9733333333333326e-05,0.025839733333333333,1.5855497333333335,0.3076897333333333,5.9733333333333326e-05,0.20579973333333332,0.04133973333333333,0.026949733333333333,0.10030973333333335,2.3307297333333334,0.06817973333333334,0.0026997333333333333,0.9791997333333333,0.011849733333333234,0.5202297333333332,0.18711973333333332,0.006019733333333333,0.26015973333333325,36.15985973333332
37035_1#3,8.354102266666667,0.17069226666666668,0.04301226666666667,0.06716226666666657,0.19486226666666667,0.03644226666666667,0.5941222666666667,3.3450822666666666,3.762952266666667,5.226666666666666e-05,0.06892226666666666,7.105862266666667,5.226666666666666e-05,1.7860522666666667,0.8455722666666666,0.30520226666666667,5.4708022666666665,0.0014122666666666667,0.39816226666666665,0.033552266666666566,0.8082722666666666,3.0082522666666667,0.12101226666666666,1.8622722666666667,0.04254226666666667,0.6854322666666667,0.03946226666666667,0.11521226666666666,0.23740226666666667,5.226666666666666e-05,0.025312266666666666,0.05822226666666667,0.003972266666666667,5.226666666666666e-05,5.226666666666666e-05,1.6323722666666667,0.16917226666666668,4.380192266666667,5.226666666666666e-05,5.226666666666666e-05,0.04716226666666667,2.6263422666666667,0.16789226666666668,0.011522266666666666,1.4340322666666667,5.226666666666666e-05,0.18382226666666668,5.226666666666666e-05,5.226666666666666e-05,0.26134226666666666,5.500062266666667,1.3329122666666666,0.005512266666666567,10.834012266666667,5.226666666666666e-05,0.1257722666666667,0.008902266666666667,5.226666666666666e-05,0.6472622666666666,5.226666666666666e-05,0.10099226666666666,0.04904226666666667,0.04225226666666667,0.019512266666666667,0.05107226666666657,1.4142422666666667,5.226666666666666e-05,0.10928226666666666,5.226666666666666e-05,5.226666666666666e-05,5.226666666666666e-05,5.226666666666666e-05,0.19642226666666668,5.226666666666666e-05,29.05656226666668
37035_1#4,5.4133333333333326e-05,0.004724133333333333,5.4133333333333326e-05,0.7421541333333334,5.4133333333333326e-05,5.4133333333333326e-05,1.698194133333333,0.06346413333333333,0.8521741333333334,0.0025341333333333336,0.6585041333333334,0.03670413333333323,0.06211413333333333,0.5517841333333333,5.4133333333333326e-05,0.13663413333333332,0.19669413333333333,5.4133333333333326e-05,0.43313413333333334,10.557474133333333,1.8405841333333333,0.0035641333333333333,6.0726841333333335,5.4133333333333326e-05,0.24177413333333334,0.06262413333333333,5.4133333333333326e-05,1.2030841333333333,0.27064413333333337,5.4133333333333326e-05,0.0005441333333333333,0.009044133333333234,0.007484133333333333,0.06548413333333333,0.019554133333333334,0.45307413333333324,0.03768413333333333,1.0629641333333333,1.3029141333333332,0.34109413333333327,5.4133333333333326e-05,0.07832413333333323,0.04770413333333333,0.015414133333333333,0.028084133333333334,0.027364133333333335,0.5972141333333334,0.004914133333333233,5.4133333333333326e-05,0.023524133333333332,0.15897413333333332,5.4133333333333326e-05,0.011784133333333334,5.4133333333333326e-05,0.6708641333333334,5.4133333333333326e-05,0.08647413333333333,0.07043413333333333,0.15967413333333333,0.8938441333333333,0.11433413333333332,0.44868413333333335,0.23643413333333332,0.022754133333333332,5.4133333333333326e-05,0.009494133333333333,0.12533413333333332,0.35278413333333336,0.7082641333333334,0.29753413333333334,5.4133333333333326e-05,0.8787041333333334,5.4133333333333326e-05,0.03349413333333333,64.90558413333332
37035_1#5,5.319999999999999e-05,3.7683132,5.319999999999999e-05,3.3708132,0.6774032,0.0118832,3.9152032,1.0015931999999999,1.6335131999999999,5.319999999999999e-05,2.2073732,1.8836032,0.2860032,1.3103732,0.0351432,5.319999999999999e-05,1.6411132,5.319999999999999e-05,0.6444732,0.1635132,0.16002319999999998,1.4484531999999999,2.8029232,5.319999999999999e-05,0.22463319999999998,0.0257932,5.319999999999999e-05,0.0042932,0.0899832,0.0286832,5.319999999999999e-05,0.0721532,5.319999999999999e-05,0.3341132,0.24367319999999998,3.6235332,5.319999999999999e-05,11.944453200000002,6.9407832,1.0170432,0.0836631999999999,0.0103232,0.0639532,0.0684032,0.0032532,0.25739319999999993,2.1214032,0.7046131999999999,0.6150632,0.0511032,0.0629432,5.319999999999999e-05,0.0249232,0.1157232,1.6648832,5.319999999999999e-05,1.1380032,0.4384231999999999,0.0063832,0.9447831999999999,0.17451319999999998,0.39309320000000003,0.0798832,0.0373232,5.319999999999999e-05,5.319999999999999e-05,0.0909432,0.2240031999999999,5.319999999999999e-05,0.1571532,5.319999999999999e-05,5.319999999999999e-05,0.021383199999999998,5.319999999999999e-05,38.93465319999999
37035_1#6,4.573333333333333e-05,4.573333333333333e-05,4.573333333333333e-05,1.4605057333333333,0.13201573333333333,0.008065733333333333,4.902295733333333,0.02289573333333333,0.5332357333333334,0.19595573333333333,2.520075733333333,0.8074257333333333,5.5656957333333335,1.2464357333333331,0.15725573333333334,0.01882573333333333,1.2904657333333331,0.0008757333333333333,0.5020057333333333,1.3069657333333333,23.843985733333334,0.9522657333333333,0.6319957333333334,4.573333333333333e-05,0.37781573333333335,0.09986573333333323,4.573333333333333e-05,0.02563573333333333,4.573333333333333e-05,0.0015357333333333332,4.573333333333333e-05,4.573333333333333e-05,4.573333333333333e-05,0.0029557333333333335,0.21640573333333335,2.029855733333333,4.573333333333333e-05,10.704325733333333,0.07543573333333334,0.4766457333333333,0.014815733333333334,4.573333333333333e-05,0.20130573333333335,4.573333333333333e-05,4.573333333333333e-05,0.11244573333333334,0.7348057333333333,4.573333333333333e-05,0.014675733333333333,4.573333333333333e-05,0.01796573333333333,0.0015357333333333332,4.573333333333333e-05,4.573333333333333e-05,1.0937257333333332,0.12049573333333334,0.42173573333333336,0.10835573333333323,4.573333333333333e-05,0.8603857333333333,0.36425573333333333,0.11345573333333334,4.573333333333333e-05,0.01914573333333333,0.00046573333333333334,4.573333333333333e-05,4.573333333333333e-05,0.12133573333333333,4.573333333333333e-05,0.06829573333333334,4.573333333333333e-05,4.573333333333333e-05,4.573333333333333e-05,4.573333333333333e-05,35.499885733333365
37035_1#7,4.8533333333333325e-05,1.2219785333333333,4.8533333333333325e-05,0.12839853333333334,0.16973853333333333,0.09763853333333333,1.0945985333333332,0.08859853333333334,0.5089685333333333,4.8533333333333325e-05,1.4289285333333333,0.15716853333333333,0.08001853333333334,0.4594485333333333,0.06394853333333334,4.8533333333333325e-05,0.10205853333333324,4.8533333333333325e-05,1.4850885333333332,21.023908533333334,0.16522853333333334,0.14504853333333334,5.348038533333334,4.8533333333333325e-05,0.22118853333333333,0.006088533333333333,4.8533333333333325e-05,4.8533333333333325e-05,0.026108533333333333,4.8533333333333325e-05,4.8533333333333325e-05,0.0006585333333332333,0.13766853333333334,0.20174853333333334,4.8533333333333325e-05,1.7566785333333332,0.042538533333333337,3.4431185333333336,1.3275385333333334,2.4413685333333337,0.004688533333333333,4.8533333333333325e-05,0.18578853333333334,4.8533333333333325e-05,4.8533333333333325e-05,0.026418533333333234,0.2848185333333333,4.8533333333333325e-05,0.04134853333333333,4.8533333333333325e-05,0.0035985333333333333,4.8533333333333325e-05,4.8533333333333325e-05,4.8533333333333325e-05,3.8318285333333337,0.020578533333333333,0.5683985333333333,0.16742853333333332,0.04224853333333334,0.13367853333333335,0.3372685333333333,0.17521853333333334,0.012368533333333334,0.002218533333333333,4.8533333333333325e-05,4.8533333333333325e-05,0.006128533333333333,0.20710853333333334,4.8533333333333325e-05,0.028158533333333333,4.8533333333333325e-05,0.43355853333333333,0.0002585333333333333,0.0041685333333333335,50.108098533333305
37035_1#8,5.599999999999999e-05,5.599999999999999e-05,5.599999999999999e-05,0.055616,3.002916,5.599999999999999e-05,0.5189460000000001,6.3738660000000005,17.683546,5.599999999999999e-05,0.042346,2.6725459999999996,0.047206,0.16787600000000003,0.090486,0.013536,0.232016,0.0862759999999999,0.054556,2.904176,0.011786,0.5164660000000001,1.002636,0.17492600000000003,0.035666,0.042106,0.12516599999999992,0.3531959999999999,0.010536,0.155946,0.0920759999999999,0.081576,1.0554860000000001,5.599999999999999e-05,0.666626,20.173606,1.322426,0.299326,0.12627600000000003,5.599999999999999e-05,0.112876,1.227416,0.015436,0.217896,0.15782600000000002,1.048596,0.033816,5.599999999999999e-05,5.599999999999999e-05,0.24213600000000002,0.053046,5.599999999999999e-05,0.081436,1.410016,0.004226,0.039356,0.17935600000000002,0.090306,0.098136,1.100376,0.44634599999999997,0.0062159999999998996,0.009886,5.599999999999999e-05,5.599999999999999e-05,0.342126,0.004376,5.599999999999999e-05,0.001206,5.599999999999999e-05,0.002216,0.031976,5.599999999999999e-05,0.046446,32.80437599999998
37035_1#9,4.1066666666666664e-05,2.1181010666666666,4.1066666666666664e-05,0.05011106666666666,0.14822106666666665,4.1066666666666664e-05,6.1507510666666665,0.2518810666666666,0.5757410666666667,0.6030710666666667,3.462221066666667,0.025881066666666664,0.10455106666666657,1.6076610666666666,4.1066666666666664e-05,4.1066666666666664e-05,0.14271106666666666,4.1066666666666664e-05,0.13888106666666655,21.98502106666667,0.004481066666666667,0.15787106666666667,4.1066666666666664e-05,4.1066666666666664e-05,0.4215110666666666,0.34315106666666667,4.1066666666666664e-05,0.3897410666666667,0.4669610666666666,4.1066666666666664e-05,0.0030110666666665667,4.1066666666666664e-05,0.06166106666666656,0.0036510666666665667,4.1066666666666664e-05,0.6667110666666667,0.07493106666666667,3.454031066666667,11.053281066666667,0.6412510666666668,4.1066666666666664e-05,4.1066666666666664e-05,0.06562106666666667,4.1066666666666664e-05,4.1066666666666664e-05,4.1066666666666664e-05,0.11810106666666667,4.1066666666666664e-05,0.10594106666666667,0.015331066666666567,0.008381066666666567,4.1066666666666664e-05,4.1066666666666664e-05,0.06476106666666667,3.1314010666666667,4.1066666666666664e-05,4.1066666666666664e-05,0.3345210666666667,0.09170106666666657,5.820541066666666,1.0720710666666666,0.22813106666666666,0.0064910666666666665,4.1066666666666664e-05,4.1066666666666664e-05,4.1066666666666664e-05,4.1066666666666664e-05,0.2633410666666667,4.1066666666666664e-05,0.19160106666666665,4.1066666666666664e-05,4.1066666666666664e-05,4.1066666666666664e-05,4.1066666666666664e-05,33.37374106666667
37035_2#10,3.9048632,0.0401031999999999,3.2484132,0.0750632,2.9222932,1.0340432,0.8203532,7.319773199999999,5.7547732,0.1702032,0.056193200000000006,2.1396232,5.319999999999999e-05,0.8501932,12.0194632,0.0998332,0.5623231999999999,0.4004632,0.4318032,0.18417319999999998,5.319999999999999e-05,1.0374932,1.6568032000000001,0.0070332,0.0070832,0.17557319999999998,1.0672332,0.2372832,5.319999999999999e-05,0.0661332,1.1414631999999998,1.7515931999999999,0.0663232,5.319999999999999e-05,3.3395632,15.026063200000001,5.319999999999999e-05,0.6033731999999999,0.12708319999999998,5.319999999999999e-05,0.21919319999999998,1.7114032000000001,0.1020132,5.319999999999999e-05,0.3570832,5.319999999999999e-05,0.0020032,5.319999999999999e-05,5.319999999999999e-05,0.0075032,0.6154132,0.3924232,0.0104032,1.4791732,5.319999999999999e-05,5.319999999999999e-05,0.0209832,5.319999999999999e-05,5.319999999999999e-05,5.319999999999999e-05,5.319999999999999e-05,0.1021032,0.0043832,0.0024432,0.2821132,0.1314631999999999,0.0608232,0.0266532,0.1551532,5.319999999999999e-05,0.7743932,5.319999999999999e-05,0.14332319999999998,0.5525332,24.50201320000002
37035_2#11,4.154323333333333,0.43071333333333334,6.570913333333333,2.333333333333333e-05,1.9505333333333332,0.32520333333333334,0.5207933333333333,17.571903333333335,6.515693333333333,0.18846333333333323,0.12870333333333334,2.333333333333333e-05,0.6164933333333333,2.333333333333333e-05,2.333333333333333e-05,2.333333333333333e-05,1.4089733333333334,2.333333333333333e-05,2.333333333333333e-05,0.009653333333333333,0.015633333333333332,0.029173333333333332,2.4502833333333336,0.056813333333333334,0.05114333333333333,0.38037333333333334,2.333333333333333e-05,0.40836333333333336,2.333333333333333e-05,2.333333333333333e-05,1.0184933333333333,19.356853333333333,0.007843333333333332,2.333333333333333e-05,2.333333333333333e-05,2.333333333333333e-05,2.333333333333333e-05,2.333333333333333e-05,2.333333333333333e-05,2.333333333333333e-05,2.333333333333333e-05,2.333333333333333e-05,2.333333333333333e-05,0.013663333333333333,2.333333333333333e-05,2.333333333333333e-05,2.333333333333333e-05,2.333333333333333e-05,2.333333333333333e-05,2.333333333333333e-05,2.333333333333333e-05,2.333333333333333e-05,2.333333333333333e-05,2.333333333333333e-05,2.333333333333333e-05,2.333333333333333e-05,2.333333333333333e-05,2.333333333333333e-05,2.333333333333333e-05,2.333333333333333e-05,2.333333333333333e-05,2.333333333333333e-05,2.333333333333333e-05,2.333333333333333e-05,2.333333333333333e-05,2.333333333333333e-05,2.333333333333333e-05,2.333333333333333e-05,2.333333333333333e-05,2.333333333333333e-05,2.333333333333333e-05,2.333333333333333e-05,2.333333333333333e-05,2.333333333333333e-05,35.817833333333326
37035_2#12,0.4306688,0.22551880000000002,0.5985588,0.7586388000000001,4.9285388,0.7561588,1.3403988,10.0935488,2.5335788,0.0064987999999999,0.13562880000000002,6.1759588,0.6931388,1.2376487999999999,0.0625688,0.1506488,0.8150388000000001,0.9506488,0.2320488,0.0035488,0.0021088,1.7917087999999999,4.3836888,0.0796388,0.053578799999999996,0.0238288,0.1794688,1.9419288,5.879999999999999e-05,0.3196388,0.2079088,2.3391188,0.0148588,0.0106288,5.879999999999999e-05,1.4068787999999999,2.6052288,5.879999999999999e-05,5.879999999999999e-05,5.879999999999999e-05,0.13725880000000001,0.9459188000000001,0.0149987999999999,5.2416788,0.0979488,5.879999999999999e-05,0.5994688,5.879999999999999e-05,0.0856188,0.018778800000000002,0.8456888,0.044758799999999994,0.2359188,1.8816688,5.879999999999999e-05,0.7607488,0.0443188,5.879999999999999e-05,5.879999999999999e-05,0.1021188,5.879999999999999e-05,0.2197987999999999,0.0362088,0.0182688,0.6727588,0.9363888,1.2682388,0.0142087999999999,0.5290488000000001,0.0704988,0.6817188000000001,5.879999999999999e-05,0.0267988,0.0168087999999999,36.96245879999999
37035_2#13,2.5636264,0.0700664,4.954996400000001,0.0223263999999999,4.5845264,0.32949639999999997,0.0764664,5.7434764,3.64e-05,3.64e-05,0.0035764,1.7169063999999998,0.0186664,0.0080264,3.64e-05,0.0493563999999999,0.1151564,0.30650639999999996,0.0226964,0.0257363999999999,0.0106164,0.035376399999999995,0.35656639999999995,0.0071464,3.64e-05,0.3664363999999999,0.1747864,3.64e-05,3.64e-05,0.0145764,0.1561964,1.6873964,0.0510864,3.64e-05,3.64e-05,62.4921864,3.64e-05,0.1963164,3.64e-05,3.64e-05,0.1770864,0.8931964,3.64e-05,0.0033164,0.42145639999999995,3.64e-05,0.0239664,3.64e-05,3.64e-05,3.64e-05,0.1658064,3.64e-05,3.64e-05,3.64e-05,0.0039464,3.64e-05,0.0016363999999999001,3.64e-05,0.10351640000000001,3.64e-05,3.64e-05,3.64e-05,3.64e-05,3.64e-05,3.64e-05,3.64e-05,3.64e-05,3.64e-05,3.64e-05,3.64e-05,3.64e-05,3.64e-05,3.64e-05,3.64e-05,12.04446639999998
37035_2#14,0.883436,5.599999999999999e-05,0.019506,0.226216,0.9063460000000001,0.044816,0.6201760000000001,2.5977859999999997,4.501526,0.252156,0.16165600000000002,0.00019600000000000002,0.014886,0.319996,1.5911760000000001,0.041946,0.024926,0.1052459999999999,0.032056,5.599999999999999e-05,0.000346,0.6350060000000001,0.283286,0.7159460000000001,0.070706,0.024626,0.838766,0.070646,0.011826,0.004996,0.817246,0.47276599999999996,5.599999999999999e-05,5.599999999999999e-05,0.42591599999999996,3.204116,0.040566,0.061956,5.599999999999999e-05,5.599999999999999e-05,0.0033859999999999997,2.6222559999999997,5.599999999999999e-05,0.3438059999999999,0.463816,0.9832460000000001,0.018096,5.599999999999999e-05,5.599999999999999e-05,0.017136,0.5080460000000001,5.599999999999999e-05,0.027116,5.8449160000000004,5.599999999999999e-05,5.599999999999999e-05,5.599999999999999e-05,0.027866,0.255116,0.06282599999999999,0.046746,0.108836,5.599999999999999e-05,0.004386,0.058606,1.7090560000000001,0.119096,5.599999999999999e-05,1.502286,0.022116,0.509916,0.229526,0.7098660000000001,2.027676,61.75065600000001
37035_2#15,34.233782,1.294652,3.911432,3.487852,2.815522,0.40352200000000005,0.995362,10.866932,0.702932,0.32481200000000005,4.199999999999999e-05,4.039502,0.563502,1.029292,4.199999999999999e-05,0.201922,2.2366620000000004,0.083782,0.204452,0.0045619999999998995,0.0141319999999999,0.609702,0.8631019999999999,0.197572,0.0338619999999999,4.199999999999999e-05,0.987572,0.4816619999999999,0.0058119999999999995,0.057262,0.524732,1.017622,4.199999999999999e-05,4.199999999999999e-05,0.0031619999999999,4.199999999999999e-05,3.593432,4.199999999999999e-05,4.199999999999999e-05,4.199999999999999e-05,0.31715200000000004,0.620672,0.225092,4.199999999999999e-05,0.6641320000000001,4.199999999999999e-05,4.199999999999999e-05,4.199999999999999e-05,1.3500420000000002,4.199999999999999e-05,1.2938120000000002,0.4207619999999999,4.199999999999999e-05,1.723692,4.199999999999999e-05,4.199999999999999e-05,4.199999999999999e-05,4.199999999999999e-05,4.199999999999999e-05,4.199999999999999e-05,4.199999999999999e-05,4.199999999999999e-05,0.041932,0.003062,4.199999999999999e-05,0.8546119999999999,0.009062,4.199999999999999e-05,4.199999999999999e-05,4.199999999999999e-05,4.199999999999999e-05,4.199999999999999e-05,0.013611999999999999,4.199999999999999e-05,16.671002000000016
37035_2#16,2.2381401333333337,0.2652101333333333,3.4211201333333334,1.797080133333333,6.351600133333333,0.029840133333333234,0.3914901333333333,13.079640133333333,5.545950133333333,0.030690133333333234,0.15576013333333336,16.480320133333336,0.10993013333333324,0.25087013333333336,4.013333333333333e-05,0.30688013333333336,3.5955101333333337,0.6686501333333333,4.013333333333333e-05,0.026030133333333334,4.013333333333333e-05,0.23364013333333333,2.627860133333334,0.018930133333333335,0.004390133333333334,0.08878013333333333,1.3371901333333334,1.1623601333333333,0.012680133333333234,0.44269013333333335,0.18854013333333333,4.203850133333334,0.16012013333333333,4.013333333333333e-05,4.013333333333333e-05,4.013333333333333e-05,0.41823013333333336,4.013333333333333e-05,4.013333333333333e-05,4.013333333333333e-05,4.013333333333333e-05,0.48858013333333333,0.027660133333333333,0.0043401333333333335,0.20426013333333334,4.013333333333333e-05,4.013333333333333e-05,4.013333333333333e-05,4.013333333333333e-05,4.013333333333333e-05,0.6025701333333333,4.013333333333333e-05,4.013333333333333e-05,4.013333333333333e-05,4.013333333333333e-05,4.013333333333333e-05,0.04654013333333333,4.013333333333333e-05,3.0462101333333336,4.013333333333333e-05,4.013333333333333e-05,0.04331013333333333,4.013333333333333e-05,4.013333333333333e-05,0.03846013333333323,4.013333333333333e-05,2.2693901333333337,4.013333333333333e-05,4.013333333333333e-05,4.013333333333333e-05,4.013333333333333e-05,4.013333333333333e-05,0.011900133333333333,4.013333333333333e-05,27.571520133333323
37035_2#17,3.6533813333333334,0.5980113333333335,2.5488113333333335,0.35430133333333325,6.1271613333333335,0.22464133333333333,0.6677713333333334,6.523411333333334,5.882751333333333,0.04522133333333323,0.08663133333333334,6.0883313333333335,0.24943133333333334,0.17813133333333334,2.4845713333333337,0.021261333333333333,0.8847713333333334,0.9136113333333334,0.8490913333333334,0.04315133333333333,0.03923133333333333,2.0507713333333335,2.3933113333333336,0.040441333333333336,0.008581333333333333,0.6159813333333334,0.17256133333333323,0.4330313333333333,5.1333333333333325e-05,0.054661333333333235,0.6272413333333334,1.9585613333333334,0.06449133333333333,5.1333333333333325e-05,3.6471313333333333,5.1333333333333325e-05,0.2596313333333333,5.1333333333333325e-05,5.1333333333333325e-05,5.1333333333333325e-05,0.18549133333333323,0.43782133333333323,0.015751333333333332,5.1333333333333325e-05,0.027131333333333334,5.1333333333333325e-05,5.1333333333333325e-05,5.1333333333333325e-05,0.05973133333333333,5.1333333333333325e-05,0.23561133333333334,0.09474133333333333,0.20316133333333333,1.0014913333333333,5.1333333333333325e-05,0.21279133333333333,0.0006713333333333334,5.1333333333333325e-05,0.0023313333333333333,5.1333333333333325e-05,5.1333333333333325e-05,0.08185133333333333,5.1333333333333325e-05,5.1333333333333325e-05,0.08716133333333333,0.3410413333333333,0.7938413333333334,5.1333333333333325e-05,0.24129133333333333,5.1333333333333325e-05,0.9302513333333334,5.1333333333333325e-05,0.04051133333333333,0.18718133333333334,44.02904133333333
37035_2#18,8.1735348,0.0964448,16.4234548,1.1543548,0.9964848000000001,0.0790748,0.6129548,16.0964248,9.6906348,4.48e-05,0.0440748,4.0973648,0.23142479999999999,0.3093648,2.5990048,0.1565648,1.6389247999999998,0.5340148,0.2829348,4.48e-05,0.1328347999999999,0.4615348,1.1174848,0.009194800000000001,4.48e-05,0.16803479999999998,1.6577648,0.2875948,4.48e-05,0.12643479999999999,0.5570248000000001,0.5270548,4.48e-05,4.48e-05,4.48e-05,4.48e-05,0.2835148,0.16592479999999998,4.48e-05,4.48e-05,0.3295748,1.4164248,0.0852748,4.48e-05,0.1500748,4.48e-05,0.1708047999999999,2.0638348,0.1396548,4.48e-05,0.2023748,0.1032148,4.48e-05,1.0927048,4.48e-05,1.6976048,0.0005048,4.48e-05,4.48e-05,4.48e-05,4.48e-05,0.0097748,4.48e-05,4.48e-05,0.1064648,0.1796948,0.1919748,4.48e-05,4.48e-05,0.1593548,4.48e-05,4.48e-05,4.48e-05,4.48e-05,23.188044800000007
37035_2#19,25.916469866666667,2.9866666666666663e-05,7.834439866666667,0.6124698666666667,12.391779866666665,0.12639986666666667,0.7403698666666667,10.594499866666666,4.193939866666668,0.15785986666666668,2.9866666666666663e-05,2.9866666666666663e-05,0.2577598666666666,0.27159986666666663,2.9866666666666663e-05,2.9866666666666663e-05,2.9927498666666668,0.05437986666666667,2.9866666666666663e-05,2.9866666666666663e-05,2.9866666666666663e-05,0.9170898666666667,1.0121198666666666,0.05083986666666667,0.012259866666666668,0.5242898666666667,0.9040598666666667,1.0143598666666667,0.005129866666666667,2.2772098666666665,0.7303198666666667,0.23094986666666667,2.9866666666666663e-05,2.9866666666666663e-05,2.9866666666666663e-05,2.9866666666666663e-05,2.9866666666666663e-05,2.9866666666666663e-05,2.9866666666666663e-05,2.9866666666666663e-05,0.10556986666666666,2.9866666666666663e-05,0.16524986666666666,0.019419866666666567,0.8666598666666667,2.9866666666666663e-05,2.9866666666666663e-05,2.9866666666666663e-05,2.9866666666666663e-05,2.9866666666666663e-05,0.2629798666666666,2.9866666666666663e-05,2.9866666666666663e-05,2.9866666666666663e-05,2.9866666666666663e-05,1.7528998666666669,2.9866666666666663e-05,2.9866666666666663e-05,2.9866666666666663e-05,2.9866666666666663e-05,2.9866666666666663e-05,2.9866666666666663e-05,2.9866666666666663e-05,2.9866666666666663e-05,2.9866666666666663e-05,2.9866666666666663e-05,2.9866666666666663e-05,2.9866666666666663e-05,2.9866666666666663e-05,2.9866666666666663e-05,2.9866666666666663e-05,2.9866666666666663e-05,0.007159866666666666,2.9866666666666663e-05,22.995429866666687
37035_2#1,0.8032813333333334,0.05554133333333333,0.25869133333333333,2.2074413333333336,0.7440013333333334,0.17756133333333332,1.6882313333333334,20.454741333333335,3.1864613333333334,0.37787133333333334,5.1333333333333325e-05,9.018671333333332,5.1333333333333325e-05,1.4042513333333333,5.1333333333333325e-05,0.2511913333333333,0.6498113333333334,0.009131333333333333,5.1333333333333325e-05,0.02003133333333333,0.013881333333333332,2.0114013333333336,0.22376133333333334,0.6442213333333333,0.030711333333333334,0.2504713333333333,2.0078413333333334,0.7807613333333334,0.09725133333333333,0.012001333333333333,0.05822133333333333,0.040261333333333336,5.1333333333333325e-05,0.0005213333333333334,0.30666133333333334,2.0778313333333336,0.5936013333333334,5.1333333333333325e-05,5.1333333333333325e-05,5.1333333333333325e-05,5.1333333333333325e-05,0.5148113333333334,0.06394133333333334,0.09832133333333333,1.6832013333333335,5.1333333333333325e-05,0.06077133333333333,2.4320213333333336,5.1333333333333325e-05,0.010471333333333332,0.4801413333333333,0.9535513333333334,5.1333333333333325e-05,1.5738213333333333,5.1333333333333325e-05,0.26463133333333333,5.1333333333333325e-05,0.08657133333333333,0.21104133333333333,1.5133613333333333,5.1333333333333325e-05,0.20276133333333332,5.1333333333333325e-05,0.018761333333333335,0.007061333333333233,0.06706133333333333,2.9541113333333335,0.09187133333333333,0.41407133333333324,5.1333333333333325e-05,0.4447413333333333,5.1333333333333325e-05,5.1333333333333325e-05,5.1333333333333325e-05,35.39556133333333
37035_2#20,14.113488933333334,1.5943489333333334,24.01970893333333,2.893333333333333e-05,0.17703893333333331,0.19818893333333332,0.7257289333333333,15.618798933333334,1.4570989333333335,0.35572893333333333,2.893333333333333e-05,8.687518933333335,0.47807893333333334,0.038348933333333335,2.893333333333333e-05,0.10919893333333333,1.6884989333333336,2.893333333333333e-05,0.8495589333333333,0.16274893333333332,0.018788933333333334,0.8447989333333332,1.4479489333333335,0.06253893333333332,0.017748933333333335,2.893333333333333e-05,2.893333333333333e-05,0.08818893333333323,2.893333333333333e-05,2.893333333333333e-05,0.8381389333333332,4.108148933333334,0.28052893333333334,2.893333333333333e-05,0.007358933333333334,2.893333333333333e-05,2.893333333333333e-05,2.893333333333333e-05,2.893333333333333e-05,2.893333333333333e-05,2.893333333333333e-05,2.893333333333333e-05,2.893333333333333e-05,0.030418933333333335,0.21158893333333334,2.893333333333333e-05,2.893333333333333e-05,2.893333333333333e-05,2.893333333333333e-05,2.893333333333333e-05,2.893333333333333e-05,2.893333333333333e-05,2.893333333333333e-05,2.893333333333333e-05,2.893333333333333e-05,2.893333333333333e-05,2.893333333333333e-05,2.893333333333333e-05,0.3863089333333334,2.893333333333333e-05,2.893333333333333e-05,2.893333333333333e-05,2.893333333333333e-05,2.893333333333333e-05,2.893333333333333e-05,2.893333333333333e-05,0.025598933333333233,2.893333333333333e-05,2.893333333333333e-05,2.893333333333333e-05,2.893333333333333e-05,2.893333333333333e-05,2.893333333333333e-05,2.893333333333333e-05,21.35653893333334
37035_2#21,2.7931866666666667,0.5696766666666666,3.8999866666666665,0.5695266666666666,14.292356666666667,0.11972666666666666,0.37868666666666667,12.591166666666666,8.387836666666667,0.04321666666666667,0.10375666666666666,0.2940566666666667,0.13341666666666668,0.5892166666666666,4.666666666666666e-05,0.018536666666666667,1.9496266666666668,1.8070366666666668,0.4762766666666667,0.06143666666666667,4.666666666666666e-05,2.7293366666666663,0.7157966666666666,0.05241666666666667,0.012986666666666567,0.4283866666666667,4.666666666666666e-05,0.27903666666666666,0.0052766666666666665,0.5143866666666667,1.5989766666666667,1.4176166666666667,0.019356666666666668,4.666666666666666e-05,4.666666666666666e-05,2.2333566666666664,4.666666666666666e-05,4.666666666666666e-05,4.666666666666666e-05,4.666666666666666e-05,0.17056666666666667,1.8893166666666668,0.004846666666666667,4.666666666666666e-05,0.35336666666666666,4.666666666666666e-05,0.21380666666666667,4.666666666666666e-05,4.666666666666666e-05,4.666666666666666e-05,0.5418566666666667,0.21884666666666658,4.666666666666666e-05,0.5733366666666667,4.666666666666666e-05,4.666666666666666e-05,4.666666666666666e-05,4.666666666666666e-05,4.666666666666666e-05,1.8967666666666667,4.666666666666666e-05,0.022496666666666665,0.05914666666666667,0.0049566666666666665,0.0013566666666666666,4.666666666666666e-05,1.2862466666666668,4.666666666666666e-05,2.7970266666666666,0.024956666666666665,0.5562766666666666,4.666666666666666e-05,0.062416666666666565,4.666666666666666e-05,30.235586666666705
37035_2#23,4.563917866666666,1.0186978666666666,2.973837866666667,0.13909786666666657,0.13945786666666668,0.23345786666666657,0.28628786666666667,1.6715878666666666,0.9676178666666666,5.786666666666666e-05,0.23315786666666666,0.15432786666666667,5.786666666666666e-05,0.6060078666666666,0.16194786666666666,0.3186178666666667,0.3916078666666666,0.03348786666666667,0.16637786666666668,5.786666666666666e-05,2.499557866666667,0.6501378666666666,0.10361786666666667,0.024797866666666665,5.786666666666666e-05,0.023537866666666667,0.0050378666666666665,0.05687786666666657,0.005267866666666667,0.07466786666666667,0.4762478666666667,0.07655786666666667,0.008607866666666665,5.786666666666666e-05,5.786666666666666e-05,2.0824678666666667,5.786666666666666e-05,0.7077278666666665,5.786666666666666e-05,0.03767786666666657,0.06471786666666667,2.111967866666667,0.009837866666666665,0.08601786666666666,2.3415478666666667,0.4678678666666667,0.018177866666666667,1.6202578666666667,5.786666666666666e-05,0.04370786666666667,1.8791078666666665,0.024337866666666666,5.786666666666666e-05,10.773107866666667,0.05675786666666667,0.07017786666666667,5.786666666666666e-05,0.06851786666666666,1.0315778666666666,0.05229786666666667,0.06729786666666666,0.12226786666666667,0.07713786666666667,5.786666666666666e-05,0.050557866666666666,2.6034178666666667,5.786666666666666e-05,0.0018278666666665668,2.125477866666667,0.017147866666666567,0.7801878666666666,0.9897878666666666,0.029487866666666664,0.09056786666666666,51.43181786666665
37035_2#24,5.851736933333333,0.029866933333333335,6.179296933333333,0.046356933333333336,0.17421693333333332,0.015646933333333335,0.3435669333333333,0.8131769333333333,1.5820769333333333,0.04420693333333323,0.25927693333333335,0.13226693333333334,0.007176933333333334,0.5041269333333332,5.6933333333333326e-05,0.005976933333333333,0.7114669333333333,0.013696933333333333,0.07714693333333333,5.6933333333333326e-05,5.6933333333333326e-05,0.23294693333333333,0.21137693333333332,0.07867693333333332,0.020396933333333336,0.019756933333333334,5.6933333333333326e-05,0.3611969333333333,0.0058469333333333335,0.003066933333333333,0.7764369333333333,5.6933333333333326e-05,5.6933333333333326e-05,5.6933333333333326e-05,0.002256933333333333,0.7638769333333333,5.6933333333333326e-05,0.2878169333333333,0.010046933333333332,0.017146933333333236,0.036906933333333336,1.3695469333333334,0.017386933333333333,0.09368693333333333,0.4596869333333333,5.6933333333333326e-05,0.011856933333333333,5.6933333333333326e-05,5.6933333333333326e-05,5.6933333333333326e-05,0.15698693333333333,0.17742693333333331,0.00047693333333333334,0.9893969333333333,0.015286933333333332,0.04867693333333333,5.6933333333333326e-05,0.025776933333333234,5.6933333333333326e-05,0.06400693333333332,0.03147693333333333,0.024346933333333334,0.013006933333333233,0.014246933333333333,0.0036569333333333334,0.4822169333333333,0.3935769333333333,0.011516933333333333,0.36699693333333333,0.0015869333333333334,1.5066269333333333,0.26658693333333333,0.10571693333333322,0.023006933333333333,73.70539693333333
37035_2#25,0.7207241333333333,0.22501413333333334,3.032234133333333,0.14363413333333333,1.0711841333333332,0.021604133333333334,0.39489413333333334,10.950464133333334,3.8146841333333334,0.016114133333333332,0.08639413333333333,7.118674133333332,5.4133333333333326e-05,0.23263413333333333,0.05464413333333333,0.030584133333333333,0.23953413333333334,1.9199341333333333,0.16812413333333334,0.09915413333333332,0.04755413333333333,0.5465041333333334,0.30933413333333337,0.10741413333333333,0.0025841333333333333,0.19943413333333332,5.4133333333333326e-05,0.022324133333333333,5.4133333333333326e-05,0.09894413333333334,0.35694413333333336,0.20837413333333332,0.023174133333333333,5.4133333333333326e-05,5.4133333333333326e-05,21.968674133333334,0.7105341333333334,0.12696413333333323,0.31077413333333337,0.06314413333333332,0.13405413333333333,1.2858741333333332,0.03812413333333333,0.8123541333333334,0.41945413333333337,5.4133333333333326e-05,0.12128413333333334,5.4133333333333326e-05,0.04786413333333333,5.4133333333333326e-05,0.33977413333333334,0.05923413333333333,0.22010413333333323,3.260404133333333,5.4133333333333326e-05,0.5441441333333334,5.4133333333333326e-05,5.4133333333333326e-05,0.27039413333333334,0.07673413333333333,5.4133333333333326e-05,0.15452413333333334,0.022224133333333333,5.4133333333333326e-05,5.4133333333333326e-05,1.6243041333333332,0.16735413333333332,5.4133333333333326e-05,2.633984133333333,5.4133333333333326e-05,0.25421413333333337,5.4133333333333326e-05,0.06090413333333333,0.0035641333333333333,32.005304133333325
37035_2#26,2.3909957333333334,0.039485733333333335,7.231475733333333,0.23265573333333334,2.3890357333333334,0.09137573333333333,0.14305573333333324,3.794035733333333,2.8904357333333333,4.573333333333333e-05,0.18159573333333334,3.0769657333333336,4.573333333333333e-05,0.16336573333333335,2.665095733333333,0.05709573333333333,0.2943657333333333,0.2815457333333333,0.14766573333333333,0.08501573333333334,4.573333333333333e-05,1.2041557333333333,1.0940157333333331,0.05637573333333333,4.573333333333333e-05,0.01685573333333333,0.5443757333333333,0.11877573333333334,4.573333333333333e-05,0.6433157333333333,0.38158573333333334,1.3166657333333331,4.573333333333333e-05,4.573333333333333e-05,4.573333333333333e-05,23.150115733333333,4.573333333333333e-05,0.14346573333333335,0.44540573333333333,4.573333333333333e-05,0.14304573333333334,1.1128757333333332,0.11253573333333333,0.38597573333333335,0.5406057333333334,4.573333333333333e-05,0.04826573333333333,4.573333333333333e-05,0.03207573333333333,4.573333333333333e-05,0.8874557333333333,4.573333333333333e-05,4.573333333333333e-05,1.7063257333333333,4.573333333333333e-05,0.19698573333333333,4.573333333333333e-05,4.573333333333333e-05,0.32346573333333334,4.573333333333333e-05,4.573333333333333e-05,0.18058573333333333,4.573333333333333e-05,4.573333333333333e-05,0.009315733333333333,1.3570957333333333,0.6721757333333334,4.573333333333333e-05,0.8320957333333334,4.573333333333333e-05,0.02204573333333333,4.573333333333333e-05,0.06363573333333333,4.573333333333333e-05,36.10187573333332
37035_2#27,12.5972992,0.9077992,12.380679200000001,0.7031892,2.4416192,0.011629200000000001,1.2269892,6.4528292,11.6985092,0.20640920000000001,3.92e-05,0.9105392,0.1869192,0.8384991999999999,0.7104192,0.9054192,3.0449192,0.5266792,1.7326292,0.08303920000000001,1.5953092,1.7991592,0.5847091999999999,0.3423792,0.0611591999999999,3.92e-05,2.1266692,0.1414492,0.0504492,3.92e-05,0.9473992,1.1488092,3.92e-05,0.0060891999999999995,0.0026192,3.92e-05,3.92e-05,3.92e-05,3.92e-05,3.92e-05,0.0856792,3.92e-05,0.0717892,0.0048092,0.9596092,3.92e-05,3.92e-05,3.92e-05,3.92e-05,3.92e-05,3.92e-05,3.92e-05,0.2213492,3.92e-05,3.92e-05,0.15231920000000002,0.0014391999999999999,3.92e-05,3.92e-05,3.92e-05,3.92e-05,0.2577092,3.92e-05,3.92e-05,0.00018920000000000002,3.92e-05,3.92e-05,3.92e-05,3.92e-05,3.92e-05,3.92e-05,3.92e-05,0.2406791999999999,3.92e-05,31.630919200000005
37035_2#28,1.8709769333333333,0.011566933333333333,3.0223469333333335,0.15540693333333333,1.1603669333333333,0.15072693333333334,0.3719069333333333,3.9722569333333335,8.833476933333333,5.6933333333333326e-05,0.14889693333333331,1.4637769333333333,5.6933333333333326e-05,0.4968169333333333,1.6887769333333336,0.19897693333333333,0.25681693333333333,0.22724693333333332,0.2830669333333333,0.28479693333333334,4.837106933333333,2.9223869333333337,1.2589569333333333,0.07832693333333322,0.012696933333333233,0.03668693333333334,1.1029069333333332,1.6370369333333332,0.005616933333333333,0.008156933333333333,0.20696693333333332,0.42756693333333334,5.6933333333333326e-05,5.6933333333333326e-05,0.0016669333333333334,3.9044069333333336,2.2182469333333334,0.5140569333333334,0.2902269333333333,5.6933333333333326e-05,0.08996693333333322,1.3461469333333334,0.015886933333333336,0.023456933333333235,0.7752369333333333,5.6933333333333326e-05,0.2886169333333333,0.008436933333333332,0.8986869333333334,0.06799693333333333,2.6812469333333335,0.44660693333333323,5.6933333333333326e-05,1.5956669333333333,0.06007693333333333,5.6933333333333326e-05,5.6933333333333326e-05,0.005396933333333334,5.6933333333333326e-05,5.6933333333333326e-05,5.6933333333333326e-05,0.2880569333333333,0.021596933333333335,5.6933333333333326e-05,0.20099693333333332,1.7546169333333332,0.07414693333333333,5.6933333333333326e-05,4.656686933333333,0.047426933333333234,2.5255069333333338,0.03446693333333333,0.7704869333333333,0.006236933333333334,37.25432693333334
37035_2#29,3.4820766666666665,4.666666666666666e-05,5.810776666666667,0.037276666666666666,3.9510466666666666,0.10498666666666656,0.10553666666666657,1.2911366666666668,0.022316666666666665,0.034306666666666666,0.33637666666666666,0.8808466666666667,0.19737666666666667,1.3606466666666668,0.010106666666666667,0.3415266666666667,1.7081566666666668,0.12795666666666658,0.004066666666666666,0.6955266666666666,0.0042966666666666665,1.1688666666666667,2.1152866666666665,0.2740866666666666,0.0005166666666666667,0.5443466666666666,2.2263966666666666,0.23204666666666657,4.666666666666666e-05,0.043506666666666666,0.41941666666666666,0.6582166666666666,0.04186666666666666,4.666666666666666e-05,4.666666666666666e-05,36.70712666666667,4.666666666666666e-05,0.03607666666666667,0.7972566666666666,4.666666666666666e-05,0.0022166666666666663,0.49012666666666665,0.006846666666666667,4.666666666666666e-05,0.007206666666666566,4.666666666666666e-05,4.666666666666666e-05,4.666666666666666e-05,4.666666666666666e-05,4.666666666666666e-05,0.12701666666666667,4.666666666666666e-05,4.666666666666666e-05,0.024326666666666667,0.027516666666666665,4.666666666666666e-05,4.666666666666666e-05,0.027096666666666665,0.3848766666666667,4.666666666666666e-05,4.666666666666666e-05,4.666666666666666e-05,4.666666666666666e-05,4.666666666666666e-05,0.11101666666666667,0.022286666666666666,4.666666666666666e-05,4.666666666666666e-05,0.09588666666666666,0.012226666666666667,0.1296466666666667,4.666666666666666e-05,0.015366666666666666,4.666666666666666e-05,32.74381666666665
37035_2#2,2.9975648,12.0786048,1.3487647999999999,3.3742548,0.4412448,0.2821947999999999,0.9776648,4.6661748,18.6456648,0.1522948,0.1912448,6.216344800000001,0.3505548,1.2075647999999999,0.1100148,1.7444248,0.4142048,0.1046748,1.6703447999999999,0.3070148,0.0248648,2.0551648,0.6053248000000001,0.043594799999999996,0.1623848,0.2548847999999999,4.48e-05,0.4378448,4.48e-05,0.2473648,0.2520447999999999,3.2177148,4.48e-05,4.48e-05,4.48e-05,4.48e-05,4.48e-05,4.48e-05,4.48e-05,4.48e-05,0.1273148,1.8419847999999999,0.1204547999999999,4.48e-05,0.3927548,4.48e-05,4.48e-05,4.48e-05,4.48e-05,4.48e-05,0.3161248,0.1656848,4.48e-05,1.9493348,4.48e-05,4.48e-05,4.48e-05,0.061604799999999994,4.48e-05,4.48e-05,4.48e-05,4.48e-05,4.48e-05,0.0268348,0.0754048,1.5799348,3.5821747999999998,4.48e-05,1.2223747999999999,0.1082448,0.9531948,0.3498447999999999,0.033214799999999996,4.48e-05,22.51030479999999
37035_2#30,1.0312332,0.5630232,0.5180832,0.1251832,2.7227332,0.1135732,0.5597632,10.4941232,2.5431032,0.1616732,0.1087832,4.7103132,0.21173319999999998,0.8077232,5.319999999999999e-05,0.4816432,0.0832832,0.7992332,0.4672531999999999,0.0069732,0.0096432,4.4235132,2.2288132,0.24231319999999998,0.0644232,0.4010532,2.5002532,0.21367319999999998,0.0171832,0.4126632,0.3906531999999999,2.4678832,5.319999999999999e-05,5.319999999999999e-05,5.319999999999999e-05,20.425603199999998,0.7597632,0.19288319999999998,5.319999999999999e-05,5.319999999999999e-05,0.3982132,2.0669332,0.0008132,5.319999999999999e-05,0.4523332,5.319999999999999e-05,0.12783319999999998,2.7506132,5.319999999999999e-05,5.319999999999999e-05,0.14260319999999999,0.0891532,5.319999999999999e-05,1.8679732,5.319999999999999e-05,5.319999999999999e-05,5.319999999999999e-05,5.319999999999999e-05,5.319999999999999e-05,0.2335931999999999,5.319999999999999e-05,0.1312632,5.319999999999999e-05,0.0064032,0.0503231999999999,2.2297932,0.37090319999999993,0.0245132,0.5110731999999999,0.010253199999999999,0.1185832,0.5599132,0.13327319999999998,0.7244531999999999,25.7384832
37035_2#31,2.6372448,9.2285548,10.3264248,0.051134799999999994,0.6942748000000001,0.1537948,1.0393847999999999,7.197234800000001,5.3781448,2.6625048,0.3319948,0.8460548,0.6097848000000001,0.2042648,4.48e-05,0.3788048,1.3424148,1.1357948,4.48e-05,0.0017948,0.0059748,2.7268947999999997,1.1548648,0.0222048,0.1471347999999999,0.3791148,0.7704548000000001,0.40697479999999997,4.48e-05,1.6068947999999998,0.4976348,0.4502348,0.045384799999999996,4.48e-05,4.48e-05,10.6700848,4.48e-05,4.48e-05,4.48e-05,4.48e-05,0.0209448,1.1077048,4.48e-05,0.0104648,0.06535479999999999,4.48e-05,4.48e-05,4.48e-05,4.48e-05,4.48e-05,0.2115848,0.0877548,4.48e-05,3.8783648,4.48e-05,4.48e-05,4.48e-05,4.48e-05,0.2986048,4.48e-05,4.48e-05,0.3446448,4.48e-05,0.0111547999999999,0.00025479999999999996,0.5494248,0.050094799999999995,4.48e-05,2.1815148,4.48e-05,4.48e-05,0.0162548,0.052104799999999896,4.48e-05,28.009104800000006
37035_2#32,11.135567066666667,4.363917066666667,7.149307066666667,0.9095670666666666,11.825887066666667,1.6082970666666667,2.072127066666667,15.184757066666666,6.171867066666667,0.5424570666666666,2.7066666666666663e-05,12.580837066666668,0.3049770666666666,0.5294070666666666,2.7066666666666663e-05,2.7066666666666663e-05,0.2799470666666667,0.8291570666666667,2.7066666666666663e-05,0.14923706666666667,0.04000706666666667,1.6772270666666667,1.8743570666666667,0.5315070666666666,0.08659706666666667,0.39448706666666666,2.7066666666666663e-05,2.7066666666666663e-05,0.07144706666666667,2.7066666666666663e-05,0.8124770666666666,3.4829570666666667,2.7066666666666663e-05,2.7066666666666663e-05,2.7066666666666663e-05,2.7066666666666663e-05,2.7066666666666663e-05,2.7066666666666663e-05,2.7066666666666663e-05,2.7066666666666663e-05,2.7066666666666663e-05,2.7066666666666663e-05,2.7066666666666663e-05,0.04003706666666666,2.7066666666666663e-05,2.7066666666666663e-05,2.7066666666666663e-05,2.7066666666666663e-05,2.7066666666666663e-05,2.7066666666666663e-05,2.7066666666666663e-05,2.7066666666666663e-05,2.7066666666666663e-05,2.7066666666666663e-05,2.7066666666666663e-05,2.7066666666666663e-05,2.7066666666666663e-05,2.7066666666666663e-05,2.7066666666666663e-05,2.7066666666666663e-05,2.7066666666666663e-05,2.7066666666666663e-05,2.7066666666666663e-05,0.039137066666666664,0.22386706666666667,2.7066666666666663e-05,2.7066666666666663e-05,2.7066666666666663e-05,2.7066666666666663e-05,2.7066666666666663e-05,2.7066666666666663e-05,2.7066666666666663e-05,2.7066666666666663e-05,2.7066666666666663e-05,15.087337066666684
37035_2#3,3.8118932,1.0294532,1.1193431999999999,0.15742319999999999,0.7969731999999999,0.0110932,0.7687031999999999,2.3574032000000003,20.6381032,0.2015532,0.0463032,4.9963332,0.038193200000000004,0.12844319999999998,0.055733200000000004,0.3533432,0.9079031999999999,0.33193320000000004,2.0319932,0.0159531999999999,0.1533532,2.4282932,0.0927632,0.055663199999999906,0.0265231999999999,0.0073431999999999,1.3583532,0.12013320000000001,5.319999999999999e-05,0.19413319999999998,0.17704319999999998,0.1562132,5.319999999999999e-05,5.319999999999999e-05,5.319999999999999e-05,5.319999999999999e-05,0.037583200000000004,5.319999999999999e-05,5.319999999999999e-05,5.319999999999999e-05,5.319999999999999e-05,0.47846320000000003,0.0971432,0.0419932,0.21753319999999998,5.319999999999999e-05,0.0181232,0.027003199999999998,0.4345232,5.319999999999999e-05,0.5165831999999999,0.1160032,0.038243200000000005,5.6701932,5.319999999999999e-05,0.0131732,0.0014132,5.319999999999999e-05,5.319999999999999e-05,5.319999999999999e-05,5.319999999999999e-05,0.0065032,0.021123199999999998,5.319999999999999e-05,0.0124832,3.4644331999999998,0.3282432,0.0474132,6.5892332,0.0135632,0.0670032,5.319999999999999e-05,0.3430632,0.0176032,36.81251319999999
37035_2#4,8.606315733333332,0.10435573333333334,2.872105733333333,0.06650573333333323,8.930045733333332,0.14186573333333333,0.5032257333333333,13.424035733333334,1.1597657333333333,0.017145733333333232,0.03209573333333323,2.8299057333333333,0.8060457333333333,0.23086573333333335,10.291465733333332,0.31421573333333336,6.128495733333334,1.9854257333333332,0.29249573333333334,0.009895733333333333,0.6584157333333333,1.1707757333333333,3.0819457333333333,0.5018757333333334,0.04090573333333333,0.3122357333333333,1.6029857333333333,0.9450457333333333,4.573333333333333e-05,0.24295573333333334,0.30948573333333335,6.570765733333333,4.573333333333333e-05,4.573333333333333e-05,4.573333333333333e-05,4.573333333333333e-05,0.6475457333333333,4.573333333333333e-05,4.573333333333333e-05,4.573333333333333e-05,0.09666573333333334,1.8079557333333331,0.15875573333333334,2.789425733333333,0.04328573333333333,4.573333333333333e-05,0.4480057333333333,4.573333333333333e-05,0.007815733333333333,4.573333333333333e-05,4.573333333333333e-05,0.32887573333333336,4.573333333333333e-05,0.022195733333333332,4.573333333333333e-05,0.02578573333333333,4.573333333333333e-05,4.573333333333333e-05,4.573333333333333e-05,4.573333333333333e-05,4.573333333333333e-05,0.17363573333333324,4.573333333333333e-05,0.008415733333333333,0.013825733333333333,4.573333333333333e-05,0.011375733333333334,4.573333333333333e-05,4.573333333333333e-05,4.573333333333333e-05,0.10598573333333333,4.573333333333333e-05,4.573333333333333e-05,0.3568657333333333,18.76872573333331
37035_2#5,2.341656,2.3928659999999997,1.964236,0.7892060000000001,8.084866,0.34094599999999997,0.607186,13.515486,4.609605999999999,0.122816,0.12516599999999992,5.8139959999999995,0.129196,0.612006,0.021186,0.288786,1.4709860000000001,0.1237159999999999,2.083796,0.184896,5.599999999999999e-05,0.661796,5.268866,0.172266,0.029966,0.033916,0.334366,0.2544459999999999,5.599999999999999e-05,0.3588559999999999,0.193026,1.056356,0.035956,0.001766,5.599999999999999e-05,5.599999999999999e-05,0.580756,5.599999999999999e-05,5.599999999999999e-05,5.599999999999999e-05,1.637456,0.658076,0.148426,2.583276,0.069496,5.599999999999999e-05,0.2292059999999999,5.599999999999999e-05,0.010576,5.599999999999999e-05,1.212136,0.019226,5.599999999999999e-05,0.710626,5.599999999999999e-05,0.212376,0.008666,5.599999999999999e-05,2.847016,0.026756,5.599999999999999e-05,0.120276,0.010236,0.039316,0.157176,0.365446,5.0023859999999996,0.018726,0.034706,0.022996,0.320996,5.599999999999999e-05,0.2923059999999999,0.5035360000000001,28.132805999999984
37035_2#6,0.7525166666666666,0.25278666666666666,0.14889666666666668,0.4197366666666667,7.440046666666666,0.031926666666666666,0.23194666666666658,22.368006666666666,0.8080866666666666,0.04330666666666667,0.10627666666666667,16.206936666666667,0.049236666666666665,0.7683066666666667,0.26472666666666667,0.16313666666666668,0.9550866666666666,0.22252666666666668,0.14163666666666658,0.050756666666666665,4.666666666666666e-05,7.152166666666666,0.4849266666666667,0.18087666666666669,0.028246666666666666,4.666666666666666e-05,4.666666666666666e-05,0.38373666666666667,4.666666666666666e-05,0.15617666666666669,0.16971666666666668,0.40038666666666667,0.019046666666666667,4.666666666666666e-05,4.666666666666666e-05,1.7629666666666668,0.3674866666666667,0.5278666666666666,0.6508766666666667,4.666666666666666e-05,0.13876666666666668,1.5893566666666668,4.666666666666666e-05,4.666666666666666e-05,0.5166866666666666,4.666666666666666e-05,4.666666666666666e-05,4.666666666666666e-05,4.666666666666666e-05,4.666666666666666e-05,4.666666666666666e-05,4.666666666666666e-05,0.16942666666666667,0.6997366666666667,0.021126666666666665,4.666666666666666e-05,0.0018966666666665668,4.666666666666666e-05,4.666666666666666e-05,0.4044066666666667,4.666666666666666e-05,0.08405666666666667,0.1926766666666667,0.024076666666666666,4.666666666666666e-05,1.2226166666666667,4.666666666666666e-05,4.666666666666666e-05,3.9246166666666666,4.666666666666666e-05,4.666666666666666e-05,0.035866666666666665,0.07692666666666667,0.2794666666666667,26.90676666666668
37035_2#7,1.0991194666666666,2.145139466666667,1.0716294666666666,0.46216946666666664,0.5270894666666668,4.946666666666666e-05,0.22149946666666667,12.724129466666666,2.3651894666666666,0.030999466666666666,0.0029294666666666667,4.351409466666667,0.02582946666666667,0.19943946666666668,0.016949466666666666,0.12065946666666666,0.6274494666666667,1.2247094666666667,1.3614994666666667,0.007829466666666667,0.16230946666666668,1.6230994666666665,0.46196946666666655,0.09445946666666666,0.018449466666666667,0.02395946666666667,0.13890946666666668,4.946666666666666e-05,4.946666666666666e-05,0.14680946666666667,0.19247946666666668,1.0665694666666665,0.06972946666666667,0.0004994666666666666,4.946666666666666e-05,14.304829466666666,4.946666666666666e-05,0.09445946666666666,1.4606294666666666,4.946666666666666e-05,4.946666666666666e-05,0.7859294666666667,0.03169946666666666,4.946666666666666e-05,0.004489466666666666,0.5088994666666666,0.18313946666666667,4.946666666666666e-05,4.946666666666666e-05,4.946666666666666e-05,1.3390194666666666,4.946666666666666e-05,0.030039466666666667,1.6076894666666666,4.946666666666666e-05,0.2709294666666667,4.946666666666666e-05,4.946666666666666e-05,4.946666666666666e-05,4.946666666666666e-05,4.946666666666666e-05,0.013579466666666666,0.049339466666666665,0.0033894666666666666,4.946666666666666e-05,0.01901946666666667,1.3000494666666667,0.012299466666666667,2.009919466666667,4.946666666666666e-05,0.012869466666666668,4.946666666666666e-05,0.03749946666666666,4.946666666666666e-05,43.334279466666665
37035_2#8,0.6328113333333334,0.061941333333333334,1.0950513333333334,0.2832213333333333,3.9066513333333335,0.18011133333333323,0.41161133333333333,15.474831333333332,3.3801813333333333,0.016981333333333334,0.6349713333333333,14.938201333333332,0.010391333333333233,0.8695113333333333,0.04910133333333333,0.35114133333333325,3.7661713333333333,1.1472813333333334,0.5200913333333335,0.25099133333333334,0.021751333333333234,4.512801333333333,0.9420413333333334,0.36917133333333335,0.026171333333333234,0.6752513333333334,5.1333333333333325e-05,0.8078213333333334,0.013911333333333333,0.14701133333333333,0.19007133333333334,0.23693133333333333,0.06550133333333333,5.1333333333333325e-05,0.05498133333333333,4.106341333333333,5.1333333333333325e-05,5.1333333333333325e-05,2.2561513333333334,5.1333333333333325e-05,0.11531133333333334,0.6308213333333333,5.1333333333333325e-05,0.11391133333333324,0.39997133333333335,5.1333333333333325e-05,0.21316133333333334,5.1333333333333325e-05,0.26737133333333335,5.1333333333333325e-05,1.7899813333333334,0.3278913333333333,5.1333333333333325e-05,3.382951333333333,5.1333333333333325e-05,5.1333333333333325e-05,0.007811333333333333,5.1333333333333325e-05,5.1333333333333325e-05,5.1333333333333325e-05,5.1333333333333325e-05,0.06577133333333333,5.1333333333333325e-05,0.013421333333333334,0.4114213333333333,0.3277813333333333,0.20071133333333332,5.1333333333333325e-05,4.507291333333334,5.1333333333333325e-05,0.17121133333333333,5.1333333333333325e-05,0.026101333333333233,0.027191333333333335,24.591731333333332
37035_2#9,3.100142,1.970452,1.829132,6.217912,0.38459199999999993,1.145202,2.554722,3.139802,7.016752,0.5307919999999999,1.2772320000000001,21.342832,0.512412,3.4039420000000002,4.199999999999999e-05,0.6928219999999999,2.963882,0.059922,0.645192,0.39274200000000004,0.014652,9.434132,0.419702,0.1658319999999999,0.019492,0.946932,0.360642,1.109382,0.188002,0.235702,4.199999999999999e-05,0.42101199999999994,4.199999999999999e-05,4.199999999999999e-05,4.199999999999999e-05,4.199999999999999e-05,1.051242,4.199999999999999e-05,4.199999999999999e-05,4.199999999999999e-05,0.996472,0.119122,0.808952,4.199999999999999e-05,1.3261920000000003,4.199999999999999e-05,0.118572,7.720371999999999,4.199999999999999e-05,4.199999999999999e-05,4.199999999999999e-05,2.0009520000000003,0.154212,0.027822,4.199999999999999e-05,4.199999999999999e-05,4.199999999999999e-05,0.0194419999999999,4.199999999999999e-05,4.199999999999999e-05,4.199999999999999e-05,0.293932,4.199999999999999e-05,4.199999999999999e-05,1.420422,4.199999999999999e-05,0.276992,4.199999999999999e-05,4.199999999999999e-05,4.199999999999999e-05,4.199999999999999e-05,4.199999999999999e-05,4.199999999999999e-05,4.199999999999999e-05,11.168081999999979
37035_7#10,0.1732316,0.1332516,0.2005816,0.4066515999999999,0.8095716,6.159999999999999e-05,0.3335515999999999,14.026431599999999,22.5276716,0.011461599999999999,0.10395159999999999,0.43631159999999997,0.022441600000000003,1.2541115999999999,0.5736716,0.11330159999999999,0.7003716,0.028141600000000003,0.07664159999999999,0.0115616,0.0258615999999999,0.5891016,0.1463216,0.0308516,0.07077159999999999,0.0028216,0.39434159999999996,0.0414516,6.159999999999999e-05,0.2911416,0.0496716,6.159999999999999e-05,0.5960915999999999,0.0120416,6.159999999999999e-05,11.9128016,0.2561616,0.5007115999999999,0.0029916,0.0312616,0.2778516,2.4423616,0.005221599999999899,0.10889159999999999,0.7064615999999999,6.159999999999999e-05,0.2282516,0.1479316,6.159999999999999e-05,0.2191316,0.3306516,0.25435159999999996,0.3326115999999999,0.9828916,0.0378816,6.159999999999999e-05,0.1369116,0.0096916,0.0478416,1.4099916,6.159999999999999e-05,0.0527916,0.049651600000000004,0.0018216,0.0048216,0.29222159999999997,0.10989159999999999,0.021691600000000002,0.0661316,0.007701599999999999,0.1366416,1.4732816,0.33028159999999995,6.159999999999999e-05,32.876281599999984
37035_7#11,4.48e-05,4.48e-05,4.48e-05,0.0196648,0.9854348,4.48e-05,0.38882479999999997,2.8078148,0.4292248,4.48e-05,0.0016348,5.926714800000001,4.48e-05,0.5003848000000001,0.0165148,0.0399548,0.4345048,0.5061748,4.48e-05,1.0456248,4.48e-05,0.4886848,0.9897848,0.1775948,4.48e-05,0.0312548,0.3490648,1.4431148,4.48e-05,0.0077247999999999995,0.09796479999999999,0.3041148,0.5032748,0.0586948,1.9640148,44.4313248,4.48e-05,0.2407447999999999,0.0700248,4.48e-05,0.2720448,0.1684348,4.48e-05,0.0178048,0.0029248,5.679414800000001,4.48e-05,0.0677048,0.0776948,0.0687848,4.48e-05,4.48e-05,0.0187748,4.48e-05,4.48e-05,0.0037848,0.0169548,0.0099348,0.0003448,4.48e-05,4.48e-05,4.48e-05,4.48e-05,4.48e-05,0.0027748,0.0063748,0.0088848,4.48e-05,4.48e-05,4.48e-05,0.0219248,0.0336548,4.48e-05,0.006514799999999999,29.25420479999999
37035_7#12,4.199999999999999e-05,4.199999999999999e-05,4.199999999999999e-05,0.8486519999999999,1.0475020000000002,4.199999999999999e-05,3.887762,10.033042,1.930252,0.31192200000000003,0.1051819999999999,2.0069820000000003,0.393872,3.551372,0.037322,4.199999999999999e-05,5.3494019999999995,4.199999999999999e-05,0.088492,0.582402,0.031822,0.221682,9.482272,1.653392,0.198042,4.199999999999999e-05,1.5087420000000002,2.269802,4.199999999999999e-05,0.024462,4.199999999999999e-05,11.916672,0.5269419999999999,0.366902,1.2204420000000002,16.434092,4.199999999999999e-05,1.2735720000000001,0.004462,0.1272819999999999,0.234482,4.199999999999999e-05,0.076822,4.199999999999999e-05,4.199999999999999e-05,0.740252,0.161822,4.199999999999999e-05,0.005791999999999999,0.007902,4.199999999999999e-05,4.199999999999999e-05,0.019952,4.199999999999999e-05,0.029212,4.199999999999999e-05,3.961192,0.113142,4.199999999999999e-05,4.199999999999999e-05,0.155032,0.001542,4.199999999999999e-05,4.199999999999999e-05,0.1178819999999999,4.199999999999999e-05,0.008392,4.199999999999999e-05,4.199999999999999e-05,4.199999999999999e-05,4.199999999999999e-05,4.199999999999999e-05,4.199999999999999e-05,4.199999999999999e-05,16.930582000000012
37035_7#13,3.8266666666666664e-05,3.8266666666666664e-05,3.8266666666666664e-05,0.018388266666666667,0.21594826666666667,3.8266666666666664e-05,0.4721782666666667,7.284878266666667,0.08000826666666666,0.05907826666666667,0.13151826666666666,0.21056826666666667,3.8266666666666664e-05,0.5469482666666667,3.8266666666666664e-05,3.8266666666666664e-05,0.22510826666666667,3.8266666666666664e-05,0.05107826666666667,0.3182682666666667,0.056358266666666566,0.15450826666666667,0.5917782666666668,0.12516826666666667,0.049568266666666666,3.8266666666666664e-05,0.7692582666666666,3.8266666666666664e-05,3.8266666666666664e-05,0.0027682666666666664,0.0017882666666666667,0.023118266666666668,0.7132482666666667,3.8266666666666664e-05,0.9693882666666667,62.18208826666667,0.04071826666666667,0.02131826666666667,2.9973782666666664,3.8266666666666664e-05,0.08152826666666665,0.08780826666666666,0.0025282666666666667,0.09330826666666656,3.8266666666666664e-05,1.1815882666666666,0.15025826666666667,3.8266666666666664e-05,3.8266666666666664e-05,0.016868266666666666,3.8266666666666664e-05,3.8266666666666664e-05,3.8266666666666664e-05,0.04662826666666667,0.004948266666666667,0.07012826666666666,3.3108182666666663,3.8266666666666664e-05,3.8266666666666664e-05,3.8266666666666664e-05,3.8266666666666664e-05,3.8266666666666664e-05,3.8266666666666664e-05,3.8266666666666664e-05,3.8266666666666664e-05,3.8266666666666664e-05,3.8266666666666664e-05,3.8266666666666664e-05,3.8266666666666664e-05,3.8266666666666664e-05,3.8266666666666664e-05,0.006518266666666667,3.8266666666666664e-05,0.0049382666666666665,16.628408266666646
37035_7#14,5.4133333333333326e-05,0.8832541333333335,5.4133333333333326e-05,0.025244133333333234,2.1303541333333333,5.4133333333333326e-05,0.11574413333333324,6.748234133333333,3.4729341333333332,5.4133333333333326e-05,0.03316413333333333,0.8360641333333333,5.4133333333333326e-05,0.11364413333333333,0.27943413333333333,0.027664133333333334,0.24262413333333332,0.20380413333333333,0.06383413333333333,0.09159413333333333,5.4133333333333326e-05,0.28249413333333334,0.18706413333333333,0.11299413333333323,0.17160413333333333,0.005804133333333333,0.42620413333333335,0.11669413333333332,0.006364133333333233,0.008104133333333334,0.3944941333333333,0.05105413333333333,0.015914133333333334,0.028604133333333333,2.2525841333333334,44.74677413333333,0.23867413333333334,0.15175413333333332,0.31751413333333334,5.4133333333333326e-05,0.03239413333333333,0.5419241333333333,5.4133333333333326e-05,0.08567413333333333,0.11879413333333323,2.0619741333333335,0.017294133333333333,5.4133333333333326e-05,5.4133333333333326e-05,0.07478413333333334,0.7354541333333333,0.021794133333333333,0.12332413333333334,0.35160413333333335,5.4133333333333326e-05,0.03607413333333333,0.03503413333333333,5.4133333333333326e-05,0.9269841333333334,0.12370413333333333,5.4133333333333326e-05,0.009034133333333335,0.013714133333333333,5.4133333333333326e-05,5.4133333333333326e-05,0.15780413333333332,0.012414133333333334,0.0028741333333332335,0.12058413333333333,5.4133333333333326e-05,0.022664133333333333,0.36752413333333334,5.4133333333333326e-05,0.015464133333333335,29.20790413333335
37035_7#15,4.573333333333333e-05,1.0723457333333333,4.573333333333333e-05,1.5798557333333332,0.03246573333333333,4.573333333333333e-05,6.589805733333334,4.243505733333334,1.0963057333333333,0.06873573333333334,1.7649357333333333,0.004285733333333333,1.1147557333333333,2.3188557333333333,4.573333333333333e-05,0.03553573333333333,0.10508573333333333,4.573333333333333e-05,4.573333333333333e-05,24.062835733333333,0.05474573333333333,0.41788573333333334,8.530145733333333,0.45894573333333333,1.5121257333333333,4.573333333333333e-05,4.573333333333333e-05,0.20536573333333333,0.006265733333333333,0.006355733333333233,4.573333333333333e-05,0.12493573333333324,2.557985733333333,0.17098573333333333,0.0016157333333333332,3.5764657333333334,0.4740857333333333,15.938225733333333,4.573333333333333e-05,4.573333333333333e-05,0.42353573333333333,0.010235733333333333,0.12195573333333323,4.573333333333333e-05,0.11658573333333323,4.573333333333333e-05,0.19869573333333335,0.5748757333333333,0.07057573333333333,0.09477573333333333,0.27835573333333335,0.08984573333333334,4.573333333333333e-05,4.573333333333333e-05,4.573333333333333e-05,0.24270573333333334,1.2470157333333332,0.17739573333333333,0.06968573333333333,0.17729573333333334,0.18242573333333334,0.12057573333333334,4.573333333333333e-05,0.0013957333333332333,4.573333333333333e-05,4.573333333333333e-05,4.573333333333333e-05,4.573333333333333e-05,4.573333333333333e-05,0.02740573333333333,4.573333333333333e-05,4.573333333333333e-05,4.573333333333333e-05,4.573333333333333e-05,17.648025733333363
37035_7#16,0.06718253333333334,0.012882533333333333,0.048032533333333335,0.17431253333333332,0.3555025333333333,0.018002533333333234,1.7166225333333334,9.280072533333334,6.452492533333333,6.253333333333333e-05,0.20904253333333334,0.3731025333333333,0.0027325333333333333,0.33227253333333334,0.06556253333333334,0.28719253333333333,0.13355253333333322,0.3939725333333333,0.9499125333333334,0.18468253333333332,6.253333333333333e-05,0.3739925333333333,0.04188253333333333,0.4297225333333333,6.253333333333333e-05,0.030952533333333334,0.2504725333333333,0.25178253333333334,0.09886253333333334,0.31395253333333334,0.5415025333333334,0.0025625333333333332,0.008712533333333333,0.0007825333333333333,0.4092925333333333,1.0110825333333333,6.253333333333333e-05,0.27210253333333334,6.253333333333333e-05,0.13060253333333333,0.0021425333333333334,1.5525925333333332,0.0002525333333333333,0.9278925333333333,0.2500925333333333,0.49385253333333334,1.4618925333333332,3.0926225333333335,6.253333333333333e-05,0.3489325333333333,1.3265125333333332,0.13638253333333333,0.8400425333333333,2.6640525333333334,0.3140425333333333,0.01883253333333333,6.253333333333333e-05,0.16061253333333333,0.47230253333333333,6.253333333333333e-05,0.10323253333333333,0.6329825333333333,0.09125253333333333,0.029432533333333233,0.00024253333333333334,1.0327625333333332,9.817202533333333,0.04936253333333333,0.16349253333333333,0.037672533333333334,0.8021925333333334,0.09524253333333334,0.02820253333333333,0.08734253333333333,47.74044253333332
37035_7#17,0.012367866666666666,2.4165178666666667,5.786666666666666e-05,0.20326786666666666,0.09234786666666667,0.3205078666666666,3.237397866666667,0.13954786666666666,2.677407866666667,5.786666666666666e-05,1.5210178666666667,0.07450786666666667,5.786666666666666e-05,3.257447866666667,0.2725378666666667,0.06181786666666657,1.0853778666666667,0.024967866666666665,1.1491978666666667,3.958317866666667,0.5738578666666666,0.5134678666666667,0.5088778666666666,5.786666666666666e-05,0.6886678666666667,5.786666666666666e-05,5.786666666666666e-05,0.24617786666666666,0.3197278666666667,5.786666666666666e-05,0.030337866666666664,0.005947866666666667,0.07848786666666667,0.24472786666666668,0.11060786666666667,4.591397866666666,5.786666666666666e-05,5.631597866666667,3.573157866666667,1.9181878666666665,0.0005778666666666667,0.08217786666666667,0.27533786666666665,0.020197866666666665,0.027067866666666666,0.3348078666666667,0.6021478666666666,0.22870786666666656,0.27833786666666666,5.786666666666666e-05,0.39456786666666666,5.786666666666666e-05,0.0026478666666666668,0.20813786666666667,0.21969786666666666,0.8525778666666666,0.42353786666666665,0.21282786666666667,0.07702786666666667,0.7245878666666666,0.31004786666666667,0.49392786666666666,0.012977866666666666,5.786666666666666e-05,5.786666666666666e-05,0.04943786666666667,0.06737786666666656,5.786666666666666e-05,1.1796578666666666,0.14215786666666666,0.3525878666666667,6.790157866666666,0.025107866666666666,0.4353378666666667,45.63571786666665
37035_7#19,3.64e-05,3.64e-05,3.64e-05,1.3892463999999998,0.0167863999999999,0.029206399999999997,5.7923364,0.0040864000000000004,0.6857664,0.0282863999999999,0.43328639999999996,0.026726399999999997,0.9366564000000001,0.7799864,3.64e-05,0.0108164,1.4539963999999999,0.0549864,0.1163263999999999,2.4316063999999997,12.3389364,0.0240263999999999,0.0007464,3.64e-05,0.42589639999999995,3.64e-05,3.64e-05,0.1381564,0.036826399999999995,3.64e-05,3.64e-05,3.64e-05,0.0004964,3.64e-05,3.64e-05,0.0094464,3.64e-05,1.8361964,1.1723464,0.020336399999999998,3.64e-05,3.64e-05,0.31083639999999996,3.64e-05,3.64e-05,3.64e-05,0.1724864,3.64e-05,3.64e-05,3.64e-05,3.64e-05,3.64e-05,3.64e-05,3.64e-05,0.08231640000000001,0.0631864,3.64e-05,0.016246399999999998,0.41152639999999996,1.3232764,0.0032464,0.0105463999999999,3.64e-05,0.0065064,3.64e-05,3.64e-05,3.64e-05,3.64e-05,3.64e-05,3.64e-05,3.64e-05,0.051626399999999996,3.64e-05,3.64e-05,67.35337640000002
37035_7#1,5.039999999999999e-05,1.4790304,5.039999999999999e-05,0.4425204,0.0659204,5.039999999999999e-05,2.0070304,0.1734104,3.1250504,0.0100204,1.8634604000000001,0.1085604,5.039999999999999e-05,1.6070304000000002,0.0793504,0.1136804,0.5059804,5.039999999999999e-05,0.4847604,1.4166004,5.039999999999999e-05,0.2666904,9.5063104,5.039999999999999e-05,0.2538504,5.039999999999999e-05,5.039999999999999e-05,0.0023004,0.1930704,5.039999999999999e-05,5.039999999999999e-05,5.039999999999999e-05,0.026900399999999998,0.2930704,0.0350404,2.0948604,5.039999999999999e-05,3.6382804,3.947110400000001,0.1502204,0.0274604,0.0406304,0.28526039999999997,5.039999999999999e-05,0.0214003999999999,0.1139004,0.5621004,0.39744039999999997,0.1253804,0.0010104,0.0662004,5.039999999999999e-05,5.039999999999999e-05,0.0366704,0.8879504,0.0800004,1.2924304000000002,0.0474604,5.039999999999999e-05,11.5094804,0.15580039999999998,0.21060039999999988,0.0081004,0.0195504,5.039999999999999e-05,5.039999999999999e-05,0.0136104,0.09325040000000001,0.040740399999999996,0.1445004,5.039999999999999e-05,9.0365704,5.039999999999999e-05,0.0696504,40.82168039999999
37035_7#20,5.4133333333333326e-05,0.0034141333333333333,5.4133333333333326e-05,0.03863413333333333,1.6310441333333332,5.4133333333333326e-05,0.39830413333333337,5.649204133333333,2.9075741333333336,0.0005741333333333334,0.028834133333333335,3.0208241333333334,0.025634133333333333,0.20784413333333332,0.04959413333333333,0.015854133333333333,1.0539341333333332,0.14108413333333333,0.004434133333333333,0.8168141333333334,0.03154413333333333,0.13307413333333334,1.4499941333333333,0.06523413333333333,0.0021841333333333336,0.010294133333333334,0.11089413333333333,0.27744413333333334,5.4133333333333326e-05,0.026344133333333335,0.06485413333333333,0.5749741333333334,0.21663413333333334,5.4133333333333326e-05,0.9790441333333334,36.602934133333335,0.16292413333333333,0.16676413333333323,0.13896413333333332,5.4133333333333326e-05,0.03591413333333333,0.18309413333333333,0.04249413333333333,0.14903413333333332,0.024254133333333334,2.7303341333333333,5.4133333333333326e-05,0.5057541333333333,0.11727413333333334,0.13992413333333334,0.020304133333333235,5.4133333333333326e-05,0.05336413333333333,0.20684413333333332,0.020974133333333336,0.22097413333333332,5.4133333333333326e-05,5.4133333333333326e-05,5.4133333333333326e-05,0.00038413333333333336,5.4133333333333326e-05,0.0005241333333333334,5.4133333333333326e-05,5.4133333333333326e-05,0.008214133333333333,0.03335413333333333,0.03188413333333333,5.4133333333333326e-05,0.13529413333333323,5.4133333333333326e-05,0.005164133333333333,0.23763413333333333,5.4133333333333326e-05,0.22205413333333332,37.86633413333333
37035_7#21,4.386666666666666e-05,0.010073866666666667,4.386666666666666e-05,0.011103866666666667,0.026693866666666566,4.386666666666666e-05,4.883673866666667,0.005433866666666666,3.407213866666667,0.015183866666666667,0.9704838666666666,4.386666666666666e-05,0.3288738666666667,0.48973386666666663,0.03507386666666667,4.386666666666666e-05,0.35064386666666664,0.039733866666666666,0.07514386666666667,0.35154386666666665,1.1581238666666667,0.15539386666666666,0.06283386666666667,0.016693866666666664,0.15465386666666656,0.05538386666666667,4.386666666666666e-05,0.00038386666666666666,0.14791386666666664,4.386666666666666e-05,4.386666666666666e-05,4.386666666666666e-05,4.386666666666666e-05,0.0007438666666666667,4.386666666666666e-05,0.07758386666666667,4.386666666666666e-05,3.422583866666667,0.2612638666666667,0.0037138666666666664,4.386666666666666e-05,4.386666666666666e-05,0.020193866666666664,4.386666666666666e-05,4.386666666666666e-05,4.386666666666666e-05,0.13999386666666666,0.0034838666666666667,4.386666666666666e-05,0.0058938666666666665,0.04813386666666667,4.386666666666666e-05,4.386666666666666e-05,0.058633866666666666,0.5439738666666667,4.386666666666666e-05,4.386666666666666e-05,0.029543866666666665,0.08088386666666667,0.5210838666666667,0.11442386666666667,0.15727386666666665,0.0028438666666665666,4.386666666666666e-05,4.386666666666666e-05,4.386666666666666e-05,0.028713866666666567,0.05299386666666667,4.386666666666666e-05,0.09682386666666667,4.386666666666666e-05,1.4893038666666665,4.386666666666666e-05,0.7184738666666667,79.36822386666667
37035_7#22,4.666666666666666e-05,0.016076666666666666,4.666666666666666e-05,0.056266666666666666,0.14203666666666667,4.666666666666666e-05,0.6910766666666667,0.003916666666666666,1.0260066666666667,0.0017666666666666666,0.12912666666666667,0.024196666666666665,0.07457666666666667,0.16884666666666667,0.005686666666666666,4.666666666666666e-05,0.09868666666666667,0.11968666666666666,0.3387366666666667,1.4924866666666667,4.666666666666666e-05,0.008016666666666667,0.7913466666666666,4.666666666666666e-05,0.047646666666666664,4.666666666666666e-05,4.666666666666666e-05,0.0018066666666666667,0.09567666666666666,0.015346666666666566,0.00011666666666666665,0.0027666666666666664,4.666666666666666e-05,0.22576666666666667,4.666666666666666e-05,0.043046666666666664,4.666666666666666e-05,0.7919466666666666,0.030856666666666668,0.07590666666666666,4.666666666666666e-05,4.666666666666666e-05,0.0025266666666666666,4.666666666666666e-05,4.666666666666666e-05,4.666666666666666e-05,0.5083966666666666,0.04605666666666667,0.028206666666666668,0.0011366666666666667,0.0031566666666666666,4.666666666666666e-05,4.666666666666666e-05,0.022046666666666666,0.2780666666666667,0.21130666666666667,0.005746666666666666,0.08708666666666667,0.011316666666666666,4.666666666666666e-05,0.1446666666666667,0.15774666666666667,0.0023566666666666666,4.666666666666666e-05,4.666666666666666e-05,4.666666666666666e-05,0.10652666666666667,0.0023166666666666665,4.666666666666666e-05,0.007066666666666666,4.666666666666666e-05,0.20035666666666668,4.666666666666666e-05,0.0019566666666666665,91.65136666666668
37035_7#23,5.879999999999999e-05,0.4579988,5.879999999999999e-05,0.4514787999999999,1.1502687999999999,0.1411888,2.4702288,3.5627988,9.2789488,0.3861388,0.1462088,0.4320988,0.3711588,0.4193788,0.8656888,0.07421879999999989,0.2860988,1.5963088,0.9026788,0.16340880000000002,0.13853880000000002,1.4750088,0.3224188,0.08326879999999989,0.24591880000000002,0.0310588,5.879999999999999e-05,4.5120488,0.0231688,0.1744688,0.4675888,0.7972388,5.879999999999999e-05,5.879999999999999e-05,0.2381588,15.3382688,0.0390388,0.8979088000000001,7.3872088,0.0205288,0.10836879999999989,0.9908688,0.2097888,0.0736288,0.4374287999999999,0.2704288,0.5732988,5.879999999999999e-05,0.056718799999999896,0.1962888,0.5458888000000001,0.1758488,0.2015888,1.6928888,0.1668588,0.2565888,5.879999999999999e-05,0.0204288,0.1345588,0.6616088,0.0203688,5.879999999999999e-05,0.0428188,5.879999999999999e-05,5.879999999999999e-05,0.2529788,0.13553880000000001,5.879999999999999e-05,1.1267787999999999,0.011128800000000001,0.0049888,5.879999999999999e-05,0.051308799999999995,0.0532888,36.17887879999999
37035_7#24,3.8266666666666664e-05,20.580058266666665,3.8266666666666664e-05,0.05746826666666667,0.008618266666666666,3.8266666666666664e-05,7.244698266666667,0.5308882666666667,0.9676982666666667,1.0564682666666667,2.5322782666666663,3.0129382666666666,1.2914782666666667,0.7620682666666667,3.8266666666666664e-05,0.010178266666666566,0.0049382666666666665,3.8266666666666664e-05,1.0094682666666668,16.344838266666667,3.8266666666666664e-05,0.09394826666666665,0.2551982666666667,0.16256826666666666,0.027558266666666567,3.8266666666666664e-05,3.8266666666666664e-05,0.07454826666666665,0.01825826666666667,3.8266666666666664e-05,3.8266666666666664e-05,3.8266666666666664e-05,0.026318266666666666,0.04000826666666667,0.05080826666666657,1.0597582666666667,0.7381282666666668,0.44549826666666664,0.40008826666666664,3.8266666666666664e-05,0.16314826666666665,3.8266666666666664e-05,3.8266666666666664e-05,3.8266666666666664e-05,3.8266666666666664e-05,0.8705882666666668,0.7556782666666667,3.8266666666666664e-05,0.4493182666666667,3.8266666666666664e-05,3.8266666666666664e-05,0.06019826666666667,3.8266666666666664e-05,3.8266666666666664e-05,3.8266666666666664e-05,0.008648266666666666,0.06894826666666666,0.12536826666666667,3.8266666666666664e-05,3.8266666666666664e-05,0.40121826666666666,3.8266666666666664e-05,3.8266666666666664e-05,3.8266666666666664e-05,3.8266666666666664e-05,0.004868266666666667,0.008448266666666666,3.8266666666666664e-05,3.8266666666666664e-05,3.8266666666666664e-05,0.08581826666666666,3.8266666666666664e-05,3.8266666666666664e-05,3.8266666666666664e-05,38.18967826666668
37035_7#25,0.5124604,0.0143503999999999,0.1961904,0.6509503999999999,0.1106704,0.1136004,1.6563304,39.5444904,3.5314904,0.0419504,0.4325304,0.6137703999999999,0.8342404,1.4685004000000002,0.0382203999999999,0.0139104,0.7266503999999999,0.0418604,0.5159003999999999,2.5570404,1.0538904,0.1770404,0.24603039999999998,0.0248903999999999,0.1375604,0.0280404,0.0332104,0.0400404,0.10643040000000001,1.1014204,0.0003304,5.039999999999999e-05,0.2509304,0.13915039999999998,5.039999999999999e-05,1.6520704000000002,5.039999999999999e-05,5.0394004,6.2147604,5.039999999999999e-05,5.039999999999999e-05,0.07271039999999991,0.0409504,5.039999999999999e-05,0.0035504,5.039999999999999e-05,2.5376104,5.039999999999999e-05,5.039999999999999e-05,5.039999999999999e-05,5.039999999999999e-05,5.039999999999999e-05,5.039999999999999e-05,0.07683040000000001,0.0807804,5.039999999999999e-05,0.2507704,0.018740399999999997,0.40454039999999997,5.039999999999999e-05,0.0254903999999999,0.2186804,0.2608804,5.039999999999999e-05,5.039999999999999e-05,0.1256304,0.2208104,0.3641704,5.039999999999999e-05,0.39394039999999997,5.039999999999999e-05,5.039999999999999e-05,5.039999999999999e-05,0.0037804,25.038770400000022
37035_7#2,6.066666666666666e-05,0.11598066666666666,6.066666666666666e-05,0.16338066666666667,0.8362306666666667,6.066666666666666e-05,0.12813066666666667,6.166880666666667,6.938090666666667,0.014800666666666667,0.10212066666666667,4.543220666666667,6.066666666666666e-05,0.5627706666666668,0.04503066666666666,0.021120666666666666,0.12852066666666667,0.041160666666666665,0.3219206666666667,0.9531906666666667,6.066666666666666e-05,1.3697506666666668,0.19656066666666666,0.015830666666666666,0.08206066666666667,0.10887066666666656,0.37130066666666667,0.9449806666666667,0.03598066666666667,0.014640666666666666,0.028040666666666665,0.05105066666666667,0.6369606666666667,6.066666666666666e-05,1.6295806666666668,23.412550666666665,0.36059066666666667,0.46805066666666667,0.5308106666666667,0.028320666666666668,0.08198066666666666,0.4345206666666667,0.012530666666666667,0.024600666666666667,0.5819006666666667,2.617430666666667,0.03390066666666667,0.019060666666666667,0.016040666666666665,0.5455906666666667,0.05005066666666667,0.04815066666666667,0.2931006666666667,0.7330106666666667,6.066666666666666e-05,0.028320666666666668,0.15180066666666667,0.024280666666666666,1.0399906666666667,0.19485066666666656,0.08498066666666666,0.020940666666666666,0.011400666666666667,6.066666666666666e-05,0.03977066666666667,0.13886066666666666,0.04455066666666667,0.017240666666666668,6.066666666666666e-05,6.066666666666666e-05,0.19961066666666666,0.7730306666666666,0.05291066666666667,0.032390666666666665,40.28411066666668
37035_7#3,0.010659466666666667,0.06827946666666666,0.027129466666666668,0.11882946666666666,1.6565794666666667,4.946666666666666e-05,0.5396994666666667,14.671199466666668,0.17673946666666668,0.015439466666666667,0.0015394666666666667,3.613669466666667,0.06085946666666666,0.8159394666666667,1.8451094666666665,4.946666666666666e-05,0.9825094666666667,0.31270946666666666,4.946666666666666e-05,1.1362594666666666,0.009469466666666667,0.8121494666666667,4.442329466666667,0.32198946666666667,0.015719466666666668,0.025949466666666667,0.7328994666666667,0.024879466666666666,4.946666666666666e-05,0.16395946666666666,0.09250946666666666,3.0158994666666668,1.0879094666666664,4.946666666666666e-05,0.2151594666666667,39.889929466666665,0.21499946666666667,0.1598494666666667,0.0017594666666666666,4.946666666666666e-05,0.14663946666666658,0.20803946666666667,4.946666666666666e-05,0.03183946666666666,0.003189466666666667,1.1116494666666668,0.014859466666666668,4.946666666666666e-05,0.22799946666666657,0.08575946666666666,4.946666666666666e-05,4.946666666666666e-05,0.027679466666666666,0.011029466666666668,4.946666666666666e-05,0.05070946666666666,0.011029466666666668,0.006469466666666666,4.946666666666666e-05,0.08022946666666667,0.11533946666666656,4.946666666666666e-05,4.946666666666666e-05,0.017359466666666667,0.20815946666666668,4.946666666666666e-05,4.946666666666666e-05,4.946666666666666e-05,4.946666666666666e-05,4.946666666666666e-05,4.946666666666666e-05,4.946666666666666e-05,4.946666666666666e-05,0.03586946666666666,20.324549466666674
37035_7#4,6.159999999999999e-05,6.159999999999999e-05,6.159999999999999e-05,0.0536216,0.18678160000000002,0.030521600000000003,0.9232616,5.595841600000001,3.4886716000000004,6.159999999999999e-05,0.11742159999999989,0.0184916,6.159999999999999e-05,0.6478316,0.0067816,0.0523715999999999,1.0241316,0.006321599999999999,0.1899816,0.4978916,1.5322216,0.2253616,1.4742916,0.4049916,0.1806215999999999,6.159999999999999e-05,1.2286116,0.19352160000000002,0.041971600000000005,0.0434816,0.1311816,0.1713816,0.2021015999999999,0.0228116,0.3557015999999999,7.340891600000001,0.0138816,0.6265615999999999,0.7505416,6.159999999999999e-05,0.0377216,0.7488216,0.0241116,0.2535516,0.0875116,0.06826159999999999,0.07890159999999999,0.3902115999999999,6.159999999999999e-05,0.44513159999999996,0.2222515999999999,0.0035816,0.1369416,0.9175316,0.0837116,0.0082316,0.0638516,0.004921599999999899,0.0032716,0.39318159999999996,0.022271600000000003,0.2172316,0.0216516,0.024131600000000003,0.010441599999999999,0.6975416,0.0229216,0.0091416,0.054001600000000004,0.0372616,6.159999999999999e-05,6.7422116,0.4496615999999999,0.004791599999999999,59.93443160000001
37035_7#5,0.02154853333333333,0.006518533333333333,4.8533333333333325e-05,0.011928533333333335,5.038848533333333,0.0012485333333332332,0.3289985333333333,7.779018533333333,1.8098685333333333,4.8533333333333325e-05,0.005108533333333333,6.182868533333334,4.8533333333333325e-05,0.24027853333333335,0.4844785333333333,4.8533333333333325e-05,0.43422853333333333,4.8533333333333325e-05,0.023458533333333333,0.12569853333333333,4.8533333333333325e-05,2.5953585333333336,2.9970685333333336,4.8533333333333325e-05,4.8533333333333325e-05,0.21643853333333324,1.7744985333333334,0.060718533333333234,4.8533333333333325e-05,0.07352853333333334,0.009358533333333334,0.09446853333333334,0.08952853333333334,4.8533333333333325e-05,0.13581853333333332,40.60085853333333,0.8085485333333333,0.12148853333333323,4.8533333333333325e-05,4.8533333333333325e-05,0.041858533333333336,0.3643785333333333,4.8533333333333325e-05,0.11848853333333323,0.004888533333333334,2.3222385333333335,0.006088533333333333,4.8533333333333325e-05,0.6616185333333333,0.10591853333333334,0.06588853333333333,0.0022085333333333335,0.053188533333333336,0.011998533333333334,4.8533333333333325e-05,1.4702885333333333,0.3975485333333333,4.8533333333333325e-05,0.17002853333333334,0.21547853333333333,4.8533333333333325e-05,4.8533333333333325e-05,4.8533333333333325e-05,4.8533333333333325e-05,0.3063785333333333,4.8533333333333325e-05,0.0024285333333333332,4.8533333333333325e-05,0.0026485333333333334,4.8533333333333325e-05,0.022428533333333334,0.04338853333333333,0.006748533333333333,0.20004853333333333,21.3309285333333
37035_7#6,0.2909641333333334,0.5794241333333333,0.8765241333333333,1.6445541333333333,2.7937341333333334,1.0632041333333333,0.34543413333333334,31.192474133333338,2.1001041333333332,0.010864133333333234,0.0019441333333333332,10.054264133333334,0.12689413333333333,0.44284413333333333,2.423624133333333,0.13586413333333333,0.23174413333333332,5.4133333333333326e-05,3.2632141333333333,5.4133333333333326e-05,0.009434133333333334,4.392624133333333,1.9935741333333332,0.25444413333333327,0.006404133333333333,5.4133333333333326e-05,0.33954413333333333,0.12133413333333333,5.4133333333333326e-05,0.28213413333333337,0.0019241333333332332,0.30638413333333336,0.07167413333333333,0.0036341333333333335,5.4133333333333326e-05,5.4133333333333326e-05,5.4133333333333326e-05,0.48431413333333334,0.7889941333333333,0.021694133333333334,0.04881413333333333,0.20121413333333332,0.0028141333333333335,0.023914133333333334,0.008254133333333333,5.4133333333333326e-05,0.5654141333333333,5.4133333333333326e-05,0.5686141333333333,0.14726413333333332,0.09302413333333333,0.003934133333333333,0.17754413333333333,0.15914413333333333,5.4133333333333326e-05,5.4133333333333326e-05,0.04342413333333333,0.005484133333333333,5.4133333333333326e-05,5.4133333333333326e-05,0.21139413333333332,0.15121413333333333,0.03299413333333333,5.4133333333333326e-05,1.0752041333333333,0.006914133333333233,0.6789441333333334,0.04355413333333333,5.4133333333333326e-05,0.020884133333333332,0.006734133333333333,5.4133333333333326e-05,0.017884133333333333,5.4133333333333326e-05,29.048714133333327
37035_7#7,5.506666666666666e-05,5.506666666666666e-05,5.506666666666666e-05,0.10050506666666667,1.4009450666666667,5.506666666666666e-05,0.9621450666666667,7.3019050666666665,7.458655066666666,0.003535066666666667,0.19936506666666667,13.185695066666668,0.06412506666666667,1.4597150666666667,5.506666666666666e-05,0.10943506666666668,3.4396150666666667,0.018435066666666666,0.08906506666666657,0.9912950666666667,5.506666666666666e-05,3.8127650666666675,1.3580850666666668,0.32464506666666665,0.04712506666666656,0.011515066666666667,0.6401850666666666,0.12851506666666668,5.506666666666666e-05,5.506666666666666e-05,5.506666666666666e-05,0.036025066666666564,0.39984506666666664,0.056625066666666564,0.14484506666666666,19.16510506666667,5.506666666666666e-05,0.45860506666666656,0.20563506666666667,0.011495066666666666,0.40769506666666666,0.41208506666666667,0.018295066666666665,0.18615506666666667,0.14343506666666667,0.19256506666666667,0.056975066666666664,5.506666666666666e-05,0.8274450666666667,0.4456750666666666,1.0806550666666668,5.506666666666666e-05,0.11355506666666668,0.020575066666666666,5.506666666666666e-05,0.05707506666666656,1.2459350666666666,0.22120506666666656,0.13513506666666666,0.0071250666666666665,0.36051506666666666,0.021685066666666666,0.013945066666666667,0.025825066666666664,0.06217506666666656,0.08625506666666667,0.042905066666666665,5.506666666666666e-05,0.025485066666666664,5.506666666666666e-05,0.012145066666666567,0.13910506666666667,0.004305066666666667,5.506666666666666e-05,30.047735066666668
37035_7#8,0.012337866666666666,2.695817866666667,5.786666666666666e-05,0.6511878666666666,3.8187778666666667,5.786666666666666e-05,0.3399878666666667,13.303337866666666,0.9699478666666667,0.13939786666666656,0.2587778666666667,15.837997866666667,0.09595786666666667,1.2003878666666665,0.7358578666666666,0.05095786666666667,0.5687578666666666,0.7797478666666666,0.22323786666666667,0.08030786666666667,0.0016878666666666666,4.815027866666666,1.6498178666666665,0.11196786666666667,0.026657866666666665,0.016457866666666664,0.19794786666666667,0.012317866666666566,0.04026786666666667,0.045707866666666666,0.07663786666666667,0.11533786666666666,5.786666666666666e-05,5.786666666666666e-05,0.47667786666666656,24.094907866666667,0.0022778666666666667,1.2685878666666666,1.2356778666666666,0.5213078666666666,0.07401786666666667,0.08635786666666667,0.4963478666666667,5.786666666666666e-05,0.04931786666666667,0.18622786666666666,0.3281678666666667,5.786666666666666e-05,0.20668786666666666,0.04727786666666667,1.6262978666666665,0.06781786666666667,0.07202786666666657,0.054227866666666666,0.011907866666666666,5.786666666666666e-05,0.013817866666666666,0.10435786666666667,5.786666666666666e-05,5.786666666666666e-05,0.13788786666666666,0.024157866666666666,0.023817866666666666,5.786666666666666e-05,0.037027866666666666,0.08897786666666667,0.11367786666666667,0.009497866666666665,5.786666666666666e-05,0.03220786666666667,5.786666666666666e-05,0.026857866666666567,0.2937378666666667,5.786666666666666e-05,19.314487866666624
37035_7#9,5.599999999999999e-05,2.0853159999999997,0.0165559999999999,0.3141059999999999,0.365926,5.599999999999999e-05,1.301766,14.545236,3.6251759999999997,0.111626,0.19160600000000003,3.8019459999999996,0.367656,1.559136,5.599999999999999e-05,0.020666,1.506526,0.030716,0.3689559999999999,10.850246,5.599999999999999e-05,0.18022600000000003,0.667476,0.9290360000000001,0.095676,5.599999999999999e-05,0.042786,1.161646,5.599999999999999e-05,0.094596,5.599999999999999e-05,5.599999999999999e-05,3.677826,0.0551659999999999,0.171686,19.417165999999998,1.4983659999999999,3.356706,1.729956,1.1338460000000001,0.088636,0.030896,0.19267600000000001,0.098786,0.072626,1.9113360000000001,0.410836,0.8037460000000001,0.083536,0.2212059999999999,0.0552659999999999,5.599999999999999e-05,0.102966,0.245786,0.13464600000000002,0.116536,1.138716,0.152146,5.599999999999999e-05,0.022836,0.34276599999999996,0.029766,0.0181059999999999,0.018526,5.599999999999999e-05,0.057016,0.011526,0.008066,5.599999999999999e-05,0.003686,5.599999999999999e-05,5.599999999999999e-05,0.009266,5.599999999999999e-05,18.341936000000008
37082_1#10,0.2785604,11.9574104,0.3047104,1.2398804,2.1717904,0.33016039999999997,1.2237604000000002,1.2900304,5.7096504,0.0213404,1.2301704,6.2166004,0.038290399999999995,1.7633204,0.2913904,0.2868604,2.7805604,0.1868004,1.7410704000000004,0.13882039999999998,0.9758604,2.5238704000000003,0.4520304,0.0390804,0.1289804,0.0219104,5.039999999999999e-05,0.21783039999999998,0.5716703999999999,0.13199039999999998,0.0460504,0.045680399999999996,5.039999999999999e-05,0.0213204,0.0569704,0.3554904,5.039999999999999e-05,0.6369003999999999,3.8177204000000002,5.039999999999999e-05,0.0135003999999999,0.3350604,0.018470399999999998,5.039999999999999e-05,0.11340040000000001,5.039999999999999e-05,0.047400399999999995,5.039999999999999e-05,5.039999999999999e-05,5.039999999999999e-05,1.8749404,5.039999999999999e-05,5.039999999999999e-05,3.3113204,5.039999999999999e-05,5.039999999999999e-05,0.0292404,0.040120399999999896,5.039999999999999e-05,5.039999999999999e-05,0.0078903999999999,5.039999999999999e-05,5.039999999999999e-05,0.017190399999999998,0.13099039999999998,0.0563603999999999,5.039999999999999e-05,5.039999999999999e-05,2.1622004,5.039999999999999e-05,5.039999999999999e-05,4.4054704000000005,0.2274204,0.8282004000000001,37.1352304
37082_1#11,6.371038933333334,5.592278933333334,2.010028933333333,0.33781893333333335,0.6753089333333333,2.893333333333333e-05,1.0070689333333334,0.8869989333333332,21.13249893333333,0.32414893333333333,2.893333333333333e-05,0.04810893333333333,0.2602489333333334,0.6455989333333333,2.893333333333333e-05,2.893333333333333e-05,3.8849289333333332,0.06656893333333333,0.08028893333333333,0.44404893333333334,0.18918893333333334,2.9169989333333333,0.13561893333333333,2.893333333333333e-05,0.30019893333333336,2.893333333333333e-05,2.893333333333333e-05,2.893333333333333e-05,2.0221389333333333,2.893333333333333e-05,0.14069893333333333,0.17184893333333331,2.893333333333333e-05,0.14058893333333333,2.893333333333333e-05,0.046918933333333336,2.893333333333333e-05,2.893333333333333e-05,2.893333333333333e-05,2.893333333333333e-05,0.16763893333333332,0.0007389333333333334,2.893333333333333e-05,2.893333333333333e-05,2.893333333333333e-05,0.014518933333333333,2.893333333333333e-05,2.893333333333333e-05,2.893333333333333e-05,2.893333333333333e-05,2.893333333333333e-05,2.893333333333333e-05,2.893333333333333e-05,2.893333333333333e-05,2.893333333333333e-05,2.893333333333333e-05,0.00033893333333323333,2.893333333333333e-05,2.893333333333333e-05,2.893333333333333e-05,2.893333333333333e-05,2.893333333333333e-05,2.893333333333333e-05,2.893333333333333e-05,0.023488933333333333,2.893333333333333e-05,2.893333333333333e-05,2.893333333333333e-05,2.893333333333333e-05,2.893333333333333e-05,2.893333333333333e-05,2.893333333333333e-05,2.893333333333333e-05,2.893333333333333e-05,49.960818933333336
37082_1#12,9.756461066666667,1.4381010666666665,8.665601066666667,1.2482410666666666,1.3595410666666667,4.1066666666666664e-05,0.5883010666666667,8.407691066666667,13.457021066666668,0.031811066666666665,0.3614410666666666,6.446581066666666,0.05645106666666656,0.31961106666666667,0.024261066666666664,0.49368106666666667,2.122081066666667,0.3270910666666666,1.5286510666666664,4.1066666666666664e-05,1.5318510666666665,1.1250610666666665,0.7833610666666666,0.016681066666666664,0.11920106666666658,0.05102106666666666,1.1222910666666666,1.1395410666666665,4.1066666666666664e-05,0.20560106666666667,0.5538610666666667,0.8964110666666667,4.1066666666666664e-05,0.004941066666666666,4.1066666666666664e-05,4.1066666666666664e-05,4.1066666666666664e-05,4.1066666666666664e-05,4.1066666666666664e-05,0.021481066666666566,0.08144106666666667,1.6229910666666665,4.1066666666666664e-05,4.1066666666666664e-05,0.05826106666666656,4.1066666666666664e-05,0.5533610666666666,4.1066666666666664e-05,4.1066666666666664e-05,4.1066666666666664e-05,0.7979210666666667,0.012021066666666667,4.1066666666666664e-05,1.3557710666666665,4.1066666666666664e-05,4.1066666666666664e-05,4.1066666666666664e-05,4.1066666666666664e-05,4.1066666666666664e-05,4.1066666666666664e-05,4.1066666666666664e-05,0.12269106666666667,4.1066666666666664e-05,4.1066666666666664e-05,0.009491066666666667,0.3772010666666667,0.08119106666666667,4.1066666666666664e-05,4.1066666666666664e-05,4.1066666666666664e-05,4.1066666666666664e-05,4.1066666666666664e-05,0.26649106666666666,4.1066666666666664e-05,30.45597106666667
37082_1#13,1.6723241333333334,2.6632441333333334,2.414294133333333,0.37410413333333337,1.6442641333333332,0.3090641333333334,0.46740413333333336,6.219114133333334,9.853574133333334,0.05378413333333333,0.05348413333333333,8.404834133333333,0.34132413333333333,1.0370241333333332,5.4133333333333326e-05,0.022124133333333334,0.7087341333333333,0.33338413333333333,0.20453413333333334,0.028254133333333334,0.027184133333333332,6.461654133333333,3.0742441333333335,0.11967413333333334,0.020354133333333333,0.5255241333333334,0.11294413333333322,0.14203413333333334,0.0024341333333333334,0.7376741333333333,0.4383941333333334,0.6137741333333333,0.004524133333333333,5.4133333333333326e-05,5.4133333333333326e-05,5.4133333333333326e-05,5.4133333333333326e-05,0.4910141333333334,5.4133333333333326e-05,5.4133333333333326e-05,0.16204413333333323,1.7992641333333332,0.08264413333333333,5.4133333333333326e-05,0.11188413333333333,5.4133333333333326e-05,0.29305413333333336,6.762954133333333,0.11124413333333333,5.4133333333333326e-05,0.43367413333333327,0.04789413333333333,0.012174133333333333,3.5478241333333336,0.011774133333333334,1.1686041333333332,5.4133333333333326e-05,5.4133333333333326e-05,0.21866413333333334,5.4133333333333326e-05,5.4133333333333326e-05,0.15560413333333334,5.4133333333333326e-05,0.0017441333333333333,0.006314133333333333,0.5342041333333334,0.21664413333333332,0.012794133333333334,0.018414133333333332,5.4133333333333326e-05,0.04555413333333333,0.19914413333333333,0.12989413333333333,5.4133333333333326e-05,34.33877413333332
37082_1#14,0.03623506666666666,2.2749350666666666,0.014605066666666666,0.24559506666666667,5.386195066666667,0.07846506666666667,0.32521506666666666,2.2020550666666665,29.612045066666667,0.028175066666666564,0.4013250666666666,0.21428506666666666,0.23890506666666667,0.39817506666666663,0.25182506666666665,0.06864506666666667,0.17165506666666666,0.13589506666666668,1.9826750666666668,0.006285066666666667,5.506666666666666e-05,1.0399850666666668,0.7435550666666666,0.015665066666666665,0.012515066666666666,0.025555066666666664,0.049305066666666564,0.8132250666666666,0.007975066666666667,0.019825066666666665,0.004235066666666667,0.027585066666666665,5.506666666666666e-05,0.04636506666666666,5.506666666666666e-05,5.506666666666666e-05,2.052775066666667,0.6068750666666666,1.6010650666666666,5.506666666666666e-05,0.038475066666666564,0.16495506666666668,0.019835066666666665,0.39370506666666655,0.030445066666666666,5.506666666666666e-05,0.026115066666666666,5.059995066666667,1.329455066666667,5.506666666666666e-05,0.07426506666666667,5.506666666666666e-05,0.062035066666666666,0.4337450666666666,5.506666666666666e-05,0.5030050666666667,0.021005066666666666,5.506666666666666e-05,5.506666666666666e-05,0.9845750666666666,5.506666666666666e-05,0.35400506666666665,5.506666666666666e-05,0.0005850666666666666,0.09809506666666667,0.12319506666666658,1.6722050666666668,5.506666666666666e-05,0.021875066666666665,0.002355066666666667,0.014615066666666668,5.506666666666666e-05,0.15137506666666667,5.506666666666666e-05,37.279505066666665
37082_1#15,1.1066622666666668,0.8836022666666667,0.9726322666666667,0.30930226666666666,5.096652266666666,0.16192226666666668,0.12168226666666666,18.588222266666666,15.155302266666666,5.226666666666666e-05,0.043052266666666665,6.009542266666666,5.226666666666666e-05,0.2986322666666667,0.17371226666666667,0.039542266666666666,0.37214226666666667,0.4277922666666667,0.5150822666666667,0.006212266666666567,1.9081122666666668,4.280112266666667,0.20184226666666658,0.010102266666666667,5.226666666666666e-05,0.004112266666666667,0.2607022666666667,0.16381226666666668,5.226666666666666e-05,0.26717226666666666,0.043522266666666566,0.45173226666666666,5.226666666666666e-05,5.226666666666666e-05,5.226666666666666e-05,3.393952266666666,5.226666666666666e-05,5.226666666666666e-05,0.9452322666666667,5.226666666666666e-05,0.11557226666666666,1.4165822666666668,0.012672266666666666,0.6497222666666667,0.11688226666666666,5.226666666666666e-05,0.15275226666666666,0.012062266666666667,5.226666666666666e-05,5.226666666666666e-05,1.2665322666666667,0.013002266666666566,0.013622266666666666,1.8255822666666666,5.226666666666666e-05,5.226666666666666e-05,0.020242266666666668,5.226666666666666e-05,0.37652226666666666,5.226666666666666e-05,5.226666666666666e-05,0.008262266666666665,0.07087226666666666,0.0033322666666666667,0.043122266666666666,1.8859122666666668,0.9995822666666667,5.226666666666666e-05,2.078022266666667,0.03776226666666667,1.2235222666666667,0.12931226666666668,0.006252266666666667,0.006262266666666667,25.302942266666683
37082_1#16,0.003122933333333333,1.1988729333333334,0.017982933333333236,0.18117293333333334,4.748782933333333,0.5907629333333333,0.2560729333333333,8.223772933333334,8.700202933333333,0.03223293333333333,0.16377293333333334,36.04688293333333,0.13232293333333334,0.17141293333333335,4.293333333333333e-05,0.037502933333333335,0.13821293333333334,0.018092933333333235,0.9499329333333334,0.41274293333333323,0.3003129333333333,1.4331429333333334,1.6464829333333333,0.14768293333333324,0.004582933333333334,0.0016029333333333333,4.293333333333333e-05,0.4970629333333333,4.293333333333333e-05,0.12476293333333333,4.293333333333333e-05,1.1610729333333334,0.04401293333333323,4.293333333333333e-05,4.293333333333333e-05,7.414272933333333,4.293333333333333e-05,0.3791729333333333,4.293333333333333e-05,4.293333333333333e-05,0.12006293333333333,0.08928293333333333,0.010562933333333333,4.293333333333333e-05,0.036032933333333336,4.293333333333333e-05,0.19858293333333324,1.3665829333333335,4.293333333333333e-05,4.293333333333333e-05,0.8725529333333333,4.293333333333333e-05,4.293333333333333e-05,4.293333333333333e-05,4.293333333333333e-05,4.293333333333333e-05,0.09126293333333332,4.293333333333333e-05,0.04064293333333333,4.293333333333333e-05,4.293333333333333e-05,0.13238293333333334,4.293333333333333e-05,4.293333333333333e-05,0.04132293333333333,0.025552933333333333,4.293333333333333e-05,4.293333333333333e-05,4.293333333333333e-05,4.293333333333333e-05,0.07879293333333333,4.293333333333333e-05,4.293333333333333e-05,0.0015329333333333334,21.71558293333334
37082_1#17,1.0328978666666666,0.5835378666666666,0.5254378666666666,0.10493786666666667,2.293107866666667,0.15677786666666668,0.2728778666666667,7.121687866666666,4.965527866666666,0.06331786666666667,0.20217786666666668,1.9090478666666666,0.21776786666666667,0.7390178666666666,1.6051878666666666,0.09886786666666667,1.1372378666666667,0.3141778666666667,0.3744378666666667,0.23638786666666667,0.031167866666666665,1.6327178666666666,1.4814078666666668,0.09022786666666667,0.04510786666666667,0.09472786666666656,0.31037786666666667,0.010877866666666666,5.786666666666666e-05,1.1828978666666665,0.12326786666666667,0.022307866666666665,5.786666666666666e-05,5.786666666666666e-05,5.786666666666666e-05,4.927317866666667,5.786666666666666e-05,5.786666666666666e-05,5.786666666666666e-05,5.786666666666666e-05,0.15759786666666667,1.8338278666666665,0.07438786666666666,0.5004078666666666,0.21358786666666668,0.36097786666666665,0.3233778666666667,0.7220978666666666,5.786666666666666e-05,0.023217866666666667,5.786666666666666e-05,5.786666666666666e-05,0.20360786666666666,5.126897866666666,5.786666666666666e-05,0.9622378666666667,5.786666666666666e-05,0.03490786666666667,0.16118786666666668,0.009137866666666666,0.025047866666666665,0.19726786666666657,0.10089786666666667,0.0004478666666665667,0.11123786666666667,0.6493778666666665,0.5678978666666666,0.006147866666666666,1.4333778666666666,0.013707866666666665,0.017207866666666665,1.0371578666666665,0.004787866666666666,0.06589786666666667,51.15450786666666
37082_1#18,0.4657017333333333,1.9538517333333332,0.37042173333333334,2.3236617333333336,6.316321733333334,0.5883717333333334,0.16552173333333323,23.805411733333333,24.496601733333332,0.07649173333333334,1.7425417333333333,8.692081733333332,0.3440417333333333,0.15648173333333332,3.173333333333333e-05,3.173333333333333e-05,1.5181417333333334,3.173333333333333e-05,0.27873173333333323,3.173333333333333e-05,0.30882173333333324,3.173333333333333e-05,0.6207517333333333,0.02006173333333333,0.012171733333333233,3.173333333333333e-05,0.3344217333333333,0.5251517333333333,3.173333333333333e-05,3.173333333333333e-05,0.008871733333333333,0.29356173333333335,3.173333333333333e-05,3.173333333333333e-05,3.173333333333333e-05,1.6087517333333332,0.8119317333333333,3.173333333333333e-05,3.173333333333333e-05,3.173333333333333e-05,3.173333333333333e-05,0.18634173333333331,0.11718173333333334,3.173333333333333e-05,0.23302173333333331,3.173333333333333e-05,3.173333333333333e-05,9.018261733333333,3.173333333333333e-05,3.173333333333333e-05,3.173333333333333e-05,3.173333333333333e-05,3.173333333333333e-05,3.173333333333333e-05,0.04337173333333333,3.173333333333333e-05,3.173333333333333e-05,3.173333333333333e-05,3.173333333333333e-05,3.173333333333333e-05,0.06254173333333334,3.173333333333333e-05,3.173333333333333e-05,3.173333333333333e-05,3.173333333333333e-05,3.173333333333333e-05,3.173333333333333e-05,3.173333333333333e-05,0.005101733333333333,3.173333333333333e-05,3.173333333333333e-05,3.173333333333333e-05,3.173333333333333e-05,3.173333333333333e-05,12.49400173333336
37082_1#19,0.21639413333333332,0.44354413333333337,0.12608413333333332,0.38495413333333334,0.9932841333333333,0.03475413333333333,0.42508413333333334,6.066484133333333,0.6630141333333334,0.19377413333333332,0.17951413333333333,7.791004133333333,0.5700341333333333,0.9878441333333333,0.09269413333333333,1.0390741333333333,0.5635641333333333,1.1456241333333332,0.026664133333333333,0.07284413333333332,0.32773413333333334,1.9614841333333333,0.5419541333333333,0.03157413333333333,0.021154133333333235,0.7744241333333334,3.444804133333333,0.25518413333333334,0.06517413333333333,0.22390413333333323,0.48287413333333334,1.5854841333333332,5.4133333333333326e-05,5.4133333333333326e-05,0.6884841333333334,35.780494133333335,0.31870413333333336,0.5648441333333334,5.4133333333333326e-05,0.005394133333333333,0.012324133333333334,1.0520341333333332,5.4133333333333326e-05,5.4133333333333326e-05,1.0056341333333332,2.5182741333333336,0.008354133333333335,0.3705641333333334,0.015764133333333333,5.4133333333333326e-05,1.1665341333333332,0.030394133333333333,5.4133333333333326e-05,0.0025741333333333333,0.022884133333333334,0.25390413333333334,5.4133333333333326e-05,0.006454133333333333,2.111354133333333,5.4133333333333326e-05,5.4133333333333326e-05,0.06749413333333333,0.009594133333333234,5.4133333333333326e-05,5.4133333333333326e-05,0.11133413333333333,0.009684133333333334,5.4133333333333326e-05,5.4133333333333326e-05,5.4133333333333326e-05,5.4133333333333326e-05,5.4133333333333326e-05,0.17762413333333332,0.29767413333333337,21.65872413333338
37082_1#20,1.6742622666666667,1.0097722666666666,1.9384822666666666,1.4744522666666668,2.8000822666666667,0.40759226666666665,0.6577622666666667,4.412182266666667,6.343882266666666,0.16979226666666666,0.3762022666666667,11.403142266666666,0.049602266666666665,0.6801022666666666,0.24355226666666657,0.13522226666666667,1.7112122666666667,0.06719226666666667,2.6357622666666667,5.226666666666666e-05,0.03409226666666667,10.635842266666666,3.7978222666666666,0.2555422666666667,0.02140226666666657,0.4088522666666666,0.006092266666666667,1.0046422666666668,5.226666666666666e-05,0.15636226666666667,0.008302266666666665,0.6802922666666668,5.226666666666666e-05,5.226666666666666e-05,0.01683226666666667,0.06183226666666667,1.0254322666666666,5.226666666666666e-05,6.099252266666666,5.226666666666666e-05,0.10225226666666666,0.4790722666666666,0.01961226666666667,5.226666666666666e-05,0.18285226666666668,5.226666666666666e-05,0.3701622666666667,5.226666666666666e-05,5.226666666666666e-05,5.226666666666666e-05,14.331772266666666,0.3774522666666666,0.059812266666666565,0.2867522666666666,5.226666666666666e-05,0.17857226666666667,5.226666666666666e-05,5.226666666666666e-05,1.9269922666666666,5.226666666666666e-05,5.226666666666666e-05,0.06035226666666667,5.226666666666666e-05,0.004992266666666667,0.19343226666666669,0.3774922666666667,2.3778222666666666,5.226666666666666e-05,0.5821422666666667,0.010052266666666667,0.2586422666666667,0.10295226666666667,0.9548322666666667,5.226666666666666e-05,14.358142266666668
37082_1#21,3.9577954666666666,2.708035466666667,13.593265466666667,0.24657546666666666,1.9058454666666667,0.2794254666666667,2.6426254666666664,10.623495466666668,1.7442954666666666,0.12688546666666667,0.11909546666666666,11.730485466666668,0.6541054666666666,1.7916854666666666,3.5466666666666664e-05,3.5466666666666664e-05,3.5162154666666665,3.5466666666666664e-05,0.4874354666666666,0.3062354666666667,0.041665466666666665,1.9821954666666666,0.7747954666666667,0.5959954666666667,0.6420854666666667,0.9473454666666666,0.008035466666666668,0.43089546666666667,0.04158546666666666,3.5466666666666664e-05,0.22464546666666665,0.3226854666666667,0.07567546666666666,3.5466666666666664e-05,3.5466666666666664e-05,7.052095466666667,3.5466666666666664e-05,3.5466666666666664e-05,3.5466666666666664e-05,3.5466666666666664e-05,3.5466666666666664e-05,1.8343254666666666,3.5466666666666664e-05,3.5466666666666664e-05,1.0281954666666666,3.5466666666666664e-05,3.5466666666666664e-05,5.784795466666667,3.5466666666666664e-05,3.5466666666666664e-05,3.5466666666666664e-05,0.7990154666666667,3.5466666666666664e-05,0.8891754666666667,3.5466666666666664e-05,3.5466666666666664e-05,3.5466666666666664e-05,3.5466666666666664e-05,3.5466666666666664e-05,3.5466666666666664e-05,0.015835466666666666,0.12242546666666657,3.5466666666666664e-05,3.5466666666666664e-05,3.5466666666666664e-05,3.5466666666666664e-05,3.5466666666666664e-05,3.5466666666666664e-05,3.5466666666666664e-05,3.5466666666666664e-05,3.5466666666666664e-05,3.5466666666666664e-05,3.5466666666666664e-05,3.5466666666666664e-05,19.951715466666666
37082_1#22,0.5740692000000001,6.1658992,0.1921292,0.6338692,1.9876392,0.2525891999999999,0.7176292000000001,0.4013992,23.7598992,0.1403291999999999,5.7256992,25.3798992,2.2281991999999997,1.3333092,3.92e-05,0.4739492,1.9143692,3.92e-05,0.2133492,0.0379591999999999,0.0399592,1.0236392,0.07426920000000001,0.0256591999999999,0.1088791999999999,0.1844291999999999,3.92e-05,1.4120592,0.0776792,3.92e-05,0.0146992,0.0005192,3.92e-05,0.018229199999999997,3.92e-05,3.92e-05,3.92e-05,3.92e-05,3.92e-05,3.92e-05,0.0080792,0.0702092,0.0061892,3.92e-05,0.0189692,3.92e-05,0.0839592,17.8022192,3.92e-05,3.92e-05,0.1999392,0.18603920000000002,3.92e-05,3.92e-05,3.92e-05,3.92e-05,0.032269200000000005,3.92e-05,3.92e-05,3.92e-05,3.92e-05,0.3848692,3.92e-05,3.92e-05,0.2688292,3.92e-05,0.012809200000000001,3.92e-05,3.92e-05,3.92e-05,3.92e-05,3.92e-05,3.92e-05,3.92e-05,5.812119199999995
37082_1#23,3.0224691999999997,2.8746691999999996,4.636389199999999,1.5736892,0.6530292000000001,0.44326920000000003,1.0251892,4.3547291999999995,11.505579200000001,0.1085991999999999,0.4502591999999999,37.4221992,0.4573292,0.3504692,3.92e-05,0.9164192,0.4675292,0.1090291999999999,2.7456392,0.1949692,0.5592192,1.9540892,0.6435192,0.0552192,0.0165892,0.0320992,3.92e-05,0.6134792,0.0078492,0.2311692,0.8996892000000001,0.8720591999999999,0.0004092,0.0101992,0.0199391999999999,3.92e-05,3.92e-05,0.1373492,3.92e-05,3.92e-05,3.92e-05,3.92e-05,0.0771392,3.92e-05,0.09828920000000001,3.92e-05,3.92e-05,3.92e-05,3.92e-05,3.92e-05,3.92e-05,3.92e-05,3.92e-05,3.92e-05,3.92e-05,3.92e-05,0.0371692,0.046089200000000004,3.92e-05,3.92e-05,3.92e-05,0.1103892,3.92e-05,3.92e-05,3.92e-05,3.92e-05,3.92e-05,3.92e-05,3.92e-05,3.92e-05,1.4395692,3.92e-05,0.0037392,3.92e-05,18.821989199999997
37082_1#24,0.06891386666666667,3.039043866666667,0.08566386666666667,1.0720038666666665,1.9272138666666667,0.9955438666666666,0.49004386666666666,2.9937738666666664,37.25155386666666,0.10688386666666656,0.16103386666666655,6.558213866666667,0.10055386666666657,0.9077838666666667,4.386666666666666e-05,0.7711338666666667,0.6722938666666667,4.386666666666666e-05,0.31927386666666663,0.5596138666666666,0.12314386666666667,5.363723866666667,0.9821938666666666,0.010823866666666668,0.025693866666666666,0.004203866666666566,0.07672386666666667,1.4390138666666668,0.014283866666666667,4.386666666666666e-05,0.0014838666666666667,4.386666666666666e-05,4.386666666666666e-05,4.386666666666666e-05,4.386666666666666e-05,1.3354038666666666,4.386666666666666e-05,4.386666666666666e-05,8.215853866666667,4.386666666666666e-05,0.06991386666666667,0.23363386666666655,0.45999386666666664,4.386666666666666e-05,0.30674386666666664,4.386666666666666e-05,0.23850386666666665,0.8121638666666666,4.386666666666666e-05,0.016473866666666667,0.46307386666666667,0.015303866666666667,4.386666666666666e-05,0.0023638666666665666,4.386666666666666e-05,4.386666666666666e-05,4.386666666666666e-05,4.386666666666666e-05,3.7488638666666665,4.386666666666666e-05,4.386666666666666e-05,0.060513866666666666,0.019033866666666666,4.386666666666666e-05,4.386666666666666e-05,4.386666666666666e-05,4.386666666666666e-05,4.386666666666666e-05,4.386666666666666e-05,0.0036238666666666666,0.013133866666666667,4.386666666666666e-05,0.04430386666666667,4.386666666666666e-05,17.81804386666666
37082_1#25,5.346807600000001,3.2882276,4.2302276,0.5224376000000001,0.8129776,0.8950176,0.1879476,13.832717599999999,0.8291076,0.1614376,0.0601676,0.9714876,0.0525476,0.2857076,0.40125760000000005,0.1437876,0.3451576,0.07805759999999999,0.42172760000000004,0.0436976,4.759999999999999e-05,4.3153476,1.4168876,0.2381875999999999,0.0226975999999999,0.4087076,0.09460759999999989,0.2964676,4.759999999999999e-05,0.0879976,0.25242760000000003,0.6527776000000001,0.0411076,4.759999999999999e-05,4.759999999999999e-05,37.5804976,4.759999999999999e-05,4.759999999999999e-05,4.759999999999999e-05,4.759999999999999e-05,0.09460759999999989,0.8807676,4.759999999999999e-05,0.0120075999999999,0.0765376,4.759999999999999e-05,0.2188975999999999,4.759999999999999e-05,4.759999999999999e-05,4.759999999999999e-05,0.30350760000000004,0.1635776,0.023947599999999902,0.08875759999999999,0.025167600000000002,4.759999999999999e-05,0.020977600000000002,4.759999999999999e-05,4.759999999999999e-05,4.759999999999999e-05,4.759999999999999e-05,0.07125759999999999,4.759999999999999e-05,4.759999999999999e-05,0.09090759999999999,0.0272676,0.09276759999999999,4.759999999999999e-05,0.1484776,0.022507600000000003,0.1554075999999999,4.759999999999999e-05,4.759999999999999e-05,4.759999999999999e-05,19.163297600000014
37082_1#26,2.827401066666667,2.356201066666667,1.4782510666666664,1.0276910666666665,0.4937510666666667,0.06473106666666667,0.9083210666666667,4.243531066666667,18.33089106666667,0.016771066666666664,0.19321106666666665,7.932131066666666,0.3509510666666667,0.5845810666666668,0.0019210666666666667,0.7309010666666667,1.1726110666666665,4.1066666666666664e-05,4.1066666666666664e-05,0.030361066666666565,4.1066666666666664e-05,1.1736610666666665,0.8662910666666668,0.0064910666666666665,0.08311106666666657,0.12066106666666668,1.0275010666666664,0.07490106666666667,0.013781066666666666,0.2777510666666667,0.057031066666666665,1.7659110666666666,4.1066666666666664e-05,0.0013310666666665667,4.1066666666666664e-05,4.1066666666666664e-05,4.1066666666666664e-05,4.1066666666666664e-05,4.1066666666666664e-05,4.1066666666666664e-05,0.08294106666666667,0.07404106666666667,0.020701066666666663,4.1066666666666664e-05,1.0038410666666666,4.1066666666666664e-05,4.1066666666666664e-05,4.1066666666666664e-05,4.1066666666666664e-05,4.1066666666666664e-05,0.2742510666666667,0.05120106666666666,4.1066666666666664e-05,4.1066666666666664e-05,4.1066666666666664e-05,4.1066666666666664e-05,4.1066666666666664e-05,0.08074106666666667,4.1066666666666664e-05,4.1066666666666664e-05,0.07559106666666668,0.14881106666666666,4.1066666666666664e-05,4.1066666666666664e-05,0.022371066666666665,5.472251066666667,4.1066666666666664e-05,4.1066666666666664e-05,11.650581066666668,4.1066666666666664e-05,4.1066666666666664e-05,4.1066666666666664e-05,0.4870810666666667,4.1066666666666664e-05,32.341691066666655
37082_1#27,0.8290204,0.3065904,2.1550404000000003,0.7824904,5.2619304,0.2196704,0.4808704,22.198850399999998,18.4733304,0.0330204,0.22796039999999998,4.0973904,0.1010004,1.3499504,0.0694103999999999,0.07958040000000001,0.3403904,0.7861404000000001,0.1243504,0.06870040000000001,5.039999999999999e-05,1.7038304000000002,1.3675504000000003,0.0549404,0.0383504,0.10579039999999991,0.2687504,0.7604104,5.039999999999999e-05,0.0521804,0.6466104,0.0824704,5.039999999999999e-05,5.039999999999999e-05,5.039999999999999e-05,4.5961304,5.039999999999999e-05,0.9873804,5.039999999999999e-05,5.039999999999999e-05,0.0424804,1.0292604,0.1712704,5.039999999999999e-05,0.1300403999999999,5.039999999999999e-05,0.20432039999999999,5.039999999999999e-05,0.0053104,0.006660399999999901,0.7675304,0.054380399999999995,0.0406104,1.1413204000000001,5.039999999999999e-05,0.4216804,5.039999999999999e-05,5.039999999999999e-05,4.4852504,5.039999999999999e-05,0.049620399999999995,0.0237404,5.039999999999999e-05,5.039999999999999e-05,0.08789040000000001,5.039999999999999e-05,5.039999999999999e-05,5.039999999999999e-05,0.1204704,5.039999999999999e-05,0.7263504,0.052160399999999996,0.1945004,0.5676104,21.026400400000014
37082_1#28,1.3509357333333332,0.9857957333333334,3.7710157333333334,0.6457157333333333,9.601055733333332,0.7618857333333334,1.2470557333333332,9.822415733333333,3.311585733333333,0.07316573333333323,0.20419573333333335,26.377195733333334,0.27063573333333335,0.14617573333333334,2.1889757333333333,0.12361573333333334,2.2738457333333333,0.07094573333333334,0.03477573333333333,0.01772573333333333,0.021315733333333333,0.8498557333333333,1.5366357333333331,0.09090573333333334,0.012715733333333333,0.06757573333333333,0.49155573333333336,0.4998457333333333,4.573333333333333e-05,0.24602573333333333,0.012225733333333334,0.9953657333333333,4.573333333333333e-05,4.573333333333333e-05,4.573333333333333e-05,0.3020757333333333,0.005825733333333334,4.573333333333333e-05,0.06492573333333333,4.573333333333333e-05,0.007795733333333334,0.08305573333333334,4.573333333333333e-05,0.0032557333333333334,0.17985573333333324,4.573333333333333e-05,4.573333333333333e-05,0.25238573333333325,4.573333333333333e-05,4.573333333333333e-05,0.20633573333333333,0.03263573333333333,4.573333333333333e-05,0.03164573333333333,4.573333333333333e-05,4.573333333333333e-05,4.573333333333333e-05,4.573333333333333e-05,25.698285733333332,4.573333333333333e-05,0.02842573333333333,0.025165733333333332,4.573333333333333e-05,4.573333333333333e-05,0.00043573333333323335,4.573333333333333e-05,0.018155733333333333,4.573333333333333e-05,4.573333333333333e-05,4.573333333333333e-05,4.573333333333333e-05,4.573333333333333e-05,0.009955733333333333,4.573333333333333e-05,4.945855733333341
37082_1#29,0.0280216,6.159999999999999e-05,0.0357116,0.6158116,17.0070716,0.1108816,2.6237716,5.773181600000001,2.8860716,0.0522815999999999,1.9083615999999999,10.4898616,1.2498116000000001,3.5346816000000003,1.4685516,0.0876416,2.3507116,0.6515016,0.2691416,0.0052916,0.2183416,2.9976116,3.7854316,0.2062416,0.2050115999999999,0.0579716,0.2245416,0.3577216,0.07746159999999999,0.13782160000000002,0.15758160000000002,0.0631316,0.0132115999999999,6.159999999999999e-05,6.159999999999999e-05,1.2067016,0.1799716,2.4240416,0.0676016,0.1025316,0.31263159999999995,0.8717416,0.7510516,0.1775216,0.0684916,0.27650159999999996,0.6132816,6.159999999999999e-05,6.159999999999999e-05,6.159999999999999e-05,0.2556016,0.0106216,0.024161600000000002,0.0393016,0.07192159999999999,6.159999999999999e-05,0.0072616,6.159999999999999e-05,10.189391599999999,6.159999999999999e-05,0.0412316,0.8175716,0.10671159999999999,0.0304815999999999,0.1513516,0.39245159999999996,0.0134416,0.0017116,0.1458116,0.2814016,0.21839160000000002,0.2269516,0.3780115999999999,0.0188916,19.87426159999998
37082_1#30,3.793841066666667,0.012591066666666666,7.085401066666667,1.2963910666666665,2.1373510666666666,1.3899110666666665,1.1037110666666665,10.545151066666667,11.755051066666667,0.07814106666666668,4.1066666666666664e-05,7.381621066666666,0.16782106666666666,0.9136810666666667,4.1066666666666664e-05,5.584401066666667,2.234121066666667,0.9786110666666666,2.323131066666667,0.5923610666666667,1.9106210666666665,1.9063510666666665,2.802451066666667,0.048081066666666665,0.042981066666666665,0.052601066666666564,3.502901066666667,0.22378106666666656,4.1066666666666664e-05,0.8163210666666667,0.06195106666666657,4.1066666666666664e-05,0.003481066666666667,0.013261066666666666,4.1066666666666664e-05,4.215391066666666,4.1066666666666664e-05,4.1066666666666664e-05,4.1066666666666664e-05,4.1066666666666664e-05,0.09044106666666667,0.010481066666666667,4.1066666666666664e-05,4.1066666666666664e-05,0.7949610666666667,4.1066666666666664e-05,0.3046110666666667,4.1066666666666664e-05,4.1066666666666664e-05,4.1066666666666664e-05,1.8215610666666666,4.1066666666666664e-05,4.1066666666666664e-05,4.1066666666666664e-05,4.1066666666666664e-05,4.1066666666666664e-05,0.004041066666666667,4.1066666666666664e-05,0.8803610666666667,4.1066666666666664e-05,4.1066666666666664e-05,0.2643710666666667,4.1066666666666664e-05,4.1066666666666664e-05,0.3373310666666667,3.674521066666667,4.1066666666666664e-05,4.1066666666666664e-05,2.611661066666667,4.1066666666666664e-05,4.1066666666666664e-05,4.1066666666666664e-05,0.052111066666666664,4.1066666666666664e-05,14.178811066666684
37082_1#31,5.660995733333333,0.3609757333333333,9.430875733333332,2.9462957333333333,0.36804573333333335,1.0751457333333334,3.131525733333333,4.610915733333334,13.358855733333332,1.1029457333333332,0.04411573333333333,0.14925573333333333,2.838275733333333,1.9201657333333333,0.009095733333333333,0.10277573333333334,11.182635733333333,0.07339573333333334,0.32463573333333334,4.573333333333333e-05,0.03446573333333333,2.852125733333333,0.5268857333333333,0.31798573333333335,0.4475557333333333,0.2645057333333333,1.3496557333333332,2.0961257333333334,0.12168573333333324,0.3044657333333333,0.015005733333333333,0.11519573333333334,4.573333333333333e-05,4.573333333333333e-05,4.573333333333333e-05,4.573333333333333e-05,0.8346857333333334,4.573333333333333e-05,4.573333333333333e-05,4.573333333333333e-05,0.24755573333333333,0.7296957333333334,0.17188573333333323,0.03951573333333333,4.573333333333333e-05,4.573333333333333e-05,2.222585733333333,3.774975733333333,0.013965733333333334,4.573333333333333e-05,0.0054457333333333335,0.021485733333333232,4.573333333333333e-05,0.06744573333333334,4.573333333333333e-05,0.5862657333333333,4.573333333333333e-05,4.573333333333333e-05,4.573333333333333e-05,0.09168573333333334,4.573333333333333e-05,0.11675573333333333,4.573333333333333e-05,4.573333333333333e-05,0.018685733333333333,4.573333333333333e-05,4.573333333333333e-05,4.573333333333333e-05,4.573333333333333e-05,4.573333333333333e-05,0.014055733333333334,4.573333333333333e-05,0.0014157333333333333,4.573333333333333e-05,23.9041157333333
37082_1#32,3.3773678666666673,1.6440078666666667,5.015037866666666,1.0961078666666666,0.8321978666666666,0.029467866666666665,1.4786078666666667,3.454647866666667,3.131677866666667,0.35093786666666665,0.3180978666666667,1.5324178666666666,0.4354478666666667,2.137557866666667,1.5535378666666666,0.07507786666666667,1.2220178666666666,0.27717786666666666,1.2793978666666666,5.786666666666666e-05,1.1306678666666665,4.8717478666666665,0.23506786666666668,0.07624786666666666,0.14105786666666667,0.12326786666666667,0.5614478666666667,0.10095786666666667,5.786666666666666e-05,0.017067866666666667,0.4361778666666666,0.20582786666666666,5.786666666666666e-05,5.786666666666666e-05,5.786666666666666e-05,4.480867866666666,5.786666666666666e-05,0.3372078666666666,5.786666666666666e-05,5.786666666666666e-05,0.10672786666666667,1.8189378666666667,0.0073378666666666665,5.786666666666666e-05,0.18009786666666666,0.6649978666666666,0.19906786666666668,0.015057866666666565,5.786666666666666e-05,0.020087866666666666,0.3178278666666667,0.34139786666666666,5.786666666666666e-05,2.793447866666667,0.12070786666666666,1.0628278666666666,5.786666666666666e-05,0.07084786666666668,3.045877866666667,0.24373786666666666,0.030477866666666565,0.7845578666666666,5.786666666666666e-05,0.013017866666666666,0.17962786666666666,0.28233786666666666,0.37118786666666664,0.14535786666666667,5.376167866666667,0.17528786666666668,5.509887866666666,1.7337878666666666,0.12573786666666667,0.31258786666666666,31.991837866666643
37082_1#9,0.7419026666666666,8.258332666666666,1.3319526666666668,3.8917626666666667,5.406542666666667,0.44167266666666666,5.749812666666667,20.206062666666664,9.264222666666667,3.9729126666666668,0.3697126666666667,9.379732666666667,0.7211626666666666,1.4521226666666667,3.266666666666666e-05,1.9519926666666667,2.5200126666666667,3.266666666666666e-05,3.266666666666666e-05,0.13200266666666666,0.0005026666666666667,3.7368626666666667,1.9401526666666669,0.34771266666666667,0.15797266666666657,0.0011826666666666667,1.4243726666666667,1.1206326666666668,0.030572666666666665,4.459822666666667,0.004352666666666666,2.6292126666666666,0.8601826666666668,3.266666666666666e-05,3.266666666666666e-05,0.010532666666666666,3.266666666666666e-05,3.266666666666666e-05,3.266666666666666e-05,3.266666666666666e-05,1.700752666666667,3.266666666666666e-05,3.266666666666666e-05,0.026842666666666667,3.266666666666666e-05,3.266666666666666e-05,3.266666666666666e-05,3.266666666666666e-05,3.266666666666666e-05,3.266666666666666e-05,3.266666666666666e-05,3.266666666666666e-05,3.266666666666666e-05,3.266666666666666e-05,3.266666666666666e-05,3.266666666666666e-05,0.12333266666666666,3.266666666666666e-05,3.266666666666666e-05,3.266666666666666e-05,3.266666666666666e-05,3.266666666666666e-05,3.266666666666666e-05,3.266666666666666e-05,3.266666666666666e-05,3.266666666666666e-05,3.266666666666666e-05,3.266666666666666e-05,3.266666666666666e-05,3.266666666666666e-05,3.266666666666666e-05,3.266666666666666e-05,3.266666666666666e-05,3.266666666666666e-05,5.631782666666644
37082_2#10,2.893333333333333e-05,2.435348933333333,2.893333333333333e-05,0.8814689333333333,17.14245893333333,0.5369689333333333,3.891478933333333,1.5615389333333334,31.09476893333333,0.7515589333333333,2.893333333333333e-05,5.655288933333334,2.420578933333333,3.5445489333333335,0.026028933333333334,2.893333333333333e-05,1.2026889333333335,2.893333333333333e-05,3.4804889333333335,2.893333333333333e-05,2.893333333333333e-05,0.16316893333333332,1.3773889333333333,0.08802893333333332,0.7697689333333333,2.893333333333333e-05,0.09929893333333333,0.8144789333333333,0.23568893333333332,0.23333893333333333,2.893333333333333e-05,2.893333333333333e-05,2.893333333333333e-05,2.893333333333333e-05,2.893333333333333e-05,2.893333333333333e-05,2.893333333333333e-05,2.893333333333333e-05,2.893333333333333e-05,2.893333333333333e-05,2.893333333333333e-05,0.05836893333333333,2.893333333333333e-05,2.893333333333333e-05,2.893333333333333e-05,2.893333333333333e-05,2.893333333333333e-05,2.893333333333333e-05,2.893333333333333e-05,2.893333333333333e-05,2.893333333333333e-05,0.005458933333333333,2.893333333333333e-05,0.011878933333333333,2.893333333333333e-05,2.893333333333333e-05,2.893333333333333e-05,2.893333333333333e-05,12.884248933333334,2.893333333333333e-05,2.893333333333333e-05,0.043828933333333334,2.893333333333333e-05,0.0008989333333333334,0.07487893333333333,2.893333333333333e-05,2.893333333333333e-05,2.893333333333333e-05,0.8725689333333333,2.893333333333333e-05,2.893333333333333e-05,2.893333333333333e-05,2.893333333333333e-05,2.893333333333333e-05,7.640218933333304
37082_2#11,1.2864076,0.46308760000000004,2.0207876,0.6389576,4.0887576,0.0346676,8.576757599999999,2.2942076,13.2926676,0.6009175999999999,4.759999999999999e-05,10.4751476,0.5143276,0.9958476,4.759999999999999e-05,0.06892759999999999,2.0011675999999996,0.33186760000000004,1.4152576000000001,0.1919575999999999,0.0382175999999999,6.7126776,0.44575760000000003,0.4451376,1.3487076,0.1838076,0.1868476,0.3555876,0.3516676,4.759999999999999e-05,0.1042476,0.0799076,4.759999999999999e-05,4.759999999999999e-05,0.1581776,1.2720776,0.7067576,4.3880476,4.759999999999999e-05,4.759999999999999e-05,0.6673676,1.0624476,4.759999999999999e-05,0.0060276,0.4746175999999999,4.759999999999999e-05,0.2037376,4.8280576,0.049207600000000004,4.759999999999999e-05,0.5951676,0.0909276,4.759999999999999e-05,0.5503476,4.759999999999999e-05,4.759999999999999e-05,4.759999999999999e-05,4.759999999999999e-05,4.759999999999999e-05,4.759999999999999e-05,4.759999999999999e-05,0.0840576,4.759999999999999e-05,4.759999999999999e-05,0.029337600000000002,0.0484876,1.2186076000000001,4.759999999999999e-05,4.759999999999999e-05,0.022177600000000002,0.0091976,4.759999999999999e-05,0.45503760000000004,4.759999999999999e-05,23.534707599999983
37082_2#12,3.4820308000000004,3.0799999999999996e-05,10.5940508,3.0799999999999996e-05,23.8845008,3.0799999999999996e-05,0.4214808,5.8050108,17.074880800000003,0.15458080000000002,3.0799999999999996e-05,0.0156208,3.0799999999999996e-05,0.1983108,3.0799999999999996e-05,3.0799999999999996e-05,2.4065908,0.1780208,0.5396508,0.0217808,0.20004080000000002,1.6942408,1.2290208,0.0302408,3.0799999999999996e-05,0.0010408,3.0799999999999996e-05,0.3017508,0.0255908,0.4972007999999999,0.1105608,1.7210207999999998,3.0799999999999996e-05,3.0799999999999996e-05,3.0799999999999996e-05,9.887750800000001,3.0799999999999996e-05,3.0799999999999996e-05,3.0799999999999996e-05,3.0799999999999996e-05,3.0799999999999996e-05,0.4582108,3.0799999999999996e-05,0.0284108,3.0799999999999996e-05,3.0799999999999996e-05,0.0735208,6.5289208,3.0799999999999996e-05,0.03453079999999999,0.5268008,0.07271079999999999,3.0799999999999996e-05,3.0799999999999996e-05,3.0799999999999996e-05,3.0799999999999996e-05,3.0799999999999996e-05,3.0799999999999996e-05,0.0128108,3.0799999999999996e-05,3.0799999999999996e-05,3.0799999999999996e-05,3.0799999999999996e-05,3.0799999999999996e-05,3.0799999999999996e-05,3.0799999999999996e-05,3.0799999999999996e-05,3.0799999999999996e-05,3.0799999999999996e-05,3.0799999999999996e-05,3.0799999999999996e-05,3.0799999999999996e-05,3.0799999999999996e-05,3.0799999999999996e-05,11.787820799999961
37082_2#13,0.5452338666666667,7.6840638666666665,0.23750386666666665,2.461223866666667,1.3123938666666666,0.48258386666666664,4.065953866666668,0.22544386666666655,38.13121386666667,1.4927638666666667,4.386666666666666e-05,3.2893738666666668,4.023083866666667,1.3495238666666667,4.386666666666666e-05,0.0014938666666665665,3.7196538666666665,0.0032238666666666665,0.47022386666666666,0.09349386666666668,0.027083866666666664,2.0805238666666668,0.31972386666666663,0.03336386666666657,0.6087738666666667,4.386666666666666e-05,0.010623866666666667,0.6417738666666667,0.18230386666666665,0.029743866666666566,4.386666666666666e-05,0.34825386666666663,4.386666666666666e-05,0.004863866666666667,0.030283866666666666,4.386666666666666e-05,0.08212386666666667,4.386666666666666e-05,4.386666666666666e-05,4.386666666666666e-05,0.04873386666666667,0.05672386666666667,0.8611938666666668,4.386666666666666e-05,4.386666666666666e-05,4.386666666666666e-05,0.19789386666666667,4.386666666666666e-05,4.386666666666666e-05,4.386666666666666e-05,0.8541838666666667,0.07004386666666666,4.386666666666666e-05,0.10348386666666656,4.386666666666666e-05,0.024043866666666566,4.386666666666666e-05,4.386666666666666e-05,7.530143866666667,4.386666666666666e-05,4.386666666666666e-05,0.011463866666666668,4.386666666666666e-05,0.026803866666666665,0.15896386666666665,0.009893866666666667,4.386666666666666e-05,4.386666666666666e-05,4.386666666666666e-05,4.386666666666666e-05,0.017963866666666665,4.386666666666666e-05,1.9484638666666667,4.386666666666666e-05,14.090883866666701
37082_2#14,1.1219038666666667,5.094423866666667,0.37364386666666666,4.016653866666667,4.061013866666667,0.15252386666666665,1.2640038666666666,7.605273866666667,4.848913866666667,0.20282386666666666,2.829103866666667,5.449523866666667,2.3963938666666666,3.4565838666666666,4.386666666666666e-05,2.494593866666667,1.2126738666666665,4.386666666666666e-05,4.662143866666667,0.09456386666666666,0.18852386666666665,5.423943866666667,1.1181638666666667,0.03636386666666667,0.2829138666666667,4.386666666666666e-05,0.004193866666666666,0.39124386666666666,0.009513866666666667,0.05417386666666667,4.386666666666666e-05,0.31651386666666664,4.386666666666666e-05,0.0042338666666666665,4.386666666666666e-05,4.386666666666666e-05,7.997893866666667,4.386666666666666e-05,4.386666666666666e-05,4.386666666666666e-05,4.386666666666666e-05,0.021873866666666665,1.2139438666666666,0.11243386666666656,4.386666666666666e-05,4.386666666666666e-05,0.48643386666666666,4.386666666666666e-05,0.11886386666666666,4.386666666666666e-05,0.009483866666666667,4.386666666666666e-05,4.386666666666666e-05,0.021683866666666666,4.386666666666666e-05,0.04853386666666667,0.10340386666666666,4.386666666666666e-05,4.386666666666666e-05,0.0006838666666665667,4.386666666666666e-05,0.20779386666666655,4.386666666666666e-05,0.021153866666666667,0.0028838666666666664,4.386666666666666e-05,0.20334386666666665,0.013773866666666667,4.386666666666666e-05,4.386666666666666e-05,4.386666666666666e-05,4.386666666666666e-05,0.15304386666666667,4.386666666666666e-05,30.09500386666668
37082_2#15,0.09376546666666666,0.011995466666666567,0.020045466666666668,2.5819754666666666,0.04004546666666666,0.7809754666666666,9.152975466666668,0.08397546666666666,18.972455466666666,6.404715466666667,2.4259354666666666,0.017585466666666667,5.030285466666666,3.010225466666667,3.5466666666666664e-05,1.2694254666666667,2.437285466666667,3.5466666666666664e-05,2.0906854666666668,0.3032554666666667,3.5466666666666664e-05,0.7287554666666666,0.08130546666666666,3.5466666666666664e-05,0.8777754666666667,3.5466666666666664e-05,3.5466666666666664e-05,2.846535466666667,0.19965546666666667,0.015425466666666667,3.5466666666666664e-05,3.5466666666666664e-05,3.5466666666666664e-05,0.027375466666666667,3.5466666666666664e-05,0.11567546666666666,3.5466666666666664e-05,3.5466666666666664e-05,3.5466666666666664e-05,3.5466666666666664e-05,3.5466666666666664e-05,3.5466666666666664e-05,0.02624546666666667,3.5466666666666664e-05,3.5466666666666664e-05,3.5466666666666664e-05,0.23892546666666656,1.4330654666666667,0.037175466666666664,3.5466666666666664e-05,0.11621546666666667,3.5466666666666664e-05,3.5466666666666664e-05,0.007355466666666667,3.5466666666666664e-05,3.5466666666666664e-05,0.04514546666666666,3.5466666666666664e-05,3.5466666666666664e-05,3.5466666666666664e-05,3.5466666666666664e-05,0.47446546666666667,3.5466666666666664e-05,3.5466666666666664e-05,3.5466666666666664e-05,0.0007754666666666666,0.017005466666666667,3.5466666666666664e-05,3.5466666666666664e-05,3.5466666666666664e-05,3.5466666666666664e-05,3.5466666666666664e-05,0.0038054666666665665,3.5466666666666664e-05,37.97839546666666
37082_2#16,5.6933333333333326e-05,5.6933333333333326e-05,5.6933333333333326e-05,0.059746933333333335,0.08485693333333333,0.021146933333333236,0.8436869333333333,1.3816469333333334,1.5691269333333333,5.6933333333333326e-05,0.013966933333333332,0.8999369333333334,0.008666933333333333,0.36102693333333336,5.6933333333333326e-05,0.20658693333333333,0.14977693333333333,5.6933333333333326e-05,0.049956933333333335,0.009026933333333332,1.5127269333333333,0.6947269333333332,0.15542693333333332,0.07060693333333333,0.13821693333333332,5.6933333333333326e-05,0.023666933333333334,0.14999693333333333,0.09848693333333333,0.006876933333333334,0.11756693333333323,0.39947693333333334,5.6933333333333326e-05,5.6933333333333326e-05,0.010776933333333332,0.3673169333333333,5.6933333333333326e-05,0.30611693333333334,0.9616369333333333,0.03140693333333333,0.04885693333333333,0.8855569333333334,5.6933333333333326e-05,0.043766933333333334,0.28618693333333334,5.6933333333333326e-05,0.18987693333333333,11.813546933333335,0.024316933333333336,0.024196933333333333,0.18482693333333333,0.04772693333333333,0.0017869333333333333,2.6913469333333335,0.03135693333333334,0.021696933333333335,5.6933333333333326e-05,0.024636933333333333,5.6933333333333326e-05,0.8546369333333333,0.005126933333333333,0.18028693333333332,0.07204693333333333,0.022226933333333334,0.006106933333333333,0.19692693333333333,0.009606933333333333,0.004396933333333334,0.5961069333333333,0.021916933333333336,0.18250693333333332,3.4277869333333335,0.16872693333333333,0.06448693333333333,67.16243693333332
37082_2#17,6.346666666666666e-05,0.04986346666666666,6.346666666666666e-05,0.9004934666666666,0.19451346666666666,6.346666666666666e-05,1.5963934666666668,1.2368434666666668,2.6577734666666664,0.005243466666666667,0.20111346666666666,0.49692346666666665,0.14683346666666666,0.9853234666666667,6.346666666666666e-05,0.17519346666666666,0.7278834666666666,0.11602346666666666,0.18816346666666667,2.8550134666666667,3.373023466666667,0.6801034666666667,0.8569334666666666,0.11959346666666666,0.01725346666666667,0.004203466666666667,0.07947346666666666,0.42481346666666664,0.08789346666666667,0.09427346666666657,0.003363466666666667,0.5054634666666666,0.14036346666666666,0.07320346666666666,0.061613466666666665,2.1983734666666663,6.346666666666666e-05,1.0567734666666666,1.2745534666666667,0.07914346666666666,0.04460346666666666,0.45002346666666665,0.03656346666666666,0.14853346666666667,0.37782346666666666,0.004423466666666666,0.27140346666666665,0.4200334666666666,6.346666666666666e-05,0.057713466666666664,0.6772834666666666,0.02822346666666667,0.15306346666666668,0.8871534666666667,0.30325346666666664,0.5135334666666667,0.03749346666666666,0.06885346666666667,0.23401346666666656,1.4110834666666667,0.06235346666666666,0.22468346666666666,0.18589346666666667,0.03527346666666666,6.346666666666666e-05,0.24885346666666666,0.5593134666666666,0.025483466666666666,0.023993466666666668,0.025993466666666666,0.11530346666666666,1.2886334666666668,0.002943466666666667,0.023823466666666668,67.38792346666666
37082_2#18,5.879999999999999e-05,5.879999999999999e-05,5.879999999999999e-05,0.3496487999999999,5.879999999999999e-05,0.0221488,5.0713988,1.5100487999999999,4.539108799999999,0.0536388,0.6447588,0.0095487999999999,0.9179088,0.8546687999999999,0.0157988,0.0135288,1.3761287999999998,5.879999999999999e-05,0.1175288,0.0286888,5.879999999999999e-05,0.1153688,5.8239688,5.879999999999999e-05,0.5887088,0.0185488,5.879999999999999e-05,0.2400688,0.7204888,0.0062688,0.0086888,0.0205688,0.0027188,5.879999999999999e-05,0.8463288,0.5514787999999999,0.046508799999999996,3.5221988,0.1280388,0.035528799999999895,0.0086088,0.1443788,0.0109788,0.0193188,0.10939879999999999,0.08268879999999999,0.6783388,5.879999999999999e-05,0.0318388,0.1515988,0.2239488,0.0033687999999999,0.0192988,0.2448087999999999,1.1202987999999998,0.0708688,0.1104388,0.1328588,0.0489188,2.1001788,0.0580488,0.26166880000000003,0.048338799999999994,0.035578799999999994,5.879999999999999e-05,0.0761288,0.0162888,0.06522879999999989,0.008358800000000001,0.10306879999999989,0.0054088,2.0208188000000002,5.879999999999999e-05,0.0080488,63.78013879999999
37082_2#19,4.666666666666666e-05,4.666666666666666e-05,4.666666666666666e-05,1.2648266666666668,0.0022666666666666664,0.2088566666666667,4.621426666666667,0.050866666666666664,1.4066366666666668,0.04285666666666667,0.6224566666666667,0.023836666666666666,0.8455466666666667,1.0184566666666666,0.1432466666666667,4.666666666666666e-05,1.0474066666666668,0.11825666666666666,3.7015966666666666,20.017886666666666,0.6331566666666666,1.3236566666666667,5.884346666666667,4.666666666666666e-05,2.0284866666666663,4.666666666666666e-05,4.666666666666666e-05,0.035846666666666666,0.009286666666666566,4.666666666666666e-05,4.666666666666666e-05,0.23445666666666667,4.666666666666666e-05,0.08413666666666667,0.010006666666666567,0.7606066666666667,4.666666666666666e-05,9.049116666666666,2.7127366666666664,1.1073666666666668,0.13768666666666668,4.666666666666666e-05,0.039856666666666665,4.666666666666666e-05,0.0021666666666665664,0.007416666666666667,3.1349666666666667,4.666666666666666e-05,0.3170966666666666,4.666666666666666e-05,4.666666666666666e-05,4.666666666666666e-05,4.666666666666666e-05,0.013766666666666667,0.8184166666666666,0.05849666666666667,0.9934966666666666,0.10506666666666667,4.666666666666666e-05,0.4512666666666666,0.24606666666666668,0.16807666666666668,4.666666666666666e-05,0.026476666666666666,0.0013466666666666666,4.666666666666666e-05,0.022296666666666666,4.666666666666666e-05,4.666666666666666e-05,0.037216666666666565,4.666666666666666e-05,0.006896666666666666,4.666666666666666e-05,0.3277566666666667,34.073366666666686
37082_2#1,4.5470304,2.6423904,6.1359604,1.5365604,2.3269204,0.1136104,0.4398703999999999,10.4010904,0.8620804,0.056490399999999996,0.0805304,4.3628304,0.1240204,0.4902604,0.18879039999999989,0.3288104,1.7508004000000001,0.9623904,0.4976404,0.0020404000000000004,10.4699004,1.5745304,1.4516004,0.0426304,0.0985804,0.3037903999999999,1.6078004000000001,0.8260603999999999,5.039999999999999e-05,0.1750804,0.4829404,2.0875504,0.0010203999999999999,5.039999999999999e-05,0.8519604,5.039999999999999e-05,5.039999999999999e-05,0.45611039999999997,5.039999999999999e-05,5.039999999999999e-05,0.0348604,1.5774604,0.0745404,0.3104804,0.1258404,5.039999999999999e-05,0.050770399999999896,5.039999999999999e-05,5.039999999999999e-05,5.039999999999999e-05,0.6686904,0.20307039999999998,0.09658040000000001,1.6221104,5.039999999999999e-05,5.039999999999999e-05,5.039999999999999e-05,5.039999999999999e-05,1.5652904,5.039999999999999e-05,5.039999999999999e-05,0.0149903999999999,5.039999999999999e-05,5.039999999999999e-05,5.039999999999999e-05,0.5848703999999999,1.2080204,5.039999999999999e-05,5.039999999999999e-05,0.023840399999999998,0.1829304,0.011200400000000001,0.0070104,0.5001404,32.85657040000001
37082_2#20,5.599999999999999e-05,0.007306,5.599999999999999e-05,0.114406,5.599999999999999e-05,5.599999999999999e-05,3.322246,0.011886,8.172706,0.019636,0.490556,0.113276,0.426436,0.38917599999999997,0.5710160000000001,0.005826,1.4519360000000001,5.599999999999999e-05,0.376646,1.491776,0.085686,0.442196,13.076956,0.0071959999999998995,0.5158360000000001,0.007136,5.599999999999999e-05,0.048896,0.059456,0.021906,0.052936,5.599999999999999e-05,5.599999999999999e-05,0.0528159999999999,0.075006,0.255476,5.599999999999999e-05,1.919796,1.027496,0.046686,0.0895659999999999,0.056726,0.578376,0.19567600000000002,0.045806,5.599999999999999e-05,1.887396,5.599999999999999e-05,0.007856,0.045966,0.072336,0.030056,0.066576,0.087086,1.4251260000000001,0.012946,0.134326,0.231656,5.599999999999999e-05,1.910196,0.517336,0.21388600000000002,0.067366,0.066856,0.0011660000000000002,0.037176,5.599999999999999e-05,0.107136,0.017055999999999998,0.13367600000000002,0.051886,5.599999999999999e-05,5.599999999999999e-05,0.071706,57.17593600000001
37082_2#21,0.0008325333333333334,6.253333333333333e-05,6.253333333333333e-05,0.4963825333333332,0.06564253333333334,0.14656253333333333,4.512482533333334,1.1055925333333332,1.1109225333333332,0.008582533333333333,0.09342253333333334,0.3037625333333333,0.2794125333333333,0.5431425333333334,0.024072533333333333,0.041592533333333334,1.4216925333333332,0.21991253333333322,5.711342533333334,21.114812533333335,0.5602525333333335,0.47431253333333323,0.08379253333333334,6.253333333333333e-05,0.16176253333333332,6.253333333333333e-05,6.253333333333333e-05,0.5364625333333334,0.11952253333333333,0.22198253333333332,0.14193253333333333,0.04374253333333333,6.253333333333333e-05,0.13576253333333332,0.3135925333333333,1.8621925333333333,0.021212533333333332,1.4346525333333333,2.0399125333333332,0.010162533333333333,0.0005225333333333333,0.4751025333333333,0.061332533333333335,0.033642533333333335,0.0016325333333333334,0.025522533333333333,0.6746725333333334,0.004932533333333333,6.253333333333333e-05,0.05692253333333323,0.2374625333333333,6.253333333333333e-05,0.5370025333333334,0.39837253333333333,0.4423025333333333,0.038742533333333336,0.0010425333333333334,0.02922253333333333,0.008842533333333333,0.31322253333333333,0.07619253333333334,0.17340253333333322,0.07531253333333333,0.08070253333333334,0.029842533333333334,0.31285253333333324,0.10505253333333324,0.11993253333333334,0.04237253333333334,0.09052253333333334,0.0031525333333333335,1.133372533333333,0.02132253333333333,0.03832253333333334,48.995232533333315
37082_2#22,5.319999999999999e-05,5.3602732,5.319999999999999e-05,2.4376232,0.0015632,0.7554331999999999,5.2207332,0.0156232,1.0291831999999999,0.020953199999999998,1.1942432,0.0178832,5.319999999999999e-05,0.6531731999999999,0.0043232,0.0637231999999999,1.1418732,5.319999999999999e-05,2.1775832,6.1197832,0.1719732,0.1181132,6.3893132,5.319999999999999e-05,0.9691531999999999,5.319999999999999e-05,5.319999999999999e-05,1.0579132,0.14734319999999998,5.319999999999999e-05,5.319999999999999e-05,0.0889532,0.0049532,0.2422932,0.0060132,0.2281531999999999,0.6448931999999999,2.7664832,3.2576232000000003,0.9667131999999999,0.0071832,0.0056432,0.4457632,5.319999999999999e-05,0.0309432,0.0089232,2.8158132,0.08434320000000001,0.5916132,5.319999999999999e-05,0.009043199999999899,5.319999999999999e-05,5.319999999999999e-05,0.5455731999999999,0.5591231999999999,0.1518232,0.3086432,0.3740232,0.0275731999999999,1.0241432,0.7205132,0.8628832,0.1069032,0.18040319999999999,5.319999999999999e-05,5.319999999999999e-05,0.0359132,0.2533432,5.319999999999999e-05,0.1752732,5.319999999999999e-05,4.1409932,0.0660332,5.319999999999999e-05,43.192753200000006
37082_2#23,0.22577693333333332,1.6699369333333334,0.028566933333333336,1.3725069333333333,1.1715169333333333,0.06943693333333333,2.1157869333333337,8.780236933333335,7.268556933333332,0.013776933333333333,0.059696933333333334,0.49360693333333333,0.24529693333333333,1.2188569333333332,5.6933333333333326e-05,0.14733693333333334,1.6246569333333334,0.15196693333333333,0.23649693333333333,0.8682069333333334,5.6933333333333326e-05,0.7373269333333333,0.8644669333333332,0.2811069333333333,0.08109693333333333,5.6933333333333326e-05,5.6933333333333326e-05,1.1044269333333334,0.10809693333333333,5.6933333333333326e-05,0.030186933333333336,0.03573693333333333,0.04482693333333333,0.17601693333333332,5.6933333333333326e-05,1.2999869333333334,0.29356693333333334,2.8890369333333337,0.9646769333333334,5.6933333333333326e-05,0.4117769333333333,0.08938693333333332,5.6933333333333326e-05,1.1891469333333333,0.9974469333333333,0.08293693333333332,2.0279469333333338,0.48212693333333323,0.13181693333333333,0.16664693333333333,0.5955869333333333,0.16579693333333323,0.23003693333333333,2.1429569333333336,5.6933333333333326e-05,5.6933333333333326e-05,5.6933333333333326e-05,0.009796933333333332,0.12284693333333332,2.4805669333333333,0.020776933333333334,0.32959693333333334,0.10391693333333332,0.13569693333333332,5.6933333333333326e-05,0.42851693333333335,1.4471269333333334,0.05875693333333334,5.6933333333333326e-05,0.10988693333333333,0.017086933333333335,2.2034169333333335,0.04072693333333333,5.6933333333333326e-05,47.10409693333333
37082_2#24,4.013333333333333e-05,0.12839013333333335,4.013333333333333e-05,7.864000133333333,0.04576013333333333,4.013333333333333e-05,8.527540133333332,0.013610133333333333,2.3564101333333336,0.6665701333333333,1.7598101333333334,0.05615013333333323,5.287090133333333,2.7343501333333333,4.013333333333333e-05,4.013333333333333e-05,5.951730133333333,0.017410133333333334,0.39122013333333333,11.659280133333333,0.11569013333333333,1.0070201333333333,4.044320133333333,4.013333333333333e-05,17.644800133333334,4.013333333333333e-05,4.013333333333333e-05,0.09192013333333333,0.007400133333333334,4.013333333333333e-05,4.013333333333333e-05,0.006260133333333333,4.013333333333333e-05,0.09313013333333334,4.013333333333333e-05,0.2838601333333333,4.013333333333333e-05,3.3063601333333335,4.013333333333333e-05,1.2242201333333333,4.013333333333333e-05,4.013333333333333e-05,1.9082601333333333,4.013333333333333e-05,4.013333333333333e-05,0.04281013333333323,0.23953013333333334,0.05820013333333333,0.16762013333333334,4.013333333333333e-05,4.013333333333333e-05,4.013333333333333e-05,4.013333333333333e-05,0.0006701333333333333,4.013333333333333e-05,4.013333333333333e-05,0.20028013333333333,0.33478013333333334,0.007390133333333334,0.25170013333333335,0.32712013333333334,0.04387013333333333,4.013333333333333e-05,0.029230133333333335,4.013333333333333e-05,4.013333333333333e-05,4.013333333333333e-05,0.0055101333333333335,4.013333333333333e-05,0.03620013333333333,4.013333333333333e-05,4.013333333333333e-05,4.013333333333333e-05,0.0032701333333333333,21.057970133333377
37082_2#25,5.319999999999999e-05,5.319999999999999e-05,5.319999999999999e-05,0.0223431999999999,0.0976432,5.319999999999999e-05,1.6872331999999999,0.020193199999999998,0.1475532,0.011043199999999899,0.6416031999999999,0.0156232,0.24120319999999998,0.11434319999999991,0.014983199999999999,0.042843200000000005,0.0021532,0.0050532,0.056113199999999905,5.319999999999999e-05,5.319999999999999e-05,0.0025732,0.42796320000000004,5.319999999999999e-05,0.20798319999999998,5.319999999999999e-05,0.0048432,0.0160431999999999,0.38794319999999993,5.319999999999999e-05,0.0005632,0.0030632,5.319999999999999e-05,0.0044532,0.0052731999999999,0.0798932,0.0043732,0.8361232,0.0983832,0.0071232,5.319999999999999e-05,0.0373932,0.3945032,5.319999999999999e-05,0.013613199999999999,5.319999999999999e-05,0.1385532,0.0728932,0.012043199999999999,0.0350031999999999,0.0339532,0.0093732,0.0001432,0.0870231999999999,0.3342232,5.319999999999999e-05,0.0332732,0.0515832,5.319999999999999e-05,0.6435232,0.0696232,0.0113732,5.319999999999999e-05,0.0258731999999999,5.319999999999999e-05,0.030243199999999998,0.0487232,0.0024532,0.013073199999999998,0.0035532,0.5020332,1.2213532,5.319999999999999e-05,0.0066232,90.9604932
37082_2#26,5.4133333333333326e-05,0.10033413333333333,5.4133333333333326e-05,1.5194841333333333,0.04816413333333333,0.009014133333333334,4.338444133333334,0.09729413333333332,3.3355641333333335,0.08676413333333333,0.46140413333333335,0.06589413333333333,0.2658241333333334,1.2157841333333332,5.4133333333333326e-05,0.008704133333333334,0.7627941333333333,0.006314133333333333,0.36200413333333337,0.024424133333333334,0.012304133333333333,0.5878441333333334,0.09675413333333333,5.4133333333333326e-05,0.5175341333333333,5.4133333333333326e-05,5.4133333333333326e-05,0.08060413333333333,0.15657413333333334,5.4133333333333326e-05,5.4133333333333326e-05,0.08467413333333333,5.4133333333333326e-05,0.018784133333333335,5.4133333333333326e-05,0.15350413333333332,0.36310413333333336,3.0139541333333333,0.9031841333333334,0.04798413333333333,0.0032641333333333334,0.07022413333333333,0.07440413333333333,0.07810413333333333,5.4133333333333326e-05,0.009314133333333334,0.6847941333333334,5.4133333333333326e-05,0.18331413333333332,5.4133333333333326e-05,0.0014641333333333332,5.4133333333333326e-05,0.04018413333333333,0.08802413333333332,0.16837413333333334,0.06771413333333333,0.004724133333333333,0.08651413333333333,0.5468341333333333,0.9028841333333334,0.11121413333333333,0.09101413333333333,0.018604133333333234,0.06513413333333333,5.4133333333333326e-05,5.4133333333333326e-05,0.026644133333333334,0.04762413333333323,5.4133333333333326e-05,0.05787413333333333,0.004824133333333333,0.28317413333333336,0.22854413333333323,0.005574133333333233,77.30370413333333
37082_2#27,4.386666666666666e-05,0.3473538666666667,4.386666666666666e-05,2.4369338666666667,0.34548386666666664,4.386666666666666e-05,4.715723866666667,0.6294838666666667,10.174073866666665,0.011313866666666667,1.5600238666666666,0.011143866666666667,0.5814038666666667,1.4289738666666667,0.13617386666666664,4.386666666666666e-05,3.1713538666666667,0.021113866666666665,1.2998038666666665,14.049373866666667,1.1940538666666667,1.3953538666666665,0.013833866666666568,0.018823866666666664,1.2850638666666667,4.386666666666666e-05,4.386666666666666e-05,0.03783386666666667,0.2865738666666667,4.386666666666666e-05,4.386666666666666e-05,0.11480386666666667,4.386666666666666e-05,4.386666666666666e-05,4.386666666666666e-05,1.9944538666666667,4.386666666666666e-05,4.326823866666667,12.036493866666666,1.7248738666666668,4.386666666666666e-05,0.0027438666666666665,4.386666666666666e-05,4.386666666666666e-05,4.386666666666666e-05,0.03744386666666657,0.5248338666666666,0.08257386666666668,4.386666666666666e-05,4.386666666666666e-05,0.019673866666666665,4.386666666666666e-05,0.13795386666666665,0.016043866666666566,0.6350338666666667,0.24170386666666666,4.386666666666666e-05,0.03737386666666667,4.386666666666666e-05,2.735223866666667,0.29093386666666665,0.06433386666666667,0.030403866666666664,0.010533866666666667,4.386666666666666e-05,4.386666666666666e-05,0.11998386666666656,0.08938386666666667,4.386666666666666e-05,4.386666666666666e-05,4.386666666666666e-05,0.10117386666666667,4.386666666666666e-05,4.386666666666666e-05,29.472703866666677
37082_2#28,0.24872160000000001,6.159999999999999e-05,6.159999999999999e-05,0.37180159999999995,0.9697015999999999,6.159999999999999e-05,1.2983016,0.6915916,12.9211916,0.0213016,0.3595316,0.9843616,0.1111716,0.5609216,0.007521599999999899,0.31114159999999996,1.2560716,0.10589159999999999,0.5653016000000001,3.9882116,0.41787159999999995,0.6800416,0.2263616,0.6489916,0.2700416,6.159999999999999e-05,0.0470716,1.1762816,0.1696015999999999,0.0776916,0.06437159999999989,0.0565815999999999,0.018091600000000003,0.0483815999999999,0.2271116,9.8730616,0.3041116,1.2695116,0.8305016000000001,0.030011599999999902,0.4623815999999999,1.4580116,0.0898316,0.2947416,5.008471600000001,0.18209160000000002,0.1496416,5.9770516,6.159999999999999e-05,0.2377416,5.388631600000001,0.2802115999999999,0.35665159999999996,4.995381600000001,0.29932159999999997,0.0394916,0.0072916,0.0479116,6.159999999999999e-05,0.026441600000000003,0.1271216,0.5730316,0.1190416,0.0202716,6.159999999999999e-05,0.3038316,1.0213016,0.10975159999999999,0.25392159999999997,0.06902159999999999,0.019201599999999902,2.6602916,6.159999999999999e-05,6.159999999999999e-05,28.212931600000005
37082_2#29,5.599999999999999e-05,5.599999999999999e-05,5.599999999999999e-05,0.248476,0.17022600000000002,5.599999999999999e-05,0.8298060000000002,5.403036,7.7110460000000005,5.599999999999999e-05,0.16664600000000002,0.47753599999999996,5.599999999999999e-05,0.215976,5.599999999999999e-05,0.15154600000000001,0.230906,0.055226,0.121526,0.5146160000000001,5.599999999999999e-05,0.058726,3.7635959999999997,0.069686,0.002216,5.599999999999999e-05,5.599999999999999e-05,0.713876,0.028436,0.035986,0.018066,0.047866,0.2757559999999999,0.19257600000000002,0.070376,4.2267660000000005,5.599999999999999e-05,0.312886,0.277856,0.17805600000000002,0.008256,0.38418599999999997,0.12937600000000002,0.428426,0.19667600000000002,0.033976,4.506756,0.24149600000000002,1.3111760000000001,0.023586,0.48248599999999997,0.017786,0.909996,1.576856,0.105906,0.8903760000000001,0.0551759999999999,0.019826,0.8626860000000001,2.8820059999999996,0.045216,0.24968600000000002,0.114026,0.027136,5.599999999999999e-05,1.143586,0.19095600000000001,0.037636,0.004076,0.023376,5.599999999999999e-05,0.14999600000000002,5.599999999999999e-05,5.599999999999999e-05,56.377165999999995
37082_2#2,2.043166,0.0010860000000000002,0.647536,0.680956,2.4750859999999997,0.846126,0.490946,9.756756,13.410166,5.599999999999999e-05,0.507186,1.0827360000000001,5.599999999999999e-05,1.457096,0.012886,0.065446,1.759536,0.487116,0.091596,0.41525599999999996,0.214206,5.363116,2.7633859999999997,0.103926,0.005596,0.350956,1.2808760000000001,1.633436,5.599999999999999e-05,0.066386,0.952026,0.608426,5.599999999999999e-05,5.599999999999999e-05,0.49629599999999996,7.695326,5.599999999999999e-05,1.455926,1.393186,5.599999999999999e-05,0.239326,1.200336,0.14575600000000002,0.906196,0.366736,0.796416,0.212646,2.3900259999999998,5.599999999999999e-05,5.599999999999999e-05,2.502226,0.285116,0.022386,3.3960559999999997,5.599999999999999e-05,0.622376,5.599999999999999e-05,5.599999999999999e-05,0.26938599999999996,5.599999999999999e-05,5.599999999999999e-05,0.031846,0.017846,5.599999999999999e-05,0.056846,0.800586,0.26911599999999997,0.0016660000000000002,0.2851459999999999,0.056006,0.18532600000000002,0.2861459999999999,0.4886259999999999,0.123056,23.428216000000006
37082_2#30,5.9733333333333326e-05,5.9733333333333326e-05,5.9733333333333326e-05,0.11571973333333334,1.1456397333333335,0.046069733333333335,2.5254197333333335,4.015959733333332,8.261899733333333,5.9733333333333326e-05,0.7846397333333333,0.9731097333333333,0.03100973333333333,1.1650397333333333,0.04548973333333333,0.15723973333333333,0.8262197333333332,0.013519733333333334,0.15279973333333333,8.293859733333333,0.058759733333333335,1.1203497333333334,1.1939197333333333,0.26919973333333336,0.16504973333333323,5.9733333333333326e-05,5.9733333333333326e-05,0.09826973333333323,0.09838973333333334,0.36028973333333336,5.9733333333333326e-05,0.08737973333333333,2.5436497333333334,0.0012197333333333333,0.005639733333333333,1.2043697333333334,0.23506973333333334,3.4243597333333335,0.9116297333333333,0.34496973333333336,0.10759973333333334,0.25448973333333336,0.024589733333333332,0.4840897333333333,1.4966697333333334,0.09320973333333334,0.45024973333333335,0.47792973333333333,0.9270897333333333,1.3133497333333335,0.02131973333333333,0.08024973333333334,0.062409733333333335,0.45062973333333334,0.4549397333333334,0.5539997333333333,5.9733333333333326e-05,0.07383973333333334,0.08683973333333334,3.3980097333333332,0.006409733333333334,0.12611973333333332,0.27746973333333336,0.04372973333333333,5.9733333333333326e-05,0.22669973333333332,0.12442973333333333,0.08500973333333334,5.9733333333333326e-05,0.05896973333333333,5.9733333333333326e-05,0.33673973333333335,0.019149733333333332,0.02666973333333333,47.180289733333325
37082_2#31,4.8533333333333325e-05,0.17729853333333334,4.8533333333333325e-05,0.4741485333333333,0.03971853333333333,4.8533333333333325e-05,11.741258533333333,0.13336853333333334,0.6554085333333334,0.19415853333333333,6.507188533333333,4.8533333333333325e-05,5.719108533333334,4.899118533333334,4.8533333333333325e-05,4.8533333333333325e-05,0.24349853333333332,0.0008085333333333333,0.056398533333333334,0.4110185333333332,0.04294853333333334,0.12960853333333333,3.1050885333333333,4.8533333333333325e-05,5.956848533333333,0.02281853333333333,4.8533333333333325e-05,0.002068533333333333,1.9547085333333334,0.016888533333333233,0.0023385333333333334,4.8533333333333325e-05,4.8533333333333325e-05,0.035778533333333334,0.024428533333333332,0.2576685333333333,4.8533333333333325e-05,9.683388533333334,3.6999085333333337,0.20293853333333334,4.8533333333333325e-05,0.06264853333333334,1.3949085333333333,4.8533333333333325e-05,0.012618533333333334,0.032248533333333336,1.0107285333333333,4.8533333333333325e-05,4.8533333333333325e-05,0.011568533333333334,0.004298533333333333,4.8533333333333325e-05,0.005288533333333333,4.8533333333333325e-05,5.6267385333333335,0.00037853333333333334,0.23034853333333333,0.4644585333333333,4.8533333333333325e-05,0.6844785333333333,0.9836385333333333,0.21379853333333323,4.8533333333333325e-05,0.02230853333333333,4.8533333333333325e-05,4.8533333333333325e-05,0.0019985333333333334,0.04287853333333334,0.003808533333333233,0.029538533333333332,4.8533333333333325e-05,0.06978853333333333,4.8533333333333325e-05,0.056538533333333335,32.64394853333332
37082_2#32,4.8533333333333325e-05,4.8533333333333325e-05,4.8533333333333325e-05,1.0456885333333332,4.8533333333333325e-05,4.8533333333333325e-05,6.935148533333333,0.021938533333333333,0.5007385333333333,0.4004585333333333,0.8455385333333334,4.8533333333333325e-05,1.0934385333333334,1.1933985333333332,4.8533333333333325e-05,0.0024285333333333332,0.05452853333333334,4.8533333333333325e-05,0.16514853333333335,0.045548533333333335,4.8533333333333325e-05,0.010958533333333334,2.5353885333333337,0.03896853333333333,0.5958985333333333,0.036138533333333334,4.8533333333333325e-05,0.04050853333333333,0.14505853333333332,4.8533333333333325e-05,0.009738533333333334,4.8533333333333325e-05,4.8533333333333325e-05,0.11353853333333333,4.8533333333333325e-05,0.2752485333333332,0.039928533333333335,5.628218533333333,0.005818533333333333,0.3796185333333333,4.8533333333333325e-05,0.03742853333333333,0.4237685333333332,0.009808533333333334,0.10849853333333334,0.05196853333333323,0.5934985333333332,0.01635853333333333,0.05282853333333334,0.07342853333333334,0.07120853333333334,4.8533333333333325e-05,4.8533333333333325e-05,0.6854685333333332,6.044168533333334,0.009538533333333234,0.07943853333333334,0.23093853333333333,4.8533333333333325e-05,0.10282853333333333,0.4630185333333332,0.23608853333333332,4.8533333333333325e-05,0.09793853333333334,4.8533333333333325e-05,0.06458853333333334,4.8533333333333325e-05,0.03998853333333333,4.8533333333333325e-05,0.01993853333333333,0.15774853333333333,1.3334285333333333,0.014348533333333234,4.8533333333333325e-05,66.82158853333333
37082_2#3,4.611045466666667,1.8617154666666667,1.8406654666666666,0.5700254666666666,7.421695466666667,1.8717654666666665,5.072615466666667,1.7905254666666666,20.921565466666667,0.14418546666666665,3.5466666666666664e-05,0.5886754666666667,0.23193546666666656,0.05441546666666666,0.35273546666666666,3.5466666666666664e-05,0.6562054666666666,0.06003546666666666,10.165275466666667,0.5046754666666666,0.4425854666666666,3.0599654666666667,1.0530954666666665,0.019245466666666666,0.013455466666666667,3.5466666666666664e-05,3.5466666666666664e-05,0.21987546666666666,0.4077354666666666,2.0759954666666665,3.5466666666666664e-05,0.11256546666666667,3.5466666666666664e-05,0.024505466666666666,3.5466666666666664e-05,3.5466666666666664e-05,3.5466666666666664e-05,3.5466666666666664e-05,3.5466666666666664e-05,3.5466666666666664e-05,3.5466666666666664e-05,3.5466666666666664e-05,0.051885466666666664,3.5466666666666664e-05,0.09997546666666667,3.5466666666666664e-05,0.08176546666666666,3.5466666666666664e-05,3.5466666666666664e-05,3.5466666666666664e-05,0.057005466666666664,3.5466666666666664e-05,3.5466666666666664e-05,3.5466666666666664e-05,3.5466666666666664e-05,3.5466666666666664e-05,0.08856546666666666,3.5466666666666664e-05,3.5466666666666664e-05,3.5466666666666664e-05,3.5466666666666664e-05,0.024635466666666567,3.5466666666666664e-05,3.5466666666666664e-05,0.004145466666666667,3.5466666666666664e-05,3.2924754666666667,3.5466666666666664e-05,3.5466666666666664e-05,3.5466666666666664e-05,3.5466666666666664e-05,3.5466666666666664e-05,0.11214546666666667,3.5466666666666664e-05,30.03730546666667
37082_2#5,0.49533573333333336,3.538815733333333,0.7631657333333333,5.272325733333334,2.0383057333333334,0.6662357333333334,3.675875733333333,2.428655733333333,10.691545733333333,1.5137657333333332,13.508975733333333,17.776685733333334,1.5714057333333333,4.294525733333334,0.08229573333333334,0.8661357333333334,6.781305733333334,0.05737573333333333,1.1487857333333333,0.6490457333333334,0.7874157333333333,2.339035733333333,0.7791057333333333,0.12606573333333335,0.12279573333333334,4.573333333333333e-05,0.17161573333333333,1.2277957333333331,0.008955733333333334,0.06788573333333334,4.573333333333333e-05,0.12293573333333324,4.573333333333333e-05,4.573333333333333e-05,4.573333333333333e-05,0.5627057333333334,1.6685157333333331,0.03829573333333333,4.573333333333333e-05,4.573333333333333e-05,0.014215733333333333,0.03681573333333333,0.9422457333333334,4.573333333333333e-05,0.006585733333333233,4.573333333333333e-05,0.14724573333333335,0.18888573333333333,4.573333333333333e-05,4.573333333333333e-05,0.11272573333333334,4.573333333333333e-05,4.573333333333333e-05,4.573333333333333e-05,4.573333333333333e-05,4.573333333333333e-05,0.012135733333333234,4.573333333333333e-05,2.1037157333333334,4.573333333333333e-05,4.573333333333333e-05,0.04254573333333333,4.573333333333333e-05,4.573333333333333e-05,0.008895733333333334,0.15877573333333334,0.015165733333333334,4.573333333333333e-05,0.11266573333333334,4.573333333333333e-05,4.573333333333333e-05,4.573333333333333e-05,0.32596573333333334,4.573333333333333e-05,9.92653573333336
37082_2#6,1.3667448,1.1167348,2.6882748,0.5797648,1.1994247999999998,0.5240848000000001,1.2149047999999998,3.1992148,28.6796948,0.0374148,1.2442148,30.8257648,0.3420148,1.3355747999999998,4.48e-05,1.9982048,1.1228647999999999,0.3237148,0.7675248,0.1684448,0.6633048,0.7634448,0.9230848,0.0331548,0.004644799999999999,0.0116948,1.1841948,0.4122848,0.0232048,0.3609348,0.0026647999999999,4.48e-05,4.48e-05,4.48e-05,4.48e-05,1.4379848,0.0084848,4.48e-05,4.48e-05,4.48e-05,0.0249648,0.007924800000000001,0.4931848,4.48e-05,0.2594648,4.48e-05,0.3211447999999999,0.036884799999999995,0.013714800000000001,4.48e-05,0.6195148,4.48e-05,4.48e-05,4.48e-05,4.48e-05,0.0113848,4.48e-05,4.48e-05,1.3209347999999999,4.48e-05,4.48e-05,0.08736479999999999,4.48e-05,4.48e-05,0.0997448,1.2474748,4.48e-05,4.48e-05,0.8326148,4.48e-05,4.48e-05,4.48e-05,1.2592648,4.48e-05,8.79954479999999
37082_2#7,2.5199999999999996e-05,2.5199999999999996e-05,2.5199999999999996e-05,0.8199352,2.5199999999999996e-05,0.06298519999999991,7.5734352,2.5199999999999996e-05,4.6351852,0.4468252,5.303005199999999,27.8362252,9.5649052,5.096315199999999,2.5199999999999996e-05,0.0589552,20.7645252,2.5199999999999996e-05,0.1582052,2.5199999999999996e-05,2.5199999999999996e-05,4.052375199999999,2.5199999999999996e-05,0.5385852000000001,0.0884052,2.5199999999999996e-05,2.5199999999999996e-05,0.3893152,0.2967452,0.0022852000000000003,2.5199999999999996e-05,0.0012052,2.5199999999999996e-05,2.5199999999999996e-05,2.5199999999999996e-05,2.5199999999999996e-05,0.0127352,2.5199999999999996e-05,2.5199999999999996e-05,2.5199999999999996e-05,0.1088252,2.5199999999999996e-05,0.7332752,2.5199999999999996e-05,2.5199999999999996e-05,2.5199999999999996e-05,0.1874052,2.5199999999999996e-05,2.5199999999999996e-05,2.5199999999999996e-05,0.0288152,2.5199999999999996e-05,2.5199999999999996e-05,2.5199999999999996e-05,2.5199999999999996e-05,2.5199999999999996e-05,2.5199999999999996e-05,2.5199999999999996e-05,2.5199999999999996e-05,2.5199999999999996e-05,2.5199999999999996e-05,2.5199999999999996e-05,2.5199999999999996e-05,0.0045752,0.032415200000000005,2.5199999999999996e-05,2.5199999999999996e-05,2.5199999999999996e-05,2.5199999999999996e-05,2.5199999999999996e-05,2.5199999999999996e-05,2.5199999999999996e-05,2.5199999999999996e-05,2.5199999999999996e-05,11.201325200000019
37082_2#8,0.16495693333333333,0.011616933333333333,0.3321869333333333,0.4872569333333333,1.5391769333333334,0.13742693333333333,0.5120869333333333,1.2156869333333333,0.3118069333333333,0.08442693333333333,0.36712693333333335,0.015646933333333335,1.3033169333333334,0.6755869333333333,0.10610693333333333,0.050586933333333334,1.4891269333333332,5.6933333333333326e-05,0.029536933333333334,0.0037869333333333333,0.05981693333333323,1.2616969333333334,0.13914693333333322,5.6933333333333326e-05,0.022966933333333335,0.016166933333333335,0.14583693333333334,0.7636469333333333,0.019216933333333335,5.6933333333333326e-05,0.009226933333333333,0.3130969333333333,0.005096933333333334,5.6933333333333326e-05,0.011886933333333334,1.4020069333333334,5.7385269333333335,5.6933333333333326e-05,5.6933333333333326e-05,5.6933333333333326e-05,0.16487693333333334,0.39631693333333334,0.004856933333333334,0.04097693333333333,0.002266933333333333,0.8143569333333333,0.009876933333333332,3.9967769333333334,0.8247269333333332,5.6933333333333326e-05,0.09599693333333333,5.6933333333333326e-05,0.020816933333333336,0.31671693333333334,5.6933333333333326e-05,0.7458169333333333,0.04140693333333333,0.021346933333333335,5.6933333333333326e-05,9.221236933333333,5.6933333333333326e-05,0.14865693333333332,0.007586933333333334,0.002426933333333333,0.15607693333333333,0.026036933333333335,0.6491869333333333,0.026726933333333234,0.15214693333333332,0.00033693333333333336,0.06895693333333333,5.6933333333333326e-05,0.6282869333333333,5.6933333333333326e-05,62.66861693333333
37082_2#9,1.4329832,0.6036632,0.8004032,0.1874032,0.2487632,5.319999999999999e-05,0.1448931999999999,1.3112332,3.4681132000000003,0.0058132,0.25194320000000003,5.319999999999999e-05,5.319999999999999e-05,1.3085432,0.0065232,0.18128319999999998,0.7556531999999999,0.0045731999999999,0.031833200000000006,5.319999999999999e-05,0.0597332,0.5590132,0.0283932,0.0119032,0.0443532,0.011483199999999999,1.1015131999999999,0.045993200000000005,0.14318319999999998,5.319999999999999e-05,0.1272332,0.0067532,5.319999999999999e-05,5.319999999999999e-05,5.319999999999999e-05,2.0683632,5.319999999999999e-05,5.319999999999999e-05,0.2707832,5.319999999999999e-05,0.0210032,0.42029320000000003,0.0328632,5.319999999999999e-05,1.0117132,5.319999999999999e-05,0.27131320000000003,0.0524632,5.319999999999999e-05,5.319999999999999e-05,1.5521832,0.0250332,0.00030320000000000005,0.3851932,0.1145632,0.0333432,0.0057432,5.319999999999999e-05,5.319999999999999e-05,0.7612432,5.319999999999999e-05,0.15642319999999998,0.1104132,0.0085832,0.0039932,0.7210331999999999,1.1413332,0.12666319999999998,1.3572832,0.0379332,0.041253200000000004,0.8060031999999999,0.47236320000000004,0.013873199999999999,75.0923132
37082_3#10,5.506666666666666e-05,1.3580750666666668,5.506666666666666e-05,0.18784506666666667,5.506666666666666e-05,5.506666666666666e-05,1.0809550666666667,0.5259950666666667,7.872835066666666,5.506666666666666e-05,0.4026050666666666,0.006415066666666667,0.10240506666666667,0.35019506666666655,5.506666666666666e-05,0.08390506666666667,0.020995066666666666,0.003005066666666667,0.23264506666666657,0.10299506666666657,5.506666666666666e-05,0.06384506666666667,1.3280750666666667,5.506666666666666e-05,0.18005506666666668,5.506666666666666e-05,5.506666666666666e-05,0.044955066666666564,0.22159506666666667,5.506666666666666e-05,0.012535066666666667,0.040275066666666665,0.0028250666666665668,0.08709506666666668,0.010805066666666667,0.19149506666666657,0.14780506666666668,2.3426550666666666,0.0007950666666666666,0.09698506666666658,5.506666666666666e-05,0.09842506666666667,0.7132650666666667,0.11279506666666667,0.5394150666666666,0.029305066666666664,0.6565850666666666,0.004235066666666667,0.15233506666666669,0.025465066666666664,0.15397506666666666,5.506666666666666e-05,0.09774506666666667,1.3208950666666668,1.3943550666666669,0.04747506666666666,0.04003506666666667,0.19134506666666667,5.506666666666666e-05,1.407855066666667,0.21100506666666657,0.25861506666666667,0.3348350666666666,0.04957506666666656,5.506666666666666e-05,0.48057506666666655,1.7420950666666666,0.13380506666666667,0.7787350666666667,0.06433506666666668,0.021665066666666667,5.626915066666667,5.506666666666666e-05,0.010705066666666667,66.19808506666668
37082_3#11,4.759999999999999e-05,5.4362976,4.759999999999999e-05,0.6625676,0.0446276,0.08353759999999999,2.9333375999999998,0.2620776,1.3281576,0.0069075999999999,3.7418576,2.0080576,0.6850576,3.0560075999999996,4.759999999999999e-05,0.015407599999999999,1.9624176,4.759999999999999e-05,1.1799176,10.5060776,1.4946776,0.6532376000000001,1.7565976,4.759999999999999e-05,0.1255375999999999,4.759999999999999e-05,4.759999999999999e-05,0.48251759999999994,2.2588576,4.759999999999999e-05,4.759999999999999e-05,4.759999999999999e-05,0.0105276,4.759999999999999e-05,4.759999999999999e-05,0.2741576,4.759999999999999e-05,2.0358975999999998,4.759999999999999e-05,2.0850975999999997,0.08995759999999989,0.07157759999999999,0.5193876000000001,0.2308476,0.1316176,4.759999999999999e-05,4.8723376,4.759999999999999e-05,4.759999999999999e-05,0.016207600000000003,4.759999999999999e-05,0.1613976,4.759999999999999e-05,0.4259276,4.759999999999999e-05,0.1798776,0.0015576000000000001,0.1627976,2.4799475999999996,2.3711676,0.0731276,0.3810676,0.1728176,4.759999999999999e-05,4.759999999999999e-05,0.0308876,0.9137176,0.1334776,0.0064576,0.12026759999999999,4.759999999999999e-05,4.8956876000000005,1.0354976,4.759999999999999e-05,35.431827600000005
37082_3#12,0.008480666666666666,6.066666666666666e-05,6.066666666666666e-05,0.37230066666666667,1.6300306666666666,0.11959066666666666,1.7237406666666666,16.131910666666666,16.498730666666663,0.009530666666666666,0.5792506666666667,0.7792906666666667,0.5465806666666666,2.0266206666666666,0.34760066666666667,0.16274066666666667,1.0397606666666668,0.9342206666666667,0.2645706666666667,2.441910666666667,0.14017066666666667,2.0464906666666667,1.1822806666666668,0.7035906666666667,0.046260666666666665,0.010160666666666667,6.066666666666666e-05,0.4282706666666667,6.066666666666666e-05,0.2841606666666667,0.09292066666666667,0.014590666666666667,0.6604206666666668,0.0012506666666666666,0.018930666666666665,2.097890666666667,0.050720666666666664,1.5967906666666667,1.3491306666666667,0.4095806666666667,0.08413066666666656,0.5808306666666666,0.02924066666666667,0.24520066666666657,6.066666666666666e-05,0.03374066666666667,1.2278806666666666,6.066666666666666e-05,0.019820666666666667,0.19197066666666657,0.014810666666666566,6.066666666666666e-05,0.19662066666666667,0.4464606666666667,0.2610606666666666,0.18102066666666666,6.066666666666666e-05,0.009040666666666667,0.09399066666666667,0.3974306666666667,0.20875066666666667,0.21987066666666666,0.08990066666666667,0.07141066666666666,0.08204066666666666,0.30003066666666667,0.05738066666666666,0.15654066666666666,6.066666666666666e-05,0.015080666666666666,6.066666666666666e-05,1.2085306666666666,0.18248066666666668,0.3232006666666667,36.32045066666663
37082_3#13,5.6933333333333326e-05,0.22699693333333332,0.2594669333333333,0.03960693333333323,0.21000693333333323,0.24168693333333333,4.091936933333333,0.14525693333333334,7.917856933333333,0.20583693333333333,1.1984669333333333,0.6597169333333334,0.7374569333333333,1.1898069333333334,5.6933333333333326e-05,0.12799693333333323,1.6166869333333334,0.0053369333333333335,0.6270769333333333,0.35069693333333324,0.07820693333333333,0.8829569333333334,0.07086693333333333,5.6933333333333326e-05,1.4119469333333334,5.6933333333333326e-05,0.16482693333333331,0.19074693333333323,0.25293693333333334,5.6933333333333326e-05,0.004416933333333334,0.07411693333333333,5.6933333333333326e-05,0.4008869333333333,0.024806933333333333,0.7575669333333334,5.6933333333333326e-05,6.581236933333333,1.5401669333333334,0.30600693333333323,0.018376933333333335,0.46131693333333335,0.027086933333333334,5.6933333333333326e-05,0.22813693333333332,0.07868693333333333,0.5893969333333333,5.6933333333333326e-05,1.2716169333333334,0.23986693333333334,5.6933333333333326e-05,0.027536933333333336,0.07090693333333332,0.6948169333333334,0.7138369333333333,5.6933333333333326e-05,0.045716933333333334,0.14601693333333332,5.6933333333333326e-05,0.9569669333333334,0.4161069333333333,0.3373869333333333,0.004456933333333334,0.010526933333333334,0.11511693333333332,0.19466693333333332,0.07382693333333333,0.22987693333333334,5.6933333333333326e-05,0.056596933333333335,3.8153269333333335,16.080116933333333,0.4220869333333333,5.6933333333333326e-05,40.07923693333334
37082_3#14,0.08399946666666666,5.175739466666667,0.030359466666666668,0.018879466666666667,0.11242946666666666,0.07081946666666666,10.968949466666666,0.19976946666666667,13.211179466666666,4.946666666666666e-05,3.0247594666666666,4.946666666666666e-05,7.225169466666666,0.6176794666666667,4.946666666666666e-05,0.6700094666666667,0.7885394666666667,2.718749466666667,0.07683946666666666,0.15775946666666668,0.03407946666666666,0.09133946666666666,0.11446946666666666,0.010239466666666667,0.040589466666666664,4.946666666666666e-05,0.013989466666666667,3.281209466666667,0.5181394666666668,0.016299466666666568,4.946666666666666e-05,4.946666666666666e-05,4.946666666666666e-05,0.2216294666666667,4.946666666666666e-05,0.37767946666666663,4.946666666666666e-05,0.13577946666666668,4.946666666666666e-05,4.946666666666666e-05,4.946666666666666e-05,0.6285894666666667,0.015969466666666668,4.946666666666666e-05,3.780579466666667,4.946666666666666e-05,0.061779466666666664,0.03234946666666656,4.946666666666666e-05,0.06476946666666666,0.2074194666666667,0.0020994666666666667,0.0035794666666666666,0.08961946666666666,0.12433946666666656,0.05801946666666656,0.006759466666666666,0.07121946666666666,0.5152994666666667,4.946666666666666e-05,0.21748946666666658,0.011059466666666667,4.946666666666666e-05,0.010559466666666567,0.04615946666666666,0.18128946666666668,0.010919466666666667,0.17692946666666667,0.018219466666666666,4.946666666666666e-05,4.946666666666666e-05,4.946666666666666e-05,4.946666666666666e-05,4.946666666666666e-05,43.65681946666667
37082_3#15,6.159999999999999e-05,0.0175115999999999,6.159999999999999e-05,0.4073016,0.0535616,0.0158716,3.3096516,0.4753716,1.0645516,6.159999999999999e-05,0.9054916,0.0566416,0.0729416,1.1290216,0.0410615999999999,0.0617116,2.7802016,0.0292916,1.0149716,0.13768160000000002,0.0016316,0.0565916,1.2578516,6.159999999999999e-05,0.3401316,6.159999999999999e-05,0.0142416,0.0015816,0.6019716,6.159999999999999e-05,0.0600016,0.0028916,0.034991600000000005,0.1853716,0.0824916,1.9769615999999999,0.1640116,5.005191600000001,1.0969516,0.44019159999999996,6.159999999999999e-05,0.1990215999999999,0.1346716,0.0031416,0.026191600000000002,0.2683216,0.7394416,0.16213160000000001,0.23737160000000002,0.0027716,0.4997116,6.159999999999999e-05,0.11322159999999999,0.1277016,0.4647716,0.0516516,0.8036916,0.2749416,0.0014115999999999,1.9391316,0.41317159999999997,0.2775916,0.0085816,0.0129016,0.027721600000000002,0.030121600000000002,0.0078216,0.021341600000000002,0.018951600000000002,0.16133160000000002,6.159999999999999e-05,12.2430016,0.0222416,0.0025916,57.80688159999998
37082_3#17,4.573333333333333e-05,0.018335733333333232,4.573333333333333e-05,1.0367257333333333,0.03192573333333333,0.04075573333333333,1.3776457333333334,1.3988457333333333,0.5194857333333334,4.573333333333333e-05,0.5328557333333334,0.9481857333333333,0.21852573333333333,0.5132157333333333,0.019035733333333332,0.0003357333333333334,3.468965733333333,0.04329573333333333,1.2126457333333331,6.3761057333333335,11.848525733333332,0.46839573333333334,2.6658957333333335,4.573333333333333e-05,0.09244573333333334,4.573333333333333e-05,4.573333333333333e-05,4.573333333333333e-05,0.03837573333333333,4.573333333333333e-05,4.573333333333333e-05,4.573333333333333e-05,0.16774573333333334,0.20555573333333335,4.573333333333333e-05,0.9892457333333333,0.16072573333333334,1.3536957333333333,1.2310857333333332,0.27605573333333333,4.573333333333333e-05,4.573333333333333e-05,0.04695573333333333,0.02477573333333333,4.573333333333333e-05,0.10767573333333334,1.9842057333333332,4.573333333333333e-05,0.06098573333333333,4.573333333333333e-05,4.573333333333333e-05,4.573333333333333e-05,0.04076573333333333,4.573333333333333e-05,0.5679857333333334,4.573333333333333e-05,0.11431573333333334,0.10542573333333334,0.005495733333333333,1.6685557333333332,0.09009573333333334,0.19043573333333333,0.14544573333333333,0.12082573333333334,4.573333333333333e-05,4.573333333333333e-05,0.13127573333333334,0.21014573333333325,4.573333333333333e-05,0.09158573333333334,4.573333333333333e-05,4.573333333333333e-05,4.573333333333333e-05,2.2300057333333334,54.80721573333334
37082_3#19,5.786666666666666e-05,3.308987866666667,5.786666666666666e-05,0.3848378666666667,0.009217866666666666,5.786666666666666e-05,0.6592378666666666,0.10879786666666658,1.4663978666666666,0.010987866666666665,0.5646078666666666,0.030717866666666666,0.06175786666666667,0.6537078666666666,0.007927866666666665,0.10374786666666656,0.17353786666666668,0.007867866666666666,0.22036786666666666,0.0019878666666666668,0.014897866666666666,0.13808786666666667,0.48436786666666665,5.786666666666666e-05,0.40543786666666665,5.786666666666666e-05,0.0017578666666665666,0.0014778666666666667,0.22823786666666668,5.786666666666666e-05,5.786666666666666e-05,0.004857866666666667,5.786666666666666e-05,0.060187866666666666,0.11925786666666667,0.5931978666666666,5.786666666666666e-05,0.7057278666666665,0.7598478666666667,0.7786778666666666,0.011377866666666667,0.08460786666666667,0.18142786666666666,0.013577866666666666,0.09141786666666667,5.786666666666666e-05,0.06333786666666667,0.42226786666666666,0.04103786666666667,0.17815786666666666,0.03877786666666667,5.786666666666666e-05,0.0004478666666665667,0.17409786666666666,0.32430786666666667,0.04477786666666657,0.10495786666666666,0.06284786666666667,0.011867866666666666,0.7057378666666666,0.09975786666666667,0.23843786666666666,0.0021378666666666667,0.05872786666666667,5.786666666666666e-05,0.009617866666666666,0.0006778666666666666,0.24836786666666666,5.786666666666666e-05,0.027887866666666667,0.0014378666666666666,21.69001786666667,0.029367866666666666,0.08295786666666667,62.884107866666646
37082_3#1,4.946666666666666e-05,0.2088594666666667,4.946666666666666e-05,1.6270094666666666,4.946666666666666e-05,4.946666666666666e-05,7.528079466666667,0.010489466666666667,12.747739466666665,0.020799466666666568,1.1703494666666665,1.5672194666666666,0.0061494666666666664,4.441219466666667,4.946666666666666e-05,0.020339466666666667,2.109619466666667,4.946666666666666e-05,0.20617946666666667,0.8290794666666667,4.946666666666666e-05,0.044129466666666665,0.2883594666666667,4.946666666666666e-05,1.1330394666666666,0.025309466666666666,4.946666666666666e-05,0.009079466666666668,0.3637394666666666,4.946666666666666e-05,0.018369466666666667,4.946666666666666e-05,0.0038794666666666666,0.014669466666666667,0.040429466666666664,0.30381946666666665,4.946666666666666e-05,3.029919466666667,11.139129466666667,0.6871094666666667,4.946666666666666e-05,0.13208946666666657,0.43792946666666666,4.946666666666666e-05,4.946666666666666e-05,0.022049466666666667,0.28868946666666656,1.2172594666666665,0.0023894666666666666,0.10608946666666666,4.946666666666666e-05,4.946666666666666e-05,0.0032594666666666667,0.30810946666666666,0.8436894666666668,0.41039946666666666,0.24026946666666668,0.19555946666666668,4.946666666666666e-05,0.2672694666666667,0.23344946666666658,0.05081946666666656,4.946666666666666e-05,0.05329946666666666,0.009809466666666667,4.946666666666666e-05,4.946666666666666e-05,0.09009946666666667,0.0014794666666666668,0.008089466666666666,0.13924946666666668,2.9131994666666667,0.17911946666666667,4.946666666666666e-05,42.25112946666667
37082_3#20,3.266666666666666e-05,5.590752666666667,3.266666666666666e-05,0.24181266666666668,0.14639266666666667,0.11193266666666667,1.3448026666666668,0.0018526666666665668,0.013792666666666667,0.23799266666666666,2.7032526666666667,0.005672666666666666,0.06967266666666666,1.1968226666666668,3.266666666666666e-05,3.266666666666666e-05,0.4515726666666667,3.266666666666666e-05,0.18882266666666667,6.499202666666667,0.007092666666666666,0.011532666666666667,1.4310526666666668,3.266666666666666e-05,0.5855526666666666,3.266666666666666e-05,3.266666666666666e-05,3.266666666666666e-05,3.266666666666666e-05,3.266666666666666e-05,3.266666666666666e-05,0.005572666666666667,0.010802666666666667,0.05945266666666656,3.266666666666666e-05,0.004912666666666667,3.266666666666666e-05,11.354792666666667,25.133582666666666,1.1832326666666668,3.266666666666666e-05,3.266666666666666e-05,3.266666666666666e-05,3.266666666666666e-05,3.266666666666666e-05,3.266666666666666e-05,0.6154626666666667,3.266666666666666e-05,0.043852666666666665,3.266666666666666e-05,3.266666666666666e-05,3.266666666666666e-05,3.266666666666666e-05,3.266666666666666e-05,0.9466626666666667,3.266666666666666e-05,0.5183326666666667,0.16379266666666667,3.266666666666666e-05,0.004332666666666666,0.4327126666666667,0.014102666666666666,3.266666666666666e-05,3.266666666666666e-05,3.266666666666666e-05,3.266666666666666e-05,3.266666666666666e-05,3.266666666666666e-05,3.266666666666666e-05,3.266666666666666e-05,3.266666666666666e-05,3.266666666666666e-05,3.266666666666666e-05,3.266666666666666e-05,38.667512666666674
37082_3#21,0.0191087999999999,0.27132880000000004,5.879999999999999e-05,0.09941879999999989,0.0290787999999999,0.059218799999999995,5.6726788,0.013688800000000001,7.1591688,0.0308488,2.8296888,0.0411488,0.0028688000000000003,4.8562788,0.2864488,0.08379879999999999,1.2004188,0.1616388,0.3625688,0.0530488,0.1565688,0.9074288,1.1280687999999999,5.879999999999999e-05,1.2122988,0.0810988,5.879999999999999e-05,0.035078799999999896,0.4064988,5.879999999999999e-05,0.2570587999999999,5.879999999999999e-05,0.0122588,0.0066888,0.0126788,3.1026488000000003,0.0364988,0.6395988,5.2296888,6.3795288,5.879999999999999e-05,0.4645688,0.22451880000000002,5.879999999999999e-05,0.3562688,0.0244488,0.0073187999999999994,1.0416287999999998,5.879999999999999e-05,0.1546788,1.7898788,0.0315188,5.879999999999999e-05,1.1330988,0.6520888,0.0217888,0.047008799999999996,0.0445488,5.879999999999999e-05,0.8909187999999999,0.2993288,0.1121788,0.0531088,0.009728800000000001,5.879999999999999e-05,0.0329488,0.0131988,0.4364788,0.19873880000000002,0.0278588,0.3651088,3.0808288,5.879999999999999e-05,0.7305088,44.9188588
37082_3#22,4.573333333333333e-05,0.23133573333333324,4.573333333333333e-05,0.05085573333333333,0.04180573333333333,4.573333333333333e-05,0.9139957333333334,0.013365733333333334,0.5981957333333333,0.0015857333333333334,0.6544657333333334,0.09054573333333334,0.17741573333333333,0.41445573333333335,4.573333333333333e-05,4.573333333333333e-05,0.3346057333333333,0.06756573333333334,0.12138573333333325,0.2575657333333333,2.681485733333333,0.07235573333333334,3.8600157333333334,0.008405733333333333,0.37392573333333334,4.573333333333333e-05,4.573333333333333e-05,2.356385733333333,0.22124573333333333,4.573333333333333e-05,4.573333333333333e-05,0.08086573333333334,0.0005257333333333334,0.07415573333333333,0.015075733333333334,0.21313573333333333,4.573333333333333e-05,1.5159157333333333,1.0637157333333331,0.07772573333333334,4.573333333333333e-05,4.573333333333333e-05,0.01934573333333333,4.573333333333333e-05,4.573333333333333e-05,0.052505733333333235,0.11558573333333323,4.573333333333333e-05,0.16057573333333333,4.573333333333333e-05,0.0038157333333332334,4.573333333333333e-05,4.573333333333333e-05,0.004725733333333333,0.37787573333333335,0.013435733333333333,0.005625733333333333,0.06571573333333323,4.573333333333333e-05,0.09225573333333334,0.2578457333333333,0.01812573333333333,4.573333333333333e-05,0.0004957333333333333,4.573333333333333e-05,4.573333333333333e-05,4.573333333333333e-05,4.573333333333333e-05,0.00012573333333333332,0.004835733333333333,4.573333333333333e-05,0.4968657333333332,4.573333333333333e-05,0.030265733333333232,81.69470573333332
37082_3#23,5.506666666666666e-05,4.693795066666667,5.506666666666666e-05,5.329845066666667,0.31281506666666664,0.015275066666666667,6.117785066666666,0.3287850666666666,6.342955066666666,0.10205506666666667,1.9733950666666669,0.15371506666666668,0.09691506666666667,1.9359650666666668,0.18891506666666666,0.029175066666666565,1.4253050666666667,0.46817506666666653,0.8433450666666666,0.6288750666666666,5.506666666666666e-05,0.037515066666666666,4.1548750666666665,0.011965066666666666,0.2995850666666666,5.506666666666666e-05,5.506666666666666e-05,0.17160506666666667,0.09790506666666667,0.003935066666666667,5.506666666666666e-05,0.13356506666666668,5.506666666666666e-05,0.14033506666666667,0.04128506666666667,1.1486550666666668,0.017515066666666666,12.210955066666667,18.646085066666668,0.059155066666666666,0.05837506666666666,0.07429506666666667,0.010205066666666667,5.506666666666666e-05,0.016155066666666665,0.058745066666666665,1.8165050666666667,5.506666666666666e-05,0.19816506666666667,0.06377506666666667,0.03935506666666667,5.506666666666666e-05,0.013545066666666666,0.07332506666666667,0.8665350666666667,0.33384506666666663,0.0074450666666666665,0.25722506666666667,5.506666666666666e-05,1.0566550666666668,0.30693506666666664,0.25341506666666663,0.028845066666666665,0.13592506666666668,5.506666666666666e-05,0.008645066666666666,5.506666666666666e-05,0.12552506666666668,5.506666666666666e-05,0.06687506666666657,5.506666666666666e-05,0.9643350666666667,5.506666666666666e-05,0.16271506666666657,24.83972506666667
37082_3#24,5.6933333333333326e-05,0.025126933333333334,5.6933333333333326e-05,0.22456693333333333,0.004116933333333334,0.0008769333333333333,9.500126933333334,0.037106933333333335,4.302326933333333,0.014516933333333332,2.6863569333333337,0.007026933333333334,0.5473269333333333,1.5866769333333333,5.6933333333333326e-05,0.22246693333333334,1.2357969333333334,5.6933333333333326e-05,0.03503693333333333,7.762286933333333,0.8465169333333332,0.025226933333333333,1.0997169333333334,0.037016933333333335,0.6121469333333334,5.6933333333333326e-05,5.6933333333333326e-05,0.6589969333333333,0.27924693333333334,5.6933333333333326e-05,0.012986933333333332,5.6933333333333326e-05,0.003996933333333333,0.19344693333333332,0.007826933333333333,0.5798269333333332,5.6933333333333326e-05,4.712076933333333,0.5826969333333334,0.7171269333333333,5.6933333333333326e-05,0.12054693333333323,0.15668693333333333,0.0015369333333333333,0.007086933333333334,0.022366933333333335,0.17300693333333333,0.06665693333333332,0.049456933333333335,0.04983693333333333,0.014486933333333334,5.6933333333333326e-05,0.0071869333333333335,0.15584693333333333,1.1411469333333333,0.03263693333333333,0.5179969333333334,0.12825693333333332,5.6933333333333326e-05,6.177326933333333,0.06599693333333333,0.05753693333333333,5.6933333333333326e-05,0.05780693333333334,0.010456933333333333,0.05993693333333334,0.09497693333333322,0.031106933333333333,0.039686933333333334,0.007566933333333334,0.010006933333333332,0.18536693333333332,0.024726933333333336,5.6933333333333326e-05,51.97136693333335
37082_3#25,5.1333333333333325e-05,5.1333333333333325e-05,5.1333333333333325e-05,1.4280413333333335,1.0747013333333333,5.1333333333333325e-05,15.251291333333333,0.14080133333333333,10.371151333333332,0.14478133333333335,2.1106413333333336,0.21686133333333332,1.3791613333333335,3.5129213333333333,5.1333333333333325e-05,0.01943133333333333,1.0228013333333335,0.7998513333333334,4.4035313333333335,0.019401333333333333,0.26088133333333335,10.178431333333332,0.24151133333333333,0.026691333333333334,0.21231133333333332,0.24570133333333333,5.1333333333333325e-05,0.14489133333333323,0.32291133333333333,0.06644133333333334,0.03220133333333333,0.12516133333333324,5.1333333333333325e-05,0.03881133333333334,5.1333333333333325e-05,0.7497013333333333,5.1333333333333325e-05,1.6410013333333333,6.454381333333333,0.07824133333333333,0.07803133333333333,0.046261333333333335,4.552301333333333,5.1333333333333325e-05,0.16009133333333334,0.11517133333333333,1.6491913333333332,5.1333333333333325e-05,5.1333333333333325e-05,5.1333333333333325e-05,0.012671333333333333,0.20269133333333333,5.1333333333333325e-05,0.037881333333333336,3.0524313333333333,5.1333333333333325e-05,5.1333333333333325e-05,0.11641133333333323,5.1333333333333325e-05,3.3907813333333334,0.3225713333333333,1.0816413333333335,0.09462133333333334,0.027211333333333334,5.1333333333333325e-05,0.004531333333333333,5.1333333333333325e-05,0.29007133333333335,0.13626133333333323,0.08135133333333333,0.006051333333333333,0.5191513333333334,5.1333333333333325e-05,1.1501013333333334,20.15685133333334
37082_3#26,6.44e-05,0.0005644,6.44e-05,0.4835044,0.0392744,0.0474244,12.1384844,0.0792144,1.3247844,0.0060044,1.3500644000000002,6.44e-05,0.6032544,1.8349444000000001,0.2792143999999999,0.0100144,0.6177544,0.010964400000000001,0.26367440000000003,2.8070543999999997,0.5681944,0.1890543999999999,2.7836344,0.0325344,1.2131344000000002,0.1242144,0.0476244,1.9922844,4.3731844,0.0002944,0.1073244,0.027284399999999997,0.0461744,0.0487944,0.1348744,0.8980944,0.0764743999999999,5.8484444,0.0332344,0.3949144,0.021204399999999998,0.2277844,0.5413243999999999,6.44e-05,0.2513644,0.0421444,0.3070143999999999,0.053934399999999896,0.0005844,0.2148244,0.1281044,0.0240543999999999,0.036584399999999996,0.2931544,1.6930744,0.0447244,0.0784344,0.0817644,0.0507144,0.3560544,0.2339043999999999,0.1932744,0.055934399999999995,0.0386744,6.44e-05,0.0198043999999999,0.6326944,0.2515944,0.5249244,0.0503244,0.0342644,6.44e-05,0.3444144,0.0008043999999999999,52.33619439999998
37082_3#27,5.506666666666666e-05,0.15443506666666668,5.506666666666666e-05,0.7395250666666666,0.04441506666666666,0.033565066666666664,2.2219050666666664,0.040545066666666664,1.9578150666666667,5.506666666666666e-05,0.8014950666666667,0.023015066666666664,0.47765506666666663,0.9234350666666666,0.11258506666666668,5.506666666666666e-05,0.49970506666666664,0.019045066666666666,0.13769506666666667,7.366925066666666,0.19589506666666667,0.26126506666666666,3.110325066666667,5.506666666666666e-05,0.26165506666666655,5.506666666666666e-05,5.506666666666666e-05,5.506666666666666e-05,0.3769050666666666,0.002015066666666667,5.506666666666666e-05,0.06971506666666667,0.014995066666666567,0.12249506666666667,0.036805066666666664,0.6807750666666667,0.007915066666666666,1.6047550666666668,0.5815650666666666,1.7984850666666667,0.005985066666666667,0.031675066666666564,0.7843350666666666,5.506666666666666e-05,0.03706506666666667,0.046805066666666666,0.32655506666666656,0.3049150666666666,0.0017350666666666667,5.506666666666666e-05,0.05558506666666666,5.506666666666666e-05,0.016455066666666664,0.040415066666666666,2.1495650666666664,0.027435066666666664,0.30693506666666664,0.23736506666666668,0.16128506666666667,2.8427750666666665,0.12494506666666658,0.07357506666666667,0.033375066666666564,0.04187506666666666,5.506666666666666e-05,5.506666666666666e-05,0.05998506666666666,0.040185066666666665,0.09462506666666667,0.012325066666666667,5.506666666666666e-05,0.06455506666666667,5.506666666666666e-05,0.15004506666666667,67.24741506666666
37082_3#28,2.7066666666666663e-05,2.7066666666666663e-05,2.7066666666666663e-05,11.217657066666668,0.14203706666666657,2.7066666666666663e-05,7.928547066666667,0.11036706666666667,0.00025706666666666666,1.9893370666666665,0.4575670666666667,2.7066666666666663e-05,1.0597470666666666,0.2700570666666667,2.7066666666666663e-05,2.7066666666666663e-05,0.7413570666666666,2.7066666666666663e-05,2.7066666666666663e-05,36.16997706666667,2.7066666666666663e-05,0.024927066666666668,0.08190706666666667,0.8809170666666667,0.9269270666666666,2.7066666666666663e-05,2.7066666666666663e-05,0.008527066666666666,2.7066666666666663e-05,2.7066666666666663e-05,2.7066666666666663e-05,0.14284706666666666,0.0002970666666665667,0.0034770666666666668,2.7066666666666663e-05,0.15493706666666668,2.7066666666666663e-05,5.786267066666667,0.01772706666666657,2.7066666666666663e-05,2.7066666666666663e-05,2.7066666666666663e-05,0.16439706666666667,2.7066666666666663e-05,2.7066666666666663e-05,2.7066666666666663e-05,0.13705706666666667,2.7066666666666663e-05,2.7066666666666663e-05,2.7066666666666663e-05,2.7066666666666663e-05,2.7066666666666663e-05,2.7066666666666663e-05,2.7066666666666663e-05,0.10535706666666667,2.7066666666666663e-05,2.7066666666666663e-05,0.037347066666666665,2.7066666666666663e-05,2.7066666666666663e-05,0.07161706666666667,2.7066666666666663e-05,2.7066666666666663e-05,2.7066666666666663e-05,0.027497066666666667,2.7066666666666663e-05,2.7066666666666663e-05,2.7066666666666663e-05,2.7066666666666663e-05,2.7066666666666663e-05,2.7066666666666663e-05,2.7066666666666663e-05,2.7066666666666663e-05,2.7066666666666663e-05,31.33981706666667
37082_3#29,5.786666666666666e-05,0.03955786666666667,5.786666666666666e-05,0.15318786666666667,0.016067866666666666,0.014017866666666667,0.6680178666666666,0.0009278666666666666,8.739767866666666,5.786666666666666e-05,1.6719178666666665,0.05673786666666667,5.786666666666666e-05,0.4227378666666667,0.016667866666666666,0.42148786666666666,0.29411786666666667,0.0007378666666666666,0.7216178666666666,0.24154786666666667,0.6912178666666666,0.43077786666666656,0.7111978666666666,5.786666666666666e-05,0.18344786666666657,5.786666666666666e-05,5.786666666666666e-05,0.06979786666666667,0.6105378666666667,5.786666666666666e-05,0.0033078666666666668,5.786666666666666e-05,0.018517866666666667,0.21006786666666666,0.012357866666666667,0.6471878666666666,0.08134786666666667,3.294807866666667,0.07026786666666666,1.5683078666666668,5.786666666666666e-05,0.08444786666666666,0.14563786666666667,0.010207866666666666,0.030947866666666667,0.022517866666666667,0.21281786666666666,0.12875786666666666,0.005317866666666666,0.04657786666666667,0.6597378666666666,5.786666666666666e-05,5.786666666666666e-05,0.31695786666666664,1.6027678666666667,0.018987866666666665,0.24021786666666667,0.2834178666666667,0.19210786666666668,0.9034178666666666,0.31369786666666666,0.5471378666666666,0.05290786666666667,0.017507866666666566,5.786666666666666e-05,0.034807866666666666,0.016297866666666567,0.27201786666666666,0.08894786666666667,0.4107578666666666,0.0010578666666666667,16.683487866666667,0.00041786666666666667,0.0022078666666665667,54.57088786666668
37082_3#2,3.5466666666666664e-05,4.261005466666667,0.008065466666666667,2.155855466666667,0.2567754666666667,0.13045546666666666,11.138345466666667,0.19384546666666666,7.828045466666667,0.9367654666666666,1.0919654666666667,0.042845466666666665,0.4337654666666667,7.566235466666666,3.5466666666666664e-05,3.5466666666666664e-05,3.6681854666666664,8.837125466666668,0.14930546666666666,3.0121854666666668,0.22848546666666655,0.4382654666666667,0.3077454666666667,0.07424546666666666,0.16527546666666657,3.5466666666666664e-05,3.5466666666666664e-05,0.24015546666666665,0.2500054666666667,3.5466666666666664e-05,3.5466666666666664e-05,3.5466666666666664e-05,3.5466666666666664e-05,0.17177546666666665,3.5466666666666664e-05,0.5822854666666666,3.5466666666666664e-05,10.828625466666667,12.066495466666668,3.5466666666666664e-05,3.5466666666666664e-05,3.5466666666666664e-05,1.9018254666666667,3.5466666666666664e-05,0.03821546666666666,3.5466666666666664e-05,0.030165466666666668,3.5466666666666664e-05,3.5466666666666664e-05,0.010045466666666667,3.5466666666666664e-05,3.5466666666666664e-05,3.5466666666666664e-05,3.5466666666666664e-05,3.5466666666666664e-05,3.5466666666666664e-05,0.11918546666666667,0.20346546666666665,15.016965466666667,3.5466666666666664e-05,0.3763754666666666,3.5466666666666664e-05,3.5466666666666664e-05,0.0010454666666666666,3.5466666666666664e-05,3.5466666666666664e-05,3.5466666666666664e-05,3.5466666666666664e-05,3.5466666666666664e-05,3.5466666666666664e-05,3.5466666666666664e-05,3.5466666666666664e-05,3.5466666666666664e-05,3.5466666666666664e-05,5.237265466666671
37082_3#30,0.018987866666666665,1.5659178666666664,5.786666666666666e-05,0.15296786666666667,0.2698278666666667,0.07957786666666666,1.5291778666666667,0.12487786666666667,26.103687866666668,5.786666666666666e-05,0.4286678666666667,0.11347786666666666,0.012747866666666566,1.3775078666666667,0.015197866666666665,0.2698778666666667,0.9088178666666666,0.005807866666666666,1.3635478666666667,5.786666666666666e-05,5.786666666666666e-05,0.6430378666666666,0.5069378666666666,5.786666666666666e-05,0.28753786666666664,5.786666666666666e-05,5.786666666666666e-05,5.786666666666666e-05,0.2795278666666667,5.786666666666666e-05,0.019967866666666667,0.12432786666666668,5.786666666666666e-05,0.28781786666666664,0.009717866666666566,1.1447278666666667,0.08959786666666666,1.2349278666666665,0.22705786666666666,0.5664578666666666,5.786666666666666e-05,0.7327278666666666,0.028807866666666664,0.029267866666666666,0.4066878666666667,0.019067866666666666,0.5428678666666666,0.4321278666666666,0.005097866666666667,0.3530278666666667,4.134567866666667,0.024307866666666567,0.009897866666666566,4.582367866666667,0.6333278666666666,0.15719786666666666,0.07781786666666667,0.05696786666666657,0.011697866666666666,0.24784786666666667,0.15612786666666667,0.29845786666666657,0.023287866666666667,0.03263786666666667,5.786666666666666e-05,1.0096678666666665,0.027967866666666667,0.5432978666666667,0.7095378666666666,0.11093786666666666,0.20868786666666667,10.834317866666666,0.28182786666666665,5.786666666666666e-05,33.514497866666666
37082_3#31,0.1090616,2.2577916,0.1127116,0.2652216,0.11025159999999999,0.2066916,3.1107416,0.41227159999999996,10.6654816,0.0111316,0.4712916,0.3642816,0.0225116,1.2314516,0.0451316,0.2016916,1.0870316,6.159999999999999e-05,0.6479716,6.159999999999999e-05,0.007021599999999999,2.7941916,0.5936516000000001,6.159999999999999e-05,0.20376160000000001,6.159999999999999e-05,0.0073116,0.042491600000000004,0.0320416,0.0171916,0.008481599999999999,0.0313116,6.159999999999999e-05,0.0408616,0.021521600000000002,0.5286116,0.0243516,3.5738616,0.4375716,0.2975816,0.011161599999999999,0.2133316,6.159999999999999e-05,0.045391600000000004,0.2117516,6.159999999999999e-05,0.0997216,6.159999999999999e-05,0.09110159999999999,0.08313159999999989,1.8530216,0.039701600000000004,6.159999999999999e-05,5.6081516,0.6432715999999999,0.28694159999999996,0.0797715999999999,0.1169716,0.28161159999999996,0.2441816,0.08255159999999999,0.2576016,0.0038516,0.011971599999999999,0.0606116,0.1852515999999999,0.0622715999999999,0.2395016,1.1791116000000001,0.005171599999999999,0.35043159999999995,9.6874916,0.0611216,0.08505159999999999,47.82370160000001
37082_3#32,6.268721600000001,0.4391216,0.0436516,0.7092316,0.16488160000000002,0.0840316,1.6969215999999998,1.7550416,3.4523416,0.010391599999999999,0.1712316,0.5149315999999999,0.009501599999999999,0.9874516,0.0023716,0.1438916,0.1570515999999999,0.2097716,0.0637416,6.159999999999999e-05,0.38501159999999995,0.44135159999999996,0.2682516,0.10878159999999999,0.19216160000000002,0.0692416,0.5604815999999999,0.19716160000000002,0.09404159999999999,6.159999999999999e-05,1.1092016,0.0372416,6.159999999999999e-05,0.0193616,6.159999999999999e-05,2.5638815999999998,0.0024416,0.9151815999999999,0.5482916,0.6765516,0.1526316,3.3577616,0.0770616,0.1272316,0.1568015999999999,1.1525215999999998,0.2650516,0.034671600000000004,6.159999999999999e-05,0.5205616,1.6145316,0.0753316,0.06978159999999989,17.3034216,0.2519516,0.0252016,0.027901600000000002,0.050921600000000004,5.266151600000001,6.159999999999999e-05,0.0733916,0.23418160000000002,0.10187159999999999,0.06705159999999999,0.0188516,1.5075116,0.30443159999999997,0.1400316,1.7129916,0.0948816,6.159999999999999e-05,6.159999999999999e-05,0.10957159999999999,6.159999999999999e-05,40.03227160000003
37082_3#3,4.199999999999999e-05,11.452722,4.199999999999999e-05,0.389602,0.161332,4.199999999999999e-05,1.3259420000000002,0.078782,0.2166419999999999,4.199999999999999e-05,2.656342,0.307242,0.048322,0.546482,4.199999999999999e-05,0.028382,1.538262,0.020112,0.609572,13.089001999999999,23.642872,0.104442,3.782892,4.199999999999999e-05,0.221562,4.199999999999999e-05,4.199999999999999e-05,0.008902,0.078122,4.199999999999999e-05,4.199999999999999e-05,4.199999999999999e-05,0.0318419999999999,0.145722,0.020652,1.2953020000000002,4.199999999999999e-05,4.112062,4.396281999999999,1.1281320000000001,4.199999999999999e-05,4.199999999999999e-05,0.012842,4.199999999999999e-05,4.199999999999999e-05,0.058392,0.547552,0.094622,0.00031199999999990003,4.199999999999999e-05,0.015842,4.199999999999999e-05,4.199999999999999e-05,4.199999999999999e-05,0.109962,4.199999999999999e-05,1.117132,0.043782,0.0279619999999999,0.064732,0.194122,0.018782,4.199999999999999e-05,4.199999999999999e-05,4.199999999999999e-05,4.199999999999999e-05,4.199999999999999e-05,4.199999999999999e-05,0.018552,0.017302,4.199999999999999e-05,0.132152,4.199999999999999e-05,4.199999999999999e-05,26.087172000000017
37082_3#4,0.32131346666666666,3.2107634666666667,0.04521346666666656,0.3448734666666667,0.8180734666666667,0.04444346666666667,1.0870834666666667,1.2916534666666668,6.147163466666667,0.03511346666666666,0.35063346666666667,9.174423466666665,0.32680346666666665,0.9271134666666667,0.5290834666666666,0.010923466666666668,0.6823534666666667,0.19459346666666666,0.37309346666666665,6.346666666666666e-05,0.037073466666666666,1.0345134666666669,0.11442346666666657,0.04884346666666666,0.11110346666666657,0.021643466666666666,6.346666666666666e-05,0.40136346666666667,0.18870346666666665,0.0009834666666666666,0.025943466666666668,0.3457634666666666,0.004413466666666667,6.346666666666666e-05,0.008563466666666667,2.6720534666666667,0.5910534666666667,1.1468034666666669,7.760953466666668,6.346666666666666e-05,0.009123466666666667,0.25141346666666664,0.05534346666666667,0.016543466666666666,0.041803466666666664,0.13296346666666667,0.06425346666666666,0.10437346666666666,0.33768346666666665,0.025023466666666667,0.48246346666666656,0.0017234666666666666,0.006163466666666667,0.6191434666666666,0.06643346666666666,0.021533466666666667,0.010563466666666667,0.011963466666666667,0.09158346666666656,7.812693466666667,6.346666666666666e-05,0.06737346666666666,6.346666666666666e-05,0.0014834666666666667,0.010493466666666668,0.15162346666666665,0.045633466666666664,0.038203466666666665,0.23516346666666665,0.012663466666666668,0.002843466666666667,6.346666666666666e-05,0.011183466666666668,0.6158434666666667,48.21534346666668
37082_3#5,9.401229733333333,1.0251797333333335,0.6042697333333333,0.7180197333333334,1.9879797333333333,5.9733333333333326e-05,0.7689597333333332,3.4178997333333334,5.398059733333333,0.026949733333333333,0.8087197333333334,6.267299733333333,5.9733333333333326e-05,1.5467297333333334,1.0830897333333334,0.08030973333333334,0.3368297333333333,5.9733333333333326e-05,0.15217973333333332,5.9733333333333326e-05,0.002489733333333333,0.7251997333333333,0.03846973333333333,0.08139973333333334,0.05599973333333333,0.04087973333333323,0.22183973333333332,0.13081973333333333,0.13506973333333333,5.9733333333333326e-05,0.14303973333333334,0.9277397333333333,5.9733333333333326e-05,5.9733333333333326e-05,0.10188973333333334,2.7295197333333334,0.41580973333333326,1.4433097333333336,24.13366973333333,0.07310973333333334,0.009859733333333334,0.9394997333333333,0.13943973333333332,0.1258097333333333,0.07023973333333335,0.22390973333333322,0.32510973333333326,0.47800973333333335,5.9733333333333326e-05,0.07373973333333333,1.3828597333333335,0.008909733333333334,0.11560973333333334,2.7688797333333337,0.09730973333333334,0.46901973333333336,5.9733333333333326e-05,0.008289733333333334,0.43328973333333337,0.051459733333333334,0.06574973333333334,0.33215973333333326,0.029699733333333332,5.9733333333333326e-05,0.12448973333333334,1.1949897333333335,0.04350973333333323,0.12323973333333334,1.8411597333333334,0.06340973333333334,0.16456973333333333,2.8977797333333335,5.9733333333333326e-05,0.016219733333333333,20.357159733333333
37082_3#6,0.0091504,6.3932503999999994,5.039999999999999e-05,0.0343904,2.8317104,0.21085039999999988,8.9682004,21.1986104,4.456210400000001,0.4335904,1.5805404,1.4108204000000002,4.5800504,4.5197304,0.2832204,5.039999999999999e-05,2.6015904,0.2663404,1.0743204000000002,0.3762404,0.0521704,3.9010104,1.1003504000000002,0.0167304,1.0023304000000002,5.039999999999999e-05,0.0318904,0.1292903999999999,0.0382604,0.021970399999999998,0.0383304,0.0393304,5.039999999999999e-05,5.039999999999999e-05,0.2378204,2.1369704,0.3451304,5.4656503999999995,9.3558504,0.4877004,5.039999999999999e-05,0.8632204,0.1346704,0.0030203999999999,5.039999999999999e-05,0.1791903999999999,0.8668004,0.27127039999999997,0.2503704,0.030640399999999998,5.039999999999999e-05,5.039999999999999e-05,5.039999999999999e-05,0.0045604,0.8579304,0.027510399999999997,5.039999999999999e-05,0.012820400000000001,5.039999999999999e-05,0.0059204,0.31884039999999997,0.22594039999999999,5.039999999999999e-05,5.039999999999999e-05,5.039999999999999e-05,5.039999999999999e-05,5.039999999999999e-05,5.039999999999999e-05,5.039999999999999e-05,0.4185703999999999,5.039999999999999e-05,0.0096904,5.039999999999999e-05,0.0522004,9.836170399999988
37082_3#7,6.159999999999999e-05,0.2527316,6.159999999999999e-05,0.0355516,0.0009416,0.0083716,1.0274916,0.3904716,0.48244159999999997,6.159999999999999e-05,0.1870516,0.5027115999999999,0.0396216,0.2220316,6.159999999999999e-05,0.07098159999999999,0.1092716,0.0103215999999999,0.2550416,6.159999999999999e-05,6.159999999999999e-05,0.35687159999999996,0.0653416,0.2648116,0.016231600000000002,6.159999999999999e-05,6.159999999999999e-05,5.4353116,0.015891600000000002,0.010221599999999999,0.0092616,0.015901600000000002,0.0155615999999999,0.007051599999999899,0.0243616,1.9446516,0.0596215999999999,0.7065815999999999,0.2919716,0.2000016,0.0254916,1.9190016,0.1000716,0.9575216,0.2722115999999999,0.013121599999999999,0.0415916,0.07232159999999989,0.2945016,0.13069160000000002,0.5552716,0.015591599999999999,0.1804116,4.2451616,0.19716160000000002,0.0763816,0.0151516,0.0177116,0.0303916,0.9702916,0.0206216,0.3230516,0.07202159999999999,0.0464616,6.159999999999999e-05,0.6507016,0.0383916,0.0569116,1.5424416,0.0682916,0.0488216,5.5760516,0.2851916,0.010441599999999999,68.0953116
37082_3#8,6.346666666666666e-05,0.12993346666666666,6.346666666666666e-05,0.12847346666666656,0.07258346666666667,6.346666666666666e-05,2.2912934666666667,3.3434534666666664,0.8209534666666667,0.04927346666666666,0.39851346666666665,0.23827346666666666,0.16075346666666665,0.46234346666666665,0.009883466666666667,0.5026434666666667,0.7669434666666667,0.057033466666666664,0.8685734666666666,0.08249346666666667,6.346666666666666e-05,1.3560434666666668,0.17376346666666667,0.39225346666666666,0.11461346666666666,0.008453466666666567,0.00024346666666666668,2.4185834666666666,0.18808346666666667,0.014253466666666667,0.11743346666666667,1.002763466666667,0.021563466666666666,6.346666666666666e-05,0.28131346666666657,3.7099334666666666,0.002013466666666667,0.9443234666666667,1.5808234666666667,0.055793466666666666,0.043413466666666664,1.3229634666666668,0.03552346666666666,0.5803134666666666,1.7654534666666666,0.24482346666666666,0.2627834666666667,1.8401734666666667,0.023413466666666667,0.46343346666666657,3.8863034666666665,0.5511634666666666,0.6537734666666667,9.859193466666666,0.3673034666666666,0.07948346666666656,6.346666666666666e-05,0.026303466666666667,0.2959234666666667,0.46019346666666666,0.10419346666666666,0.7880434666666667,0.18352346666666666,0.025773466666666668,6.346666666666666e-05,0.49909346666666665,1.9397034666666668,0.21305346666666666,0.5759034666666667,0.019273466666666666,0.8143934666666667,1.6289134666666667,0.009393466666666668,0.009633466666666667,47.661053466666665
37082_3#9,5.599999999999999e-05,14.696456,5.599999999999999e-05,0.440316,0.105706,0.077876,4.339176,0.20083600000000001,3.464226,0.055526,3.709376,0.14985600000000002,0.9628960000000001,3.110216,0.25335599999999997,0.074136,1.375186,0.098046,0.5969960000000001,14.672826,3.691926,1.957316,3.088276,5.599999999999999e-05,0.9898560000000001,0.0029159999999999998,5.599999999999999e-05,0.7401760000000001,0.481386,0.150096,0.015516,0.020826,0.0076659999999998995,0.340466,0.047086,1.835706,0.007876,4.756286,5.1532160000000005,0.784166,5.599999999999999e-05,0.20294600000000002,0.326406,5.599999999999999e-05,0.0043159999999999995,0.106276,0.644796,0.109136,0.398966,5.599999999999999e-05,0.070826,5.599999999999999e-05,0.008686,0.048436,1.6974760000000002,5.599999999999999e-05,0.4605259999999999,0.274036,0.019436,3.0185259999999996,0.310616,0.14406599999999992,0.0589159999999999,5.599999999999999e-05,5.599999999999999e-05,5.599999999999999e-05,5.599999999999999e-05,0.216236,0.002996,0.096416,0.015786,5.599999999999999e-05,5.599999999999999e-05,0.26966599999999996,19.039905999999974
