,Bacteroides,Bifidobacterium,Phocaeicola,Fusicatenibacter,Roseburia,Hominilimicola,Blautia,Faecalibacterium,GGB4605,Ruminococcus,Anaerostipes,Collinsella,Agathobacter,Alistipes,GGB3612,Faecalibacillus,Dorea,Simiaoa,Hominenteromicrobium,Mediterraneibacter,Waltera,Parabacteroides,Candidatus Cibionibacter,Streptococcus,Escherichia,Coprococcus,Clostridium,Agathobaculum,Anaerobutyricum,Anaerotignum,Phascolarctobacterium,Eubacterium,Lentihominibacter,Gallintestinimicrobium,Dysosmobacter,Lachnospira,Veillonella,Haemophilus,Intestinibacter,GGB51491,Prevotella,Segatella,GGB4585,GGB4266,GGB3345,Holdemanella,Catenibacterium,Paratractidigestivibacter,Anthropogastromicrobium,Oscillibacter,Oliverpabstia,GGB4644,Pseudoflavonifractor,Vescimonas,Leyella,GGB9730,GGB51647,GGB4604,GGB9642,GGB9715,GGB9627,GGB81330,GGB9634,Ellagibacter,GGB1239,GGB4552,Romboutsia,Slackia,GGB99810,GGB143455,GGB3256,GGB4642,GGB4723,Senegalimassilia,GGB9712,GGB3429,GGB9760,GGB9766,GGB49409,GGB9603,GGB4888,Pilosibacter,Faecalicatena,GGB9708,GGB3588,Eshraghiella,GGB9758,GGB9790,GGB4456,GGB3304,GGB3730,GGB4672,GGB9759,GGB115571,GGB34797,Brotocaccenecus,Methanobrevibacter,GGB1627,GGB9677,GGB9602,GGB143497,GGB3653,Kineothrix,GGB9707,GGB9699,GGB4684,Wujia,GGB3619,GGB9747,GGB3321,GGB49418,GGB9345,otros
36703_3#10,32.43928601769911,11.200076017699114,10.173026017699113,6.615216017699115,5.250706017699115,4.155616017699115,3.9277160176991153,3.5587860176991155,3.3923760176991147,2.864796017699115,2.3346460176991153,2.1192160176991153,1.5203660176991152,0.986566017699115,0.859516017699115,0.8291860176991149,0.828216017699115,0.819016017699115,0.6534160176991151,0.6472160176991151,0.447836017699115,0.43076601769911504,0.32757601769911493,0.314556017699115,0.26184601769911503,0.2595760176991149,0.25913601769911504,0.16860601769911504,0.15153601769911504,0.10132601769911505,0.10097601769911504,0.08077601769911505,0.07284601769911504,0.036686017699115045,0.036256017699115045,0.023256017699115044,0.012626017699115045,0.0061060176991150445,0.004516017699115044,0.0038560176991150443,0.0008760176991149442,2.6017699115044242e-05,2.6017699115044242e-05,2.6017699115044242e-05,2.6017699115044242e-05,2.6017699115044242e-05,2.6017699115044242e-05,2.6017699115044242e-05,2.6017699115044242e-05,2.6017699115044242e-05,2.6017699115044242e-05,2.6017699115044242e-05,2.6017699115044242e-05,2.6017699115044242e-05,2.6017699115044242e-05,2.6017699115044242e-05,2.6017699115044242e-05,2.6017699115044242e-05,2.6017699115044242e-05,2.6017699115044242e-05,2.6017699115044242e-05,2.6017699115044242e-05,2.6017699115044242e-05,2.6017699115044242e-05,2.6017699115044242e-05,2.6017699115044242e-05,2.6017699115044242e-05,2.6017699115044242e-05,2.6017699115044242e-05,2.6017699115044242e-05,2.6017699115044242e-05,2.6017699115044242e-05,2.6017699115044242e-05,2.6017699115044242e-05,2.6017699115044242e-05,2.6017699115044242e-05,2.6017699115044242e-05,2.6017699115044242e-05,2.6017699115044242e-05,2.6017699115044242e-05,2.6017699115044242e-05,2.6017699115044242e-05,2.6017699115044242e-05,2.6017699115044242e-05,2.6017699115044242e-05,2.6017699115044242e-05,2.6017699115044242e-05,2.6017699115044242e-05,2.6017699115044242e-05,2.6017699115044242e-05,2.6017699115044242e-05,2.6017699115044242e-05,2.6017699115044242e-05,2.6017699115044242e-05,2.6017699115044242e-05,2.6017699115044242e-05,2.6017699115044242e-05,2.6017699115044242e-05,2.6017699115044242e-05,2.6017699115044242e-05,2.6017699115044242e-05,2.6017699115044242e-05,2.6017699115044242e-05,2.6017699115044242e-05,2.6017699115044242e-05,2.6017699115044242e-05,2.6017699115044242e-05,2.6017699115044242e-05,2.6017699115044242e-05,2.6017699115044242e-05,2.6017699115044242e-05,2.6017699115044242e-05,1.7216560176991447
36703_3#12,4.95575221238938e-05,2.0814595575221237,4.95575221238938e-05,1.630399557522124,2.779339557522124,0.023119557522123895,2.3934095575221237,13.650349557522125,4.95575221238938e-05,11.700349557522124,4.95575221238938e-05,0.2504295575221239,4.570639557522124,4.95575221238938e-05,0.04334955752212389,0.06150955752212379,2.875529557522124,0.1637195575221239,0.0803995575221239,1.741689557522124,4.95575221238938e-05,4.95575221238938e-05,0.0919695575221239,0.3899595575221239,1.232359557522124,2.3079995575221237,2.854379557522124,1.138989557522124,0.05270955752212379,0.017699557522123894,4.95575221238938e-05,1.108309557522124,0.009579557522123893,0.3438195575221239,4.95575221238938e-05,0.05990955752212389,0.1115495575221239,0.15785955752212388,0.029839557522123895,4.95575221238938e-05,0.1243195575221239,4.0672095575221245,2.518799557522124,2.137219557522124,1.557859557522124,1.1654995575221239,1.082469557522124,0.5949095575221239,0.5646695575221238,0.4772595575221239,0.4577695575221239,0.40791955752212394,0.3861495575221238,0.38586955752212393,0.33796955752212393,0.3327795575221239,0.3147595575221239,0.26236955752212393,0.23239955752212388,0.2059695575221239,0.15882955752212388,0.1419995575221239,0.1400895575221238,0.1279295575221239,0.1264895575221238,0.11736955752212389,0.11209955752212389,0.08642955752212389,0.07158955752212388,0.04669955752212389,0.03974955752212389,0.03775955752212389,0.03323955752212389,0.030279557522123895,0.028709557522123893,0.027769557522123893,0.024579557522123895,0.024439557522123893,0.024269557522123893,0.023329557522123893,0.022179557522123895,0.016759557522123894,0.015699557522123795,0.015479557522123894,0.007569557522123894,0.006519557522123893,0.004439557522123894,0.002329557522123894,0.0009295575221238938,4.95575221238938e-05,4.95575221238938e-05,4.95575221238938e-05,4.95575221238938e-05,4.95575221238938e-05,4.95575221238938e-05,4.95575221238938e-05,4.95575221238938e-05,4.95575221238938e-05,4.95575221238938e-05,4.95575221238938e-05,4.95575221238938e-05,4.95575221238938e-05,4.95575221238938e-05,4.95575221238938e-05,4.95575221238938e-05,4.95575221238938e-05,4.95575221238938e-05,4.95575221238938e-05,4.95575221238938e-05,4.95575221238938e-05,4.95575221238938e-05,4.95575221238938e-05,26.916009557522145
36703_3#13,0.014960265486725664,1.2632302654867258,4.0265486725663715e-05,0.05595026548672556,3.7362002654867257,4.0265486725663715e-05,0.4636902654867256,20.110050265486727,4.0265486725663715e-05,6.141450265486726,4.0265486725663715e-05,0.11550026548672565,7.222990265486725,4.0265486725663715e-05,0.12002026548672566,0.03826026548672566,0.24789026548672555,3.435190265486726,4.0265486725663715e-05,0.3608902654867256,0.7546302654867256,4.0265486725663715e-05,4.0265486725663715e-05,0.3605902654867257,0.0071702654867256636,0.9955302654867256,1.7543002654867257,0.3718502654867257,0.008990265486725664,4.0265486725663715e-05,0.47769026548672566,0.7533902654867256,4.0265486725663715e-05,0.22556026548672567,0.07479026548672565,0.7513702654867256,0.05500026548672556,0.5413902654867256,0.054630265486725664,0.00012026548672566371,1.5206202654867258,22.625340265486727,4.0265486725663715e-05,2.996810265486726,4.0265486725663715e-05,0.16287026548672565,0.33632026548672567,0.49351026548672566,0.08185026548672565,0.10558026548672565,4.0265486725663715e-05,0.7445002654867257,4.0265486725663715e-05,4.0265486725663715e-05,0.6912102654867256,0.16314026548672567,4.0265486725663715e-05,0.06800026548672565,4.0265486725663715e-05,4.0265486725663715e-05,4.0265486725663715e-05,0.24381026548672566,4.0265486725663715e-05,0.005110265486725663,0.3497602654867257,4.0265486725663715e-05,0.059410265486725664,0.010780265486725664,0.004800265486725664,0.14767026548672565,4.0265486725663715e-05,0.07300026548672565,4.0265486725663715e-05,0.024450265486725662,4.0265486725663715e-05,0.012160265486725663,0.038230265486725666,0.032580265486725664,4.0265486725663715e-05,4.0265486725663715e-05,0.05586026548672556,0.11396026548672565,0.03278026548672566,0.5004202654867256,4.0265486725663715e-05,4.0265486725663715e-05,4.0265486725663715e-05,4.0265486725663715e-05,0.11375026548672555,0.18389026548672566,0.17104026548672566,0.07990026548672566,0.05020026548672566,0.026450265486725664,4.0265486725663715e-05,4.0265486725663715e-05,4.0265486725663715e-05,4.0265486725663715e-05,4.0265486725663715e-05,4.0265486725663715e-05,4.0265486725663715e-05,4.0265486725663715e-05,4.0265486725663715e-05,4.0265486725663715e-05,4.0265486725663715e-05,4.0265486725663715e-05,4.0265486725663715e-05,4.0265486725663715e-05,4.0265486725663715e-05,4.0265486725663715e-05,4.0265486725663715e-05,4.0265486725663715e-05,17.165020265486728
36703_3#14,0.011253451327433628,3.932653451327434,0.025543451327433627,0.3246634513274336,0.16467345132743363,0.08692345132743362,1.6462834513274336,0.5079234513274337,0.08943345132743362,2.750453451327434,3.3451327433628316e-05,0.8784534513274336,0.5036634513274336,3.3451327433628316e-05,3.3451327433628316e-05,0.12446345132743362,1.1206734513274337,0.010433451327433629,0.06409345132743352,0.6385134513274335,3.3451327433628316e-05,3.3451327433628316e-05,0.07856345132743363,5.611943451327433,0.03934345132743362,0.6795234513274336,8.497253451327433,0.06506345132743363,0.17406345132743364,3.3451327433628316e-05,0.03471345132743363,0.01696345132743363,0.02132345132743363,0.0012234513274336284,3.3451327433628316e-05,3.3451327433628316e-05,3.3451327433628316e-05,0.09620345132743352,0.19708345132743363,3.3451327433628316e-05,3.3451327433628316e-05,33.006353451327435,3.3451327433628316e-05,3.3451327433628316e-05,3.3451327433628316e-05,3.882163451327434,2.0261734513274336,3.3451327433628316e-05,0.048703451327433624,3.3451327433628316e-05,0.8358134513274336,3.3451327433628316e-05,3.3451327433628316e-05,3.3451327433628316e-05,1.7152634513274336,0.6008034513274335,0.035313451327433625,0.008673451327433529,0.07456345132743362,3.3451327433628316e-05,3.3451327433628316e-05,3.3451327433628316e-05,3.3451327433628316e-05,1.0201834513274335,1.1512434513274337,3.3451327433628316e-05,2.613653451327434,0.7361534513274336,3.3451327433628316e-05,3.3451327433628316e-05,3.3451327433628316e-05,3.3451327433628316e-05,3.3451327433628316e-05,1.6127534513274335,3.3451327433628316e-05,0.06004345132743352,3.3451327433628316e-05,3.3451327433628316e-05,3.3451327433628316e-05,3.3451327433628316e-05,3.3451327433628316e-05,3.3451327433628316e-05,0.034073451327433626,3.3451327433628316e-05,3.3451327433628316e-05,0.034093451327433626,3.3451327433628316e-05,3.3451327433628316e-05,0.09112345132743363,3.3451327433628316e-05,3.3451327433628316e-05,3.3451327433628316e-05,0.0022834513274336285,0.0016034513274336283,0.21158345132743353,0.0008834513274335283,3.3451327433628316e-05,3.3451327433628316e-05,3.3451327433628316e-05,3.3451327433628316e-05,3.3451327433628316e-05,3.3451327433628316e-05,3.3451327433628316e-05,3.3451327433628316e-05,3.3451327433628316e-05,3.3451327433628316e-05,3.3451327433628316e-05,3.3451327433628316e-05,3.3451327433628316e-05,3.3451327433628316e-05,3.3451327433628316e-05,3.3451327433628316e-05,21.801163451327454
36703_3#15,2.849557522123893e-05,14.90509849557522,2.849557522123893e-05,0.6065584955752212,0.09420849557522123,1.4497184955752211,3.1417784955752213,0.48584849557522125,0.10208849557522123,4.457548495575221,0.7221984955752212,1.5635084955752212,44.21780849557522,2.849557522123893e-05,2.849557522123893e-05,0.44350849557522126,0.8796884955752211,2.849557522123893e-05,0.20858849557522124,0.33397849557522125,2.849557522123893e-05,2.849557522123893e-05,1.3896484955752213,2.421438495575221,2.849557522123893e-05,0.4330984955752212,3.363408495575221,2.849557522123893e-05,0.16105849557522123,2.849557522123893e-05,2.849557522123893e-05,0.03956849557522124,0.01058849557522124,0.02293849557522124,2.849557522123893e-05,0.0032184955752212387,2.849557522123893e-05,2.849557522123893e-05,0.05439849557522114,0.0012284955752211388,2.849557522123893e-05,0.40057849557522124,2.849557522123893e-05,2.849557522123893e-05,2.849557522123893e-05,2.849557522123893e-05,2.849557522123893e-05,2.849557522123893e-05,0.0023584955752212386,2.849557522123893e-05,0.45369849557522124,2.849557522123893e-05,2.849557522123893e-05,0.028008495575221237,2.849557522123893e-05,4.887868495575221,2.849557522123893e-05,2.849557522123893e-05,2.849557522123893e-05,0.06122849557522124,0.005738495575221139,2.849557522123893e-05,2.849557522123893e-05,2.849557522123893e-05,2.849557522123893e-05,0.004058495575221239,0.5898084955752212,1.5456084955752212,0.019818495575221237,2.849557522123893e-05,2.4939984955752212,1.4901684955752212,2.849557522123893e-05,2.849557522123893e-05,2.849557522123893e-05,2.849557522123893e-05,0.23092849557522113,2.849557522123893e-05,0.05210849557522124,2.849557522123893e-05,2.849557522123893e-05,2.849557522123893e-05,2.849557522123893e-05,2.849557522123893e-05,0.04473849557522124,2.849557522123893e-05,2.849557522123893e-05,0.00990849557522124,0.07666849557522123,2.849557522123893e-05,2.849557522123893e-05,2.849557522123893e-05,0.13443849557522122,2.849557522123893e-05,2.849557522123893e-05,2.849557522123893e-05,2.849557522123893e-05,2.849557522123893e-05,2.849557522123893e-05,2.849557522123893e-05,2.849557522123893e-05,2.849557522123893e-05,2.849557522123893e-05,2.849557522123893e-05,2.849557522123893e-05,2.849557522123893e-05,2.849557522123893e-05,2.849557522123893e-05,2.849557522123893e-05,2.849557522123893e-05,2.849557522123893e-05,2.849557522123893e-05,5.953638495575244
36703_3#16,0.02360946902654867,1.5297794690265487,5.946902654867256e-05,0.19064946902654867,0.8994494690265488,5.946902654867256e-05,0.3091694690265487,4.483499469026548,5.946902654867256e-05,8.439319469026549,5.946902654867256e-05,0.09877946902654867,3.3552194690265487,0.014289469026548672,0.20152946902654867,0.0032494690265486726,0.18912946902654867,4.549839469026549,0.09317946902654867,0.09173946902654867,0.6235294690265487,0.010089469026548671,0.12210946902654868,0.10494946902654867,0.004639469026548672,1.5564994690265488,0.9980894690265487,0.04885946902654867,0.08873946902654867,0.004569469026548673,0.004749469026548673,0.2646494690265487,0.010819469026548671,0.33460946902654864,0.31369946902654866,0.19535946902654866,0.12118946902654867,0.020649469026548573,5.946902654867256e-05,5.946902654867256e-05,0.18601946902654867,9.650189469026548,0.023739469026548672,2.4303694690265485,0.055359469026548674,0.23522946902654868,1.0803594690265488,0.004489469026548672,0.08206946902654867,1.4758294690265488,5.946902654867256e-05,0.2899594690265487,0.2631594690265486,0.23351946902654866,0.24281946902654866,0.09851946902654857,1.5439494690265487,0.04145946902654867,0.05044946902654867,1.8213394690265488,0.08090946902654868,0.9322694690265487,1.5538994690265486,5.946902654867256e-05,0.08372946902654867,0.3124994690265487,5.946902654867256e-05,5.946902654867256e-05,0.01585946902654867,0.5892094690265487,5.946902654867256e-05,0.18722946902654866,0.02009946902654867,5.946902654867256e-05,0.11639946902654857,0.015339469026548673,0.12410946902654867,0.08654946902654867,0.00029946902654867256,0.25181946902654867,0.03794946902654867,0.045589469026548674,5.946902654867256e-05,0.28178946902654867,5.946902654867256e-05,1.8743794690265487,0.2671594690265486,0.06707946902654867,5.946902654867256e-05,1.7833094690265487,0.015269469026548672,0.021429469026548673,0.02248946902654867,0.15976946902654868,5.946902654867256e-05,0.13726946902654857,2.3353994690265485,1.5360994690265488,0.4668594690265487,0.29209946902654865,0.15462946902654867,0.10662946902654867,0.10625946902654868,0.08900946902654867,0.06537946902654868,0.04569946902654867,0.04271946902654867,0.04031946902654867,0.03592946902654867,0.023049469026548672,0.010539469026548672,5.946902654867256e-05,36.45559946902657
36703_3#17,3.902654867256637e-05,1.0883390265486725,3.902654867256637e-05,1.7583190265486726,0.05894902654867257,3.902654867256637e-05,6.059469026548673,7.946539026548671,0.016779026548672565,1.6504090265486724,0.059739026548672566,2.3265490265486726,0.021929026548672566,3.902654867256637e-05,3.902654867256637e-05,0.9823690265486726,2.7605990265486726,3.902654867256637e-05,0.05926902654867257,0.20436902654867256,3.902654867256637e-05,3.902654867256637e-05,3.902654867256637e-05,17.655109026548672,0.08560902654867256,0.6182490265486726,5.869499026548673,0.8296690265486726,1.2797190265486724,3.902654867256637e-05,3.902654867256637e-05,0.20196902654867246,0.0005390265486725663,0.025209026548672565,3.902654867256637e-05,0.19309902654867256,0.19342902654867256,3.1891590265486727,0.16374902654867257,0.009009026548672566,0.0019390265486725663,4.665429026548673,0.5304590265486726,3.902654867256637e-05,0.06400902654867256,13.034239026548672,3.902654867256637e-05,3.902654867256637e-05,0.5918990265486727,0.03872902654867257,0.10707902654867256,0.023479026548672566,3.902654867256637e-05,0.18799902654867257,3.902654867256637e-05,0.19844902654867255,0.7612590265486725,0.11478902654867257,0.14992902654867246,0.4258890265486725,0.19125902654867255,3.902654867256637e-05,0.008439026548672566,3.902654867256637e-05,3.902654867256637e-05,0.26320902654867256,1.0095390265486726,0.09274902654867256,0.030859026548672466,3.902654867256637e-05,0.04938902654867257,0.17512902654867246,3.902654867256637e-05,0.19121902654867257,3.902654867256637e-05,3.902654867256637e-05,0.12913902654867257,3.902654867256637e-05,0.0031790265486725667,3.902654867256637e-05,0.22333902654867246,3.902654867256637e-05,0.008839026548672566,3.902654867256637e-05,0.04899902654867257,3.902654867256637e-05,3.902654867256637e-05,0.0023190265486725667,0.15670902654867255,3.902654867256637e-05,3.902654867256637e-05,3.902654867256637e-05,0.05705902654867247,3.902654867256637e-05,3.902654867256637e-05,3.902654867256637e-05,3.902654867256637e-05,3.902654867256637e-05,3.902654867256637e-05,3.902654867256637e-05,3.902654867256637e-05,3.902654867256637e-05,3.902654867256637e-05,3.902654867256637e-05,0.07507902654867256,3.902654867256637e-05,0.005489026548672566,3.902654867256637e-05,3.902654867256637e-05,3.902654867256637e-05,3.902654867256637e-05,3.902654867256637e-05,21.07288902654867
36703_3#18,0.025063362831858407,6.479163362831859,4.336283185840708e-05,0.13003336283185832,0.6290933628318585,4.336283185840708e-05,1.0015233628318583,35.75039336283186,0.022693362831858306,2.1040633628318584,4.336283185840708e-05,2.260113362831859,0.4848933628318583,4.336283185840708e-05,4.336283185840708e-05,0.014033362831858407,2.6695133628318586,0.001433362831858407,0.005843362831858407,2.9836633628318587,4.336283185840708e-05,4.336283185840708e-05,0.8062533628318584,4.3778133628318585,1.3098433628318584,0.5343933628318585,0.8768733628318585,0.0935133628318584,0.0672733628318584,0.03302336283185841,4.336283185840708e-05,0.0003833628318584071,0.24629336283185832,0.09793336283185841,4.336283185840708e-05,4.336283185840708e-05,0.023163362831858405,1.7792133628318585,0.3148533628318584,4.336283185840708e-05,0.11365336283185831,2.058663362831859,0.1696433628318584,0.3122233628318584,4.336283185840708e-05,7.128973362831858,3.501403362831859,1.1620233628318584,0.08372336283185841,0.027823362831858406,0.33476336283185837,4.336283185840708e-05,0.035883362831858404,0.2181833628318584,0.2350033628318584,0.4076833628318584,0.5486833628318585,4.336283185840708e-05,0.06503336283185841,0.5002133628318585,0.006133362831858407,0.04235336283185841,0.18201336283185843,0.3782033628318584,0.044413362831858406,4.336283185840708e-05,2.1163633628318586,0.1543833628318584,4.336283185840708e-05,4.336283185840708e-05,0.06909336283185841,0.6148233628318585,4.336283185840708e-05,0.0807533628318583,0.03546336283185841,0.003473362831858407,0.4457133628318583,0.050953362831858404,4.336283185840708e-05,4.336283185840708e-05,0.23748336283185842,4.336283185840708e-05,4.336283185840708e-05,4.336283185840708e-05,4.336283185840708e-05,4.336283185840708e-05,0.014663362831858408,0.12844336283185842,0.018733362831858405,4.336283185840708e-05,0.006603362831858407,4.336283185840708e-05,0.12403336283185831,4.336283185840708e-05,0.007843362831858408,4.336283185840708e-05,4.336283185840708e-05,0.012713362831858407,4.336283185840708e-05,4.336283185840708e-05,4.336283185840708e-05,4.336283185840708e-05,4.336283185840708e-05,0.00046336283185840707,4.336283185840708e-05,4.336283185840708e-05,4.336283185840708e-05,4.336283185840708e-05,4.336283185840708e-05,4.336283185840708e-05,4.336283185840708e-05,4.336283185840708e-05,13.1970933628319
36703_3#19,0.005736548672566372,12.165436548672565,0.02422654867256637,0.8752565486725664,1.1459765486725664,0.040716548672566376,3.2709265486725663,1.6179865486725664,3.654867256637168e-05,1.8523765486725663,0.14953654867256638,3.654867256637168e-05,0.9456865486725664,3.654867256637168e-05,3.654867256637168e-05,0.46455654867256624,8.260786548672565,0.2365465486725664,3.654867256637168e-05,0.5408865486725664,3.654867256637168e-05,3.654867256637168e-05,6.136346548672567,8.407526548672566,0.35377654867256636,0.42923654867256633,1.4761565486725663,0.0021165486725663717,1.2841165486725663,3.654867256637168e-05,0.047896548672566375,0.061766548672566375,0.6882465486725664,0.01180654867256637,0.012686548672566371,3.654867256637168e-05,3.654867256637168e-05,0.08159654867256637,0.0006765486725662717,0.0008265486725663717,3.654867256637168e-05,1.6858165486725665,3.654867256637168e-05,3.654867256637168e-05,0.03850654867256637,3.654867256637168e-05,3.654867256637168e-05,3.654867256637168e-05,3.654867256637168e-05,0.0031265486725663718,0.005106548672566371,0.14404654867256628,3.654867256637168e-05,3.654867256637168e-05,3.654867256637168e-05,11.377306548672566,3.654867256637168e-05,0.10277654867256628,0.028366548672566372,0.15884654867256637,3.654867256637168e-05,3.654867256637168e-05,3.654867256637168e-05,3.654867256637168e-05,3.654867256637168e-05,0.09750654867256638,0.15354654867256637,1.5835165486725664,0.00033654867256637167,3.654867256637168e-05,3.870766548672566,3.654867256637168e-05,0.032396548672566375,0.032396548672566375,3.654867256637168e-05,3.654867256637168e-05,0.017216548672566372,3.654867256637168e-05,3.654867256637168e-05,3.654867256637168e-05,3.654867256637168e-05,3.654867256637168e-05,0.26430654867256637,3.654867256637168e-05,0.12957654867256638,3.654867256637168e-05,0.0027365486725663716,0.22819654867256636,0.028376548672566372,3.654867256637168e-05,3.654867256637168e-05,3.654867256637168e-05,0.02319654867256637,3.654867256637168e-05,0.05368654867256637,3.654867256637168e-05,3.654867256637168e-05,3.654867256637168e-05,3.654867256637168e-05,3.654867256637168e-05,3.654867256637168e-05,0.03467654867256637,0.015416548672566371,3.654867256637168e-05,3.654867256637168e-05,0.35288654867256625,0.05021654867256638,3.654867256637168e-05,3.654867256637168e-05,3.654867256637168e-05,3.654867256637168e-05,3.654867256637168e-05,28.891756548672554
36703_3#1,5.2694665486725665,3.654867256637168e-05,5.297016548672566,1.1416165486725665,5.992406548672567,0.41763654867256633,0.8999365486725664,15.333316548672565,3.654867256637168e-05,1.2285065486725664,0.5164165486725664,0.41859654867256635,12.222246548672565,1.9736165486725663,0.30397654867256635,0.33926654867256634,1.3483865486725666,0.04768654867256637,0.11898654867256638,2.812736548672566,1.8659765486725663,0.9112365486725664,0.055986548672566375,0.010136548672566371,3.654867256637168e-05,11.044046548672565,1.0943565486725664,0.37994654867256633,0.01546654867256637,0.9847165486725664,2.2243765486725664,3.475536548672566,0.15605654867256638,0.1525665486725664,0.31984654867256634,2.462676548672566,3.654867256637168e-05,3.654867256637168e-05,3.654867256637168e-05,0.006666548672566372,3.654867256637168e-05,3.654867256637168e-05,3.654867256637168e-05,3.654867256637168e-05,3.654867256637168e-05,3.654867256637168e-05,3.654867256637168e-05,3.654867256637168e-05,0.7327165486725664,2.899686548672566,1.0377665486725665,3.654867256637168e-05,0.15152654867256637,0.14156654867256638,2.948926548672566,0.21671654867256637,3.654867256637168e-05,3.654867256637168e-05,3.654867256637168e-05,0.5204965486725665,0.9380465486725664,0.02580654867256637,0.5541965486725664,3.654867256637168e-05,3.654867256637168e-05,3.654867256637168e-05,0.02959654867256637,3.654867256637168e-05,3.654867256637168e-05,3.654867256637168e-05,3.654867256637168e-05,3.654867256637168e-05,3.654867256637168e-05,3.654867256637168e-05,3.654867256637168e-05,3.654867256637168e-05,0.08075654867256638,3.654867256637168e-05,0.02270654867256637,0.057616548672566374,3.654867256637168e-05,3.654867256637168e-05,3.654867256637168e-05,0.06240654867256627,3.654867256637168e-05,3.654867256637168e-05,3.654867256637168e-05,3.654867256637168e-05,3.654867256637168e-05,0.18428654867256639,3.654867256637168e-05,3.654867256637168e-05,0.03759654867256637,0.10500654867256637,3.654867256637168e-05,3.654867256637168e-05,3.654867256637168e-05,3.654867256637168e-05,3.654867256637168e-05,0.048666548672566375,3.654867256637168e-05,0.0007865486725663717,3.654867256637168e-05,0.20810654867256637,0.12359654867256628,3.654867256637168e-05,3.654867256637168e-05,3.654867256637168e-05,3.654867256637168e-05,0.048736548672566375,3.654867256637168e-05,3.654867256637168e-05,7.979296548672537
36703_3#21,5.884955752212389e-05,2.5167588495575224,5.884955752212389e-05,0.026058849557522124,0.310558849557522,0.029648849557522124,0.7824688495575222,1.0825888495575222,0.004198849557522124,1.5814788495575223,0.009918849557522123,0.6676088495575221,0.781078849557522,5.884955752212389e-05,5.884955752212389e-05,5.884955752212389e-05,0.21382884955752213,0.015828849557522125,0.10277884955752213,0.08351884955752212,0.20818884955752212,5.884955752212389e-05,0.8735288495575221,0.015088849557522124,0.004268849557522124,0.26716884955752207,0.4613988495575221,0.07805884955752213,0.16728884955752213,0.006538849557522124,0.12380884955752212,2.225688849557522,0.04923884955752213,0.031738849557522125,0.369558849557522,0.4090788495575221,5.884955752212389e-05,5.884955752212389e-05,0.031918849557522125,0.028538849557522124,5.884955752212389e-05,1.3897988495575222,0.10702884955752212,5.884955752212389e-05,0.004998849557522124,0.403648849557522,0.4809388495575221,0.008378849557522123,0.3242088495575221,1.0300788495575222,0.012978849557522123,0.032438849557522124,0.19973884955752214,0.1277788495575221,5.884955752212389e-05,0.12014884955752203,5.884955752212389e-05,0.023558849557522025,0.16166884955752212,1.4905888495575221,0.040618849557522124,0.04692884955752202,10.073428849557521,0.17994884955752202,0.07993884955752212,0.03344884955752212,0.018408849557522124,0.03734884955752212,0.007148849557522124,0.028598849557522125,0.018148849557522124,0.720238849557522,0.011728849557522123,0.023338849557522124,0.6348388495575221,5.884955752212389e-05,0.4605088495575221,0.05881884955752203,0.024218849557522126,0.015568849557522123,0.025298849557522124,5.884955752212389e-05,0.013868849557522123,0.6087988495575222,5.884955752212389e-05,0.029988849557522124,0.06826884955752212,0.037448849557522125,0.056708849557522124,1.6177588495575224,0.003148849557522124,0.07896884955752212,0.022598849557522026,0.008618849557522124,0.005278849557522024,0.2987388495575221,7.6314588495575215,12.54608884955752,0.3105988495575221,0.05562884955752202,0.10733884955752213,0.033798849557522125,0.07211884955752212,0.029958849557522125,0.09142884955752212,5.884955752212389e-05,5.884955752212389e-05,0.05119884955752212,5.884955752212389e-05,0.06331884955752212,0.04033884955752212,0.05121884955752212,44.04831884955754
36703_3#22,6.194690265486725e-05,4.467001946902655,6.194690265486725e-05,0.9066519469026549,2.986831946902655,0.051671946902654864,1.7462219469026548,2.8466319469026553,6.194690265486725e-05,6.0961619469026544,0.023421946902654867,0.9182419469026549,1.2615119469026548,6.194690265486725e-05,0.09856194690265488,0.041161946902654865,1.4827919469026547,0.30594194690265486,0.17754194690265487,1.6096719469026548,1.1895219469026548,6.194690265486725e-05,0.7348919469026549,2.224801946902655,0.006381946902654867,0.28344194690265484,1.1280419469026548,0.10081194690265488,0.24932194690265486,0.0073919469026548675,0.11933194690265488,2.450841946902655,0.06339194690265487,0.07367194690265487,0.04972194690265487,1.4368719469026547,0.16864194690265485,0.014241946902654868,0.015381946902654866,0.06623194690265487,0.21990194690265485,8.538041946902656,0.09770194690265488,0.6124619469026549,6.194690265486725e-05,3.8447219469026552,6.092001946902655,0.07333194690265488,0.39958194690265486,0.563821946902655,0.0005919469026548672,1.769711946902655,0.044971946902654866,0.33323194690265484,0.2619519469026548,1.2687119469026549,6.194690265486725e-05,0.3060719469026549,0.052121946902654766,0.24257194690265485,0.002951946902654867,0.2552219469026549,0.35183194690265485,0.20138194690265487,0.061731946902654766,0.31855194690265487,6.194690265486725e-05,0.11660194690265477,0.013511946902654767,0.07444194690265488,6.194690265486725e-05,0.893811946902655,0.09971194690265488,0.15626194690265485,0.052941946902654864,0.09993194690265488,0.19710194690265476,0.057421946902654765,0.10868194690265487,0.19423194690265486,0.09351194690265488,0.0066519469026547675,0.0018019469026548673,0.2509519469026549,0.023081946902654867,0.16513194690265487,0.025861946902654767,0.10651194690265488,0.07463194690265487,0.12785194690265486,6.194690265486725e-05,0.13025194690265485,0.06785194690265488,6.194690265486725e-05,0.031431946902654766,0.022991946902654867,6.029481946902655,0.38127194690265487,0.12768194690265486,0.0017119469026548673,0.0056019469026548675,0.027381946902654768,0.08704194690265488,6.194690265486725e-05,6.194690265486725e-05,0.34388194690265483,0.013971946902654866,0.17082194690265476,0.012241946902654868,0.07326194690265488,0.012221946902654867,0.06711194690265487,28.13620194690263
36703_3#23,3.283185840707964e-05,0.0036528318584069797,3.283185840707964e-05,3.2663328318584073,0.2451628318584071,0.1274828318584071,11.144932831858409,0.08235283185840697,0.1350328318584071,3.249152831858407,1.143442831858407,0.567652831858407,0.9444528318584071,3.283185840707964e-05,3.283185840707964e-05,2.290182831858407,1.2677328318584071,3.283185840707964e-05,0.00043283185840707963,0.33698283185840705,3.283185840707964e-05,3.283185840707964e-05,0.963372831858407,0.5900228318584071,0.11812283185840698,0.3263628318584071,0.8068728318584071,0.013332831858406979,0.3304028318584071,3.283185840707964e-05,3.283185840707964e-05,0.03928283185840708,3.283185840707964e-05,0.08710283185840707,3.283185840707964e-05,0.040832831858407075,3.283185840707964e-05,3.283185840707964e-05,3.283185840707964e-05,3.283185840707964e-05,3.283185840707964e-05,3.283185840707964e-05,3.283185840707964e-05,3.283185840707964e-05,3.283185840707964e-05,16.331452831858407,0.11626283185840708,0.48962283185840705,0.2120028318584071,3.283185840707964e-05,0.01232283185840708,3.283185840707964e-05,0.00976283185840708,0.00944283185840708,3.283185840707964e-05,7.641192831858407,3.283185840707964e-05,0.09631283185840708,3.283185840707964e-05,3.283185840707964e-05,3.283185840707964e-05,3.283185840707964e-05,3.283185840707964e-05,1.0574228318584071,3.283185840707964e-05,0.021972831858407076,3.283185840707964e-05,0.07817283185840708,0.04531283185840708,0.0007328318584070796,3.283185840707964e-05,0.2116928318584071,0.0025728318584070796,0.1524428318584071,3.283185840707964e-05,0.0009528318584070797,0.07329283185840697,0.00924283185840708,0.02683283185840698,3.283185840707964e-05,3.283185840707964e-05,3.283185840707964e-05,0.01179283185840708,3.283185840707964e-05,0.06555283185840707,3.283185840707964e-05,0.12290283185840707,0.01391283185840708,3.283185840707964e-05,3.283185840707964e-05,3.283185840707964e-05,3.283185840707964e-05,0.043002831858406976,5.323562831858407,3.283185840707964e-05,3.283185840707964e-05,3.283185840707964e-05,3.283185840707964e-05,3.283185840707964e-05,3.283185840707964e-05,3.283185840707964e-05,3.283185840707964e-05,3.283185840707964e-05,3.283185840707964e-05,3.283185840707964e-05,3.283185840707964e-05,3.283185840707964e-05,3.283185840707964e-05,3.283185840707964e-05,3.283185840707964e-05,3.283185840707964e-05,3.283185840707964e-05,39.69759283185841
36703_3#24,3.902654867256637e-05,3.902654867256637e-05,3.902654867256637e-05,5.4315390265486725,0.06206902654867257,3.902654867256637e-05,2.0305790265486725,0.4815090265486725,3.902654867256637e-05,1.1810290265486725,0.0009690265486725664,0.18509902654867255,0.03578902654867257,3.902654867256637e-05,0.007859026548672566,0.9192190265486726,0.8874790265486726,3.902654867256637e-05,0.10242902654867256,1.5284690265486724,3.902654867256637e-05,3.902654867256637e-05,0.12006902654867256,62.00744902654868,3.287419026548673,0.0016190265486725663,6.677539026548672,0.025389026548672467,0.16715902654867257,3.902654867256637e-05,0.016779026548672565,0.16671902654867257,0.014989026548672466,0.0019190265486725663,3.902654867256637e-05,0.027459026548672466,0.0024190265486725665,0.6803190265486726,3.902654867256637e-05,3.902654867256637e-05,3.902654867256637e-05,0.5526190265486726,0.23231902654867256,0.0031090265486725666,0.0023390265486725667,3.8487790265486725,0.4151990265486726,0.2550590265486726,0.3066090265486726,3.902654867256637e-05,0.20456902654867257,3.902654867256637e-05,0.00022902654867256635,0.015009026548672566,0.23873902654867246,0.4608490265486726,3.902654867256637e-05,0.04097902654867257,3.902654867256637e-05,3.902654867256637e-05,0.005199026548672466,0.0014790265486725664,3.902654867256637e-05,0.13342902654867256,0.009849026548672566,3.902654867256637e-05,0.04979902654867257,0.027199026548672567,0.00021902654867256638,3.902654867256637e-05,0.010989026548672566,0.0017690265486725663,0.028019026548672565,0.012409026548672566,3.902654867256637e-05,0.019999026548672565,0.040069026548672566,3.902654867256637e-05,0.005459026548672566,3.902654867256637e-05,0.4093290265486726,3.902654867256637e-05,3.902654867256637e-05,3.902654867256637e-05,0.06024902654867247,3.902654867256637e-05,3.902654867256637e-05,0.003999026548672566,3.902654867256637e-05,3.902654867256637e-05,0.026769026548672567,0.026629026548672566,0.019609026548672567,3.902654867256637e-05,3.902654867256637e-05,3.902654867256637e-05,0.011629026548672566,3.902654867256637e-05,3.902654867256637e-05,3.902654867256637e-05,3.902654867256637e-05,3.902654867256637e-05,3.902654867256637e-05,3.902654867256637e-05,3.902654867256637e-05,3.902654867256637e-05,3.902654867256637e-05,3.902654867256637e-05,3.902654867256637e-05,3.902654867256637e-05,3.902654867256637e-05,3.902654867256637e-05,6.466259026548676
36703_3#25,3.654867256637168e-05,1.9834965486725664,3.654867256637168e-05,1.8399565486725664,5.955996548672567,3.654867256637168e-05,0.9504865486725664,5.230706548672567,3.654867256637168e-05,0.39929654867256636,0.02049654867256637,1.3056665486725665,1.0428765486725664,3.654867256637168e-05,0.04736654867256637,0.04278654867256637,2.952586548672566,0.003936548672566371,0.02925654867256627,0.8078765486725664,0.0006465486725662717,3.654867256637168e-05,0.05982654867256637,24.854876548672568,20.60678654867257,0.24633654867256627,0.6872065486725664,0.37207654867256634,0.08699654867256637,3.654867256637168e-05,0.022166548672566372,0.05064654867256638,3.654867256637168e-05,0.05282654867256637,3.654867256637168e-05,0.8102565486725664,0.40672654867256636,3.4779065486725664,3.654867256637168e-05,3.654867256637168e-05,0.023096548672566372,7.664646548672567,0.22860654867256638,0.5365965486725665,3.654867256637168e-05,4.750876548672567,4.9038265486725665,0.11466654867256637,0.04077654867256637,0.07126654867256638,0.07046654867256637,3.654867256637168e-05,3.654867256637168e-05,3.654867256637168e-05,0.15014654867256638,0.038356548672566375,0.021566548672566372,0.01995654867256637,0.0017465486725663716,3.654867256637168e-05,3.654867256637168e-05,3.654867256637168e-05,3.654867256637168e-05,0.06071654867256637,0.05642654867256638,0.016796548672566372,3.654867256637168e-05,0.14544654867256637,3.654867256637168e-05,3.654867256637168e-05,0.01999654867256637,3.654867256637168e-05,3.654867256637168e-05,0.032156548672566274,3.654867256637168e-05,3.654867256637168e-05,3.654867256637168e-05,3.654867256637168e-05,3.654867256637168e-05,3.654867256637168e-05,0.04020654867256637,0.019766548672566372,3.654867256637168e-05,3.654867256637168e-05,0.007006548672566372,3.654867256637168e-05,3.654867256637168e-05,3.654867256637168e-05,3.654867256637168e-05,0.006536548672566372,0.08454654867256628,0.036996548672566375,3.654867256637168e-05,0.10539654867256637,3.654867256637168e-05,3.654867256637168e-05,0.007016548672566372,3.654867256637168e-05,3.654867256637168e-05,3.654867256637168e-05,3.654867256637168e-05,3.654867256637168e-05,3.654867256637168e-05,3.654867256637168e-05,3.654867256637168e-05,3.654867256637168e-05,3.654867256637168e-05,3.654867256637168e-05,3.654867256637168e-05,3.654867256637168e-05,3.654867256637168e-05,3.654867256637168e-05,6.374346548672534
36703_3#26,5.2654867256637166e-05,0.21120265486725662,5.2654867256637166e-05,1.1710326548672565,3.4664826548672565,5.2654867256637166e-05,0.7007526548672567,9.324082654867256,5.2654867256637166e-05,1.2242726548672567,0.003952654867256637,0.9698926548672567,5.150622654867257,5.2654867256637166e-05,0.05337265486725664,0.2727726548672566,0.9439026548672567,5.463952654867256,0.07221265486725655,0.3275226548672566,1.1513726548672565,5.2654867256637166e-05,0.16326265486725663,0.5119026548672566,0.7636926548672567,11.956832654867256,1.4334926548672566,0.05288265486725664,0.023212654867256637,0.019032654867256638,0.018732654867256636,0.09469265486725664,0.24614265486725662,0.04321265486725664,0.02889265486725664,5.2654867256637166e-05,0.006932654867256637,0.029602654867256637,0.015442654867256636,5.2654867256637166e-05,0.8334926548672568,21.944102654867258,5.2654867256637166e-05,0.06718265486725664,0.08633265486725664,1.6040826548672567,4.2409526548672565,0.3614826548672566,5.2654867256637166e-05,0.5148226548672566,0.05058265486725664,5.2654867256637166e-05,0.04295265486725664,0.09520265486725664,0.24132265486725663,0.3460026548672566,0.24022265486725664,5.2654867256637166e-05,0.04647265486725664,0.43121265486725663,0.04381265486725664,0.04823265486725664,0.6788126548672567,0.23315265486725661,1.1498926548672566,5.2654867256637166e-05,0.08686265486725664,0.06010265486725664,5.2654867256637166e-05,0.026092654867256638,0.3188526548672566,5.2654867256637166e-05,5.2654867256637166e-05,0.026492654867256635,0.11144265486725655,0.08771265486725655,0.17021265486725662,0.05629265486725664,0.010412654867256637,0.06604265486725663,0.07724265486725664,5.2654867256637166e-05,5.2654867256637166e-05,5.2654867256637166e-05,0.002352654867256637,0.08094265486725664,0.05153265486725664,0.03435265486725664,0.026842654867256635,0.19523265486725663,0.13222265486725662,0.1919926548672566,0.08638265486725664,5.2654867256637166e-05,5.2654867256637166e-05,5.2654867256637166e-05,5.2654867256637166e-05,0.5455026548672567,5.2654867256637166e-05,5.2654867256637166e-05,0.003172654867256537,5.2654867256637166e-05,0.32948265486725664,0.0015826548672566373,0.025762654867256637,5.2654867256637166e-05,0.43945265486725654,0.06325265486725665,0.05781265486725654,0.11478265486725664,0.09209265486725664,5.2654867256637166e-05,17.210322654867273
36703_3#27,5.327433628318583e-05,2.7127632743362833,5.327433628318583e-05,0.08562327433628318,0.06913327433628319,5.327433628318583e-05,0.4943332743362832,6.823813274336283,5.327433628318583e-05,3.947223274336283,0.019563274336283187,1.491613274336283,0.5648532743362832,5.327433628318583e-05,5.327433628318583e-05,5.327433628318583e-05,1.346613274336283,0.015633274336283188,0.09832327433628318,1.263363274336283,0.044473274336283085,5.327433628318583e-05,0.14558327433628318,0.16293327433628318,0.0017532743362830858,2.338283274336283,0.5631732743362832,0.040763274336283184,0.22680327433628317,5.327433628318583e-05,0.03198327433628319,0.23353327433628318,0.024993274336283188,0.046683274336283186,0.043263274336283186,5.327433628318583e-05,0.04893327433628319,0.4527432743362832,5.327433628318583e-05,5.327433628318583e-05,0.4428632743362832,8.085293274336284,0.050803274336283184,0.7478732743362831,5.327433628318583e-05,2.3174232743362833,2.4601132743362832,0.14351327433628316,0.16216327433628316,0.3523032743362831,0.23846327433628317,5.327433628318583e-05,0.053363274336283184,0.18521327433628318,0.45538327433628323,0.036913274336283185,10.892823274336283,0.02098327433628319,0.2908732743362832,0.26183327433628323,5.327433628318583e-05,0.004353274336283185,1.329763274336283,0.08491327433628308,0.19855327433628317,0.05566327433628309,0.2591032743362831,0.03717327433628319,0.010813274336283185,0.05362327433628319,0.06773327433628319,0.22155327433628316,5.327433628318583e-05,0.03189327433628319,0.11775327433628319,5.327433628318583e-05,0.062273274336283185,0.1030232743362832,0.003943274336283185,5.327433628318583e-05,5.327433628318583e-05,5.327433628318583e-05,5.327433628318583e-05,0.13382327433628316,0.020363274336283186,1.9502732743362832,1.892673274336283,0.11559327433628308,5.327433628318583e-05,0.15721327433628318,0.009893274336283085,0.09762327433628319,0.019253274336283186,0.022133274336283187,5.327433628318583e-05,0.001583274336283186,8.732213274336283,3.7129632743362833,0.10143327433628319,0.0057732743362831854,0.010753274336283185,5.327433628318583e-05,5.327433628318583e-05,0.0047932743362831855,0.009773274336283186,0.07627327433628318,5.327433628318583e-05,0.017143274336283088,0.020953274336283186,5.327433628318583e-05,0.054793274336283185,0.012193274336283085,29.639993274336273
36703_3#28,5.203539823008849e-05,1.5003020353982301,5.203539823008849e-05,0.47408203539823013,4.81511203539823,5.203539823008849e-05,1.18437203539823,13.719692035398229,0.03080203539823009,1.17254203539823,5.203539823008849e-05,1.43063203539823,3.0133520353982304,0.0002920353982300885,0.0032220353982300885,0.22229203539822998,0.7198420353982301,0.3273320353982301,0.030932035398230088,1.54869203539823,0.10315203539823009,0.009352035398230088,0.14587203539823007,19.44067203539823,0.28830203539823,0.90787203539823,0.3103720353982301,0.05582203539823009,0.19277203539823007,0.06244203539823009,5.203539823008849e-05,0.23520203539822998,0.07534203539823009,0.17890203539823007,0.05080203539823008,5.203539823008849e-05,0.3560420353982301,2.8447720353982304,0.029222035398230088,5.203539823008849e-05,0.02351203539823009,5.841282035398231,5.203539823008849e-05,2.6407220353982304,5.203539823008849e-05,2.02164203539823,5.116572035398231,1.03423203539823,0.0797920353982301,0.90382203539823,0.009442035398230087,0.034492035398230085,0.033652035398230085,0.5148620353982301,0.19209203539823008,0.09939203539823009,0.12511203539823007,0.77605203539823,0.24805203539822998,0.05535203539823009,0.006702035398230089,0.0770020353982301,0.34692203539823013,0.4058720353982301,0.2282620353982301,0.3860620353982301,5.203539823008849e-05,0.1029220353982301,0.002542035398230089,0.02367203539823009,5.203539823008849e-05,0.014092035398230087,0.01647203539823009,0.14866203539823009,0.05456203539823008,0.02691203539823009,0.11499203539823,0.10773203539823009,0.02447203539823009,0.013522035398230088,0.17151203539823007,5.203539823008849e-05,5.203539823008849e-05,0.0651220353982301,0.08124203539823009,0.05109203539823009,0.048292035398230085,0.0873220353982301,0.02985203539822999,5.203539823008849e-05,5.203539823008849e-05,0.09861203539823009,0.02526203539823009,5.203539823008849e-05,5.203539823008849e-05,5.203539823008849e-05,0.08712203539823009,0.72286203539823,5.203539823008849e-05,5.203539823008849e-05,5.203539823008849e-05,5.203539823008849e-05,5.203539823008849e-05,0.02520203539823009,5.203539823008849e-05,5.203539823008849e-05,0.013422035398230088,0.005792035398230089,5.203539823008849e-05,5.203539823008849e-05,5.203539823008849e-05,5.203539823008849e-05,21.15392203539817
36703_3#29,5.017699115044247e-05,5.017699115044247e-05,5.017699115044247e-05,0.24387017699115043,0.5836801769911505,5.017699115044247e-05,0.17351017699115043,15.41393017699115,5.017699115044247e-05,0.9090701769911504,5.017699115044247e-05,0.3763401769911504,0.35828017699115045,5.017699115044247e-05,0.011730176991150443,0.043940176991150444,0.6646601769911505,0.038010176991150446,0.02632017699115044,0.5707301769911505,0.14078017699115045,5.017699115044247e-05,0.16875017699115044,2.5329001769911508,0.35114017699115035,0.08711017699115044,11.026740176991149,0.22496017699115045,0.02085017699115044,0.004270176991150342,1.6527901769911504,1.5018901769911506,0.0013501769911504423,1.4550501769911506,5.017699115044247e-05,0.18234017699115043,1.0720701769911505,4.749460176991151,0.8041901769911506,5.017699115044247e-05,0.6630601769911505,15.71807017699115,0.7459101769911505,0.4336901769911504,0.004460176991150442,1.1789401769911505,0.46084017699115043,0.013690176991150443,0.012440176991150343,0.31260017699115045,0.01983017699115044,0.35580017699115035,0.04346017699115044,5.017699115044247e-05,1.4964901769911505,0.13447017699115044,0.006640176991150343,0.26718017699115043,0.24125017699115034,5.017699115044247e-05,5.017699115044247e-05,0.14529017699115043,0.23010017699115043,0.05541017699115035,0.5323401769911505,0.05127017699115034,0.7598801769911505,0.02078017699115044,5.017699115044247e-05,0.42001017699115045,0.07307017699115044,0.038460176991150445,5.017699115044247e-05,0.012960176991150443,0.01831017699115044,0.0028001769911504427,0.057000176991150446,0.011760176991150444,5.017699115044247e-05,0.05130017699115044,5.017699115044247e-05,5.017699115044247e-05,0.03711017699115045,0.18642017699115043,5.017699115044247e-05,5.017699115044247e-05,0.054550176991150445,0.0038701769911504424,0.10413017699115044,0.036270176991150344,0.03021017699115044,0.13840017699115043,0.004050176991150442,5.017699115044247e-05,5.017699115044247e-05,5.017699115044247e-05,0.35113017699115046,0.13803017699115044,5.017699115044247e-05,0.007260176991150442,5.017699115044247e-05,5.017699115044247e-05,0.37081017699115043,0.004060176991150342,5.017699115044247e-05,5.017699115044247e-05,5.017699115044247e-05,0.034000176991150446,5.017699115044247e-05,5.017699115044247e-05,5.017699115044247e-05,0.034290176991150445,28.48352017699116
36703_3#2,2.3462253982300885,0.7005253982300885,13.023575398230088,0.3075553982300885,3.6269953982300884,0.4671953982300885,0.9773253982300885,22.023445398230088,2.5398230088495575e-05,0.4580953982300884,0.1340653982300884,0.5151053982300885,2.2491953982300887,0.1023453982300885,2.5398230088495575e-05,0.2232953982300885,0.1581853982300884,2.5398230088495575e-05,0.03692539823008839,0.3655953982300885,2.5398230088495575e-05,0.1377053982300885,0.014175398230088395,0.0780853982300884,1.0586553982300884,1.9343153982300885,4.363545398230089,0.1205353982300884,0.005935398230088496,0.028995398230088395,0.3775753982300884,0.04064539823008849,2.5398230088495575e-05,0.020445398230088497,0.03410539823008849,5.6579253982300886,0.010275398230088495,0.011685398230088396,2.5398230088495575e-05,2.5398230088495575e-05,2.5398230088495575e-05,27.96407539823009,2.5398230088495575e-05,2.5398230088495575e-05,2.5398230088495575e-05,2.5398230088495575e-05,2.5398230088495575e-05,2.5398230088495575e-05,0.003505398230088496,2.5398230088495575e-05,2.5398230088495575e-05,2.5398230088495575e-05,2.5398230088495575e-05,0.3375153982300884,2.5398230088495575e-05,0.1034553982300885,2.5398230088495575e-05,2.5398230088495575e-05,2.5398230088495575e-05,2.5398230088495575e-05,2.5398230088495575e-05,2.5398230088495575e-05,2.5398230088495575e-05,2.5398230088495575e-05,2.5398230088495575e-05,2.5398230088495575e-05,2.5398230088495575e-05,2.5398230088495575e-05,2.5398230088495575e-05,2.5398230088495575e-05,4.158585398230089,2.5398230088495575e-05,2.5398230088495575e-05,2.5398230088495575e-05,2.5398230088495575e-05,2.5398230088495575e-05,2.5398230088495575e-05,2.5398230088495575e-05,2.5398230088495575e-05,2.5398230088495575e-05,2.5398230088495575e-05,0.4422253982300885,0.1002753982300885,2.5398230088495575e-05,2.5398230088495575e-05,2.5398230088495575e-05,2.5398230088495575e-05,2.5398230088495575e-05,2.5398230088495575e-05,2.5398230088495575e-05,2.5398230088495575e-05,2.5398230088495575e-05,2.5398230088495575e-05,2.5398230088495575e-05,2.5398230088495575e-05,2.5398230088495575e-05,2.5398230088495575e-05,2.5398230088495575e-05,2.5398230088495575e-05,2.5398230088495575e-05,2.5398230088495575e-05,2.5398230088495575e-05,2.5398230088495575e-05,2.5398230088495575e-05,2.5398230088495575e-05,2.5398230088495575e-05,2.5398230088495575e-05,2.5398230088495575e-05,2.5398230088495575e-05,2.5398230088495575e-05,2.5398230088495575e-05,2.5398230088495575e-05,5.278275398230096
36703_3#30,0.12727008849557522,0.025370088495575222,6.008849557522123e-05,0.04125008849557522,1.0352600884955752,0.12686008849557523,0.40286008849557525,2.2484500884955754,0.009860088495575221,1.5152500884955753,6.008849557522123e-05,0.30002008849557527,0.9255900884955752,0.0015400884955752213,0.01344008849557522,6.008849557522123e-05,0.32344008849557526,0.42687008849557523,0.04912008849557522,0.25605008849557526,0.05322008849557512,0.0014600884955752213,0.23453008849557522,0.15774008849557522,1.3722000884955752,0.36243008849557523,0.8656100884955753,0.14064008849557522,0.027210088495575123,6.008849557522123e-05,6.008849557522123e-05,4.1982900884955745,0.11698008849557522,6.008849557522123e-05,0.06898008849557521,0.11117008849557522,6.008849557522123e-05,0.04028008849557522,0.04019008849557522,0.01450008849557512,0.24627008849557522,21.072660088495574,0.1596200884955752,0.09628008849557522,0.01383008849557522,0.46636008849557525,0.6339400884955753,0.1298100884955752,0.020940088495575222,0.5718800884955753,0.016600088495575222,0.6941000884955753,0.08586008849557522,0.07447008849557511,0.018090088495575224,0.43677008849557525,0.017020088495575222,0.05460008849557522,0.13996008849557523,5.798850088495575,0.020300088495575123,0.06215008849557522,2.0106800884955756,0.15746008849557522,0.42046008849557515,0.27867008849557523,6.008849557522123e-05,0.025010088495575223,0.01496008849557512,0.004200088495575222,0.20976008849557512,0.6624600884955753,0.009430088495575221,0.07757008849557522,0.03299008849557522,0.018790088495575223,0.2170900884955752,0.06252008849557522,0.01893008849557522,0.21730008849557522,0.004370088495575121,6.008849557522123e-05,6.008849557522123e-05,0.6632700884955752,6.008849557522123e-05,0.25178008849557526,0.5673000884955752,0.07874008849557522,0.01025008849557522,1.4536500884955752,0.05716008849557522,0.12271008849557521,0.006400088495575122,6.008849557522123e-05,0.024220088495575224,0.09547008849557521,1.6424900884955753,6.008849557522123e-05,6.008849557522123e-05,6.008849557522123e-05,0.007310088495575222,0.20714008849557522,0.12144008849557522,0.022810088495575222,6.008849557522123e-05,0.018050088495575222,0.34470008849557526,0.0009000884955752212,0.007390088495575222,0.19341008849557523,0.02070008849557522,0.01356008849557512,43.16124008849557
36703_3#31,3.9646017699115034e-05,1.4108696460176993,3.9646017699115034e-05,0.1532096460176991,0.20248964601769912,0.1525596460176991,1.6882496460176992,0.292789646017699,0.051379646017699114,3.258489646017699,3.9646017699115034e-05,0.8074896460176991,0.018599646017699117,3.9646017699115034e-05,3.9646017699115034e-05,0.104979646017699,1.0448496460176993,0.009319646017699116,0.089049646017699,0.7929296460176991,3.9646017699115034e-05,3.9646017699115034e-05,0.14900964601769912,68.9268796460177,0.10191964601769911,0.0625196460176991,0.43149964601769913,0.009439646017699114,0.1437596460176991,3.9646017699115034e-05,3.9646017699115034e-05,0.038559646017699116,3.9646017699115034e-05,3.9646017699115034e-05,3.9646017699115034e-05,3.9646017699115034e-05,3.9646017699115034e-05,0.040689646017699116,3.9646017699115034e-05,3.9646017699115034e-05,3.9646017699115034e-05,0.24309964601769912,0.021749646017699117,0.011809646017699115,3.9646017699115034e-05,2.886159646017699,2.861989646017699,2.237799646017699,0.0006096460176991151,0.007209646017699115,0.021919646017699117,0.016589646017699116,0.0014896460176990148,3.9646017699115034e-05,0.012729646017699015,0.7656196460176992,0.070509646017699,0.10610964601769911,0.017259646017699116,3.9646017699115034e-05,0.046919646017699115,0.05861964601769912,3.9646017699115034e-05,0.5295296460176991,0.007759646017699115,0.002599646017699115,0.03289964601769912,0.056299646017699115,0.046099646017699114,3.9646017699115034e-05,3.9646017699115034e-05,0.0895796460176991,3.9646017699115034e-05,0.05281964601769912,3.9646017699115034e-05,0.05811964601769912,0.03232964601769912,3.9646017699115034e-05,0.034159646017699115,3.9646017699115034e-05,0.135329646017699,3.9646017699115034e-05,3.9646017699115034e-05,3.9646017699115034e-05,0.040999646017699114,0.05798964601769912,3.9646017699115034e-05,0.020419646017699116,3.9646017699115034e-05,3.9646017699115034e-05,0.2740096460176991,0.4281496460176991,0.031359646017699014,3.9646017699115034e-05,0.039509646017699115,3.9646017699115034e-05,3.9646017699115034e-05,3.9646017699115034e-05,3.9646017699115034e-05,3.9646017699115034e-05,3.9646017699115034e-05,3.9646017699115034e-05,0.008789646017699115,3.9646017699115034e-05,3.9646017699115034e-05,0.022769646017699118,3.9646017699115034e-05,3.9646017699115034e-05,3.9646017699115034e-05,3.9646017699115034e-05,3.9646017699115034e-05,3.9646017699115034e-05,8.626809646017726
36703_3#32,4.3982300884955745e-05,0.014083982300884954,4.3982300884955745e-05,1.2016039823008848,0.18838398230088496,4.3982300884955745e-05,5.052383982300885,2.392803982300885,0.0040539823008848555,1.345873982300885,0.10838398230088485,3.188903982300885,1.2613139823008848,4.3982300884955745e-05,0.09231398230088485,0.637753982300885,1.874613982300885,0.11819398230088496,0.027723982300884957,2.572113982300885,0.06360398230088485,4.3982300884955745e-05,0.32693398230088494,19.156203982300887,4.3982300884955745e-05,1.459193982300885,0.04036398230088485,0.3134439823008849,0.538133982300885,4.3982300884955745e-05,0.025173982300884957,0.060693982300884956,0.024403982300884957,4.3982300884955745e-05,4.3982300884955745e-05,0.014083982300884954,4.3982300884955745e-05,0.08688398230088495,0.0011239823008849558,0.010133982300884855,0.13087398230088496,5.021033982300884,0.7302939823008849,0.5682139823008849,0.060953982300884856,6.247563982300885,11.627193982300884,0.814103982300885,0.005673982300884956,4.3982300884955745e-05,0.12351398230088495,4.3982300884955745e-05,4.3982300884955745e-05,4.3982300884955745e-05,0.318973982300885,0.861883982300885,0.03912398230088495,0.6141739823008849,0.0009639823008849558,4.3982300884955745e-05,4.3982300884955745e-05,0.004083982300884956,4.3982300884955745e-05,0.8236439823008851,0.400293982300885,0.44723398230088496,0.16382398230088496,0.21740398230088498,4.3982300884955745e-05,0.00034398230088495573,4.3982300884955745e-05,2.0736439823008848,0.15611398230088497,0.274353982300885,4.3982300884955745e-05,0.026983982300884956,0.007573982300884956,4.3982300884955745e-05,0.009713982300884955,0.011743982300884954,0.762773982300885,4.3982300884955745e-05,4.3982300884955745e-05,4.3982300884955745e-05,0.10247398230088495,4.3982300884955745e-05,4.3982300884955745e-05,0.04071398230088495,4.3982300884955745e-05,4.3982300884955745e-05,0.13650398230088487,0.15114398230088497,0.024863982300884956,4.3982300884955745e-05,0.0059839823008849555,4.3982300884955745e-05,0.026703982300884957,4.3982300884955745e-05,4.3982300884955745e-05,4.3982300884955745e-05,4.3982300884955745e-05,4.3982300884955745e-05,0.944033982300885,4.3982300884955745e-05,4.3982300884955745e-05,0.031453982300884954,0.28958398230088495,4.3982300884955745e-05,4.3982300884955745e-05,4.3982300884955745e-05,4.3982300884955745e-05,4.3982300884955745e-05,23.499543982300903
36703_3#3,0.18885398230088496,0.03232398230088495,0.306613982300885,0.06337398230088495,0.871023982300885,4.3982300884955745e-05,0.14394398230088495,6.229953982300885,4.3982300884955745e-05,1.6138839823008848,0.04131398230088485,0.21289398230088485,2.222383982300885,0.09799398230088495,0.019483982300884956,0.6967739823008849,0.760023982300885,0.4175639823008849,0.006863982300884956,0.796083982300885,4.3982300884955745e-05,0.011503982300884955,0.08678398230088495,0.11714398230088495,4.3982300884955745e-05,3.186003982300885,0.39310398230088495,0.881923982300885,0.027853982300884955,0.024753982300884957,4.3982300884955745e-05,0.055813982300884954,4.3982300884955745e-05,0.13978398230088496,0.08596398230088495,1.265173982300885,0.018553982300884956,0.041703982300884956,4.3982300884955745e-05,4.3982300884955745e-05,4.3982300884955745e-05,57.74754398230089,0.715113982300885,4.112343982300884,4.3982300884955745e-05,0.559833982300885,4.3982300884955745e-05,0.10034398230088495,0.017103982300884956,0.6815539823008849,0.004283982300884955,4.3982300884955745e-05,0.05673398230088495,0.048383982300884955,4.3982300884955745e-05,0.313163982300885,3.235743982300885,0.744353982300885,0.15703398230088486,0.746503982300885,0.062233982300884956,4.3982300884955745e-05,0.14314398230088496,0.06438398230088495,4.3982300884955745e-05,4.3982300884955745e-05,0.025053982300884958,0.027973982300884857,4.3982300884955745e-05,0.015653982300884956,4.3982300884955745e-05,0.016783982300884955,4.3982300884955745e-05,4.3982300884955745e-05,4.3982300884955745e-05,4.3982300884955745e-05,4.3982300884955745e-05,0.002153982300884956,4.3982300884955745e-05,0.008473982300884956,4.3982300884955745e-05,0.06738398230088495,0.07239398230088495,4.3982300884955745e-05,4.3982300884955745e-05,1.1960039823008848,0.0035839823008849557,4.3982300884955745e-05,4.3982300884955745e-05,0.013323982300884956,4.3982300884955745e-05,4.3982300884955745e-05,4.3982300884955745e-05,4.3982300884955745e-05,4.3982300884955745e-05,0.24938398230088496,4.3982300884955745e-05,4.3982300884955745e-05,4.3982300884955745e-05,4.3982300884955745e-05,0.0015139823008849557,0.006463982300884956,0.026453982300884957,0.010523982300884955,0.03214398230088495,4.3982300884955745e-05,1.435683982300885,4.3982300884955745e-05,0.014393982300884855,0.0023939823008849556,4.3982300884955745e-05,4.3982300884955745e-05,6.203193982300868
36703_3#5,0.5973966371681415,4.016046637168142,0.07460663716814159,2.6637168141592916e-05,0.3512766371681415,2.6637168141592916e-05,1.5483466371681416,0.1339166371681416,0.022926637168141493,2.7676066371681416,0.00037663716814159297,3.6667166371681414,0.0979566371681416,0.09850663716814159,2.6637168141592916e-05,0.1772166371681416,0.8500066371681415,2.6637168141592916e-05,2.6637168141592916e-05,4.265106637168142,2.6637168141592916e-05,0.020636637168141594,2.6637168141592916e-05,0.6543966371681414,0.6917666371681416,0.42444663716814157,0.6974966371681415,2.6637168141592916e-05,0.0563266371681416,2.6637168141592916e-05,0.0031966371681415927,0.7653166371681416,0.036176637168141595,2.6637168141592916e-05,0.008356637168141593,0.029506637168141593,2.6637168141592916e-05,2.6637168141592916e-05,2.6637168141592916e-05,2.6637168141592916e-05,2.6637168141592916e-05,0.1786666371681415,2.6637168141592916e-05,2.6637168141592916e-05,2.6637168141592916e-05,2.6637168141592916e-05,2.6637168141592916e-05,2.6637168141592916e-05,2.6637168141592916e-05,0.031956637168141594,2.6637168141592916e-05,2.6637168141592916e-05,2.6637168141592916e-05,0.2804766371681416,2.6637168141592916e-05,2.6637168141592916e-05,3.7795766371681414,2.6637168141592916e-05,2.6637168141592916e-05,0.1633766371681416,2.6637168141592916e-05,2.6637168141592916e-05,2.6637168141592916e-05,2.6637168141592916e-05,2.6637168141592916e-05,2.6637168141592916e-05,2.6637168141592916e-05,2.6637168141592916e-05,2.6637168141592916e-05,2.6637168141592916e-05,0.04272663716814149,2.6637168141592916e-05,2.6637168141592916e-05,2.6637168141592916e-05,0.024256637168141592,2.6637168141592916e-05,2.6637168141592916e-05,2.6637168141592916e-05,2.6637168141592916e-05,2.6637168141592916e-05,2.6637168141592916e-05,2.6637168141592916e-05,0.3000466371681416,0.0032266371681415927,2.6637168141592916e-05,2.6637168141592916e-05,0.12336663716814149,2.6637168141592916e-05,2.6637168141592916e-05,2.6637168141592916e-05,2.6637168141592916e-05,2.6637168141592916e-05,2.6637168141592916e-05,2.6637168141592916e-05,2.6637168141592916e-05,2.6637168141592916e-05,2.6637168141592916e-05,2.6637168141592916e-05,0.7910566371681416,2.6637168141592916e-05,2.6637168141592916e-05,0.5253666371681416,0.000506637168141593,2.6637168141592916e-05,0.010636637168141594,2.6637168141592916e-05,2.6637168141592916e-05,2.6637168141592916e-05,0.06661663716814159,2.6637168141592916e-05,2.6637168141592916e-05,0.3826066371681416,71.23803663716812
36703_3#6,2.9115044247787605e-05,5.175439115044248,0.012449115044247786,0.3627991150442478,2.5557891150442478,0.005279115044247788,3.535609115044248,0.2514191150442478,2.9115044247787605e-05,9.014069115044249,0.35483911504424775,4.822569115044248,14.080359115044248,2.9115044247787605e-05,2.9115044247787605e-05,0.4967091150442478,2.578779115044248,2.9115044247787605e-05,0.17751911504424778,0.6946491150442478,0.0044991150442477874,2.9115044247787605e-05,0.022049115044247787,27.18066911504425,0.2813391150442478,4.143669115044247,0.3051991150442478,0.1937091150442478,0.09304911504424768,2.9115044247787605e-05,0.02316911504424769,0.13491911504424778,0.09791911504424779,0.05071911504424779,2.9115044247787605e-05,0.016159115044247788,2.9115044247787605e-05,2.9115044247787605e-05,2.9115044247787605e-05,2.9115044247787605e-05,2.9115044247787605e-05,1.0060391150442478,2.9115044247787605e-05,2.9115044247787605e-05,2.9115044247787605e-05,0.043869115044247786,0.058959115044247785,2.9115044247787605e-05,0.02887911504424769,0.01704911504424779,0.061769115044247785,2.9115044247787605e-05,2.9115044247787605e-05,2.9115044247787605e-05,2.9115044247787605e-05,0.03614911504424779,0.03605911504424779,2.9115044247787605e-05,2.9115044247787605e-05,2.9115044247787605e-05,2.9115044247787605e-05,2.9115044247787605e-05,0.02291911504424769,0.03235911504424779,2.9115044247787605e-05,2.9115044247787605e-05,2.9115044247787605e-05,2.9115044247787605e-05,2.9115044247787605e-05,2.9115044247787605e-05,2.9115044247787605e-05,2.9115044247787605e-05,2.9115044247787605e-05,2.9115044247787605e-05,2.9115044247787605e-05,2.9115044247787605e-05,2.9115044247787605e-05,2.9115044247787605e-05,2.9115044247787605e-05,2.9115044247787605e-05,2.9115044247787605e-05,2.9115044247787605e-05,0.018389115044247787,0.03470911504424779,2.9115044247787605e-05,0.02411911504424779,2.9115044247787605e-05,2.9115044247787605e-05,2.9115044247787605e-05,0.0014391150442477877,2.9115044247787605e-05,0.013659115044247787,2.9115044247787605e-05,2.9115044247787605e-05,2.9115044247787605e-05,2.9115044247787605e-05,0.016239115044247788,2.9115044247787605e-05,2.9115044247787605e-05,2.9115044247787605e-05,2.9115044247787605e-05,0.09096911504424778,0.0048591150442477875,2.9115044247787605e-05,2.9115044247787605e-05,2.9115044247787605e-05,2.9115044247787605e-05,2.9115044247787605e-05,2.9115044247787605e-05,2.9115044247787605e-05,2.9115044247787605e-05,2.9115044247787605e-05,21.784299115044277
36703_3#7,4.410953362831859,0.7480933628318585,6.926213362831858,0.5097733628318585,0.5165633628318584,0.004173362831858407,0.8370733628318584,3.354753362831859,4.336283185840708e-05,1.5545833628318584,0.6423233628318584,1.8711033628318583,0.12509336283185843,1.8349533628318584,4.336283185840708e-05,0.3478533628318584,1.5220833628318584,0.1048633628318584,0.053063362831858404,1.3653333628318582,0.11844336283185841,1.3368133628318584,0.7260133628318585,0.022043362831858405,0.5822733628318585,0.2879533628318584,0.8007033628318585,0.0632233628318584,0.055893362831858404,0.0676433628318584,0.4539633628318583,0.5772233628318585,0.3282433628318584,0.0725533628318583,1.3238733628318584,0.0983933628318584,0.042823362831858405,0.0798133628318584,4.336283185840708e-05,4.336283185840708e-05,4.336283185840708e-05,5.255543362831858,4.336283185840708e-05,4.336283185840708e-05,4.336283185840708e-05,4.336283185840708e-05,4.336283185840708e-05,4.336283185840708e-05,0.0758333628318584,2.3165633628318587,0.4909133628318584,0.032333362831858406,0.038463362831858305,1.1289933628318582,4.336283185840708e-05,0.33570336283185837,4.336283185840708e-05,4.336283185840708e-05,4.336283185840708e-05,1.1197233628318584,0.6213233628318584,0.19319336283185842,1.8261133628318584,4.336283185840708e-05,4.336283185840708e-05,4.336283185840708e-05,4.336283185840708e-05,4.336283185840708e-05,4.336283185840708e-05,4.336283185840708e-05,0.26771336283185837,0.04965336283185841,4.336283185840708e-05,4.336283185840708e-05,0.5869133628318585,4.336283185840708e-05,4.336283185840708e-05,4.336283185840708e-05,0.03571336283185841,4.336283185840708e-05,4.336283185840708e-05,4.336283185840708e-05,1.2978033628318582,1.6586433628318584,0.12612336283185843,0.7393933628318584,4.336283185840708e-05,4.336283185840708e-05,4.336283185840708e-05,1.4085933628318583,4.336283185840708e-05,4.336283185840708e-05,4.336283185840708e-05,0.03358336283185841,4.336283185840708e-05,1.5265233628318584,1.0151933628318583,4.336283185840708e-05,4.336283185840708e-05,0.017993362831858307,0.024453362831858404,0.20920336283185842,1.4312433628318584,0.07871336283185841,4.336283185840708e-05,0.0895833628318584,0.2472433628318584,4.336283185840708e-05,0.2808433628318584,0.024363362831858405,4.336283185840708e-05,4.336283185840708e-05,41.64720336283186
36703_3#8,4.349469646017699,0.3588596460176991,1.7340196460176993,2.323869646017699,5.258159646017699,0.39064964601769914,0.5807196460176991,18.6781896460177,3.9646017699115034e-05,12.1363196460177,0.4857496460176991,0.092699646017699,5.431639646017699,2.3288596460176993,3.9646017699115034e-05,0.2566896460176991,0.185229646017699,0.009709646017699115,0.2372496460176991,0.7451196460176991,0.051929646017699116,0.3324396460176991,1.7223496460176992,0.02010964601769912,0.001579646017699115,3.194949646017699,3.728569646017699,0.11815964601769911,0.005789646017699115,0.2851596460176991,0.08587964601769911,0.5131796460176992,3.9646017699115034e-05,1.4805696460176991,0.4255796460176991,1.2645096460176992,0.006109646017699115,0.016569646017699117,3.9646017699115034e-05,3.9646017699115034e-05,3.9646017699115034e-05,3.9646017699115034e-05,3.9646017699115034e-05,3.9646017699115034e-05,1.6704596460176997,3.9646017699115034e-05,3.9646017699115034e-05,3.9646017699115034e-05,0.3564996460176991,0.7732196460176991,3.9646017699115034e-05,3.9646017699115034e-05,0.003159646017699015,0.031349646017699115,3.9646017699115034e-05,0.012259646017699116,3.9646017699115034e-05,3.9646017699115034e-05,3.9646017699115034e-05,0.7503596460176991,3.9646017699115034e-05,3.9646017699115034e-05,1.5141796460176993,3.9646017699115034e-05,3.9646017699115034e-05,0.4543896460176991,3.9646017699115034e-05,3.9646017699115034e-05,3.9646017699115034e-05,0.011619646017699116,1.6236596460176993,3.9646017699115034e-05,0.1954096460176991,3.9646017699115034e-05,3.9646017699115034e-05,3.9646017699115034e-05,0.0655296460176991,3.9646017699115034e-05,3.9646017699115034e-05,3.9646017699115034e-05,3.9646017699115034e-05,0.44509964601769914,0.21206964601769912,0.4410696460176991,3.9646017699115034e-05,3.9646017699115034e-05,5.242479646017699,3.9646017699115034e-05,3.9646017699115034e-05,3.9646017699115034e-05,3.9646017699115034e-05,3.9646017699115034e-05,3.9646017699115034e-05,0.7614896460176991,3.9646017699115034e-05,0.2629896460176991,3.9646017699115034e-05,3.9646017699115034e-05,0.001379646017699115,0.1512796460176991,0.06482964601769911,0.1562696460176991,0.4055396460176991,0.08745964601769911,0.2154696460176991,0.4792796460176991,3.9646017699115034e-05,3.9646017699115034e-05,0.2437996460176991,3.9646017699115034e-05,3.9646017699115034e-05,3.9646017699115034e-05,14.52881964601765
36703_3#9,3.9628815044247787,0.3129715044247788,4.738821504424779,0.4630815044247788,5.552891504424778,0.2593015044247788,0.7108815044247788,8.225501504424779,4.150442477876106e-05,19.157001504424777,0.042841504424778756,0.14424150442477876,6.6131515044247795,1.3397015044247789,0.023771504424778763,0.043951504424778756,0.10204150442477876,0.025401504424778763,0.21616150442477874,0.6056415044247787,3.3659315044247786,0.29796150442477876,0.6889315044247788,0.019271504424778763,4.150442477876106e-05,2.991371504424779,0.5989415044247788,0.13053150442477865,0.02188150442477876,0.02510150442477876,0.5118315044247788,0.3612815044247787,4.150442477876106e-05,0.7345515044247788,0.45656150442477866,2.619781504424779,0.035041504424778755,0.05058150442477876,0.03086150442477866,4.150442477876106e-05,4.150442477876106e-05,4.150442477876106e-05,0.37174150442477877,4.150442477876106e-05,4.150442477876106e-05,4.150442477876106e-05,4.150442477876106e-05,4.150442477876106e-05,0.14088150442477865,0.5874115044247787,4.150442477876106e-05,4.150442477876106e-05,4.150442477876106e-05,0.6382415044247788,4.150442477876106e-05,0.14288150442477865,0.7263115044247788,0.19022150442477875,4.150442477876106e-05,1.7986315044247787,4.150442477876106e-05,0.13482150442477875,4.150442477876106e-05,4.150442477876106e-05,4.150442477876106e-05,0.4449815044247788,0.004221504424778762,4.150442477876106e-05,4.150442477876106e-05,0.06079150442477876,4.150442477876106e-05,4.150442477876106e-05,4.150442477876106e-05,4.150442477876106e-05,4.150442477876106e-05,4.150442477876106e-05,0.023951504424778763,4.150442477876106e-05,4.150442477876106e-05,4.150442477876106e-05,4.150442477876106e-05,0.13533150442477865,0.10071150442477876,0.04280150442477876,4.150442477876106e-05,2.957001504424779,2.274811504424779,0.006531504424778761,4.150442477876106e-05,4.150442477876106e-05,4.150442477876106e-05,4.150442477876106e-05,0.012361504424778761,5.066801504424779,0.014451504424778761,4.150442477876106e-05,4.150442477876106e-05,0.003661504424778661,4.150442477876106e-05,4.150442477876106e-05,0.08096150442477866,0.07758150442477876,0.19702150442477875,0.024051504424778762,0.17796150442477876,4.150442477876106e-05,0.0064615044247787615,4.150442477876106e-05,4.150442477876106e-05,0.07471150442477877,4.150442477876106e-05,4.150442477876106e-05,17.99913150442476
37035_1#10,4.646017699115044e-05,0.01216646017699115,4.646017699115044e-05,0.04113646017699115,0.04374646017699105,4.646017699115044e-05,1.0077164601769912,0.0018364601769911505,0.018416460176991153,0.33699646017699114,4.646017699115044e-05,0.17160646017699116,4.646017699115044e-05,4.646017699115044e-05,4.646017699115044e-05,0.03143646017699115,0.17685646017699105,0.00882646017699115,0.03963646017699115,0.11011646017699116,0.00045646017699105045,4.646017699115044e-05,0.10676646017699115,0.04829646017699115,0.47600646017699116,0.061666460176991046,0.9741264601769911,4.646017699115044e-05,0.08555646017699106,4.646017699115044e-05,4.646017699115044e-05,0.11732646017699115,0.16463646017699116,4.646017699115044e-05,4.646017699115044e-05,4.646017699115044e-05,4.646017699115044e-05,0.01407646017699115,0.07399646017699116,4.646017699115044e-05,4.646017699115044e-05,0.22857646017699115,0.08232646017699116,0.00497646017699115,4.646017699115044e-05,0.35133646017699116,0.34461646017699116,0.06689646017699115,4.646017699115044e-05,0.08732646017699115,0.04219646017699115,0.17926646017699116,4.646017699115044e-05,0.0017864601769911504,4.646017699115044e-05,0.054196460176991146,0.030006460176991153,0.03172646017699115,0.00670646017699115,0.05600646017699105,4.646017699115044e-05,4.646017699115044e-05,0.21120646017699116,0.3128264601769912,4.646017699115044e-05,0.01468646017699105,0.03450646017699115,0.02630646017699115,4.646017699115044e-05,4.646017699115044e-05,0.00531646017699115,0.37814646017699116,0.0030864601769911505,0.05542646017699115,0.0024764601769911507,0.029066460176991053,0.01939646017699115,4.646017699115044e-05,4.646017699115044e-05,4.646017699115044e-05,0.13632646017699115,4.646017699115044e-05,4.646017699115044e-05,0.00620646017699105,0.06503646017699116,0.02358646017699115,0.01232646017699115,0.12300646017699116,0.039466460176991146,0.14761646017699115,0.0018764601769911504,0.29984646017699107,0.01105646017699115,0.03585646017699115,0.021506460176991152,4.646017699115044e-05,1.9221264601769912,0.049756460176991146,4.646017699115044e-05,4.646017699115044e-05,4.646017699115044e-05,4.646017699115044e-05,0.00441646017699105,0.0003364601769911505,4.646017699115044e-05,1.223326460176991,4.646017699115044e-05,0.007416460176991151,0.0026364601769911507,0.01702646017699115,0.0013864601769911504,0.00414646017699115,89.058146460177
37035_1#11,2.9115044247787605e-05,2.9115044247787605e-05,2.9115044247787605e-05,0.006509115044247788,0.005869115044247788,2.9115044247787605e-05,0.2884191150442478,0.01951911504424779,2.9115044247787605e-05,0.21930911504424777,2.9115044247787605e-05,0.21362911504424767,0.01678911504424779,2.9115044247787605e-05,2.9115044247787605e-05,0.004719115044247788,0.11629911504424778,2.9115044247787605e-05,0.0014191150442477876,0.1498091150442478,2.9115044247787605e-05,2.9115044247787605e-05,0.13141911504424778,2.620229115044248,1.9776791150442476,2.9115044247787605e-05,0.010049115044247787,2.9115044247787605e-05,0.06561911504424778,2.9115044247787605e-05,2.9115044247787605e-05,2.9115044247787605e-05,0.014649115044247787,2.9115044247787605e-05,2.9115044247787605e-05,2.9115044247787605e-05,2.9115044247787605e-05,0.21544911504424777,2.9115044247787605e-05,2.9115044247787605e-05,0.010549115044247787,0.19311911504424778,2.9115044247787605e-05,2.9115044247787605e-05,2.9115044247787605e-05,0.3450891150442478,0.5090491150442478,0.08623911504424778,2.9115044247787605e-05,2.9115044247787605e-05,0.0009791150442476876,2.9115044247787605e-05,2.9115044247787605e-05,2.9115044247787605e-05,0.03300911504424779,0.32448911504424777,0.008709115044247788,0.006369115044247688,2.9115044247787605e-05,2.9115044247787605e-05,2.9115044247787605e-05,2.9115044247787605e-05,0.006969115044247787,0.10422911504424778,0.004489115044247688,2.9115044247787605e-05,2.9115044247787605e-05,0.010419115044247687,2.9115044247787605e-05,2.9115044247787605e-05,2.9115044247787605e-05,0.02480911504424779,0.004879115044247788,0.015909115044247787,2.9115044247787605e-05,2.9115044247787605e-05,0.0022291150442477876,2.9115044247787605e-05,2.9115044247787605e-05,2.9115044247787605e-05,0.02989911504424769,2.9115044247787605e-05,2.9115044247787605e-05,2.9115044247787605e-05,0.0050291150442477875,2.9115044247787605e-05,2.9115044247787605e-05,0.006869115044247687,2.9115044247787605e-05,0.0016891150442477877,0.005789115044247788,0.03675911504424779,2.9115044247787605e-05,2.9115044247787605e-05,0.0010491150442477877,2.9115044247787605e-05,0.013199115044247787,2.9115044247787605e-05,2.9115044247787605e-05,2.9115044247787605e-05,2.9115044247787605e-05,2.9115044247787605e-05,0.0022091150442477875,2.9115044247787605e-05,2.9115044247787605e-05,0.06188911504424769,2.9115044247787605e-05,2.9115044247787605e-05,2.9115044247787605e-05,2.9115044247787605e-05,2.9115044247787605e-05,2.9115044247787605e-05,92.06477911504425
37035_1#12,0.05982256637168131,0.027142566371681415,6.256637168141592e-05,0.040012566371681414,0.8473925663716815,0.1706425663716814,0.6060525663716815,1.6969825663716815,0.017382566371681413,1.4847625663716812,6.256637168141592e-05,0.2230725663716814,0.7281925663716814,0.003172566371681416,0.017792566371681414,0.000992566371681416,0.27782256637168146,0.7466625663716814,0.06594256637168142,0.26325256637168143,0.15944256637168142,0.002442566371681416,0.3094825663716814,0.1547525663716813,1.4354025663716814,0.3739825663716814,1.1565525663716814,0.1992825663716814,0.04795256637168142,0.008602566371681416,6.256637168141592e-05,6.557762566371681,0.07586256637168143,6.256637168141592e-05,0.09460256637168142,0.10692256637168142,6.256637168141592e-05,0.051862566371681414,0.09463256637168142,0.014542566371681416,0.2539225663716814,13.898252566371681,0.2176525663716814,0.09965256637168142,0.024872566371681414,0.4190925663716814,0.5823425663716815,0.13671256637168142,0.021382566371681413,0.7033925663716815,0.05614256637168141,0.8340525663716815,0.10563256637168142,0.07828256637168142,0.001802566371681416,0.6800025663716814,0.017892566371681413,0.07956256637168142,0.11163256637168142,5.680962566371681,0.030182566371681315,0.07136256637168142,2.5814725663716813,0.26581256637168144,0.5508825663716814,0.38033256637168145,0.007512566371681416,0.014022566371681417,0.007142566371681416,0.024422566371681415,0.1756625663716814,1.2029125663716813,0.020362566371681413,0.08526256637168142,0.07430256637168142,0.010732566371681415,0.3003825663716814,0.10076256637168142,0.028842566371681415,0.1549025663716814,0.0039025663716814162,6.256637168141592e-05,6.256637168141592e-05,0.8421825663716814,0.0007625663716814159,0.2337825663716814,0.8097625663716814,0.11714256637168143,0.07074256637168141,1.6650125663716815,0.03910256637168141,0.13058256637168142,0.017482566371681413,6.256637168141592e-05,0.05183256637168141,0.10679256637168143,1.8685525663716813,6.256637168141592e-05,6.256637168141592e-05,6.256637168141592e-05,0.04918256637168141,0.1435325663716814,0.1592225663716813,0.048152566371681416,6.256637168141592e-05,0.03905256637168141,0.2525225663716814,0.002692566371681416,0.005322566371681416,0.29569256637168145,0.018292566371681414,0.023602566371681413,44.79265256637169
37035_1#13,5.203539823008849e-05,0.0012020353982300884,5.203539823008849e-05,0.04556203539823009,2.3399420353982303,5.203539823008849e-05,0.13171203539822998,4.32945203539823,0.0042220353982300885,5.602402035398231,5.203539823008849e-05,0.02066203539823009,3.4688320353982305,5.203539823008849e-05,0.16325203539823008,5.203539823008849e-05,0.14277203539823008,0.031482035398230086,0.013252035398229988,0.42427203539823,0.06642203539823009,5.203539823008849e-05,0.0018020353982300885,0.99357203539823,1.9159020353982301,1.23104203539823,0.65848203539823,0.024032035398230088,0.0002720353982300885,0.02972203539823009,0.04044203539823009,0.02725203539823009,5.203539823008849e-05,0.054312035398229985,0.0961620353982301,5.203539823008849e-05,5.203539823008849e-05,5.203539823008849e-05,5.203539823008849e-05,5.203539823008849e-05,1.13334203539823,37.07385203539823,0.12344203539823,0.84332203539823,0.22261203539823007,0.06040203539823009,0.23616203539823008,0.0017820353982300884,0.34747203539823013,0.76452203539823,5.203539823008849e-05,0.03371203539823009,0.4730420353982301,0.03144203539823009,0.92953203539823,0.009052035398230088,0.014742035398229988,0.46807203539823,0.10215203539823009,2.6027520353982303,5.203539823008849e-05,0.13280203539823007,0.3460920353982301,5.203539823008849e-05,1.95021203539823,0.02695203539822999,0.0779420353982301,5.203539823008849e-05,5.203539823008849e-05,0.07789203539823009,0.22034203539823008,0.05966203539823008,0.08733203539823009,5.203539823008849e-05,0.04252203539822998,5.203539823008849e-05,0.010202035398230088,0.002192035398230089,5.203539823008849e-05,0.11579203539823009,0.009702035398230087,0.008112035398230088,0.0016020353982300884,0.74755203539823,5.203539823008849e-05,0.8087220353982301,0.0060520353982300885,0.0003620353982299885,5.203539823008849e-05,0.27864203539823,0.047842035398230086,0.0017720353982300884,0.006122035398230088,0.01578203539823009,5.203539823008849e-05,0.037212035398230085,0.5078320353982301,0.4718720353982301,0.008932035398230087,0.0688120353982301,0.09117203539823009,5.203539823008849e-05,0.008762035398230087,0.050242035398230085,5.203539823008849e-05,5.203539823008849e-05,0.03804203539823008,0.04416203539823008,0.015232035398230087,0.015302035398229987,5.203539823008849e-05,5.203539823008849e-05,26.228872035398215
37035_1#14,5.823008849557522e-05,5.823008849557522e-05,5.823008849557522e-05,0.05068823008849558,0.0064282300884955755,0.060218230088495577,0.9627582300884956,0.3298582300884956,0.013908230088495475,1.1876482300884954,5.823008849557522e-05,0.13061823008849557,0.021698230088495574,5.823008849557522e-05,5.823008849557522e-05,0.0015982300884955754,0.18764823008849557,0.015248230088495575,0.15572823008849557,0.41543823008849556,0.024978230088495573,5.823008849557522e-05,0.17804823008849557,0.031298230088495575,5.823008849557522e-05,0.2350682300884956,0.22627823008849557,0.061928230088495476,0.05856823008849548,5.823008849557522e-05,0.013228230088495576,0.14871823008849558,0.016818230088495575,0.010538230088495576,0.18125823008849556,5.823008849557522e-05,5.823008849557522e-05,0.026968230088495575,0.014108230088495476,5.823008849557522e-05,0.033068230088495576,1.2690882300884954,0.020088230088495574,0.04148823008849558,0.07700823008849558,0.25830823008849557,0.9608382300884956,0.048818230088495576,0.044828230088495576,1.1566882300884955,0.002078230088495575,0.16167823008849558,0.055228230088495575,0.39539823008849556,0.005248230088495575,0.11825823008849558,0.25179823008849556,0.0015182300884955752,0.2623782300884956,0.8228482300884956,0.05253823008849558,0.10408823008849558,2.2328082300884953,0.2999482300884956,0.024948230088495574,0.014988230088495575,0.006658230088495575,0.006378230088495575,0.006918230088495475,0.015248230088495575,0.15088823008849558,1.2037782300884954,0.021168230088495575,5.823008849557522e-05,0.14549823008849558,0.024608230088495574,0.22843823008849556,0.09879823008849557,0.012268230088495575,0.033448230088495574,0.037618230088495574,5.823008849557522e-05,5.823008849557522e-05,1.4260882300884954,5.823008849557522e-05,5.823008849557522e-05,0.2997182300884956,0.06368823008849558,0.05101823008849558,0.5130882300884956,0.023478230088495575,0.09984823008849558,0.06992823008849558,0.005078230088495575,5.823008849557522e-05,0.19222823008849557,4.7835482300884955,5.174848230088496,0.15018823008849558,0.24792823008849557,0.020518230088495574,0.14569823008849547,0.0016982300884955752,5.823008849557522e-05,0.044738230088495576,1.1903882300884954,0.04286823008849558,0.10507823008849558,1.1805482300884955,0.24342823008849557,0.031078230088495473,0.8540782300884956,67.56311823008849
37035_1#15,2.9115044247787605e-05,2.9115044247787605e-05,2.9115044247787605e-05,1.7389691150442477,0.2139491150442478,2.9115044247787605e-05,15.640689115044248,30.79599911504425,2.9115044247787605e-05,4.942769115044247,2.9115044247787605e-05,2.9115044247787605e-05,1.2078691150442478,2.9115044247787605e-05,2.9115044247787605e-05,2.9115044247787605e-05,1.8701691150442477,2.9115044247787605e-05,2.9115044247787605e-05,2.024859115044248,0.12814911504424778,2.9115044247787605e-05,0.07856911504424778,1.1380791150442477,0.5432791150442479,0.5186891150442479,2.9115044247787605e-05,0.03692911504424769,0.7079791150442478,2.9115044247787605e-05,2.9115044247787605e-05,0.20642911504424777,0.15067911504424777,1.5689291150442477,0.013669115044247787,2.9115044247787605e-05,0.05212911504424779,2.9115044247787605e-05,2.9115044247787605e-05,2.9115044247787605e-05,0.46974911504424777,4.970819115044248,2.9115044247787605e-05,2.9115044247787605e-05,2.9115044247787605e-05,7.4425991150442465,0.19153911504424778,2.9115044247787605e-05,0.008349115044247787,2.9115044247787605e-05,2.9115044247787605e-05,2.9115044247787605e-05,2.9115044247787605e-05,0.36866911504424776,0.41507911504424777,0.046699115044247785,0.030719115044247788,2.9115044247787605e-05,2.9115044247787605e-05,0.013849115044247786,2.9115044247787605e-05,0.18137911504424778,0.33597911504424777,2.9115044247787605e-05,0.5585491150442478,2.9115044247787605e-05,2.9115044247787605e-05,2.9115044247787605e-05,2.9115044247787605e-05,2.9115044247787605e-05,2.9115044247787605e-05,2.9115044247787605e-05,2.9115044247787605e-05,2.9115044247787605e-05,0.10064911504424778,2.9115044247787605e-05,0.15029911504424778,0.11693911504424778,2.9115044247787605e-05,0.05210911504424779,0.18792911504424778,2.9115044247787605e-05,2.9115044247787605e-05,0.03183911504424779,2.9115044247787605e-05,2.9115044247787605e-05,2.9115044247787605e-05,2.9115044247787605e-05,2.9115044247787605e-05,0.0002991150442476876,2.9115044247787605e-05,0.010459115044247787,2.9115044247787605e-05,2.9115044247787605e-05,2.9115044247787605e-05,0.2816791150442477,0.6962391150442478,0.3361691150442478,2.9115044247787605e-05,0.0017391150442477876,0.04894911504424779,2.9115044247787605e-05,2.9115044247787605e-05,2.9115044247787605e-05,2.9115044247787605e-05,2.9115044247787605e-05,2.9115044247787605e-05,2.9115044247787605e-05,2.9115044247787605e-05,2.9115044247787605e-05,2.9115044247787605e-05,2.9115044247787605e-05,19.370019115044276
37035_1#16,5.451327433628318e-05,5.451327433628318e-05,5.451327433628318e-05,0.09218451327433629,0.5265945132743363,5.451327433628318e-05,0.1666445132743363,3.5220945132743364,0.002524513274336183,3.676204513274336,5.451327433628318e-05,0.003914513274336183,0.6574045132743362,5.451327433628318e-05,0.1307245132743363,5.451327433628318e-05,0.1676445132743363,5.451327433628318e-05,0.014944513274336282,0.11124451327433628,0.28409451327433627,5.451327433628318e-05,0.05425451327433628,0.2513345132743363,0.21411451327433628,0.36685451327433627,0.7627245132743362,0.2311645132743363,0.03706451327433628,5.451327433628318e-05,0.5163645132743363,0.15977451327433628,5.451327433628318e-05,0.06502451327433628,0.5927845132743362,0.07786451327433618,0.2329845132743363,0.2542045132743363,0.1750845132743363,5.451327433628318e-05,0.7882545132743363,9.621764513274336,0.31290451327433627,0.9390145132743363,0.021414513274336286,0.020974513274336287,0.1402245132743363,0.004784513274336283,0.12345451327433628,1.4349345132743363,5.451327433628318e-05,0.03787451327433628,1.4037545132743363,0.2877645132743363,0.5042145132743363,0.03505451327433628,0.03978451327433628,0.005314513274336283,0.024274513274336284,0.1518345132743363,0.04009451327433628,0.4911945132743363,1.1186645132743362,5.451327433628318e-05,0.30807451327433627,0.1982745132743363,0.09425451327433629,5.451327433628318e-05,5.451327433628318e-05,0.0017145132743362833,0.1952845132743363,0.016704513274336284,0.1983045132743363,5.451327433628318e-05,0.037904513274336284,0.003144513274336283,0.023874513274336286,0.003324513274336183,0.004344513274336283,0.6786645132743363,0.003814513274336183,5.451327433628318e-05,0.023674513274336284,1.8848345132743363,5.451327433628318e-05,2.2559345132743363,0.2295545132743362,5.451327433628318e-05,0.1604845132743363,0.5367245132743362,5.451327433628318e-05,0.022354513274336185,5.451327433628318e-05,0.08665451327433628,5.451327433628318e-05,0.3112045132743363,0.3830445132743363,0.6355845132743363,0.6326545132743362,0.5881045132743362,0.1762745132743363,0.10617451327433629,0.2576145132743363,0.03274451327433628,0.006484513274336283,5.451327433628318e-05,0.06145451327433628,0.2326245132743363,0.034394513274336284,0.10884451327433618,5.451327433628318e-05,0.10130451327433627,58.466864513274324
37035_1#17,5.6371681415929195e-05,0.02805637168141583,5.6371681415929195e-05,0.3617063716814159,0.034896371681415926,0.02466637168141593,0.798546371681416,1.5421363716814158,5.6371681415929195e-05,7.423666371681416,0.004736371681415929,0.19943637168141592,0.12863637168141592,5.6371681415929195e-05,0.0007063716814159292,0.02766637168141593,0.6441363716814159,0.08946637168141583,0.04943637168141593,0.3024463716814159,0.01719637168141593,5.6371681415929195e-05,0.10383637168141592,7.648306371681416,1.197696371681416,0.6057663716814159,0.774296371681416,0.02912637168141593,0.08924637168141593,5.6371681415929195e-05,5.6371681415929195e-05,0.14333637168141594,0.03474637168141593,0.08050637168141592,0.01028637168141593,0.01609637168141593,0.02214637168141593,1.190336371681416,0.06208637168141593,5.6371681415929195e-05,0.01672637168141593,0.849606371681416,0.11545637168141593,0.00455637168141593,5.6371681415929195e-05,1.2420463716814159,1.185556371681416,0.01880637168141593,5.6371681415929195e-05,0.14961637168141584,0.01700637168141593,0.6438363716814159,0.10994637168141583,0.2551363716814159,0.01995637168141583,0.19458637168141593,0.09038637168141592,0.21430637168141584,0.009916371681415929,0.4097663716814159,5.6371681415929195e-05,0.3237963716814159,0.5634363716814159,0.23678637168141595,0.02010637168141593,0.04469637168141593,0.007616371681415929,0.02603637168141593,0.02552637168141593,0.3834763716814159,0.05057637168141583,0.6861763716814159,0.3941663716814159,0.05528637168141593,0.00519637168141593,0.008266371681415929,0.15491637168141584,0.11283637168141593,0.01116637168141583,0.021986371681415928,0.3519063716814158,5.6371681415929195e-05,0.005996371681415929,0.027106371681415928,0.03169637168141593,5.6371681415929195e-05,0.16971637168141593,0.05449637168141593,0.02338637168141593,5.6371681415929195e-05,5.6371681415929195e-05,0.16951637168141592,0.10536637168141592,0.028636371681415928,5.6371681415929195e-05,0.01496637168141593,0.4134663716814159,0.07685637168141592,0.01732637168141593,5.6371681415929195e-05,0.0002263716814158292,5.6371681415929195e-05,0.023016371681415928,5.6371681415929195e-05,5.6371681415929195e-05,0.3214763716814159,5.6371681415929195e-05,5.6371681415929195e-05,0.002346371681415929,0.01169637168141593,0.002476371681415929,0.00568637168141593,65.77677637168142
37035_1#18,5.5132743362831854e-05,0.002635132743362832,5.5132743362831854e-05,0.14056513274336274,0.12057513274336283,0.03624513274336283,4.796235132743362,1.476035132743363,0.5392051327433629,8.970605132743364,0.004675132743362832,0.9103651327433628,0.11587513274336284,5.5132743362831854e-05,5.5132743362831854e-05,2.2206451327433627,0.9453951327433628,0.07715513274336283,0.11715513274336282,1.4933951327433628,5.5132743362831854e-05,5.5132743362831854e-05,1.813345132743363,13.305965132743362,3.739645132743363,1.437735132743363,3.3001351327433626,0.03533513274336283,0.26427513274336284,5.5132743362831854e-05,0.059815132743362726,0.6704351327433629,0.014265132743362831,0.013245132743362831,0.0046551327433628316,0.12020513274336282,5.5132743362831854e-05,0.35224513274336283,0.19231513274336284,0.0046351327433628315,0.10388513274336283,4.905955132743363,0.24727513274336285,0.07437513274336283,0.008945132743362831,4.107235132743362,0.3591051327433628,0.33160513274336273,0.06637513274336283,0.22032513274336285,0.13595513274336285,0.27031513274336283,0.05295513274336283,0.013535132743362831,0.22410513274336274,2.0657151327433625,0.002935132743362832,0.5197151327433629,0.04485513274336283,0.6522651327433628,5.5132743362831854e-05,0.01821513274336283,0.07496513274336272,0.5527551327433629,0.6215451327433629,0.5125951327433629,0.6619451327433629,0.14010513274336284,0.02129513274336283,0.012395132743362831,5.5132743362831854e-05,0.3925151327433628,0.036665132743362826,0.06735513274336283,0.0006751327433628318,0.5031051327433629,0.14418513274336284,0.033785132743362825,0.23202513274336284,5.5132743362831854e-05,1.7502651327433627,5.5132743362831854e-05,5.5132743362831854e-05,5.5132743362831854e-05,0.05612513274336273,0.16577513274336284,0.03674513274336283,0.18566513274336274,0.19074513274336274,0.017675132743362833,0.04353513274336283,1.4409751327433629,0.09305513274336283,0.07876513274336273,0.004445132743362832,5.5132743362831854e-05,0.4416051327433627,0.057865132743362725,5.5132743362831854e-05,5.5132743362831854e-05,5.5132743362831854e-05,0.01798513274336283,5.5132743362831854e-05,5.5132743362831854e-05,5.5132743362831854e-05,0.8512151327433628,5.5132743362831854e-05,0.12839513274336284,5.5132743362831854e-05,0.031745132743362825,5.5132743362831854e-05,0.013235132743362832,28.664285132743355
37035_1#1,0.6199482300884956,0.4455082300884955,5.823008849557522e-05,0.08048823008849558,1.9302482300884956,5.823008849557522e-05,0.5616582300884956,3.3137882300884955,5.823008849557522e-05,6.272938230088496,0.04370823008849558,0.23227823008849557,1.1907982300884954,5.823008849557522e-05,0.10266823008849557,0.06265823008849558,0.5953282300884956,0.016428230088495574,0.059828230088495575,0.43374823008849556,0.19264823008849558,5.823008849557522e-05,0.05408823008849558,0.053458230088495574,0.1505582300884956,1.1001982300884954,0.6908582300884956,0.4617682300884956,0.06295823008849558,0.06382823008849557,0.7169582300884956,0.16844823008849558,0.003418230088495575,0.05834823008849558,0.7758182300884956,5.823008849557522e-05,0.45561823008849556,0.14027823008849558,0.08106823008849558,5.823008849557522e-05,0.9276382300884956,9.386448230088495,0.3311482300884956,2.1278782300884957,5.823008849557522e-05,0.8163482300884957,0.42020823008849556,5.823008849557522e-05,0.08137823008849558,4.180898230088496,0.003108230088495575,5.823008849557522e-05,0.07907823008849557,1.6835582300884955,0.33738823008849556,0.034558230088495574,0.4213982300884956,5.823008849557522e-05,0.30002823008849555,0.33899823008849556,0.05714823008849558,0.16745823008849559,4.483038230088496,0.0031882300884955752,0.06524823008849558,0.30453823008849557,0.027518230088495573,0.011998230088495576,5.823008849557522e-05,0.20641823008849558,5.823008849557522e-05,0.3233282300884956,0.019638230088495575,0.011338230088495577,0.19401823008849559,0.06359823008849558,0.06013823008849558,0.034578230088495476,5.823008849557522e-05,0.028558230088495475,0.005308230088495575,0.004898230088495575,5.823008849557522e-05,0.6447482300884956,0.004968230088495575,1.7505282300884957,0.06889823008849558,0.028918230088495575,0.017868230088495574,5.351468230088496,0.09954823008849557,0.05833823008849558,0.017108230088495574,0.051618230088495476,5.823008849557522e-05,0.053778230088495575,5.823008849557522e-05,0.2551482300884956,6.132358230088496,0.010888230088495576,0.11341823008849548,0.05124823008849558,0.18609823008849558,0.2511582300884956,0.005918230088495475,5.823008849557522e-05,0.28310823008849556,0.6533382300884956,0.11740823008849557,1.0350782300884955,0.03221823008849558,5.823008849557522e-05,33.98935823008849
37035_1#20,4.522123893805309e-05,1.7094152212389382,4.522123893805309e-05,1.434885221238938,0.05603522123893805,4.522123893805309e-05,11.631115221238938,0.28748522123893805,0.05324522123893805,4.496835221238938,0.683815221238938,3.775355221238938,0.17061522123893805,4.522123893805309e-05,0.17991522123893805,15.669045221238937,7.388375221238938,0.005675221238938054,0.11541522123893805,6.514065221238939,0.2753052212389381,4.522123893805309e-05,0.29986522123893805,0.09416522123893804,0.030265221238937955,0.962025221238938,4.049195221238938,0.034265221238938055,1.5504852212389382,4.522123893805309e-05,4.522123893805309e-05,0.10878522123893795,1.8917652212389382,4.522123893805309e-05,0.14978522123893806,0.20086522123893807,4.522123893805309e-05,4.522123893805309e-05,0.13780522123893807,0.08423522123893805,0.0010252212389380531,0.666665221238938,4.522123893805309e-05,0.004165221238938054,0.009515221238938052,5.894015221238939,6.779495221238938,1.2355152212389382,0.007215221238938053,0.03733522123893805,0.674775221238938,1.197675221238938,4.522123893805309e-05,0.033195221238938054,0.040355221238938054,0.24059522123893795,1.0891152212389381,4.522123893805309e-05,0.006915221238938053,0.11727522123893805,4.522123893805309e-05,4.522123893805309e-05,0.016825221238938055,1.869885221238938,0.08081522123893804,0.015265221238938052,0.011295221238938053,0.34775522123893804,0.014005221238938053,4.522123893805309e-05,0.029725221238938053,4.522123893805309e-05,0.008985221238937953,0.507705221238938,4.522123893805309e-05,0.20620522123893806,0.03654522123893805,0.0009252212389380531,0.10769522123893804,4.522123893805309e-05,0.540655221238938,0.018335221238937955,4.522123893805309e-05,4.522123893805309e-05,0.21625522123893806,4.522123893805309e-05,4.522123893805309e-05,0.015915221238938054,0.015645221238938054,4.522123893805309e-05,4.522123893805309e-05,0.15196522123893805,4.522123893805309e-05,4.522123893805309e-05,0.11002522123893804,4.522123893805309e-05,0.002555221238938053,0.027095221238938053,4.522123893805309e-05,4.522123893805309e-05,4.522123893805309e-05,4.522123893805309e-05,4.522123893805309e-05,4.522123893805309e-05,4.522123893805309e-05,4.522123893805309e-05,4.522123893805309e-05,4.522123893805309e-05,4.522123893805309e-05,4.522123893805309e-05,0.10194522123893805,0.039565221238938054,13.429645221238921
37035_1#21,2.4778761061946895e-05,3.032304778761062,2.4778761061946895e-05,1.445394778761062,0.06728477876106195,2.4778761061946895e-05,18.451514778761062,2.4778761061946895e-05,2.4778761061946895e-05,0.535954778761062,0.18317477876106195,1.780974778761062,0.06506477876106195,2.4778761061946895e-05,2.4778761061946895e-05,10.115384778761062,2.759554778761062,2.4778761061946895e-05,2.4778761061946895e-05,2.409244778761062,0.19296477876106194,2.4778761061946895e-05,0.015664778761061947,22.36916477876106,0.030464778761061947,1.6547347787610618,11.657174778761062,0.10595477876106195,0.3596347787610619,0.12789477876106195,2.4778761061946895e-05,0.10576477876106186,0.056344778761061844,0.011274778761061947,2.4778761061946895e-05,2.4778761061946895e-05,2.4778761061946895e-05,2.4778761061946895e-05,0.03175477876106195,2.4778761061946895e-05,2.4778761061946895e-05,0.012884778761061947,2.4778761061946895e-05,2.4778761061946895e-05,2.4778761061946895e-05,2.4778761061946895e-05,2.4778761061946895e-05,2.4778761061946895e-05,0.019634778761061948,2.4778761061946895e-05,0.17501477876106195,15.940004778761061,2.4778761061946895e-05,2.4778761061946895e-05,2.4778761061946895e-05,0.03076477876106195,2.4778761061946895e-05,2.4778761061946895e-05,2.4778761061946895e-05,2.4778761061946895e-05,2.4778761061946895e-05,2.4778761061946895e-05,2.4778761061946895e-05,2.4778761061946895e-05,2.4778761061946895e-05,0.010214778761061947,0.23006477876106185,2.4778761061946895e-05,2.4778761061946895e-05,2.4778761061946895e-05,0.3307747787610619,2.4778761061946895e-05,2.4778761061946895e-05,0.859194778761062,2.4778761061946895e-05,0.13616477876106195,2.4778761061946895e-05,0.010884778761061947,2.4778761061946895e-05,2.4778761061946895e-05,2.4778761061946895e-05,2.4778761061946895e-05,2.4778761061946895e-05,2.4778761061946895e-05,0.01809477876106195,2.4778761061946895e-05,2.4778761061946895e-05,2.4778761061946895e-05,0.05244477876106184,2.4778761061946895e-05,2.4778761061946895e-05,2.4778761061946895e-05,2.4778761061946895e-05,2.4778761061946895e-05,0.08280477876106195,2.4778761061946895e-05,2.4778761061946895e-05,2.4778761061946895e-05,2.4778761061946895e-05,2.4778761061946895e-05,2.4778761061946895e-05,0.04377477876106194,2.4778761061946895e-05,2.4778761061946895e-05,2.4778761061946895e-05,2.4778761061946895e-05,2.4778761061946895e-05,2.4778761061946895e-05,2.4778761061946895e-05,2.4778761061946895e-05,2.4778761061946895e-05,2.4778761061946895e-05,4.480824778761083
37035_1#22,4.8318584070796455e-05,0.059158318584070696,4.8318584070796455e-05,0.0028183185840706965,1.0215183185840706,4.8318584070796455e-05,20.90218831858407,0.4465383185840708,4.8318584070796455e-05,4.479718318584071,0.018198318584070797,1.7866283185840708,4.8318584070796455e-05,4.8318584070796455e-05,1.6231883185840708,0.011488318584070796,5.82353831858407,0.24639831858407069,0.07716831858407079,0.014508318584070796,0.1845983185840708,4.8318584070796455e-05,0.020718318584070798,0.021488318584070697,4.8318584070796455e-05,0.43236831858407065,0.6182883185840709,0.0712483185840708,0.2971083185840708,0.0420383185840708,0.012098318584070797,0.06728831858407079,6.065458318584071,0.004748318584070797,0.1249383185840707,0.035298318584070794,4.8318584070796455e-05,4.8318584070796455e-05,0.1908883185840708,0.0703583185840708,0.2155883185840708,3.641348318584071,4.8318584070796455e-05,4.8318584070796455e-05,4.8318584070796455e-05,0.1005183185840708,2.2862383185840707,0.052278318584070796,0.0876083185840708,0.1829283185840708,0.06900831858407079,4.8318584070796455e-05,0.48548831858407077,0.05029831858407079,0.31296831858407076,7.828728318584071,4.8318584070796455e-05,4.8318584070796455e-05,0.2653683185840708,0.3935983185840707,0.056958318584070695,0.1291883185840708,0.1837583185840708,4.390318318584071,0.038288318584070793,4.8318584070796455e-05,0.024698318584070796,0.2679183185840708,4.8318584070796455e-05,4.8318584070796455e-05,0.050168318584070795,0.34277831858407076,4.8318584070796455e-05,0.9966983185840709,0.060798318584070796,0.5028083185840708,0.23834831858407068,0.006238318584070797,0.07545831858407069,0.6474883185840709,0.1485783185840708,4.8318584070796455e-05,0.03173831858407079,0.3435183185840708,0.11923831858407069,0.017668318584070798,0.09359831858407079,4.8318584070796455e-05,0.37507831858407076,0.5004683185840708,4.8318584070796455e-05,4.8318584070796455e-05,0.0033683185840707964,0.4232783185840708,0.8377383185840709,0.6538083185840708,4.8318584070796455e-05,4.8318584070796455e-05,0.014258318584070796,0.39039831858407076,4.8318584070796455e-05,4.8318584070796455e-05,4.8318584070796455e-05,4.8318584070796455e-05,0.0313483185840708,4.8318584070796455e-05,0.013478318584070796,4.8318584070796455e-05,4.8318584070796455e-05,4.8318584070796455e-05,0.0014383185840707963,4.8318584070796455e-05,27.243438318584072
37035_1#23,3.9646017699115034e-05,19.423439646017698,0.1055096460176991,0.5122496460176992,0.19466964601769912,3.9646017699115034e-05,1.0449496460176992,0.283629646017699,3.9646017699115034e-05,0.1752196460176991,0.006059646017699115,0.5277796460176991,0.1015696460176991,3.9646017699115034e-05,3.9646017699115034e-05,3.9646017699115034e-05,0.856749646017699,0.011709646017699115,0.022929646017699017,2.414339646017699,0.003809646017699015,3.9646017699115034e-05,0.08526964601769911,31.2786996460177,1.0255396460176993,0.5014396460176991,10.1392796460177,0.05891964601769912,0.207289646017699,3.9646017699115034e-05,0.011739646017699114,0.052879646017699115,0.07447964601769912,3.9646017699115034e-05,0.001139646017699115,0.14989964601769912,0.2262596460176991,0.6019496460176992,1.1272096460176992,3.9646017699115034e-05,0.3245696460176991,4.070389646017699,3.9646017699115034e-05,0.12040964601769912,3.9646017699115034e-05,8.492149646017701,0.7586196460176992,0.27524964601769913,0.0713996460176991,0.038419646017699115,0.2385096460176991,3.9646017699115034e-05,3.9646017699115034e-05,3.9646017699115034e-05,0.8239596460176991,0.05676964601769912,0.112179646017699,3.9646017699115034e-05,0.08096964601769911,3.9646017699115034e-05,3.9646017699115034e-05,3.9646017699115034e-05,0.013079646017699115,0.5651796460176991,0.056999646017699114,3.9646017699115034e-05,0.3312896460176991,0.2740396460176991,3.9646017699115034e-05,3.9646017699115034e-05,0.003979646017699115,3.9646017699115034e-05,3.9646017699115034e-05,0.2093896460176991,3.9646017699115034e-05,0.013009646017699114,0.015839646017699115,3.9646017699115034e-05,0.033839646017699114,3.9646017699115034e-05,0.4006996460176991,3.9646017699115034e-05,3.9646017699115034e-05,3.9646017699115034e-05,0.038899646017699116,3.9646017699115034e-05,3.9646017699115034e-05,0.020969646017699118,0.1519696460176991,3.9646017699115034e-05,3.9646017699115034e-05,0.1522096460176991,0.018789646017699117,3.9646017699115034e-05,0.017779646017699116,0.000939646017699015,0.044009646017699015,0.007139646017699115,3.9646017699115034e-05,3.9646017699115034e-05,3.9646017699115034e-05,3.9646017699115034e-05,3.9646017699115034e-05,3.9646017699115034e-05,3.9646017699115034e-05,3.9646017699115034e-05,3.9646017699115034e-05,3.9646017699115034e-05,3.9646017699115034e-05,3.9646017699115034e-05,3.9646017699115034e-05,3.9646017699115034e-05,10.937799646017735
37035_1#24,0.013872035398230087,0.0903920353982301,5.203539823008849e-05,0.96991203539823,1.0895120353982302,0.036522035398229985,11.91618203539823,5.203539823008849e-05,0.048472035398230084,1.20248203539823,0.3249620353982301,2.1346320353982304,5.203539823008849e-05,5.203539823008849e-05,0.65598203539823,2.2731120353982304,1.89259203539823,1.29879203539823,5.203539823008849e-05,0.09414203539823009,1.7757420353982298,5.203539823008849e-05,1.07136203539823,0.3405820353982301,5.203539823008849e-05,0.4726620353982301,0.91333203539823,0.0928320353982301,2.4991620353982302,0.13618203539823007,5.203539823008849e-05,0.18844203539823007,0.4330820353982301,0.1068520353982301,0.13663203539823007,0.02245203539823009,5.203539823008849e-05,5.203539823008849e-05,0.1673720353982301,5.203539823008849e-05,0.0038120353982299886,1.31838203539823,5.203539823008849e-05,0.0010120353982300885,0.16306203539823008,2.3014620353982305,1.8829920353982301,2.7921420353982302,0.008472035398230087,0.61559203539823,1.01634203539823,0.010672035398230088,5.203539823008849e-05,0.44910203539823,5.203539823008849e-05,0.0910320353982301,5.203539823008849e-05,5.203539823008849e-05,0.48513203539823013,0.58112203539823,5.203539823008849e-05,5.203539823008849e-05,0.89871203539823,2.1591620353982304,5.203539823008849e-05,0.056632035398230085,0.040882035398230085,0.20864203539822998,0.011112035398230087,0.033222035398230085,0.13036203539823008,3.34208203539823,0.14119203539823008,2.4136220353982303,0.007022035398230089,5.203539823008849e-05,0.3822420353982301,0.0871320353982301,0.036852035398230086,0.006532035398230089,1.3628920353982301,5.203539823008849e-05,5.203539823008849e-05,0.3717820353982301,0.4213820353982301,0.08433203539823009,5.203539823008849e-05,0.53632203539823,0.15809203539823008,0.21265203539822997,5.203539823008849e-05,5.203539823008849e-05,0.005642035398230089,0.07627203539823009,0.7825920353982301,0.14587203539823007,1.0965620353982302,5.203539823008849e-05,0.74062203539823,0.009602035398230088,0.004742035398230089,0.70890203539823,5.203539823008849e-05,5.203539823008849e-05,0.012592035398230087,2.7697320353982304,0.58808203539823,0.09861203539823009,5.203539823008849e-05,0.08353203539823009,0.002212035398230089,0.011822035398230088,35.63966203539823
37035_1#25,5.6371681415929195e-05,1.824416371681416,5.6371681415929195e-05,0.11173637168141592,0.2980863716814159,0.004226371681415929,4.119756371681416,0.01284637168141593,5.6371681415929195e-05,13.003316371681416,0.07060637168141592,0.6387463716814159,0.08748637168141592,5.6371681415929195e-05,0.09895637168141592,5.6371681415929195e-05,0.7911863716814159,0.04143637168141593,0.01859637168141583,0.3674363716814159,0.02124637168141593,5.6371681415929195e-05,0.4641163716814159,0.2590863716814159,5.6371681415929195e-05,0.14370637168141592,4.283426371681417,0.0019363716814159292,0.5431863716814159,5.6371681415929195e-05,0.0006163716814159292,5.6371681415929195e-05,2.9590263716814165,0.02481637168141593,0.008096371681415929,0.03389637168141593,5.6371681415929195e-05,5.6371681415929195e-05,0.669616371681416,0.01736637168141593,0.01894637168141593,0.20618637168141593,0.02717637168141593,0.01394637168141593,0.02901637168141593,1.825686371681416,1.272536371681416,0.4712263716814158,0.01527637168141593,0.21786637168141593,1.595396371681416,3.250316371681416,0.04304637168141593,0.11171637168141592,0.002526371681415829,0.895306371681416,0.3002163716814159,5.6371681415929195e-05,0.02205637168141593,0.22233637168141593,0.05274637168141593,0.12678637168141593,1.481146371681416,0.4590063716814159,0.00687637168141593,5.6371681415929195e-05,0.20705637168141583,0.12912637168141594,0.10765637168141592,0.006766371681415929,5.6371681415929195e-05,0.742486371681416,5.6371681415929195e-05,0.02004637168141583,0.05609637168141593,0.00415637168141593,1.542736371681416,0.060686371681415927,0.08218637168141592,0.021816371681415928,0.4353063716814159,5.6371681415929195e-05,5.6371681415929195e-05,0.15839637168141593,0.14231637168141584,5.6371681415929195e-05,0.2682763716814159,0.3033163716814159,0.21327637168141594,0.2751763716814159,0.02061637168141593,1.060626371681416,0.03757637168141593,0.10470637168141592,0.0010863716814159294,0.01780637168141593,0.2521563716814159,1.130006371681416,5.6371681415929195e-05,0.021056371681415928,5.6371681415929195e-05,5.6371681415929195e-05,0.02086637168141593,0.002446371681415929,0.02493637168141593,1.0233563716814158,0.09940637168141592,0.01669637168141593,0.02304637168141593,5.6371681415929195e-05,0.09439637168141592,0.11677637168141593,47.567996371681396
37035_1#26,3.7787610619469026e-05,0.3483477876106195,3.7787610619469026e-05,1.4570977876106195,0.04821778761061947,3.7787610619469026e-05,2.4894577876106196,0.5100277876106195,3.7787610619469026e-05,0.13740778761061948,0.06604778761061947,1.0953777876106194,0.5888677876106194,3.7787610619469026e-05,3.7787610619469026e-05,7.18489778761062,0.7669677876106195,3.7787610619469026e-05,3.7787610619469026e-05,0.3974077876106195,0.06407778761061947,3.7787610619469026e-05,0.07328778761061946,61.21773778761062,0.012747787610619468,0.21190778761061946,0.023997787610619468,3.7787610619469026e-05,0.18864778761061946,3.7787610619469026e-05,3.7787610619469026e-05,3.7787610619469026e-05,0.03232778761061947,3.7787610619469026e-05,0.001717787610619469,0.04607778761061947,3.7787610619469026e-05,3.7787610619469026e-05,3.7787610619469026e-05,3.7787610619469026e-05,3.7787610619469026e-05,0.3138477876106195,3.7787610619469026e-05,3.7787610619469026e-05,0.00025778761061946904,4.27740778761062,3.6988977876106195,0.7874577876106194,0.015747787610619467,0.026627787610619468,0.01674778761061947,1.8523077876106195,3.7787610619469026e-05,0.004717787610619469,0.009997787610619369,0.9682777876106194,3.7787610619469026e-05,3.7787610619469026e-05,0.021517787610619468,0.01003778761061947,3.7787610619469026e-05,0.01959778761061947,0.12962778761061947,0.18760778761061947,3.7787610619469026e-05,3.7787610619469026e-05,3.7787610619469026e-05,0.010647787610619469,3.7787610619469026e-05,0.011497787610619469,0.03708778761061947,1.9731477876106194,3.7787610619469026e-05,0.04984778761061947,3.7787610619469026e-05,3.7787610619469026e-05,0.17720778761061948,3.7787610619469026e-05,0.005897787610619369,0.002907787610619469,0.2909077876106195,3.7787610619469026e-05,3.7787610619469026e-05,0.005937787610619469,0.01687778761061937,3.7787610619469026e-05,3.7787610619469026e-05,0.14809778761061937,3.7787610619469026e-05,3.7787610619469026e-05,0.12540778761061946,0.3028577876106195,0.03094778761061947,3.7787610619469026e-05,3.7787610619469026e-05,3.7787610619469026e-05,0.011577787610619368,0.07106778761061947,0.01765778761061947,3.7787610619469026e-05,3.7787610619469026e-05,3.7787610619469026e-05,3.7787610619469026e-05,3.7787610619469026e-05,3.7787610619469026e-05,3.7787610619469026e-05,0.003297787610619369,3.7787610619469026e-05,3.7787610619469026e-05,3.7787610619469026e-05,0.0009877876106193688,0.02091778761061947,7.379917787610566
37035_1#27,4.150442477876106e-05,0.30835150442477877,4.150442477876106e-05,1.7983315044247787,0.10224150442477876,4.150442477876106e-05,3.994911504424779,0.3220315044247788,4.150442477876106e-05,0.15821150442477874,0.06936150442477876,1.3950015044247788,0.7867915044247787,4.150442477876106e-05,4.150442477876106e-05,8.470791504424778,0.9603515044247788,0.004441504424778761,4.150442477876106e-05,0.7666015044247788,0.13007150442477874,4.150442477876106e-05,0.14995150442477875,50.40519150442478,0.000701504424778761,0.3115915044247788,0.056551504424778756,0.002021504424778761,0.2513815044247787,4.150442477876106e-05,4.150442477876106e-05,4.150442477876106e-05,0.03720150442477876,0.006481504424778662,0.015071504424778762,0.11512150442477877,4.150442477876106e-05,4.150442477876106e-05,4.150442477876106e-05,4.150442477876106e-05,0.0036015044247786608,0.6458115044247787,4.150442477876106e-05,4.150442477876106e-05,0.009321504424778762,4.543621504424779,5.282501504424779,1.0101815044247788,0.03795150442477876,0.062001504424778656,0.02440150442477876,2.139361504424779,4.150442477876106e-05,0.01566150442477876,0.03092150442477876,1.439291504424779,4.150442477876106e-05,4.150442477876106e-05,0.05134150442477876,0.020811504424778762,4.150442477876106e-05,0.02969150442477876,0.14885150442477865,0.10297150442477876,4.150442477876106e-05,4.150442477876106e-05,4.150442477876106e-05,0.006651504424778662,4.150442477876106e-05,0.010991504424778762,0.01983150442477876,2.206661504424779,4.150442477876106e-05,0.07353150442477877,0.000871504424778761,0.00030150442477876107,0.26145150442477877,4.150442477876106e-05,0.01564150442477876,0.001691504424778761,0.33976150442477876,4.150442477876106e-05,4.150442477876106e-05,0.015541504424778661,0.026581504424778763,4.150442477876106e-05,4.150442477876106e-05,0.21471150442477874,4.150442477876106e-05,4.150442477876106e-05,0.11439150442477876,0.3561815044247787,0.022861504424778762,0.005151504424778761,4.150442477876106e-05,4.150442477876106e-05,4.150442477876106e-05,0.055371504424778756,0.031731504424778754,4.150442477876106e-05,4.150442477876106e-05,4.150442477876106e-05,4.150442477876106e-05,4.150442477876106e-05,4.150442477876106e-05,4.150442477876106e-05,0.012641504424778762,4.150442477876106e-05,4.150442477876106e-05,4.150442477876106e-05,0.0005515044247787611,0.030531504424778762,9.957401504424737
37035_1#29,4.786036991150443,4.321686991150442,2.3471369911504425,0.4707569911504424,0.3820969911504425,0.015516991150442479,2.7794869911504425,7.791246991150443,5.699115044247787e-05,2.1887569911504423,0.14024699115044248,0.8064169911504424,2.2907169911504424,1.7532169911504423,0.004046991150442478,0.009086991150442479,1.7312169911504423,0.07242699115044249,0.14826699115044248,3.1650369911504423,0.015206991150442477,1.2111369911504424,2.8202269911504425,0.060076991150442474,1.6959769911504425,2.4258969911504424,0.05363699115044248,0.04150699115044248,0.04048699115044248,0.041696991150442474,0.45322699115044246,0.9347969911504425,0.06312699115044249,0.13355699115044248,0.07614699115044249,0.0005769911504424779,0.012166991150442478,0.013926991150442478,5.699115044247787e-05,0.008066991150442479,0.2544169911504425,0.5909969911504425,5.699115044247787e-05,5.699115044247787e-05,5.699115044247787e-05,1.0383269911504425,0.7109169911504425,5.699115044247787e-05,0.019666991150442476,0.7121469911504424,0.06310699115044248,5.699115044247787e-05,0.002196991150442478,1.5992369911504425,5.699115044247787e-05,0.3238669911504425,5.699115044247787e-05,0.03273699115044248,0.1960669911504425,1.3571369911504425,0.040606991150442376,0.049136991150442476,0.3963469911504425,0.09559699115044248,5.699115044247787e-05,0.005246991150442477,0.008456991150442478,5.699115044247787e-05,0.0007969911504424779,0.003366991150442378,5.699115044247787e-05,0.6054169911504425,0.026926991150442475,0.059326991150442474,0.13439699115044249,0.001316991150442478,0.17096699115044248,0.055686991150442476,0.0011969911504424778,0.017076991150442478,5.699115044247787e-05,5.699115044247787e-05,0.15306699115044248,1.0036969911504425,5.699115044247787e-05,5.699115044247787e-05,1.6892669911504423,5.699115044247787e-05,0.030596991150442475,4.3386669911504425,0.08471699115044248,5.699115044247787e-05,0.024786991150442476,5.699115044247787e-05,0.014836991150442479,0.4999369911504425,7.8059869911504425,5.699115044247787e-05,0.030926991150442475,0.23624699115044248,0.11246699115044248,0.11224699115044239,0.009996991150442478,0.012876991150442479,0.06162699115044248,0.037186991150442474,5.699115044247787e-05,0.04775699115044248,0.042446991150442474,0.035016991150442475,0.010526991150442479,1.1232069911504425,28.603176991150423
37035_1#2,0.1678757522123894,0.06424575221238937,0.04083575221238938,0.12499575221238927,0.13527575221238938,0.23710575221238928,1.5323357522123895,1.6004857522123894,0.02438575221238938,8.493415752212389,0.03538575221238938,0.42197575221238937,0.024445752212389378,0.15139575221238938,5.575221238938053e-05,0.32622575221238936,1.1709557522123895,0.03902575221238938,0.09138575221238937,0.6706657522123894,0.4587057522123893,0.03720575221238928,0.2336657522123894,0.01220575221238938,5.575221238938053e-05,1.0439257522123895,0.1500557522123894,0.1899657522123893,0.057645752212389385,0.14154575221238938,0.019335752212389378,9.215185752212388,0.07724575221238937,0.19774575221238938,0.22438575221238938,0.21980575221238938,0.035635752212389384,0.05050575221238928,5.575221238938053e-05,5.575221238938053e-05,5.575221238938053e-05,1.3778957522123894,5.575221238938053e-05,0.11686575221238937,5.575221238938053e-05,0.9609257522123894,3.1104957522123895,0.1413157522123893,0.14618575221238939,1.8285357522123893,0.19709575221238929,0.2652457522123894,0.2846057522123894,1.6327157522123894,5.575221238938053e-05,0.22744575221238938,0.7082157522123894,0.08809575221238937,0.1874557522123894,0.1860457522123894,0.047555752212389384,0.02789575221238938,6.16271575221239,0.07454575221238938,5.575221238938053e-05,0.04083575221238938,0.00663575221238938,0.017135752212389378,0.01894575221238938,5.575221238938053e-05,5.575221238938053e-05,0.5079057522123893,0.19069575221238938,0.02038575221238938,0.3300257522123894,0.3179757522123894,0.1637957522123893,0.044795752212389385,0.01685575221238938,0.43202575221238937,5.575221238938053e-05,5.575221238938053e-05,5.575221238938053e-05,0.7053457522123894,0.00901575221238938,5.575221238938053e-05,0.2304757522123894,0.08798575221238937,5.575221238938053e-05,0.3877657522123894,5.575221238938053e-05,5.575221238938053e-05,0.01987575221238938,5.575221238938053e-05,0.007565752212389381,5.575221238938053e-05,5.575221238938053e-05,5.575221238938053e-05,0.15059575221238938,0.40993575221238937,0.1722057522123894,0.2904557522123894,0.1459757522123894,0.08660575221238938,0.08064575221238937,0.6261757522123893,5.575221238938053e-05,0.2930457522123894,0.6833857522123894,0.2818957522123894,0.07950575221238937,0.4069457522123894,47.2462557522124
37035_1#30,0.8219315044247788,0.008821504424778762,2.2091515044247787,0.04989150442477876,8.880171504424778,0.5231715044247788,0.22060150442477874,8.14943150442478,4.150442477876106e-05,1.2518315044247788,4.150442477876106e-05,0.13432150442477875,5.242771504424779,1.3972915044247787,4.150442477876106e-05,0.09149150442477877,0.2998415044247787,0.02528150442477876,0.31285150442477877,0.8895015044247787,0.28138150442477877,0.3756015044247788,0.16632150442477875,0.012491504424778761,4.150442477876106e-05,2.567241504424779,3.2637015044247786,0.12689150442477876,0.02002150442477876,0.2652915044247788,0.18270150442477875,0.2767415044247787,0.001031504424778761,0.04300150442477876,0.37163150442477877,1.3298715044247789,4.150442477876106e-05,4.150442477876106e-05,4.150442477876106e-05,4.150442477876106e-05,4.150442477876106e-05,29.28776150442478,4.150442477876106e-05,4.150442477876106e-05,1.8270415044247788,0.3118215044247788,4.150442477876106e-05,4.150442477876106e-05,0.16903150442477874,1.3373015044247787,0.005001504424778761,4.150442477876106e-05,0.005001504424778761,0.8041515044247788,3.217211504424779,0.013521504424778761,1.1685315044247788,4.150442477876106e-05,4.150442477876106e-05,0.8978315044247788,0.2559215044247788,0.02767150442477876,0.8775515044247787,4.150442477876106e-05,4.150442477876106e-05,4.150442477876106e-05,4.150442477876106e-05,4.150442477876106e-05,0.000891504424778661,4.150442477876106e-05,1.2463615044247789,4.150442477876106e-05,4.150442477876106e-05,4.150442477876106e-05,0.06861150442477866,4.150442477876106e-05,0.057141504424778757,4.150442477876106e-05,0.003821504424778761,0.06264150442477877,4.150442477876106e-05,0.3212415044247788,4.150442477876106e-05,0.16219150442477875,4.150442477876106e-05,4.150442477876106e-05,0.16824150442477875,4.150442477876106e-05,4.150442477876106e-05,0.36729150442477876,0.040211504424778756,4.150442477876106e-05,4.150442477876106e-05,4.150442477876106e-05,4.150442477876106e-05,0.23129150442477864,4.150442477876106e-05,4.150442477876106e-05,4.150442477876106e-05,0.18216150442477874,4.150442477876106e-05,4.150442477876106e-05,0.07433150442477876,0.11336150442477877,0.2676815044247788,4.150442477876106e-05,0.8705715044247788,4.150442477876106e-05,4.150442477876106e-05,0.09012150442477876,0.0007215044247787611,4.150442477876106e-05,15.671571504424783
37035_1#31,0.16279097345132743,2.1161709734513274,2.634840973451327,3.4122009734513274,31.567520973451327,0.7245809734513273,0.8403809734513275,20.358340973451327,3.097345132743363e-05,2.8860509734513276,0.2214309734513273,0.10233097345132744,9.708200973451328,0.036700973451327334,0.0035409734513274335,0.5665909734513274,0.10014097345132733,0.0019309734513274337,0.019680973451327334,1.2730609734513274,1.2632109734513275,0.009860973451327434,1.7988909734513274,0.04674097345132744,0.017450973451327432,0.6667509734513274,1.6777409734513273,0.32856097345132745,0.048270973451327435,0.010670973451327333,0.5085409734513274,0.48021097345132746,3.097345132743363e-05,1.8616109734513275,3.097345132743363e-05,2.5492809734513275,0.052570973451327434,0.08102097345132743,3.097345132743363e-05,3.097345132743363e-05,3.097345132743363e-05,3.097345132743363e-05,3.097345132743363e-05,0.006130973451327433,3.097345132743363e-05,3.097345132743363e-05,3.097345132743363e-05,3.097345132743363e-05,0.36391097345132745,3.097345132743363e-05,0.030210973451327432,3.097345132743363e-05,3.097345132743363e-05,0.07584097345132734,3.097345132743363e-05,0.12829097345132742,0.9474509734513274,0.31868097345132745,3.097345132743363e-05,0.20484097345132743,3.097345132743363e-05,3.097345132743363e-05,3.097345132743363e-05,3.097345132743363e-05,3.097345132743363e-05,3.097345132743363e-05,0.08811097345132744,3.097345132743363e-05,3.097345132743363e-05,3.097345132743363e-05,3.097345132743363e-05,3.097345132743363e-05,3.097345132743363e-05,3.097345132743363e-05,3.097345132743363e-05,3.097345132743363e-05,0.023880973451327434,3.097345132743363e-05,3.097345132743363e-05,3.097345132743363e-05,3.097345132743363e-05,0.5246809734513274,0.17694097345132742,3.097345132743363e-05,3.097345132743363e-05,3.097345132743363e-05,0.27980097345132743,3.097345132743363e-05,3.097345132743363e-05,3.097345132743363e-05,3.097345132743363e-05,3.097345132743363e-05,3.097345132743363e-05,3.097345132743363e-05,3.097345132743363e-05,3.097345132743363e-05,3.097345132743363e-05,3.097345132743363e-05,3.097345132743363e-05,3.097345132743363e-05,3.097345132743363e-05,3.097345132743363e-05,3.097345132743363e-05,3.097345132743363e-05,3.097345132743363e-05,3.097345132743363e-05,0.0010309734513274337,3.097345132743363e-05,3.097345132743363e-05,3.097345132743363e-05,3.097345132743363e-05,3.097345132743363e-05,8.690370973451353
37035_1#32,1.0461145132743364,0.4762145132743363,0.15472451327433628,0.13041451327433629,3.015614513274336,0.026324513274336284,0.3449945132743363,12.537654513274337,0.1474745132743363,2.5342345132743365,5.451327433628318e-05,0.10721451327433618,4.800114513274337,0.3394445132743363,5.451327433628318e-05,5.451327433628318e-05,0.5055745132743362,0.2867145132743363,0.08045451327433628,0.8481145132743362,0.5274845132743362,0.2486045132743362,0.23487451327433628,5.451327433628318e-05,0.04805451327433628,1.4393345132743363,1.3457145132743364,0.1959245132743363,0.021524513274336285,0.11894451327433628,0.012884513274336283,0.06903451327433628,5.451327433628318e-05,0.1423945132743362,0.1996945132743363,1.3160845132743364,0.014014513274336284,0.025404513274336186,5.451327433628318e-05,5.451327433628318e-05,0.7096045132743363,13.615334513274336,0.2579445132743362,3.7746445132743363,1.5915545132743365,0.12161451327433628,1.5534845132743365,5.451327433628318e-05,5.451327433628318e-05,1.4273945132743364,0.016444513274336284,0.10615451327433628,0.07925451327433627,0.4280845132743363,5.451327433628318e-05,0.1708345132743363,2.2093145132743364,5.451327433628318e-05,0.03744451327433628,1.5993545132743365,0.002514513274336283,0.2183445132743363,1.8572645132743364,0.12025451327433628,5.451327433628318e-05,0.1632545132743363,5.451327433628318e-05,0.025834513274336286,5.451327433628318e-05,0.010354513274336284,1.5855445132743364,0.30768451327433627,0.1420645132743362,5.451327433628318e-05,0.11593451327433628,5.451327433628318e-05,0.2057945132743363,0.04133451327433628,0.026944513274336286,0.2268345132743363,5.451327433628318e-05,0.05999451327433628,0.10030451327433629,2.3307245132743364,5.451327433628318e-05,0.9666145132743362,0.06817451327433628,0.0026945132743362832,5.451327433628318e-05,0.9791945132743363,5.451327433628318e-05,5.451327433628318e-05,0.011844513274336183,5.451327433628318e-05,5.451327433628318e-05,0.5202245132743362,0.18711451327433629,5.451327433628318e-05,0.019504513274336284,0.09815451327433627,0.7231645132743363,0.006014513274336283,0.2601545132743362,0.1955345132743363,0.1797745132743363,5.451327433628318e-05,0.5886445132743363,0.11964451327433619,0.8253645132743361,0.06536451327433628,0.013624513274336282,0.3849045132743363,25.20211451327439
37035_1#3,8.354098938053097,0.17068893805309734,0.04300893805309734,0.06715893805309725,0.19485893805309734,0.03643893805309734,0.5941189380530973,3.3450789380530974,4.893805309734513e-05,3.7629489380530976,4.893805309734513e-05,0.06891893805309734,7.105858938053097,0.5212889380530974,4.893805309734513e-05,4.893805309734513e-05,1.7860489380530975,0.8455689380530973,0.30519893805309734,5.470798938053097,0.0014089380530973453,0.006568938053097346,0.3981589380530973,0.03354893805309724,0.8082689380530973,3.0082489380530975,0.12100893805309734,1.8622689380530975,0.042538938053097344,0.6854289380530973,0.039458938053097345,0.11520893805309734,0.23739893805309734,4.893805309734513e-05,0.025308938053097342,0.058218938053097344,0.003098938053097345,0.003968938053097345,4.893805309734513e-05,0.003438938053097345,4.893805309734513e-05,1.6323689380530975,0.16916893805309735,4.893805309734513e-05,0.12205893805309734,4.380188938053097,4.893805309734513e-05,4.893805309734513e-05,0.04715893805309734,2.6263389380530975,0.16788893805309735,0.07681893805309724,0.011518938053097345,1.4340289380530975,4.893805309734513e-05,0.18381893805309735,4.893805309734513e-05,4.893805309734513e-05,0.2613389380530973,5.5000589380530975,1.3329089380530974,0.005508938053097245,10.834008938053097,4.893805309734513e-05,4.893805309734513e-05,0.12576893805309736,0.008898938053097346,4.893805309734513e-05,0.003718938053097345,4.893805309734513e-05,0.6472589380530973,4.893805309734513e-05,4.893805309734513e-05,0.10098893805309735,4.893805309734513e-05,0.09079893805309734,0.04903893805309734,0.042248938053097346,0.019508938053097342,0.025528938053097344,4.893805309734513e-05,0.04460893805309735,0.05106893805309724,1.4142389380530975,0.5956089380530973,0.07815893805309734,4.893805309734513e-05,0.10927893805309734,4.893805309734513e-05,4.893805309734513e-05,0.09402893805309734,4.893805309734513e-05,4.893805309734513e-05,4.893805309734513e-05,0.010958938053097346,4.893805309734513e-05,4.893805309734513e-05,4.893805309734513e-05,4.893805309734513e-05,4.893805309734513e-05,0.07672893805309734,0.19641893805309735,4.893805309734513e-05,0.26428893805309733,0.22961893805309735,0.6423789380530973,0.005568938053097245,0.038078938053097346,0.15928893805309724,0.25593893805309725,0.06915893805309724,4.893805309734513e-05,25.63833893805314
37035_1#4,4.646017699115044e-05,0.0047164601769911505,4.646017699115044e-05,0.7421464601769912,4.646017699115044e-05,4.646017699115044e-05,1.698186460176991,0.06345646017699115,4.646017699115044e-05,0.8521664601769912,0.002526460176991151,0.6584964601769911,0.03669646017699105,4.646017699115044e-05,4.646017699115044e-05,0.062106460176991146,0.5517764601769911,4.646017699115044e-05,0.13662646017699115,0.19668646017699115,4.646017699115044e-05,4.646017699115044e-05,0.43312646017699113,10.557466460176991,1.8405764601769912,0.0035564601769911505,6.072676460176991,4.646017699115044e-05,0.24176646017699116,0.06261646017699116,4.646017699115044e-05,1.2030764601769912,0.27063646017699117,4.646017699115044e-05,0.0005364601769911504,0.00903646017699105,4.646017699115044e-05,0.00747646017699115,0.06547646017699116,4.646017699115044e-05,0.019546460176991153,0.45306646017699104,0.037676460176991146,0.01509646017699105,0.0034764601769911507,1.0629564601769912,1.302906460176991,0.34108646017699107,4.646017699115044e-05,0.07831646017699105,0.04769646017699115,0.11964646017699115,0.01540646017699115,0.028076460176991152,0.027356460176991153,0.5972064601769912,0.00490646017699105,4.646017699115044e-05,0.02351646017699115,0.15896646017699115,4.646017699115044e-05,0.01177646017699115,4.646017699115044e-05,0.6708564601769912,0.0038964601769911505,4.646017699115044e-05,0.08646646017699115,0.07042646017699115,4.646017699115044e-05,4.646017699115044e-05,0.15966646017699115,0.8938364601769911,0.00700646017699115,0.11432646017699115,0.05556646017699115,0.0014764601769911504,0.44867646017699114,0.23642646017699115,0.02274646017699115,4.646017699115044e-05,0.06608646017699116,4.646017699115044e-05,4.646017699115044e-05,0.00948646017699115,0.03209646017699105,4.646017699115044e-05,0.12532646017699114,0.35277646017699116,0.01863646017699115,0.7082564601769912,4.646017699115044e-05,0.9654964601769912,0.29752646017699114,4.646017699115044e-05,0.03038646017699115,4.646017699115044e-05,0.8786964601769912,0.04257646017699115,0.23611646017699114,4.646017699115044e-05,4.646017699115044e-05,4.646017699115044e-05,0.03348646017699115,4.646017699115044e-05,4.646017699115044e-05,0.9790364601769912,4.646017699115044e-05,4.646017699115044e-05,4.646017699115044e-05,0.017766460176991152,0.0035764601769911505,4.646017699115044e-05,62.30723646017697
37035_1#5,4.522123893805309e-05,3.768305221238938,4.522123893805309e-05,3.370805221238938,0.677395221238938,0.011875221238938053,3.915195221238938,1.001585221238938,4.522123893805309e-05,1.633505221238938,4.522123893805309e-05,2.207365221238938,1.8835952212389382,4.522123893805309e-05,4.522123893805309e-05,0.28599522123893806,1.310365221238938,0.03513522123893805,4.522123893805309e-05,1.641105221238938,4.522123893805309e-05,4.522123893805309e-05,0.644465221238938,0.16350522123893807,0.16001522123893805,1.448445221238938,2.802915221238938,4.522123893805309e-05,0.22462522123893805,0.025785221238938054,4.522123893805309e-05,0.004285221238938053,0.08997522123893804,0.028675221238938054,4.522123893805309e-05,0.07214522123893805,4.522123893805309e-05,4.522123893805309e-05,0.33410522123893804,0.011975221238938053,0.24366522123893805,3.6235252212389377,4.522123893805309e-05,0.11463522123893795,0.10097522123893794,11.944445221238938,6.940775221238939,1.0170352212389382,0.08365522123893794,0.010315221238938053,0.06394522123893805,0.831905221238938,0.06839522123893804,0.003245221238938053,0.257385221238938,2.121395221238938,0.704605221238938,0.6150552212389381,0.05109522123893805,0.06293522123893805,4.522123893805309e-05,0.024915221238938055,0.11571522123893804,1.6648752212389382,4.522123893805309e-05,4.522123893805309e-05,1.1379952212389381,0.43841522123893795,0.022005221238938055,4.522123893805309e-05,0.006375221238938054,0.944775221238938,0.11466522123893805,0.17450522123893805,4.522123893805309e-05,4.522123893805309e-05,0.3930852212389381,0.07987522123893805,0.03731522123893805,0.026045221238938054,0.34274522123893797,4.522123893805309e-05,4.522123893805309e-05,4.522123893805309e-05,0.30347522123893805,4.522123893805309e-05,0.09093522123893805,0.22399522123893797,0.029835221238938055,4.522123893805309e-05,0.20975522123893806,0.8357652212389379,0.15714522123893807,4.522123893805309e-05,0.05306522123893805,4.522123893805309e-05,4.522123893805309e-05,4.522123893805309e-05,4.522123893805309e-05,4.522123893805309e-05,4.522123893805309e-05,0.021375221238938053,4.522123893805309e-05,4.522123893805309e-05,4.522123893805309e-05,4.522123893805309e-05,0.07360522123893805,4.522123893805309e-05,4.522123893805309e-05,0.08352522123893805,0.03506522123893795,4.522123893805309e-05,35.74520522123892
37035_1#6,3.530973451327433e-05,3.530973451327433e-05,3.530973451327433e-05,1.4604953097345135,0.13200530973451327,0.008055309734513275,4.902285309734513,0.022885309734513273,0.021485309734513174,0.5332253097345133,0.19594530973451327,2.520065309734513,0.8074153097345133,3.530973451327433e-05,3.530973451327433e-05,5.565685309734513,1.2464253097345133,0.15724530973451328,0.018815309734513272,1.2904553097345133,0.0008653097345132743,3.530973451327433e-05,0.5019953097345132,1.3069553097345135,23.843975309734514,0.9522553097345132,0.6319853097345133,3.530973451327433e-05,0.37780530973451326,0.09985530973451318,3.530973451327433e-05,0.025625309734513272,3.530973451327433e-05,0.0015253097345132743,3.530973451327433e-05,3.530973451327433e-05,3.530973451327433e-05,3.530973451327433e-05,0.0029453097345132745,0.008725309734513175,0.2163953097345133,2.029845309734513,3.530973451327433e-05,3.530973451327433e-05,3.530973451327433e-05,10.704315309734513,0.07542530973451328,0.47663530973451324,0.014805309734513276,3.530973451327433e-05,0.2012953097345133,3.530973451327433e-05,3.530973451327433e-05,3.530973451327433e-05,0.11243530973451328,0.7347953097345132,3.530973451327433e-05,0.014665309734513274,3.530973451327433e-05,0.017955309734513272,0.0015253097345132743,3.530973451327433e-05,3.530973451327433e-05,1.0937153097345134,3.530973451327433e-05,0.12048530973451328,0.4217253097345133,0.10834530973451317,0.08529530973451319,3.530973451327433e-05,3.530973451327433e-05,0.8603753097345133,3.530973451327433e-05,0.36424530973451325,3.530973451327433e-05,3.530973451327433e-05,0.11344530973451328,3.530973451327433e-05,0.019135309734513273,3.530973451327433e-05,0.8979053097345132,3.530973451327433e-05,0.0004553097345132743,3.530973451327433e-05,0.015405309734513276,0.02120530973451327,3.530973451327433e-05,0.12132530973451328,3.530973451327433e-05,3.530973451327433e-05,3.530973451327433e-05,0.22612530973451328,0.06828530973451329,3.530973451327433e-05,0.011935309734513275,3.530973451327433e-05,3.530973451327433e-05,3.530973451327433e-05,3.530973451327433e-05,3.530973451327433e-05,3.530973451327433e-05,3.530973451327433e-05,3.530973451327433e-05,3.530973451327433e-05,3.530973451327433e-05,3.530973451327433e-05,3.530973451327433e-05,3.530973451327433e-05,3.530973451327433e-05,3.530973451327433e-05,3.530973451327433e-05,3.530973451327433e-05,34.21151530973454
37035_1#7,4.150442477876106e-05,1.2219715044247788,4.150442477876106e-05,0.12839150442477876,0.16973150442477875,0.09763150442477876,1.0945915044247787,0.08859150442477877,0.16201150442477874,0.5089615044247787,4.150442477876106e-05,1.4289215044247787,0.15716150442477875,4.150442477876106e-05,4.150442477876106e-05,0.08001150442477876,0.45944150442477877,0.06394150442477876,4.150442477876106e-05,0.10205150442477867,4.150442477876106e-05,4.150442477876106e-05,1.4850815044247787,21.023901504424778,0.16522150442477876,0.14504150442477876,5.348031504424779,4.150442477876106e-05,0.22118150442477874,0.006081504424778761,4.150442477876106e-05,4.150442477876106e-05,0.026101504424778762,4.150442477876106e-05,4.150442477876106e-05,0.000651504424778661,0.02605150442477876,0.13766150442477876,0.20174150442477876,4.150442477876106e-05,4.150442477876106e-05,1.7566715044247787,0.04253150442477876,0.049911504424778756,4.150442477876106e-05,3.443111504424779,1.3275315044247789,2.441361504424779,0.004681504424778761,4.150442477876106e-05,0.18578150442477875,4.150442477876106e-05,4.150442477876106e-05,4.150442477876106e-05,0.026411504424778662,0.28481150442477876,4.150442477876106e-05,0.041341504424778755,4.150442477876106e-05,0.003591504424778761,4.150442477876106e-05,4.150442477876106e-05,4.150442477876106e-05,3.831821504424779,0.10597150442477876,0.02057150442477876,0.5683915044247788,0.16742150442477874,4.150442477876106e-05,4.150442477876106e-05,0.04224150442477876,0.13367150442477876,4.150442477876106e-05,0.33726150442477876,4.150442477876106e-05,0.021481504424778662,0.17521150442477876,0.012361504424778761,0.0022115044247787608,4.150442477876106e-05,0.48940150442477875,4.150442477876106e-05,4.150442477876106e-05,4.150442477876106e-05,0.02186150442477876,0.008541504424778761,0.0061215044247787615,0.20710150442477876,0.13762150442477875,4.150442477876106e-05,0.08512150442477877,0.056211504424778756,0.02815150442477876,4.150442477876106e-05,0.04146150442477876,4.150442477876106e-05,0.4335515044247788,0.039301504424778755,4.150442477876106e-05,4.150442477876106e-05,4.150442477876106e-05,0.00025150442477876104,0.0041615044247787615,4.150442477876106e-05,4.150442477876106e-05,0.08903150442477877,4.150442477876106e-05,4.150442477876106e-05,4.150442477876106e-05,4.150442477876106e-05,4.150442477876106e-05,0.003641504424778761,48.77004150442475
37035_1#8,5.141592920353982e-05,5.141592920353982e-05,5.141592920353982e-05,0.05561141592920354,3.0029114159292036,5.141592920353982e-05,0.5189414159292036,6.373861415929205,5.141592920353982e-05,17.683541415929202,5.141592920353982e-05,0.04234141592920354,2.6725414159292034,5.141592920353982e-05,5.141592920353982e-05,0.04720141592920354,0.16787141592920354,0.09048141592920354,0.013531415929203539,0.23201141592920352,0.08627141592920344,5.141592920353982e-05,0.05455141592920354,2.904171415929204,0.011781415929203539,0.5164614159292036,1.0026314159292036,0.17492141592920354,0.03566141592920354,0.04210141592920354,0.12516141592920343,0.35319141592920344,0.01053141592920354,0.15594141592920352,0.09207141592920344,0.08157141592920354,5.141592920353982e-05,1.0554814159292036,5.141592920353982e-05,5.141592920353982e-05,0.6666214159292035,20.173601415929202,1.3224214159292036,0.25370141592920353,0.12190141592920355,0.2993214159292035,0.12627141592920355,5.141592920353982e-05,0.11287141592920355,1.2274114159292036,0.01543141592920354,5.141592920353982e-05,0.21789141592920352,0.15782141592920354,1.0485914159292036,0.03381141592920354,5.141592920353982e-05,5.141592920353982e-05,0.24213141592920354,0.05304141592920354,5.141592920353982e-05,0.08143141592920354,1.4100114159292034,0.00422141592920354,3.2966314159292036,0.03935141592920354,0.17935141592920353,0.09030141592920354,5.141592920353982e-05,0.10333141592920354,0.09813141592920355,1.1003714159292035,5.141592920353982e-05,0.4463414159292035,0.06022141592920344,0.007961415929203538,0.0062114159292034395,0.00988141592920354,5.141592920353982e-05,0.10499141592920344,5.141592920353982e-05,0.02043141592920354,5.141592920353982e-05,0.34212141592920353,5.141592920353982e-05,0.026741415929203538,0.00437141592920354,5.141592920353982e-05,5.141592920353982e-05,0.0012014159292035398,5.141592920353982e-05,0.04044141592920354,5.141592920353982e-05,0.11204141592920344,0.02961141592920354,0.00221141592920354,0.03197141592920354,0.2684514159292035,0.011291415929203439,0.03662141592920354,0.03003141592920354,5.141592920353982e-05,0.04644141592920354,0.08837141592920354,5.141592920353982e-05,0.01804141592920354,0.02481141592920354,0.058031415929203536,0.02588141592920354,0.21325141592920352,0.00616141592920354,5.141592920353982e-05,27.844991415929222
37035_1#9,3.3451327433628316e-05,2.1180934513274337,3.3451327433628316e-05,0.05010345132743362,0.14821345132743363,3.3451327433628316e-05,6.1507434513274335,0.25187345132743355,0.16093345132743364,0.5757334513274336,0.6030634513274336,3.462213451327434,0.025873451327433628,3.3451327433628316e-05,3.3451327433628316e-05,0.10454345132743352,1.6076534513274336,3.3451327433628316e-05,3.3451327433628316e-05,0.14270345132743364,3.3451327433628316e-05,3.3451327433628316e-05,0.13887345132743353,21.985013451327436,0.004473451327433629,0.15786345132743365,3.3451327433628316e-05,3.3451327433628316e-05,0.42150345132743355,0.3431434513274336,3.3451327433628316e-05,0.38973345132743364,0.46695345132743354,3.3451327433628316e-05,0.0030034513274335285,3.3451327433628316e-05,3.3451327433628316e-05,0.06165345132743352,0.0036434513274335284,3.3451327433628316e-05,3.3451327433628316e-05,0.6667034513274336,0.07492345132743362,0.020013451327433627,3.3451327433628316e-05,3.454023451327434,11.053273451327433,0.6412434513274337,3.3451327433628316e-05,3.3451327433628316e-05,0.06561345132743363,3.3451327433628316e-05,3.3451327433628316e-05,3.3451327433628316e-05,3.3451327433628316e-05,0.11809345132743362,3.3451327433628316e-05,0.10593345132743362,0.015323451327433528,0.008373451327433529,3.3451327433628316e-05,3.3451327433628316e-05,0.06475345132743363,3.1313934513274337,0.0037634513274336285,3.3451327433628316e-05,3.3451327433628316e-05,0.33451345132743365,3.3451327433628316e-05,3.3451327433628316e-05,0.09169345132743352,5.820533451327433,3.3451327433628316e-05,1.0720634513274336,3.3451327433628316e-05,3.3451327433628316e-05,0.22812345132743364,0.006483451327433628,3.3451327433628316e-05,3.3451327433628316e-05,0.30721345132743366,3.3451327433628316e-05,3.3451327433628316e-05,3.3451327433628316e-05,0.19320345132743363,3.3451327433628316e-05,3.3451327433628316e-05,0.26333345132743363,3.3451327433628316e-05,3.3451327433628316e-05,3.3451327433628316e-05,0.02002345132743353,0.19159345132743363,0.6389534513274335,0.012933451327433529,3.3451327433628316e-05,3.3451327433628316e-05,0.011513451327433628,3.3451327433628316e-05,3.3451327433628316e-05,3.3451327433628316e-05,3.3451327433628316e-05,3.3451327433628316e-05,3.3451327433628316e-05,3.3451327433628316e-05,3.3451327433628316e-05,0.3160534513274336,3.3451327433628316e-05,3.3451327433628316e-05,3.3451327433628316e-05,3.3451327433628316e-05,3.3451327433628316e-05,31.688763451327446
37035_2#10,3.9048570796460176,0.0400970796460176,3.2484070796460176,0.0750570796460177,2.9222870796460176,1.0340370796460177,0.8203470796460177,7.3197670796460175,0.0808370796460177,5.754767079646018,0.1701970796460177,0.056187079646017705,2.1396170796460177,2.086497079646018,4.707964601769911e-05,4.707964601769911e-05,0.8501870796460177,12.019457079646017,0.0998270796460177,0.5623170796460176,0.4004570796460177,0.7228670796460176,0.43179707964601766,0.1841670796460177,4.707964601769911e-05,1.0374870796460176,1.6567970796460179,0.007027079646017699,0.007077079646017699,0.1755670796460177,1.0672270796460177,0.2372770796460177,4.707964601769911e-05,0.0661270796460177,1.1414570796460175,1.7515870796460176,0.006677079646017699,0.0663170796460177,4.707964601769911e-05,4.707964601769911e-05,3.339557079646018,15.026057079646018,4.707964601769911e-05,4.707964601769911e-05,4.707964601769911e-05,0.6033670796460177,0.1270770796460177,4.707964601769911e-05,0.2191870796460177,1.7113970796460178,0.1020070796460177,4.707964601769911e-05,4.707964601769911e-05,0.35707707964601765,4.707964601769911e-05,0.001997079646017699,4.707964601769911e-05,4.707964601769911e-05,0.007497079646017699,0.6154070796460177,0.3924170796460177,0.0103970796460177,1.4791670796460177,4.707964601769911e-05,4.707964601769911e-05,4.707964601769911e-05,0.0209770796460177,4.707964601769911e-05,0.0007170796460176991,0.0205570796460177,4.707964601769911e-05,4.707964601769911e-05,4.707964601769911e-05,4.707964601769911e-05,0.0581870796460177,4.707964601769911e-05,0.1020970796460177,0.004377079646017699,0.002437079646017699,4.707964601769911e-05,4.707964601769911e-05,0.0939870796460177,0.28210707964601767,0.1314570796460176,4.707964601769911e-05,0.8707870796460178,0.0608170796460177,0.0266470796460177,4.707964601769911e-05,0.1551470796460177,4.707964601769911e-05,4.707964601769911e-05,4.707964601769911e-05,0.3933170796460177,4.707964601769911e-05,0.7743870796460177,4.707964601769911e-05,2.2409370796460175,0.031327079646017705,4.707964601769911e-05,0.0924870796460177,0.1433170796460177,0.5525270796460177,0.0217870796460177,0.051337079646017705,4.707964601769911e-05,2.010717079646018,0.28698707964601766,0.052537079646017705,4.707964601769911e-05,4.707964601769911e-05,0.013337079646017599,15.365687079646024
37035_2#11,4.15431796460177,0.4307079646017699,6.57090796460177,1.7964601769911502e-05,1.95052796460177,0.3251979646017699,0.5207879646017699,17.57189796460177,1.7964601769911502e-05,6.51568796460177,0.1884579646017698,0.1286979646017699,1.7964601769911502e-05,11.01749796460177,1.7964601769911502e-05,0.6164879646017699,1.7964601769911502e-05,1.7964601769911502e-05,1.7964601769911502e-05,1.40896796460177,1.7964601769911502e-05,1.7964601769911502e-05,1.7964601769911502e-05,0.009647964601769912,0.01562796460176991,0.02916796460176991,2.45027796460177,0.056807964601769914,0.05113796460176991,0.3803679646017699,1.7964601769911502e-05,0.40835796460176993,1.7964601769911502e-05,1.7964601769911502e-05,1.01848796460177,19.35684796460177,0.0890579646017699,0.007837964601769911,1.7964601769911502e-05,1.7964601769911502e-05,1.7964601769911502e-05,1.7964601769911502e-05,1.7964601769911502e-05,1.7964601769911502e-05,1.7964601769911502e-05,1.7964601769911502e-05,1.7964601769911502e-05,1.7964601769911502e-05,1.7964601769911502e-05,1.7964601769911502e-05,1.7964601769911502e-05,1.7964601769911502e-05,0.013657964601769912,1.7964601769911502e-05,1.7964601769911502e-05,1.7964601769911502e-05,1.7964601769911502e-05,1.7964601769911502e-05,1.7964601769911502e-05,1.7964601769911502e-05,1.7964601769911502e-05,1.7964601769911502e-05,1.7964601769911502e-05,1.7964601769911502e-05,1.7964601769911502e-05,1.7964601769911502e-05,1.7964601769911502e-05,1.7964601769911502e-05,1.7964601769911502e-05,1.7964601769911502e-05,1.7964601769911502e-05,1.7964601769911502e-05,1.7964601769911502e-05,1.7964601769911502e-05,1.7964601769911502e-05,1.7964601769911502e-05,1.7964601769911502e-05,1.7964601769911502e-05,1.7964601769911502e-05,1.7964601769911502e-05,1.7964601769911502e-05,0.19991796460176992,1.7964601769911502e-05,1.7964601769911502e-05,1.7964601769911502e-05,1.7964601769911502e-05,1.7964601769911502e-05,1.7964601769911502e-05,1.7964601769911502e-05,1.7964601769911502e-05,1.7964601769911502e-05,1.7964601769911502e-05,1.7964601769911502e-05,1.7964601769911502e-05,1.7964601769911502e-05,1.7964601769911502e-05,1.7964601769911502e-05,1.7964601769911502e-05,1.7964601769911502e-05,1.7964601769911502e-05,1.7964601769911502e-05,1.7964601769911502e-05,1.7964601769911502e-05,1.7964601769911502e-05,1.93612796460177,1.7964601769911502e-05,1.7964601769911502e-05,1.7964601769911502e-05,1.7964601769911502e-05,1.7964601769911502e-05,1.7964601769911502e-05,1.7964601769911502e-05,22.57501796460176
37035_2#12,0.4306638938053097,0.22551389380530976,0.5985538938053097,0.7586338938053098,4.9285338938053105,0.7561538938053097,1.34039389380531,10.09354389380531,5.389380530973451e-05,2.5335738938053094,0.006493893805309635,0.13562389380530976,6.1759538938053105,0.6521138938053097,0.042313893805309734,0.6931338938053098,1.2376438938053098,0.06256389380530973,0.15064389380530974,0.8150338938053098,0.9506438938053097,0.07983389380530974,0.23204389380530974,0.0035438938053097345,0.0021038938053097346,1.7917038938053098,4.38368389380531,0.07963389380530973,0.05357389380530973,0.023823893805309734,0.17946389380530975,1.9419238938053098,5.389380530973451e-05,0.3196338938053097,0.20790389380530974,2.3391138938053095,0.13143389380530976,0.014853893805309734,0.010623893805309734,0.010903893805309733,5.389380530973451e-05,1.4068738938053098,2.6052238938053094,5.389380530973451e-05,0.23562389380530974,5.389380530973451e-05,5.389380530973451e-05,5.389380530973451e-05,0.13725389380530975,0.9459138938053098,0.014993893805309634,5.389380530973451e-05,5.24167389380531,0.09794389380530974,5.389380530973451e-05,0.5994638938053097,5.389380530973451e-05,0.08561389380530973,0.018773893805309735,0.8456838938053097,0.04475389380530973,0.23591389380530975,1.8816638938053099,5.389380530973451e-05,5.389380530973451e-05,0.7607438938053097,0.044313893805309736,5.389380530973451e-05,5.389380530973451e-05,0.05545389380530973,5.389380530973451e-05,0.10211389380530973,0.4748538938053096,5.389380530973451e-05,0.14677389380530975,0.004093893805309734,0.21979389380530964,0.036203893805309736,0.018263893805309735,0.23132389380530974,5.389380530973451e-05,0.05229389380530974,0.6727538938053097,0.9363838938053097,5.389380530973451e-05,4.50630389380531,1.26823389380531,0.014203893805309634,5.389380530973451e-05,0.5290438938053098,5.389380530973451e-05,5.389380530973451e-05,0.07049389380530974,0.04737389380530963,5.389380530973451e-05,0.6817138938053098,5.389380530973451e-05,5.389380530973451e-05,5.389380530973451e-05,0.19847389380530975,0.35441389380530974,0.026793893805309735,0.016803893805309635,0.19907389380530974,5.389380530973451e-05,0.6632138938053097,0.06638389380530973,0.007483893805309734,0.3347238938053097,0.13626389380530965,0.010303893805309734,0.05152389380530963,28.269513893805353
37035_2#13,2.563617876106195,0.07005787610619468,4.954987876106196,0.02231787610619459,4.584517876106195,0.3294878761061947,0.07645787610619469,5.743467876106195,2.7876106194690264e-05,2.7876106194690264e-05,2.7876106194690264e-05,0.0035678761061946904,1.7168978761061946,1.8068978761061947,0.08795787610619468,0.018657876106194692,0.00801787610619469,2.7876106194690264e-05,0.04934787610619459,0.11514787610619469,0.30649787610619467,0.5524678761061947,0.02268787610619469,0.02572787610619459,0.01060787610619469,0.035367876106194684,0.35655787610619466,0.00713787610619469,2.7876106194690264e-05,0.3664278761061946,0.1747778761061947,2.7876106194690264e-05,2.7876106194690264e-05,0.01456787610619469,0.1561878761061947,1.6873878761061947,0.028357876106194693,0.051077876106194686,2.7876106194690264e-05,2.7876106194690264e-05,2.7876106194690264e-05,62.4921778761062,2.7876106194690264e-05,2.7876106194690264e-05,2.7876106194690264e-05,0.19630787610619468,2.7876106194690264e-05,2.7876106194690264e-05,0.1770778761061947,0.8931878761061947,2.7876106194690264e-05,2.7876106194690264e-05,0.0033078761061946906,0.42144787610619466,2.7876106194690264e-05,0.02395787610619469,2.7876106194690264e-05,2.7876106194690264e-05,2.7876106194690264e-05,0.16579787610619467,2.7876106194690264e-05,2.7876106194690264e-05,2.7876106194690264e-05,0.00393787610619469,2.7876106194690264e-05,2.7876106194690264e-05,0.0016278761061945903,2.7876106194690264e-05,2.7876106194690264e-05,2.7876106194690264e-05,0.10350787610619469,2.7876106194690264e-05,2.7876106194690264e-05,2.7876106194690264e-05,2.7876106194690264e-05,2.7876106194690264e-05,2.7876106194690264e-05,2.7876106194690264e-05,2.7876106194690264e-05,2.7876106194690264e-05,2.7876106194690264e-05,0.15750787610619468,2.7876106194690264e-05,2.7876106194690264e-05,2.7876106194690264e-05,2.7876106194690264e-05,2.7876106194690264e-05,2.7876106194690264e-05,2.7876106194690264e-05,2.7876106194690264e-05,2.7876106194690264e-05,2.7876106194690264e-05,2.7876106194690264e-05,2.7876106194690264e-05,2.7876106194690264e-05,2.7876106194690264e-05,2.7876106194690264e-05,2.7876106194690264e-05,2.7876106194690264e-05,2.7876106194690264e-05,2.7876106194690264e-05,2.7876106194690264e-05,2.7876106194690264e-05,2.7876106194690264e-05,0.46629787610619466,2.7876106194690264e-05,2.7876106194690264e-05,2.7876106194690264e-05,2.7876106194690264e-05,2.7876106194690264e-05,2.7876106194690264e-05,2.7876106194690264e-05,8.94471787610619
37035_2#14,0.8834301769911505,5.017699115044247e-05,0.01950017699115044,0.22621017699115042,0.9063401769911505,0.04481017699115045,0.6201701769911505,2.5977801769911504,5.017699115044247e-05,4.501520176991151,0.25215017699115044,0.16165017699115045,0.0001901769911504425,0.5626601769911506,5.017699115044247e-05,0.014880176991150443,0.31999017699115045,1.5911701769911506,0.04194017699115044,0.02492017699115044,0.10524017699115033,0.5572701769911504,0.032050176991150446,5.017699115044247e-05,0.0003401769911504425,0.6350001769911505,0.28328017699115043,0.7159401769911505,0.07070017699115044,0.02462017699115044,0.8387601769911505,0.07064017699115044,0.011820176991150443,0.004990176991150442,0.8172401769911505,0.4727601769911504,5.017699115044247e-05,5.017699115044247e-05,5.017699115044247e-05,5.017699115044247e-05,0.4259101769911504,3.2041101769911506,0.04056017699115044,5.017699115044247e-05,1.0143601769911503,0.06195017699115044,5.017699115044247e-05,5.017699115044247e-05,0.0033801769911504425,2.6222501769911504,5.017699115044247e-05,5.017699115044247e-05,0.34380017699115034,0.46381017699115046,0.9832401769911505,0.018090176991150442,5.017699115044247e-05,5.017699115044247e-05,0.01713017699115044,0.5080401769911506,5.017699115044247e-05,0.027110176991150443,5.844910176991151,5.017699115044247e-05,0.7167101769911505,5.017699115044247e-05,5.017699115044247e-05,0.02786017699115044,0.059080176991150445,0.07576017699115044,0.25511017699115046,0.06282017699115043,5.017699115044247e-05,0.04674017699115045,1.5650301769911505,5.017699115044247e-05,0.10883017699115044,5.017699115044247e-05,0.0043801769911504425,5.017699115044247e-05,0.008330176991150443,0.01752017699115044,0.05860017699115044,1.7090501769911506,5.017699115044247e-05,11.732730176991149,0.11909017699115043,5.017699115044247e-05,5.017699115044247e-05,1.5022801769911505,5.017699115044247e-05,5.017699115044247e-05,0.02211017699115044,5.017699115044247e-05,5.017699115044247e-05,0.5099101769911505,0.22952017699115043,5.017699115044247e-05,0.3234501769911504,0.08614017699115044,1.0908601769911503,0.7098601769911506,2.0276701769911507,0.06809017699115044,0.06079017699115045,0.07322017699115044,5.017699115044247e-05,0.3031401769911504,0.2937601769911504,0.13137017699115044,0.006310176991150442,2.5736901769911507,40.429960176991194
37035_2#15,34.23377345132743,1.2946434513274334,3.9114234513274337,3.487843451327434,2.815513451327434,0.40351345132743366,0.9953534513274336,10.866923451327434,0.6572434513274336,0.7029234513274336,0.32480345132743366,3.3451327433628316e-05,4.039493451327433,0.8854734513274336,0.022043451327433627,0.5634934513274336,1.0292834513274336,3.3451327433628316e-05,0.20191345132743363,2.236653451327434,0.08377345132743362,0.8245834513274336,0.20444345132743363,0.004553451327433528,0.014123451327433529,0.6096934513274336,0.8630934513274335,0.19756345132743364,0.033853451327433524,3.3451327433628316e-05,0.9875634513274336,0.48165345132743353,0.005803451327433628,0.057253451327433626,0.5247234513274336,1.0176134513274335,3.3451327433628316e-05,3.3451327433628316e-05,3.3451327433628316e-05,3.3451327433628316e-05,0.0031534513274335285,3.3451327433628316e-05,3.5934234513274337,3.3451327433628316e-05,3.3451327433628316e-05,3.3451327433628316e-05,3.3451327433628316e-05,3.3451327433628316e-05,0.31714345132743366,0.6206634513274336,0.22508345132743363,3.3451327433628316e-05,3.3451327433628316e-05,0.6641234513274337,3.3451327433628316e-05,3.3451327433628316e-05,3.3451327433628316e-05,1.3500334513274337,3.3451327433628316e-05,1.2938034513274337,0.4207534513274335,3.3451327433628316e-05,1.7236834513274335,3.3451327433628316e-05,3.3451327433628316e-05,3.3451327433628316e-05,3.3451327433628316e-05,3.3451327433628316e-05,3.3451327433628316e-05,3.3451327433628316e-05,3.3451327433628316e-05,3.3451327433628316e-05,3.3451327433628316e-05,3.3451327433628316e-05,3.3451327433628316e-05,3.3451327433628316e-05,3.3451327433628316e-05,0.04192345132743362,0.0030534513274336284,3.3451327433628316e-05,3.3451327433628316e-05,0.10505345132743363,3.3451327433628316e-05,0.8546034513274335,3.3451327433628316e-05,3.3451327433628316e-05,0.00905345132743363,3.3451327433628316e-05,3.3451327433628316e-05,3.3451327433628316e-05,3.3451327433628316e-05,3.3451327433628316e-05,3.3451327433628316e-05,3.3451327433628316e-05,3.3451327433628316e-05,3.3451327433628316e-05,3.3451327433628316e-05,3.3451327433628316e-05,3.3451327433628316e-05,3.3451327433628316e-05,0.5944534513274335,0.013603451327433628,3.3451327433628316e-05,0.02737345132743363,0.30985345132743364,3.3451327433628316e-05,3.3451327433628316e-05,3.3451327433628316e-05,3.3451327433628316e-05,0.027083451327433627,3.3451327433628316e-05,3.3451327433628316e-05,13.217503451327461
37035_2#16,2.2381315929203542,0.26520159292035395,3.421111592920354,1.7970715929203538,6.351591592920354,0.029831592920353884,0.39148159292035395,13.079631592920354,3.15929203539823e-05,5.545941592920354,0.030681592920353884,0.15575159292035398,16.480311592920355,0.7237215929203541,1.266791592920354,0.10992159292035389,0.250861592920354,3.15929203539823e-05,0.306871592920354,3.595501592920354,0.6686415929203541,0.512721592920354,3.15929203539823e-05,0.026021592920353984,3.15929203539823e-05,0.23363159292035396,2.6278515929203543,0.018921592920353985,0.004381592920353982,0.08877159292035398,1.337181592920354,1.162351592920354,0.012671592920353882,0.442681592920354,0.18853159292035396,4.203841592920354,0.03424159292035398,0.16011159292035396,3.15929203539823e-05,3.15929203539823e-05,3.15929203539823e-05,3.15929203539823e-05,0.418221592920354,3.15929203539823e-05,3.889831592920354,3.15929203539823e-05,3.15929203539823e-05,3.15929203539823e-05,3.15929203539823e-05,0.48857159292035396,0.027651592920353983,3.15929203539823e-05,0.004331592920353982,0.20425159292035397,3.15929203539823e-05,3.15929203539823e-05,3.15929203539823e-05,3.15929203539823e-05,3.15929203539823e-05,0.602561592920354,3.15929203539823e-05,3.15929203539823e-05,3.15929203539823e-05,3.15929203539823e-05,3.15929203539823e-05,3.15929203539823e-05,0.046531592920353984,3.15929203539823e-05,3.15929203539823e-05,3.15929203539823e-05,3.046201592920354,3.15929203539823e-05,3.15929203539823e-05,3.15929203539823e-05,3.15929203539823e-05,3.15929203539823e-05,0.04330159292035398,3.15929203539823e-05,3.15929203539823e-05,3.15929203539823e-05,3.15929203539823e-05,0.21804159292035397,0.03845159292035388,3.15929203539823e-05,3.15929203539823e-05,3.15929203539823e-05,2.2693815929203542,3.15929203539823e-05,3.15929203539823e-05,3.15929203539823e-05,3.15929203539823e-05,3.15929203539823e-05,3.15929203539823e-05,0.28640159292035394,3.15929203539823e-05,3.15929203539823e-05,3.15929203539823e-05,3.15929203539823e-05,3.15929203539823e-05,3.15929203539823e-05,3.15929203539823e-05,0.011891592920353982,3.15929203539823e-05,3.15929203539823e-05,3.15929203539823e-05,3.15929203539823e-05,6.732381592920353,3.15929203539823e-05,3.15929203539823e-05,3.15929203539823e-05,3.15929203539823e-05,3.15929203539823e-05,13.907071592920342
37035_2#17,3.6533776991150444,0.5980076991150443,2.5488076991150446,0.35429769911504416,6.1271576991150445,0.22463769911504425,0.6677676991150442,6.523407699115045,0.04275769911504425,5.882747699115044,0.04521769911504415,0.08662769911504425,6.088327699115045,3.7804076991150444,1.5474776991150443,0.24942769911504425,0.17812769911504425,2.4845676991150447,0.021257699115044246,0.8847676991150442,0.9136076991150442,0.3624076991150442,0.8490876991150442,0.04314769911504425,0.03922769911504425,2.0507676991150445,2.3933076991150446,0.04043769911504425,0.008577699115044248,0.6159776991150442,0.17255769911504415,0.43302769911504424,4.769911504424779e-05,0.05465769911504415,0.6272376991150442,1.9585576991150442,0.050887699115044246,0.06448769911504425,4.769911504424779e-05,0.006087699115044248,3.6471276991150443,4.769911504424779e-05,0.25962769911504424,4.769911504424779e-05,0.26176769911504427,4.769911504424779e-05,4.769911504424779e-05,4.769911504424779e-05,0.18548769911504415,0.43781769911504415,0.015747699115044245,0.04419769911504415,4.769911504424779e-05,0.027127699115044247,4.769911504424779e-05,4.769911504424779e-05,4.769911504424779e-05,0.05972769911504425,4.769911504424779e-05,0.23560769911504426,0.09473769911504425,0.20315769911504425,1.001487699115044,4.769911504424779e-05,4.769911504424779e-05,0.21278769911504425,0.0006676991150442478,4.769911504424779e-05,4.769911504424779e-05,4.769911504424779e-05,0.002327699115044248,4.769911504424779e-05,0.14130769911504415,4.769911504424779e-05,0.003787699115044248,4.769911504424779e-05,0.08184769911504425,4.769911504424779e-05,4.769911504424779e-05,4.769911504424779e-05,4.769911504424779e-05,0.18080769911504424,0.08715769911504424,0.3410376991150442,4.769911504424779e-05,14.139837699115045,0.7938376991150442,4.769911504424779e-05,4.769911504424779e-05,0.24128769911504425,0.015477699115044248,4.769911504424779e-05,4.769911504424779e-05,1.8581576991150441,4.769911504424779e-05,0.9302476991150442,4.769911504424779e-05,4.769911504424779e-05,4.769911504424779e-05,0.18916769911504425,4.769911504424779e-05,0.040507699115044246,0.18717769911504425,4.769911504424779e-05,0.43690769911504423,0.07305769911504414,0.06501769911504425,0.025437699115044246,0.06898769911504425,0.04429769911504425,4.769911504424779e-05,0.018197699115044246,20.672107699115017
37035_2#18,8.17352778761062,0.09643778761061947,16.423447787610616,1.1543477876106194,0.9964777876106194,0.07906778761061947,0.6129477876106194,16.09641778761062,3.7787610619469026e-05,9.69062778761062,3.7787610619469026e-05,0.04406778761061947,4.097357787610619,2.2237877876106196,1.2796977876106195,0.23141778761061946,0.3093577876106195,2.5989977876106196,0.15655778761061948,1.6389177876106193,0.5340077876106194,1.1766177876106194,0.2829277876106195,3.7787610619469026e-05,0.13282778761061936,0.4615277876106195,1.1174777876106194,0.00918778761061947,3.7787610619469026e-05,0.16802778761061946,1.6577577876106195,0.2875877876106195,3.7787610619469026e-05,0.12642778761061946,0.5570177876106195,0.5270477876106194,3.7787610619469026e-05,3.7787610619469026e-05,3.7787610619469026e-05,3.7787610619469026e-05,3.7787610619469026e-05,3.7787610619469026e-05,0.2835077876106195,3.7787610619469026e-05,3.7787610619469026e-05,0.16591778761061945,3.7787610619469026e-05,3.7787610619469026e-05,0.3295677876106195,1.4164177876106194,0.08526778761061947,3.7787610619469026e-05,3.7787610619469026e-05,0.15006778761061948,3.7787610619469026e-05,0.17079778761061937,2.0638277876106197,0.13964778761061947,3.7787610619469026e-05,0.20236778761061947,0.10320778761061947,3.7787610619469026e-05,1.0926977876106194,3.7787610619469026e-05,3.7787610619469026e-05,1.6975977876106194,0.000497787610619469,3.7787610619469026e-05,3.7787610619469026e-05,3.7787610619469026e-05,3.7787610619469026e-05,3.7787610619469026e-05,3.7787610619469026e-05,3.7787610619469026e-05,0.050267787610619466,3.7787610619469026e-05,0.009767787610619468,3.7787610619469026e-05,3.7787610619469026e-05,3.7787610619469026e-05,3.7787610619469026e-05,0.09155778761061936,0.10645778761061947,0.17968778761061946,3.7787610619469026e-05,2.2042777876106197,0.19196778761061947,3.7787610619469026e-05,3.7787610619469026e-05,3.7787610619469026e-05,3.7787610619469026e-05,3.7787610619469026e-05,0.15934778761061946,3.7787610619469026e-05,0.008417787610619468,3.7787610619469026e-05,3.7787610619469026e-05,3.7787610619469026e-05,3.7787610619469026e-05,3.7787610619469026e-05,0.035627787610619466,3.7787610619469026e-05,3.7787610619469026e-05,0.03317778761061947,0.4061777876106195,3.7787610619469026e-05,0.9988277876106194,3.7787610619469026e-05,0.0046477876106194695,0.005827787610619469,3.7787610619469026e-05,3.7787610619469026e-05,14.668707787610682
37035_2#19,25.916463539823006,2.3539823008849554e-05,7.834433539823009,0.6124635398230088,12.391773539823008,0.12639353982300885,0.7403635398230088,10.59449353982301,0.15440353982300886,4.19393353982301,0.15785353982300887,2.3539823008849554e-05,2.3539823008849554e-05,0.17851353982300885,2.3539823008849554e-05,0.2577535398230088,0.2715935398230088,2.3539823008849554e-05,2.3539823008849554e-05,2.9927435398230093,0.054373539823008854,1.872593539823009,2.3539823008849554e-05,2.3539823008849554e-05,2.3539823008849554e-05,0.9170835398230088,1.0121135398230088,0.05083353982300885,0.01225353982300885,0.5242835398230088,0.9040535398230088,1.0143535398230088,0.005123539823008849,2.277203539823009,0.7303135398230088,0.23094353982300886,2.3539823008849554e-05,2.3539823008849554e-05,2.3539823008849554e-05,2.3539823008849554e-05,2.3539823008849554e-05,2.3539823008849554e-05,2.3539823008849554e-05,2.3539823008849554e-05,2.3539823008849554e-05,2.3539823008849554e-05,2.3539823008849554e-05,2.3539823008849554e-05,0.10556353982300884,2.3539823008849554e-05,0.16524353982300885,2.3539823008849554e-05,0.019413539823008752,0.8666535398230089,2.3539823008849554e-05,2.3539823008849554e-05,2.3539823008849554e-05,2.3539823008849554e-05,2.3539823008849554e-05,0.2629735398230088,2.3539823008849554e-05,2.3539823008849554e-05,2.3539823008849554e-05,2.3539823008849554e-05,2.3539823008849554e-05,1.752893539823009,2.3539823008849554e-05,2.3539823008849554e-05,2.3539823008849554e-05,2.3539823008849554e-05,2.3539823008849554e-05,2.3539823008849554e-05,2.3539823008849554e-05,2.3539823008849554e-05,2.3539823008849554e-05,2.3539823008849554e-05,2.3539823008849554e-05,2.3539823008849554e-05,2.3539823008849554e-05,2.3539823008849554e-05,2.3539823008849554e-05,0.15107353982300886,2.3539823008849554e-05,2.3539823008849554e-05,2.3539823008849554e-05,2.3539823008849554e-05,2.3539823008849554e-05,2.3539823008849554e-05,2.3539823008849554e-05,2.3539823008849554e-05,2.3539823008849554e-05,2.3539823008849554e-05,2.3539823008849554e-05,2.3539823008849554e-05,2.3539823008849554e-05,2.3539823008849554e-05,2.3539823008849554e-05,2.3539823008849554e-05,2.3539823008849554e-05,2.3539823008849554e-05,2.3539823008849554e-05,0.007153539823008849,2.3539823008849554e-05,0.07401353982300884,0.08574353982300874,2.3539823008849554e-05,2.3539823008849554e-05,2.3539823008849554e-05,2.3539823008849554e-05,2.3539823008849554e-05,2.3539823008849554e-05,2.3539823008849554e-05,20.478803539823016
37035_2#1,0.8032733628318585,0.055533362831858404,0.2586833628318584,2.2074333628318588,0.7439933628318585,0.1775533628318584,1.6882233628318584,20.45473336283186,4.336283185840708e-05,3.1864533628318585,0.3778633628318584,4.336283185840708e-05,9.018663362831857,0.4482233628318584,0.1438333628318584,4.336283185840708e-05,1.4042433628318582,4.336283185840708e-05,0.2511833628318584,0.6498033628318585,0.009123362831858408,0.16497336283185843,4.336283185840708e-05,0.020023362831858404,0.013873362831858407,2.0113933628318588,0.22375336283185843,0.6442133628318584,0.030703362831858406,0.2504633628318584,2.0078333628318585,0.7807533628318585,0.0972433628318584,0.011993362831858407,0.058213362831858406,0.04025336283185841,4.336283185840708e-05,4.336283185840708e-05,0.0005133628318584071,4.336283185840708e-05,0.3066533628318584,2.0778233628318588,0.5935933628318585,4.336283185840708e-05,4.336283185840708e-05,4.336283185840708e-05,4.336283185840708e-05,4.336283185840708e-05,4.336283185840708e-05,0.5148033628318585,0.06393336283185841,4.336283185840708e-05,0.0983133628318584,1.6831933628318585,4.336283185840708e-05,0.0607633628318584,2.4320133628318588,4.336283185840708e-05,0.010463362831858407,0.48013336283185837,0.9535433628318585,4.336283185840708e-05,1.5738133628318582,4.336283185840708e-05,4.336283185840708e-05,0.2646233628318584,4.336283185840708e-05,0.0865633628318584,4.336283185840708e-05,0.6677233628318584,0.21103336283185842,1.5133533628318583,4.336283185840708e-05,4.336283185840708e-05,4.336283185840708e-05,4.336283185840708e-05,0.2027533628318584,4.336283185840708e-05,0.018753362831858408,4.336283185840708e-05,4.336283185840708e-05,0.019893362831858406,0.007053362831858307,0.0670533628318584,4.336283185840708e-05,0.4390833628318584,2.9541033628318587,0.0918633628318584,4.336283185840708e-05,0.4140633628318583,4.336283185840708e-05,4.336283185840708e-05,4.336283185840708e-05,4.336283185840708e-05,4.336283185840708e-05,0.4447333628318584,4.336283185840708e-05,4.336283185840708e-05,0.3366433628318583,0.026573362831858405,4.336283185840708e-05,4.336283185840708e-05,4.336283185840708e-05,0.008973362831858407,0.06447336283185841,4.573263362831859,0.2748433628318584,4.336283185840708e-05,0.0483233628318584,0.017263362831858406,4.336283185840708e-05,0.004263362831858307,28.156803362831855
37035_2#20,14.11348353982301,1.5943435398230088,24.019703539823006,2.3539823008849554e-05,0.17703353982300885,0.19818353982300885,0.7257235398230089,15.61879353982301,2.3539823008849554e-05,1.457093539823009,0.3557235398230088,2.3539823008849554e-05,8.68751353982301,2.8014335398230092,1.8395935398230088,0.4780735398230088,0.03834353982300885,2.3539823008849554e-05,0.10919353982300885,1.688493539823009,2.3539823008849554e-05,1.5819635398230087,0.8495535398230089,0.16274353982300885,0.01878353982300885,0.8447935398230088,1.447943539823009,0.06253353982300884,0.01774353982300885,2.3539823008849554e-05,2.3539823008849554e-05,0.08818353982300875,2.3539823008849554e-05,2.3539823008849554e-05,0.8381335398230088,4.1081435398230095,0.4655335398230088,0.2805235398230088,2.3539823008849554e-05,2.3539823008849554e-05,0.0073535398230088495,2.3539823008849554e-05,2.3539823008849554e-05,2.3539823008849554e-05,2.3539823008849554e-05,2.3539823008849554e-05,2.3539823008849554e-05,2.3539823008849554e-05,2.3539823008849554e-05,2.3539823008849554e-05,2.3539823008849554e-05,2.3539823008849554e-05,0.030413539823008852,0.21158353982300887,2.3539823008849554e-05,2.3539823008849554e-05,2.3539823008849554e-05,2.3539823008849554e-05,2.3539823008849554e-05,2.3539823008849554e-05,2.3539823008849554e-05,2.3539823008849554e-05,2.3539823008849554e-05,2.3539823008849554e-05,2.3539823008849554e-05,2.3539823008849554e-05,2.3539823008849554e-05,2.3539823008849554e-05,2.3539823008849554e-05,2.3539823008849554e-05,0.38630353982300886,2.3539823008849554e-05,2.3539823008849554e-05,2.3539823008849554e-05,2.3539823008849554e-05,2.3539823008849554e-05,2.3539823008849554e-05,2.3539823008849554e-05,2.3539823008849554e-05,2.3539823008849554e-05,2.3539823008849554e-05,0.20596353982300886,2.3539823008849554e-05,2.3539823008849554e-05,2.3539823008849554e-05,2.3539823008849554e-05,0.02559353982300875,2.3539823008849554e-05,2.3539823008849554e-05,2.3539823008849554e-05,2.3539823008849554e-05,2.3539823008849554e-05,2.3539823008849554e-05,0.01096353982300875,2.3539823008849554e-05,2.3539823008849554e-05,2.3539823008849554e-05,2.3539823008849554e-05,2.3539823008849554e-05,2.3539823008849554e-05,2.3539823008849554e-05,2.3539823008849554e-05,2.3539823008849554e-05,2.3539823008849554e-05,0.056253539823008854,2.3539823008849554e-05,2.3539823008849554e-05,2.3539823008849554e-05,2.3539823008849554e-05,2.3539823008849554e-05,2.3539823008849554e-05,2.3539823008849554e-05,14.394503539823019
37035_2#21,2.7931808849557522,0.5696708849557522,3.899980884955752,0.5695208849557523,14.292350884955752,0.11972088495575221,0.3786808849557522,12.591160884955752,4.088495575221239e-05,8.387830884955752,0.04321088495575221,0.10375088495575222,0.2940508849557522,3.218340884955752,4.088495575221239e-05,0.1334108849557522,0.5892108849557522,4.088495575221239e-05,0.01853088495575221,1.9496208849557524,1.8070308849557524,0.2453108849557522,0.4762708849557522,0.06143088495575221,4.088495575221239e-05,2.729330884955752,0.7157908849557523,0.05241088495575221,0.012980884955752113,0.4283808849557522,4.088495575221239e-05,0.2790308849557522,0.005270884955752213,0.5143808849557523,1.5989708849557522,1.4176108849557523,0.013210884955752213,0.019350884955752212,4.088495575221239e-05,4.088495575221239e-05,4.088495575221239e-05,2.233350884955752,4.088495575221239e-05,4.088495575221239e-05,4.088495575221239e-05,4.088495575221239e-05,4.088495575221239e-05,4.088495575221239e-05,0.1705608849557522,1.8893108849557523,0.004840884955752213,4.088495575221239e-05,4.088495575221239e-05,0.3533608849557522,4.088495575221239e-05,0.2138008849557522,4.088495575221239e-05,4.088495575221239e-05,4.088495575221239e-05,0.5418508849557523,0.2188408849557521,4.088495575221239e-05,0.5733308849557524,4.088495575221239e-05,4.088495575221239e-05,4.088495575221239e-05,4.088495575221239e-05,4.088495575221239e-05,4.088495575221239e-05,0.7123208849557523,4.088495575221239e-05,1.8967608849557522,4.088495575221239e-05,4.088495575221239e-05,0.3077108849557522,4.088495575221239e-05,0.02249088495575221,0.05914088495575221,0.004950884955752213,4.088495575221239e-05,4.088495575221239e-05,0.2260208849557522,0.0013508849557522123,4.088495575221239e-05,4.088495575221239e-05,4.088495575221239e-05,1.2862408849557523,4.088495575221239e-05,4.088495575221239e-05,2.797020884955752,4.088495575221239e-05,4.088495575221239e-05,0.02495088495575221,0.09896088495575221,4.088495575221239e-05,0.5562708849557523,4.088495575221239e-05,4.088495575221239e-05,0.02186088495575221,0.015580884955752113,4.088495575221239e-05,0.06241088495575211,4.088495575221239e-05,0.038300884955752214,0.0026408849557522126,2.687630884955752,0.7568308849557523,4.088495575221239e-05,0.3867708849557522,0.0015308849557522123,4.088495575221239e-05,0.6364008849557523,20.865690884955807
37035_2#23,4.563911415929204,1.0186914159292035,2.9738314159292036,0.13909141592920343,0.13945141592920354,0.23345141592920343,0.28628141592920353,1.6715814159292035,5.141592920353982e-05,0.9676114159292035,5.141592920353982e-05,0.23315141592920352,0.15432141592920354,1.5635414159292036,5.141592920353982e-05,5.141592920353982e-05,0.6060014159292035,0.16194141592920352,0.31861141592920356,0.39160141592920344,0.03348141592920354,1.5568214159292035,0.16637141592920354,5.141592920353982e-05,2.499551415929204,0.6501314159292035,0.10361141592920355,0.024791415929203538,5.141592920353982e-05,0.02353141592920354,0.00503141592920354,0.05687141592920344,0.00526141592920354,0.07466141592920354,0.47624141592920355,0.07655141592920355,0.0035914159292035398,0.008601415929203538,5.141592920353982e-05,5.141592920353982e-05,5.141592920353982e-05,2.0824614159292034,5.141592920353982e-05,1.9399914159292035,0.2735514159292035,0.7077214159292035,5.141592920353982e-05,0.037671415929203436,0.06471141592920354,2.1119614159292035,0.009831415929203538,5.141592920353982e-05,0.08601141592920354,2.3415414159292034,0.46786141592920355,0.01817141592920354,1.6202514159292036,5.141592920353982e-05,0.04370141592920354,1.8791014159292034,0.02433141592920354,5.141592920353982e-05,10.773101415929204,0.05675141592920354,5.141592920353982e-05,0.07017141592920355,5.141592920353982e-05,0.06851141592920354,0.009091415929203539,0.20895141592920352,1.0315714159292035,0.05229141592920354,5.141592920353982e-05,0.06729141592920354,0.7431314159292035,5.141592920353982e-05,0.12226141592920355,0.07713141592920354,5.141592920353982e-05,5.141592920353982e-05,5.141592920353982e-05,5.141592920353982e-05,0.050551415929203536,2.6034114159292034,5.141592920353982e-05,4.388451415929204,5.141592920353982e-05,0.00182141592920344,5.141592920353982e-05,2.1254714159292036,0.03599141592920354,5.141592920353982e-05,0.01714141592920344,5.141592920353982e-05,0.14943141592920353,0.7801814159292035,0.9897814159292035,5.141592920353982e-05,5.141592920353982e-05,0.13271141592920352,0.24955141592920352,0.029481415929203537,0.09056141592920354,0.11761141592920354,0.028371415929203538,5.141592920353982e-05,0.23054141592920352,0.04223141592920354,0.8330914159292035,0.39343141592920355,0.0006614159292034398,0.23891141592920354,38.29176141592918
37035_2#24,5.851729557522124,0.029859557522123895,6.179289557522124,0.04634955752212389,0.1742095575221239,0.015639557522123895,0.3435595575221239,0.8131695575221238,4.95575221238938e-05,1.582069557522124,0.04419955752212379,0.25926955752212394,0.1322595575221239,1.3662195575221239,4.95575221238938e-05,0.007169557522123894,0.5041195575221238,4.95575221238938e-05,0.005969557522123893,0.7114595575221239,0.013689557522123894,0.9857595575221239,0.0771395575221239,4.95575221238938e-05,4.95575221238938e-05,0.2329395575221239,0.21136955752212389,0.07866955752212389,0.020389557522123895,0.019749557522123894,4.95575221238938e-05,0.3611895575221239,0.005839557522123893,0.0030595575221238937,0.7764295575221238,4.95575221238938e-05,4.95575221238938e-05,4.95575221238938e-05,4.95575221238938e-05,4.95575221238938e-05,0.0022495575221238937,0.7638695575221238,4.95575221238938e-05,0.32597955752212393,4.95575221238938e-05,0.2878095575221239,0.010039557522123894,0.017139557522123795,0.03689955752212389,1.369539557522124,0.017379557522123893,4.95575221238938e-05,0.0936795575221239,0.4596795575221239,4.95575221238938e-05,0.011849557522123895,4.95575221238938e-05,4.95575221238938e-05,4.95575221238938e-05,0.1569795575221239,0.17741955752212388,0.00046955752212389377,0.9893895575221239,0.015279557522123894,4.95575221238938e-05,0.04866955752212389,4.95575221238938e-05,0.025769557522123794,4.95575221238938e-05,4.95575221238938e-05,4.95575221238938e-05,0.06399955752212388,4.95575221238938e-05,0.03146955752212389,0.015749557522123894,4.95575221238938e-05,0.024339557522123894,0.012999557522123794,0.014239557522123894,0.023579557522123894,4.95575221238938e-05,4.95575221238938e-05,0.003649557522123894,0.4822095575221239,4.95575221238938e-05,0.4913195575221238,0.3935695575221239,0.011509557522123895,4.95575221238938e-05,0.3669895575221239,0.0007495575221238938,4.95575221238938e-05,0.001579557522123894,4.95575221238938e-05,0.016509557522123894,1.506619557522124,0.2665795575221239,4.95575221238938e-05,0.2428195575221239,0.03232955752212389,0.07292955752212389,0.10570955752212378,0.022999557522123893,0.05990955752212389,0.31670955752212393,0.34618955752212394,0.1541295575221239,0.016419557522123894,0.5025095575221239,0.019499557522123893,4.95575221238938e-05,1.254769557522124,67.46091955752213
37035_2#25,0.720720796460177,0.225010796460177,3.0322307964601767,0.14363079646017698,1.071180796460177,0.021600796460176992,0.394890796460177,10.950460796460177,0.14434079646017697,3.814680796460177,0.01611079646017699,0.08639079646017699,7.118670796460176,1.003550796460177,0.15669079646017697,5.079646017699115e-05,0.23263079646017698,0.05464079646017699,0.03058079646017699,0.239530796460177,1.919930796460177,0.753620796460177,0.168120796460177,0.09915079646017698,0.04755079646017699,0.546500796460177,0.309330796460177,0.10741079646017698,0.002580796460176991,0.19943079646017697,5.079646017699115e-05,0.02232079646017699,5.079646017699115e-05,0.09894079646017699,0.356940796460177,0.20837079646017698,0.00031079646017699114,0.02317079646017699,5.079646017699115e-05,5.079646017699115e-05,5.079646017699115e-05,21.968670796460177,0.710530796460177,2.392740796460177,5.079646017699115e-05,0.12696079646017688,0.310770796460177,0.06314079646017698,0.13405079646017698,1.285870796460177,0.03812079646017699,1.041480796460177,0.812350796460177,0.419450796460177,5.079646017699115e-05,0.12128079646017699,5.079646017699115e-05,0.04786079646017699,5.079646017699115e-05,0.339770796460177,0.05923079646017699,0.22010079646017688,3.2604007964601767,5.079646017699115e-05,5.079646017699115e-05,0.5441407964601771,5.079646017699115e-05,5.079646017699115e-05,5.079646017699115e-05,0.08191079646017689,0.270390796460177,0.07673079646017698,0.0007707964601769912,5.079646017699115e-05,0.12777079646017697,5.079646017699115e-05,0.154520796460177,0.02222079646017699,5.079646017699115e-05,0.013680796460176992,5.079646017699115e-05,0.12324079646017698,5.079646017699115e-05,1.624300796460177,5.079646017699115e-05,1.223230796460177,0.16735079646017698,5.079646017699115e-05,5.079646017699115e-05,2.6339807964601767,5.079646017699115e-05,5.079646017699115e-05,5.079646017699115e-05,0.06397079646017688,5.079646017699115e-05,0.254210796460177,5.079646017699115e-05,5.079646017699115e-05,0.272520796460177,0.042590796460176994,0.355110796460177,0.060900796460176994,0.003560796460176991,0.20721079646017698,0.07939079646017698,5.079646017699115e-05,0.280850796460177,0.07472079646017699,0.5124607964601771,0.01628079646017699,5.079646017699115e-05,0.03232079646017699,23.00407079646018
37035_2#26,2.390990884955752,0.039480884955752214,7.231470884955752,0.2326508849557522,2.389030884955752,0.09137088495575221,0.1430508849557521,3.794030884955752,0.04357088495575221,2.890430884955752,4.088495575221239e-05,0.1815908849557522,3.0769608849557524,2.451700884955752,4.088495575221239e-05,4.088495575221239e-05,0.1633608849557522,2.665090884955752,0.05709088495575221,0.2943608849557522,0.2815408849557522,1.0592508849557523,0.1476608849557522,0.08501088495575222,4.088495575221239e-05,1.2041508849557523,1.0940108849557522,0.05637088495575221,4.088495575221239e-05,0.01685088495575221,0.5443708849557523,0.11877088495575222,4.088495575221239e-05,0.6433108849557522,0.3815808849557522,1.3166608849557522,4.088495575221239e-05,4.088495575221239e-05,4.088495575221239e-05,4.088495575221239e-05,4.088495575221239e-05,23.15011088495575,4.088495575221239e-05,4.088495575221239e-05,4.088495575221239e-05,0.1434608849557522,0.4454008849557522,4.088495575221239e-05,0.1430408849557522,1.1128708849557523,0.11253088495575221,0.3741708849557522,0.3859708849557522,0.5406008849557523,4.088495575221239e-05,0.04826088495575221,4.088495575221239e-05,0.03207088495575221,4.088495575221239e-05,0.8874508849557522,4.088495575221239e-05,4.088495575221239e-05,1.7063208849557523,4.088495575221239e-05,4.088495575221239e-05,0.1969808849557522,4.088495575221239e-05,4.088495575221239e-05,4.088495575221239e-05,4.088495575221239e-05,0.3234608849557522,4.088495575221239e-05,0.04575088495575221,4.088495575221239e-05,0.09812088495575222,4.088495575221239e-05,0.1805808849557522,4.088495575221239e-05,4.088495575221239e-05,4.088495575221239e-05,4.088495575221239e-05,0.07117088495575222,0.009310884955752212,1.3570908849557524,4.088495575221239e-05,4.088495575221239e-05,0.6721708849557523,4.088495575221239e-05,0.02108088495575221,0.8320908849557523,4.088495575221239e-05,4.088495575221239e-05,4.088495575221239e-05,4.088495575221239e-05,4.088495575221239e-05,0.02204088495575221,4.088495575221239e-05,4.088495575221239e-05,4.088495575221239e-05,0.2444808849557521,0.05348088495575221,0.06363088495575221,4.088495575221239e-05,0.3479308849557522,0.4273008849557522,0.4201308849557522,1.5598608849557523,4.088495575221239e-05,0.3849208849557522,0.07876088495575222,4.088495575221239e-05,0.3370508849557522,28.082640884955733
37035_2#27,12.5972903539823,0.9077903539823009,12.380670353982302,0.7031803539823008,2.441610353982301,0.011620353982300885,1.226980353982301,6.452820353982301,0.07085035398230088,11.6985003539823,0.2064003539823009,3.0353982300884953e-05,0.9105303539823009,10.6618603539823,0.006530353982300886,0.18691035398230088,0.8384903539823008,0.7104103539823009,0.9054103539823009,3.044910353982301,0.5266703539823009,3.024640353982301,1.732620353982301,0.0830303539823009,1.595300353982301,1.799150353982301,0.5847003539823008,0.34237035398230087,0.06115035398230078,3.0353982300884953e-05,2.126660353982301,0.14144035398230087,0.05044035398230088,3.0353982300884953e-05,0.9473903539823009,1.148800353982301,3.0353982300884953e-05,3.0353982300884953e-05,0.006080353982300885,3.0353982300884953e-05,0.002610353982300885,3.0353982300884953e-05,3.0353982300884953e-05,3.0353982300884953e-05,3.0353982300884953e-05,3.0353982300884953e-05,3.0353982300884953e-05,3.0353982300884953e-05,0.08567035398230088,3.0353982300884953e-05,0.07178035398230088,3.0353982300884953e-05,0.004800353982300885,0.9596003539823009,3.0353982300884953e-05,3.0353982300884953e-05,3.0353982300884953e-05,3.0353982300884953e-05,3.0353982300884953e-05,3.0353982300884953e-05,3.0353982300884953e-05,0.22134035398230087,3.0353982300884953e-05,3.0353982300884953e-05,3.0353982300884953e-05,0.1523103539823009,0.0014303539823008848,3.0353982300884953e-05,3.0353982300884953e-05,3.0353982300884953e-05,3.0353982300884953e-05,3.0353982300884953e-05,3.0353982300884953e-05,3.0353982300884953e-05,3.0353982300884953e-05,3.0353982300884953e-05,0.2577003539823009,3.0353982300884953e-05,3.0353982300884953e-05,3.0353982300884953e-05,3.0353982300884953e-05,0.023330353982300885,0.00018035398230088496,3.0353982300884953e-05,3.0353982300884953e-05,3.0353982300884953e-05,3.0353982300884953e-05,3.0353982300884953e-05,3.0353982300884953e-05,3.0353982300884953e-05,3.0353982300884953e-05,3.0353982300884953e-05,3.0353982300884953e-05,0.011880353982300884,3.0353982300884953e-05,3.0353982300884953e-05,3.0353982300884953e-05,3.0353982300884953e-05,3.0353982300884953e-05,3.0353982300884953e-05,3.0353982300884953e-05,0.24067035398230077,3.0353982300884953e-05,3.0353982300884953e-05,3.0353982300884953e-05,3.0353982300884953e-05,3.0353982300884953e-05,3.0353982300884953e-05,3.0353982300884953e-05,0.015860353982300887,3.0353982300884953e-05,3.0353982300884953e-05,17.81568035398233
37035_2#28,1.870970796460177,0.011560796460176992,3.0223407964601767,0.155400796460177,1.160360796460177,0.150720796460177,0.371900796460177,3.9722507964601768,5.079646017699115e-05,8.833470796460176,5.079646017699115e-05,0.14889079646017697,1.463770796460177,1.062890796460177,5.079646017699115e-05,5.079646017699115e-05,0.496810796460177,1.6887707964601772,0.19897079646017699,0.256810796460177,0.22724079646017697,0.672630796460177,0.283060796460177,0.284790796460177,4.837100796460176,2.922380796460177,1.258950796460177,0.07832079646017688,0.012690796460176892,0.036680796460176995,1.102900796460177,1.637030796460177,0.005610796460176991,0.008150796460176992,0.20696079646017698,0.42756079646017703,5.079646017699115e-05,5.079646017699115e-05,5.079646017699115e-05,0.002370796460176891,0.0016607964601769913,3.904400796460177,2.2182407964601767,5.079646017699115e-05,0.06454079646017699,0.514050796460177,0.290220796460177,5.079646017699115e-05,0.08996079646017688,1.346140796460177,0.015880796460176993,5.079646017699115e-05,0.023450796460176893,0.775230796460177,5.079646017699115e-05,0.288610796460177,0.008430796460176991,0.8986807964601771,0.06799079646017699,2.6812407964601768,0.4466007964601769,5.079646017699115e-05,1.595660796460177,0.06007079646017699,5.079646017699115e-05,5.079646017699115e-05,5.079646017699115e-05,0.005390796460176991,5.079646017699115e-05,0.013910796460176992,5.079646017699115e-05,5.079646017699115e-05,5.079646017699115e-05,5.079646017699115e-05,0.29052079646017703,5.079646017699115e-05,0.288050796460177,0.021590796460176993,5.079646017699115e-05,0.022600796460176893,5.079646017699115e-05,0.05370079646017699,0.20099079646017698,1.754610796460177,5.079646017699115e-05,5.187390796460177,0.07414079646017699,5.079646017699115e-05,5.079646017699115e-05,4.656680796460177,0.013640796460176992,5.079646017699115e-05,0.04742079646017689,0.005480796460176991,5.079646017699115e-05,2.525500796460177,0.03446079646017699,5.079646017699115e-05,0.010910796460176992,0.273450796460177,0.159730796460177,0.770480796460177,0.006230796460176991,0.08051079646017688,0.39171079646017704,5.079646017699115e-05,0.011390796460176992,0.23600079646017688,0.776010796460177,0.5015807964601771,5.079646017699115e-05,0.5169407964601771,26.9060007964602
37035_2#29,3.482065309734513,3.530973451327433e-05,5.8107653097345136,0.03726530973451327,3.9510353097345132,0.10497530973451318,0.10552530973451318,1.2911253097345134,3.530973451327433e-05,0.022305309734513272,0.03429530973451327,0.33636530973451323,0.8808353097345133,0.25197530973451326,3.530973451327433e-05,0.19736530973451327,1.3606353097345134,0.010095309734513275,0.3415153097345133,1.7081453097345134,0.12794530973451318,1.2109953097345132,0.004055309734513274,0.6955153097345133,0.004285309734513274,1.1688553097345133,2.115275309734513,0.27407530973451316,0.0005053097345132743,0.5443353097345133,2.226385309734513,0.23203530973451317,3.530973451327433e-05,0.04349530973451327,0.41940530973451323,0.6582053097345132,0.025435309734513273,0.04185530973451327,3.530973451327433e-05,3.530973451327433e-05,3.530973451327433e-05,36.70711530973451,3.530973451327433e-05,3.530973451327433e-05,3.530973451327433e-05,0.03606530973451327,0.7972453097345132,3.530973451327433e-05,0.0022053097345132743,0.4901153097345132,0.006835309734513274,3.530973451327433e-05,3.530973451327433e-05,0.007195309734513174,3.530973451327433e-05,3.530973451327433e-05,3.530973451327433e-05,3.530973451327433e-05,3.530973451327433e-05,0.12700530973451327,3.530973451327433e-05,3.530973451327433e-05,0.024315309734513273,0.027505309734513272,3.530973451327433e-05,3.530973451327433e-05,3.530973451327433e-05,0.02708530973451327,3.530973451327433e-05,3.530973451327433e-05,0.3848653097345133,3.530973451327433e-05,3.530973451327433e-05,3.530973451327433e-05,3.530973451327433e-05,3.530973451327433e-05,3.530973451327433e-05,3.530973451327433e-05,3.530973451327433e-05,3.530973451327433e-05,3.530973451327433e-05,0.6441153097345133,0.11100530973451328,0.022275309734513273,3.530973451327433e-05,3.530973451327433e-05,3.530973451327433e-05,3.530973451327433e-05,3.530973451327433e-05,0.09587530973451328,0.06441530973451327,3.530973451327433e-05,0.012215309734513275,3.530973451327433e-05,3.530973451327433e-05,0.1296353097345133,3.530973451327433e-05,3.530973451327433e-05,3.530973451327433e-05,3.530973451327433e-05,3.530973451327433e-05,0.015355309734513274,3.530973451327433e-05,0.0025353097345132743,0.028195309734513275,3.530973451327433e-05,3.530973451327433e-05,3.530973451327433e-05,3.530973451327433e-05,3.530973451327433e-05,3.530973451327433e-05,3.530973451327433e-05,30.51589530973451
37035_2#2,2.997559026548673,12.078599026548673,1.3487590265486724,3.374249026548673,0.4412390265486726,0.2821890265486725,0.9776590265486725,4.666169026548673,0.017329026548672567,18.64565902654867,0.15228902654867257,0.19123902654867256,6.216339026548673,7.657149026548673,3.902654867256637e-05,0.3505490265486726,1.2075590265486724,0.11000902654867256,1.7444190265486725,0.4141990265486726,0.10466902654867256,0.5045090265486726,1.6703390265486724,0.30700902654867257,0.024859026548672565,2.0551590265486728,0.6053190265486726,0.04358902654867257,0.16237902654867256,0.2548790265486725,3.902654867256637e-05,0.43783902654867257,3.902654867256637e-05,0.24735902654867256,0.2520390265486725,3.2177090265486727,3.902654867256637e-05,3.902654867256637e-05,3.902654867256637e-05,0.015299026548672566,3.902654867256637e-05,3.902654867256637e-05,3.902654867256637e-05,3.902654867256637e-05,0.8013890265486726,3.902654867256637e-05,3.902654867256637e-05,3.902654867256637e-05,0.12730902654867257,1.8419790265486724,0.12044902654867247,3.902654867256637e-05,3.902654867256637e-05,0.3927490265486726,3.902654867256637e-05,3.902654867256637e-05,3.902654867256637e-05,3.902654867256637e-05,3.902654867256637e-05,0.3161190265486726,0.16567902654867256,3.902654867256637e-05,1.9493290265486725,3.902654867256637e-05,3.902654867256637e-05,3.902654867256637e-05,3.902654867256637e-05,0.06159902654867257,0.14963902654867256,3.902654867256637e-05,3.902654867256637e-05,3.902654867256637e-05,0.057019026548672566,3.902654867256637e-05,3.902654867256637e-05,3.902654867256637e-05,3.902654867256637e-05,3.902654867256637e-05,0.026829026548672565,3.902654867256637e-05,3.902654867256637e-05,3.902654867256637e-05,0.07539902654867256,1.5799290265486725,3.902654867256637e-05,3.902654867256637e-05,3.5821690265486725,3.902654867256637e-05,3.902654867256637e-05,1.2223690265486724,3.902654867256637e-05,3.902654867256637e-05,0.10823902654867257,3.902654867256637e-05,3.902654867256637e-05,0.9531890265486725,0.3498390265486725,3.902654867256637e-05,3.902654867256637e-05,0.4459490265486726,3.902654867256637e-05,0.03320902654867257,3.902654867256637e-05,0.03917902654867257,0.8938090265486726,1.2525290265486724,3.902654867256637e-05,0.11522902654867247,0.7709390265486725,0.14650902654867257,3.902654867256637e-05,0.24602902654867256,9.397329026548647
37035_2#30,1.0312270796460177,0.5630170796460177,0.5180770796460177,0.1251770796460177,2.7227270796460177,0.1135670796460177,0.5597570796460177,10.494117079646017,4.707964601769911e-05,2.5430970796460177,0.1616670796460177,0.1087770796460177,4.710307079646018,0.34343707964601766,4.707964601769911e-05,0.2117270796460177,0.8077170796460177,4.707964601769911e-05,0.48163707964601765,0.0832770796460177,0.7992270796460177,0.2263970796460176,0.4672470796460176,0.006967079646017699,0.0096370796460177,4.4235070796460185,2.2288070796460175,0.2423070796460177,0.0644170796460177,0.40104707964601766,2.5002470796460177,0.2136670796460177,0.0171770796460177,0.41265707964601767,0.3906470796460176,2.467877079646018,4.707964601769911e-05,4.707964601769911e-05,4.707964601769911e-05,0.002467079646017699,4.707964601769911e-05,20.425597079646018,0.7597570796460177,4.707964601769911e-05,4.707964601769911e-05,0.1928770796460177,4.707964601769911e-05,4.707964601769911e-05,0.39820707964601765,2.0669270796460175,0.0008070796460176991,4.707964601769911e-05,4.707964601769911e-05,0.45232707964601765,4.707964601769911e-05,0.1278270796460177,2.750607079646018,4.707964601769911e-05,4.707964601769911e-05,0.1425970796460177,0.0891470796460177,4.707964601769911e-05,1.8679670796460177,4.707964601769911e-05,4.707964601769911e-05,4.707964601769911e-05,4.707964601769911e-05,4.707964601769911e-05,0.0011770796460176991,0.1569470796460177,4.707964601769911e-05,0.2335870796460176,0.0468070796460177,4.707964601769911e-05,0.7297770796460177,4.707964601769911e-05,0.1312570796460177,4.707964601769911e-05,0.006397079646017699,4.707964601769911e-05,4.707964601769911e-05,0.1348470796460177,0.0503170796460176,2.2297870796460177,4.707964601769911e-05,1.1027870796460177,0.3708970796460176,0.0245070796460177,4.707964601769911e-05,0.5110670796460176,4.707964601769911e-05,4.707964601769911e-05,0.010247079646017699,0.008587079646017699,4.707964601769911e-05,0.1185770796460177,0.5599070796460177,4.707964601769911e-05,0.8037470796460177,0.010137079646017599,4.707964601769911e-05,0.1332670796460177,0.7244470796460176,0.1615570796460177,0.2031870796460177,0.4052270796460177,0.1014870796460177,0.0272970796460177,0.2941870796460176,4.707964601769911e-05,4.707964601769911e-05,0.0374970796460177,20.940487079646008
37035_2#31,2.637236548672566,9.228546548672565,10.326416548672565,0.05112654867256637,0.6942665486725664,0.1537865486725664,1.0393765486725663,7.1972265486725675,3.654867256637168e-05,5.3781365486725665,2.662496548672566,0.33198654867256633,0.8460465486725663,3.112276548672566,0.007176548672566271,0.6097765486725665,0.20425654867256637,3.654867256637168e-05,0.37879654867256635,1.3424065486725665,1.1357865486725665,1.3458665486725665,3.654867256637168e-05,0.0017865486725663717,0.005966548672566372,2.726886548672566,1.1548565486725664,0.02219654867256637,0.14712654867256628,0.3791065486725663,0.7704465486725665,0.4069665486725663,3.654867256637168e-05,1.6068865486725663,0.49762654867256634,0.45022654867256634,3.654867256637168e-05,0.04537654867256637,3.654867256637168e-05,0.005586548672566372,3.654867256637168e-05,10.670076548672565,3.654867256637168e-05,3.654867256637168e-05,3.654867256637168e-05,3.654867256637168e-05,3.654867256637168e-05,3.654867256637168e-05,0.02093654867256637,1.1076965486725665,3.654867256637168e-05,3.654867256637168e-05,0.01045654867256637,0.06534654867256637,3.654867256637168e-05,3.654867256637168e-05,3.654867256637168e-05,3.654867256637168e-05,3.654867256637168e-05,0.21157654867256637,0.08774654867256637,3.654867256637168e-05,3.878356548672566,3.654867256637168e-05,3.654867256637168e-05,3.654867256637168e-05,3.654867256637168e-05,3.654867256637168e-05,3.654867256637168e-05,3.654867256637168e-05,0.29859654867256635,3.654867256637168e-05,3.654867256637168e-05,3.654867256637168e-05,3.654867256637168e-05,3.654867256637168e-05,0.3446365486725663,3.654867256637168e-05,0.011146548672566271,3.654867256637168e-05,3.654867256637168e-05,0.15906654867256637,0.00024654867256637165,0.5494165486725664,3.654867256637168e-05,3.654867256637168e-05,0.05008654867256637,3.654867256637168e-05,3.654867256637168e-05,2.181506548672566,3.654867256637168e-05,3.654867256637168e-05,3.654867256637168e-05,3.654867256637168e-05,3.654867256637168e-05,3.654867256637168e-05,0.01624654867256637,3.654867256637168e-05,0.22790654867256638,0.01518654867256637,0.13506654867256637,0.05209654867256627,3.654867256637168e-05,0.19680654867256636,3.654867256637168e-05,3.654867256637168e-05,3.654867256637168e-05,3.654867256637168e-05,0.8465865486725664,3.654867256637168e-05,3.654867256637168e-05,0.26606654867256635,21.69113654867259
37035_2#32,11.135560442477876,4.363910442477875,7.149300442477876,0.9095604424778762,11.825880442477876,1.6082904424778761,2.0721204424778765,15.184750442477876,2.0442477876106198e-05,6.171860442477875,0.5424504424778761,2.0442477876106198e-05,12.580830442477877,0.08471044247787611,2.0442477876106198e-05,0.304970442477876,0.5294004424778761,2.0442477876106198e-05,2.0442477876106198e-05,0.27994044247787614,0.8291504424778762,0.8572904424778761,2.0442477876106198e-05,0.1492304424778761,0.04000044247787611,1.677220442477876,1.874350442477876,0.5315004424778761,0.0865904424778761,0.3944804424778761,2.0442477876106198e-05,2.0442477876106198e-05,0.0714404424778761,2.0442477876106198e-05,0.8124704424778761,3.4829504424778763,0.2310904424778761,2.0442477876106198e-05,2.0442477876106198e-05,2.0442477876106198e-05,2.0442477876106198e-05,2.0442477876106198e-05,2.0442477876106198e-05,2.0442477876106198e-05,2.0442477876106198e-05,2.0442477876106198e-05,2.0442477876106198e-05,2.0442477876106198e-05,2.0442477876106198e-05,2.0442477876106198e-05,2.0442477876106198e-05,2.0442477876106198e-05,0.040030442477876106,2.0442477876106198e-05,2.0442477876106198e-05,2.0442477876106198e-05,2.0442477876106198e-05,2.0442477876106198e-05,2.0442477876106198e-05,2.0442477876106198e-05,2.0442477876106198e-05,2.0442477876106198e-05,2.0442477876106198e-05,2.0442477876106198e-05,2.0442477876106198e-05,2.0442477876106198e-05,2.0442477876106198e-05,2.0442477876106198e-05,2.0442477876106198e-05,2.0442477876106198e-05,2.0442477876106198e-05,2.0442477876106198e-05,2.0442477876106198e-05,2.0442477876106198e-05,2.0442477876106198e-05,2.0442477876106198e-05,2.0442477876106198e-05,2.0442477876106198e-05,0.03913044247787611,2.0442477876106198e-05,2.0442477876106198e-05,0.2899504424778761,0.2238604424778761,2.0442477876106198e-05,2.0442477876106198e-05,2.0442477876106198e-05,2.0442477876106198e-05,2.0442477876106198e-05,2.0442477876106198e-05,2.0442477876106198e-05,2.0442477876106198e-05,2.0442477876106198e-05,2.0442477876106198e-05,2.0442477876106198e-05,2.0442477876106198e-05,2.0442477876106198e-05,2.0442477876106198e-05,2.0442477876106198e-05,2.0442477876106198e-05,2.0442477876106198e-05,2.0442477876106198e-05,2.0442477876106198e-05,2.0442477876106198e-05,2.0442477876106198e-05,2.0442477876106198e-05,2.0442477876106198e-05,2.0442477876106198e-05,2.0442477876106198e-05,2.0442477876106198e-05,2.0442477876106198e-05,2.0442477876106198e-05,2.0442477876106198e-05,13.624090442477879
37035_2#3,3.811886460176991,1.0294464601769913,1.119336460176991,0.15741646017699115,0.7969664601769911,0.01108646017699115,0.7686964601769911,2.3573964601769912,0.01931646017699115,20.638096460176993,0.20154646017699115,0.04629646017699115,4.996326460176991,3.737086460176991,0.02077646017699115,0.03818646017699115,0.12843646017699115,0.05572646017699115,0.35333646017699116,0.9078964601769911,0.3319264601769912,0.16780646017699116,2.031986460176991,0.015946460176991053,0.15334646017699116,2.428286460176991,0.09275646017699116,0.05565646017699105,0.026516460176991052,0.00733646017699105,1.3583464601769912,0.12012646017699116,4.646017699115044e-05,0.19412646017699114,0.17703646017699115,0.15620646017699116,4.646017699115044e-05,4.646017699115044e-05,4.646017699115044e-05,0.00621646017699115,4.646017699115044e-05,4.646017699115044e-05,0.03757646017699115,4.646017699115044e-05,0.0070864601769910504,4.646017699115044e-05,4.646017699115044e-05,4.646017699115044e-05,4.646017699115044e-05,0.47845646017699117,0.09713646017699115,4.646017699115044e-05,0.04198646017699115,0.21752646017699115,4.646017699115044e-05,0.018116460176991152,0.02699646017699115,0.43451646017699114,4.646017699115044e-05,0.5165764601769911,0.11599646017699115,0.03823646017699115,5.670186460176991,4.646017699115044e-05,4.646017699115044e-05,0.01316646017699115,0.0014064601769911505,4.646017699115044e-05,4.646017699115044e-05,4.646017699115044e-05,4.646017699115044e-05,4.646017699115044e-05,4.646017699115044e-05,4.646017699115044e-05,0.41893646017699115,4.646017699115044e-05,0.00649646017699115,0.02111646017699115,4.646017699115044e-05,4.646017699115044e-05,4.646017699115044e-05,4.646017699115044e-05,0.012476460176991151,3.4644264601769907,4.646017699115044e-05,4.646017699115044e-05,0.32823646017699115,0.04740646017699115,4.646017699115044e-05,6.589226460176991,0.051406460176991145,4.646017699115044e-05,0.01355646017699115,4.646017699115044e-05,4.646017699115044e-05,0.06699646017699115,4.646017699115044e-05,4.646017699115044e-05,1.740386460176991,0.3765564601769912,0.09210646017699106,0.34305646017699115,0.017596460176991152,0.09019646017699115,0.12942646017699116,0.6515464601769911,4.646017699115044e-05,0.012646460176991151,0.8530464601769913,0.27134646017699116,4.646017699115044e-05,1.8336964601769912,26.332496460176987
37035_2#4,8.60630778761062,0.10434778761061947,2.8720977876106195,0.06649778761061936,8.930037787610619,0.14185778761061946,0.5032177876106194,13.42402778761062,3.7787610619469026e-05,1.1597577876106195,0.01713778761061937,0.03208778761061937,2.8298977876106197,1.1654577876106194,0.24181778761061948,0.8060377876106194,0.23085778761061948,10.29145778761062,0.3142077876106195,6.128487787610619,1.9854177876106194,0.6504277876106195,0.2924877876106195,0.009887787610619468,0.6584077876106194,1.1707677876106195,3.0819377876106198,0.5018677876106195,0.04089778761061947,0.3122277876106195,1.6029777876106195,0.9450377876106194,3.7787610619469026e-05,0.24294778761061947,0.3094777876106195,6.570757787610619,0.003757787610619469,3.7787610619469026e-05,3.7787610619469026e-05,0.000977787610619469,3.7787610619469026e-05,3.7787610619469026e-05,0.6475377876106194,3.7787610619469026e-05,3.7787610619469026e-05,3.7787610619469026e-05,3.7787610619469026e-05,3.7787610619469026e-05,0.09665778761061947,1.8079477876106194,0.15874778761061947,3.7787610619469026e-05,2.7894177876106196,0.04327778761061947,3.7787610619469026e-05,0.4479977876106195,3.7787610619469026e-05,0.007807787610619469,3.7787610619469026e-05,3.7787610619469026e-05,0.3288677876106195,3.7787610619469026e-05,0.02218778761061947,3.7787610619469026e-05,3.7787610619469026e-05,0.025777787610619468,3.7787610619469026e-05,3.7787610619469026e-05,3.7787610619469026e-05,3.7787610619469026e-05,3.7787610619469026e-05,3.7787610619469026e-05,3.7787610619469026e-05,3.7787610619469026e-05,3.7787610619469026e-05,3.7787610619469026e-05,0.17362778761061937,3.7787610619469026e-05,0.008407787610619468,0.02831778761061947,3.7787610619469026e-05,0.014367787610619468,0.013817787610619468,3.7787610619469026e-05,3.7787610619469026e-05,3.7787610619469026e-05,0.011367787610619469,3.7787610619469026e-05,3.7787610619469026e-05,3.7787610619469026e-05,3.7787610619469026e-05,3.7787610619469026e-05,3.7787610619469026e-05,3.7787610619469026e-05,3.7787610619469026e-05,0.10597778761061946,3.7787610619469026e-05,3.7787610619469026e-05,3.7787610619469026e-05,3.7787610619469026e-05,0.011347787610619468,3.7787610619469026e-05,0.3568577876106195,3.7787610619469026e-05,0.4106577876106194,0.011407787610619469,0.16994778761061946,3.7787610619469026e-05,3.7787610619469026e-05,0.002637787610619469,3.7787610619469026e-05,3.7787610619469026e-05,16.05720778761061
37035_2#5,2.3416526548672567,2.3928626548672565,1.9642326548672566,0.7892026548672567,8.084862654867257,0.3409426548672566,0.6071826548672566,13.515482654867256,0.0018626548672566372,4.609602654867256,0.12281265486725663,0.12516265486725653,5.813992654867256,1.9671326548672565,0.026512654867256638,0.12919265486725662,0.6120026548672567,0.021182654867256637,0.2887826548672566,1.4709826548672567,0.12371265486725654,0.10098265486725654,2.0837926548672567,0.18489265486725662,5.2654867256637166e-05,0.6617926548672567,5.268862654867257,0.17226265486725661,0.029962654867256636,0.03391265486725664,0.33436265486725664,0.25444265486725653,5.2654867256637166e-05,0.35885265486725654,0.19302265486725662,1.0563526548672566,0.18861265486725662,0.03595265486725664,0.0017626548672566372,0.015552654867256537,5.2654867256637166e-05,5.2654867256637166e-05,0.5807526548672567,5.2654867256637166e-05,5.2654867256637166e-05,5.2654867256637166e-05,5.2654867256637166e-05,5.2654867256637166e-05,1.6374526548672566,0.6580726548672566,0.14842265486725661,0.29861265486725663,2.583272654867257,0.06949265486725664,5.2654867256637166e-05,0.22920265486725652,5.2654867256637166e-05,0.010572654867256637,5.2654867256637166e-05,1.2121326548672566,0.019222654867256637,5.2654867256637166e-05,0.7106226548672566,5.2654867256637166e-05,5.2654867256637166e-05,0.21237265486725662,0.008662654867256637,5.2654867256637166e-05,0.0016426548672566373,0.21641265486725664,2.8470126548672567,0.026752654867256635,0.33354265486725654,5.2654867256637166e-05,0.2880026548672566,5.2654867256637166e-05,0.12027265486725663,0.010232654867256637,0.03931265486725664,5.2654867256637166e-05,5.2654867256637166e-05,0.06336265486725653,0.15717265486725662,0.36544265486725663,5.2654867256637166e-05,5.2654867256637166e-05,5.002382654867256,0.018722654867256636,0.002262654867256637,0.03470265486725664,5.2654867256637166e-05,5.2654867256637166e-05,0.022992654867256636,0.08900265486725664,0.006842654867256637,0.32099265486725664,5.2654867256637166e-05,5.2654867256637166e-05,0.06572265486725654,1.4080226548672565,0.14026265486725661,0.29230265486725654,0.5035326548672567,0.10049265486725664,0.023042654867256637,5.2654867256637166e-05,0.3585426548672566,0.14919265486725652,0.015382654867256637,0.016332654867256637,5.2654867256637166e-05,0.47369265486725665,21.781342654867213
37035_2#6,0.7525090265486726,0.25277902654867257,0.14888902654867256,0.4197290265486726,7.440039026548671,0.03191902654867257,0.23193902654867246,22.367999026548674,3.902654867256637e-05,0.8080790265486726,0.04329902654867257,0.10626902654867257,16.206929026548675,0.19995902654867256,3.902654867256637e-05,0.04922902654867257,0.7682990265486727,0.2647190265486726,0.16312902654867256,0.9550790265486726,0.22251902654867256,0.3354690265486726,0.14162902654867246,0.05074902654867257,3.902654867256637e-05,7.152159026548672,0.4849190265486726,0.18086902654867257,0.028239026548672566,3.902654867256637e-05,3.902654867256637e-05,0.3837290265486726,3.902654867256637e-05,0.15616902654867257,0.16970902654867256,0.4003790265486726,0.08302902654867256,0.019039026548672566,3.902654867256637e-05,0.0027290265486725664,3.902654867256637e-05,1.7629590265486725,0.3674790265486726,3.902654867256637e-05,5.628799026548673,0.5278590265486726,0.6508690265486726,3.902654867256637e-05,0.13875902654867256,1.5893490265486725,3.902654867256637e-05,3.902654867256637e-05,3.902654867256637e-05,0.5166790265486726,3.902654867256637e-05,3.902654867256637e-05,3.902654867256637e-05,3.902654867256637e-05,3.902654867256637e-05,3.902654867256637e-05,3.902654867256637e-05,0.16941902654867255,0.6997290265486726,0.021119026548672565,3.902654867256637e-05,3.902654867256637e-05,0.0018890265486724664,3.902654867256637e-05,3.902654867256637e-05,3.902654867256637e-05,3.902654867256637e-05,0.4043990265486726,3.902654867256637e-05,3.902654867256637e-05,3.902654867256637e-05,3.902654867256637e-05,0.08404902654867256,0.19266902654867257,0.024069026548672566,3.902654867256637e-05,3.902654867256637e-05,0.03621902654867257,3.902654867256637e-05,1.2226090265486724,3.902654867256637e-05,3.902654867256637e-05,3.902654867256637e-05,3.902654867256637e-05,3.902654867256637e-05,3.924609026548673,0.11319902654867256,0.05706902654867257,3.902654867256637e-05,3.902654867256637e-05,3.902654867256637e-05,3.902654867256637e-05,0.03585902654867257,3.902654867256637e-05,3.902654867256637e-05,3.902654867256637e-05,0.04667902654867257,0.07691902654867257,0.2794590265486726,3.902654867256637e-05,0.3273590265486726,3.902654867256637e-05,0.7055390265486726,3.902654867256637e-05,0.028689026548672565,0.009909026548672565,3.902654867256637e-05,3.902654867256637e-05,19.331709026548676
37035_2#7,1.0991121238938053,2.1451321238938057,1.0716221238938053,0.4621621238938053,0.5270821238938054,4.212389380530973e-05,0.2214921238938053,12.724122123893805,4.212389380530973e-05,2.3651821238938053,0.030992123893805307,0.0029221238938053097,4.351402123893806,2.4314821238938054,4.212389380530973e-05,0.02582212389380531,0.1994321238938053,0.016942123893805307,0.12065212389380531,0.6274421238938053,1.2247021238938054,0.5495721238938053,1.3614921238938054,0.00782212389380531,0.1623021238938053,1.6230921238938052,0.4619621238938052,0.0944521238938053,0.01844212389380531,0.02395212389380531,0.1389021238938053,4.212389380530973e-05,4.212389380530973e-05,0.1468021238938053,0.1924721238938053,1.0665621238938052,0.08608212389380532,0.06972212389380532,0.0004921238938053097,4.212389380530973e-05,4.212389380530973e-05,14.304822123893805,4.212389380530973e-05,4.212389380530973e-05,0.4476521238938053,0.0944521238938053,1.4606221238938053,4.212389380530973e-05,4.212389380530973e-05,0.7859221238938053,0.03169212389380531,4.212389380530973e-05,4.212389380530973e-05,0.0044821238938053095,0.5088921238938052,0.1831321238938053,4.212389380530973e-05,4.212389380530973e-05,4.212389380530973e-05,1.3390121238938053,4.212389380530973e-05,0.03003212389380531,1.6076821238938053,4.212389380530973e-05,4.212389380530973e-05,0.2709221238938053,4.212389380530973e-05,4.212389380530973e-05,4.212389380530973e-05,4.212389380530973e-05,4.212389380530973e-05,4.212389380530973e-05,4.212389380530973e-05,4.212389380530973e-05,0.8241621238938053,4.212389380530973e-05,0.01357212389380531,0.04933212389380531,0.0033821238938053096,4.212389380530973e-05,4.212389380530973e-05,0.004272123893805309,4.212389380530973e-05,0.01901212389380531,4.212389380530973e-05,4.212389380530973e-05,1.3000421238938054,0.01229212389380531,4.212389380530973e-05,2.009912123893806,4.212389380530973e-05,4.212389380530973e-05,4.212389380530973e-05,4.212389380530973e-05,4.212389380530973e-05,0.01286212389380531,4.212389380530973e-05,4.212389380530973e-05,0.06590212389380522,1.3392521238938053,0.8839221238938053,0.03749212389380531,4.212389380530973e-05,4.212389380530973e-05,0.04182212389380531,0.5174621238938053,4.212389380530973e-05,4.212389380530973e-05,0.07930212389380531,0.03651212389380521,0.06676212389380531,0.2893921238938052,35.6703021238938
37035_2#8,0.632803982300885,0.061933982300884954,1.0950439823008848,0.28321398230088496,3.906643982300885,0.18010398230088487,0.41160398230088496,15.474823982300885,4.3982300884955745e-05,3.3801739823008847,0.016973982300884958,0.6349639823008849,14.938193982300884,0.49074398230088495,4.3982300884955745e-05,0.010383982300884855,0.8695039823008849,0.04909398230088495,0.3511339823008849,3.766163982300885,1.1472739823008848,0.3547939823008849,0.520083982300885,0.250983982300885,0.021743982300884857,4.5127939823008845,0.942033982300885,0.369163982300885,0.026163982300884858,0.675243982300885,4.3982300884955745e-05,0.807813982300885,0.013903982300884955,0.14700398230088496,0.19006398230088498,0.23692398230088496,0.07878398230088496,0.06549398230088495,4.3982300884955745e-05,4.3982300884955745e-05,0.05497398230088495,4.106333982300884,4.3982300884955745e-05,5.1061439823008845,1.9150239823008848,4.3982300884955745e-05,2.256143982300885,4.3982300884955745e-05,0.11530398230088496,0.6308139823008849,4.3982300884955745e-05,4.3982300884955745e-05,0.11390398230088486,0.399963982300885,4.3982300884955745e-05,0.21315398230088498,4.3982300884955745e-05,0.267363982300885,4.3982300884955745e-05,1.789973982300885,0.32788398230088495,4.3982300884955745e-05,3.3829439823008847,4.3982300884955745e-05,4.3982300884955745e-05,4.3982300884955745e-05,0.007803982300884956,4.3982300884955745e-05,4.3982300884955745e-05,0.025893982300884955,4.3982300884955745e-05,4.3982300884955745e-05,4.3982300884955745e-05,4.3982300884955745e-05,4.3982300884955745e-05,4.3982300884955745e-05,0.06576398230088495,4.3982300884955745e-05,0.013413982300884955,4.3982300884955745e-05,4.3982300884955745e-05,0.23288398230088486,0.41141398230088494,0.32777398230088495,4.3982300884955745e-05,4.3982300884955745e-05,0.20070398230088496,4.3982300884955745e-05,4.3982300884955745e-05,4.507283982300885,0.04705398230088495,4.3982300884955745e-05,4.3982300884955745e-05,4.3982300884955745e-05,0.016743982300884957,0.17120398230088496,4.3982300884955745e-05,4.3982300884955745e-05,0.028413982300884856,0.25133398230088494,4.3982300884955745e-05,0.026093982300884857,0.027183982300884958,4.3982300884955745e-05,0.641663982300885,1.407153982300885,4.3982300884955745e-05,4.3982300884955745e-05,0.7164839823008851,0.266303982300885,0.03239398230088495,4.3982300884955745e-05,12.979493982300914
37035_2#9,3.1001334513274337,1.9704434513274336,1.8291234513274335,6.217903451327434,0.38458345132743355,1.1451934513274336,2.5547134513274337,3.1397934513274337,3.3451327433628316e-05,7.016743451327434,0.5307834513274335,1.2772234513274336,21.342823451327437,0.9888034513274336,0.16327345132743354,0.5124034513274336,3.403933451327434,3.3451327433628316e-05,0.6928134513274335,2.9638734513274336,0.05991345132743363,0.5325034513274336,0.6451834513274336,0.39273345132743365,0.014643451327433629,9.434123451327434,0.41969345132743363,0.16582345132743354,0.019483451327433628,0.9469234513274336,0.36063345132743363,1.1093734513274336,0.18799345132743364,0.23569345132743363,3.3451327433628316e-05,0.42100345132743355,3.3451327433628316e-05,3.3451327433628316e-05,3.3451327433628316e-05,3.3451327433628316e-05,3.3451327433628316e-05,3.3451327433628316e-05,1.0512334513274335,3.3451327433628316e-05,3.3451327433628316e-05,3.3451327433628316e-05,3.3451327433628316e-05,3.3451327433628316e-05,0.9964634513274336,0.11911345132743363,0.8089434513274336,3.3451327433628316e-05,3.3451327433628316e-05,1.3261834513274338,3.3451327433628316e-05,0.11856345132743362,7.720363451327433,3.3451327433628316e-05,3.3451327433628316e-05,3.3451327433628316e-05,2.000943451327434,0.15420345132743363,0.02781345132743363,3.3451327433628316e-05,3.3451327433628316e-05,3.3451327433628316e-05,3.3451327433628316e-05,0.01943345132743353,3.3451327433628316e-05,0.017013451327433628,3.3451327433628316e-05,3.3451327433628316e-05,0.13084345132743364,3.3451327433628316e-05,3.3451327433628316e-05,3.3451327433628316e-05,0.29392345132743364,3.3451327433628316e-05,3.3451327433628316e-05,3.3451327433628316e-05,3.3451327433628316e-05,0.027843451327433627,1.4204134513274336,3.3451327433628316e-05,3.3451327433628316e-05,3.3451327433628316e-05,0.2769834513274336,3.3451327433628316e-05,3.3451327433628316e-05,3.3451327433628316e-05,3.3451327433628316e-05,3.3451327433628316e-05,3.3451327433628316e-05,0.020263451327433627,3.3451327433628316e-05,3.3451327433628316e-05,3.3451327433628316e-05,3.3451327433628316e-05,3.3451327433628316e-05,3.3451327433628316e-05,3.3451327433628316e-05,3.3451327433628316e-05,3.3451327433628316e-05,0.05356345132743363,0.6942834513274335,3.3451327433628316e-05,3.3451327433628316e-05,3.3451327433628316e-05,3.3451327433628316e-05,3.3451327433628316e-05,3.3451327433628316e-05,3.3451327433628316e-05,8.539353451327399
37035_7#10,0.17322761061946904,0.13324761061946902,0.20057761061946902,0.4066476106194689,0.809567610619469,5.761061946902654e-05,0.3335476106194689,14.026427610619468,5.761061946902654e-05,22.52766761061947,0.011457610619469026,0.10394761061946903,0.436307610619469,0.11406761061946903,0.03647761061946892,0.02243761061946903,1.2541076106194688,0.573667610619469,0.11329761061946902,0.7003676106194691,0.02813761061946903,0.032327610619469024,0.07663761061946903,0.011557610619469028,0.025857610619468927,0.5890976106194691,0.14631761061946902,0.030847610619469026,0.07076761061946903,0.0028176106194690268,0.394337610619469,0.04144761061946902,5.761061946902654e-05,0.291137610619469,0.049667610619469026,5.761061946902654e-05,5.761061946902654e-05,0.596087610619469,0.012037610619469027,5.761061946902654e-05,5.761061946902654e-05,11.912797610619469,0.256157610619469,0.18897761061946902,0.09931761061946903,0.500707610619469,0.0029876106194690268,0.03125761061946902,0.277847610619469,2.442357610619469,0.005217610619468926,0.004297610619469026,0.10888761061946903,0.706457610619469,5.761061946902654e-05,0.22824761061946902,0.14792761061946902,5.761061946902654e-05,0.21912761061946903,0.330647610619469,0.254347610619469,0.3326076106194689,0.982887610619469,0.037877610619469024,5.761061946902654e-05,5.761061946902654e-05,0.13690761061946902,0.009687610619469027,0.017897610619469026,0.7554976106194691,0.04783761061946902,1.4099876106194689,0.12809761061946903,5.761061946902654e-05,0.12392761061946903,0.21926761061946903,0.05278761061946902,0.049647610619469026,0.0018176106194690265,0.041737610619469026,0.04174761061946902,5.761061946902654e-05,0.004817610619469026,0.292217610619469,0.0022976106194690267,5.761061946902654e-05,0.10988761061946903,0.021687610619469028,0.012457610619469027,0.06612761061946903,0.07467761061946893,0.07147761061946903,0.007697610619469026,0.044657610619469025,5.761061946902654e-05,0.13663761061946902,1.473277610619469,5.761061946902654e-05,0.16577761061946902,0.12636761061946902,0.051957610619469026,0.330277610619469,5.761061946902654e-05,5.761061946902654e-05,0.10622761061946903,5.761061946902654e-05,0.02864761061946903,0.496667610619469,0.15553761061946902,0.031147610619469027,0.012827610619469028,5.761061946902654e-05,29.69157761061948
37035_7#11,3.716814159292035e-05,3.716814159292035e-05,3.716814159292035e-05,0.01965716814159292,0.9854271681415929,3.716814159292035e-05,0.3888171681415929,2.807807168141593,0.010627168141592919,0.42921716814159294,3.716814159292035e-05,0.0016271681415929203,5.9267071681415935,3.716814159292035e-05,0.0020071681415928205,3.716814159292035e-05,0.5003771681415929,0.01650716814159292,0.03994716814159292,0.43449716814159295,0.5061671681415929,3.716814159292035e-05,3.716814159292035e-05,1.045617168141593,3.716814159292035e-05,0.4886771681415929,0.9897771681415929,0.17758716814159292,3.716814159292035e-05,0.031247168141592924,0.34905716814159293,1.443107168141593,3.716814159292035e-05,0.0077171681415929205,0.09795716814159292,0.30410716814159294,0.9976071681415929,0.5032671681415929,0.05868716814159292,3.716814159292035e-05,1.964007168141593,44.4313171681416,3.716814159292035e-05,1.1080971681415928,0.03629716814159292,0.24073716814159282,0.07001716814159292,3.716814159292035e-05,0.2720371681415929,0.16842716814159292,3.716814159292035e-05,3.716814159292035e-05,0.01779716814159292,0.0029171681415929205,5.679407168141593,3.716814159292035e-05,0.06769716814159292,0.07768716814159292,0.06877716814159292,3.716814159292035e-05,3.716814159292035e-05,0.018767168141592922,3.716814159292035e-05,3.716814159292035e-05,1.807387168141593,0.0037771681415929206,0.01694716814159292,0.00992716814159292,3.716814159292035e-05,3.716814159292035e-05,0.0003371681415929203,3.716814159292035e-05,3.716814159292035e-05,3.716814159292035e-05,3.716814159292035e-05,3.716814159292035e-05,3.716814159292035e-05,3.716814159292035e-05,3.716814159292035e-05,3.716814159292035e-05,3.716814159292035e-05,0.1338371681415929,0.0027671681415929205,0.006367168141592921,3.716814159292035e-05,0.04872716814159292,0.00887716814159292,3.716814159292035e-05,3.716814159292035e-05,3.716814159292035e-05,3.716814159292035e-05,0.00023716814159292036,3.716814159292035e-05,0.11809716814159292,3.716814159292035e-05,0.021917168141592922,0.03364716814159292,0.01567716814159292,3.716814159292035e-05,3.716814159292035e-05,3.716814159292035e-05,3.716814159292035e-05,0.00650716814159292,3.716814159292035e-05,3.716814159292035e-05,3.716814159292035e-05,3.716814159292035e-05,0.00548716814159292,3.716814159292035e-05,3.716814159292035e-05,3.716814159292035e-05,3.716814159292035e-05,24.969717168141578
37035_7#12,3.840707964601769e-05,3.840707964601769e-05,3.840707964601769e-05,0.848648407079646,1.047498407079646,3.840707964601769e-05,3.887758407079646,10.033038407079646,3.840707964601769e-05,1.930248407079646,0.311918407079646,0.10517840707964592,2.006978407079646,3.840707964601769e-05,3.840707964601769e-05,0.393868407079646,3.551368407079646,0.03731840707964602,3.840707964601769e-05,5.349398407079646,3.840707964601769e-05,3.840707964601769e-05,0.08848840707964602,0.5823984070796461,0.03181840707964602,0.221678407079646,9.482268407079646,1.6533884070796458,0.198038407079646,3.840707964601769e-05,1.5087384070796461,2.2697984070796458,3.840707964601769e-05,0.02445840707964602,3.840707964601769e-05,11.916668407079646,0.405158407079646,0.526938407079646,0.366898407079646,0.0020784070796460176,1.2204384070796461,16.434088407079646,3.840707964601769e-05,1.173368407079646,0.005928407079646017,1.273568407079646,0.004458407079646017,0.1272784070796459,0.234478407079646,3.840707964601769e-05,0.07681840707964602,3.840707964601769e-05,3.840707964601769e-05,3.840707964601769e-05,0.7402484070796461,0.161818407079646,3.840707964601769e-05,0.005788407079646017,0.007898407079646017,3.840707964601769e-05,3.840707964601769e-05,0.01994840707964602,3.840707964601769e-05,0.029208407079646018,1.323188407079646,3.840707964601769e-05,3.961188407079646,0.11313840707964602,0.011648407079646017,0.011358407079646018,3.840707964601769e-05,3.840707964601769e-05,3.840707964601769e-05,0.15502840707964602,3.840707964601769e-05,0.02637840707964602,0.0015384070796460177,3.840707964601769e-05,3.840707964601769e-05,0.01679840707964602,3.840707964601769e-05,0.05084840707964602,0.11787840707964592,3.840707964601769e-05,0.06348840707964601,0.13574840707964592,0.008388407079646018,3.840707964601769e-05,0.1441784070796459,3.840707964601769e-05,0.640908407079646,0.007608407079646017,3.840707964601769e-05,0.05834840707964591,0.01959840707964602,3.840707964601769e-05,3.840707964601769e-05,3.840707964601769e-05,3.840707964601769e-05,3.840707964601769e-05,3.840707964601769e-05,3.840707964601769e-05,3.840707964601769e-05,3.840707964601769e-05,3.840707964601769e-05,3.840707964601769e-05,3.840707964601769e-05,3.840707964601769e-05,3.840707964601769e-05,3.840707964601769e-05,3.840707964601769e-05,3.840707964601769e-05,12.833408407079641
37035_7#13,3.097345132743363e-05,3.097345132743363e-05,3.097345132743363e-05,0.018380973451327432,0.21594097345132743,3.097345132743363e-05,0.47217097345132747,7.284870973451328,3.097345132743363e-05,0.08000097345132744,0.05907097345132744,0.13151097345132742,0.21056097345132743,3.097345132743363e-05,3.097345132743363e-05,3.097345132743363e-05,0.5469409734513274,3.097345132743363e-05,3.097345132743363e-05,0.22510097345132743,3.097345132743363e-05,3.097345132743363e-05,0.05107097345132744,0.3182609734513275,0.056350973451327335,0.15450097345132743,0.5917709734513275,0.12516097345132743,0.049560973451327435,3.097345132743363e-05,0.7692509734513273,3.097345132743363e-05,3.097345132743363e-05,0.0027609734513274337,0.0017809734513274337,0.023110973451327434,0.18648097345132741,0.7132409734513274,3.097345132743363e-05,3.097345132743363e-05,0.9693809734513273,62.18208097345133,0.04071097345132744,0.9542409734513274,3.097345132743363e-05,0.021310973451327434,2.997370973451327,3.097345132743363e-05,0.08152097345132743,0.08780097345132744,0.002520973451327434,3.097345132743363e-05,0.09330097345132733,3.097345132743363e-05,1.1815809734513274,0.15025097345132743,3.097345132743363e-05,3.097345132743363e-05,0.01686097345132743,3.097345132743363e-05,3.097345132743363e-05,3.097345132743363e-05,0.04662097345132744,0.004940973451327433,1.9122509734513276,0.07012097345132744,3.310810973451327,3.097345132743363e-05,3.097345132743363e-05,3.097345132743363e-05,3.097345132743363e-05,3.097345132743363e-05,3.097345132743363e-05,3.097345132743363e-05,3.097345132743363e-05,3.097345132743363e-05,3.097345132743363e-05,3.097345132743363e-05,3.097345132743363e-05,0.013100973451327434,3.097345132743363e-05,0.029110973451327432,3.097345132743363e-05,3.097345132743363e-05,0.009120973451327433,3.097345132743363e-05,3.097345132743363e-05,3.097345132743363e-05,3.097345132743363e-05,3.097345132743363e-05,0.06911097345132744,3.097345132743363e-05,3.097345132743363e-05,3.097345132743363e-05,3.097345132743363e-05,3.097345132743363e-05,0.0065109734513274335,0.006280973451327433,3.097345132743363e-05,3.097345132743363e-05,3.097345132743363e-05,3.097345132743363e-05,0.004930973451327433,3.097345132743363e-05,3.097345132743363e-05,3.097345132743363e-05,3.097345132743363e-05,0.011620973451327433,3.097345132743363e-05,3.097345132743363e-05,3.097345132743363e-05,3.097345132743363e-05,13.436730973451308
37035_7#14,5.141592920353982e-05,0.8832514159292036,5.141592920353982e-05,0.02524141592920344,2.1303514159292036,5.141592920353982e-05,0.11574141592920345,6.748231415929204,5.141592920353982e-05,3.4729314159292035,5.141592920353982e-05,0.03316141592920354,0.8360614159292035,5.141592920353982e-05,0.0015214159292035398,5.141592920353982e-05,0.11364141592920354,0.2794314159292035,0.02766141592920354,0.24262141592920353,0.20380141592920353,5.141592920353982e-05,0.06383141592920355,0.09159141592920354,5.141592920353982e-05,0.2824914159292035,0.18706141592920353,0.11299141592920345,0.17160141592920353,0.0058014159292035395,0.4262014159292035,0.11669141592920354,0.0063614159292034395,0.00810141592920354,0.39449141592920345,0.051051415929203536,0.01579141592920354,0.01591141592920354,0.02860141592920354,0.0030714159292035397,2.2525814159292037,44.7467714159292,0.23867141592920355,2.405801415929204,0.07899141592920354,0.15175141592920352,0.3175114159292035,5.141592920353982e-05,0.03239141592920354,0.5419214159292035,5.141592920353982e-05,5.141592920353982e-05,0.08567141592920355,0.11879141592920345,2.0619714159292037,0.017291415929203538,5.141592920353982e-05,5.141592920353982e-05,0.07478141592920355,0.7354514159292035,0.02179141592920354,0.12332141592920355,0.3516014159292035,5.141592920353982e-05,2.1164014159292037,0.036071415929203536,0.03503141592920354,5.141592920353982e-05,5.141592920353982e-05,0.02892141592920344,0.9269814159292036,0.12370141592920354,5.141592920353982e-05,5.141592920353982e-05,5.141592920353982e-05,5.141592920353982e-05,0.00903141592920354,0.013711415929203538,5.141592920353982e-05,0.06057141592920354,0.01904141592920354,5.141592920353982e-05,5.141592920353982e-05,0.15780141592920352,5.141592920353982e-05,0.7479214159292035,0.012411415929203539,0.00287141592920344,0.0006914159292034398,0.12058141592920354,0.12005141592920354,0.012011415929203439,5.141592920353982e-05,0.04739141592920354,5.141592920353982e-05,0.022661415929203538,0.3675214159292035,1.3470114159292035,0.04735141592920344,0.06629141592920354,0.01937141592920354,5.141592920353982e-05,0.01546141592920354,0.03634141592920354,5.141592920353982e-05,0.02974141592920354,5.141592920353982e-05,0.027001415929203538,0.11488141592920355,0.012031415929203539,0.014241415929203539,0.0013014159292035398,21.833691415929216
37035_7#15,3.716814159292035e-05,1.072337168141593,3.716814159292035e-05,1.5798471681415929,0.03245716814159292,3.716814159292035e-05,6.589797168141593,4.243497168141594,0.01195716814159292,1.096297168141593,0.06872716814159292,1.764927168141593,0.00427716814159292,3.716814159292035e-05,3.716814159292035e-05,1.114747168141593,2.318847168141593,3.716814159292035e-05,0.03552716814159292,0.10507716814159292,3.716814159292035e-05,3.716814159292035e-05,3.716814159292035e-05,24.06282716814159,0.05473716814159292,0.4178771681415929,8.530137168141593,0.4589371681415929,1.512117168141593,3.716814159292035e-05,3.716814159292035e-05,0.2053571681415929,0.00625716814159292,0.00634716814159282,3.716814159292035e-05,0.12492716814159283,0.10461716814159293,2.557977168141593,0.17097716814159292,0.00701716814159292,0.0016071681415929203,3.576457168141593,0.4740771681415929,3.716814159292035e-05,0.02381716814159292,15.938217168141593,3.716814159292035e-05,3.716814159292035e-05,0.4235271681415929,0.01022716814159292,0.12194716814159282,0.02510716814159292,3.716814159292035e-05,0.11657716814159282,3.716814159292035e-05,0.19868716814159293,0.5748671681415929,0.07056716814159292,0.09476716814159292,0.27834716814159294,0.08983716814159293,3.716814159292035e-05,3.716814159292035e-05,3.716814159292035e-05,3.716814159292035e-05,0.24269716814159292,1.2470071681415928,0.17738716814159292,0.03570716814159292,3.716814159292035e-05,0.06967716814159292,0.17728716814159293,3.716814159292035e-05,0.18241716814159292,3.716814159292035e-05,3.716814159292035e-05,0.12056716814159292,3.716814159292035e-05,0.0013871681415928204,3.716814159292035e-05,0.3020071681415929,3.716814159292035e-05,3.716814159292035e-05,3.716814159292035e-05,0.04102716814159292,3.716814159292035e-05,3.716814159292035e-05,3.716814159292035e-05,0.18743716814159292,3.716814159292035e-05,3.716814159292035e-05,3.716814159292035e-05,0.02739716814159292,3.716814159292035e-05,3.716814159292035e-05,3.716814159292035e-05,3.716814159292035e-05,3.716814159292035e-05,3.716814159292035e-05,3.716814159292035e-05,3.716814159292035e-05,3.716814159292035e-05,3.716814159292035e-05,3.716814159292035e-05,0.03649716814159292,3.716814159292035e-05,0.0029871681415929207,3.716814159292035e-05,3.716814159292035e-05,3.716814159292035e-05,3.716814159292035e-05,3.716814159292035e-05,16.86947716814159
37035_7#16,0.06717699115044248,0.012876991150442479,0.048026991150442476,0.1743069911504425,0.3554969911504425,0.017996991150442378,1.7166169911504425,9.280066991150443,5.699115044247787e-05,6.452486991150442,5.699115044247787e-05,0.2090369911504425,0.3730969911504425,0.23552699115044248,0.022416991150442475,0.0027269911504424777,0.3322669911504425,0.06555699115044249,0.2871869911504425,0.13354699115044238,0.3939669911504425,0.03294699115044248,0.9499069911504424,0.18467699115044248,5.699115044247787e-05,0.3739869911504425,0.04187699115044247,0.4297169911504425,5.699115044247787e-05,0.030946991150442478,0.25046699115044246,0.2517769911504425,0.09885699115044248,0.3139469911504425,0.5414969911504425,0.0025569911504424777,5.699115044247787e-05,0.008706991150442479,0.0007769911504424779,0.005526991150442477,0.4092869911504425,1.0110769911504425,5.699115044247787e-05,0.011516991150442479,0.021796991150442476,0.2720969911504425,5.699115044247787e-05,0.1305969911504425,0.002136991150442478,1.5525869911504424,0.0002469911504424779,5.699115044247787e-05,0.9278869911504424,0.2500869911504425,0.4938469911504425,1.4618869911504424,3.0926169911504426,5.699115044247787e-05,0.34892699115044246,1.3265069911504423,0.1363769911504425,0.8400369911504424,2.6640469911504425,0.3140369911504425,0.5975269911504424,0.018826991150442476,5.699115044247787e-05,0.1606069911504425,0.05208699115044248,0.6719669911504424,0.4722969911504425,5.699115044247787e-05,5.699115044247787e-05,0.10322699115044248,0.42470699115044247,0.027416991150442476,0.6329769911504424,0.09124699115044248,0.029426991150442377,0.054026991150442474,5.699115044247787e-05,5.699115044247787e-05,0.00023699115044247787,1.0327569911504424,5.699115044247787e-05,5.699115044247787e-05,9.817196991150443,0.049356991150442474,5.699115044247787e-05,0.1634869911504425,5.699115044247787e-05,5.699115044247787e-05,0.037666991150442475,0.08088699115044248,0.04749699115044247,0.8021869911504425,0.09523699115044248,5.491886991150443,0.07923699115044248,0.040246991150442474,5.699115044247787e-05,0.028196991150442476,0.08733699115044248,0.06868699115044248,0.060316991150442374,0.00020699115044247788,5.699115044247787e-05,0.2849169911504425,0.055226991150442474,0.19636699115044248,0.018566991150442476,0.1755869911504425,38.98301699115042
37035_7#17,0.012363893805309735,2.4165138938053095,5.389380530973451e-05,0.20326389380530974,0.09234389380530973,0.32050389380530964,3.2373938938053097,0.13954389380530974,0.20562389380530974,2.6774038938053097,5.389380530973451e-05,1.52101389380531,0.07450389380530974,5.389380530973451e-05,5.389380530973451e-05,5.389380530973451e-05,3.2574438938053096,0.27253389380530973,0.06181389380530963,1.08537389380531,0.024963893805309733,0.0010738938053097345,1.14919389380531,3.9583138938053097,0.5738538938053097,0.5134638938053098,0.5088738938053097,5.389380530973451e-05,0.6886638938053098,5.389380530973451e-05,5.389380530973451e-05,0.24617389380530974,0.31972389380530974,5.389380530973451e-05,0.030333893805309733,0.005943893805309734,5.389380530973451e-05,0.07848389380530973,0.24472389380530976,0.012073893805309734,0.11060389380530973,4.59139389380531,5.389380530973451e-05,0.08165389380530974,0.008503893805309734,5.63159389380531,3.57315389380531,1.9181838938053097,0.0005738938053097345,0.08217389380530973,0.2753338938053097,3.467103893805309,0.020193893805309733,0.027063893805309734,0.3348038938053097,0.6021438938053097,0.22870389380530964,0.2783338938053097,5.389380530973451e-05,0.3945638938053097,5.389380530973451e-05,0.0026438938053097347,0.20813389380530975,0.21969389380530974,0.11404389380530973,0.8525738938053097,0.4235338938053097,0.21282389380530975,0.007413893805309734,5.389380530973451e-05,0.07702389380530973,0.7245838938053097,0.010573893805309735,0.3100438938053097,0.024843893805309734,0.031483893805309734,0.4939238938053097,0.012973893805309734,5.389380530973451e-05,0.0014538938053097344,0.5464238938053096,5.389380530973451e-05,5.389380530973451e-05,0.049433893805309735,0.047143893805309735,0.16517389380530975,0.06737389380530963,5.389380530973451e-05,0.049433893805309735,1.1796538938053098,0.08686389380530973,1.1420938938053098,0.14215389380530974,0.10220389380530974,0.03414389380530974,0.35258389380530974,6.79015389380531,0.3365638938053097,5.389380530973451e-05,5.389380530973451e-05,5.389380530973451e-05,0.025103893805309734,0.43533389380530974,5.389380530973451e-05,5.389380530973451e-05,5.389380530973451e-05,5.389380530973451e-05,0.014603893805309734,0.016803893805309635,0.11411389380530973,0.020253893805309734,5.389380530973451e-05,38.9936438938053
37035_7#19,2.9734513274336286e-05,2.9734513274336286e-05,2.9734513274336286e-05,1.389239734513274,0.016779734513274237,0.029199734513274334,5.792329734513275,0.004079734513274337,2.9734513274336286e-05,0.6857597345132743,0.028279734513274236,0.43327973451327434,0.026719734513274335,2.9734513274336286e-05,2.9734513274336286e-05,0.9366497345132744,0.7799797345132743,2.9734513274336286e-05,0.010809734513274336,1.4539897345132742,0.054979734513274335,2.9734513274336286e-05,0.11631973451327424,2.431599734513274,12.338929734513274,0.024019734513274237,0.0007397345132743363,2.9734513274336286e-05,0.42588973451327433,2.9734513274336286e-05,2.9734513274336286e-05,0.13814973451327434,0.03681973451327433,2.9734513274336286e-05,2.9734513274336286e-05,2.9734513274336286e-05,2.9734513274336286e-05,0.0004897345132743363,2.9734513274336286e-05,0.013019734513274235,2.9734513274336286e-05,0.009439734513274336,2.9734513274336286e-05,2.9734513274336286e-05,2.9734513274336286e-05,1.8361897345132743,1.1723397345132742,0.020329734513274335,2.9734513274336286e-05,2.9734513274336286e-05,0.31082973451327434,3.230819734513274,2.9734513274336286e-05,2.9734513274336286e-05,2.9734513274336286e-05,0.17247973451327434,2.9734513274336286e-05,2.9734513274336286e-05,2.9734513274336286e-05,2.9734513274336286e-05,2.9734513274336286e-05,2.9734513274336286e-05,2.9734513274336286e-05,0.08230973451327435,2.9734513274336286e-05,0.06317973451327434,2.9734513274336286e-05,0.016239734513274335,2.9734513274336286e-05,2.9734513274336286e-05,0.41151973451327434,1.3232697345132742,0.005889734513274236,0.0032397345132743364,2.9734513274336286e-05,0.012339734513274336,0.010539734513274236,2.9734513274336286e-05,0.006499734513274336,2.9734513274336286e-05,0.03241973451327434,2.9734513274336286e-05,2.9734513274336286e-05,2.9734513274336286e-05,0.03780973451327434,2.9734513274336286e-05,2.9734513274336286e-05,2.9734513274336286e-05,2.9734513274336286e-05,2.9734513274336286e-05,0.021159734513274336,0.15054973451327433,2.9734513274336286e-05,2.9734513274336286e-05,2.9734513274336286e-05,2.9734513274336286e-05,0.05161973451327433,2.9734513274336286e-05,2.9734513274336286e-05,2.9734513274336286e-05,2.9734513274336286e-05,2.9734513274336286e-05,2.9734513274336286e-05,2.9734513274336286e-05,2.9734513274336286e-05,0.024299734513274336,2.9734513274336286e-05,2.9734513274336286e-05,2.9734513274336286e-05,2.9734513274336286e-05,2.9734513274336286e-05,2.9734513274336286e-05,63.82469973451328
37035_7#1,4.336283185840708e-05,1.4790233628318583,4.336283185840708e-05,0.4425133628318584,0.0659133628318584,4.336283185840708e-05,2.0070233628318586,0.17340336283185842,4.336283185840708e-05,3.1250433628318586,0.010013362831858408,1.8634533628318584,0.1085533628318584,4.336283185840708e-05,4.336283185840708e-05,4.336283185840708e-05,1.6070233628318584,0.0793433628318584,0.1136733628318584,0.5059733628318585,4.336283185840708e-05,4.336283185840708e-05,0.4847533628318584,1.4165933628318583,4.336283185840708e-05,0.2666833628318584,9.506303362831858,4.336283185840708e-05,0.2538433628318584,4.336283185840708e-05,4.336283185840708e-05,0.002293362831858407,0.19306336283185843,4.336283185840708e-05,4.336283185840708e-05,4.336283185840708e-05,4.336283185840708e-05,0.026893362831858406,0.2930633628318584,4.336283185840708e-05,0.03503336283185841,2.0948533628318584,4.336283185840708e-05,0.020633362831858307,4.336283185840708e-05,3.6382733628318586,3.9471033628318595,0.15021336283185843,0.027453362831858407,0.040623362831858405,0.28525336283185837,0.31700336283185837,4.336283185840708e-05,0.021393362831858307,0.1138933628318584,0.5620933628318584,0.39743336283185837,0.12537336283185843,0.001003362831858407,0.06619336283185841,4.336283185840708e-05,4.336283185840708e-05,0.036663362831858406,0.8879433628318585,0.023933362831858405,0.0799933628318584,1.2924233628318584,0.04745336283185841,4.336283185840708e-05,4.336283185840708e-05,4.336283185840708e-05,11.509473362831857,2.8572333628318587,0.1557933628318584,4.336283185840708e-05,0.020643362831858306,0.2105933628318583,0.008093362831858408,0.019543362831858407,4.336283185840708e-05,2.0144333628318587,4.336283185840708e-05,4.336283185840708e-05,4.336283185840708e-05,4.336283185840708e-05,4.336283185840708e-05,0.013603362831858408,0.09324336283185841,0.18029336283185843,0.040733362831858404,0.019043362831858406,0.6599233628318585,0.14449336283185843,4.336283185840708e-05,0.003453362831858307,4.336283185840708e-05,9.036563362831858,0.056363362831858305,0.014243362831858408,4.336283185840708e-05,4.336283185840708e-05,4.336283185840708e-05,0.0696433628318584,4.336283185840708e-05,4.336283185840708e-05,0.33748336283185837,0.6042133628318584,4.336283185840708e-05,4.336283185840708e-05,4.336283185840708e-05,0.011383362831858408,0.013183362831858407,33.667783362831855
37035_7#20,5.079646017699115e-05,0.003410796460176991,5.079646017699115e-05,0.03863079646017699,1.631040796460177,5.079646017699115e-05,0.398300796460177,5.6492007964601765,0.045060796460176994,2.907570796460177,0.0005707964601769912,0.028830796460176993,3.020820796460177,5.079646017699115e-05,0.005800796460176991,0.02563079646017699,0.20784079646017697,0.04959079646017699,0.01585079646017699,1.053930796460177,0.141080796460177,5.079646017699115e-05,0.004430796460176991,0.8168107964601771,0.03154079646017699,0.133070796460177,1.449990796460177,0.06523079646017699,0.002180796460176991,0.010290796460176992,0.11089079646017698,0.277440796460177,5.079646017699115e-05,0.026340796460176993,0.06485079646017698,0.574970796460177,0.04824079646017699,0.216630796460177,5.079646017699115e-05,5.079646017699115e-05,0.979040796460177,36.60293079646018,0.162920796460177,2.3053607964601768,0.759320796460177,0.16676079646017689,0.13896079646017698,5.079646017699115e-05,0.03591079646017699,0.18309079646017698,0.04249079646017699,0.008960796460176992,0.14903079646017697,0.024250796460176992,2.730330796460177,5.079646017699115e-05,0.505750796460177,0.11727079646017699,0.139920796460177,0.020300796460176893,5.079646017699115e-05,0.05336079646017699,0.20684079646017697,0.020970796460176994,2.497150796460177,0.22097079646017698,5.079646017699115e-05,5.079646017699115e-05,5.079646017699115e-05,0.03720079646017689,5.079646017699115e-05,0.00038079646017699116,0.04179079646017699,5.079646017699115e-05,5.079646017699115e-05,5.079646017699115e-05,0.0005207964601769912,5.079646017699115e-05,5.079646017699115e-05,0.07571079646017688,5.079646017699115e-05,0.004380796460176991,0.008210796460176991,0.03335079646017699,0.003990796460176991,0.342100796460177,0.03188079646017699,5.079646017699115e-05,5.079646017699115e-05,0.1352907964601769,0.02358079646017699,0.013430796460176992,5.079646017699115e-05,0.015480796460176992,5.079646017699115e-05,0.005160796460176991,0.23763079646017699,0.05547079646017699,0.017690796460176992,0.01967079646017699,0.021780796460176992,5.079646017699115e-05,0.22205079646017697,0.011110796460176991,5.079646017699115e-05,5.079646017699115e-05,0.010470796460176991,0.23120079646017688,5.079646017699115e-05,0.012750796460176992,5.079646017699115e-05,5.079646017699115e-05,31.258160796460192
37035_7#21,3.840707964601769e-05,0.010068407079646017,3.840707964601769e-05,0.011098407079646017,0.02668840707964592,3.840707964601769e-05,4.883668407079647,0.005428407079646017,0.03824840707964602,3.4072084070796462,0.015178407079646017,0.970478407079646,3.840707964601769e-05,3.840707964601769e-05,3.840707964601769e-05,0.32886840707964604,0.489728407079646,0.035068407079646015,3.840707964601769e-05,0.350638407079646,0.03972840707964601,3.840707964601769e-05,0.07513840707964602,0.351538407079646,1.158118407079646,0.15538840707964602,0.06282840707964601,0.016688407079646018,0.15464840707964592,0.055378407079646016,3.840707964601769e-05,0.0003784070796460177,0.147908407079646,3.840707964601769e-05,3.840707964601769e-05,3.840707964601769e-05,3.840707964601769e-05,3.840707964601769e-05,0.0007384070796460177,0.0010484070796460178,3.840707964601769e-05,0.07757840707964601,3.840707964601769e-05,3.840707964601769e-05,0.157788407079646,3.422578407079646,0.26125840707964604,0.0037084070796460176,3.840707964601769e-05,3.840707964601769e-05,0.020188407079646017,0.9633684070796461,3.840707964601769e-05,3.840707964601769e-05,3.840707964601769e-05,0.13998840707964602,0.003478407079646018,3.840707964601769e-05,0.005888407079646017,0.04812840707964602,3.840707964601769e-05,3.840707964601769e-05,0.05862840707964601,0.5439684070796461,3.840707964601769e-05,3.840707964601769e-05,3.840707964601769e-05,0.029538407079646018,3.840707964601769e-05,3.840707964601769e-05,0.08087840707964601,0.5210784070796461,0.007088407079646017,0.11441840707964601,3.840707964601769e-05,0.08598840707964601,0.157268407079646,0.0028384070796459177,3.840707964601769e-05,0.0003984070796460177,0.5158284070796461,3.840707964601769e-05,3.840707964601769e-05,3.840707964601769e-05,0.285758407079646,0.008368407079646017,0.02870840707964592,0.05298840707964601,3.840707964601769e-05,3.840707964601769e-05,3.840707964601769e-05,0.11344840707964601,0.09681840707964602,0.194978407079646,0.0013184070796460178,3.840707964601769e-05,1.4892984070796458,3.840707964601769e-05,0.011658407079646018,3.840707964601769e-05,3.840707964601769e-05,3.840707964601769e-05,0.7184684070796461,3.840707964601769e-05,3.840707964601769e-05,1.082918407079646,3.840707964601769e-05,3.840707964601769e-05,3.840707964601769e-05,3.840707964601769e-05,3.840707964601769e-05,3.840707964601769e-05,75.89953840707965
37035_7#22,4.0265486725663715e-05,0.016070265486725663,4.0265486725663715e-05,0.056260265486725664,0.14203026548672565,4.0265486725663715e-05,0.6910702654867257,0.003910265486725664,0.03942026548672566,1.0260002654867257,0.0017602654867256637,0.12912026548672564,0.024190265486725662,4.0265486725663715e-05,0.043530265486725665,0.07457026548672566,0.16884026548672565,0.0056802654867256636,4.0265486725663715e-05,0.09868026548672566,0.11968026548672565,4.0265486725663715e-05,0.3387302654867257,1.4924802654867257,4.0265486725663715e-05,0.008010265486725664,0.7913402654867256,4.0265486725663715e-05,0.04764026548672566,4.0265486725663715e-05,4.0265486725663715e-05,0.0018002654867256638,0.09567026548672565,0.015340265486725563,0.00011026548672566371,0.0027602654867256637,4.0265486725663715e-05,4.0265486725663715e-05,0.22576026548672565,4.0265486725663715e-05,4.0265486725663715e-05,0.04304026548672566,4.0265486725663715e-05,4.0265486725663715e-05,4.0265486725663715e-05,0.7919402654867256,0.030850265486725665,0.07590026548672565,4.0265486725663715e-05,4.0265486725663715e-05,0.002520265486725664,0.023040265486725664,4.0265486725663715e-05,4.0265486725663715e-05,4.0265486725663715e-05,0.5083902654867256,0.04605026548672567,0.028200265486725665,0.0011302654867256638,0.003150265486725664,4.0265486725663715e-05,4.0265486725663715e-05,0.022040265486725663,0.2780602654867257,0.006210265486725664,0.21130026548672565,0.005740265486725664,0.08708026548672566,0.0048102654867256634,4.0265486725663715e-05,0.011310265486725663,4.0265486725663715e-05,0.027370265486725665,0.14466026548672567,4.0265486725663715e-05,4.0265486725663715e-05,0.15774026548672565,0.002350265486725664,4.0265486725663715e-05,4.0265486725663715e-05,0.032490265486725664,4.0265486725663715e-05,4.0265486725663715e-05,4.0265486725663715e-05,4.0265486725663715e-05,4.0265486725663715e-05,0.10652026548672566,0.002310265486725664,0.4687402654867256,4.0265486725663715e-05,4.0265486725663715e-05,4.0265486725663715e-05,0.007060265486725664,0.08684026548672566,0.05201026548672556,4.0265486725663715e-05,0.20035026548672566,0.09196026548672566,4.0265486725663715e-05,4.0265486725663715e-05,4.0265486725663715e-05,4.0265486725663715e-05,0.0019502654867256638,4.0265486725663715e-05,4.0265486725663715e-05,0.2590302654867257,4.0265486725663715e-05,0.013420265486725664,4.0265486725663715e-05,0.0021602654867255637,4.0265486725663715e-05,0.0022402654867256636,90.49764026548672
37035_7#23,5.575221238938053e-05,0.45799575221238936,5.575221238938053e-05,0.4514757522123893,1.1502657522123894,0.14118575221238938,2.4702257522123894,3.562795752212389,0.1379157522123894,9.278945752212389,0.3861357522123894,0.14620575221238938,0.4320957522123894,5.575221238938053e-05,0.04493575221238938,0.3711557522123894,0.4193757522123894,0.8656857522123894,0.07421575221238927,0.28609575221238936,1.5963057522123896,5.575221238938053e-05,0.9026757522123894,0.1634057522123894,0.1385357522123894,1.4750057522123894,0.3224157522123894,0.08326575221238927,0.2459157522123894,0.03105575221238938,5.575221238938053e-05,4.512045752212389,0.023165752212389378,0.17446575221238939,0.4675857522123894,0.7972357522123894,5.575221238938053e-05,5.575221238938053e-05,5.575221238938053e-05,0.01310575221238938,0.23815575221238938,15.338265752212388,0.039035752212389384,0.4408257522123893,1.2101457522123893,0.8979057522123894,7.387205752212389,0.020525752212389378,0.10836575221238927,0.9908657522123894,0.20978575221238938,0.6847157522123895,0.07362575221238937,0.4374257522123893,0.2704257522123894,0.5732957522123894,5.575221238938053e-05,0.05671575221238928,0.1962857522123894,0.5458857522123894,0.17584575221238938,0.2015857522123894,1.6928857522123895,0.16685575221238938,5.575221238938053e-05,0.2565857522123894,5.575221238938053e-05,0.02042575221238938,0.01510575221238928,0.06143575221238938,0.13455575221238938,0.6616057522123894,0.01932575221238938,0.020365752212389378,0.2610157522123894,0.01650575221238938,5.575221238938053e-05,0.04281575221238938,5.575221238938053e-05,0.02363575221238938,0.11482575221238937,5.575221238938053e-05,5.575221238938053e-05,0.2529757522123894,0.012915752212389381,0.1883557522123894,0.1355357522123894,5.575221238938053e-05,5.575221238938053e-05,1.1267757522123893,5.575221238938053e-05,5.575221238938053e-05,0.011125752212389381,0.11575575221238937,5.575221238938053e-05,0.004985752212389381,5.575221238938053e-05,3.5029257522123896,0.10621575221238927,5.575221238938053e-05,0.01239575221238938,0.05130575221238938,0.05328575221238938,0.03702575221238938,0.03065575221238938,0.2608757522123894,5.575221238938053e-05,0.18966575221238938,0.06281575221238937,0.10307575221238938,0.018655752212389378,0.19216575221238938,28.301495752212396
37035_7#24,2.849557522123893e-05,20.58004849557522,2.849557522123893e-05,0.057458495575221244,0.00860849557522124,2.849557522123893e-05,7.244688495575222,0.5308784955752212,0.31898849557522124,0.9676884955752212,1.0564584955752212,2.532268495575221,3.0129284955752214,2.849557522123893e-05,2.849557522123893e-05,1.2914684955752211,0.7620584955752212,2.849557522123893e-05,0.01016849557522114,0.0049284955752212384,2.849557522123893e-05,2.849557522123893e-05,1.0094584955752213,16.34482849557522,2.849557522123893e-05,0.09393849557522123,0.2551884955752213,0.16255849557522123,0.027548495575221137,2.849557522123893e-05,2.849557522123893e-05,0.07453849557522123,0.01824849557522124,2.849557522123893e-05,2.849557522123893e-05,2.849557522123893e-05,0.24184849557522123,0.026308495575221236,0.03999849557522124,2.849557522123893e-05,0.05079849557522114,1.0597484955752212,0.7381184955752212,0.35778849557522124,2.849557522123893e-05,0.44548849557522124,0.40007849557522124,2.849557522123893e-05,0.16313849557522123,2.849557522123893e-05,2.849557522123893e-05,2.849557522123893e-05,2.849557522123893e-05,2.849557522123893e-05,0.8705784955752213,0.7556684955752212,2.849557522123893e-05,0.4493084955752213,2.849557522123893e-05,2.849557522123893e-05,0.06018849557522124,2.849557522123893e-05,2.849557522123893e-05,2.849557522123893e-05,2.849557522123893e-05,0.00863849557522124,0.06893849557522123,0.12535849557522125,2.849557522123893e-05,2.849557522123893e-05,2.849557522123893e-05,2.849557522123893e-05,2.849557522123893e-05,0.40120849557522126,2.849557522123893e-05,0.07925849557522123,2.849557522123893e-05,2.849557522123893e-05,2.849557522123893e-05,2.849557522123893e-05,2.849557522123893e-05,2.849557522123893e-05,2.849557522123893e-05,0.004858495575221239,2.849557522123893e-05,2.849557522123893e-05,0.00843849557522124,2.849557522123893e-05,0.01637849557522124,2.849557522123893e-05,2.849557522123893e-05,2.849557522123893e-05,2.849557522123893e-05,2.849557522123893e-05,2.849557522123893e-05,0.08580849557522123,2.849557522123893e-05,2.849557522123893e-05,2.849557522123893e-05,2.849557522123893e-05,2.849557522123893e-05,2.849557522123893e-05,2.849557522123893e-05,2.849557522123893e-05,2.849557522123893e-05,2.849557522123893e-05,2.849557522123893e-05,2.849557522123893e-05,2.849557522123893e-05,2.849557522123893e-05,2.849557522123893e-05,2.849557522123893e-05,37.17519849557522
37035_7#25,0.512453982300885,0.014343982300884855,0.19618398230088496,0.6509439823008849,0.11066398230088495,0.11359398230088495,1.6563239823008848,39.54448398230089,4.3982300884955745e-05,3.531483982300885,0.041943982300884954,0.43252398230088496,0.6137639823008849,0.40593398230088495,4.3982300884955745e-05,0.834233982300885,1.468493982300885,0.03821398230088485,0.013903982300884955,0.7266439823008849,0.041853982300884954,0.033703982300884956,0.5158939823008849,2.5570339823008847,1.0538839823008848,0.17703398230088496,0.24602398230088496,0.024883982300884858,0.13755398230088497,0.02803398230088496,0.033203982300884956,0.04003398230088495,0.10642398230088496,1.1014139823008848,0.00032398230088495573,4.3982300884955745e-05,0.021473982300884955,0.250923982300885,0.13914398230088496,4.3982300884955745e-05,4.3982300884955745e-05,1.652063982300885,4.3982300884955745e-05,0.0013539823008849557,0.021853982300884957,5.039393982300885,6.214753982300885,4.3982300884955745e-05,4.3982300884955745e-05,0.07270398230088486,0.04094398230088495,0.027243982300884956,4.3982300884955745e-05,0.0035439823008849556,4.3982300884955745e-05,2.537603982300885,4.3982300884955745e-05,4.3982300884955745e-05,4.3982300884955745e-05,4.3982300884955745e-05,4.3982300884955745e-05,4.3982300884955745e-05,0.07682398230088495,0.08077398230088495,4.3982300884955745e-05,4.3982300884955745e-05,0.250763982300885,0.018733982300884956,4.3982300884955745e-05,0.06827398230088495,0.40453398230088494,4.3982300884955745e-05,0.18318398230088487,0.025483982300884857,0.0025639823008849556,0.049243982300884954,0.21867398230088497,0.260873982300885,4.3982300884955745e-05,0.04998398230088495,4.3982300884955745e-05,4.3982300884955745e-05,4.3982300884955745e-05,0.12562398230088498,0.012453982300884955,0.42602398230088495,0.22080398230088497,0.364163982300885,0.021993982300884857,4.3982300884955745e-05,4.3982300884955745e-05,4.3982300884955745e-05,0.39393398230088494,4.3982300884955745e-05,4.3982300884955745e-05,4.3982300884955745e-05,4.3982300884955745e-05,0.762273982300885,4.3982300884955745e-05,4.3982300884955745e-05,4.3982300884955745e-05,4.3982300884955745e-05,0.003773982300884956,0.033653982300884955,4.3982300884955745e-05,4.3982300884955745e-05,4.3982300884955745e-05,0.061483982300884955,4.3982300884955745e-05,4.3982300884955745e-05,4.3982300884955745e-05,4.3982300884955745e-05,22.855623982300912
37035_7#2,6.008849557522123e-05,0.11598008849557521,6.008849557522123e-05,0.16338008849557523,0.8362300884955752,6.008849557522123e-05,0.12813008849557522,6.166880088495575,0.04890008849557522,6.938090088495575,0.014800088495575221,0.10212008849557522,4.543220088495575,6.008849557522123e-05,6.008849557522123e-05,6.008849557522123e-05,0.5627700884955753,0.045030088495575216,0.021120088495575222,0.12852008849557522,0.04116008849557522,6.008849557522123e-05,0.32192008849557524,0.9531900884955753,6.008849557522123e-05,1.3697500884955753,0.1965600884955752,0.015830088495575222,0.08206008849557522,0.10887008849557511,0.3713000884955752,0.9449800884955752,0.03598008849557522,0.01464008849557522,0.02804008849557522,0.05105008849557522,0.2010500884955752,0.6369600884955753,6.008849557522123e-05,0.002180088495575121,1.6295800884955753,23.412550088495575,0.3605900884955752,4.129560088495574,0.11384008849557523,0.4680500884955752,0.5308100884955752,0.028320088495575223,0.08198008849557521,0.4345200884955753,0.012530088495575221,0.017660088495575123,0.024600088495575222,0.5819000884955753,2.6174300884955755,0.03390008849557522,0.019060088495575223,0.01604008849557522,0.5455900884955752,0.05005008849557522,0.04815008849557522,0.29310008849557523,0.7330100884955753,6.008849557522123e-05,1.4515900884955752,0.028320088495575223,0.15180008849557522,0.02428008849557522,0.002820088495575221,0.02293008849557522,1.0399900884955753,0.1948500884955751,0.12779008849557522,0.08498008849557522,0.04641008849557512,0.027310088495575223,0.020940088495575222,0.01140008849557522,6.008849557522123e-05,0.09605008849557523,0.02335008849557522,6.008849557522123e-05,0.03977008849557522,0.1388600884955752,0.0012100884955752213,4.548320088495575,0.04455008849557522,0.017240088495575224,0.03629008849557522,6.008849557522123e-05,0.01107008849557522,0.13274008849557523,6.008849557522123e-05,0.015180088495575221,6.008849557522123e-05,0.1996100884955752,0.7730300884955752,0.48722008849557524,0.48871008849557523,0.02300008849557522,0.2496500884955752,0.05291008849557522,0.03239008849557522,0.041540088495575216,0.002710088495575121,0.5478200884955753,0.010710088495575221,0.04710008849557522,0.022040088495575223,0.018030088495575223,0.02268008849557522,6.008849557522123e-05,27.266330088495558
37035_7#3,0.010650265486725664,0.06827026548672566,0.027120265486725664,0.11882026548672565,1.6565702654867258,4.0265486725663715e-05,0.5396902654867256,14.671190265486727,4.0265486725663715e-05,0.17673026548672566,0.015430265486725664,0.0015302654867256637,3.613660265486726,4.0265486725663715e-05,0.037500265486725665,0.06085026548672566,0.8159302654867256,1.8451002654867257,4.0265486725663715e-05,0.9825002654867256,0.3127002654867257,4.0265486725663715e-05,4.0265486725663715e-05,1.1362502654867257,0.009460265486725664,0.8121402654867256,4.4423202654867255,0.3219802654867257,0.015710265486725664,0.025940265486725664,0.7328902654867256,0.024870265486725662,4.0265486725663715e-05,0.16395026548672564,0.09250026548672566,3.0158902654867257,0.6670102654867256,1.0879002654867256,4.0265486725663715e-05,4.0265486725663715e-05,0.21515026548672567,39.88992026548672,0.21499026548672565,1.4012002654867257,4.0265486725663715e-05,0.15984026548672567,0.0017502654867256637,4.0265486725663715e-05,0.14663026548672556,0.20803026548672565,4.0265486725663715e-05,0.03984026548672556,0.03183026548672566,0.003180265486725664,1.111640265486726,0.014850265486725665,4.0265486725663715e-05,0.22799026548672555,0.08575026548672565,4.0265486725663715e-05,4.0265486725663715e-05,0.027670265486725663,0.011020265486725665,4.0265486725663715e-05,4.0265486725663715e-05,0.05070026548672566,0.011020265486725665,0.006460265486725664,4.0265486725663715e-05,0.006360265486725664,4.0265486725663715e-05,0.08022026548672566,4.0265486725663715e-05,0.11533026548672555,4.0265486725663715e-05,0.008330265486725663,4.0265486725663715e-05,4.0265486725663715e-05,0.017350265486725663,0.0056402654867256635,4.0265486725663715e-05,0.14205026548672556,0.20815026548672566,4.0265486725663715e-05,4.0265486725663715e-05,0.4819502654867257,4.0265486725663715e-05,4.0265486725663715e-05,4.0265486725663715e-05,4.0265486725663715e-05,0.03191026548672556,4.0265486725663715e-05,4.0265486725663715e-05,0.11897026548672565,4.0265486725663715e-05,4.0265486725663715e-05,4.0265486725663715e-05,4.0265486725663715e-05,4.0265486725663715e-05,4.0265486725663715e-05,4.0265486725663715e-05,4.0265486725663715e-05,0.03586026548672566,4.0265486725663715e-05,4.0265486725663715e-05,4.0265486725663715e-05,0.007530265486725564,4.0265486725663715e-05,4.0265486725663715e-05,4.0265486725663715e-05,4.0265486725663715e-05,4.0265486725663715e-05,17.375890265486778
37035_7#4,5.761061946902654e-05,5.761061946902654e-05,5.761061946902654e-05,0.05361761061946902,0.18677761061946904,0.03051761061946903,0.9232576106194691,5.595837610619469,0.029637610619469026,3.4886676106194696,5.761061946902654e-05,0.11741761061946893,0.018487610619469026,5.761061946902654e-05,5.761061946902654e-05,5.761061946902654e-05,0.647827610619469,0.006777610619469026,0.05236761061946892,1.024127610619469,0.006317610619469026,5.761061946902654e-05,0.18997761061946902,0.497887610619469,1.532217610619469,0.22535761061946902,1.474287610619469,0.40498761061946903,0.18061761061946893,5.761061946902654e-05,1.228607610619469,0.19351761061946904,0.04196761061946903,0.043477610619469025,0.13117761061946903,0.17137761061946902,0.07726761061946903,0.20209761061946893,0.022807610619469027,0.021177610619469028,0.3556976106194689,7.340887610619469,0.013877610619469027,1.5917276106194689,5.761061946902654e-05,0.626557610619469,0.7505376106194691,5.761061946902654e-05,0.03771761061946902,0.748817610619469,0.024107610619469026,0.10585761061946904,0.253547610619469,0.08750761061946903,0.06825761061946903,0.07889761061946902,0.3902076106194689,5.761061946902654e-05,0.445127610619469,0.22224761061946893,0.0035776106194690266,0.13693761061946902,0.9175276106194691,0.08370761061946903,0.21696761061946904,0.008227610619469028,0.06384761061946903,0.004917610619468926,0.11319761061946892,0.10493761061946903,0.0032676106194690266,0.393177610619469,0.05574761061946902,0.02226761061946903,0.24038761061946903,0.07171761061946903,0.21722761061946902,0.021647610619469026,0.02412761061946903,0.018017610619469028,0.04546761061946902,5.761061946902654e-05,0.010437610619469026,0.6975376106194691,0.016117610619469026,5.761061946902654e-05,0.022917610619469026,0.009137610619469027,0.024307610619468928,0.053997610619469026,5.761061946902654e-05,0.08848761061946903,0.03725761061946902,0.020997610619469028,5.761061946902654e-05,5.761061946902654e-05,6.742207610619468,1.1275476106194688,10.052597610619468,0.23467761061946904,0.260007610619469,0.4496576106194689,0.004787610619469026,0.005187610619469026,5.761061946902654e-05,5.761061946902654e-05,5.761061946902654e-05,0.011167610619468927,0.08442761061946903,0.11521761061946903,0.015657610619469027,0.330177610619469,44.85540761061948
37035_7#5,0.021545221238938053,0.006515221238938053,4.522123893805309e-05,0.011925221238938053,5.038845221238938,0.001245221238937953,0.32899522123893804,7.779015221238938,0.054185221238938056,1.8098652212389381,4.522123893805309e-05,0.0051052212389380534,6.182865221238939,4.522123893805309e-05,0.008785221238938053,4.522123893805309e-05,0.24027522123893807,0.48447522123893805,4.522123893805309e-05,0.4342252212389381,4.522123893805309e-05,4.522123893805309e-05,0.023455221238938055,0.12569522123893806,4.522123893805309e-05,2.595355221238938,2.997065221238938,4.522123893805309e-05,4.522123893805309e-05,0.21643522123893796,1.7744952212389382,0.06071522123893795,4.522123893805309e-05,0.07352522123893805,0.009355221238938052,0.09446522123893805,0.024515221238938054,0.08952522123893805,4.522123893805309e-05,0.0012252212389380532,0.13581522123893805,40.60085522123894,0.808545221238938,4.522123893805309e-05,0.39276522123893803,0.12148522123893794,4.522123893805309e-05,4.522123893805309e-05,0.041855221238938055,0.36437522123893806,4.522123893805309e-05,0.18053522123893806,0.11848522123893794,0.004885221238938054,2.322235221238938,0.006085221238938053,4.522123893805309e-05,0.661615221238938,0.10591522123893805,0.06588522123893804,0.002205221238938053,0.053185221238938055,0.011995221238938052,4.522123893805309e-05,5.175315221238939,1.4702852212389381,0.39754522123893804,4.522123893805309e-05,0.006395221238938054,0.05272522123893805,0.17002522123893807,0.21547522123893806,4.522123893805309e-05,4.522123893805309e-05,4.522123893805309e-05,4.522123893805309e-05,4.522123893805309e-05,4.522123893805309e-05,4.522123893805309e-05,0.15258522123893806,4.522123893805309e-05,0.08496522123893804,0.30637522123893807,4.522123893805309e-05,0.04293522123893805,0.587985221238938,0.002425221238938053,4.522123893805309e-05,4.522123893805309e-05,0.002645221238938053,0.05798522123893805,0.019395221238938054,4.522123893805309e-05,0.06164522123893806,0.024975221238938056,0.022425221238938055,0.04338522123893805,4.522123893805309e-05,4.522123893805309e-05,4.522123893805309e-05,4.522123893805309e-05,0.006745221238938053,0.20004522123893806,0.0014052212389380533,0.010525221238938053,4.522123893805309e-05,0.020595221238938054,0.04479522123893805,4.522123893805309e-05,4.522123893805309e-05,4.522123893805309e-05,4.522123893805309e-05,14.3241652212389
37035_7#6,0.2909527433628319,0.5794127433628318,0.8765127433628318,1.644542743362832,2.793722743362832,1.0631927433628319,0.34542274336283185,31.192462743362835,4.2743362831858404e-05,2.100092743362832,0.01085274336283176,0.0019327433628318583,10.054252743362833,4.2743362831858404e-05,0.09186274336283186,0.12688274336283184,0.44283274336283185,2.4236127433628316,0.13585274336283185,0.23173274336283184,4.2743362831858404e-05,4.2743362831858404e-05,3.263202743362832,4.2743362831858404e-05,0.009422743362831859,4.392612743362832,1.9935627433628318,0.2544327433628318,0.0063927433628318585,4.2743362831858404e-05,0.33953274336283185,0.12132274336283186,4.2743362831858404e-05,0.2821227433628319,0.0019127433628317583,0.3063727433628319,0.08750274336283186,0.07166274336283186,0.0036227433628318586,4.2743362831858404e-05,4.2743362831858404e-05,4.2743362831858404e-05,4.2743362831858404e-05,4.2743362831858404e-05,4.2743362831858404e-05,0.48430274336283186,0.7889827433628318,0.02168274336283186,0.04880274336283186,0.20120274336283184,0.0028027433628318586,4.2743362831858404e-05,0.02390274336283186,0.008242743362831859,4.2743362831858404e-05,0.5654027433628318,4.2743362831858404e-05,0.5686027433628318,0.14725274336283184,0.09301274336283186,0.0039227433628318585,0.17753274336283184,0.15913274336283184,4.2743362831858404e-05,4.2743362831858404e-05,4.2743362831858404e-05,0.04341274336283186,0.005472743362831858,0.004822743362831858,0.02703274336283186,4.2743362831858404e-05,4.2743362831858404e-05,4.2743362831858404e-05,0.21138274336283183,0.01582274336283186,4.2743362831858404e-05,0.15120274336283185,0.03298274336283186,4.2743362831858404e-05,0.12954274336283184,4.2743362831858404e-05,4.2743362831858404e-05,1.0751927433628319,0.006902743362831758,4.2743362831858404e-05,0.022062743362831858,0.6789327433628318,0.04354274336283186,0.02463274336283176,4.2743362831858404e-05,0.24475274336283184,4.2743362831858404e-05,0.020872743362831857,0.18892274336283185,4.2743362831858404e-05,0.006722743362831858,4.2743362831858404e-05,4.2743362831858404e-05,4.2743362831858404e-05,0.006362743362831858,4.2743362831858404e-05,0.01787274336283186,4.2743362831858404e-05,4.2743362831858404e-05,4.2743362831858404e-05,4.2743362831858404e-05,4.2743362831858404e-05,4.2743362831858404e-05,4.2743362831858404e-05,4.2743362831858404e-05,4.2743362831858404e-05,4.2743362831858404e-05,28.205082743362798
37035_7#7,5.079646017699115e-05,5.079646017699115e-05,5.079646017699115e-05,0.10050079646017698,1.400940796460177,5.079646017699115e-05,0.962140796460177,7.301900796460177,5.079646017699115e-05,7.4586507964601765,0.0035307964601769912,0.199360796460177,13.185690796460177,5.079646017699115e-05,0.002500796460176991,0.06412079646017699,1.459710796460177,5.079646017699115e-05,0.10943079646017699,3.439610796460177,0.018430796460176993,5.079646017699115e-05,0.08906079646017688,0.991290796460177,5.079646017699115e-05,3.8127607964601777,1.358080796460177,0.324640796460177,0.04712079646017689,0.011510796460176992,0.640180796460177,0.128510796460177,5.079646017699115e-05,5.079646017699115e-05,5.079646017699115e-05,0.03602079646017689,0.09559079646017699,0.399840796460177,0.05662079646017689,0.004870796460176991,0.14484079646017697,19.16510079646018,5.079646017699115e-05,4.6567307964601765,5.079646017699115e-05,0.45860079646017693,0.20563079646017698,0.011490796460176991,0.40769079646017703,0.41208079646017703,0.018290796460176992,0.015010796460176992,0.186150796460177,0.14343079646017698,0.192560796460177,0.05697079646017699,5.079646017699115e-05,0.8274407964601771,0.445670796460177,1.080650796460177,5.079646017699115e-05,0.11355079646017699,0.020570796460176993,5.079646017699115e-05,1.484130796460177,0.05707079646017689,1.245930796460177,0.22120079646017687,0.02079079646017699,0.029500796460176892,0.13513079646017698,0.007120796460176991,5.079646017699115e-05,0.36051079646017703,5.079646017699115e-05,0.08680079646017698,0.021680796460176992,0.013940796460176992,0.02582079646017699,0.10568079646017699,0.008120796460176992,5.079646017699115e-05,0.06217079646017689,0.08625079646017698,0.06440079646017699,5.102740796460177,0.04290079646017699,5.079646017699115e-05,0.008710796460176992,0.02548079646017699,0.07508079646017699,0.048280796460176995,5.079646017699115e-05,0.009170796460176992,0.01676079646017699,0.012140796460176892,0.13910079646017698,0.260520796460177,5.079646017699115e-05,0.0011907964601769912,0.01654079646017699,0.004300796460176991,5.079646017699115e-05,0.02179079646017699,5.079646017699115e-05,5.079646017699115e-05,5.079646017699115e-05,5.079646017699115e-05,5.079646017699115e-05,5.079646017699115e-05,0.002690796460176991,5.079646017699115e-05,17.90968079646018
37035_7#8,0.012329557522123894,2.6958095575221237,4.95575221238938e-05,0.6511795575221239,3.8187695575221237,4.95575221238938e-05,0.33997955752212394,13.303329557522124,4.95575221238938e-05,0.9699395575221239,0.13938955752212379,0.25876955752212394,15.837989557522125,4.95575221238938e-05,0.1139895575221238,0.09594955752212389,1.2003795575221239,0.7358495575221239,0.05094955752212389,0.5687495575221239,0.7797395575221239,0.021069557522123895,0.2232295575221239,0.0802995575221239,0.0016795575221238937,4.815019557522124,1.6498095575221239,0.11195955752212389,0.026649557522123894,0.016449557522123893,0.1979395575221239,0.012309557522123794,0.040259557522123894,0.04569955752212389,0.07662955752212389,0.11532955752212389,4.95575221238938e-05,4.95575221238938e-05,4.95575221238938e-05,4.95575221238938e-05,0.4766695575221238,24.094899557522123,0.0022695575221238938,1.6852695575221242,0.16881955752212388,1.268579557522124,1.235669557522124,0.5212995575221239,0.07400955752212389,0.0863495575221239,0.49633955752212394,4.95575221238938e-05,4.95575221238938e-05,0.04930955752212389,0.18621955752212388,0.32815955752212395,4.95575221238938e-05,0.20667955752212389,0.04726955752212389,1.626289557522124,0.06780955752212389,0.07201955752212379,0.05421955752212389,0.011899557522123894,4.95575221238938e-05,4.95575221238938e-05,0.013809557522123895,0.1043495575221239,4.95575221238938e-05,4.95575221238938e-05,4.95575221238938e-05,4.95575221238938e-05,0.5401595575221239,0.13787955752212389,0.10857955752212389,4.95575221238938e-05,0.024149557522123895,0.023809557522123895,4.95575221238938e-05,0.023889557522123895,0.03899955752212389,0.006679557522123894,0.03701955752212389,0.08896955752212389,4.95575221238938e-05,0.7071795575221239,0.11366955752212389,0.009489557522123894,4.95575221238938e-05,4.95575221238938e-05,0.12097955752212389,0.03469955752212389,0.03219955752212389,4.95575221238938e-05,0.010939557522123894,4.95575221238938e-05,0.026849557522123795,0.39741955752212393,4.95575221238938e-05,4.95575221238938e-05,4.95575221238938e-05,0.29372955752212393,4.95575221238938e-05,4.95575221238938e-05,4.95575221238938e-05,4.95575221238938e-05,0.016659557522123895,4.95575221238938e-05,0.03674955752212389,0.07816955752212389,0.03638955752212389,4.95575221238938e-05,15.167469557522093
37035_7#9,4.893805309734513e-05,2.0853089380530974,0.016548938053097244,0.31409893805309724,0.36591893805309733,4.893805309734513e-05,1.3017589380530974,14.545228938053096,4.893805309734513e-05,3.6251689380530974,0.11161893805309735,0.19159893805309736,3.8019389380530972,4.893805309734513e-05,4.893805309734513e-05,0.36764893805309734,1.5591289380530975,4.893805309734513e-05,0.020658938053097344,1.5065189380530974,0.030708938053097344,4.893805309734513e-05,0.36894893805309725,10.850238938053097,4.893805309734513e-05,0.18021893805309736,0.6674689380530973,0.9290289380530974,0.09566893805309734,4.893805309734513e-05,0.04277893805309734,1.1616389380530974,4.893805309734513e-05,0.09458893805309734,4.893805309734513e-05,4.893805309734513e-05,0.028738938053097345,3.6778189380530977,0.055158938053097246,4.893805309734513e-05,0.17167893805309734,19.417158938053095,1.4983589380530973,0.7912689380530973,0.0014889380530973453,3.3566989380530976,1.7299489380530975,1.1338389380530975,0.08862893805309735,0.030888938053097344,0.19266893805309734,0.42688893805309736,0.09877893805309734,0.07261893805309734,1.9113289380530976,0.41082893805309734,0.8037389380530974,0.08352893805309734,0.22119893805309723,0.05525893805309724,4.893805309734513e-05,0.10295893805309735,0.24577893805309733,0.13463893805309735,0.5654189380530973,0.11652893805309734,1.1387089380530975,0.15213893805309733,4.893805309734513e-05,0.028208938053097345,4.893805309734513e-05,0.022828938053097343,0.09285893805309724,0.3427589380530973,4.893805309734513e-05,0.027318938053097243,0.029758938053097345,0.018098938053097244,0.018518938053097345,0.010278938053097346,0.22948893805309734,4.893805309734513e-05,4.893805309734513e-05,0.05700893805309734,0.039278938053097345,0.16778893805309733,0.011518938053097345,0.008058938053097346,0.16901893805309734,4.893805309734513e-05,0.40594893805309734,4.893805309734513e-05,0.003678938053097345,4.893805309734513e-05,0.002228938053097345,4.893805309734513e-05,4.893805309734513e-05,0.3694589380530973,4.893805309734513e-05,0.018528938053097344,4.893805309734513e-05,0.009258938053097346,4.893805309734513e-05,4.893805309734513e-05,4.893805309734513e-05,0.09817893805309734,0.021208938053097343,4.893805309734513e-05,4.893805309734513e-05,4.893805309734513e-05,4.893805309734513e-05,4.893805309734513e-05,14.847928938053107
37082_1#10,0.2785521238938053,11.957402123893806,0.3047021238938053,1.2398721238938053,2.1717821238938053,0.33015212389380527,1.2237521238938054,1.2900221238938052,4.212389380530973e-05,5.709642123893805,0.02133212389380531,1.2301621238938052,6.216592123893805,0.2777821238938053,0.030232123893805307,0.03828212389380531,1.7633121238938052,0.2913821238938053,0.2868521238938053,2.7805521238938056,0.1867921238938053,0.12304212389380531,1.7410621238938055,0.1388121238938053,0.9758521238938053,2.5238621238938057,0.4520221238938053,0.039072123893805315,0.1289721238938053,0.02190212389380531,4.212389380530973e-05,0.2178221238938053,0.5716621238938052,0.1319821238938053,0.04604212389380531,0.04567212389380531,4.212389380530973e-05,4.212389380530973e-05,0.02131212389380531,0.02371212389380531,0.05696212389380531,0.3554821238938053,4.212389380530973e-05,4.212389380530973e-05,0.1097021238938053,0.6368921238938052,3.8177121238938057,4.212389380530973e-05,0.01349212389380521,0.3350521238938053,0.018462123893805308,4.212389380530973e-05,4.212389380530973e-05,0.11339212389380532,4.212389380530973e-05,0.04739212389380531,4.212389380530973e-05,4.212389380530973e-05,4.212389380530973e-05,1.8749321238938053,4.212389380530973e-05,4.212389380530973e-05,3.3113121238938055,4.212389380530973e-05,4.212389380530973e-05,4.212389380530973e-05,0.02923212389380531,0.04011212389380521,4.212389380530973e-05,4.212389380530973e-05,4.212389380530973e-05,4.212389380530973e-05,4.212389380530973e-05,0.00788212389380521,4.212389380530973e-05,4.212389380530973e-05,4.212389380530973e-05,4.212389380530973e-05,0.017182123893805308,4.212389380530973e-05,4.212389380530973e-05,4.212389380530973e-05,0.13098212389380529,0.056352123893805214,4.212389380530973e-05,4.212389380530973e-05,4.212389380530973e-05,4.212389380530973e-05,4.212389380530973e-05,2.1621921238938056,0.2649221238938053,4.212389380530973e-05,4.212389380530973e-05,4.212389380530973e-05,4.212389380530973e-05,4.212389380530973e-05,4.405462123893805,4.212389380530973e-05,0.01521212389380531,0.05450212389380521,4.212389380530973e-05,0.2274121238938053,0.8281921238938054,4.212389380530973e-05,0.024162123893805308,4.212389380530973e-05,0.6516521238938053,0.09079212389380531,4.212389380530973e-05,0.01086212389380531,0.10309212389380532,1.1290421238938053,34.22612212389382
37082_1#11,6.371032920353982,5.592272920353982,2.010022920353982,0.3378129203539823,0.6753029203539823,2.2920353982300887e-05,1.0070629203539823,0.8869929203539823,2.2920353982300887e-05,21.132492920353982,0.3241429203539823,2.2920353982300887e-05,0.0481029203539823,2.4097329203539823,2.2920353982300887e-05,0.26024292035398233,0.6455929203539823,2.2920353982300887e-05,2.2920353982300887e-05,3.8849229203539823,0.0665629203539823,0.2469729203539823,0.0802829203539823,0.4440429203539823,0.18918292035398232,2.9169929203539824,0.1356129203539823,2.2920353982300887e-05,0.3001929203539823,2.2920353982300887e-05,2.2920353982300887e-05,2.2920353982300887e-05,2.0221329203539824,2.2920353982300887e-05,0.14069292035398231,0.1718429203539823,2.2920353982300887e-05,2.2920353982300887e-05,0.14058292035398232,2.2920353982300887e-05,2.2920353982300887e-05,0.046912920353982306,2.2920353982300887e-05,2.2920353982300887e-05,2.2920353982300887e-05,2.2920353982300887e-05,2.2920353982300887e-05,2.2920353982300887e-05,0.1676329203539823,0.0007329203539823009,2.2920353982300887e-05,2.2920353982300887e-05,2.2920353982300887e-05,2.2920353982300887e-05,0.0145129203539823,2.2920353982300887e-05,2.2920353982300887e-05,2.2920353982300887e-05,2.2920353982300887e-05,2.2920353982300887e-05,2.2920353982300887e-05,2.2920353982300887e-05,2.2920353982300887e-05,2.2920353982300887e-05,2.2920353982300887e-05,2.2920353982300887e-05,0.00033292035398220087,2.2920353982300887e-05,2.2920353982300887e-05,2.2920353982300887e-05,2.2920353982300887e-05,2.2920353982300887e-05,2.2920353982300887e-05,2.2920353982300887e-05,2.2920353982300887e-05,2.2920353982300887e-05,2.2920353982300887e-05,2.2920353982300887e-05,2.2920353982300887e-05,2.2920353982300887e-05,2.2920353982300887e-05,0.0792029203539823,0.0234829203539823,2.2920353982300887e-05,2.2920353982300887e-05,2.2920353982300887e-05,2.2920353982300887e-05,2.2920353982300887e-05,2.2920353982300887e-05,2.2920353982300887e-05,2.2920353982300887e-05,2.2920353982300887e-05,2.2920353982300887e-05,0.0570029203539823,2.2920353982300887e-05,2.2920353982300887e-05,2.2920353982300887e-05,0.0214129203539823,2.2920353982300887e-05,2.2920353982300887e-05,2.2920353982300887e-05,2.2920353982300887e-05,2.2920353982300887e-05,2.2920353982300887e-05,22.936432920353983,2.2920353982300887e-05,2.2920353982300887e-05,2.2920353982300887e-05,2.2920353982300887e-05,2.2920353982300887e-05,2.2920353982300887e-05,2.2920353982300887e-05,24.209772920353988
37082_1#12,9.756451592920353,1.438091592920354,8.665591592920354,1.248231592920354,1.3595315929203542,3.15929203539823e-05,0.588291592920354,8.407681592920353,3.15929203539823e-05,13.457011592920354,0.031801592920353984,0.3614315929203539,6.446571592920353,6.727661592920353,3.15929203539823e-05,0.05644159292035388,0.31960159292035395,0.024251592920353983,0.49367159292035395,2.122071592920354,0.3270815929203539,2.601651592920354,1.5286415929203538,3.15929203539823e-05,1.531841592920354,1.125051592920354,0.783351592920354,0.016671592920353983,0.11919159292035389,0.05101159292035398,1.122281592920354,1.139531592920354,3.15929203539823e-05,0.20559159292035398,0.553851592920354,0.896401592920354,3.15929203539823e-05,3.15929203539823e-05,0.004931592920353982,3.15929203539823e-05,3.15929203539823e-05,3.15929203539823e-05,3.15929203539823e-05,3.15929203539823e-05,0.06396159292035399,3.15929203539823e-05,3.15929203539823e-05,0.021471592920353885,0.08143159292035398,1.622981592920354,3.15929203539823e-05,3.15929203539823e-05,3.15929203539823e-05,0.05825159292035388,3.15929203539823e-05,0.553351592920354,3.15929203539823e-05,3.15929203539823e-05,3.15929203539823e-05,0.7979115929203541,0.012011592920353982,3.15929203539823e-05,1.355761592920354,3.15929203539823e-05,3.15929203539823e-05,3.15929203539823e-05,3.15929203539823e-05,3.15929203539823e-05,3.15929203539823e-05,3.15929203539823e-05,3.15929203539823e-05,3.15929203539823e-05,3.15929203539823e-05,3.15929203539823e-05,0.08044159292035398,3.15929203539823e-05,0.12268159292035398,3.15929203539823e-05,3.15929203539823e-05,3.15929203539823e-05,3.15929203539823e-05,0.04553159292035398,0.009481592920353983,0.377191592920354,3.15929203539823e-05,3.15929203539823e-05,0.08118159292035398,3.15929203539823e-05,3.15929203539823e-05,3.15929203539823e-05,3.15929203539823e-05,3.15929203539823e-05,3.15929203539823e-05,3.15929203539823e-05,3.15929203539823e-05,3.15929203539823e-05,3.15929203539823e-05,3.15929203539823e-05,3.15929203539823e-05,3.15929203539823e-05,3.15929203539823e-05,0.26648159292035395,3.15929203539823e-05,0.08146159292035399,0.8987315929203541,3.15929203539823e-05,3.15929203539823e-05,3.15929203539823e-05,3.15929203539823e-05,3.15929203539823e-05,3.15929203539823e-05,3.15929203539823e-05,19.956251592920356
37082_1#13,1.6723164601769913,2.663236460176991,2.414286460176991,0.37409646017699116,1.6442564601769911,0.3090564601769912,0.46739646017699116,6.219106460176992,0.03515646017699115,9.853566460176992,0.05377646017699115,0.05347646017699115,8.404826460176992,0.8849964601769912,4.646017699115044e-05,0.34131646017699113,1.0370164601769911,4.646017699115044e-05,0.022116460176991152,0.7087264601769911,0.33337646017699113,0.15460646017699115,0.20452646017699116,0.028246460176991152,0.02717646017699115,6.461646460176991,3.074236460176991,0.11966646017699116,0.02034646017699115,0.5255164601769912,0.11293646017699105,0.14202646017699116,0.0024264601769911505,0.7376664601769911,0.4383864601769912,0.6137664601769911,4.646017699115044e-05,0.00451646017699115,4.646017699115044e-05,4.646017699115044e-05,4.646017699115044e-05,4.646017699115044e-05,4.646017699115044e-05,4.646017699115044e-05,3.657206460176991,0.4910064601769912,4.646017699115044e-05,4.646017699115044e-05,0.16203646017699105,1.7992564601769911,0.08263646017699115,0.01319646017699105,4.646017699115044e-05,0.11187646017699115,4.646017699115044e-05,0.29304646017699115,6.762946460176991,0.11123646017699115,4.646017699115044e-05,0.43366646017699106,0.04788646017699115,0.01216646017699115,3.5478164601769913,0.01176646017699115,4.646017699115044e-05,1.1685964601769911,4.646017699115044e-05,4.646017699115044e-05,4.646017699115044e-05,4.646017699115044e-05,0.21865646017699117,4.646017699115044e-05,4.646017699115044e-05,4.646017699115044e-05,0.13811646017699117,4.646017699115044e-05,0.15559646017699116,4.646017699115044e-05,0.0017364601769911505,4.646017699115044e-05,4.646017699115044e-05,0.059406460176991145,0.00630646017699115,0.5341964601769912,4.646017699115044e-05,12.884606460176991,0.21663646017699115,0.01278646017699115,4.646017699115044e-05,0.01840646017699115,4.646017699115044e-05,4.646017699115044e-05,4.646017699115044e-05,4.646017699115044e-05,4.646017699115044e-05,0.04554646017699115,0.19913646017699116,4.646017699115044e-05,0.05629646017699115,4.646017699115044e-05,0.12307646017699116,0.12988646017699115,4.646017699115044e-05,0.45013646017699116,0.38208646017699116,0.19830646017699116,0.00548646017699115,0.08953646017699116,0.9645064601769912,4.646017699115044e-05,4.646017699115044e-05,0.27522646017699115,13.96641646017697
37082_1#14,0.03622893805309734,2.2749289380530975,0.014598938053097345,0.24558893805309734,5.386188938053097,0.07845893805309734,0.32520893805309736,2.2020489380530974,0.7876689380530973,29.612038938053097,0.028168938053097243,0.4013189380530973,0.21427893805309733,0.050408938053097346,4.893805309734513e-05,0.23889893805309734,0.39816893805309733,0.25181893805309735,0.06863893805309734,0.17164893805309733,0.13588893805309735,4.893805309734513e-05,1.9826689380530975,0.0062789380530973455,4.893805309734513e-05,1.0399789380530975,0.7435489380530973,0.015658938053097343,0.012508938053097345,0.025548938053097343,0.04929893805309724,0.8132189380530973,0.007968938053097346,0.019818938053097344,0.004228938053097346,0.027578938053097343,4.893805309734513e-05,4.893805309734513e-05,0.04635893805309734,0.004508938053097246,4.893805309734513e-05,4.893805309734513e-05,2.052768938053098,4.893805309734513e-05,0.048278938053097346,0.6068689380530973,1.6010589380530973,4.893805309734513e-05,0.03846893805309724,0.16494893805309735,0.019828938053097343,4.893805309734513e-05,0.39369893805309725,0.030438938053097345,4.893805309734513e-05,0.026108938053097344,5.059988938053097,1.3294489380530976,4.893805309734513e-05,0.07425893805309734,4.893805309734513e-05,0.062028938053097345,0.4337389380530973,4.893805309734513e-05,4.893805309734513e-05,0.5029989380530974,0.020998938053097344,4.893805309734513e-05,4.893805309734513e-05,0.27628893805309734,4.893805309734513e-05,0.9845689380530973,0.014538938053097345,4.893805309734513e-05,4.893805309734513e-05,4.893805309734513e-05,0.35399893805309735,4.893805309734513e-05,0.0005789380530973451,0.06734893805309734,4.893805309734513e-05,0.002558938053097345,0.09808893805309735,0.12318893805309725,4.893805309734513e-05,4.577508938053097,1.6721989380530975,4.893805309734513e-05,0.014368938053097345,0.021868938053097343,0.03155893805309734,4.893805309734513e-05,0.002348938053097345,0.048548938053097346,4.893805309734513e-05,0.014608938053097346,4.893805309734513e-05,4.893805309734513e-05,0.028318938053097244,0.30979893805309733,0.03933893805309734,0.15136893805309734,4.893805309734513e-05,0.03319893805309734,4.893805309734513e-05,4.893805309734513e-05,0.46908893805309737,0.024278938053097342,4.893805309734513e-05,0.012218938053097345,4.893805309734513e-05,0.029878938053097343,30.409368938053085
37082_1#15,1.1066564601769913,0.8835964601769912,0.9726264601769912,0.30929646017699114,5.0966464601769905,0.16191646017699116,0.12167646017699116,18.58821646017699,0.042186460176991146,15.155296460176992,4.646017699115044e-05,0.043046460176991146,6.0095364601769905,2.499776460176991,4.646017699115044e-05,4.646017699115044e-05,0.2986264601769912,0.17370646017699115,0.039536460176991146,0.37213646017699115,0.4277864601769912,0.49623646017699113,0.5150764601769912,0.00620646017699105,1.9081064601769913,4.280106460176992,0.20183646017699106,0.01009646017699115,4.646017699115044e-05,0.00410646017699115,0.26069646017699116,0.16380646017699116,4.646017699115044e-05,0.26716646017699114,0.04351646017699105,0.45172646017699114,4.646017699115044e-05,4.646017699115044e-05,4.646017699115044e-05,4.646017699115044e-05,4.646017699115044e-05,3.3939464601769904,4.646017699115044e-05,4.646017699115044e-05,3.213466460176991,4.646017699115044e-05,0.9452264601769912,4.646017699115044e-05,0.11556646017699115,1.4165764601769912,0.01266646017699115,3.062346460176991,0.6497164601769911,0.11687646017699116,4.646017699115044e-05,0.15274646017699114,0.01205646017699115,4.646017699115044e-05,4.646017699115044e-05,1.2665264601769912,0.01299646017699105,0.01361646017699115,1.825576460176991,4.646017699115044e-05,4.646017699115044e-05,4.646017699115044e-05,0.020236460176991152,4.646017699115044e-05,4.646017699115044e-05,0.02435646017699115,0.37651646017699114,4.646017699115044e-05,4.646017699115044e-05,4.646017699115044e-05,0.17813646017699106,4.646017699115044e-05,0.00825646017699115,0.07086646017699115,0.0033264601769911507,0.22812646017699115,4.646017699115044e-05,0.008346460176991151,0.043116460176991146,1.8859064601769913,4.646017699115044e-05,4.646017699115044e-05,0.9995764601769912,4.646017699115044e-05,4.646017699115044e-05,2.078016460176991,0.05525646017699105,0.07431646017699116,0.03775646017699115,4.646017699115044e-05,4.646017699115044e-05,1.2235164601769912,0.12930646017699116,4.646017699115044e-05,0.00989646017699115,0.47919646017699113,0.03870646017699115,0.006246460176991151,0.00625646017699115,0.042526460176991146,4.646017699115044e-05,4.646017699115044e-05,2.367686460176991,4.646017699115044e-05,0.6305464601769911,0.16715646017699115,0.0065464601769911505,4.646017699115044e-05,11.677676460177008
37082_1#16,0.0031134513274336285,1.1988634513274337,0.01797345132743353,0.18116345132743364,4.748773451327433,0.5907534513274335,0.25606345132743363,8.223763451327434,3.3451327433628316e-05,8.700193451327433,0.03222345132743362,0.16376345132743364,36.04687345132743,0.017203451327433627,3.3451327433628316e-05,0.13231345132743363,0.17140345132743365,3.3451327433628316e-05,0.037493451327433626,0.13820345132743364,0.01808345132743353,0.0019334513274336283,0.9499234513274336,0.41273345132743355,0.30030345132743363,1.4331334513274336,1.6464734513274335,0.14767345132743354,0.004573451327433629,0.0015934513274336282,3.3451327433628316e-05,0.4970534513274336,3.3451327433628316e-05,0.12475345132743362,3.3451327433628316e-05,1.1610634513274336,0.7467834513274335,0.044003451327433524,3.3451327433628316e-05,3.3451327433628316e-05,3.3451327433628316e-05,7.414263451327433,3.3451327433628316e-05,3.3451327433628316e-05,0.9533434513274336,0.3791634513274336,3.3451327433628316e-05,3.3451327433628316e-05,0.12005345132743363,0.08927345132743363,0.010553451327433629,3.3451327433628316e-05,3.3451327433628316e-05,0.03602345132743363,3.3451327433628316e-05,0.19857345132743354,1.3665734513274337,3.3451327433628316e-05,3.3451327433628316e-05,0.8725434513274335,3.3451327433628316e-05,3.3451327433628316e-05,3.3451327433628316e-05,3.3451327433628316e-05,3.3451327433628316e-05,3.3451327433628316e-05,0.09125345132743362,3.3451327433628316e-05,0.0034234513274336285,3.3451327433628316e-05,0.04063345132743362,3.3451327433628316e-05,3.3451327433628316e-05,3.3451327433628316e-05,3.3451327433628316e-05,3.3451327433628316e-05,0.13237345132743364,3.3451327433628316e-05,3.3451327433628316e-05,3.3451327433628316e-05,3.3451327433628316e-05,0.27799345132743364,0.04131345132743362,0.025543451327433627,3.3451327433628316e-05,3.3451327433628316e-05,3.3451327433628316e-05,3.3451327433628316e-05,3.3451327433628316e-05,3.3451327433628316e-05,3.3451327433628316e-05,3.3451327433628316e-05,3.3451327433628316e-05,3.3451327433628316e-05,3.3451327433628316e-05,0.07878345132743363,3.3451327433628316e-05,3.3451327433628316e-05,3.3451327433628316e-05,3.3451327433628316e-05,3.3451327433628316e-05,3.3451327433628316e-05,0.0015234513274336283,3.3451327433628316e-05,0.01361345132743363,3.3451327433628316e-05,3.3451327433628316e-05,3.3451327433628316e-05,3.3451327433628316e-05,0.004043451327433528,3.3451327433628316e-05,3.3451327433628316e-05,19.69694345132745
37082_1#17,1.0328926548672566,0.5835326548672567,0.5254326548672567,0.10493265486725664,2.2931026548672566,0.15677265486725664,0.27287265486725665,7.121682654867256,0.027792654867256638,4.965522654867256,0.06331265486725664,0.20217265486725663,1.9090426548672565,0.6235926548672567,0.39542265486725664,0.21776265486725663,0.7390126548672566,1.6051826548672565,0.09886265486725664,1.1372326548672567,0.31417265486725665,0.35941265486725665,0.37443265486725663,0.23638265486725663,0.031162654867256636,1.6327126548672566,1.4814026548672568,0.09022265486725664,0.04510265486725664,0.09472265486725653,0.3103726548672566,0.010872654867256637,5.2654867256637166e-05,1.1828926548672565,0.12326265486725664,0.022302654867256636,5.2654867256637166e-05,5.2654867256637166e-05,5.2654867256637166e-05,5.2654867256637166e-05,5.2654867256637166e-05,4.927312654867257,5.2654867256637166e-05,5.2654867256637166e-05,5.2654867256637166e-05,5.2654867256637166e-05,5.2654867256637166e-05,5.2654867256637166e-05,0.15759265486725663,1.8338226548672565,0.07438265486725663,0.7359526548672567,0.5004026548672567,0.21358265486725664,0.3609726548672566,0.32337265486725664,0.7220926548672567,5.2654867256637166e-05,0.023212654867256637,5.2654867256637166e-05,5.2654867256637166e-05,0.20360265486725662,5.126892654867256,5.2654867256637166e-05,5.2654867256637166e-05,0.9622326548672567,5.2654867256637166e-05,0.03490265486725664,5.2654867256637166e-05,0.12009265486725663,0.16118265486725664,0.009132654867256637,0.5475426548672567,0.025042654867256636,0.5632826548672567,5.2654867256637166e-05,0.19726265486725653,0.10089265486725664,0.00044265486725653715,5.2654867256637166e-05,5.2654867256637166e-05,0.14305265486725663,0.11123265486725664,0.6493726548672566,5.2654867256637166e-05,0.8339226548672567,0.5678926548672567,0.006142654867256637,5.2654867256637166e-05,1.4333726548672565,0.011862654867256637,5.2654867256637166e-05,0.013702654867256636,5.2654867256637166e-05,5.2654867256637166e-05,0.017202654867256636,1.0371526548672565,5.2654867256637166e-05,0.6017926548672567,0.8532826548672566,0.12025265486725664,0.004782654867256637,0.06589265486725664,0.03658265486725664,0.03545265486725664,0.31933265486725665,1.0713026548672566,0.04293265486725664,0.5790426548672567,0.009842654867256537,0.007972654867256637,0.32803265486725663,42.786352654867265
37082_1#18,0.4656947787610619,1.9538447787610618,0.37041477876106194,2.323654778761062,6.316314778761062,0.588364778761062,0.16551477876106185,23.805404778761062,0.4410947787610619,24.49659477876106,0.07648477876106195,1.7425347787610619,8.69207477876106,2.4778761061946895e-05,0.4169747787610619,0.3440347787610619,0.15647477876106194,2.4778761061946895e-05,2.4778761061946895e-05,1.518134778761062,2.4778761061946895e-05,0.06676477876106195,0.27872477876106183,2.4778761061946895e-05,0.30881477876106184,2.4778761061946895e-05,0.6207447787610619,0.02005477876106195,0.012164778761061847,2.4778761061946895e-05,0.3344147787610619,0.5251447787610619,2.4778761061946895e-05,2.4778761061946895e-05,0.008864778761061946,0.29355477876106195,0.003804778761061947,2.4778761061946895e-05,2.4778761061946895e-05,2.4778761061946895e-05,2.4778761061946895e-05,1.6087447787610618,0.811924778761062,2.4778761061946895e-05,3.142924778761062,2.4778761061946895e-05,2.4778761061946895e-05,2.4778761061946895e-05,2.4778761061946895e-05,0.18633477876106194,0.11717477876106196,2.4778761061946895e-05,2.4778761061946895e-05,0.23301477876106194,2.4778761061946895e-05,2.4778761061946895e-05,9.018254778761062,2.4778761061946895e-05,2.4778761061946895e-05,2.4778761061946895e-05,2.4778761061946895e-05,2.4778761061946895e-05,2.4778761061946895e-05,0.04336477876106194,2.4778761061946895e-05,2.4778761061946895e-05,2.4778761061946895e-05,2.4778761061946895e-05,2.4778761061946895e-05,2.4778761061946895e-05,2.4778761061946895e-05,2.4778761061946895e-05,2.4778761061946895e-05,0.06253477876106195,2.4778761061946895e-05,2.4778761061946895e-05,2.4778761061946895e-05,2.4778761061946895e-05,2.4778761061946895e-05,2.4778761061946895e-05,2.4778761061946895e-05,0.043014778761061946,2.4778761061946895e-05,2.4778761061946895e-05,2.4778761061946895e-05,2.4778761061946895e-05,2.4778761061946895e-05,2.4778761061946895e-05,2.4778761061946895e-05,0.005094778761061946,2.4778761061946895e-05,2.4778761061946895e-05,2.4778761061946895e-05,2.4778761061946895e-05,2.4778761061946895e-05,2.4778761061946895e-05,2.4778761061946895e-05,2.4778761061946895e-05,2.4778761061946895e-05,2.4778761061946895e-05,2.4778761061946895e-05,2.4778761061946895e-05,2.4778761061946895e-05,2.4778761061946895e-05,2.4778761061946895e-05,2.4778761061946895e-05,2.4778761061946895e-05,2.4778761061946895e-05,2.4778761061946895e-05,2.4778761061946895e-05,2.4778761061946895e-05,2.4778761061946895e-05,8.379144778761116
37082_1#19,0.21638398230088496,0.443533982300885,0.12607398230088496,0.38494398230088495,0.9932739823008849,0.034743982300884955,0.42507398230088494,6.066473982300884,4.3982300884955745e-05,0.663003982300885,0.19376398230088496,0.17950398230088496,7.7909939823008845,0.48307398230088494,0.18922398230088497,0.5700239823008849,0.9878339823008849,0.09268398230088495,1.039063982300885,0.5635539823008849,1.1456139823008848,0.0072839823008849554,0.026653982300884956,0.07283398230088495,0.32772398230088495,1.9614739823008849,0.5419439823008849,0.03156398230088495,0.021143982300884857,0.774413982300885,3.4447939823008844,0.25517398230088495,0.06516398230088495,0.22389398230088486,0.48286398230088495,1.5854739823008848,0.007883982300884855,4.3982300884955745e-05,4.3982300884955745e-05,4.3982300884955745e-05,0.688473982300885,35.780483982300886,0.31869398230088497,4.3982300884955745e-05,4.755013982300885,0.564833982300885,4.3982300884955745e-05,0.005383982300884956,0.012313982300884955,1.0520239823008848,4.3982300884955745e-05,4.3982300884955745e-05,4.3982300884955745e-05,1.0056239823008848,2.518263982300885,0.008343982300884956,0.370553982300885,0.015753982300884956,4.3982300884955745e-05,1.1665239823008848,0.030383982300884956,4.3982300884955745e-05,0.0025639823008849556,0.022873982300884957,4.3982300884955745e-05,0.25389398230088495,4.3982300884955745e-05,0.006443982300884956,4.3982300884955745e-05,0.005583982300884956,2.111343982300885,4.3982300884955745e-05,4.3982300884955745e-05,4.3982300884955745e-05,4.3982300884955745e-05,4.3982300884955745e-05,0.06748398230088495,0.009583982300884855,4.3982300884955745e-05,4.3982300884955745e-05,4.3982300884955745e-05,0.542173982300885,4.3982300884955745e-05,0.11132398230088496,4.3982300884955745e-05,4.3982300884955745e-05,0.009673982300884955,4.3982300884955745e-05,4.3982300884955745e-05,4.3982300884955745e-05,4.3982300884955745e-05,4.3982300884955745e-05,4.3982300884955745e-05,4.3982300884955745e-05,4.3982300884955745e-05,4.3982300884955745e-05,4.3982300884955745e-05,4.3982300884955745e-05,0.022523982300884957,4.3982300884955745e-05,0.07714398230088496,0.17761398230088496,0.297663982300885,0.04481398230088495,0.08292398230088495,0.050443982300884954,1.5324139823008849,4.3982300884955745e-05,4.3982300884955745e-05,4.3982300884955745e-05,4.3982300884955745e-05,4.3982300884955745e-05,13.857873982300937
37082_1#20,1.6742539823008848,1.0097639823008848,1.9384739823008847,1.474443982300885,2.800073982300885,0.40758398230088494,0.657753982300885,4.412173982300885,0.07871398230088496,6.3438739823008845,0.16978398230088496,0.37619398230088497,11.403133982300885,1.041163982300885,4.3982300884955745e-05,0.04959398230088495,0.6800939823008849,0.24354398230088486,0.13521398230088497,1.7112039823008849,0.06718398230088496,0.14531398230088496,2.635753982300885,4.3982300884955745e-05,0.034083982300884955,10.635833982300884,3.7978139823008847,0.255533982300885,0.021393982300884858,0.40884398230088487,0.006083982300884956,1.004633982300885,4.3982300884955745e-05,0.15635398230088496,0.008293982300884954,0.680283982300885,4.3982300884955745e-05,4.3982300884955745e-05,4.3982300884955745e-05,0.0008639823008849557,0.016823982300884957,0.061823982300884955,1.0254239823008848,4.3982300884955745e-05,4.3982300884955745e-05,4.3982300884955745e-05,6.099243982300885,4.3982300884955745e-05,0.10224398230088495,0.47906398230088487,0.01960398230088496,4.3982300884955745e-05,4.3982300884955745e-05,0.18284398230088497,4.3982300884955745e-05,0.370153982300885,4.3982300884955745e-05,4.3982300884955745e-05,4.3982300884955745e-05,14.331763982300885,0.3774439823008849,0.05980398230088485,0.2867439823008849,4.3982300884955745e-05,4.3982300884955745e-05,0.17856398230088497,4.3982300884955745e-05,4.3982300884955745e-05,4.3982300884955745e-05,4.3982300884955745e-05,1.9269839823008847,4.3982300884955745e-05,4.3982300884955745e-05,4.3982300884955745e-05,0.21387398230088497,4.3982300884955745e-05,0.06034398230088495,4.3982300884955745e-05,0.0049839823008849555,0.04635398230088495,4.3982300884955745e-05,0.022013982300884957,0.19342398230088498,0.377483982300885,4.3982300884955745e-05,4.3982300884955745e-05,2.377813982300885,4.3982300884955745e-05,4.3982300884955745e-05,0.582133982300885,4.3982300884955745e-05,4.3982300884955745e-05,0.010043982300884956,4.3982300884955745e-05,0.020483982300884957,0.25863398230088497,0.10294398230088496,4.3982300884955745e-05,4.3982300884955745e-05,0.07303398230088495,0.13207398230088496,0.9548239823008849,4.3982300884955745e-05,0.07299398230088495,0.13752398230088497,0.03629398230088495,4.3982300884955745e-05,4.3982300884955745e-05,0.0049039823008848555,0.011273982300884954,4.3982300884955745e-05,4.3982300884955745e-05,12.32086398230086
37082_1#21,3.957787876106195,2.708027876106195,13.593257876106193,0.24656787610619468,1.9058378761061947,0.2794178761061947,2.6426178761061947,10.623487876106195,2.7876106194690264e-05,1.7442878761061946,0.1268778761061947,0.11908787610619469,11.730477876106194,3.110177876106195,0.00979787610619469,0.6540978761061946,1.7916778761061947,2.7876106194690264e-05,2.7876106194690264e-05,3.516207876106195,2.7876106194690264e-05,1.7515978761061948,0.4874278761061946,0.3062278761061947,0.04165787610619469,1.9821878761061946,0.7747878761061947,0.5959878761061947,0.6420778761061947,0.9473378761061947,0.008027876106194692,0.43088787610619467,0.041577876106194685,2.7876106194690264e-05,0.22463787610619468,0.3226778761061947,0.00878787610619469,0.07566787610619469,2.7876106194690264e-05,2.7876106194690264e-05,2.7876106194690264e-05,7.052087876106195,2.7876106194690264e-05,2.303707876106195,2.7876106194690264e-05,2.7876106194690264e-05,2.7876106194690264e-05,2.7876106194690264e-05,2.7876106194690264e-05,1.8343178761061947,2.7876106194690264e-05,2.7876106194690264e-05,2.7876106194690264e-05,1.0281878761061947,2.7876106194690264e-05,2.7876106194690264e-05,5.784787876106195,2.7876106194690264e-05,2.7876106194690264e-05,2.7876106194690264e-05,0.7990078761061947,2.7876106194690264e-05,0.8891678761061947,2.7876106194690264e-05,2.7876106194690264e-05,2.7876106194690264e-05,2.7876106194690264e-05,2.7876106194690264e-05,2.7876106194690264e-05,2.7876106194690264e-05,2.7876106194690264e-05,2.7876106194690264e-05,2.7876106194690264e-05,0.01582787610619469,2.7876106194690264e-05,2.7876106194690264e-05,0.12241787610619459,2.7876106194690264e-05,2.7876106194690264e-05,2.7876106194690264e-05,2.7876106194690264e-05,0.09536787610619468,2.7876106194690264e-05,2.7876106194690264e-05,2.7876106194690264e-05,2.7876106194690264e-05,2.7876106194690264e-05,2.7876106194690264e-05,2.7876106194690264e-05,2.7876106194690264e-05,2.7876106194690264e-05,2.7876106194690264e-05,2.7876106194690264e-05,2.7876106194690264e-05,2.7876106194690264e-05,2.7876106194690264e-05,2.7876106194690264e-05,2.7876106194690264e-05,2.7876106194690264e-05,2.7876106194690264e-05,2.7876106194690264e-05,2.7876106194690264e-05,2.7876106194690264e-05,2.7876106194690264e-05,0.07668787610619458,2.7876106194690264e-05,2.7876106194690264e-05,2.7876106194690264e-05,2.7876106194690264e-05,2.7876106194690264e-05,2.7876106194690264e-05,2.7876106194690264e-05,12.59528787610618
37082_1#22,0.5740584955752213,6.165888495575222,0.19211849557522123,0.6338584955752212,1.9876284955752213,0.25257849557522116,0.7176184955752213,0.40138849557522127,2.849557522123893e-05,23.759888495575222,0.14031849557522114,5.725688495575222,25.379888495575223,0.33349849557522127,2.849557522123893e-05,2.228188495575221,1.3332984955752212,2.849557522123893e-05,0.4739384955752213,1.9143584955752213,2.849557522123893e-05,0.0018484955752211389,0.21333849557522122,0.03794849557522114,0.03994849557522124,1.0236284955752213,0.07425849557522124,0.02564849557522114,0.10886849557522113,0.18441849557522114,2.849557522123893e-05,1.4120484955752213,0.07766849557522124,2.849557522123893e-05,0.01468849557522124,0.000508495575221239,2.849557522123893e-05,2.849557522123893e-05,0.018218495575221236,0.003668495575221239,2.849557522123893e-05,2.849557522123893e-05,2.849557522123893e-05,2.849557522123893e-05,2.849557522123893e-05,2.849557522123893e-05,2.849557522123893e-05,2.849557522123893e-05,0.008068495575221239,0.07019849557522123,0.006178495575221239,2.849557522123893e-05,2.849557522123893e-05,0.018958495575221238,2.849557522123893e-05,0.08394849557522123,17.802208495575222,2.849557522123893e-05,2.849557522123893e-05,0.19992849557522124,0.18602849557522125,2.849557522123893e-05,2.849557522123893e-05,2.849557522123893e-05,2.849557522123893e-05,2.849557522123893e-05,0.032258495575221244,2.849557522123893e-05,2.849557522123893e-05,2.849557522123893e-05,2.849557522123893e-05,2.849557522123893e-05,2.849557522123893e-05,2.849557522123893e-05,2.849557522123893e-05,2.849557522123893e-05,0.3848584955752213,2.849557522123893e-05,2.849557522123893e-05,2.849557522123893e-05,2.849557522123893e-05,2.849557522123893e-05,0.26881849557522125,2.849557522123893e-05,2.849557522123893e-05,2.849557522123893e-05,0.01279849557522124,2.849557522123893e-05,2.849557522123893e-05,2.849557522123893e-05,2.849557522123893e-05,2.849557522123893e-05,2.849557522123893e-05,2.849557522123893e-05,2.849557522123893e-05,2.849557522123893e-05,2.849557522123893e-05,2.849557522123893e-05,2.849557522123893e-05,2.849557522123893e-05,2.849557522123893e-05,2.849557522123893e-05,2.849557522123893e-05,2.849557522123893e-05,0.07111849557522124,2.849557522123893e-05,2.849557522123893e-05,2.849557522123893e-05,2.849557522123893e-05,2.849557522123893e-05,2.849557522123893e-05,2.849557522123893e-05,5.401808495575217
37082_1#23,3.022459115044248,2.8746591150442478,4.636379115044247,1.5736791150442477,0.6530191150442479,0.4432591150442478,1.0251791150442477,4.354719115044247,2.9115044247787605e-05,11.50556911504425,0.10858911504424767,0.4502491150442477,37.42218911504425,0.5431191150442479,2.9115044247787605e-05,0.45731911504424777,0.35045911504424776,2.9115044247787605e-05,0.9164091150442478,0.46751911504424776,0.10901911504424767,0.16527911504424778,2.745629115044248,0.1949591150442478,0.5592091150442479,1.9540791150442478,0.6435091150442478,0.05520911504424779,0.016579115044247788,0.03208911504424779,2.9115044247787605e-05,0.6134691150442478,0.007839115044247787,0.23115911504424777,0.8996791150442479,0.8720491150442478,0.012929115044247687,0.00039911504424778763,0.010189115044247786,2.9115044247787605e-05,0.01992911504424769,2.9115044247787605e-05,2.9115044247787605e-05,2.9115044247787605e-05,2.9115044247787605e-05,0.13733911504424778,2.9115044247787605e-05,2.9115044247787605e-05,2.9115044247787605e-05,2.9115044247787605e-05,0.07712911504424778,2.9115044247787605e-05,2.9115044247787605e-05,0.09827911504424779,2.9115044247787605e-05,2.9115044247787605e-05,2.9115044247787605e-05,2.9115044247787605e-05,2.9115044247787605e-05,2.9115044247787605e-05,2.9115044247787605e-05,2.9115044247787605e-05,2.9115044247787605e-05,2.9115044247787605e-05,2.9115044247787605e-05,2.9115044247787605e-05,0.037159115044247785,0.04607911504424779,2.9115044247787605e-05,2.9115044247787605e-05,2.9115044247787605e-05,2.9115044247787605e-05,2.9115044247787605e-05,2.9115044247787605e-05,2.9115044247787605e-05,2.9115044247787605e-05,0.11037911504424779,2.9115044247787605e-05,2.9115044247787605e-05,2.9115044247787605e-05,2.9115044247787605e-05,0.10236911504424769,2.9115044247787605e-05,2.9115044247787605e-05,2.9115044247787605e-05,2.9115044247787605e-05,2.9115044247787605e-05,2.9115044247787605e-05,2.9115044247787605e-05,2.9115044247787605e-05,2.9115044247787605e-05,2.9115044247787605e-05,2.9115044247787605e-05,2.9115044247787605e-05,2.9115044247787605e-05,1.4395591150442477,2.9115044247787605e-05,2.9115044247787605e-05,2.9115044247787605e-05,2.9115044247787605e-05,2.9115044247787605e-05,0.0037291150442477876,2.9115044247787605e-05,2.9115044247787605e-05,0.3614391150442478,2.9115044247787605e-05,2.9115044247787605e-05,2.9115044247787605e-05,2.9115044247787605e-05,2.9115044247787605e-05,2.9115044247787605e-05,2.9115044247787605e-05,17.636639115044243
37082_1#24,0.06890654867256638,3.0390365486725663,0.08565654867256638,1.0719965486725662,1.9272065486725665,0.9955365486725664,0.49003654867256635,2.993766548672566,3.654867256637168e-05,37.251546548672565,0.10687654867256627,0.16102654867256627,6.558206548672566,0.08649654867256637,3.654867256637168e-05,0.10054654867256628,0.9077765486725664,3.654867256637168e-05,0.7711265486725665,0.6722865486725664,3.654867256637168e-05,0.02866654867256637,0.3192665486725663,0.5596065486725663,0.12313654867256638,5.363716548672566,0.9821865486725664,0.010816548672566371,0.02568654867256637,0.004196548672566271,0.07671654867256637,1.4390065486725665,0.01427654867256637,3.654867256637168e-05,0.0014765486725663718,3.654867256637168e-05,0.002306548672566372,3.654867256637168e-05,3.654867256637168e-05,3.654867256637168e-05,3.654867256637168e-05,1.3353965486725663,3.654867256637168e-05,3.654867256637168e-05,0.6065965486725664,3.654867256637168e-05,8.215846548672566,3.654867256637168e-05,0.06990654867256638,0.23362654867256627,0.45998654867256633,3.654867256637168e-05,3.654867256637168e-05,0.30673654867256633,3.654867256637168e-05,0.23849654867256637,0.8121565486725664,3.654867256637168e-05,0.01646654867256637,0.46306654867256636,0.01529654867256637,3.654867256637168e-05,0.0023565486725662717,3.654867256637168e-05,3.654867256637168e-05,3.654867256637168e-05,3.654867256637168e-05,3.654867256637168e-05,3.654867256637168e-05,3.654867256637168e-05,3.748856548672566,3.654867256637168e-05,3.654867256637168e-05,3.654867256637168e-05,0.16572654867256637,3.654867256637168e-05,0.06050654867256637,0.01902654867256637,3.654867256637168e-05,3.654867256637168e-05,3.654867256637168e-05,0.44372654867256633,3.654867256637168e-05,3.654867256637168e-05,3.654867256637168e-05,3.654867256637168e-05,3.654867256637168e-05,3.654867256637168e-05,3.654867256637168e-05,3.654867256637168e-05,0.11159654867256637,3.654867256637168e-05,0.0036165486725663718,3.654867256637168e-05,3.654867256637168e-05,0.01312654867256637,3.654867256637168e-05,3.654867256637168e-05,3.654867256637168e-05,0.14930654867256637,3.654867256637168e-05,0.044296548672566376,3.654867256637168e-05,0.0005265486725663717,3.654867256637168e-05,0.01943654867256627,0.01955654867256637,3.654867256637168e-05,3.654867256637168e-05,3.654867256637168e-05,0.05850654867256627,3.654867256637168e-05,16.12518654867256
37082_1#25,5.346802123893806,3.2882221238938056,4.230222123893805,0.5224321238938053,0.8129721238938052,0.8950121238938052,0.1879421238938053,13.832712123893804,4.212389380530973e-05,0.8291021238938052,0.1614321238938053,0.06016212389380531,0.9714821238938053,3.1116221238938055,4.212389380530973e-05,0.05254212389380531,0.2857021238938053,0.4012521238938053,0.1437821238938053,0.3451521238938053,0.07805212389380531,0.7377821238938054,0.4217221238938053,0.043692123893805314,4.212389380530973e-05,4.315342123893805,1.4168821238938052,0.2381821238938052,0.02269212389380521,0.4087021238938053,0.0946021238938052,0.2964621238938053,4.212389380530973e-05,0.08799212389380531,0.2524221238938053,0.6527721238938053,0.3314221238938053,0.04110212389380531,4.212389380530973e-05,0.0012621238938053097,4.212389380530973e-05,37.580492123893805,4.212389380530973e-05,4.212389380530973e-05,4.212389380530973e-05,4.212389380530973e-05,4.212389380530973e-05,4.212389380530973e-05,0.0946021238938052,0.8807621238938053,4.212389380530973e-05,4.212389380530973e-05,0.01200212389380521,0.07653212389380531,4.212389380530973e-05,0.2188921238938052,4.212389380530973e-05,4.212389380530973e-05,4.212389380530973e-05,0.3035021238938053,0.1635721238938053,0.02394212389380521,0.08875212389380531,0.02516212389380531,4.212389380530973e-05,4.212389380530973e-05,0.02097212389380531,4.212389380530973e-05,4.212389380530973e-05,4.212389380530973e-05,4.212389380530973e-05,4.212389380530973e-05,4.212389380530973e-05,4.212389380530973e-05,0.05078212389380531,4.212389380530973e-05,0.07125212389380531,4.212389380530973e-05,4.212389380530973e-05,0.0722221238938053,4.212389380530973e-05,0.2837321238938053,0.09090212389380531,0.027262123893805307,4.212389380530973e-05,4.212389380530973e-05,0.09276212389380531,4.212389380530973e-05,4.212389380530973e-05,0.1484721238938053,0.05106212389380521,4.212389380530973e-05,0.02250212389380531,4.212389380530973e-05,0.0016521238938053098,0.1554021238938052,4.212389380530973e-05,4.212389380530973e-05,4.212389380530973e-05,0.01003212389380531,0.0016521238938053098,4.212389380530973e-05,4.212389380530973e-05,0.22473212389380529,0.1323321238938052,0.8128121238938053,0.8747221238938053,4.212389380530973e-05,0.024192123893805307,0.04590212389380531,4.212389380530973e-05,4.212389380530973e-05,12.394902123893814
37082_1#26,2.8273922123893804,2.3561922123893804,1.4782422123893804,1.0276822123893805,0.49374221238938054,0.06472221238938053,0.9083122123893805,4.243522212389381,0.43049221238938057,18.330882212389383,0.01676221238938053,0.19320221238938054,7.93212221238938,3.2574222123893803,3.2212389380530975e-05,0.35094221238938056,0.5845722123893806,0.0019122123893805308,0.7308922123893805,1.1726022123893804,3.2212389380530975e-05,0.2552122123893805,3.2212389380530975e-05,0.03035221238938043,3.2212389380530975e-05,1.1736522123893804,0.8662822123893806,0.006482212389380531,0.08310221238938043,0.12065221238938054,1.0274922123893804,0.07489221238938053,0.01377221238938053,0.27774221238938057,0.05702221238938053,1.7659022123893806,3.2212389380530975e-05,3.2212389380530975e-05,0.0013222123893804308,3.2212389380530975e-05,3.2212389380530975e-05,3.2212389380530975e-05,3.2212389380530975e-05,3.2212389380530975e-05,0.12720221238938054,3.2212389380530975e-05,3.2212389380530975e-05,3.2212389380530975e-05,0.08293221238938053,0.07403221238938053,0.02069221238938053,3.2212389380530975e-05,3.2212389380530975e-05,1.0038322123893806,3.2212389380530975e-05,3.2212389380530975e-05,3.2212389380530975e-05,3.2212389380530975e-05,3.2212389380530975e-05,0.27424221238938057,0.05119221238938053,3.2212389380530975e-05,3.2212389380530975e-05,3.2212389380530975e-05,3.2212389380530975e-05,3.2212389380530975e-05,3.2212389380530975e-05,0.08073221238938053,3.2212389380530975e-05,3.2212389380530975e-05,3.2212389380530975e-05,3.2212389380530975e-05,3.2212389380530975e-05,0.07558221238938054,3.2212389380530975e-05,3.2212389380530975e-05,0.14880221238938054,3.2212389380530975e-05,3.2212389380530975e-05,3.2212389380530975e-05,3.2212389380530975e-05,3.2212389380530975e-05,0.02236221238938053,5.472242212389381,3.2212389380530975e-05,3.2212389380530975e-05,3.2212389380530975e-05,3.2212389380530975e-05,3.2212389380530975e-05,11.650572212389381,3.2212389380530975e-05,3.2212389380530975e-05,3.2212389380530975e-05,3.2212389380530975e-05,3.2212389380530975e-05,3.2212389380530975e-05,3.2212389380530975e-05,3.2212389380530975e-05,3.2212389380530975e-05,3.2212389380530975e-05,3.2212389380530975e-05,0.48707221238938053,3.2212389380530975e-05,3.2212389380530975e-05,0.3256522123893805,2.2549822123893803,0.8735722123893805,3.2212389380530975e-05,3.2212389380530975e-05,3.2212389380530975e-05,3.2212389380530975e-05,4.62666221238938,20.19018221238937
37082_1#27,0.8290133628318584,0.3065833628318584,2.1550333628318588,0.7824833628318585,5.261923362831858,0.21966336283185842,0.4808633628318584,22.19884336283186,0.038463362831858305,18.47332336283186,0.033013362831858406,0.2279533628318584,4.0973833628318586,0.5294433628318584,0.006423362831858407,0.1009933628318584,1.3499433628318582,0.0694033628318583,0.07957336283185841,0.3403833628318584,0.7861333628318585,0.37561336283185837,0.1243433628318584,0.06869336283185841,4.336283185840708e-05,1.7038233628318584,1.3675433628318585,0.05493336283185841,0.03834336283185841,0.10578336283185831,0.2687433628318584,0.7604033628318585,4.336283185840708e-05,0.05217336283185841,0.6466033628318585,0.0824633628318584,4.336283185840708e-05,4.336283185840708e-05,4.336283185840708e-05,4.336283185840708e-05,4.336283185840708e-05,4.596123362831858,4.336283185840708e-05,4.336283185840708e-05,0.9737533628318584,0.9873733628318585,4.336283185840708e-05,4.336283185840708e-05,0.04247336283185841,1.0292533628318583,0.17126336283185842,4.336283185840708e-05,4.336283185840708e-05,0.13003336283185832,4.336283185840708e-05,0.2043133628318584,4.336283185840708e-05,0.005303362831858407,0.006653362831858307,0.7675233628318584,0.0543733628318584,0.040603362831858406,1.1413133628318584,4.336283185840708e-05,4.336283185840708e-05,0.4216733628318584,4.336283185840708e-05,4.336283185840708e-05,4.336283185840708e-05,0.0618733628318584,4.485243362831858,4.336283185840708e-05,4.336283185840708e-05,0.0496133628318584,4.336283185840708e-05,4.336283185840708e-05,0.023733362831858406,4.336283185840708e-05,4.336283185840708e-05,4.336283185840708e-05,4.336283185840708e-05,0.10073336283185841,0.08788336283185841,4.336283185840708e-05,0.019023362831858407,4.336283185840708e-05,4.336283185840708e-05,4.336283185840708e-05,4.336283185840708e-05,0.1204633628318584,4.336283185840708e-05,4.336283185840708e-05,4.336283185840708e-05,0.003643362831858407,4.336283185840708e-05,0.7263433628318584,0.0521533628318584,4.336283185840708e-05,4.336283185840708e-05,0.0513133628318584,0.5757033628318584,0.19449336283185842,0.5676033628318584,4.336283185840708e-05,0.1025033628318584,4.336283185840708e-05,2.8986233628318585,0.0004533628318583071,0.2871333628318583,4.336283185840708e-05,0.003283362831858407,4.336283185840708e-05,14.997983362831889
37082_1#28,1.35092407079646,0.9857840707964602,3.7710040707964603,0.6457040707964602,9.60104407079646,0.7618740707964603,1.24704407079646,9.82240407079646,3.407079646017699e-05,3.31157407079646,0.07315407079646007,0.2041840707964602,26.37718407079646,1.0601740707964602,0.04333407079646018,0.27062407079646017,0.14616407079646018,2.18896407079646,0.12360407079646017,2.27383407079646,0.07093407079646018,0.33654407079646015,0.03476407079646018,0.017714070796460174,0.021304070796460177,0.8498440707964602,1.53662407079646,0.09089407079646017,0.012704070796460177,0.06756407079646017,0.4915440707964602,0.49983407079646014,3.407079646017699e-05,0.24601407079646018,0.012214070796460178,0.9953540707964602,0.000294070796460177,3.407079646017699e-05,3.407079646017699e-05,3.407079646017699e-05,3.407079646017699e-05,0.30206407079646014,0.0058140707964601775,0.08030407079646017,3.407079646017699e-05,3.407079646017699e-05,0.06491407079646017,3.407079646017699e-05,0.007784070796460178,0.08304407079646017,3.407079646017699e-05,3.407079646017699e-05,0.003244070796460177,0.1798440707964601,3.407079646017699e-05,3.407079646017699e-05,0.25237407079646007,3.407079646017699e-05,3.407079646017699e-05,0.20632407079646017,0.03262407079646018,3.407079646017699e-05,0.031634070796460176,3.407079646017699e-05,3.407079646017699e-05,3.407079646017699e-05,3.407079646017699e-05,3.407079646017699e-05,3.407079646017699e-05,3.407079646017699e-05,25.698274070796458,3.407079646017699e-05,3.407079646017699e-05,0.028414070796460175,3.407079646017699e-05,3.407079646017699e-05,0.025154070796460176,3.407079646017699e-05,3.407079646017699e-05,3.407079646017699e-05,3.407079646017699e-05,3.407079646017699e-05,0.000424070796460077,3.407079646017699e-05,3.407079646017699e-05,3.407079646017699e-05,0.018144070796460177,3.407079646017699e-05,3.407079646017699e-05,3.407079646017699e-05,3.407079646017699e-05,3.407079646017699e-05,3.407079646017699e-05,3.407079646017699e-05,3.407079646017699e-05,3.407079646017699e-05,3.407079646017699e-05,3.407079646017699e-05,3.407079646017699e-05,3.407079646017699e-05,3.407079646017699e-05,0.009944070796460177,3.407079646017699e-05,3.407079646017699e-05,0.006964070796460078,3.407079646017699e-05,3.407079646017699e-05,3.407079646017699e-05,3.407079646017699e-05,3.407079646017699e-05,3.407079646017699e-05,3.407079646017699e-05,3.4180140707964672
37082_1#29,0.028017610619469027,5.761061946902654e-05,0.035707610619469025,0.6158076106194691,17.00706761061947,0.11087761061946903,2.623767610619469,5.773177610619469,0.652077610619469,2.8860676106194694,0.05227761061946892,1.9083576106194688,10.489857610619469,5.761061946902654e-05,5.761061946902654e-05,1.249807610619469,3.5346776106194695,1.468547610619469,0.08763761061946904,2.350707610619469,0.6514976106194691,0.03670761061946892,0.269137610619469,0.005287610619469026,0.21833761061946902,2.997607610619469,3.785427610619469,0.20623761061946902,0.20500761061946893,0.05796761061946902,0.22453761061946903,0.357717610619469,0.07745761061946903,0.13781761061946904,0.15757761061946904,0.06312761061946903,5.761061946902654e-05,0.013207610619468927,5.761061946902654e-05,0.017987610619469026,5.761061946902654e-05,1.206697610619469,0.17996761061946903,0.500037610619469,0.15456761061946903,2.424037610619469,0.06759761061946903,0.10252761061946904,0.312627610619469,0.8717376106194691,0.7510476106194691,5.761061946902654e-05,0.17751761061946902,0.06848761061946904,0.276497610619469,0.6132776106194691,5.761061946902654e-05,5.761061946902654e-05,5.761061946902654e-05,0.255597610619469,0.010617610619469028,0.024157610619469028,0.03929761061946902,0.07191761061946902,5.761061946902654e-05,5.761061946902654e-05,0.007257610619469027,5.761061946902654e-05,0.004957610619469026,5.761061946902654e-05,10.189387610619468,5.761061946902654e-05,0.03183761061946903,0.04122761061946902,0.0024876106194690268,0.023257610619469026,0.817567610619469,0.10670761061946903,0.030477610619468926,0.265377610619469,5.761061946902654e-05,0.039557610619469025,0.15134761061946903,0.392447610619469,5.761061946902654e-05,0.24109761061946902,0.013437610619469027,0.0017076106194690265,5.761061946902654e-05,0.14580761061946904,0.06636761061946903,0.05351761061946892,0.281397610619469,5.761061946902654e-05,0.07703761061946902,0.21838761061946904,0.22694761061946903,0.14846761061946903,0.020597610619469027,0.06889761061946903,0.05956761061946892,0.3780076106194689,0.018887610619469027,0.06086761061946902,0.009027610619469027,5.761061946902654e-05,2.641327610619469,0.0033276106194689266,0.054647610619469024,0.03349761061946902,0.023097610619469026,0.0007976106194690266,14.58292761061942
37082_1#30,3.793831592920354,0.012581592920353981,7.085391592920354,1.296381592920354,2.137341592920354,1.389901592920354,1.103701592920354,10.545141592920354,3.15929203539823e-05,11.755041592920353,0.07813159292035399,3.15929203539823e-05,7.381611592920353,3.15929203539823e-05,0.013021592920353882,0.16781159292035397,0.913671592920354,3.15929203539823e-05,5.584391592920354,2.234111592920354,0.978601592920354,1.453261592920354,2.323121592920354,0.592351592920354,1.910611592920354,1.906341592920354,2.802441592920354,0.048071592920353984,0.04297159292035398,0.05259159292035388,3.502891592920354,0.22377159292035387,3.15929203539823e-05,0.816311592920354,0.06194159292035389,3.15929203539823e-05,0.05756159292035398,0.0034715929203539826,0.013251592920353982,3.15929203539823e-05,3.15929203539823e-05,4.2153815929203535,3.15929203539823e-05,3.15929203539823e-05,3.15929203539823e-05,3.15929203539823e-05,3.15929203539823e-05,3.15929203539823e-05,0.09043159292035398,0.010471592920353982,3.15929203539823e-05,3.15929203539823e-05,3.15929203539823e-05,0.794951592920354,3.15929203539823e-05,0.304601592920354,3.15929203539823e-05,3.15929203539823e-05,3.15929203539823e-05,1.821551592920354,3.15929203539823e-05,3.15929203539823e-05,3.15929203539823e-05,3.15929203539823e-05,3.15929203539823e-05,3.15929203539823e-05,0.004031592920353982,3.15929203539823e-05,3.15929203539823e-05,3.15929203539823e-05,0.880351592920354,3.15929203539823e-05,0.939121592920354,3.15929203539823e-05,3.15929203539823e-05,3.15929203539823e-05,0.264361592920354,3.15929203539823e-05,3.15929203539823e-05,3.15929203539823e-05,3.15929203539823e-05,0.06642159292035399,0.33732159292035396,3.674511592920354,3.15929203539823e-05,3.15929203539823e-05,3.15929203539823e-05,3.15929203539823e-05,3.15929203539823e-05,2.6116515929203543,3.15929203539823e-05,3.15929203539823e-05,3.15929203539823e-05,3.15929203539823e-05,3.15929203539823e-05,3.15929203539823e-05,3.15929203539823e-05,3.15929203539823e-05,3.15929203539823e-05,3.15929203539823e-05,0.7350415929203541,0.05210159292035398,3.15929203539823e-05,3.15929203539823e-05,3.15929203539823e-05,3.15929203539823e-05,1.7225215929203541,3.15929203539823e-05,3.15929203539823e-05,3.15929203539823e-05,3.15929203539823e-05,3.15929203539823e-05,9.19158159292037
37082_1#31,5.660985309734513,0.36096530973451324,9.430865309734513,2.946285309734513,0.36803530973451326,1.0751353097345135,3.131515309734513,4.610905309734513,0.17674530973451327,13.358845309734512,1.1029353097345134,0.04410530973451327,0.14924530973451328,0.9930553097345133,3.530973451327433e-05,2.838265309734513,1.9201553097345134,0.009085309734513275,0.10276530973451328,11.182625309734513,0.07338530973451328,0.45695530973451315,0.32462530973451326,3.530973451327433e-05,0.03445530973451327,2.852115309734513,0.5268753097345132,0.31797530973451327,0.44754530973451323,0.26449530973451324,1.3496453097345134,2.0961153097345133,0.12167530973451318,0.30445530973451324,0.014995309734513275,0.11518530973451328,3.530973451327433e-05,3.530973451327433e-05,3.530973451327433e-05,3.530973451327433e-05,3.530973451327433e-05,3.530973451327433e-05,0.8346753097345133,3.530973451327433e-05,0.060365309734513276,3.530973451327433e-05,3.530973451327433e-05,3.530973451327433e-05,0.24754530973451327,0.7296853097345133,0.17187530973451318,3.530973451327433e-05,0.03950530973451327,3.530973451327433e-05,3.530973451327433e-05,2.222575309734513,3.774965309734513,0.013955309734513276,3.530973451327433e-05,0.005435309734513274,0.021475309734513174,3.530973451327433e-05,0.06743530973451328,3.530973451327433e-05,3.530973451327433e-05,0.5862553097345132,3.530973451327433e-05,3.530973451327433e-05,3.530973451327433e-05,3.530973451327433e-05,3.530973451327433e-05,0.09167530973451328,3.530973451327433e-05,3.530973451327433e-05,3.530973451327433e-05,3.530973451327433e-05,0.11674530973451328,3.530973451327433e-05,3.530973451327433e-05,3.530973451327433e-05,3.530973451327433e-05,0.08739530973451327,0.018675309734513274,3.530973451327433e-05,3.530973451327433e-05,3.530973451327433e-05,3.530973451327433e-05,3.530973451327433e-05,3.530973451327433e-05,3.530973451327433e-05,3.530973451327433e-05,3.530973451327433e-05,3.530973451327433e-05,3.530973451327433e-05,3.530973451327433e-05,0.014045309734513275,3.530973451327433e-05,3.530973451327433e-05,3.530973451327433e-05,3.530973451327433e-05,3.530973451327433e-05,0.0014053097345132744,3.530973451327433e-05,0.0025653097345132744,0.35137530973451325,0.08772530973451328,3.530973451327433e-05,3.530973451327433e-05,3.530973451327433e-05,3.530973451327433e-05,3.530973451327433e-05,3.530973451327433e-05,21.68764530973448
37082_1#32,3.377362654867257,1.6440026548672566,5.015032654867256,1.0961026548672566,0.8321926548672567,0.029462654867256636,1.4786026548672566,3.4546426548672566,0.49217265486725653,3.131672654867257,0.3509326548672566,0.31809265486725663,1.5324126548672565,2.6444826548672564,5.2654867256637166e-05,0.43544265486725664,2.1375526548672568,1.5535326548672566,0.07507265486725664,1.2220126548672565,0.2771726548672566,0.6313626548672567,1.2793926548672565,5.2654867256637166e-05,1.1306626548672565,4.871742654867257,0.23506265486725664,0.07624265486725663,0.14105265486725663,0.12326265486725664,0.5614426548672568,0.10095265486725664,5.2654867256637166e-05,0.017062654867256638,0.43617265486725654,0.20582265486725662,5.2654867256637166e-05,5.2654867256637166e-05,5.2654867256637166e-05,0.004442654867256638,5.2654867256637166e-05,4.4808626548672565,5.2654867256637166e-05,0.5956026548672566,5.2654867256637166e-05,0.33720265486725653,5.2654867256637166e-05,5.2654867256637166e-05,0.10672265486725664,1.8189326548672566,0.007332654867256637,5.2654867256637166e-05,5.2654867256637166e-05,0.18009265486725662,0.6649926548672567,0.19906265486725663,0.015052654867256536,5.2654867256637166e-05,0.020082654867256636,0.31782265486725664,0.3413926548672566,5.2654867256637166e-05,2.7934426548672566,0.12070265486725663,5.2654867256637166e-05,1.0628226548672566,5.2654867256637166e-05,0.07084265486725665,0.003572654867256637,5.2654867256637166e-05,3.0458726548672566,0.24373265486725662,0.0037026548672566373,0.030472654867256536,0.8658626548672566,5.2654867256637166e-05,0.7845526548672567,5.2654867256637166e-05,0.013012654867256637,5.2654867256637166e-05,5.2654867256637166e-05,0.020432654867256636,0.17962265486725662,0.2823326548672566,0.08746265486725664,5.2654867256637166e-05,0.3711826548672566,0.14535265486725663,5.2654867256637166e-05,5.376162654867257,0.10282265486725664,5.2654867256637166e-05,0.17528265486725664,5.2654867256637166e-05,0.024732654867256638,5.509882654867257,1.7337826548672566,5.2654867256637166e-05,1.2518326548672565,5.2654867256637166e-05,0.16181265486725663,0.12573265486725663,0.3125826548672566,0.0017926548672566372,0.013702654867256636,0.9495826548672567,2.5232026548672564,0.04179265486725664,0.4326426548672566,0.05492265486725654,0.03522265486725664,1.0622926548672567,19.985982654867218
37082_1#9,0.7418941592920353,8.258324159292036,1.3319441592920354,3.8917541592920353,5.406534159292035,0.4416641592920354,5.749804159292036,20.206054159292034,2.4159292035398228e-05,9.264214159292036,3.9729041592920353,0.36970415929203543,9.379724159292037,0.2500641592920354,2.4159292035398228e-05,0.7211541592920353,1.4521141592920352,2.4159292035398228e-05,1.9519841592920353,2.5200041592920353,2.4159292035398228e-05,0.1802141592920354,2.4159292035398228e-05,0.1319941592920354,0.0004941592920353982,3.7368541592920352,1.9401441592920354,0.3477041592920354,0.1579641592920353,0.0011741592920353982,1.4243641592920353,1.1206241592920354,0.030564159292035396,4.459814159292035,0.004344159292035398,2.629204159292035,3.4331941592920354,0.8601741592920354,2.4159292035398228e-05,2.4159292035398228e-05,2.4159292035398228e-05,0.010524159292035398,2.4159292035398228e-05,2.4159292035398228e-05,2.4159292035398228e-05,2.4159292035398228e-05,2.4159292035398228e-05,2.4159292035398228e-05,1.7007441592920356,2.4159292035398228e-05,2.4159292035398228e-05,2.4159292035398228e-05,0.0268341592920354,2.4159292035398228e-05,2.4159292035398228e-05,2.4159292035398228e-05,2.4159292035398228e-05,2.4159292035398228e-05,2.4159292035398228e-05,2.4159292035398228e-05,2.4159292035398228e-05,2.4159292035398228e-05,2.4159292035398228e-05,2.4159292035398228e-05,2.4159292035398228e-05,2.4159292035398228e-05,0.1233241592920354,2.4159292035398228e-05,2.4159292035398228e-05,2.4159292035398228e-05,2.4159292035398228e-05,2.4159292035398228e-05,2.4159292035398228e-05,2.4159292035398228e-05,2.4159292035398228e-05,2.4159292035398228e-05,2.4159292035398228e-05,2.4159292035398228e-05,2.4159292035398228e-05,2.4159292035398228e-05,2.4159292035398228e-05,0.1801741592920354,2.4159292035398228e-05,2.4159292035398228e-05,2.4159292035398228e-05,2.4159292035398228e-05,2.4159292035398228e-05,2.4159292035398228e-05,2.4159292035398228e-05,2.4159292035398228e-05,2.4159292035398228e-05,2.4159292035398228e-05,2.4159292035398228e-05,2.4159292035398228e-05,2.4159292035398228e-05,2.4159292035398228e-05,2.4159292035398228e-05,2.4159292035398228e-05,2.4159292035398228e-05,2.4159292035398228e-05,2.4159292035398228e-05,2.4159292035398228e-05,2.4159292035398228e-05,2.4159292035398228e-05,2.4159292035398228e-05,2.4159292035398228e-05,2.4159292035398228e-05,2.4159292035398228e-05,2.4159292035398228e-05,2.4159292035398228e-05,2.4159292035398228e-05,2.4159292035398228e-05,1.587944159291998
37082_2#10,1.9823008849557517e-05,2.4353398230088494,1.9823008849557517e-05,0.8814598230088496,17.14244982300885,0.5369598230088496,3.8914698230088494,1.5615298230088495,1.9823008849557517e-05,31.09475982300885,0.7515498230088496,1.9823008849557517e-05,5.65527982300885,1.9823008849557517e-05,1.9823008849557517e-05,2.4205698230088495,3.54453982300885,0.026019823008849557,1.9823008849557517e-05,1.2026798230088496,1.9823008849557517e-05,1.9823008849557517e-05,3.48047982300885,1.9823008849557517e-05,1.9823008849557517e-05,0.16315982300884954,1.3773798230088494,0.08801982300884956,0.7697598230088496,1.9823008849557517e-05,0.09928982300884956,0.8144698230088496,0.23567982300884954,0.23332982300884955,1.9823008849557517e-05,1.9823008849557517e-05,1.9823008849557517e-05,1.9823008849557517e-05,1.9823008849557517e-05,1.9823008849557517e-05,1.9823008849557517e-05,1.9823008849557517e-05,1.9823008849557517e-05,1.9823008849557517e-05,1.9823008849557517e-05,1.9823008849557517e-05,1.9823008849557517e-05,1.9823008849557517e-05,1.9823008849557517e-05,0.05835982300884955,1.9823008849557517e-05,1.9823008849557517e-05,1.9823008849557517e-05,1.9823008849557517e-05,1.9823008849557517e-05,1.9823008849557517e-05,1.9823008849557517e-05,1.9823008849557517e-05,1.9823008849557517e-05,1.9823008849557517e-05,0.005449823008849557,1.9823008849557517e-05,0.011869823008849558,1.9823008849557517e-05,1.9823008849557517e-05,1.9823008849557517e-05,1.9823008849557517e-05,1.9823008849557517e-05,1.9823008849557517e-05,1.9823008849557517e-05,12.88423982300885,1.9823008849557517e-05,1.9823008849557517e-05,1.9823008849557517e-05,0.10778982300884957,1.9823008849557517e-05,0.043819823008849554,1.9823008849557517e-05,0.0008898230088495575,1.9823008849557517e-05,1.9823008849557517e-05,1.9823008849557517e-05,0.07486982300884956,1.9823008849557517e-05,1.9823008849557517e-05,1.9823008849557517e-05,1.9823008849557517e-05,1.9823008849557517e-05,1.9823008849557517e-05,0.8725598230088496,1.9823008849557517e-05,1.9823008849557517e-05,1.9823008849557517e-05,1.9823008849557517e-05,1.9823008849557517e-05,1.9823008849557517e-05,1.9823008849557517e-05,1.9823008849557517e-05,1.9823008849557517e-05,1.9823008849557517e-05,1.9823008849557517e-05,1.9823008849557517e-05,1.9823008849557517e-05,1.9823008849557517e-05,1.9823008849557517e-05,1.9823008849557517e-05,1.9823008849557517e-05,1.9823008849557517e-05,1.9823008849557517e-05,1.9823008849557517e-05,1.9823008849557517e-05,1.9823008849557517e-05,7.532369823008819
37082_2#11,1.2863971681415929,0.46307716814159294,2.020777168141593,0.6389471681415929,4.088747168141593,0.03465716814159292,8.576747168141592,2.294197168141593,3.716814159292035e-05,13.292657168141593,0.6009071681415928,3.716814159292035e-05,10.475137168141593,2.369737168141593,3.716814159292035e-05,0.5143171681415929,0.995837168141593,3.716814159292035e-05,0.06891716814159292,2.0011571681415927,0.33185716814159294,0.3616871681415929,1.415247168141593,0.19194716814159282,0.03820716814159282,6.712667168141593,0.44574716814159293,0.4451271681415929,1.348697168141593,0.18379716814159291,0.18683716814159293,0.3555771681415929,0.3516571681415929,3.716814159292035e-05,0.10423716814159292,0.07989716814159292,3.716814159292035e-05,3.716814159292035e-05,3.716814159292035e-05,3.716814159292035e-05,0.15816716814159293,1.272067168141593,0.7067471681415929,3.716814159292035e-05,3.716814159292035e-05,4.388037168141593,3.716814159292035e-05,3.716814159292035e-05,0.6673571681415928,1.062437168141593,3.716814159292035e-05,3.716814159292035e-05,0.00601716814159292,0.4746071681415928,3.716814159292035e-05,0.20372716814159292,4.828047168141593,0.049197168141592924,3.716814159292035e-05,0.5951571681415929,0.09091716814159292,3.716814159292035e-05,0.550337168141593,3.716814159292035e-05,3.716814159292035e-05,3.716814159292035e-05,3.716814159292035e-05,3.716814159292035e-05,3.716814159292035e-05,3.716814159292035e-05,3.716814159292035e-05,3.716814159292035e-05,3.716814159292035e-05,3.716814159292035e-05,0.20554716814159293,3.716814159292035e-05,0.08404716814159292,3.716814159292035e-05,3.716814159292035e-05,3.716814159292035e-05,3.716814159292035e-05,0.08082716814159292,0.029327168141592922,0.04847716814159292,3.716814159292035e-05,3.716814159292035e-05,1.218597168141593,3.716814159292035e-05,3.716814159292035e-05,3.716814159292035e-05,3.716814159292035e-05,3.716814159292035e-05,0.022167168141592922,3.716814159292035e-05,3.716814159292035e-05,0.00918716814159292,3.716814159292035e-05,3.716814159292035e-05,0.05002716814159292,3.716814159292035e-05,0.02698716814159292,0.45502716814159294,3.716814159292035e-05,3.716814159292035e-05,0.3053071681415929,3.716814159292035e-05,1.2809671681415928,3.716814159292035e-05,0.19922716814159291,3.716814159292035e-05,3.716814159292035e-05,3.716814159292035e-05,18.654087168141583
37082_2#12,3.4820241592920356,2.4159292035398228e-05,10.594044159292036,2.4159292035398228e-05,23.884494159292036,2.4159292035398228e-05,0.4214741592920354,5.805004159292035,2.4159292035398228e-05,17.074874159292037,0.1545741592920354,2.4159292035398228e-05,0.015614159292035398,0.0623441592920354,0.4922441592920353,2.4159292035398228e-05,0.1983041592920354,2.4159292035398228e-05,2.4159292035398228e-05,2.406584159292035,0.1780141592920354,0.7244541592920354,0.5396441592920354,0.021774159292035397,0.2000341592920354,1.6942341592920354,1.2290141592920354,0.0302341592920354,2.4159292035398228e-05,0.0010341592920353982,2.4159292035398228e-05,0.3017441592920354,0.025584159292035398,0.4971941592920353,0.11055415929203541,1.7210141592920352,0.0457941592920354,2.4159292035398228e-05,2.4159292035398228e-05,0.008214159292035398,2.4159292035398228e-05,9.887744159292037,2.4159292035398228e-05,2.4159292035398228e-05,2.4159292035398228e-05,2.4159292035398228e-05,2.4159292035398228e-05,2.4159292035398228e-05,2.4159292035398228e-05,0.4582041592920354,2.4159292035398228e-05,2.4159292035398228e-05,0.028404159292035398,2.4159292035398228e-05,2.4159292035398228e-05,0.0735141592920354,6.528914159292035,2.4159292035398228e-05,0.034524159292035395,0.5267941592920353,0.0727041592920354,2.4159292035398228e-05,2.4159292035398228e-05,2.4159292035398228e-05,2.4159292035398228e-05,2.4159292035398228e-05,2.4159292035398228e-05,2.4159292035398228e-05,2.4159292035398228e-05,2.4159292035398228e-05,0.012804159292035398,2.4159292035398228e-05,2.4159292035398228e-05,2.4159292035398228e-05,2.4159292035398228e-05,2.4159292035398228e-05,2.4159292035398228e-05,2.4159292035398228e-05,2.4159292035398228e-05,2.4159292035398228e-05,2.4159292035398228e-05,0.011194159292035398,2.4159292035398228e-05,2.4159292035398228e-05,2.4159292035398228e-05,2.4159292035398228e-05,2.4159292035398228e-05,2.4159292035398228e-05,2.4159292035398228e-05,2.4159292035398228e-05,2.4159292035398228e-05,2.4159292035398228e-05,2.4159292035398228e-05,2.4159292035398228e-05,2.4159292035398228e-05,2.4159292035398228e-05,2.4159292035398228e-05,2.4159292035398228e-05,2.4159292035398228e-05,2.4159292035398228e-05,2.4159292035398228e-05,2.4159292035398228e-05,2.4159292035398228e-05,2.4159292035398228e-05,2.4159292035398228e-05,2.4159292035398228e-05,2.4159292035398228e-05,2.4159292035398228e-05,2.4159292035398228e-05,2.4159292035398228e-05,2.4159292035398228e-05,2.4159292035398228e-05,10.443294159291998
37082_2#13,0.545227168141593,7.684057168141592,0.2374971681415929,2.461217168141593,1.3123871681415928,0.4825771681415929,4.0659471681415935,0.22543716814159281,3.716814159292035e-05,38.1312071681416,1.492757168141593,3.716814159292035e-05,3.289367168141593,0.2532871681415929,0.0022771681415929205,4.023077168141593,1.349517168141593,3.716814159292035e-05,0.0014871681415928202,3.719647168141593,0.0032171681415929204,0.0025871681415929205,0.4702171681415929,0.09348716814159293,0.02707716814159292,2.080517168141593,0.3197171681415929,0.03335716814159282,0.6087671681415929,3.716814159292035e-05,0.01061716814159292,0.641767168141593,0.1822971681415929,0.029737168141592822,3.716814159292035e-05,0.3482471681415929,3.716814159292035e-05,3.716814159292035e-05,0.004857168141592921,3.716814159292035e-05,0.03027716814159292,3.716814159292035e-05,0.08211716814159292,3.716814159292035e-05,3.716814159292035e-05,3.716814159292035e-05,3.716814159292035e-05,3.716814159292035e-05,0.04872716814159292,0.05671716814159292,0.861187168141593,0.14365716814159293,3.716814159292035e-05,3.716814159292035e-05,3.716814159292035e-05,0.19788716814159293,3.716814159292035e-05,3.716814159292035e-05,3.716814159292035e-05,0.854177168141593,0.07003716814159291,3.716814159292035e-05,0.10347716814159282,3.716814159292035e-05,3.716814159292035e-05,0.024037168141592822,3.716814159292035e-05,3.716814159292035e-05,3.716814159292035e-05,3.716814159292035e-05,7.530137168141593,3.716814159292035e-05,3.716814159292035e-05,3.716814159292035e-05,0.16115716814159292,3.716814159292035e-05,0.01145716814159292,3.716814159292035e-05,0.02679716814159292,3.716814159292035e-05,3.716814159292035e-05,3.716814159292035e-05,0.1589571681415929,0.00988716814159292,3.716814159292035e-05,3.716814159292035e-05,3.716814159292035e-05,3.716814159292035e-05,3.716814159292035e-05,3.716814159292035e-05,3.716814159292035e-05,3.716814159292035e-05,3.716814159292035e-05,3.716814159292035e-05,0.2812871681415928,0.01795716814159292,3.716814159292035e-05,3.716814159292035e-05,3.716814159292035e-05,3.716814159292035e-05,3.716814159292035e-05,1.948457168141593,3.716814159292035e-05,0.00928716814159292,0.03112716814159292,0.5105371681415929,0.00612716814159292,3.716814159292035e-05,0.004457168141592921,0.01332716814159282,3.716814159292035e-05,0.0011971681415929203,12.670137168141615
37082_2#14,1.1218909734513276,5.094410973451327,0.37363097345132745,4.016640973451327,4.0610009734513275,0.15251097345132741,1.2639909734513275,7.605260973451327,3.097345132743363e-05,4.848900973451327,0.20281097345132743,2.8290909734513274,5.449510973451328,0.38544097345132744,3.097345132743363e-05,2.3963809734513273,3.4565709734513272,3.097345132743363e-05,2.4945809734513276,1.2126609734513274,3.097345132743363e-05,0.011350973451327434,4.662130973451327,0.09455097345132743,0.18851097345132742,5.423930973451327,1.1181509734513275,0.036350973451327435,0.2829009734513275,3.097345132743363e-05,0.004180973451327433,0.39123097345132746,0.009500973451327433,0.054160973451327435,3.097345132743363e-05,0.31650097345132744,3.097345132743363e-05,3.097345132743363e-05,0.004220973451327433,3.097345132743363e-05,3.097345132743363e-05,3.097345132743363e-05,7.997880973451327,3.097345132743363e-05,3.097345132743363e-05,3.097345132743363e-05,3.097345132743363e-05,3.097345132743363e-05,3.097345132743363e-05,0.021860973451327433,1.2139309734513275,3.097345132743363e-05,0.11242097345132733,3.097345132743363e-05,3.097345132743363e-05,0.48642097345132745,3.097345132743363e-05,0.11885097345132743,3.097345132743363e-05,0.009470973451327433,3.097345132743363e-05,3.097345132743363e-05,0.021670973451327433,3.097345132743363e-05,3.097345132743363e-05,0.048520973451327436,0.10339097345132743,3.097345132743363e-05,0.11806097345132743,3.097345132743363e-05,3.097345132743363e-05,0.0006709734513273336,3.097345132743363e-05,3.097345132743363e-05,3.097345132743363e-05,3.097345132743363e-05,0.20778097345132732,3.097345132743363e-05,0.021140973451327434,3.097345132743363e-05,3.097345132743363e-05,3.097345132743363e-05,0.0028709734513274335,3.097345132743363e-05,3.097345132743363e-05,3.097345132743363e-05,0.20333097345132742,0.013760973451327433,3.097345132743363e-05,3.097345132743363e-05,3.097345132743363e-05,3.097345132743363e-05,3.097345132743363e-05,3.097345132743363e-05,3.097345132743363e-05,3.097345132743363e-05,3.097345132743363e-05,3.097345132743363e-05,3.097345132743363e-05,3.097345132743363e-05,3.097345132743363e-05,0.15303097345132743,3.097345132743363e-05,3.097345132743363e-05,3.097345132743363e-05,3.097345132743363e-05,3.097345132743363e-05,3.097345132743363e-05,3.097345132743363e-05,3.097345132743363e-05,3.097345132743363e-05,3.097345132743363e-05,29.58002097345135
37082_2#15,0.09376035398230088,0.011990353982300785,0.020040353982300887,2.581970353982301,0.04004035398230088,0.7809703539823009,9.152970353982301,0.08397035398230089,0.47297035398230086,18.9724503539823,6.404710353982301,2.425930353982301,0.017580353982300886,0.020100353982300888,3.0353982300884953e-05,5.030280353982301,3.010220353982301,3.0353982300884953e-05,1.269420353982301,2.437280353982301,3.0353982300884953e-05,0.010580353982300884,2.090680353982301,0.3032503539823009,3.0353982300884953e-05,0.7287503539823008,0.08130035398230089,3.0353982300884953e-05,0.877770353982301,3.0353982300884953e-05,3.0353982300884953e-05,2.8465303539823013,0.19965035398230088,0.015420353982300884,3.0353982300884953e-05,3.0353982300884953e-05,3.0353982300884953e-05,3.0353982300884953e-05,0.027370353982300887,0.016260353982300885,3.0353982300884953e-05,0.11567035398230088,3.0353982300884953e-05,3.0353982300884953e-05,3.0353982300884953e-05,3.0353982300884953e-05,3.0353982300884953e-05,3.0353982300884953e-05,3.0353982300884953e-05,3.0353982300884953e-05,0.026240353982300887,12.881760353982301,3.0353982300884953e-05,3.0353982300884953e-05,3.0353982300884953e-05,0.23892035398230077,1.433060353982301,0.03717035398230088,3.0353982300884953e-05,0.1162103539823009,3.0353982300884953e-05,3.0353982300884953e-05,0.007350353982300885,3.0353982300884953e-05,3.0353982300884953e-05,3.0353982300884953e-05,0.04514035398230088,3.0353982300884953e-05,0.06353035398230089,3.0353982300884953e-05,3.0353982300884953e-05,3.0353982300884953e-05,3.0353982300884953e-05,3.0353982300884953e-05,3.0353982300884953e-05,3.0353982300884953e-05,0.47446035398230085,3.0353982300884953e-05,3.0353982300884953e-05,3.0353982300884953e-05,3.0353982300884953e-05,3.0353982300884953e-05,3.0353982300884953e-05,0.0007703539823008849,3.0353982300884953e-05,3.0353982300884953e-05,0.017000353982300886,3.0353982300884953e-05,0.004270353982300885,3.0353982300884953e-05,3.0353982300884953e-05,3.0353982300884953e-05,3.0353982300884953e-05,3.0353982300884953e-05,0.0780203539823009,3.0353982300884953e-05,3.0353982300884953e-05,3.0353982300884953e-05,3.0353982300884953e-05,0.08005035398230088,3.0353982300884953e-05,0.003800353982300785,3.0353982300884953e-05,3.0353982300884953e-05,0.000910353982300885,3.0353982300884953e-05,0.003900353982300885,3.0353982300884953e-05,3.0353982300884953e-05,3.0353982300884953e-05,3.0353982300884953e-05,3.0353982300884953e-05,24.345600353982316
37082_2#16,5.699115044247787e-05,5.699115044247787e-05,5.699115044247787e-05,0.05974699115044248,0.08485699115044248,0.021146991150442378,0.8436869911504424,1.3816469911504425,0.006256991150442478,1.5691269911504424,5.699115044247787e-05,0.013966991150442478,0.8999369911504425,5.699115044247787e-05,0.008016991150442378,0.008666991150442479,0.3610269911504425,5.699115044247787e-05,0.2065869911504425,0.1497769911504425,5.699115044247787e-05,5.699115044247787e-05,0.04995699115044248,0.009026991150442478,1.5127269911504424,0.6947269911504423,0.15542699115044248,0.07060699115044249,0.13821699115044248,5.699115044247787e-05,0.023666991150442476,0.1499969911504425,0.09848699115044249,0.006876991150442478,0.11756699115044239,0.3994769911504425,0.029556991150442476,5.699115044247787e-05,5.699115044247787e-05,0.014766991150442478,0.010776991150442478,0.3673169911504425,5.699115044247787e-05,0.14252699115044248,0.07567699115044248,0.3061169911504425,0.9616369911504424,0.03140699115044247,0.04885699115044247,0.8855569911504425,5.699115044247787e-05,0.8500069911504425,0.043766991150442476,0.2861869911504425,5.699115044247787e-05,0.1898769911504425,11.813546991150444,0.024316991150442478,0.024196991150442475,0.1848269911504425,0.047726991150442474,0.0017869911504424778,2.6913469911504424,0.03135699115044248,0.005666991150442378,0.021696991150442477,5.699115044247787e-05,0.024636991150442475,0.11936699115044248,5.699115044247787e-05,5.699115044247787e-05,0.8546369911504424,0.030106991150442377,0.005126991150442477,0.04909699115044248,0.1570769911504425,0.18028699115044247,0.07204699115044248,0.022226991150442476,0.16145699115044249,0.10347699115044248,5.699115044247787e-05,0.006106991150442477,0.1969269911504425,0.003656991150442478,0.00014699115044247788,0.009606991150442478,0.004396991150442477,0.029886991150442476,0.5961069911504424,0.012706991150442479,0.25567699115044246,0.021916991150442478,0.015136991150442479,5.699115044247787e-05,0.18250699115044247,3.4277869911504424,0.4692469911504425,0.09581699115044248,0.033826991150442375,0.022656991150442476,0.16872699115044248,0.06448699115044249,5.699115044247787e-05,0.036756991150442474,0.5676469911504425,5.699115044247787e-05,0.1508569911504425,0.043766991150442476,0.011396991150442478,0.023726991150442477,0.11728699115044249,63.51877699115045
37082_2#17,6.132743362831857e-05,0.04986132743362832,6.132743362831857e-05,0.9004913274336283,0.1945113274336283,6.132743362831857e-05,1.5963913274336283,1.2368413274336283,0.07751132743362832,2.657771327433628,0.005241327433628319,0.2011113274336283,0.4969213274336283,6.132743362831857e-05,0.0009313274336283186,0.1468313274336283,0.9853213274336283,6.132743362831857e-05,0.1751913274336283,0.7278813274336282,0.11602132743362831,6.132743362831857e-05,0.18816132743362832,2.8550113274336284,3.3730213274336287,0.6801013274336283,0.8569313274336282,0.11959132743362831,0.01725132743362832,0.0042013274336283185,0.07947132743362831,0.4248113274336283,0.08789132743362832,0.09427132743362822,0.003361327433628319,0.5054613274336283,0.0010413274336283185,0.1403613274336283,0.07320132743362831,6.132743362831857e-05,0.06161132743362832,2.198371327433628,6.132743362831857e-05,0.07686132743362831,0.10346132743362832,1.0567713274336281,1.2745513274336282,0.07914132743362831,0.04460132743362832,0.4500213274336283,0.03656132743362832,0.5914413274336283,0.14853132743362832,0.37782132743362834,0.004421327433628318,0.2714013274336283,0.42003132743362825,6.132743362831857e-05,0.05771132743362832,0.6772813274336282,0.02822132743362832,0.15306132743362832,0.8871513274336283,0.3032513274336283,0.1287813274336283,0.5135313274336283,0.03749132743362832,0.06885132743362832,0.01698132743362832,0.015021327433628318,0.2340113274336282,1.4110813274336282,0.42012132743362834,0.06235132743362832,0.09472132743362831,6.132743362831857e-05,0.22468132743362831,0.18589132743362832,0.03527132743362832,0.03758132743362832,0.08421132743362832,6.132743362831857e-05,6.132743362831857e-05,0.2488513274336283,0.04436132743362832,6.132743362831857e-05,0.5593113274336282,0.02548132743362832,0.1378913274336283,0.02399132743362832,0.09059132743362831,0.19913132743362832,0.02599132743362832,0.0003113274336283186,0.03924132743362832,0.11530132743362831,1.2886313274336283,1.1853113274336284,0.1320413274336283,0.08942132743362831,0.05325132743362832,0.0029413274336283187,0.02382132743362832,6.132743362831857e-05,0.005131327433628318,0.1332313274336283,0.07334132743362831,0.012621327433628218,0.04840132743362832,0.09370132743362831,0.01913132743362832,0.26609132743362834,63.115781327433616
37082_2#18,5.389380530973451e-05,5.389380530973451e-05,5.389380530973451e-05,0.34964389380530964,5.389380530973451e-05,0.022143893805309733,5.07139389380531,1.5100438938053098,5.389380530973451e-05,4.53910389380531,0.05363389380530974,0.6447538938053097,0.009543893805309634,5.389380530973451e-05,0.014103893805309634,0.9179038938053097,0.8546638938053096,0.015793893805309735,0.013523893805309734,1.3761238938053098,5.389380530973451e-05,5.389380530973451e-05,0.11752389380530974,0.028683893805309734,5.389380530973451e-05,0.11536389380530973,5.823963893805311,5.389380530973451e-05,0.5887038938053097,0.018543893805309734,5.389380530973451e-05,0.24006389380530974,0.7204838938053097,0.006263893805309734,0.008683893805309734,0.020563893805309735,5.389380530973451e-05,0.0027138938053097345,5.389380530973451e-05,0.005633893805309734,0.8463238938053097,0.5514738938053096,0.04650389380530973,0.009103893805309734,5.389380530973451e-05,3.5221938938053095,0.12803389380530975,0.03552389380530963,0.008603893805309733,0.14437389380530974,0.010973893805309734,0.5365138938053098,0.019313893805309734,0.10939389380530973,0.08268389380530973,0.6783338938053097,5.389380530973451e-05,0.03183389380530974,0.15159389380530974,0.22394389380530974,0.0033638938053096347,0.019293893805309735,0.24480389380530965,1.1202938938053097,0.043493893805309734,0.07086389380530973,0.11043389380530974,0.13285389380530974,0.006453893805309734,0.018433893805309735,0.048913893805309736,2.1001738938053096,0.04647389380530973,0.058043893805309735,0.0024838938053097347,0.13812389380530976,0.26166389380530974,0.04833389380530973,0.03557389380530973,5.389380530973451e-05,0.9873838938053098,5.389380530973451e-05,5.389380530973451e-05,0.07612389380530973,0.4343638938053097,5.389380530973451e-05,0.016283893805309733,0.06522389380530963,5.389380530973451e-05,0.008353893805309735,0.016663893805309735,1.3745138938053099,0.10306389380530963,0.08786389380530973,0.04538389380530974,0.005403893805309735,2.0208138938053097,0.08157389380530973,0.4862538938053097,0.010163893805309734,5.389380530973451e-05,5.389380530973451e-05,0.008043893805309734,5.389380530973451e-05,5.389380530973451e-05,2.2030138938053097,5.389380530973451e-05,0.03858389380530974,5.389380530973451e-05,0.05209389380530973,0.007183893805309734,0.007453893805309734,57.12643389380532
37082_2#19,3.9646017699115034e-05,3.9646017699115034e-05,3.9646017699115034e-05,1.2648196460176993,0.002259646017699115,0.20884964601769912,4.621419646017699,0.050859646017699114,0.029969646017699116,1.4066296460176992,0.04284964601769912,0.6224496460176991,0.023829646017699116,3.9646017699115034e-05,3.9646017699115034e-05,0.8455396460176992,1.018449646017699,0.14323964601769912,3.9646017699115034e-05,1.0473996460176993,0.1182496460176991,3.9646017699115034e-05,3.701589646017699,20.0178796460177,0.6331496460176991,1.3236496460176992,5.884339646017699,3.9646017699115034e-05,2.028479646017699,3.9646017699115034e-05,3.9646017699115034e-05,0.035839646017699116,0.009279646017699015,3.9646017699115034e-05,3.9646017699115034e-05,0.2344496460176991,3.9646017699115034e-05,3.9646017699115034e-05,0.08412964601769911,3.9646017699115034e-05,0.009999646017699015,0.7605996460176991,3.9646017699115034e-05,0.006369646017699115,3.9646017699115034e-05,9.0491096460177,2.712729646017699,1.1073596460176993,0.1376796460176991,3.9646017699115034e-05,0.039849646017699115,1.5590696460176992,3.9646017699115034e-05,0.002159646017699015,0.007409646017699115,3.134959646017699,3.9646017699115034e-05,0.317089646017699,3.9646017699115034e-05,3.9646017699115034e-05,3.9646017699115034e-05,3.9646017699115034e-05,0.013759646017699115,0.818409646017699,0.03337964601769912,0.05848964601769912,0.9934896460176991,0.10505964601769911,3.9646017699115034e-05,3.9646017699115034e-05,3.9646017699115034e-05,0.451259646017699,0.2170296460176991,0.2460596460176991,3.9646017699115034e-05,0.004919646017699115,0.1680696460176991,3.9646017699115034e-05,0.026469646017699116,3.9646017699115034e-05,0.7866696460176991,3.9646017699115034e-05,0.0013396460176991149,3.9646017699115034e-05,0.03384964601769912,3.9646017699115034e-05,0.022289646017699116,3.9646017699115034e-05,0.3890596460176991,3.9646017699115034e-05,3.9646017699115034e-05,0.1533496460176991,0.037209646017699015,0.09946964601769911,0.0829596460176991,3.9646017699115034e-05,0.006889646017699115,3.9646017699115034e-05,3.9646017699115034e-05,3.9646017699115034e-05,3.9646017699115034e-05,3.9646017699115034e-05,0.3277496460176991,3.9646017699115034e-05,3.9646017699115034e-05,0.3602596460176991,3.9646017699115034e-05,3.9646017699115034e-05,3.9646017699115034e-05,3.9646017699115034e-05,3.9646017699115034e-05,0.063349646017699,30.25322964601773
37082_2#1,4.5470264601769905,2.642386460176991,6.135956460176991,1.536556460176991,2.326916460176991,0.11360646017699115,0.43986646017699105,10.401086460176991,0.00991646017699115,0.8620764601769911,0.056486460176991146,0.08052646017699115,4.362826460176991,0.6214864601769912,4.646017699115044e-05,0.12401646017699115,0.49025646017699115,0.18878646017699105,0.32880646017699117,1.7507964601769912,0.9623864601769911,0.39488646017699114,0.49763646017699115,0.002036460176991151,10.469896460176992,1.574526460176991,1.451596460176991,0.04262646017699115,0.09857646017699115,0.30378646017699107,1.6077964601769912,0.8260564601769911,4.646017699115044e-05,0.17507646017699116,0.48293646017699116,2.087546460176991,0.04265646017699115,0.0010164601769911503,4.646017699115044e-05,4.646017699115044e-05,0.8519564601769911,4.646017699115044e-05,4.646017699115044e-05,4.646017699115044e-05,4.646017699115044e-05,0.45610646017699114,4.646017699115044e-05,4.646017699115044e-05,0.03485646017699115,1.5774564601769911,0.07453646017699116,4.646017699115044e-05,0.31047646017699115,0.12583646017699116,4.646017699115044e-05,0.050766460176991046,4.646017699115044e-05,4.646017699115044e-05,4.646017699115044e-05,0.6686864601769912,0.20306646017699115,0.09657646017699116,1.622106460176991,4.646017699115044e-05,4.646017699115044e-05,4.646017699115044e-05,4.646017699115044e-05,4.646017699115044e-05,4.646017699115044e-05,0.08755646017699105,1.5652864601769911,4.646017699115044e-05,4.646017699115044e-05,4.646017699115044e-05,0.22464646017699105,4.646017699115044e-05,0.01498646017699105,4.646017699115044e-05,4.646017699115044e-05,4.646017699115044e-05,4.646017699115044e-05,0.14249646017699116,4.646017699115044e-05,0.5848664601769911,4.646017699115044e-05,6.41994646017699,1.2080164601769912,4.646017699115044e-05,4.646017699115044e-05,4.646017699115044e-05,0.020476460176991153,4.646017699115044e-05,0.02383646017699115,0.37209646017699116,4.646017699115044e-05,0.18292646017699116,0.011196460176991151,4.646017699115044e-05,0.08226646017699116,0.01780646017699115,0.19377646017699116,0.00700646017699115,0.5001364601769912,0.12853646017699105,0.14590646017699116,0.7842464601769912,0.6249264601769912,0.04920646017699115,0.29538646017699116,0.12519646017699115,4.646017699115044e-05,0.05531646017699115,22.017336460177
37082_2#20,5.141592920353982e-05,0.00730141592920354,5.141592920353982e-05,0.11440141592920354,5.141592920353982e-05,5.141592920353982e-05,3.3222414159292035,0.01188141592920354,5.141592920353982e-05,8.172701415929204,0.01963141592920354,0.49055141592920354,0.11327141592920355,5.141592920353982e-05,0.010891415929203539,0.42643141592920353,0.3891714159292035,0.5710114159292036,0.0058214159292035396,1.4519314159292036,5.141592920353982e-05,5.141592920353982e-05,0.3766414159292035,1.4917714159292035,0.08568141592920354,0.4421914159292035,13.076951415929203,0.0071914159292034395,0.5158314159292036,0.00713141592920354,5.141592920353982e-05,0.04889141592920354,0.05945141592920354,0.021901415929203537,0.052931415929203536,5.141592920353982e-05,5.141592920353982e-05,5.141592920353982e-05,0.05281141592920344,0.02254141592920354,0.07500141592920355,0.2554714159292035,5.141592920353982e-05,5.141592920353982e-05,5.141592920353982e-05,1.9197914159292035,1.0274914159292035,0.04668141592920354,0.08956141592920344,0.05672141592920354,0.5783714159292035,0.5467414159292036,0.19567141592920353,0.04580141592920354,5.141592920353982e-05,1.8873914159292036,5.141592920353982e-05,0.00785141592920354,0.04596141592920354,0.07233141592920354,0.03005141592920354,0.06657141592920354,0.08708141592920354,1.4251214159292036,0.008251415929203539,0.012941415929203538,0.13432141592920352,0.23165141592920352,0.01452141592920354,0.12212141592920354,5.141592920353982e-05,1.9101914159292035,0.01928141592920354,0.5173314159292035,0.0034014159292035397,0.018051415929203538,0.21388141592920354,0.06736141592920354,0.06685141592920354,5.141592920353982e-05,0.3639714159292035,0.00394141592920354,0.00116141592920354,0.03717141592920354,0.13015141592920354,0.3497014159292035,5.141592920353982e-05,0.10713141592920354,0.14907141592920353,0.017051415929203537,5.141592920353982e-05,0.47851141592920354,0.13367141592920354,0.009161415929203439,0.03216141592920354,0.05188141592920354,5.141592920353982e-05,0.10767141592920354,0.01940141592920354,5.141592920353982e-05,5.141592920353982e-05,5.141592920353982e-05,0.07170141592920355,0.04133141592920354,5.141592920353982e-05,0.00351141592920344,0.02405141592920344,5.141592920353982e-05,5.141592920353982e-05,5.141592920353982e-05,0.009951415929203539,5.141592920353982e-05,54.68711141592922
37082_2#21,0.0008288495575221239,5.884955752212389e-05,5.884955752212389e-05,0.496378849557522,0.06563884955752212,0.14655884955752213,4.512478849557523,1.1055888495575221,5.884955752212389e-05,1.1109188495575222,0.008578849557522123,0.09341884955752212,0.3037588495575221,5.884955752212389e-05,0.11347884955752212,0.2794088495575221,0.5431388495575221,0.024068849557522125,0.04158884955752212,1.4216888495575222,0.21990884955752202,5.884955752212389e-05,5.711338849557523,21.114808849557523,0.5602488495575222,0.474308849557522,0.08378884955752212,5.884955752212389e-05,0.16175884955752212,5.884955752212389e-05,5.884955752212389e-05,0.5364588495575221,0.11951884955752212,0.22197884955752212,0.14192884955752214,0.04373884955752212,5.884955752212389e-05,5.884955752212389e-05,0.13575884955752213,0.0005488495575221239,0.3135888495575221,1.8621888495575223,0.021208849557522124,0.036518849557522125,5.884955752212389e-05,1.4346488495575223,2.039908849557522,0.010158849557522123,0.0005188495575221239,0.4750988495575221,0.061328849557522123,0.548838849557522,0.033638849557522124,0.0016288495575221239,0.025518849557522125,0.6746688495575222,0.004928849557522124,5.884955752212389e-05,0.05691884955752202,0.2374588495575221,5.884955752212389e-05,0.5369988495575221,0.3983688495575221,0.4422988495575221,0.6139388495575221,0.038738849557522125,0.0010388495575221238,0.029218849557522124,0.11572884955752212,0.09414884955752212,0.008838849557522123,0.3132188495575221,0.0007188495575221239,0.07618884955752213,0.019568849557522125,0.11707884955752212,0.17339884955752202,0.07530884955752212,0.08069884955752213,0.10990884955752213,0.3155888495575221,5.884955752212389e-05,0.029838849557522126,0.312848849557522,0.023338849557522124,0.04085884955752212,0.10504884955752203,0.11992884955752213,0.056488849557522126,0.042368849557522126,5.884955752212389e-05,0.661078849557522,0.09051884955752212,0.014718849557522123,5.884955752212389e-05,0.003148849557522124,1.133368849557522,1.436718849557522,0.3351288495575221,0.049478849557522124,0.007738849557522124,0.021318849557522123,0.03831884955752213,0.027658849557522125,5.884955752212389e-05,0.023258849557522124,0.011078849557522122,0.11115884955752213,0.024278849557522124,5.884955752212389e-05,0.011148849557522123,0.3107788495575221,43.763938849557505
37082_2#22,4.522123893805309e-05,5.360265221238938,4.522123893805309e-05,2.437615221238938,0.0015552212389380532,0.755425221238938,5.220725221238938,0.015615221238938054,0.09769522123893805,1.029175221238938,0.020945221238938053,1.1942352212389382,0.017875221238938054,4.522123893805309e-05,4.522123893805309e-05,4.522123893805309e-05,0.6531652212389379,0.0043152212389380535,0.06371522123893794,1.1418652212389382,4.522123893805309e-05,4.522123893805309e-05,2.177575221238938,6.119775221238938,0.17196522123893807,0.11810522123893805,6.3893052212389385,4.522123893805309e-05,0.969145221238938,4.522123893805309e-05,4.522123893805309e-05,1.0579052212389382,0.14733522123893805,4.522123893805309e-05,4.522123893805309e-05,0.08894522123893804,4.522123893805309e-05,0.004945221238938053,0.24228522123893806,4.522123893805309e-05,0.006005221238938053,0.22814522123893796,0.644885221238938,4.522123893805309e-05,4.522123893805309e-05,2.766475221238938,3.257615221238938,0.966705221238938,0.007175221238938053,0.0056352212389380535,0.44575522123893807,0.542855221238938,4.522123893805309e-05,0.030935221238938056,0.008915221238938053,2.815805221238938,0.08433522123893805,0.591605221238938,4.522123893805309e-05,0.009035221238937952,4.522123893805309e-05,4.522123893805309e-05,0.5455652212389379,0.559115221238938,0.0015152212389380531,0.15181522123893806,0.30863522123893805,0.37401522123893804,0.002955221238938053,0.000535221238938053,0.027565221238937954,1.024135221238938,1.0955252212389381,0.720505221238938,4.522123893805309e-05,0.23996522123893807,0.862875221238938,0.10689522123893805,0.18039522123893806,4.522123893805309e-05,1.9538152212389381,4.522123893805309e-05,4.522123893805309e-05,4.522123893805309e-05,0.08397522123893805,4.522123893805309e-05,0.03590522123893805,0.25333522123893804,1.1510552212389382,4.522123893805309e-05,4.522123893805309e-05,1.2346352212389382,0.17526522123893806,4.522123893805309e-05,1.312465221238938,4.522123893805309e-05,4.140985221238938,0.06469522123893805,4.522123893805309e-05,0.006885221238937953,4.522123893805309e-05,0.06602522123893804,4.522123893805309e-05,4.522123893805309e-05,4.522123893805309e-05,4.522123893805309e-05,4.522123893805309e-05,4.522123893805309e-05,4.522123893805309e-05,4.522123893805309e-05,0.004765221238938053,0.08076522123893805,35.31824522123896
37082_2#23,0.22577327433628316,1.6699332743362831,0.02856327433628319,1.372503274336283,1.171513274336283,0.06943327433628319,2.1157832743362834,8.780233274336284,5.327433628318583e-05,7.2685532743362815,0.013773274336283186,0.059693274336283186,0.4936032743362832,0.005903274336283185,0.027643274336283188,0.24529327433628317,1.218853274336283,5.327433628318583e-05,0.14733327433628318,1.6246532743362831,0.15196327433628318,0.019333274336283186,0.23649327433628317,0.8682032743362833,5.327433628318583e-05,0.7373232743362832,0.8644632743362831,0.2811032743362832,0.08109327433628319,5.327433628318583e-05,5.327433628318583e-05,1.1044232743362832,0.10809327433628318,5.327433628318583e-05,0.03018327433628319,0.035733274336283184,5.327433628318583e-05,0.044823274336283185,0.17601327433628317,0.0011832743362831858,5.327433628318583e-05,1.2999832743362831,0.2935632743362832,0.013763274336283186,1.912743274336283,2.8890332743362834,0.9646732743362832,5.327433628318583e-05,0.4117732743362832,0.08938327433628318,5.327433628318583e-05,0.18791327433628308,1.189143274336283,0.9974432743362832,0.08293327433628318,2.0279432743362835,0.4821232743362831,0.13181327433628318,0.16664327433628318,0.5955832743362832,0.16579327433628308,0.23003327433628318,2.1429532743362834,5.327433628318583e-05,5.327433628318583e-05,5.327433628318583e-05,5.327433628318583e-05,0.009793274336283185,0.3252332743362832,0.20094327433628317,0.12284327433628318,2.480563274336283,5.327433628318583e-05,0.020773274336283187,0.12431327433628318,0.15459327433628317,0.3295932743362832,0.10391327433628318,0.13569327433628317,0.7894332743362832,0.05888327433628319,5.327433628318583e-05,5.327433628318583e-05,0.4285132743362832,0.010183274336283186,5.327433628318583e-05,1.4471232743362832,0.05875327433628319,0.21487327433628317,5.327433628318583e-05,5.327433628318583e-05,0.23023327433628318,0.10988327433628318,5.327433628318583e-05,5.327433628318583e-05,0.017083274336283188,2.2034132743362833,0.7432832743362832,5.327433628318583e-05,0.02132327433628319,0.021643274336283186,0.040723274336283186,5.327433628318583e-05,0.010223274336283186,0.0008932743362831859,0.9469532743362832,5.327433628318583e-05,5.327433628318583e-05,0.06468327433628318,0.021823274336283185,0.026293274336283187,5.327433628318583e-05,40.9693832743363
37082_2#24,3.407079646017699e-05,0.1283840707964602,3.407079646017699e-05,7.86399407079646,0.045754070796460176,3.407079646017699e-05,8.52753407079646,0.013604070796460177,3.407079646017699e-05,2.35640407079646,0.6665640707964602,1.7598040707964602,0.056144070796460076,3.407079646017699e-05,0.09389407079646017,5.28708407079646,2.73434407079646,3.407079646017699e-05,3.407079646017699e-05,5.951724070796461,0.017404070796460176,3.407079646017699e-05,0.39121407079646014,11.65927407079646,0.11568407079646018,1.00701407079646,4.04431407079646,3.407079646017699e-05,17.644794070796458,3.407079646017699e-05,3.407079646017699e-05,0.09191407079646018,0.007394070796460177,3.407079646017699e-05,3.407079646017699e-05,0.006254070796460177,3.407079646017699e-05,3.407079646017699e-05,0.09312407079646018,0.008184070796460177,3.407079646017699e-05,0.28385407079646013,3.407079646017699e-05,3.407079646017699e-05,3.407079646017699e-05,3.30635407079646,3.407079646017699e-05,1.2242140707964602,3.407079646017699e-05,3.407079646017699e-05,1.9082540707964601,1.1036540707964602,3.407079646017699e-05,3.407079646017699e-05,0.04280407079646008,0.23952407079646018,0.058194070796460176,0.16761407079646018,3.407079646017699e-05,3.407079646017699e-05,3.407079646017699e-05,3.407079646017699e-05,0.000664070796460177,3.407079646017699e-05,3.407079646017699e-05,3.407079646017699e-05,0.20027407079646017,0.33477407079646015,0.10305407079646017,3.407079646017699e-05,0.007384070796460178,0.25169407079646017,0.1468740707964601,0.32711407079646015,3.407079646017699e-05,0.46566407079646016,0.04386407079646018,3.407079646017699e-05,0.029224070796460177,3.407079646017699e-05,3.52797407079646,3.407079646017699e-05,3.407079646017699e-05,3.407079646017699e-05,0.6052440707964603,0.1370140707964602,3.407079646017699e-05,0.005504070796460177,0.40536407079646014,3.407079646017699e-05,3.407079646017699e-05,0.6115640707964602,0.03619407079646018,0.2460240707964602,3.407079646017699e-05,3.407079646017699e-05,3.407079646017699e-05,3.407079646017699e-05,3.407079646017699e-05,3.407079646017699e-05,3.407079646017699e-05,3.407079646017699e-05,0.003264070796460177,3.407079646017699e-05,3.407079646017699e-05,3.407079646017699e-05,3.407079646017699e-05,3.407079646017699e-05,3.407079646017699e-05,3.407079646017699e-05,3.407079646017699e-05,3.407079646017699e-05,13.60302407079653
37082_2#25,4.893805309734513e-05,4.893805309734513e-05,4.893805309734513e-05,0.022338938053097245,0.09763893805309734,4.893805309734513e-05,1.6872289380530974,0.020188938053097343,0.008468938053097345,0.14754893805309735,0.011038938053097245,0.6415989380530973,0.015618938053097347,4.893805309734513e-05,0.15154893805309735,0.24119893805309733,0.11433893805309725,0.014978938053097345,0.042838938053097346,0.002148938053097345,0.005048938053097345,4.893805309734513e-05,0.056108938053097246,4.893805309734513e-05,4.893805309734513e-05,0.002568938053097345,0.42795893805309737,4.893805309734513e-05,0.20797893805309733,4.893805309734513e-05,0.004838938053097345,0.016038938053097244,0.38793893805309726,4.893805309734513e-05,0.0005589380530973451,0.003058938053097345,4.893805309734513e-05,4.893805309734513e-05,0.0044489380530973455,4.893805309734513e-05,0.005268938053097245,0.07988893805309734,0.004368938053097345,0.018228938053097343,4.893805309734513e-05,0.8361189380530973,0.09837893805309735,0.007118938053097345,4.893805309734513e-05,0.03738893805309734,0.3944989380530973,0.5877789380530973,4.893805309734513e-05,0.013608938053097345,4.893805309734513e-05,0.13854893805309734,0.07288893805309735,0.012038938053097345,0.03499893805309724,0.033948938053097344,0.009368938053097346,0.00013893805309734514,0.08701893805309724,0.3342189380530973,4.893805309734513e-05,4.893805309734513e-05,0.033268938053097344,0.051578938053097344,0.007808938053097346,4.893805309734513e-05,4.893805309734513e-05,0.6435189380530973,0.0036989380530973452,0.06961893805309734,0.00015893805309734514,4.893805309734513e-05,0.011368938053097346,4.893805309734513e-05,0.025868938053097243,0.06347893805309734,0.4154189380530973,4.893805309734513e-05,4.893805309734513e-05,0.030238938053097342,0.04567893805309734,0.021068938053097345,0.04871893805309734,0.002448938053097345,0.0062989380530973456,0.013068938053097345,4.893805309734513e-05,0.6852689380530973,0.003548938053097345,0.09916893805309734,0.07267893805309734,0.5020289380530973,1.2213489380530975,0.06749893805309734,0.013638938053097346,0.006748938053097345,4.893805309734513e-05,4.893805309734513e-05,0.0066189380530973455,4.893805309734513e-05,4.893805309734513e-05,4.893805309734513e-05,0.004238938053097345,0.0014089380530973453,4.893805309734513e-05,4.893805309734513e-05,0.002078938053097345,0.0016189380530973452,88.6760389380531
37082_2#26,5.017699115044247e-05,0.10033017699115043,5.017699115044247e-05,1.5194801769911506,0.048160176991150445,0.009010176991150443,4.338440176991151,0.09729017699115043,0.07735017699115043,3.3355601769911507,0.08676017699115043,0.46140017699115043,0.06589017699115043,5.017699115044247e-05,5.017699115044247e-05,0.26582017699115046,1.2157801769911505,5.017699115044247e-05,0.008700176991150443,0.7627901769911505,0.006310176991150442,5.017699115044247e-05,0.36200017699115045,0.02442017699115044,0.012300176991150442,0.5878401769911505,0.09675017699115043,5.017699115044247e-05,0.5175301769911504,5.017699115044247e-05,5.017699115044247e-05,0.08060017699115044,0.15657017699115044,5.017699115044247e-05,5.017699115044247e-05,0.08467017699115044,5.017699115044247e-05,5.017699115044247e-05,0.018780176991150442,0.054120176991150445,5.017699115044247e-05,0.15350017699115043,0.36310017699115044,5.017699115044247e-05,0.006820176991150442,3.0139501769911505,0.9031801769911505,0.047980176991150446,0.0032601769911504426,0.07022017699115043,0.07440017699115044,0.7637201769911505,0.07810017699115043,5.017699115044247e-05,0.009310176991150443,0.6847901769911505,5.017699115044247e-05,0.18331017699115043,5.017699115044247e-05,0.0014601769911504424,5.017699115044247e-05,0.040180176991150444,0.08802017699115043,0.16837017699115045,0.02785017699115044,0.06771017699115044,0.0047201769911504425,0.08651017699115043,0.05497017699115044,0.06745017699115044,0.5468301769911504,0.9028801769911505,0.21876017699115044,0.11121017699115043,5.017699115044247e-05,0.015010176991150443,0.09101017699115044,0.018600176991150342,0.06513017699115044,0.04708017699115045,0.06743017699115043,5.017699115044247e-05,5.017699115044247e-05,5.017699115044247e-05,0.058880176991150446,0.07960017699115043,0.02664017699115044,0.04762017699115034,0.006290176991150442,5.017699115044247e-05,0.16003017699115044,0.19627017699115043,0.05787017699115044,5.017699115044247e-05,0.043760176991150444,0.004820176991150442,0.28317017699115044,0.19057017699115045,5.017699115044247e-05,0.004030176991150442,5.017699115044247e-05,0.22854017699115034,0.005570176991150342,5.017699115044247e-05,5.017699115044247e-05,5.017699115044247e-05,5.017699115044247e-05,5.017699115044247e-05,0.01736017699115044,0.011500176991150444,0.0038801769911504425,0.03913017699115044,75.09138017699114
37082_2#27,4.0265486725663715e-05,0.3473502654867257,4.0265486725663715e-05,2.4369302654867258,0.34548026548672567,4.0265486725663715e-05,4.715720265486725,0.6294802654867256,4.0265486725663715e-05,10.174070265486725,0.011310265486725663,1.5600202654867257,0.011140265486725663,4.0265486725663715e-05,4.0265486725663715e-05,0.5814002654867256,1.4289702654867258,0.13617026548672564,4.0265486725663715e-05,3.171350265486726,0.021110265486725663,4.0265486725663715e-05,1.2998002654867256,14.049370265486726,1.1940502654867258,1.3953502654867256,0.013830265486725564,0.018820265486725662,1.2850602654867258,4.0265486725663715e-05,4.0265486725663715e-05,0.03783026548672566,0.2865702654867257,4.0265486725663715e-05,4.0265486725663715e-05,0.11480026548672566,4.0265486725663715e-05,4.0265486725663715e-05,4.0265486725663715e-05,0.021510265486725664,4.0265486725663715e-05,1.9944502654867258,4.0265486725663715e-05,0.0076402654867256635,4.0265486725663715e-05,4.326820265486726,12.036490265486725,1.7248702654867258,4.0265486725663715e-05,0.0027402654867256637,4.0265486725663715e-05,0.026990265486725663,4.0265486725663715e-05,4.0265486725663715e-05,0.03744026548672556,0.5248302654867256,0.08257026548672566,4.0265486725663715e-05,4.0265486725663715e-05,0.019670265486725663,4.0265486725663715e-05,0.13795026548672565,0.016040265486725564,0.6350302654867257,0.010440265486725664,0.24170026548672566,4.0265486725663715e-05,0.037370265486725666,0.0003002654867256637,4.0265486725663715e-05,4.0265486725663715e-05,2.735220265486726,0.8722502654867256,0.2909302654867257,4.0265486725663715e-05,0.027830265486725663,0.06433026548672566,0.030400265486725662,0.010530265486725664,0.004240265486725664,0.8487302654867257,4.0265486725663715e-05,4.0265486725663715e-05,4.0265486725663715e-05,0.13081026548672567,0.015190265486725663,0.11998026548672555,0.08938026548672566,4.0265486725663715e-05,4.0265486725663715e-05,4.0265486725663715e-05,1.0154602654867257,4.0265486725663715e-05,0.025590265486725664,0.20320026548672565,4.0265486725663715e-05,0.10117026548672566,0.03846026548672556,4.0265486725663715e-05,4.0265486725663715e-05,4.0265486725663715e-05,4.0265486725663715e-05,4.0265486725663715e-05,4.0265486725663715e-05,4.0265486725663715e-05,4.0265486725663715e-05,0.13343026548672565,4.0265486725663715e-05,0.009570265486725663,4.0265486725663715e-05,0.0020802654867256637,4.0265486725663715e-05,26.078440265486705
37082_2#28,0.24872008849557523,6.008849557522123e-05,6.008849557522123e-05,0.3718000884955752,0.9697000884955752,6.008849557522123e-05,1.2983000884955753,0.6915900884955752,6.008849557522123e-05,12.921190088495576,0.02130008849557522,0.3595300884955753,0.9843600884955752,0.05873008849557522,0.04704008849557522,0.11117008849557522,0.5609200884955753,0.007520088495575121,0.31114008849557523,1.2560700884955753,0.10589008849557521,6.008849557522123e-05,0.5653000884955753,3.9882100884955753,0.4178700884955752,0.6800400884955753,0.2263600884955752,0.6489900884955753,0.27004008849557526,6.008849557522123e-05,0.047070088495575216,1.1762800884955753,0.16960008849557512,0.07769008849557522,0.06437008849557511,0.056580088495575116,6.008849557522123e-05,0.018090088495575224,0.04838008849557512,0.019150088495575222,0.2271100884955752,9.873060088495576,0.30411008849557525,0.30777008849557524,0.05356008849557522,1.2695100884955752,0.8305000884955753,0.030010088495575123,0.46238008849557516,1.4580100884955753,0.08983008849557522,0.031410088495575215,0.29474008849557526,5.008470088495575,0.18209008849557523,0.14964008849557522,5.977050088495575,6.008849557522123e-05,0.2377400884955752,5.388630088495575,0.28021008849557516,0.3566500884955752,4.995380088495575,0.29932008849557523,0.044260088495575216,0.03949008849557522,0.007290088495575222,0.047910088495575216,0.02122008849557522,0.041110088495575216,6.008849557522123e-05,0.026440088495575224,0.04996008849557522,0.1271200884955752,0.5271200884955752,0.026900088495575222,0.5730300884955752,0.11904008849557522,0.020270088495575222,0.08430008849557521,0.32849008849557526,6.008849557522123e-05,6.008849557522123e-05,0.30383008849557525,0.07130008849557522,0.3634800884955752,1.0213000884955752,0.10975008849557522,0.10302008849557522,0.25392008849557524,0.02513008849557522,0.2500200884955752,0.06902008849557521,6.008849557522123e-05,6.008849557522123e-05,0.019200088495575123,2.660290088495575,0.8478900884955752,1.7246200884955754,0.011130088495575221,0.1776600884955752,6.008849557522123e-05,6.008849557522123e-05,0.03353008849557522,0.09807008849557522,6.008849557522123e-05,0.12422008849557521,0.03348008849557522,0.47668008849557514,0.5836700884955752,0.08394008849557522,0.04356008849557522,21.520200088495564
37082_2#29,5.327433628318583e-05,5.327433628318583e-05,5.327433628318583e-05,0.24847327433628316,0.17022327433628318,5.327433628318583e-05,0.8298032743362833,5.403033274336283,5.327433628318583e-05,7.711043274336284,5.327433628318583e-05,0.16664327433628318,0.4775332743362832,5.327433628318583e-05,0.022613274336283188,5.327433628318583e-05,0.21597327433628316,5.327433628318583e-05,0.15154327433628317,0.23090327433628316,0.055223274336283185,5.327433628318583e-05,0.12152327433628318,0.5146132743362832,5.327433628318583e-05,0.05872327433628319,3.763593274336283,0.06968327433628319,0.002213274336283186,5.327433628318583e-05,5.327433628318583e-05,0.7138732743362831,0.028433274336283187,0.035983274336283184,0.018063274336283186,0.047863274336283186,0.011283274336283185,0.2757532743362831,0.19257327433628318,5.327433628318583e-05,0.07037327433628318,4.2267632743362835,5.327433628318583e-05,0.009243274336283185,0.044003274336283184,0.3128832743362832,0.2778532743362832,0.17805327433628318,0.008253274336283185,0.3841832743362832,0.12937327433628318,0.19893327433628316,0.4284232743362832,0.19667327433628318,0.03397327433628319,4.506753274336283,0.24149327433628318,1.3111732743362832,0.023583274336283187,0.4824832743362832,0.017783274336283187,0.9099932743362832,1.576853274336283,0.10590327433628319,0.5131932743362833,0.8903732743362832,0.055173274336283086,0.019823274336283187,5.327433628318583e-05,0.059533274336283186,0.8626832743362832,2.882003274336283,0.12196327433628308,0.04521327433628319,0.012293274336283185,5.327433628318583e-05,0.24968327433628318,0.11402327433628319,0.027133274336283188,0.19690327433628318,0.034533274336283185,0.007683274336283186,5.327433628318583e-05,1.143583274336283,0.002813274336283186,5.327433628318583e-05,0.19095327433628317,0.03763327433628319,0.2955832743362832,0.004073274336283185,0.14783327433628318,0.08200327433628318,0.023373274336283188,0.0009432743362830858,5.327433628318583e-05,5.327433628318583e-05,0.14999327433628318,2.6516832743362833,0.2935132743362832,0.6367732743362832,0.16983327433628317,5.327433628318583e-05,5.327433628318583e-05,0.02038327433628319,0.028743274336283188,0.011343274336283085,5.327433628318583e-05,0.11961327433628319,5.327433628318583e-05,0.021593274336283188,5.327433628318583e-05,5.327433628318583e-05,50.661893274336286
37082_2#2,2.0431614159292035,0.00108141592920354,0.6475314159292035,0.6809514159292035,2.4750814159292034,0.8461214159292035,0.49094141592920354,9.756751415929203,0.16685141592920352,13.410161415929204,5.141592920353982e-05,0.5071814159292035,1.0827314159292036,1.3259514159292036,0.0016214159292035398,5.141592920353982e-05,1.4570914159292034,0.012881415929203539,0.06544141592920355,1.7595314159292035,0.48711141592920354,0.5345714159292035,0.09159141592920354,0.4152514159292035,0.21420141592920353,5.363111415929204,2.7633814159292034,0.10392141592920355,0.00559141592920354,0.35095141592920354,1.2808714159292036,1.6334314159292036,5.141592920353982e-05,0.06638141592920355,0.9520214159292035,0.6084214159292035,0.05278141592920354,5.141592920353982e-05,5.141592920353982e-05,5.141592920353982e-05,0.4962914159292035,7.695321415929204,5.141592920353982e-05,5.141592920353982e-05,0.11987141592920354,1.4559214159292035,1.3931814159292035,5.141592920353982e-05,0.23932141592920353,1.2003314159292036,0.14575141592920354,0.18184141592920353,0.9061914159292035,0.36673141592920355,0.7964114159292035,0.21264141592920352,2.3900214159292035,5.141592920353982e-05,5.141592920353982e-05,2.5022214159292036,0.2851114159292035,0.02238141592920354,3.3960514159292035,5.141592920353982e-05,5.141592920353982e-05,0.6223714159292035,5.141592920353982e-05,5.141592920353982e-05,5.141592920353982e-05,5.141592920353982e-05,0.2693814159292035,5.141592920353982e-05,0.029551415929203538,5.141592920353982e-05,0.3417814159292035,5.141592920353982e-05,0.03184141592920354,0.01784141592920354,5.141592920353982e-05,0.11599141592920345,5.141592920353982e-05,0.14637141592920352,0.05684141592920354,0.8005814159292035,5.141592920353982e-05,5.141592920353982e-05,0.2691114159292035,0.00166141592920354,5.141592920353982e-05,0.28514141592920345,5.141592920353982e-05,5.141592920353982e-05,0.05600141592920354,5.141592920353982e-05,5.141592920353982e-05,0.18532141592920354,0.28614141592920345,5.141592920353982e-05,0.03358141592920354,0.28164141592920344,0.03725141592920354,0.48862141592920344,0.12305141592920354,0.04186141592920354,0.08169141592920355,0.8003514159292036,4.094811415929204,0.008801415929203539,0.5530914159292035,0.0006614159292034398,0.00263141592920354,0.31531141592920353,14.158911415929168
37082_2#30,5.823008849557522e-05,5.823008849557522e-05,5.823008849557522e-05,0.11571823008849558,1.1456382300884955,0.04606823008849558,2.5254182300884955,4.015958230088495,0.026358230088495475,8.261898230088496,5.823008849557522e-05,0.7846382300884955,0.9731082300884956,5.823008849557522e-05,0.0013582300884955752,0.031008230088495573,1.1650382300884954,0.045488230088495576,0.15723823008849558,0.8262182300884955,0.013518230088495576,5.823008849557522e-05,0.15279823008849558,8.293858230088496,0.05875823008849558,1.1203482300884955,1.1939182300884954,0.2691982300884956,0.16504823008849548,5.823008849557522e-05,5.823008849557522e-05,0.09826823008849547,0.09838823008849558,0.3602882300884956,5.823008849557522e-05,0.08737823008849557,0.011758230088495575,2.5436482300884955,0.0012182300884955753,0.028398230088495575,0.005638230088495575,1.2043682300884955,0.2350682300884956,0.13359823008849547,0.08854823008849558,3.4243582300884956,0.9116282300884956,0.3449682300884956,0.10759823008849558,0.2544882300884956,0.024588230088495575,0.6284782300884956,0.48408823008849555,1.4966682300884955,0.09320823008849558,0.45024823008849557,0.47792823008849555,0.9270882300884956,1.3133482300884955,0.021318230088495572,0.08024823008849558,0.06240823008849558,0.45062823008849556,0.4549382300884956,0.05108823008849558,0.5539982300884956,5.823008849557522e-05,0.07383823008849558,0.049628230088495574,0.6474782300884956,0.08683823008849557,3.3980082300884953,0.08914823008849558,0.0064082300884955755,0.1595782300884956,0.17490823008849557,0.12611823008849557,0.2774682300884956,0.04372823008849558,0.19028823008849557,0.9961182300884955,5.823008849557522e-05,5.823008849557522e-05,0.22669823008849557,5.823008849557522e-05,0.06273823008849558,0.12442823008849557,0.08500823008849558,0.006968230088495575,5.823008849557522e-05,5.823008849557522e-05,0.7760382300884956,0.058968230088495575,0.014618230088495577,0.0014682300884955753,5.823008849557522e-05,0.33673823008849557,0.4028182300884956,0.04868823008849558,0.007568230088495575,0.046438230088495576,0.019148230088495574,0.026668230088495573,0.032248230088495575,5.823008849557522e-05,0.11484823008849548,5.823008849557522e-05,0.4932382300884956,0.06669823008849558,0.3981482300884956,5.823008849557522e-05,0.022068230088495573,41.4086082300885
37082_2#31,4.088495575221239e-05,0.1772908849557522,4.088495575221239e-05,0.4741408849557522,0.03971088495575221,4.088495575221239e-05,11.741250884955752,0.1333608849557522,0.09055088495575221,0.6554008849557523,0.1941508849557522,6.507180884955752,4.088495575221239e-05,4.088495575221239e-05,0.09216088495575221,5.719100884955753,4.8991108849557525,4.088495575221239e-05,4.088495575221239e-05,0.2434908849557522,0.0008008849557522124,4.088495575221239e-05,0.05639088495575221,0.4110108849557521,0.04294088495575221,0.1296008849557522,3.105080884955752,4.088495575221239e-05,5.956840884955752,0.02281088495575221,4.088495575221239e-05,0.0020608849557522124,1.9547008849557523,0.01688088495575211,0.0023308849557522127,4.088495575221239e-05,4.088495575221239e-05,4.088495575221239e-05,0.03577088495575221,4.088495575221239e-05,0.02442088495575221,0.2576608849557522,4.088495575221239e-05,4.088495575221239e-05,4.088495575221239e-05,9.683380884955753,3.699900884955752,0.2029308849557522,4.088495575221239e-05,0.06264088495575222,1.3949008849557523,4.088495575221239e-05,4.088495575221239e-05,0.012610884955752213,0.03224088495575221,1.0107208849557523,4.088495575221239e-05,4.088495575221239e-05,0.011560884955752212,0.004290884955752213,4.088495575221239e-05,0.005280884955752212,4.088495575221239e-05,5.6267308849557525,0.008370884955752212,0.00037088495575221243,0.2303408849557522,0.4644508849557522,0.009360884955752213,4.088495575221239e-05,4.088495575221239e-05,0.6844708849557523,0.05166088495575221,0.9836308849557522,4.088495575221239e-05,4.088495575221239e-05,0.2137908849557521,4.088495575221239e-05,0.02230088495575221,4.088495575221239e-05,2.015300884955752,4.088495575221239e-05,4.088495575221239e-05,4.088495575221239e-05,0.5628608849557523,4.088495575221239e-05,0.0019908849557522127,0.04287088495575221,0.4159208849557522,0.0038008849557521125,4.088495575221239e-05,0.5406908849557522,0.02953088495575221,0.1252908849557522,0.1409708849557522,4.088495575221239e-05,0.06978088495575221,0.03513088495575221,4.088495575221239e-05,4.088495575221239e-05,4.088495575221239e-05,4.088495575221239e-05,0.05653088495575221,4.088495575221239e-05,4.088495575221239e-05,4.088495575221239e-05,4.088495575221239e-05,4.088495575221239e-05,4.088495575221239e-05,4.088495575221239e-05,0.0019108849557521123,0.2241008849557522,28.32925088495577
37082_2#32,4.4601769911504425e-05,4.4601769911504425e-05,4.4601769911504425e-05,1.0456846017699115,4.4601769911504425e-05,4.4601769911504425e-05,6.9351446017699105,0.021934601769911504,0.029614601769911403,0.5007346017699115,0.4004546017699115,0.8455346017699116,4.4601769911504425e-05,4.4601769911504425e-05,4.4601769911504425e-05,1.0934346017699117,1.1933946017699115,4.4601769911504425e-05,0.0024246017699115045,0.05452460176991151,4.4601769911504425e-05,4.4601769911504425e-05,0.16514460176991153,0.04554460176991151,4.4601769911504425e-05,0.010954601769911504,2.5353846017699118,0.038964601769911504,0.5958946017699115,0.036134601769911505,4.4601769911504425e-05,0.040504601769911504,0.1450546017699115,4.4601769911504425e-05,0.009734601769911503,4.4601769911504425e-05,4.4601769911504425e-05,4.4601769911504425e-05,0.1135346017699115,4.4601769911504425e-05,4.4601769911504425e-05,0.2752446017699114,0.03992460176991151,4.4601769911504425e-05,4.4601769911504425e-05,5.628214601769911,0.005814601769911504,0.37961460176991146,4.4601769911504425e-05,0.037424601769911504,0.4237646017699114,0.0017046017699115044,0.009804601769911504,0.1084946017699115,0.051964601769911405,0.5934946017699114,0.016354601769911502,0.05282460176991151,0.0734246017699115,0.0712046017699115,4.4601769911504425e-05,4.4601769911504425e-05,0.6854646017699114,6.0441646017699115,0.012604601769911404,0.009534601769911404,0.0794346017699115,0.2309346017699115,0.1573846017699115,4.4601769911504425e-05,4.4601769911504425e-05,0.1028246017699115,0.1115346017699114,0.4630146017699114,0.026094601769911404,0.004114601769911504,0.2360846017699115,4.4601769911504425e-05,0.0979346017699115,0.0020946017699115045,0.026554601769911503,4.4601769911504425e-05,4.4601769911504425e-05,0.0645846017699115,0.1037246017699115,4.4601769911504425e-05,4.4601769911504425e-05,0.039984601769911504,0.1110646017699115,4.4601769911504425e-05,4.4601769911504425e-05,2.2119346017699115,0.019934601769911502,4.4601769911504425e-05,0.31273460176991147,0.1577446017699115,1.3334246017699116,0.4378246017699115,0.2395846017699115,0.017514601769911504,4.4601769911504425e-05,0.014344601769911404,4.4601769911504425e-05,4.4601769911504425e-05,4.4601769911504425e-05,0.7538446017699114,4.4601769911504425e-05,0.0025946017699115045,4.4601769911504425e-05,4.4601769911504425e-05,0.03276460176991151,4.239364601769911,57.98642460176993
37082_2#3,4.611036017699115,1.8617060176991151,1.8406560176991151,0.570016017699115,7.421686017699115,1.871756017699115,5.0726060176991155,1.790516017699115,2.6017699115044242e-05,20.921556017699118,0.14417601769911503,2.6017699115044242e-05,0.5886660176991151,0.38580601769911504,2.6017699115044242e-05,0.23192601769911494,0.054406017699115045,0.352726017699115,2.6017699115044242e-05,0.656196017699115,0.060026017699115045,0.13733601769911505,10.165266017699114,0.504666017699115,0.4425760176991149,3.059956017699115,1.053086017699115,0.01923601769911504,0.013446017699115045,2.6017699115044242e-05,2.6017699115044242e-05,0.21986601769911504,0.40772601769911493,2.075986017699115,2.6017699115044242e-05,0.11255601769911505,0.15820601769911505,2.6017699115044242e-05,0.024496017699115042,2.6017699115044242e-05,2.6017699115044242e-05,2.6017699115044242e-05,2.6017699115044242e-05,2.6017699115044242e-05,2.6017699115044242e-05,2.6017699115044242e-05,2.6017699115044242e-05,2.6017699115044242e-05,2.6017699115044242e-05,2.6017699115044242e-05,0.05187601769911505,2.6017699115044242e-05,2.6017699115044242e-05,0.09996601769911505,2.6017699115044242e-05,0.08175601769911504,2.6017699115044242e-05,2.6017699115044242e-05,2.6017699115044242e-05,0.05699601769911505,2.6017699115044242e-05,2.6017699115044242e-05,2.6017699115044242e-05,2.6017699115044242e-05,2.6017699115044242e-05,2.6017699115044242e-05,0.08855601769911504,2.6017699115044242e-05,2.6017699115044242e-05,2.6017699115044242e-05,2.6017699115044242e-05,2.6017699115044242e-05,2.6017699115044242e-05,2.6017699115044242e-05,2.6017699115044242e-05,2.6017699115044242e-05,0.024626017699114943,2.6017699115044242e-05,2.6017699115044242e-05,2.6017699115044242e-05,2.6017699115044242e-05,2.6017699115044242e-05,0.004136017699115044,2.6017699115044242e-05,2.6017699115044242e-05,2.6017699115044242e-05,3.292466017699115,2.6017699115044242e-05,0.03510601769911505,2.6017699115044242e-05,2.6017699115044242e-05,2.6017699115044242e-05,2.6017699115044242e-05,2.6017699115044242e-05,2.6017699115044242e-05,2.6017699115044242e-05,2.6017699115044242e-05,2.6017699115044242e-05,2.6017699115044242e-05,2.6017699115044242e-05,2.6017699115044242e-05,0.11213601769911505,2.6017699115044242e-05,2.6017699115044242e-05,2.6017699115044242e-05,2.6017699115044242e-05,2.6017699115044242e-05,2.6017699115044242e-05,2.6017699115044242e-05,2.6017699115044242e-05,2.6017699115044242e-05,2.6017699115044242e-05,29.32066601769912
37082_2#5,0.4953253097345133,3.538805309734513,0.7631553097345132,5.2723153097345135,2.0382953097345133,0.6662253097345133,3.675865309734513,2.428645309734513,3.530973451327433e-05,10.691535309734514,1.5137553097345133,13.508965309734513,17.776675309734514,0.09050530973451328,3.530973451327433e-05,1.5713953097345135,4.294515309734513,0.08228530973451328,0.8661253097345133,6.781295309734514,0.05736530973451327,0.09736530973451328,1.1487753097345135,0.6490353097345133,0.7874053097345132,2.339025309734513,0.7790953097345132,0.1260553097345133,0.12278530973451328,3.530973451327433e-05,0.17160530973451327,1.2277853097345133,0.008945309734513275,0.06787530973451328,3.530973451327433e-05,0.12292530973451318,3.530973451327433e-05,3.530973451327433e-05,3.530973451327433e-05,0.024165309734513273,3.530973451327433e-05,0.5626953097345133,1.6685053097345133,3.530973451327433e-05,3.530973451327433e-05,0.03828530973451327,3.530973451327433e-05,3.530973451327433e-05,0.014205309734513274,0.03680530973451327,0.9422353097345133,0.11070530973451329,3.530973451327433e-05,0.006575309734513174,3.530973451327433e-05,0.1472353097345133,0.18887530973451327,3.530973451327433e-05,3.530973451327433e-05,0.11271530973451328,3.530973451327433e-05,3.530973451327433e-05,3.530973451327433e-05,3.530973451327433e-05,3.530973451327433e-05,3.530973451327433e-05,0.012125309734513175,3.530973451327433e-05,3.530973451327433e-05,3.530973451327433e-05,2.1037053097345133,3.530973451327433e-05,0.030815309734513272,3.530973451327433e-05,3.530973451327433e-05,3.530973451327433e-05,0.04253530973451327,3.530973451327433e-05,3.530973451327433e-05,3.530973451327433e-05,3.530973451327433e-05,3.530973451327433e-05,0.008885309734513276,0.15876530973451328,3.530973451327433e-05,3.530973451327433e-05,0.015155309734513275,3.530973451327433e-05,3.530973451327433e-05,0.11265530973451328,3.530973451327433e-05,3.530973451327433e-05,3.530973451327433e-05,3.530973451327433e-05,3.530973451327433e-05,3.530973451327433e-05,3.530973451327433e-05,3.530973451327433e-05,3.530973451327433e-05,3.530973451327433e-05,0.005665309734513274,0.32595530973451325,3.530973451327433e-05,3.530973451327433e-05,3.530973451327433e-05,0.049715309734513276,0.17014530973451328,3.530973451327433e-05,3.530973451327433e-05,3.530973451327433e-05,3.530973451327433e-05,3.530973451327433e-05,9.347165309734528
37082_2#6,1.3667377876106195,1.1167277876106194,2.6882677876106196,0.5797577876106194,1.1994177876106193,0.5240777876106195,1.2148977876106193,3.1992077876106197,0.03480778761061937,28.679687787610618,0.03740778761061947,1.2442077876106195,30.82575778761062,0.005867787610619469,3.7787610619469026e-05,0.3420077876106195,1.3355677876106193,3.7787610619469026e-05,1.9981977876106194,1.1228577876106194,0.3237077876106195,0.4993277876106195,0.7675177876106194,0.16843778761061948,0.6632977876106194,0.7634377876106194,0.9230777876106194,0.03314778761061947,0.004637787610619469,0.011687787610619468,1.1841877876106195,0.4122777876106195,0.02319778761061947,0.3609277876106195,0.002657787610619369,3.7787610619469026e-05,0.009887787610619468,3.7787610619469026e-05,3.7787610619469026e-05,0.0011777876106194689,3.7787610619469026e-05,1.4379777876106195,0.008477787610619469,3.7787610619469026e-05,3.7787610619469026e-05,3.7787610619469026e-05,3.7787610619469026e-05,3.7787610619469026e-05,0.024957787610619467,0.007917787610619469,0.4931777876106195,0.22583778761061946,3.7787610619469026e-05,0.2594577876106195,3.7787610619469026e-05,0.3211377876106194,0.03687778761061947,0.013707787610619469,3.7787610619469026e-05,0.6195077876106194,3.7787610619469026e-05,3.7787610619469026e-05,3.7787610619469026e-05,3.7787610619469026e-05,3.7787610619469026e-05,0.011377787610619469,3.7787610619469026e-05,3.7787610619469026e-05,0.15917778761061946,3.7787610619469026e-05,1.3209277876106194,3.7787610619469026e-05,0.3608377876106194,3.7787610619469026e-05,3.7787610619469026e-05,3.7787610619469026e-05,0.08735778761061946,3.7787610619469026e-05,3.7787610619469026e-05,3.7787610619469026e-05,3.7787610619469026e-05,0.013677787610619468,0.09973778761061947,1.2474677876106195,0.02338778761061947,0.02199778761061947,3.7787610619469026e-05,3.7787610619469026e-05,3.7787610619469026e-05,0.8326077876106194,3.7787610619469026e-05,3.7787610619469026e-05,3.7787610619469026e-05,3.7787610619469026e-05,3.7787610619469026e-05,3.7787610619469026e-05,3.7787610619469026e-05,3.7787610619469026e-05,3.7787610619469026e-05,3.7787610619469026e-05,0.24910778761061947,1.2592577876106195,3.7787610619469026e-05,3.7787610619469026e-05,3.7787610619469026e-05,3.7787610619469026e-05,0.7569077876106194,3.7787610619469026e-05,3.7787610619469026e-05,3.7787610619469026e-05,3.7787610619469026e-05,3.7787610619469026e-05,6.437117787610609
37082_2#7,2.168141592920354e-05,2.168141592920354e-05,2.168141592920354e-05,0.8199316814159291,2.168141592920354e-05,0.06298168141592911,7.573431681415929,2.168141592920354e-05,0.0601516814159292,4.635181681415929,0.4468216814159292,5.303001681415929,27.836221681415932,2.168141592920354e-05,2.168141592920354e-05,9.564901681415929,5.096311681415929,2.168141592920354e-05,0.0589516814159292,20.764521681415932,2.168141592920354e-05,2.168141592920354e-05,0.15820168141592922,2.168141592920354e-05,2.168141592920354e-05,4.052371681415929,2.168141592920354e-05,0.5385816814159292,0.0884016814159292,2.168141592920354e-05,2.168141592920354e-05,0.3893116814159292,0.2967416814159292,0.0022816814159292037,2.168141592920354e-05,0.0012016814159292036,2.168141592920354e-05,2.168141592920354e-05,2.168141592920354e-05,0.008581681415929203,2.168141592920354e-05,2.168141592920354e-05,0.012731681415929202,2.168141592920354e-05,2.168141592920354e-05,2.168141592920354e-05,2.168141592920354e-05,2.168141592920354e-05,0.1088216814159292,2.168141592920354e-05,0.7332716814159291,0.3467616814159292,2.168141592920354e-05,2.168141592920354e-05,2.168141592920354e-05,0.18740168141592922,2.168141592920354e-05,2.168141592920354e-05,2.168141592920354e-05,0.028811681415929203,2.168141592920354e-05,2.168141592920354e-05,2.168141592920354e-05,2.168141592920354e-05,2.168141592920354e-05,2.168141592920354e-05,2.168141592920354e-05,2.168141592920354e-05,0.018851681415929203,2.168141592920354e-05,2.168141592920354e-05,2.168141592920354e-05,2.168141592920354e-05,2.168141592920354e-05,2.168141592920354e-05,0.014071681415929103,2.168141592920354e-05,2.168141592920354e-05,0.004571681415929204,2.168141592920354e-05,2.168141592920354e-05,2.168141592920354e-05,0.032411681415929205,2.168141592920354e-05,2.168141592920354e-05,2.168141592920354e-05,2.168141592920354e-05,2.168141592920354e-05,0.0033116814159292038,2.168141592920354e-05,2.168141592920354e-05,2.168141592920354e-05,2.168141592920354e-05,2.168141592920354e-05,0.3077216814159292,2.168141592920354e-05,2.168141592920354e-05,2.168141592920354e-05,2.168141592920354e-05,2.168141592920354e-05,2.168141592920354e-05,2.168141592920354e-05,2.168141592920354e-05,2.168141592920354e-05,2.168141592920354e-05,2.168141592920354e-05,2.168141592920354e-05,2.168141592920354e-05,2.168141592920354e-05,2.168141592920354e-05,0.0969716814159292,2.168141592920354e-05,10.344511681415934
37082_2#8,0.16495265486725663,0.011612654867256636,0.3321826548672566,0.4872526548672566,1.5391726548672566,0.13742265486725663,0.5120826548672567,1.2156826548672566,1.1881726548672567,0.3118026548672566,0.08442265486725664,0.36712265486725665,0.015642654867256637,0.5117826548672567,0.013272654867256636,1.3033126548672567,0.6755826548672567,0.10610265486725665,0.05058265486725664,1.4891226548672565,5.2654867256637166e-05,0.03292265486725664,0.029532654867256636,0.003782654867256637,0.05981265486725654,1.2616926548672567,0.13914265486725652,5.2654867256637166e-05,0.022962654867256637,0.016162654867256637,0.14583265486725663,0.7636426548672567,0.019212654867256637,5.2654867256637166e-05,0.009222654867256637,0.3130926548672566,5.2654867256637166e-05,0.0050926548672566374,5.2654867256637166e-05,0.0014326548672566372,0.011882654867256637,1.4020026548672566,5.738522654867257,5.2654867256637166e-05,5.2654867256637166e-05,5.2654867256637166e-05,5.2654867256637166e-05,5.2654867256637166e-05,0.16487265486725663,0.39631265486725664,0.004852654867256638,5.2654867256637166e-05,0.04097265486725664,0.002262654867256637,0.8143526548672566,0.009872654867256636,3.9967726548672564,0.8247226548672566,5.2654867256637166e-05,0.09599265486725664,5.2654867256637166e-05,0.020812654867256638,0.31671265486725664,5.2654867256637166e-05,5.2654867256637166e-05,0.7458126548672567,0.04140265486725664,0.021342654867256637,0.03348265486725664,5.2654867256637166e-05,5.2654867256637166e-05,9.221232654867256,0.8879626548672566,5.2654867256637166e-05,0.009742654867256636,5.2654867256637166e-05,0.14865265486725662,0.0075826548672566375,0.002422654867256637,0.14677265486725663,5.2654867256637166e-05,0.0013626548672566372,0.15607265486725663,0.026032654867256637,5.2654867256637166e-05,1.1278726548672566,0.6491826548672567,0.026722654867256536,5.2654867256637166e-05,0.15214265486725662,0.06859265486725664,5.2654867256637166e-05,0.00033265486725663715,0.04992265486725664,0.026992654867256636,0.06895265486725664,5.2654867256637166e-05,0.5016126548672567,0.004882654867256637,5.2654867256637166e-05,0.004292654867256637,0.6282826548672567,5.2654867256637166e-05,5.2654867256637166e-05,0.017352654867256637,0.03677265486725654,0.38093265486725664,0.03295265486725664,0.004202654867256637,0.08808265486725664,0.031172654867256636,5.2654867256637166e-05,57.46565265486727
37082_2#9,1.4329783185840708,0.6036583185840708,0.8003983185840708,0.1873983185840708,0.2487583185840708,4.8318584070796455e-05,0.1448883185840707,1.3112283185840707,4.8318584070796455e-05,3.468108318584071,0.005808318584070797,0.2519383185840708,4.8318584070796455e-05,2.175248318584071,4.8318584070796455e-05,4.8318584070796455e-05,1.3085383185840707,0.0065183185840707964,0.18127831858407079,0.7556483185840708,0.004568318584070696,0.26577831858407075,0.0318283185840708,4.8318584070796455e-05,0.059728318584070794,0.5590083185840709,0.028388318584070798,0.011898318584070797,0.044348318584070796,0.011478318584070796,1.1015083185840706,0.0459883185840708,0.1431783185840708,4.8318584070796455e-05,0.1272283185840708,0.006748318584070797,4.8318584070796455e-05,4.8318584070796455e-05,4.8318584070796455e-05,4.8318584070796455e-05,4.8318584070796455e-05,2.0683583185840706,4.8318584070796455e-05,4.8318584070796455e-05,4.8318584070796455e-05,4.8318584070796455e-05,0.27077831858407075,4.8318584070796455e-05,0.020998318584070797,0.4202883185840708,0.032858318584070796,4.8318584070796455e-05,4.8318584070796455e-05,1.0117083185840707,4.8318584070796455e-05,0.2713083185840708,0.052458318584070796,4.8318584070796455e-05,4.8318584070796455e-05,1.5521783185840707,0.025028318584070796,0.0002983185840707965,0.38518831858407077,0.1145583185840708,4.8318584070796455e-05,0.0333383185840708,0.005738318584070797,4.8318584070796455e-05,4.8318584070796455e-05,0.008868318584070797,4.8318584070796455e-05,0.7612383185840709,4.8318584070796455e-05,4.8318584070796455e-05,0.04918831858407079,4.8318584070796455e-05,0.1564183185840708,0.1104083185840708,0.008578318584070797,0.9706983185840709,4.8318584070796455e-05,0.00034831858407079647,0.003988318584070796,0.7210283185840708,4.8318584070796455e-05,4.8318584070796455e-05,1.1413283185840708,0.12665831858407078,4.8318584070796455e-05,1.3572783185840707,4.8318584070796455e-05,4.8318584070796455e-05,0.037928318584070794,0.006908318584070696,0.0886483185840708,0.0412483185840708,0.8059983185840708,10.578778318584071,1.3335483185840706,0.029658318584070798,0.5057683185840708,0.4723583185840708,0.013868318584070796,0.0382383185840708,0.027358318584070798,0.11253831858407079,0.4582583185840708,0.024168318584070796,0.3026083185840708,0.1712883185840708,0.006838318584070796,2.7977683185840707,55.13934831858407
37082_3#10,5.327433628318583e-05,1.358073274336283,5.327433628318583e-05,0.18784327433628317,5.327433628318583e-05,5.327433628318583e-05,1.080953274336283,0.5259932743362833,0.13592327433628318,7.8728332743362825,5.327433628318583e-05,0.4026032743362832,0.006413274336283185,5.327433628318583e-05,0.001233274336283186,0.10240327433628318,0.3501932743362831,5.327433628318583e-05,0.08390327433628318,0.020993274336283188,0.003003274336283186,5.327433628318583e-05,0.23264327433628307,0.10299327433628308,5.327433628318583e-05,0.06384327433628319,1.328073274336283,5.327433628318583e-05,0.18005327433628318,5.327433628318583e-05,5.327433628318583e-05,0.044953274336283086,0.22159327433628317,5.327433628318583e-05,0.012533274336283186,0.04027327433628319,5.327433628318583e-05,0.0028232743362830858,0.0870932743362832,5.327433628318583e-05,0.010803274336283185,0.19149327433628308,0.14780327433628318,5.327433628318583e-05,5.327433628318583e-05,2.3426532743362833,0.0007932743362831858,0.09698327433628309,5.327433628318583e-05,0.09842327433628319,0.7132632743362832,0.21134327433628317,0.11279327433628318,0.5394132743362832,0.029303274336283186,0.6565832743362832,0.004233274336283186,0.1523332743362832,0.025463274336283186,0.15397327433628316,5.327433628318583e-05,0.09774327433628319,1.3208932743362831,1.3943532743362832,0.014423274336283185,0.047473274336283185,0.04003327433628319,0.19134327433628318,5.327433628318583e-05,0.015223274336283186,5.327433628318583e-05,1.4078532743362833,0.04585327433628319,0.21100327433628308,0.017853274336283188,0.007333274336283185,0.2586132743362832,0.3348332743362832,0.049573274336283085,5.327433628318583e-05,0.4586332743362832,5.327433628318583e-05,5.327433628318583e-05,0.4805732743362831,0.15985327433628319,0.14818327433628317,1.742093274336283,0.13380327433628317,0.4521032743362831,0.7787332743362833,0.0018832743362831859,0.7245632743362832,0.06433327433628319,0.007403274336283186,0.07808327433628319,0.02166327433628319,5.6269132743362835,1.5805932743362832,0.03128327433628319,0.13426327433628307,0.04247327433628319,5.327433628318583e-05,0.010703274336283186,5.327433628318583e-05,0.023683274336283186,0.5484732743362831,0.0005832743362831858,0.0032132743362831857,5.327433628318583e-05,0.21717327433628317,0.040603274336283086,0.3300332743362832,60.76536327433629
37082_3#11,3.530973451327433e-05,5.4362853097345125,3.530973451327433e-05,0.6625553097345133,0.044615309734513275,0.08352530973451328,2.933325309734513,0.26206530973451325,3.530973451327433e-05,1.3281453097345133,0.006895309734513174,3.7418453097345132,2.0080453097345132,3.530973451327433e-05,3.530973451327433e-05,0.6850453097345133,3.055995309734513,3.530973451327433e-05,0.015395309734513274,1.9624053097345133,3.530973451327433e-05,3.530973451327433e-05,1.1799053097345134,10.506065309734513,1.4946653097345133,0.6532253097345133,1.7565853097345134,3.530973451327433e-05,0.12552530973451317,3.530973451327433e-05,3.530973451327433e-05,0.48250530973451317,2.258845309734513,3.530973451327433e-05,3.530973451327433e-05,3.530973451327433e-05,3.530973451327433e-05,0.010515309734513275,3.530973451327433e-05,3.530973451327433e-05,3.530973451327433e-05,0.27414530973451323,3.530973451327433e-05,3.530973451327433e-05,3.530973451327433e-05,2.035885309734513,3.530973451327433e-05,2.085085309734513,0.08994530973451317,0.07156530973451328,0.5193753097345133,0.029735309734513174,0.23083530973451327,0.1316053097345133,3.530973451327433e-05,4.872325309734513,3.530973451327433e-05,3.530973451327433e-05,0.016195309734513275,3.530973451327433e-05,0.1613853097345133,3.530973451327433e-05,0.42591530973451325,3.530973451327433e-05,3.530973451327433e-05,0.17986530973451328,0.0015453097345132743,0.16278530973451327,3.530973451327433e-05,0.01805530973451327,2.479935309734513,2.3711553097345135,3.530973451327433e-05,0.07311530973451329,3.530973451327433e-05,3.530973451327433e-05,0.38105530973451324,0.17280530973451327,3.530973451327433e-05,0.23424530973451327,3.530973451327433e-05,3.530973451327433e-05,3.530973451327433e-05,0.030875309734513273,3.530973451327433e-05,3.530973451327433e-05,0.9137053097345132,0.1334653097345133,3.530973451327433e-05,0.006445309734513274,3.530973451327433e-05,3.530973451327433e-05,0.12025530973451327,3.530973451327433e-05,0.042005309734513274,3.530973451327433e-05,4.895675309734513,3.530973451327433e-05,3.530973451327433e-05,3.530973451327433e-05,3.530973451327433e-05,1.0354853097345134,3.530973451327433e-05,3.530973451327433e-05,3.530973451327433e-05,0.4047953097345133,3.530973451327433e-05,3.530973451327433e-05,3.530973451327433e-05,3.530973451327433e-05,0.007575309734513274,3.530973451327433e-05,34.69519530973451
37082_3#12,0.008476371681415929,5.6371681415929195e-05,5.6371681415929195e-05,0.3722963716814159,1.6300263716814158,0.11958637168141592,1.7237363716814158,16.131906371681417,0.01433637168141593,16.498726371681414,0.00952637168141593,0.5792463716814159,0.7792863716814159,5.6371681415929195e-05,0.02171637168141593,0.5465763716814158,2.026616371681416,0.3475963716814159,0.16273637168141594,1.039756371681416,0.9342163716814159,5.6371681415929195e-05,0.2645663716814159,2.441906371681416,0.14016637168141594,2.046486371681416,1.182276371681416,0.7035863716814159,0.04625637168141593,0.01015637168141593,5.6371681415929195e-05,0.4282663716814159,5.6371681415929195e-05,0.2841563716814159,0.09291637168141592,0.01458637168141593,0.21472637168141592,0.660416371681416,0.0012463716814159293,0.0017663716814159292,0.018926371681415928,2.0978863716814162,0.05071637168141593,0.3966363716814159,5.6371681415929195e-05,1.596786371681416,1.349126371681416,0.4095763716814159,0.08412637168141582,0.5808263716814158,0.02923637168141593,1.584216371681416,0.24519637168141584,5.6371681415929195e-05,0.03373637168141593,1.2278763716814158,5.6371681415929195e-05,0.01981637168141593,0.19196637168141584,0.014806371681415829,5.6371681415929195e-05,0.19661637168141594,0.4464563716814159,0.2610563716814158,0.3515663716814159,0.18101637168141593,5.6371681415929195e-05,0.00903637168141593,0.06278637168141592,0.2653063716814159,0.09398637168141592,0.3974263716814159,0.06629637168141592,0.20874637168141594,0.09799637168141592,0.02500637168141593,0.21986637168141593,0.08989637168141593,0.07140637168141592,0.02857637168141583,0.03214637168141593,5.6371681415929195e-05,0.08203637168141592,0.3000263716814159,0.007916371681415929,5.6371681415929195e-05,0.057376371681415926,0.15653637168141593,5.6371681415929195e-05,5.6371681415929195e-05,0.046046371681415926,0.11630637168141593,0.015076371681415929,0.05189637168141593,5.6371681415929195e-05,5.6371681415929195e-05,1.2085263716814159,0.5597463716814159,5.6371681415929195e-05,0.01517637168141593,0.02984637168141593,0.18247637168141595,0.3231963716814159,0.01525637168141583,5.6371681415929195e-05,0.009406371681415929,5.6371681415929195e-05,0.02904637168141593,5.6371681415929195e-05,0.005786371681415929,5.6371681415929195e-05,0.03231637168141593,32.23826637168139
37082_3#13,5.389380530973451e-05,0.22699389380530974,0.2594638938053097,0.03960389380530963,0.21000389380530965,0.24168389380530975,4.09193389380531,0.14525389380530976,0.14585389380530975,7.91785389380531,0.20583389380530975,1.1984638938053098,0.6597138938053098,5.389380530973451e-05,5.389380530973451e-05,0.7374538938053097,1.18980389380531,5.389380530973451e-05,0.12799389380530965,1.6166838938053099,0.005333893805309734,5.389380530973451e-05,0.6270738938053096,0.35069389380530963,0.07820389380530973,0.8829538938053098,0.07086389380530973,5.389380530973451e-05,1.41194389380531,5.389380530973451e-05,0.16482389380530973,0.19074389380530965,0.25293389380530973,5.389380530973451e-05,0.004413893805309734,0.07411389380530974,5.389380530973451e-05,5.389380530973451e-05,0.4008838938053097,0.007513893805309634,0.024803893805309733,0.7575638938053098,5.389380530973451e-05,0.18471389380530975,5.389380530973451e-05,6.58123389380531,1.54016389380531,0.3060038938053096,0.018373893805309734,0.46131389380530974,0.027083893805309733,3.5527338938053097,5.389380530973451e-05,0.22813389380530974,0.07868389380530974,0.5893938938053097,5.389380530973451e-05,1.2716138938053099,0.23986389380530976,5.389380530973451e-05,0.027533893805309736,0.07090389380530973,0.6948138938053098,0.7138338938053097,0.060783893805309734,5.389380530973451e-05,0.045713893805309734,0.14601389380530974,0.0011338938053097344,0.004223893805309734,5.389380530973451e-05,0.9569638938053098,5.389380530973451e-05,0.4161038938053097,0.060923893805309735,0.024263893805309734,0.3373838938053097,0.004453893805309734,0.010523893805309735,0.04004389380530973,0.3773638938053097,5.389380530973451e-05,0.11511389380530973,0.19466389380530974,0.7174438938053097,0.037333893805309736,0.07382389380530974,0.22987389380530976,0.13421389380530974,5.389380530973451e-05,0.006993893805309734,0.4706538938053097,0.056593893805309735,0.10757389380530974,0.05207389380530973,3.8153238938053096,16.08011389380531,0.08140389380530974,3.1495238938053096,0.0024938938053097348,5.389380530973451e-05,0.4220838938053097,5.389380530973451e-05,5.389380530973451e-05,0.0006338938053097344,5.389380530973451e-05,5.389380530973451e-05,0.0020538938053097345,0.14860389380530975,5.389380530973451e-05,0.3422838938053097,0.16740389380530976,30.198573893805314
37082_3#14,0.0839946017699115,5.1757346017699115,0.030354601769911504,0.018874601769911504,0.1124246017699115,0.0708146017699115,10.968944601769913,0.1997646017699115,12.621264601769912,13.211174601769912,4.4601769911504425e-05,3.0247546017699114,4.4601769911504425e-05,0.051864601769911506,4.4601769911504425e-05,7.225164601769911,0.6176746017699115,4.4601769911504425e-05,0.6700046017699115,0.7885346017699115,2.7187446017699117,0.004964601769911504,0.0768346017699115,0.15775460176991152,0.034074601769911506,0.0913346017699115,0.1144646017699115,0.010234601769911504,0.04058460176991151,4.4601769911504425e-05,0.013984601769911504,3.281204601769912,0.5181346017699116,0.016294601769911404,4.4601769911504425e-05,4.4601769911504425e-05,4.4601769911504425e-05,4.4601769911504425e-05,0.22162460176991153,4.4601769911504425e-05,4.4601769911504425e-05,0.37767460176991147,4.4601769911504425e-05,4.4601769911504425e-05,4.4601769911504425e-05,0.13577460176991152,4.4601769911504425e-05,4.4601769911504425e-05,4.4601769911504425e-05,0.6285846017699115,0.015964601769911504,0.6061246017699115,4.4601769911504425e-05,3.780574601769912,4.4601769911504425e-05,0.06177460176991151,0.032344601769911406,4.4601769911504425e-05,0.0647646017699115,0.20741460176991153,0.0020946017699115045,0.0035746017699115045,0.0896146017699115,0.1243346017699114,4.4601769911504425e-05,0.058014601769911404,0.006754601769911504,0.0712146017699115,4.4601769911504425e-05,4.4601769911504425e-05,0.5152946017699115,4.4601769911504425e-05,4.4601769911504425e-05,0.2174846017699114,0.002854601769911505,0.1294346017699115,0.011054601769911503,4.4601769911504425e-05,0.010554601769911404,0.03272460176991151,4.4601769911504425e-05,0.025714601769911503,0.046154601769911506,0.1812846017699115,0.006014601769911505,0.0834046017699114,0.010914601769911504,0.1769246017699115,0.014944601769911404,0.018214601769911503,4.4601769911504425e-05,4.4601769911504425e-05,4.4601769911504425e-05,0.03997460176991151,0.028934601769911503,4.4601769911504425e-05,4.4601769911504425e-05,4.4601769911504425e-05,4.4601769911504425e-05,4.4601769911504425e-05,4.4601769911504425e-05,4.4601769911504425e-05,4.4601769911504425e-05,0.013214601769911504,0.4937746017699115,0.1709046017699115,0.9510446017699115,4.4601769911504425e-05,0.1284646017699115,4.4601769911504425e-05,0.0018046017699115044,4.4601769911504425e-05,28.248904601769844
37082_3#15,5.5132743362831854e-05,0.017505132743362732,5.5132743362831854e-05,0.4072951327433628,0.05355513274336283,0.01586513274336283,3.3096451327433627,0.47536513274336284,5.5132743362831854e-05,1.0645451327433628,5.5132743362831854e-05,0.9054851327433628,0.05663513274336283,5.5132743362831854e-05,0.05227513274336273,0.07293513274336283,1.1290151327433628,0.04105513274336273,0.061705132743362825,2.7801951327433625,0.02928513274336283,5.5132743362831854e-05,1.0149651327433629,0.13767513274336285,0.0016251327433628318,0.056585132743362826,1.2578451327433628,5.5132743362831854e-05,0.3401251327433628,5.5132743362831854e-05,0.014235132743362832,0.001575132743362832,0.6019651327433629,5.5132743362831854e-05,0.05999513274336283,0.0028851327433628317,5.5132743362831854e-05,0.03498513274336283,0.18536513274336283,0.014305132743362831,0.08248513274336283,1.9769551327433628,0.16400513274336284,0.06690513274336282,0.001165132743362832,5.005185132743363,1.0969451327433628,0.4401851327433628,5.5132743362831854e-05,0.19901513274336274,0.13466513274336284,0.8089751327433629,0.003135132743362832,0.026185132743362833,0.2683151327433628,0.7394351327433629,0.16212513274336285,0.23736513274336285,0.002765132743362832,0.4997051327433628,5.5132743362831854e-05,0.11321513274336283,0.12769513274336283,0.46476513274336284,0.08443513274336283,0.051645132743362826,0.8036851327433628,0.27493513274336284,0.001585132743362832,5.5132743362831854e-05,0.001405132743362732,1.939125132743363,0.05983513274336283,0.4131651327433628,5.5132743362831854e-05,5.5132743362831854e-05,0.27758513274336283,0.008575132743362832,0.012895132743362831,0.0016851327433628318,0.7954851327433629,5.5132743362831854e-05,0.027715132743362833,0.030115132743362832,0.07259513274336282,0.010995132743362732,0.007815132743362832,0.021335132743362833,0.6598951327433629,0.018945132743362833,0.022255132743362733,1.676485132743363,0.16132513274336285,5.5132743362831854e-05,0.051025132743362726,5.5132743362831854e-05,12.242995132743363,0.17205513274336284,0.056495132743362826,0.012585132743362832,5.5132743362831854e-05,0.02223513274336283,0.0025851327433628318,5.5132743362831854e-05,5.5132743362831854e-05,0.4137651327433628,5.5132743362831854e-05,5.5132743362831854e-05,0.010935132743362832,5.5132743362831854e-05,0.06493513274336282,0.06371513274336282,52.63214513274335
37082_3#17,3.902654867256637e-05,0.018329026548672467,3.902654867256637e-05,1.0367190265486725,0.03191902654867257,0.040749026548672566,1.3776390265486727,1.3988390265486725,3.902654867256637e-05,0.5194790265486726,3.902654867256637e-05,0.5328490265486726,0.9481790265486726,3.902654867256637e-05,0.0003190265486725664,0.21851902654867256,0.5132090265486725,0.019029026548672567,0.0003290265486725664,3.4689590265486725,0.04328902654867257,3.902654867256637e-05,1.2126390265486724,6.3760990265486726,11.848519026548672,0.4683890265486726,2.665889026548673,3.902654867256637e-05,0.09243902654867256,3.902654867256637e-05,3.902654867256637e-05,3.902654867256637e-05,0.038369026548672566,3.902654867256637e-05,3.902654867256637e-05,3.902654867256637e-05,3.902654867256637e-05,0.16773902654867257,0.20554902654867258,3.902654867256637e-05,3.902654867256637e-05,0.9892390265486726,0.16071902654867257,0.0007490265486725663,3.902654867256637e-05,1.3536890265486725,1.2310790265486724,0.2760490265486726,3.902654867256637e-05,3.902654867256637e-05,0.04694902654867257,0.15992902654867255,0.024769026548672565,3.902654867256637e-05,0.10766902654867257,1.9841990265486724,3.902654867256637e-05,0.06097902654867257,3.902654867256637e-05,3.902654867256637e-05,3.902654867256637e-05,0.04075902654867257,3.902654867256637e-05,0.5679790265486726,0.021449026548672565,3.902654867256637e-05,0.11430902654867256,0.10541902654867256,3.902654867256637e-05,0.011809026548672566,0.005489026548672566,1.6685490265486724,3.902654867256637e-05,0.09008902654867257,3.902654867256637e-05,0.008729026548672466,0.19042902654867255,0.14543902654867255,0.12081902654867256,0.007269026548672566,0.36928902654867257,3.902654867256637e-05,3.902654867256637e-05,3.902654867256637e-05,0.018499026548672567,0.24914902654867258,0.13126902654867256,0.21013902654867248,0.07255902654867256,3.902654867256637e-05,3.902654867256637e-05,0.5928190265486726,0.09157902654867256,0.030659026548672565,3.902654867256637e-05,3.902654867256637e-05,3.902654867256637e-05,0.0029990265486725667,3.902654867256637e-05,3.902654867256637e-05,3.902654867256637e-05,3.902654867256637e-05,2.229999026548673,3.902654867256637e-05,3.902654867256637e-05,3.902654867256637e-05,3.902654867256637e-05,3.902654867256637e-05,3.902654867256637e-05,3.902654867256637e-05,3.902654867256637e-05,3.902654867256637e-05,53.260549026548674
37082_3#19,5.389380530973451e-05,3.3089838938053098,5.389380530973451e-05,0.38483389380530975,0.009213893805309735,5.389380530973451e-05,0.6592338938053097,0.10879389380530964,0.015683893805309733,1.4663938938053098,0.010983893805309734,0.5646038938053097,0.030713893805309735,5.389380530973451e-05,0.0025638938053097345,0.06175389380530973,0.6537038938053097,0.007923893805309733,0.10374389380530963,0.17353389380530976,0.007863893805309734,5.389380530973451e-05,0.22036389380530974,0.0019838938053097347,0.014893893805309734,0.13808389380530975,0.4843638938053097,5.389380530973451e-05,0.4054338938053097,5.389380530973451e-05,0.0017538938053096344,0.0014738938053097345,0.22823389380530976,5.389380530973451e-05,5.389380530973451e-05,0.0048538938053097344,5.389380530973451e-05,5.389380530973451e-05,0.06018389380530973,0.0024238938053097346,0.11925389380530974,0.5931938938053097,5.389380530973451e-05,0.05451389380530963,5.389380530973451e-05,0.7057238938053096,0.7598438938053098,0.7786738938053097,0.011373893805309735,0.08460389380530974,0.18142389380530974,0.08200389380530973,0.013573893805309734,0.09141389380530973,5.389380530973451e-05,0.06333389380530974,0.4222638938053097,0.04103389380530974,0.17815389380530974,0.03877389380530973,5.389380530973451e-05,0.0004438938053096345,0.17409389380530974,0.3243038938053097,0.011393893805309734,0.044773893805309634,0.10495389380530973,0.06284389380530973,5.389380530973451e-05,5.389380530973451e-05,0.011863893805309734,0.7057338938053097,0.08402389380530974,0.09975389380530973,0.004963893805309734,0.009563893805309734,0.23843389380530974,0.0021338938053097347,0.058723893805309735,0.013993893805309734,0.03908389380530974,5.389380530973451e-05,5.389380530973451e-05,0.009613893805309734,0.19563389380530974,0.06168389380530973,0.0006738938053097344,0.24836389380530974,0.11489389380530964,5.389380530973451e-05,5.389380530973451e-05,0.6323738938053097,0.027883893805309735,5.389380530973451e-05,0.16663389380530974,0.0014338938053097344,21.69001389380531,0.08217389380530973,0.3349438938053097,0.005213893805309634,0.004493893805309734,0.029363893805309734,0.08295389380530974,5.389380530973451e-05,5.389380530973451e-05,2.73747389380531,0.0033938938053097345,5.389380530973451e-05,5.389380530973451e-05,0.021553893805309733,0.018833893805309733,0.13563389380530974,58.04855389380529
37082_3#1,4.5840707964601766e-05,0.20885584070796462,4.5840707964601766e-05,1.6270058407079646,4.5840707964601766e-05,4.5840707964601766e-05,7.528075840707965,0.010485840707964602,0.0062958407079646015,12.747735840707964,0.020795840707964502,1.1703458407079645,1.5672158407079646,4.5840707964601766e-05,4.5840707964601766e-05,0.0061458407079646015,4.441215840707965,4.5840707964601766e-05,0.0203358407079646,2.109615840707965,4.5840707964601766e-05,4.5840707964601766e-05,0.2061758407079646,0.8290758407079646,4.5840707964601766e-05,0.0441258407079646,0.2883558407079646,4.5840707964601766e-05,1.1330358407079646,0.0253058407079646,4.5840707964601766e-05,0.009075840707964602,0.36373584070796455,4.5840707964601766e-05,0.0183658407079646,4.5840707964601766e-05,4.5840707964601766e-05,0.0038758407079646016,0.014665840707964601,0.012175840707964602,0.0404258407079646,0.3038158407079646,4.5840707964601766e-05,0.007195840707964601,4.5840707964601766e-05,3.029915840707965,11.139125840707965,0.6871058407079647,4.5840707964601766e-05,0.1320858407079645,0.4379258407079646,0.16364584070796462,4.5840707964601766e-05,4.5840707964601766e-05,0.0220458407079646,0.2886858407079645,1.2172558407079646,0.0023858407079646016,0.1060858407079646,4.5840707964601766e-05,4.5840707964601766e-05,0.0032558407079646017,0.3081058407079646,0.8436858407079647,4.5840707964601766e-05,0.4103958407079646,0.2402658407079646,0.1955558407079646,0.0011758407079646017,0.029665840707964502,4.5840707964601766e-05,0.2672658407079646,0.1554958407079646,0.2334458407079645,0.0025458407079646016,0.07414584070796461,0.0508158407079645,4.5840707964601766e-05,0.0532958407079646,0.011335840707964501,4.5840707964601766e-05,4.5840707964601766e-05,0.009805840707964602,4.5840707964601766e-05,0.8184658407079646,4.5840707964601766e-05,4.5840707964601766e-05,0.09009584070796461,0.0658458407079646,0.0014758407079646018,0.0571658407079646,4.5840707964601766e-05,0.0080858407079646,4.5840707964601766e-05,0.0364858407079646,0.1392458407079646,2.9131958407079646,0.1936558407079646,0.45028584070796457,0.0149358407079646,0.009965840707964602,0.1791158407079646,4.5840707964601766e-05,4.5840707964601766e-05,4.5840707964601766e-05,2.4901558407079647,4.5840707964601766e-05,4.5840707964601766e-05,4.5840707964601766e-05,4.5840707964601766e-05,0.009875840707964602,0.0603258407079646,37.57977584070795
37082_3#20,2.5398230088495575e-05,5.590745398230089,2.5398230088495575e-05,0.2418053982300885,0.1463853982300885,0.1119253982300885,1.3447953982300884,0.0018453982300883956,2.5398230088495575e-05,0.013785398230088496,0.2379853982300885,2.7032453982300884,0.0056653982300884954,2.5398230088495575e-05,2.5398230088495575e-05,0.0696653982300885,1.1968153982300884,2.5398230088495575e-05,2.5398230088495575e-05,0.4515653982300885,2.5398230088495575e-05,2.5398230088495575e-05,0.1888153982300885,6.499195398230089,0.007085398230088496,0.011525398230088496,1.4310453982300884,2.5398230088495575e-05,0.5855453982300884,2.5398230088495575e-05,2.5398230088495575e-05,2.5398230088495575e-05,2.5398230088495575e-05,2.5398230088495575e-05,2.5398230088495575e-05,0.005565398230088496,2.5398230088495575e-05,0.010795398230088496,0.05944539823008839,2.5398230088495575e-05,2.5398230088495575e-05,0.004905398230088496,2.5398230088495575e-05,0.013465398230088495,2.5398230088495575e-05,11.354785398230089,25.13357539823009,1.1832253982300884,2.5398230088495575e-05,2.5398230088495575e-05,2.5398230088495575e-05,2.5398230088495575e-05,2.5398230088495575e-05,2.5398230088495575e-05,2.5398230088495575e-05,0.6154553982300885,2.5398230088495575e-05,0.04384539823008849,2.5398230088495575e-05,2.5398230088495575e-05,2.5398230088495575e-05,2.5398230088495575e-05,2.5398230088495575e-05,0.9466553982300885,2.5398230088495575e-05,2.5398230088495575e-05,0.5183253982300885,0.1637853982300885,2.5398230088495575e-05,2.5398230088495575e-05,2.5398230088495575e-05,0.004325398230088495,2.5398230088495575e-05,0.4327053982300885,2.5398230088495575e-05,0.012575398230088495,0.014095398230088495,2.5398230088495575e-05,2.5398230088495575e-05,2.5398230088495575e-05,0.5603953982300884,2.5398230088495575e-05,2.5398230088495575e-05,2.5398230088495575e-05,0.07632539823008849,2.5398230088495575e-05,2.5398230088495575e-05,2.5398230088495575e-05,0.017255398230088495,2.5398230088495575e-05,2.5398230088495575e-05,2.5398230088495575e-05,2.5398230088495575e-05,2.5398230088495575e-05,0.2182053982300885,2.5398230088495575e-05,2.5398230088495575e-05,2.5398230088495575e-05,2.5398230088495575e-05,2.5398230088495575e-05,2.5398230088495575e-05,2.5398230088495575e-05,2.5398230088495575e-05,2.5398230088495575e-05,2.5398230088495575e-05,2.5398230088495575e-05,2.5398230088495575e-05,2.5398230088495575e-05,2.5398230088495575e-05,2.5398230088495575e-05,2.5398230088495575e-05,2.5398230088495575e-05,37.76901539823009
37082_3#21,0.019102654867256538,0.27132265486725665,5.2654867256637166e-05,0.09941265486725653,0.029072654867256537,0.05921265486725664,5.672672654867257,0.013682654867256637,0.03275265486725664,7.159162654867257,0.030842654867256635,2.8296826548672565,0.04114265486725664,5.2654867256637166e-05,0.03823265486725664,0.0028626548672566372,4.856272654867257,0.2864426548672566,0.08379265486725664,1.2004126548672567,0.16163265486725661,5.2654867256637166e-05,0.36256265486725664,0.05304265486725664,0.15656265486725662,0.9074226548672567,1.1280626548672565,5.2654867256637166e-05,1.2122926548672566,0.08109265486725664,5.2654867256637166e-05,0.03507265486725654,0.4064926548672566,5.2654867256637166e-05,0.25705265486725654,5.2654867256637166e-05,5.2654867256637166e-05,0.012252654867256636,0.006682654867256638,0.005722654867256537,0.012672654867256637,3.1026426548672568,0.03649265486725664,0.14883265486725664,5.2654867256637166e-05,0.6395926548672567,5.229682654867257,6.379522654867257,5.2654867256637166e-05,0.4645626548672566,0.22451265486725663,5.2654867256637166e-05,5.2654867256637166e-05,0.3562626548672566,0.024442654867256636,0.007312654867256637,1.0416226548672565,5.2654867256637166e-05,0.15467265486725662,1.7898726548672568,0.03151265486725664,5.2654867256637166e-05,1.1330926548672566,0.6520826548672567,0.1318526548672566,0.021782654867256637,0.04700265486725664,0.04454265486725664,0.0046026548672566375,5.2654867256637166e-05,5.2654867256637166e-05,0.8909126548672566,5.2654867256637166e-05,0.2993226548672566,0.17696265486725662,5.2654867256637166e-05,0.11217265486725664,0.05310265486725664,0.009722654867256637,5.2654867256637166e-05,0.5656826548672567,5.2654867256637166e-05,5.2654867256637166e-05,0.03294265486725664,0.13342265486725663,5.2654867256637166e-05,0.013192654867256636,0.4364726548672566,0.05893265486725664,0.19873265486725664,0.003932654867256638,0.5707826548672567,0.027852654867256636,0.022032654867256637,0.019932654867256636,0.3651026548672566,3.0808226548672564,1.5138826548672566,0.0071126548672566375,5.2654867256637166e-05,5.2654867256637166e-05,5.2654867256637166e-05,0.7305026548672566,0.007162654867256637,5.2654867256637166e-05,5.2654867256637166e-05,5.2654867256637166e-05,0.10451265486725664,0.13716265486725662,0.16147265486725662,0.12110265486725665,0.08936265486725664,40.86302265486727
37082_3#22,3.902654867256637e-05,0.23132902654867246,3.902654867256637e-05,0.05084902654867257,0.04179902654867257,3.902654867256637e-05,0.9139890265486726,0.013359026548672567,0.011609026548672565,0.5981890265486726,0.0015790265486725664,0.6544590265486726,0.09053902654867256,3.902654867256637e-05,3.902654867256637e-05,0.17740902654867255,0.4144490265486726,3.902654867256637e-05,3.902654867256637e-05,0.3345990265486726,0.06755902654867256,3.902654867256637e-05,0.12137902654867247,0.2575590265486726,2.6814790265486725,0.07234902654867256,3.860009026548673,0.008399026548672566,0.3739190265486726,3.902654867256637e-05,3.902654867256637e-05,2.3563790265486726,0.22123902654867256,3.902654867256637e-05,3.902654867256637e-05,0.08085902654867257,3.902654867256637e-05,0.0005190265486725664,0.07414902654867256,0.0006090265486725664,0.015069026548672567,0.21312902654867255,3.902654867256637e-05,3.902654867256637e-05,3.902654867256637e-05,1.5159090265486725,1.0637090265486724,0.07771902654867256,3.902654867256637e-05,3.902654867256637e-05,0.019339026548672564,0.03257902654867257,3.902654867256637e-05,3.902654867256637e-05,0.05249902654867247,0.11557902654867246,3.902654867256637e-05,0.16056902654867256,3.902654867256637e-05,0.0038090265486724665,3.902654867256637e-05,3.902654867256637e-05,0.004719026548672566,0.3778690265486726,0.005669026548672566,0.013429026548672566,0.005619026548672566,0.06570902654867246,3.902654867256637e-05,3.902654867256637e-05,3.902654867256637e-05,0.09224902654867256,0.020689026548672565,0.2578390265486726,3.902654867256637e-05,0.09883902654867256,0.018119026548672566,3.902654867256637e-05,0.0004890265486725663,3.902654867256637e-05,0.08705902654867256,3.902654867256637e-05,3.902654867256637e-05,3.902654867256637e-05,0.06526902654867256,0.05265902654867257,3.902654867256637e-05,3.902654867256637e-05,0.12324902654867256,0.00011902654867256636,3.902654867256637e-05,0.17450902654867256,0.004829026548672566,0.005699026548672566,0.3844690265486726,3.902654867256637e-05,0.4968590265486725,3.902654867256637e-05,3.902654867256637e-05,3.902654867256637e-05,3.902654867256637e-05,3.902654867256637e-05,0.030259026548672466,3.902654867256637e-05,3.902654867256637e-05,0.48173902654867257,3.902654867256637e-05,3.902654867256637e-05,3.902654867256637e-05,3.902654867256637e-05,3.902654867256637e-05,3.902654867256637e-05,80.14961902654866
37082_3#23,4.95575221238938e-05,4.693789557522124,4.95575221238938e-05,5.329839557522124,0.3128095575221239,0.015269557522123894,6.117779557522124,0.3287795575221239,4.95575221238938e-05,6.3429495575221235,0.10204955752212388,1.973389557522124,0.1537095575221239,4.95575221238938e-05,0.005779557522123893,0.0969095575221239,1.935959557522124,0.18890955752212388,0.029169557522123794,1.425299557522124,0.4681695575221238,4.95575221238938e-05,0.8433395575221239,0.6288695575221238,4.95575221238938e-05,0.03750955752212389,4.154869557522124,0.011959557522123894,0.2995795575221239,4.95575221238938e-05,4.95575221238938e-05,0.17159955752212389,0.09789955752212388,0.003929557522123894,4.95575221238938e-05,0.1335595575221239,4.95575221238938e-05,4.95575221238938e-05,0.1403295575221239,0.011529557522123894,0.041279557522123894,1.148649557522124,0.017509557522123895,0.016759557522123894,4.95575221238938e-05,12.210949557522124,18.646079557522125,0.05914955752212389,0.05836955752212389,0.07428955752212389,0.010199557522123894,2.7677395575221238,4.95575221238938e-05,0.016149557522123895,0.05873955752212389,1.8164995575221239,4.95575221238938e-05,0.19815955752212389,0.06376955752212389,0.03934955752212389,4.95575221238938e-05,0.013539557522123893,0.0733195575221239,0.8665295575221239,4.95575221238938e-05,0.3338395575221239,0.007439557522123893,0.25721955752212394,4.95575221238938e-05,4.95575221238938e-05,4.95575221238938e-05,1.056649557522124,0.11818955752212389,0.3069295575221239,4.95575221238938e-05,0.08384955752212389,0.2534095575221239,0.028839557522123895,0.1359195575221239,0.009569557522123894,0.1302795575221239,4.95575221238938e-05,4.95575221238938e-05,0.008639557522123894,0.1535895575221239,0.09895955752212389,4.95575221238938e-05,0.1255195575221239,0.8926295575221239,4.95575221238938e-05,4.95575221238938e-05,0.4256295575221239,0.06686955752212378,0.006409557522123893,0.1784295575221239,4.95575221238938e-05,0.9643295575221239,0.10711955752212389,0.004629557522123893,4.95575221238938e-05,4.95575221238938e-05,4.95575221238938e-05,0.1627095575221238,4.95575221238938e-05,4.95575221238938e-05,0.1780295575221239,0.010019557522123895,0.027249557522123893,4.95575221238938e-05,0.005609557522123893,4.95575221238938e-05,0.015429557522123894,19.59185955752211
37082_3#24,4.893805309734513e-05,0.025118938053097343,4.893805309734513e-05,0.22455893805309735,0.0041089380530973454,0.0008689380530973451,9.500118938053097,0.037098938053097344,4.893805309734513e-05,4.302318938053097,0.014508938053097345,2.6863489380530976,0.007018938053097346,4.893805309734513e-05,4.893805309734513e-05,0.5473189380530973,1.5866689380530974,4.893805309734513e-05,0.22245893805309735,1.2357889380530975,4.893805309734513e-05,4.893805309734513e-05,0.03502893805309734,7.762278938053097,0.8465089380530972,0.025218938053097342,1.0997089380530976,0.037008938053097344,0.6121389380530974,4.893805309734513e-05,4.893805309734513e-05,0.6589889380530973,0.27923893805309735,4.893805309734513e-05,0.012978938053097345,4.893805309734513e-05,4.893805309734513e-05,0.003988938053097345,0.19343893805309734,0.009138938053097345,0.007818938053097345,0.5798189380530973,4.893805309734513e-05,0.015458938053097346,0.009868938053097345,4.712068938053097,0.5826889380530974,0.7171189380530973,4.893805309734513e-05,0.12053893805309725,0.15667893805309735,4.893805309734513e-05,0.0015289380530973452,0.007078938053097346,0.022358938053097344,0.17299893805309735,0.06664893805309734,0.049448938053097344,0.04982893805309734,0.014478938053097346,4.893805309734513e-05,0.007178938053097345,0.15583893805309734,1.1411389380530974,4.893805309734513e-05,0.03262893805309734,0.5179889380530974,0.12824893805309734,4.893805309734513e-05,0.11775893805309734,4.893805309734513e-05,6.177318938053097,0.32337893805309736,0.06598893805309734,4.893805309734513e-05,0.019758938053097343,0.05752893805309734,4.893805309734513e-05,0.05779893805309735,4.893805309734513e-05,0.025828938053097345,4.893805309734513e-05,0.010448938053097346,0.05992893805309735,0.07226893805309734,4.893805309734513e-05,0.09496893805309724,0.031098938053097342,0.6675989380530973,0.03967893805309734,4.893805309734513e-05,0.41764893805309733,0.007558938053097345,0.003178938053097345,0.04798893805309734,0.009998938053097345,0.18535893805309733,0.031958938053097345,0.0011289380530973452,0.006928938053097345,4.893805309734513e-05,0.024718938053097345,4.893805309734513e-05,4.893805309734513e-05,4.893805309734513e-05,0.47359893805309733,0.07882893805309735,0.09704893805309735,4.893805309734513e-05,4.893805309734513e-05,4.893805309734513e-05,4.893805309734513e-05,49.5516089380531
37082_3#25,4.2743362831858404e-05,4.2743362831858404e-05,4.2743362831858404e-05,1.428032743362832,1.0746927433628317,4.2743362831858404e-05,15.251282743362832,0.14079274336283185,4.2743362831858404e-05,10.371142743362832,0.14477274336283186,2.110632743362832,0.21685274336283183,4.2743362831858404e-05,0.04679274336283186,1.379152743362832,3.5129127433628318,4.2743362831858404e-05,0.019422743362831858,1.0227927433628319,0.7998427433628318,4.2743362831858404e-05,4.403522743362832,0.01939274336283186,0.2608727433628319,10.178422743362832,0.24150274336283184,0.02668274336283186,0.21230274336283184,0.24569274336283184,4.2743362831858404e-05,0.14488274336283175,0.32290274336283187,0.06643274336283186,0.03219274336283186,0.12515274336283175,4.2743362831858404e-05,4.2743362831858404e-05,0.03880274336283186,4.2743362831858404e-05,4.2743362831858404e-05,0.7496927433628318,4.2743362831858404e-05,0.0032927433628318586,0.28209274336283185,1.6409927433628317,6.454372743362832,0.07823274336283186,0.07802274336283185,0.04625274336283186,4.552292743362832,0.4055027433628319,4.2743362831858404e-05,0.16008274336283185,0.11516274336283186,1.6491827433628317,4.2743362831858404e-05,4.2743362831858404e-05,4.2743362831858404e-05,0.012662743362831859,0.20268274336283185,4.2743362831858404e-05,0.03787274336283186,3.0524227433628317,4.2743362831858404e-05,4.2743362831858404e-05,4.2743362831858404e-05,0.11640274336283175,4.2743362831858404e-05,0.02684274336283176,4.2743362831858404e-05,3.390772743362832,4.2743362831858404e-05,0.32256274336283186,4.2743362831858404e-05,0.09994274336283186,1.0816327433628319,0.09461274336283186,0.02720274336283186,4.2743362831858404e-05,0.3582227433628319,0.0036127433628318586,4.2743362831858404e-05,0.004522743362831858,0.4142927433628318,4.2743362831858404e-05,4.2743362831858404e-05,0.2900627433628319,0.005382743362831858,0.13625274336283175,4.2743362831858404e-05,0.39354274336283185,0.08134274336283186,4.2743362831858404e-05,4.2743362831858404e-05,0.006042743362831858,0.5191427433628318,4.2743362831858404e-05,0.03401274336283186,4.2743362831858404e-05,4.2743362831858404e-05,4.2743362831858404e-05,1.1500927433628318,4.2743362831858404e-05,4.2743362831858404e-05,4.2743362831858404e-05,2.453762743362832,0.08640274336283175,4.2743362831858404e-05,4.2743362831858404e-05,4.2743362831858404e-05,4.2743362831858404e-05,15.542762743362852
37082_3#26,5.6371681415929195e-05,0.0005563716814159292,5.6371681415929195e-05,0.4834963716814159,0.03926637168141593,0.04741637168141593,12.138476371681415,0.07920637168141592,5.6371681415929195e-05,1.3247763716814158,0.005996371681415929,1.350056371681416,5.6371681415929195e-05,5.6371681415929195e-05,0.01488637168141593,0.6032463716814159,1.834936371681416,0.2792063716814158,0.010006371681415929,0.617746371681416,0.01095637168141593,5.6371681415929195e-05,0.26366637168141593,2.807046371681416,0.568186371681416,0.18904637168141583,2.7836263716814162,0.03252637168141593,1.213126371681416,0.12420637168141592,0.04761637168141593,1.9922763716814158,4.373176371681416,0.00028637168141592916,0.10731637168141592,0.027276371681415928,5.6371681415929195e-05,0.04616637168141593,0.04878637168141593,0.02304637168141593,0.13486637168141594,0.8980863716814159,0.07646637168141582,0.012386371681415929,5.6371681415929195e-05,5.848436371681416,0.03322637168141593,0.3949063716814159,0.02119637168141593,0.22777637168141593,0.5413163716814159,0.00468637168141593,5.6371681415929195e-05,0.2513563716814159,0.04213637168141593,0.3070063716814158,0.05392637168141583,0.0005763716814159292,0.21481637168141593,0.12809637168141594,0.02404637168141583,0.03657637168141593,0.2931463716814159,1.6930663716814158,0.01130637168141593,0.04471637168141593,0.07842637168141592,0.08175637168141592,0.06219637168141593,0.02943637168141593,0.05070637168141593,0.3560463716814159,0.08649637168141593,0.23389637168141583,5.6371681415929195e-05,0.03778637168141593,0.19326637168141594,0.055926371681415926,0.03866637168141593,5.6371681415929195e-05,1.258566371681416,5.6371681415929195e-05,5.6371681415929195e-05,0.01979637168141583,0.16883637168141594,5.6371681415929195e-05,0.632686371681416,0.2515863716814159,0.01944637168141583,0.5249163716814159,5.6371681415929195e-05,1.139596371681416,0.05031637168141593,0.02060637168141593,0.03928637168141593,0.03425637168141593,5.6371681415929195e-05,0.4211763716814158,0.03554637168141593,5.6371681415929195e-05,0.007676371681415929,0.3444063716814159,0.0007963716814159291,0.02272637168141593,5.6371681415929195e-05,1.1208763716814159,0.015946371681415928,5.6371681415929195e-05,5.6371681415929195e-05,0.016366371681415928,5.6371681415929195e-05,5.6371681415929195e-05,47.76700637168142
37082_3#27,4.707964601769911e-05,0.1544270796460177,4.707964601769911e-05,0.7395170796460176,0.0444070796460177,0.0335570796460177,2.2218970796460176,0.0405370796460177,4.707964601769911e-05,1.9578070796460176,4.707964601769911e-05,0.8014870796460177,0.023007079646017697,4.707964601769911e-05,4.707964601769911e-05,0.47764707964601766,0.9234270796460177,0.11257707964601771,4.707964601769911e-05,0.4996970796460177,0.0190370796460177,4.707964601769911e-05,0.1376870796460177,7.366917079646018,0.1958870796460177,0.2612570796460177,3.110317079646018,4.707964601769911e-05,0.2616470796460176,4.707964601769911e-05,4.707964601769911e-05,4.707964601769911e-05,0.37689707964601765,0.002007079646017699,4.707964601769911e-05,0.0697070796460177,0.003067079646017699,0.0149870796460176,0.1224870796460177,4.707964601769911e-05,0.0367970796460177,0.6807670796460177,0.007907079646017699,0.029467079646017698,4.707964601769911e-05,1.6047470796460177,0.5815570796460177,1.7984770796460177,0.005977079646017699,0.0316670796460176,0.7843270796460177,0.4439270796460177,4.707964601769911e-05,0.037057079646017704,0.0467970796460177,0.3265470796460176,0.30490707964601765,0.0017270796460176993,4.707964601769911e-05,0.0555770796460177,4.707964601769911e-05,0.016447079646017698,0.0404070796460177,2.1495570796460175,0.2068570796460177,0.027427079646017698,0.3069270796460177,0.2373570796460177,4.707964601769911e-05,4.707964601769911e-05,0.1612770796460177,2.8427670796460176,0.015287079646017599,0.12493707964601761,4.707964601769911e-05,0.0205970796460177,0.0735670796460177,0.0333670796460176,0.0418670796460177,4.707964601769911e-05,0.5293070796460176,4.707964601769911e-05,4.707964601769911e-05,4.707964601769911e-05,0.1503970796460177,4.707964601769911e-05,0.0599770796460177,0.0401770796460177,0.45411707964601766,0.0946170796460177,4.707964601769911e-05,0.6592370796460177,0.0123170796460177,0.0323770796460177,0.0091170796460177,4.707964601769911e-05,0.0645470796460177,0.014187079646017599,0.0222170796460177,4.707964601769911e-05,4.707964601769911e-05,4.707964601769911e-05,0.1500370796460177,4.707964601769911e-05,4.707964601769911e-05,0.5996970796460177,1.4944770796460176,4.707964601769911e-05,4.707964601769911e-05,4.707964601769911e-05,4.707964601769911e-05,0.0221970796460177,62.540487079646
37082_3#28,1.8584070796460176e-05,1.8584070796460176e-05,1.8584070796460176e-05,11.217648584070798,0.14202858407079635,1.8584070796460176e-05,7.928538584070797,0.11035858407079645,1.8584070796460176e-05,0.00024858407079646016,1.9893285840707964,0.45755858407079647,1.8584070796460176e-05,1.8584070796460176e-05,1.8584070796460176e-05,1.0597385840707965,0.27004858407079646,1.8584070796460176e-05,1.8584070796460176e-05,0.7413485840707964,1.8584070796460176e-05,1.8584070796460176e-05,1.8584070796460176e-05,36.169968584070794,1.8584070796460176e-05,0.02491858407079646,0.08189858407079645,0.8809085840707965,0.9269185840707964,1.8584070796460176e-05,1.8584070796460176e-05,0.00851858407079646,1.8584070796460176e-05,1.8584070796460176e-05,1.8584070796460176e-05,0.14283858407079644,1.8584070796460176e-05,0.0002885840707963602,0.00346858407079646,1.8584070796460176e-05,1.8584070796460176e-05,0.15492858407079646,1.8584070796460176e-05,1.8584070796460176e-05,1.8584070796460176e-05,5.786258584070797,0.01771858407079636,1.8584070796460176e-05,1.8584070796460176e-05,1.8584070796460176e-05,0.16438858407079646,1.8584070796460176e-05,1.8584070796460176e-05,1.8584070796460176e-05,1.8584070796460176e-05,0.13704858407079645,1.8584070796460176e-05,1.8584070796460176e-05,1.8584070796460176e-05,1.8584070796460176e-05,1.8584070796460176e-05,1.8584070796460176e-05,1.8584070796460176e-05,0.10534858407079645,1.8584070796460176e-05,1.8584070796460176e-05,1.8584070796460176e-05,0.03733858407079646,1.8584070796460176e-05,1.8584070796460176e-05,1.8584070796460176e-05,1.8584070796460176e-05,1.8584070796460176e-05,0.07160858407079645,1.8584070796460176e-05,0.35151858407079645,1.8584070796460176e-05,1.8584070796460176e-05,1.8584070796460176e-05,1.8584070796460176e-05,1.8584070796460176e-05,1.8584070796460176e-05,0.02748858407079646,1.8584070796460176e-05,1.8584070796460176e-05,1.8584070796460176e-05,1.8584070796460176e-05,1.8584070796460176e-05,1.8584070796460176e-05,1.8584070796460176e-05,1.8584070796460176e-05,1.8584070796460176e-05,1.8584070796460176e-05,1.8584070796460176e-05,1.8584070796460176e-05,1.8584070796460176e-05,1.8584070796460176e-05,1.8584070796460176e-05,1.8584070796460176e-05,1.8584070796460176e-05,1.8584070796460176e-05,1.8584070796460176e-05,1.8584070796460176e-05,1.8584070796460176e-05,1.8584070796460176e-05,1.8584070796460176e-05,1.8584070796460176e-05,1.8584070796460176e-05,1.8584070796460176e-05,1.8584070796460176e-05,1.8584070796460176e-05,1.8584070796460176e-05,30.98823858407081
37082_3#29,5.141592920353982e-05,0.03955141592920354,5.141592920353982e-05,0.15318141592920353,0.01606141592920354,0.01401141592920354,0.6680114159292035,0.0009214159292035398,0.03279141592920354,8.739761415929204,5.141592920353982e-05,1.6719114159292034,0.05673141592920354,5.141592920353982e-05,5.141592920353982e-05,5.141592920353982e-05,0.42273141592920355,0.01666141592920354,0.4214814159292035,0.29411141592920353,0.0007314159292035399,5.141592920353982e-05,0.7216114159292035,0.24154141592920353,0.6912114159292035,0.4307714159292034,0.7111914159292035,5.141592920353982e-05,0.18344141592920343,5.141592920353982e-05,5.141592920353982e-05,0.06979141592920354,0.6105314159292036,5.141592920353982e-05,0.00330141592920354,5.141592920353982e-05,5.141592920353982e-05,0.01851141592920354,0.21006141592920352,5.141592920353982e-05,0.01235141592920354,0.6471814159292035,0.08134141592920355,0.04195141592920354,5.141592920353982e-05,3.2948014159292036,0.07026141592920354,1.5683014159292037,5.141592920353982e-05,0.08444141592920354,0.14563141592920353,1.8148914159292036,0.010201415929203539,0.03094141592920354,0.02251141592920354,0.21281141592920352,0.12875141592920353,0.0053114159292035395,0.04657141592920354,0.6597314159292035,5.141592920353982e-05,5.141592920353982e-05,0.3169514159292035,1.6027614159292036,0.04230141592920344,0.01898141592920354,0.24021141592920353,0.28341141592920355,5.141592920353982e-05,5.141592920353982e-05,0.19210141592920355,0.9034114159292035,0.28417141592920353,0.3136914159292035,5.141592920353982e-05,0.00425141592920354,0.5471314159292036,0.05290141592920354,0.01750141592920344,5.141592920353982e-05,1.0414714159292036,5.141592920353982e-05,5.141592920353982e-05,0.034801415929203536,0.03096141592920354,5.141592920353982e-05,0.01629141592920344,0.2720114159292035,0.23902141592920353,0.08894141592920354,0.07321141592920345,1.0371114159292036,0.41075141592920345,5.141592920353982e-05,0.16520141592920354,0.0010514159292035398,16.6834814159292,0.2723414159292035,0.12391141592920354,0.0010214159292035398,5.141592920353982e-05,0.0004114159292035398,0.00220141592920344,5.141592920353982e-05,5.141592920353982e-05,2.2855514159292034,0.0009314159292035398,5.141592920353982e-05,0.00473141592920354,0.017381415929203538,0.02816141592920354,0.33343141592920356,46.69569141592922
37082_3#2,2.7876106194690264e-05,4.260997876106195,0.00805787610619469,2.155847876106195,0.25676787610619467,0.13044787610619468,11.138337876106194,0.19383787610619468,2.7876106194690264e-05,7.828037876106195,0.9367578761061947,1.0919578761061948,0.04283787610619469,0.01209787610619469,0.060287876106194585,0.4337578761061947,7.566227876106194,2.7876106194690264e-05,2.7876106194690264e-05,3.6681778761061947,8.837117876106195,2.7876106194690264e-05,0.1492978761061947,3.012177876106195,0.22847787610619458,0.4382578761061947,0.3077378761061947,0.07423787610619469,0.1652678761061946,2.7876106194690264e-05,2.7876106194690264e-05,0.24014787610619467,0.24999787610619467,2.7876106194690264e-05,2.7876106194690264e-05,2.7876106194690264e-05,2.7876106194690264e-05,2.7876106194690264e-05,0.17176787610619468,0.045887876106194686,2.7876106194690264e-05,0.5822778761061946,2.7876106194690264e-05,0.0013478761061946902,2.7876106194690264e-05,10.828617876106193,12.066487876106194,2.7876106194690264e-05,2.7876106194690264e-05,2.7876106194690264e-05,1.9018178761061948,2.7876106194690264e-05,2.7876106194690264e-05,0.03820787610619469,2.7876106194690264e-05,0.030157876106194692,2.7876106194690264e-05,2.7876106194690264e-05,0.010037876106194691,2.7876106194690264e-05,2.7876106194690264e-05,2.7876106194690264e-05,2.7876106194690264e-05,2.7876106194690264e-05,2.7876106194690264e-05,2.7876106194690264e-05,0.1191778761061947,0.20345787610619467,2.7876106194690264e-05,2.7876106194690264e-05,15.016957876106193,2.7876106194690264e-05,2.7876106194690264e-05,0.3763678761061946,2.7876106194690264e-05,2.7876106194690264e-05,2.7876106194690264e-05,2.7876106194690264e-05,0.0010378761061946903,2.7876106194690264e-05,2.7876106194690264e-05,2.7876106194690264e-05,2.7876106194690264e-05,2.7876106194690264e-05,2.7876106194690264e-05,2.7876106194690264e-05,2.7876106194690264e-05,2.7876106194690264e-05,0.2585578761061947,2.7876106194690264e-05,2.7876106194690264e-05,2.7876106194690264e-05,2.7876106194690264e-05,2.7876106194690264e-05,0.03830787610619469,2.7876106194690264e-05,2.7876106194690264e-05,2.7876106194690264e-05,2.7876106194690264e-05,2.7876106194690264e-05,2.7876106194690264e-05,2.7876106194690264e-05,2.7876106194690264e-05,2.7876106194690264e-05,2.7876106194690264e-05,0.033297876106194585,2.7876106194690264e-05,2.7876106194690264e-05,2.7876106194690264e-05,2.7876106194690264e-05,2.7876106194690264e-05,2.7876106194690264e-05,4.787177876106214
37082_3#30,0.018984513274336284,1.5659145132743362,5.451327433628318e-05,0.1529645132743363,0.2698245132743363,0.07957451327433628,1.5291745132743364,0.12487451327433628,5.451327433628318e-05,26.103684513274334,5.451327433628318e-05,0.4286645132743363,0.11347451327433627,0.022114513274336285,5.451327433628318e-05,0.012744513274336183,1.3775045132743364,0.015194513274336283,0.2698745132743363,0.9088145132743363,0.005804513274336283,0.0008545132743361832,1.3635445132743365,5.451327433628318e-05,5.451327433628318e-05,0.6430345132743363,0.5069345132743363,5.451327433628318e-05,0.28753451327433627,5.451327433628318e-05,5.451327433628318e-05,5.451327433628318e-05,0.2795245132743363,5.451327433628318e-05,0.019964513274336286,0.12432451327433629,5.451327433628318e-05,5.451327433628318e-05,0.28781451327433627,0.009094513274336283,0.009714513274336183,1.1447245132743364,0.08959451327433628,0.004684513274336283,5.451327433628318e-05,1.2349245132743363,0.2270545132743363,0.5664545132743363,5.451327433628318e-05,0.7327245132743362,0.028804513274336283,0.2035045132743363,0.029264513274336285,0.4066845132743363,0.019064513274336285,0.5428645132743363,0.4321245132743362,0.005094513274336283,0.3530245132743363,4.134564513274337,0.024304513274336186,0.009894513274336183,4.582364513274337,0.6333245132743363,5.451327433628318e-05,0.15719451327433628,0.07781451327433628,0.05696451327433618,0.0038945132743362833,0.004664513274336283,0.011694513274336283,0.2478445132743363,0.006284513274336283,0.1561245132743363,0.1416645132743363,5.451327433628318e-05,0.2984545132743362,0.023284513274336286,0.03263451327433628,5.451327433628318e-05,0.07666451327433628,5.451327433628318e-05,5.451327433628318e-05,1.0096645132743363,0.024344513274336285,5.451327433628318e-05,0.027964513274336286,0.5432945132743363,0.3384645132743363,0.7095345132743363,5.451327433628318e-05,5.451327433628318e-05,0.11093451327433627,0.0011945132743362832,0.006994513274336283,0.2086845132743363,10.834314513274336,5.451327433628318e-05,0.2639745132743363,0.03314451327433628,0.016354513274336284,0.2818245132743363,5.451327433628318e-05,0.004834513274336283,0.03152451327433628,0.5751045132743362,0.010354513274336284,0.013134513274336283,0.9027145132743363,0.3514445132743363,0.08367451327433628,0.07055451327433628,30.312854513274313
37082_3#31,0.10905946902654867,2.2577894690265485,0.11270946902654867,0.2652194690265487,0.11024946902654867,0.20668946902654867,3.1107394690265484,0.41226946902654865,0.0036094690265486727,10.665479469026549,0.011129469026548672,0.47128946902654867,0.3642794690265487,0.04138946902654867,5.946902654867256e-05,0.02250946902654867,1.2314494690265487,0.04512946902654867,0.20168946902654866,1.0870294690265487,5.946902654867256e-05,0.009239469026548671,0.6479694690265487,5.946902654867256e-05,0.0070194690265486725,2.7941894690265485,0.5936494690265488,5.946902654867256e-05,0.20375946902654868,5.946902654867256e-05,0.007309469026548673,0.042489469026548675,0.032039469026548674,0.017189469026548672,0.008479469026548671,0.03130946902654867,5.946902654867256e-05,5.946902654867256e-05,0.04085946902654867,0.00033946902654867256,0.021519469026548672,0.5286094690265487,0.02434946902654867,0.07294946902654867,0.0015594690265486725,3.5738594690265484,0.4375694690265487,0.2975794690265487,0.011159469026548671,0.21332946902654867,5.946902654867256e-05,0.4265194690265487,0.045389469026548675,0.21174946902654868,5.946902654867256e-05,0.09971946902654867,5.946902654867256e-05,0.09109946902654867,0.08312946902654857,1.8530194690265487,0.039699469026548674,5.946902654867256e-05,5.608149469026548,0.6432694690265487,5.946902654867256e-05,0.28693946902654865,0.07976946902654858,0.11696946902654867,0.02760946902654867,0.006759469026548673,0.28160946902654865,0.24417946902654866,0.38734946902654865,0.08254946902654867,0.21119946902654857,0.026269469026548673,0.2575994690265487,0.003849469026548673,0.011969469026548671,0.013069469026548671,5.946902654867256e-05,5.946902654867256e-05,0.06060946902654867,0.18524946902654857,0.0073594690265486725,0.7254494690265487,0.06226946902654857,0.23949946902654867,0.03048946902654867,1.179109469026549,0.5146994690265487,5.946902654867256e-05,0.0051694690265486724,5.946902654867256e-05,0.03558946902654867,0.35042946902654865,9.687489469026549,5.946902654867256e-05,0.3446294690265487,0.009899469026548572,0.005589469026548673,0.06111946902654867,0.08504946902654867,0.0014894690265486725,0.07427946902654867,0.8249494690265488,0.0040594690265486726,0.010009469026548671,1.5629294690265487,0.11906946902654857,0.020499469026548672,2.3522094690265485,39.95231946902655
37082_3#32,6.268716991150443,0.4391169911504425,0.043646991150442474,0.7092269911504424,0.1648769911504425,0.08402699115044249,1.6969169911504423,1.7550369911504424,5.699115044247787e-05,3.4523369911504425,0.010386991150442478,0.1712269911504425,0.5149269911504424,0.12250699115044249,0.008616991150442479,0.009496991150442478,0.9874469911504424,0.002366991150442478,0.14388699115044248,0.15704699115044238,0.20976699115044248,0.05490699115044247,0.06373699115044248,5.699115044247787e-05,0.38500699115044246,0.44134699115044246,0.2682469911504425,0.10877699115044248,0.1921569911504425,0.06923699115044249,0.5604769911504424,0.1971569911504425,0.09403699115044248,5.699115044247787e-05,1.1091969911504425,0.037236991150442475,5.699115044247787e-05,5.699115044247787e-05,0.019356991150442475,5.699115044247787e-05,5.699115044247787e-05,2.563876991150442,0.002436991150442478,0.2694169911504425,5.699115044247787e-05,0.9151769911504424,0.5482869911504424,0.6765469911504425,0.15262699115044248,3.3577569911504423,0.07705699115044248,0.04442699115044248,0.12722699115044248,0.15679699115044238,1.1525169911504423,0.2650469911504425,0.03466699115044248,5.699115044247787e-05,0.5205569911504424,1.6145269911504425,0.07532699115044249,0.06977699115044238,17.303416991150442,0.2519469911504425,5.699115044247787e-05,0.025196991150442476,0.027896991150442477,0.05091699115044248,0.009496991150442478,0.12567699115044248,5.266146991150443,5.699115044247787e-05,5.699115044247787e-05,0.07338699115044249,0.3796969911504425,0.05592699115044247,0.2341769911504425,0.10186699115044248,0.06704699115044248,0.2544869911504425,0.14335699115044248,5.699115044247787e-05,0.018846991150442475,1.5075069911504424,0.008296991150442478,1.2220269911504424,0.30442699115044247,0.14002699115044248,0.027656991150442477,1.7129869911504425,0.035006991150442375,5.699115044247787e-05,0.09487699115044249,0.08811699115044248,5.699115044247787e-05,5.699115044247787e-05,5.699115044247787e-05,4.337226991150443,5.699115044247787e-05,0.033656991150442475,0.006536991150442478,0.10956699115044248,5.699115044247787e-05,0.09873699115044249,0.06440699115044249,0.11106699115044248,5.699115044247787e-05,0.20715699115044248,0.12791699115044247,0.20052699115044248,0.03581699115044248,5.699115044247787e-05,31.95925699115044
37082_3#3,3.3451327433628316e-05,11.452713451327433,3.3451327433628316e-05,0.3895934513274336,0.16132345132743364,3.3451327433628316e-05,1.3259334513274337,0.07877345132743363,3.3451327433628316e-05,0.21663345132743353,3.3451327433628316e-05,2.6563334513274337,0.3072334513274336,3.3451327433628316e-05,3.3451327433628316e-05,0.04831345132743362,0.5464734513274336,3.3451327433628316e-05,0.02837345132743363,1.5382534513274335,0.02010345132743363,3.3451327433628316e-05,0.6095634513274336,13.088993451327433,23.642863451327436,0.10443345132743362,3.7828834513274336,3.3451327433628316e-05,0.22155345132743365,3.3451327433628316e-05,3.3451327433628316e-05,0.008893451327433629,0.07811345132743362,3.3451327433628316e-05,3.3451327433628316e-05,3.3451327433628316e-05,0.024523451327433627,0.03183345132743352,0.14571345132743363,3.3451327433628316e-05,0.02064345132743363,1.2952934513274337,3.3451327433628316e-05,0.08057345132743363,3.3451327433628316e-05,4.112053451327434,4.396273451327433,1.1281234513274336,3.3451327433628316e-05,3.3451327433628316e-05,0.012833451327433628,3.3451327433628316e-05,3.3451327433628316e-05,3.3451327433628316e-05,0.058383451327433625,0.5475434513274337,0.09461345132743362,0.0003034513274335283,3.3451327433628316e-05,0.015833451327433627,3.3451327433628316e-05,3.3451327433628316e-05,3.3451327433628316e-05,0.10995345132743363,0.04303345132743362,3.3451327433628316e-05,1.1171234513274335,0.04377345132743363,3.3451327433628316e-05,3.3451327433628316e-05,0.02795345132743353,0.06472345132743362,3.3451327433628316e-05,0.19411345132743363,3.3451327433628316e-05,3.3451327433628316e-05,0.01877345132743363,3.3451327433628316e-05,3.3451327433628316e-05,3.3451327433628316e-05,0.14534345132743365,3.3451327433628316e-05,3.3451327433628316e-05,3.3451327433628316e-05,0.007453451327433629,3.3451327433628316e-05,3.3451327433628316e-05,3.3451327433628316e-05,0.06166345132743362,0.018543451327433628,0.04845345132743362,0.16899345132743354,0.01729345132743363,3.3451327433628316e-05,0.059723451327433626,3.3451327433628316e-05,0.13214345132743363,3.3451327433628316e-05,3.3451327433628316e-05,3.3451327433628316e-05,3.3451327433628316e-05,3.3451327433628316e-05,3.3451327433628316e-05,3.3451327433628316e-05,3.3451327433628316e-05,3.3451327433628316e-05,3.3451327433628316e-05,3.3451327433628316e-05,3.3451327433628316e-05,3.3451327433628316e-05,3.3451327433628316e-05,3.3451327433628316e-05,25.447073451327434
37082_3#4,0.32131132743362834,3.2107613274336284,0.04521132743362822,0.34487132743362836,0.8180713274336283,0.04444132743362832,1.0870813274336282,1.2916513274336283,0.2091613274336283,6.147161327433628,0.03511132743362832,0.35063132743362835,9.174421327433627,0.011941327433628319,0.014981327433628318,0.32680132743362833,0.9271113274336283,0.5290813274336282,0.010921327433628319,0.6823513274336284,0.1945913274336283,0.008031327433628319,0.37309132743362833,6.132743362831857e-05,0.03707132743362832,1.0345113274336284,0.11442132743362822,0.04884132743362832,0.11110132743362822,0.02164132743362832,6.132743362831857e-05,0.40136132743362835,0.1887013274336283,0.0009813274336283185,0.02594132743362832,0.34576132743362825,6.132743362831857e-05,0.004411327433628319,6.132743362831857e-05,0.0037313274336283186,0.008561327433628318,2.6720513274336284,0.5910513274336283,0.3565913274336283,0.1956713274336283,1.1468013274336284,7.760951327433629,6.132743362831857e-05,0.009121327433628318,0.2514113274336283,0.05534132743362832,1.6028913274336283,0.01654132743362832,0.04180132743362832,0.13296132743362832,0.06425132743362831,0.10437132743362831,0.33768132743362833,0.02502132743362832,0.48246132743362824,0.0017213274336283185,0.0061613274336283184,0.6191413274336283,0.06643132743362831,6.132743362831857e-05,0.02153132743362832,0.010561327433628318,0.011961327433628318,0.0015113274336282184,0.010271327433628318,0.0915813274336282,7.812691327433629,6.132743362831857e-05,6.132743362831857e-05,0.22385132743362832,0.03601132743362822,0.06737132743362831,6.132743362831857e-05,0.0014813274336283185,0.02873132743362822,0.11193132743362831,0.03832132743362832,0.010491327433628319,0.1516213274336283,0.02120132743362832,5.107491327433628,0.04563132743362832,0.03820132743362832,0.0015413274336283185,0.2351613274336283,6.132743362831857e-05,6.132743362831857e-05,0.012661327433628319,0.0001513274336283186,0.008521327433628318,0.002841327433628319,6.132743362831857e-05,2.4835913274336283,6.132743362831857e-05,0.0032413274336283186,0.008551327433628318,0.011181327433628319,0.6158413274336283,0.004151327433628318,0.010371327433628319,1.8101713274336282,0.09624132743362832,0.06164132743362832,0.25071132743362834,0.04139132743362832,0.02847132743362832,6.132743362831857e-05,35.42400132743364
37082_3#5,9.401226371681416,1.025176371681416,0.604266371681416,0.718016371681416,1.9879763716814158,5.6371681415929195e-05,0.7689563716814158,3.417896371681416,0.01931637168141593,5.398056371681416,0.02694637168141593,0.808716371681416,6.267296371681416,5.6371681415929195e-05,5.6371681415929195e-05,5.6371681415929195e-05,1.546726371681416,1.0830863716814159,0.08030637168141593,0.3368263716814159,5.6371681415929195e-05,0.04446637168141593,0.15217637168141593,5.6371681415929195e-05,0.002486371681415929,0.7251963716814159,0.03846637168141593,0.08139637168141592,0.05599637168141593,0.04087637168141583,0.22183637168141593,0.13081637168141594,0.13506637168141594,5.6371681415929195e-05,0.14303637168141595,0.9277363716814159,5.6371681415929195e-05,5.6371681415929195e-05,5.6371681415929195e-05,5.6371681415929195e-05,0.10188637168141593,2.729516371681416,0.4158063716814158,0.5208263716814159,0.00835637168141593,1.443306371681416,24.133666371681414,0.07310637168141593,0.00985637168141593,0.9394963716814159,0.13943637168141593,5.6371681415929195e-05,0.12580637168141592,0.07023637168141593,0.22390637168141583,0.3251063716814158,0.4780063716814159,5.6371681415929195e-05,0.07373637168141592,1.382856371681416,0.00890637168141593,0.11560637168141592,2.7688763716814164,0.09730637168141593,0.04621637168141593,0.4690163716814159,5.6371681415929195e-05,0.00828637168141593,0.005036371681415929,0.01350637168141583,0.4332863716814159,0.05145637168141593,0.2690263716814159,0.06574637168141592,0.3309563716814159,5.6371681415929195e-05,0.3321563716814158,0.02969637168141593,5.6371681415929195e-05,0.08705637168141592,0.08528637168141592,0.01075637168141593,0.12448637168141592,1.194986371681416,0.003816371681415829,3.781636371681416,0.04350637168141583,0.12323637168141592,5.6371681415929195e-05,1.8411563716814159,0.04586637168141593,0.15239637168141593,0.06340637168141593,5.6371681415929195e-05,5.6371681415929195e-05,0.16456637168141594,2.897776371681416,1.5747763716814158,0.02178637168141593,0.02357637168141593,0.05347637168141583,5.6371681415929195e-05,0.01621637168141593,0.04958637168141593,5.6371681415929195e-05,0.9164663716814159,5.6371681415929195e-05,0.00670637168141593,0.20172637168141594,0.03621637168141593,0.01610637168141593,0.01178637168141593,12.02005637168146
37082_3#6,0.00914150442477876,6.393241504424778,4.150442477876106e-05,0.03438150442477876,2.8317015044247786,0.21084150442477864,8.968191504424778,21.19860150442478,0.07580150442477876,4.456201504424779,0.4335815044247788,1.5805315044247787,1.4108115044247789,0.00044150442477876105,0.046031504424778755,4.580041504424779,4.519721504424779,0.28321150442477877,4.150442477876106e-05,2.6015815044247788,0.26633150442477876,0.07201150442477866,1.0743115044247789,0.37623150442477876,0.05216150442477876,3.9010015044247788,1.1003415044247788,0.016721504424778762,1.0023215044247789,4.150442477876106e-05,0.03188150442477876,0.12928150442477865,0.03825150442477876,0.02196150442477876,0.03832150442477876,0.03932150442477876,4.150442477876106e-05,4.150442477876106e-05,4.150442477876106e-05,0.013111504424778762,0.23781150442477875,2.1369615044247787,0.3451215044247788,0.02654150442477876,4.150442477876106e-05,5.465641504424778,9.355841504424777,0.48769150442477877,4.150442477876106e-05,0.8632115044247788,0.13466150442477876,4.150442477876106e-05,0.003011504424778661,4.150442477876106e-05,0.17918150442477865,0.8667915044247788,0.27126150442477875,0.2503615044247788,0.03063150442477876,4.150442477876106e-05,4.150442477876106e-05,4.150442477876106e-05,0.004551504424778761,0.8579215044247788,0.053661504424778655,0.02750150442477876,4.150442477876106e-05,0.012811504424778762,4.150442477876106e-05,4.150442477876106e-05,4.150442477876106e-05,0.005911504424778761,4.150442477876106e-05,0.31883150442477876,4.150442477876106e-05,0.12833150442477875,0.22593150442477875,4.150442477876106e-05,4.150442477876106e-05,4.150442477876106e-05,4.150442477876106e-05,4.150442477876106e-05,4.150442477876106e-05,4.150442477876106e-05,0.02783150442477876,4.150442477876106e-05,4.150442477876106e-05,4.150442477876106e-05,4.150442477876106e-05,4.150442477876106e-05,0.08804150442477876,4.150442477876106e-05,0.4185615044247787,4.150442477876106e-05,4.150442477876106e-05,4.150442477876106e-05,0.009681504424778761,4.150442477876106e-05,4.150442477876106e-05,4.150442477876106e-05,4.150442477876106e-05,4.150442477876106e-05,0.05219150442477876,4.150442477876106e-05,4.150442477876106e-05,0.03727150442477876,0.024381504424778763,4.150442477876106e-05,4.150442477876106e-05,0.003321504424778761,4.150442477876106e-05,4.150442477876106e-05,9.239011504424738
37082_3#7,5.884955752212389e-05,0.2527288495575221,5.884955752212389e-05,0.035548849557522126,0.0009388495575221239,0.008368849557522123,1.0274888495575223,0.3904688495575221,0.022868849557522126,0.4824388495575221,5.884955752212389e-05,0.18704884955752213,0.502708849557522,5.884955752212389e-05,5.884955752212389e-05,0.03961884955752212,0.2220288495575221,5.884955752212389e-05,0.07097884955752212,0.10926884955752213,0.010318849557522023,5.884955752212389e-05,0.2550388495575221,5.884955752212389e-05,5.884955752212389e-05,0.35686884955752207,0.06533884955752213,0.2648088495575221,0.016228849557522126,5.884955752212389e-05,5.884955752212389e-05,5.435308849557522,0.015888849557522126,0.010218849557522123,0.009258849557522124,0.015898849557522125,5.884955752212389e-05,0.015558849557522023,0.007048849557522024,0.011588849557522122,0.024358849557522124,1.9446488495575223,0.05961884955752202,0.04049884955752212,0.003248849557522124,0.706578849557522,0.2919688495575221,0.19999884955752212,0.025488849557522123,1.9189988495575223,0.10006884955752213,5.884955752212389e-05,0.9575188495575221,0.272208849557522,0.013118849557522122,0.04158884955752212,0.07231884955752202,0.2944988495575221,0.13068884955752214,0.5552688495575221,0.015588849557522122,0.18040884955752212,4.245158849557522,0.19715884955752214,0.06031884955752202,0.07637884955752212,0.015148849557522123,0.017708849557522124,0.011688849557522123,0.03335884955752212,0.030388849557522125,0.9702888495575221,0.3904888495575221,0.020618849557522124,0.016598849557522125,0.005158849557522124,0.3230488495575221,0.07201884955752212,0.04645884955752212,0.6902888495575221,0.11155884955752213,5.884955752212389e-05,5.884955752212389e-05,0.6506988495575221,0.014868849557522124,5.884955752212389e-05,0.03838884955752212,0.05690884955752212,0.006948849557522024,1.5424388495575223,5.884955752212389e-05,0.16073884955752213,0.06828884955752212,0.0019488495575221238,0.018018849557522126,0.04881884955752212,5.576048849557522,4.446578849557523,1.829928849557522,0.10291884955752212,0.030028849557522025,0.2851888495575221,0.010438849557522122,0.000858849557522024,0.0044688495575221235,0.4895588495575221,5.884955752212389e-05,0.013778849557522123,0.8446588495575221,0.10715884955752213,0.04355884955752212,0.4480388495575221,58.13325884955751
37082_3#8,6.194690265486725e-05,0.12993194690265486,6.194690265486725e-05,0.12847194690265476,0.07258194690265488,6.194690265486725e-05,2.291291946902655,3.343451946902655,0.022731946902654867,0.8209519469026549,0.049271946902654865,0.39851194690265485,0.23827194690265485,6.194690265486725e-05,6.194690265486725e-05,0.16075194690265485,0.46234194690265484,0.009881946902654867,0.502641946902655,0.7669419469026549,0.05703194690265487,6.194690265486725e-05,0.8685719469026548,0.08249194690265488,6.194690265486725e-05,1.3560419469026548,0.17376194690265487,0.39225194690265486,0.11461194690265487,0.008451946902654767,0.00024194690265486726,2.418581946902655,0.18808194690265487,0.014251946902654867,0.11743194690265488,1.002761946902655,0.0023719469026548673,0.021561946902654866,6.194690265486725e-05,0.006601946902654767,0.28131194690265476,3.709931946902655,0.0020119469026548672,0.021271946902654867,0.01903194690265487,0.9443219469026549,1.5808219469026548,0.05579194690265487,0.04341194690265487,1.3229619469026548,0.035521946902654866,0.7401819469026549,0.5803119469026549,1.7654519469026546,0.24482194690265485,0.2627819469026549,1.8401719469026547,0.023411946902654867,0.46343194690265477,3.886301946902655,0.5511619469026549,0.6537719469026549,9.859191946902655,0.3673019469026548,0.20325194690265486,0.07948194690265477,6.194690265486725e-05,0.026301946902654867,0.034831946902654766,0.18829194690265486,0.2959219469026549,0.46019194690265486,0.15090194690265485,0.10419194690265488,0.18562194690265485,0.09639194690265487,0.7880419469026549,0.18352194690265486,0.025771946902654868,0.13635194690265476,0.06479194690265487,6.194690265486725e-05,6.194690265486725e-05,0.49909194690265485,0.042541946902654865,0.19528194690265485,1.9397019469026548,0.21305194690265486,0.003161946902654867,0.575901946902655,6.194690265486725e-05,0.2724919469026549,0.019271946902654866,0.04369194690265487,0.004591946902654867,0.8143919469026549,1.6289119469026547,3.954611946902655,0.07254194690265488,0.10481194690265487,0.16679194690265486,0.009391946902654867,0.009631946902654866,0.07115194690265488,0.06577194690265477,6.194690265486725e-05,0.019411946902654867,0.31566194690265487,0.017971946902654867,0.10316194690265487,0.03176194690265487,0.07107194690265477,40.231681946902654
37082_3#9,4.5840707964601766e-05,14.696445840707964,4.5840707964601766e-05,0.4403058407079646,0.1056958407079646,0.07786584070796461,4.339165840707965,0.2008258407079646,4.5840707964601766e-05,3.464215840707965,0.0555158407079646,3.7093658407079646,0.1498458407079646,4.5840707964601766e-05,4.5840707964601766e-05,0.9628858407079647,3.1102058407079647,0.25334584070796456,0.0741258407079646,1.3751758407079646,0.0980358407079646,4.5840707964601766e-05,0.5969858407079647,14.672815840707965,3.691915840707965,1.9573058407079647,3.088265840707965,4.5840707964601766e-05,0.9898458407079647,0.0029058407079646017,4.5840707964601766e-05,0.7401658407079647,0.4813758407079646,0.1500858407079646,0.015505840707964602,0.020815840707964602,4.5840707964601766e-05,0.007655840707964501,0.3404558407079646,4.5840707964601766e-05,0.047075840707964604,1.8356958407079647,0.0078658407079646,4.5840707964601766e-05,0.07997584070796461,4.756275840707965,5.153205840707965,0.7841558407079646,4.5840707964601766e-05,0.2029358407079646,0.32639584070796457,4.5840707964601766e-05,4.5840707964601766e-05,0.004305840707964601,0.1062658407079646,0.6447858407079646,0.1091258407079646,0.3989558407079646,4.5840707964601766e-05,0.07081584070796461,4.5840707964601766e-05,0.0086758407079646,0.0484258407079646,1.6974658407079648,0.3558258407079646,4.5840707964601766e-05,0.4605158407079645,0.2740258407079646,0.004055840707964501,4.5840707964601766e-05,0.0194258407079646,3.0185158407079644,4.5840707964601766e-05,0.3106058407079646,4.5840707964601766e-05,4.5840707964601766e-05,0.1440558407079645,0.0589058407079645,4.5840707964601766e-05,4.5840707964601766e-05,0.8680058407079646,4.5840707964601766e-05,4.5840707964601766e-05,4.5840707964601766e-05,0.1444858407079646,4.5840707964601766e-05,4.5840707964601766e-05,0.2162258407079646,1.0728958407079647,0.002985840707964602,0.08232584070796461,0.9365158407079647,0.09640584070796461,0.6380758407079646,0.0338358407079646,0.015775840707964603,4.5840707964601766e-05,4.5840707964601766e-05,4.5840707964601766e-05,4.5840707964601766e-05,4.5840707964601766e-05,4.5840707964601766e-05,0.26965584070796456,4.5840707964601766e-05,4.5840707964601766e-05,0.0012258407079646018,0.6290258407079646,0.014015840707964602,0.0181358407079646,4.5840707964601766e-05,4.5840707964601766e-05,4.5840707964601766e-05,14.161155840707941
