,Feature,Importance,Specie,abundance
6622,2995304,0.022320655271254732,Nannocystis sp. fl3,8675.0
2191,2742128,0.014583072316258517,Actinomadura sp. NAK00032,4037.0
2155,35754,0.013298898034340926,Dactylosporangium aurantiacum,5866.0
1567,1652028,0.013067504282797559,Brachybacterium huguangmaarense,4005.0
99,2734,0.012680356969113184,Symbiobacterium thermophilum,17013.0
1972,2714937,0.01245681252255559,Propioniciclava coleopterorum,6250.0
1961,1749,0.011786809514348929,Acidipropionibacterium jensenii,6775.0
6065,69666,0.01118120672369074,Caulobacter mirabilis,3464.0
6599,1297742,0.01095121191860817,Myxococcus hansupus,3881.0
2559,55148,0.009651179930713231,Deinococcus proteolyticus,6346.0
1623,2716227,0.009086546553498729,Gephyromycinifex aptenodytis,2935.0
2194,1993,0.008315093646621396,Actinomadura madurae,5862.0
1101,441501,0.008177873175328861,Corynebacterium massiliense,3013.0
2590,332249,0.007729666955055618,Truepera radiovictrix,4881.0
1518,2866588,0.00760065170305469,Pseudoclavibacter sp. Marseille-Q3772,1884.0
1206,37919,0.007520168899928554,Rhodococcus opacus,6885.0
4906,2045208,0.007384723345099792,Massilia violaceinigra,5327.0
3693,294,0.00737898060442039,Pseudomonas fluorescens,16857.0
5268,106592,0.007347665593002125,Ensifer adhaerens,11685.0
5257,382,0.00721252461456157,Sinorhizobium meliloti,9449.0
130,252966,0.0071520728298771164,Mahella australiensis,12378.0
2075,2865833,0.007128439461394398,Pseudonocardia sp. DSM 110487,4855.0
1217,43767,0.007100741880646492,Prescottella equi,3992.0
6604,2813578,0.007098723847836834,Pyxidicoccus sp. SCPEA002,5729.0
6267,2597769,0.006988014305396597,Geobacter sp. FeAm09,5322.0
6623,80816,0.006892812995352939,Haliangium ochraceum,6528.0
6554,114,0.006880666957439264,Gemmata obscuriglobus,3555.0
662,1903704,0.006868976382325234,Tumebacillus avium,13862.0
1390,162426,0.006863380303267493,Microbacterium hominis,10989.0
6620,927083,0.006846392277529602,Sandaracinus amylolyticus,7524.0
1707,3031124,0.006841693053274725,Streptomyces sp. HUAS 5,1389.0
148,291990,0.006811758661801018,Thermosediminibacter oceani,5890.0
2036,3002436,0.006799434751106655,Kribbella sp. CA-293567,3118.0
186,2660554,0.0067992788923572,Paenibacillus sp. B01,15020.0
3728,33069,0.006727766668901449,Pseudomonas viridiflava,4082.0
2034,642780,0.0067039945651249135,Marmoricola scoriae,3593.0
87,51515,0.006685737250191889,Dehalobacterium formicoaceticum,18889.0
6306,181663,0.006675018034835415,Desulfosudis oleivorans,4042.0
1802,193462,0.006652594974274405,Streptomyces niveus,3975.0
2604,1806508,0.006577632422630198,Candidatus Promineifilum Candidatus Promineofilum breve,6283.0
6597,34,0.006572482648264743,Myxococcus xanthus,10075.0
1396,2509458,0.0065148027017937335,Microbacterium protaetiae,2819.0
1245,2061,0.006505941416202466,Tsukamurella paurometabola,4786.0
1174,455432,0.006505333298628493,Nocardia terpenica,6317.0
5628,1063,0.006483752298364149,Cereibacter sphaeroides,8283.0
1055,1800,0.0064340733030594285,Mycolicibacterium chubuense,1951.0
5698,1396826,0.00642761310134185,Leisingera aquaemixtae,4359.0
5612,135740,0.006297224410125901,Paracoccus kondratievae,2611.0
6613,161493,0.006204232439060274,Anaeromyxobacter dehalogenans,8306.0
1767,1971,0.006196600207374229,Streptomyces noursei,4875.0
102,863643,0.006195929275903971,Thermincola potens,7814.0
3687,1149133,0.006191871953271086,Pseudomonas furukawaii,2067.0
1820,67304,0.0061871702761486696,Streptomyces griseorubiginosus,3142.0
1749,1912,0.006159766212912603,Streptomyces hygroscopicus,5883.0
2247,2653852,0.0061132793237061,Rubrobacter marinus,6296.0
7876,33050,0.006112094396029811,Sphingopyxis macrogoltabida,2404.0
5653,2916397,0.006101257864359564,Rhodophyticola sp. CCM32,1251.0
1698,2078691,0.006099125491017385,Streptomyces sp. CB01881,3740.0
2101,2268449,0.006060449921981261,Actinokineospora sp. UTMC 2448,4462.0
7293,68223,0.006021945129007295,Streptomyces katrae,2347.0
6524,2527968,0.006016319209260578,Aureliella helgolandensis,1178.0
4752,95486,0.005993638783820922,Burkholderia cenocepacia,13367.0
5816,2698679,0.005988830473681761,Sphingomonas changnyeongensis,1310.0
1594,2593973,0.005973489789319727,Ornithinimicrobium pratense,2583.0
6064,69395,0.005952364359946697,Caulobacter henricii,2102.0
1743,54571,0.005905565951979275,Streptomyces venezuelae,18327.0
1730,2056258,0.005880616753740468,Streptomyces sp. AMCC400023,1397.0
1296,37928,0.005864698941520357,Arthrobacter crystallopoietes,5234.0
5948,1750527,0.005848966795874686,Roseomonas fluvialis,3135.0
6279,351604,0.005835941644278562,Geotalea uraniireducens,9108.0
5375,114616,0.005819935636823399,Methylobacterium nodulans,4181.0
994,1552759,0.005800580843932968,Mycobacterium grossiae,2216.0
1536,2973977,0.00577179354759606,Cellulomonas sp. NS3,2334.0
5456,921,0.005770151321979637,Starkeya novella,2582.0
5569,256618,0.0057391783634116655,Parvibaculum lavamentivorans,4921.0
1432,340320,0.005731638714862674,Leucobacter luti,1961.0
1248,47312,0.005639023565711896,Tsukamurella pulmonis,1550.0
5449,2419844,0.005605511182425858,Xanthobacter sp. YC-JY1,2131.0
5757,2735134,0.005583736917927994,Sphingomonas sp. AP4-R1,2129.0
1955,2829499,0.005476161836057629,Tessaracoccus palaemonis,5079.0
6499,2866311,0.005153874656557706,Ruficoccus sp. ZRK36,5113.0
2048,2932773,0.005137050845271507,Amycolatopsis sp. WQ 127309,4080.0
3780,2604832,0.005101778639717521,Pseudomonas lalkuanensis,1865.0
4788,2880218,0.004987119063333132,Paraburkholderia sp. D15,2055.0
5506,1349819,0.004971496408939777,Aureimonas sp. AU20,3171.0
5642,1537215,0.004905283615457383,Pseudooceanicola algae,1694.0
4455,73141,0.004810723353626026,Thiocystis violascens,2746.0
2563,980427,0.004661573148819487,Deinococcus wulumuqiensis,7844.0
5782,2698828,0.004659558696161648,Sphingomonas lacunae,1533.0
5106,1906741,0.004520745328362447,Jeongeupia sp. USM3,3702.0
5448,2528964,0.004475870986409629,Xanthobacter dioxanivorans,5913.0
6208,150829,0.004470780537439432,Leadbettera azotonutricia,7022.0
8040,1813595,0.004400960141450585,Campylobacter sp. 2014D-0216,868.0
1362,367477,0.004169779978501548,Microbacterium sp. XT11,2872.0
8021,669502,0.003203680971894041,Candidatus Profftella armatura,835.0
89,1761012,0.00317089347910746,Candidatus Formimonas warabiya,12197.0
2210,53461,0.0030236792933983785,Nakamurella multipartita,2974.0
6399,210,0.002903948525006113,Helicobacter pylori,19335.0
2033,2708082,0.0028694806647892,Mumia sp. ZJ1417,2483.0
68,885581,0.0027228729289352433,Desulfosporosinus acidiphilus,10696.0
6206,1131703,0.0026393409330997286,Sphaerochaeta globosa,5878.0
2080,240495,0.0025786278534471745,Pseudonocardia dioxanivorans,4259.0
2560,502394,0.0025254963357218417,Deinococcus gobiensis,4632.0
7433,1484116,0.002508036957114133,Hymenobacter psoromatis,3832.0
3907,266062,0.002428387491188293,Pseudoxanthomonas daejeonensis,1367.0
5877,1850238,0.0024033330424434955,Rhizorhabdus dicambivorans,3337.0
5679,1775881,0.002374195094345127,Sulfitobacter faviae,3549.0
6722,64160,0.002341821476971497,Desulfurobacterium thermolithotrophum,3132.0
4898,1593482,0.0023319937024793127,Massilia sp. YMA4,3043.0
2177,2001,0.0023147713548596757,Streptosporangium roseum,6240.0
1936,1282737,0.0022847743144067366,Flaviflexus salsibiostraticola,2885.0
5722,2602067,0.0022299017498565695,Octadecabacter sp. SW4,2508.0
299,1581038,0.00221666393566507,Bacillus sp. FJAT-22090,10440.0
3918,445710,0.002209454337834888,Dyella thiooxydans,2592.0
5714,2867012,0.002186477888614021,Jannaschia sp. W003,3692.0
90,1712410,0.0021730442379005416,Thermanaerosceptrum fracticalcis,8034.0
5793,2319844,0.0021551331330170167,Sphingomonas paeninsulae,1288.0
544,29380,0.0021421556546435626,Staphylococcus caprae,11820.0
6652,428712,0.002130976103697652,Jonquetella anthropi,6637.0
1505,2895559,0.0021138972812342048,Subtercola sp. AK-R2A1-2,2012.0
4926,80842,0.0021115127477433155,Herbaspirillum rubrisubalbicans,4095.0
9423,2917160,0.002095502623472846,,45.0
5380,2740529,0.0020805244738500077,Microvirga sp. R24,2608.0
2200,1884913,0.002074476691591775,Candidatus Planktophila lacus,2052.0
7235,2759943,0.0020691375552606478,Protaetiibacter sp. SSC-01,2833.0
2093,42197,0.002030566255616634,Actinosynnema pretiosum,4601.0
927,116090,0.002001548351510319,Caloranaerobacter azorensis,27070.0
561,74706,0.0019837025316455704,Staphylococcus coagulans,3462.0
2598,913107,0.001976442763685782,Pelolinea submarina,4557.0
8367,3002901,0.001969196525730505,Rhodococcus sp. JS3073,646.0
4820,68895,0.0019545836131631975,Cupriavidus basilensis,5853.0
487,1472767,0.001953342282236666,Lentibacillus amyloliquefaciens,7462.0
1649,2585716,0.0019453746247314362,Streptomyces sp. C8S0,2204.0
4484,2745199,0.001941389056505984,Microbulbifer sp. YPW1,2040.0
1267,1494608,0.0019036137154267037,Arthrobacter sp. PAMC 25486,3062.0
6265,45663,0.0018672400008516105,Desulfohalobium retbaense,2493.0
2796,1942464,0.0018434312305597,Cellulophaga sp. HaHaR_3_176,4644.0
408,1482,0.0018372203662677888,Virgibacillus halodenitrificans,11672.0
5507,2826993,0.0018353252649794146,Aureimonas sp. SA4125,2120.0
6250,345370,0.0018036475239220891,Solidesulfovibrio carbinoliphilus,4459.0
8005,84590,0.0018001040339831297,Taylorella asinigenitalis,1509.0
2030,2045,0.001798246375944417,Pimelobacter simplex,6932.0
1117,161899,0.0017963683078556665,Corynebacterium singulare,2239.0
5601,2560053,0.0017741498553993313,Paracoccus liaowanqingii,2779.0
38,3023090,0.001763918660564277,Caloramator sp. mosi_1,38941.0
1668,659352,0.0017579217186368117,Streptomyces sp. SN-593,3730.0
2688,2937442,0.0017557025581441997,Flavobacterium humidisoli,3816.0
6735,693075,0.0017547329072561638,Caldisericum exile,3317.0
2599,167964,0.001753478395710288,Anaerolinea thermophila,6847.0
3696,47879,0.0017507177990041141,Pseudomonas corrugata,1196.0
6270,345632,0.0017397573686602917,Geobacter pickeringii,5010.0
5216,384,0.001720892241046502,Rhizobium leguminosarum,38493.0
2223,1798224,0.0017122283574348737,Jiangella sp. DSM 45060,3915.0
1592,2508882,0.0017048802461800783,Ornithinimicrobium sp. HY006,1905.0
5348,2991972,0.0016963824618094704,Rhodopseudomonas sp. P2A-2r,2948.0
1914,111015,0.001681790847978312,Actinomyces radicidentis,8766.0
2398,2812896,0.0016782817368631148,Leptolyngbya sp. 7M,3789.0
2230,414996,0.0016761218041561016,Actinopolyspora erythraea,2012.0
2728,1312072,0.0016723847661164351,Polaribacter sp. SA4-12,3649.0
5235,358,0.0016454861639444045,Agrobacterium tumefaciens,26032.0
2821,313603,0.001635633509547393,Maribacter sp. HTCC2170,2662.0
5358,223967,0.001634865343991777,Methylorubrum populi,4800.0
4958,217203,0.0015971239255895763,Achromobacter spanius,10592.0
6552,2528007,0.0015855601863201771,Polystyrenella longa,1428.0
789,114090,0.001583326523662685,Pediococcus inopinatus,5925.0
4596,451,0.0015532845527972796,Tatlockia micdadei,1195.0
2190,1219491,0.0015530290428234597,Actinomadura sp. WMMB 499,5163.0
1881,2742135,0.0015476501361630338,Kitasatospora sp. NA04385,3196.0
5039,194197,0.0015365284080158465,Neisseria dentiae,1939.0
5981,2558361,0.0015361543557032278,Formicincola oecophyllae,1347.0
1151,349751,0.0015188852058618284,Corynebacterium marinum,2687.0
1521,2725563,0.0015139074013530171,Brevibacterium sp. 'Marine',1637.0
6653,651822,0.00149515343588158,Fretibacterium fastidiosum,20312.0
5552,1526658,0.0014635645625454001,Bosea vaviloviae,3577.0
6500,395922,0.001455523549341091,Coraliomargarita akajimensis,1756.0
1252,286802,0.0014376610166417613,Segniliparus rotundus,2600.0
8188,1959104,0.001437450151239259,Nitrosopumilus oxyclinae,745.0
2063,103733,0.0014291166730671834,Saccharothrix syringae,7731.0
170,2211212,0.0014032032117423428,Paenibacillus sp. DCT19,7448.0
166,1930071,0.0014001087338897955,Methylomusa anaerophila,10998.0
2488,2118,0.0013953826157442886,Mesomycoplasma mobile,4526.0
2910,3032586,0.0013949629558971854,Zobellia sp. LLG6346-3.1,2397.0
743,83683,0.0013838920622518105,Lactobacillus amylolyticus,4664.0
6789,2784880,0.0013820948971889704,Natranaeroarchaeum sulfidigenes,529.0
6824,2817025,0.0013777634390650336,Halovivax sp. KZCA124,629.0
1044,758802,0.0013721806665173263,Mycolicibacterium litorale,3361.0
2957,112234,0.0013697675456754894,Chryseobacterium joostei,2415.0
4421,511062,0.0013691307761804117,Oceanimonas sp. GK1,2538.0
6710,28262,0.0013661087235622967,Thermodesulfovibrio yellowstonii,5997.0
8408,2774459,0.001354955779221255,Pseudomonas sp. IzPS59,408.0
18,2849865,0.0013470757265509308,Clostridium sp. CM027,33135.0
197,1536771,0.0013426170519612183,Paenibacillus sp. FSL R5-0912,6694.0
2045,2653857,0.0013340634991058534,Amycolatopsis sp. YIM 10,3801.0
47,1734049,0.001331090943830755,Serpentinicella alkaliphila,24477.0
5887,1763828,0.00132840466276712,Hankyongella ginsenosidimutans,2922.0
4955,85698,0.0013255557247259441,Achromobacter xylosoxidans,20808.0
5774,2937787,0.0013096205646444647,Sphingomonas sp. SUN039,2056.0
884,1868793,0.0012899101228915396,Jeotgalibaca porci,7497.0
4035,1516159,0.0012846042240517133,Vibrio coralliirubri,490.0
4205,90736,0.0012817167531404394,Moritella marina,1387.0
505,2729421,0.0012688444116355422,Sediminibacillus dalangtanensis,5818.0
296,486398,0.001251155925634824,Bacillus sp. S3,8526.0
6360,449520,0.001250519902367465,Campylobacter canadensis,3969.0
1037,1792,0.0012484185045472374,Mycolicibacterium chitae,1710.0
969,1682113,0.0012478018900262246,Mycobacterium sp. YC-RL4,1473.0
5801,1176646,0.0012431580199904811,Sphingomonas daechungensis,1423.0
3850,56459,0.0012246209669331829,Xanthomonas vasicola,1203.0
3873,2820808,0.0012135003113185143,Lysobacter sp. K5869,1502.0
1086,1979527,0.0012128311317214755,Corynebacterium kefirresidentii,3398.0
1872,1442032,0.0012087063644666033,Streptomyces dangxiongensis,1534.0
1589,2509457,0.001190577539035906,Xylanimonas protaetiae,2717.0
964,560555,0.001173850850157054,Mycobacterium mantenii,1559.0
6011,1663591,0.0011599579630959872,Magnetospirillum sp. XM-1,3385.0
1877,1827580,0.0011592327984964006,Streptomyces nigra,1562.0
1801,436397,0.0011567852538847498,Streptomyces sudanensis,1364.0
43,1041504,0.0011551443031547297,Candidatus Arthromitus sp. SFB-rat-Yit,21880.0
3678,3016341,0.0011551389262561228,Pseudomonas sp. PSE14,1452.0
862,2925838,0.001153298487079071,Vagococcus sp. CY52-2,9985.0
4045,74109,0.0011428866881438183,Photobacterium profundum,2460.0
4595,45067,0.0011427246523969287,Legionella lansingensis,1358.0
2186,53522,0.001134380901929143,Thermobifida alba,2304.0
5339,1325090,0.0011265168608713654,Bradyrhizobium guangdongense,1687.0
6207,2798577,0.0011237841027665217,Breznakiella homolactica,7128.0
6684,248039,0.0011222564349758367,Mucispirillum schaedleri,9002.0
6696,453816,0.0011091598316244609,Pseudobdellovibrio exovorus,1262.0
795,33962,0.0011074591300677652,Lentilactobacillus kefiri,2519.0
2083,43357,0.0011035121817907806,Kutzneria albida,4027.0
7254,2750025,0.0011018771902193175,Streptomyces sp. CB00271,558.0
2321,317936,0.0011012101669063978,Nostoc sp. PCC 7107,1393.0
3733,2745503,0.0010978921407179894,Pseudomonas iranensis,741.0
5159,1682490,0.001078061294960812,Ferrigenium kumadai,1480.0
303,98228,0.0010744259607534644,Bacillus sp. OxB-1,4923.0
5602,1529068,0.0010617270149693603,Paracoccus tegillarcae,1884.0
4265,114186,0.0010615361983620966,Candidatus Carsonella ruddii,2976.0
1608,2779775,0.0010607608807591763,Ruania alkalisoli,2013.0
7239,2003551,0.0010598664347060006,Cellulomonas sp. PSBB021,2626.0
735,147802,0.0010568358377979214,Lactobacillus iners,21331.0
2747,1574269,0.0010451680037448696,Polaribacter undariae,4053.0
399,3047871,0.0010398790780337926,Neobacillus sp. DY30,10114.0
3243,2976335,0.0010250781872996355,Chlorobaculum sp. MV4-Y,6817.0
2256,2884263,0.001018798922844707,Aquihabitans sp. Kera 3,4144.0
2229,131568,0.001016235674118501,Kineococcus radiotolerans,2641.0
8083,1408204,0.0010122780191664262,Endomicrobium Candidatus Endomicrobium trichonymphae,2804.0
7072,2695882,0.0010037089493687655,Lactobacillus sp. 3B(2020),1845.0
2541,2124,0.0010024041213508876,Metamycoplasma salivarium,18758.0
4353,756892,0.0009928211414812359,Acinetobacter indicus,5462.0
2402,2931930,0.0009911247393849878,Kovacikia minuta,4603.0
2038,117157,0.0009867220904764757,Actinopolymorpha singaporensis,3605.0
2161,624315,0.0009813510035099368,Phytohabitans suffuscus,5277.0
5063,1196083,0.0009678231794693648,Snodgrassella alvi,22411.0
5957,431306,0.000955382422772692,Acetobacter ghanensis,2613.0
6204,273376,0.0009471697425049237,Sphaerochaeta coccoides,4580.0
41,208226,0.0009410091906741742,Alkaliphilus metalliredigens,19771.0
1923,2733571,0.0009293062964383557,Trueperella pecoris,4689.0
2520,324078,0.0009245633858982539,Mesoplasma coleopterae,6208.0
7684,166935,0.000923928072601192,Pseudoalteromonas translucida,1223.0
5258,380,0.000909536173369768,Sinorhizobium fredii,9615.0
1171,480035,0.0009077717289281027,Nocardia wallacei,5239.0
604,2762563,0.0009076769438569545,Sporosarcina sp. resist,4878.0
501,1449,0.0009021948991294097,Amphibacillus xylanus,9255.0
8377,1612551,0.0009017540992799567,Actinoalloteichus sp. GBA129-24,1108.0
5890,2502843,0.0008957169122297404,Erythrobacter sp. HKB08,1164.0
1933,999183,0.0008938951363289925,Arcanobacterium canis,2172.0
119,2983842,0.0008911002128767752,Thermoanaerobacter sp. RKWS2,7101.0
7297,284035,0.0008777358216202938,Streptomyces lienomycini,1856.0
9060,2937790,0.0008776685704116468,Halomonas sp. ZZQ-149,332.0
3073,316068,0.0008746028294714104,Leadbetterella byssophila,6948.0
2457,2967302,0.0008738719827689101,Mycoplasma sp. 1018B,4449.0
7846,774,0.0008681367285557958,Bartonella bacilliformis,1422.0
5573,1940610,0.0008514785585242942,Phreatobacter stygius,3763.0
2092,40988,0.0008510501613192424,Saccharomonospora azurea,2072.0
7914,246273,0.0008481013879854612,Wolbachia endosymbiont of Cimex lectularius,578.0
2569,317577,0.0008416058309750727,Deinococcus ficus,3821.0
8566,1514074,0.000837958530518046,Pseudoalteromonas sp. NC201,268.0
5840,1609758,0.0008321462659169268,Novosphingobium sp. P6W,2662.0
6203,1129264,0.0008195118577572115,Sphaerochaeta associata,6749.0
5020,2753607,0.0007990277653422579,Rhizobacter sp. AJA081-3,3231.0
6573,2527982,0.0007985932096167836,Mucisphaera calidilacus,2839.0
1026,39695,0.000791229181085897,Mycolicibacterium tokaiense,2006.0
6071,2201350,0.0007912225979535565,Phenylobacterium parvum,2679.0
3717,1785161,0.0007909551138081374,Pseudomonas wadenswilerensis,628.0
7890,2867014,0.0007875285978292562,Leisingera sp. M527,548.0
1876,1690221,0.0007798916916060995,Streptomyces spongiicola,1643.0
1535,2654191,0.0007750633620195291,Cellulomonas sp. JZ18,3889.0
5295,3039159,0.0007683121239462196,Bradyrhizobium sp. CB82,2589.0
242,2565926,0.0007679839456622415,Paenibacillus algicola,8187.0
7415,313590,0.0007612661735190628,Dokdonia sp. MED134,1726.0
1099,108486,0.0007538113751615333,Corynebacterium falsenii,4225.0
8406,2870840,0.0007481701643338833,Pseudomonas sp. DR208,225.0
1597,1288636,0.0007472586381143335,Ornithinimicrobium flavum,2547.0
6693,2220073,0.0007329175826443352,Bdellovibrio sp. NC01,1020.0
6740,2257,0.0007320856216029081,Natronomonas pharaonis,537.0
6750,869886,0.0007193773668228584,Halosimplex pelagicum,996.0
6663,2051959,0.0007089924469146359,Edaphobacter lichenicola,2516.0
298,1705566,0.0007013525498040094,Bacillus sp. FJAT-18017,7524.0
1641,1849967,0.0006930148837008104,Streptomyces sp. SAT1,2539.0
5673,2867025,0.0006902620760534432,Sulfitobacter sp. W027,1818.0
1259,396015,0.0006803816425826626,Rothia terrae,4953.0
4274,2071621,0.0006742146234956768,Marinomonas sp. FW-1,1002.0
357,2487276,0.0006567290611221549,Bacillus cabrialesii,2182.0
3697,651740,0.0006561689288171188,Pseudomonas cedrina,657.0
587,192421,0.000652791523472466,Planococcus maritimus,6779.0
5650,564137,0.0006341170244480181,Roseicitreum antarcticum,1661.0
4464,585455,0.00061312678097326,Thiohalobacter thiocyanaticus,1824.0
639,33987,0.0006053248438198451,Exiguobacterium aurantiacum,2897.0
2515,216933,0.0006019014844214723,Spiroplasma chrysopicola,14499.0
6878,39441,0.0006015079680494376,Methanobrevibacter arboriphilus,6551.0
8636,2810535,0.00059777883734566,Microbacterium neungamense,1999.0
75,36854,0.0005894840904988876,Desulfitobacterium dehalogenans,7712.0
5623,1915078,0.0005860505240473449,Thioclava nitratireducens,3708.0
2031,546871,0.0005846952703601743,Friedmanniella luteola,3903.0
333,1890302,0.0005717866867993116,Bacillus wiedmannii,6087.0
1369,2909587,0.0005703270991426876,Microbacterium sp. KUDC0405,2065.0
8653,2594457,0.0005672893053284329,Streptomyces sp. RLB3-6,1305.0
796,1588,0.0005665378170086763,Lentilactobacillus hilgardii,9758.0
2979,2583851,0.0005630213386377315,Elizabethkingia sp. JS20170427COW,3811.0
7137,292462,0.0005594549765253817,Mycobacterium florentinum,951.0
1946,33010,0.0005566305582176931,Cutibacterium avidum,7242.0
4730,296591,0.0005497819482827459,Polaromonas sp. JS666,4123.0
7530,367190,0.0005380144062723289,Yersinia similis,1582.0
6117,1925548,0.0005373829334258443,Candidatus Fonsibacter ubiquis,3442.0
439,152268,0.000532823869630588,Metabacillus litoralis,16335.0
5540,2170729,0.0005321740990776839,Methyloceanibacter sp. wino2,2184.0
2705,55197,0.0005278727118134257,Flavobacterium branchiophilum,3181.0
34,2599308,0.0005259442202710181,Crassaminicella thermophila,41481.0
8039,2984142,0.0005174575321026327,Campylobacter sp. CS_NA3,1325.0
2081,37331,0.0004936557416162852,Pseudonocardia petroleophila,3088.0
7981,2940488,0.0004817559479778893,Acidovorax sp. NCPPB 3576,1285.0
635,273528,0.00048092249783182514,Exiguobacterium marinum,2537.0
7304,1940,0.0004662119950020824,Streptomyces albireticuli,933.0
2553,2737050,0.0004606480657626904,Deinococcus sp. TS-293,2698.0
7925,391036,0.0004550325199742159,Ehrlichia sp. HF,1187.0
1979,2884264,0.0004523088262437706,Nocardioides sp. Kera G14,2308.0
5178,1914471,0.00044759444414272254,Sulfuritortus calidifontis,3741.0
5236,1176649,0.00044306702766592,Agrobacterium fabrum,4108.0
2665,935222,0.00043548034138157413,Flavobacterium sp. Sr18,3090.0
1078,2055947,0.00043417189425280675,Corynebacterium heidelbergense,3131.0
1216,191292,0.00042912744376085886,Rhodococcus aetherivorans,1878.0
3273,753,0.00041854485914281345,Pasteurella canis,5627.0
3303,1443036,0.00041464908208824794,Vespertiliibacter pulmonis,1951.0
2858,2058135,0.00041315221964187285,Olleya sp. Bg11-27,2568.0
6386,544718,0.0004119217868075833,Aliarcobacter thereius,6711.0
8664,488730,0.00041075785571729855,Burkholderia arboris,143.0
6817,2878680,0.00040867725660317965,Natrinema sp. DC36,599.0
2816,2686363,0.00040560826520402076,Formosa sp. L2A11,8436.0
2801,616991,0.00040145262573308775,Arenibacter algicola,5325.0
3555,2042057,0.0004004588793662393,Pectobacterium polaris,1886.0
5858,2976533,0.0003989855586824553,Sphingopyxis sp. PET50,1677.0
4152,2822847,0.0003964528427810471,Pseudoalteromonas sp. SCSIO 43101,2124.0
1616,2904523,0.00039460491793729676,Allobranchiibius sp. GilTou73,1494.0
3349,35703,0.0003924068937412088,Citrobacter amalonaticus,7766.0
2510,216934,0.00039152229422964943,Spiroplasma corruscae,9329.0
8554,2108399,0.00038930941596063276,Pectobacterium punjabense,380.0
1277,2079227,0.0003811389678882838,Arthrobacter sp. PGP41,2225.0
2454,2801918,0.00037624323374684237,Mycoplasma sp. E35C,3056.0
1305,156980,0.00037248073214969174,Arthrobacter woluwensis,1716.0
5717,2867011,0.00036862585784877246,Jannaschia sp. M317,1570.0
149,2751313,0.0003661355357786348,Koleobacter methoxysyntrophicus,8490.0
8204,160233,0.0003651692512413195,Ignicoccus hospitalis,369.0
6096,89586,0.00036443873015240384,Candidatus Neoehrlichia Neoehrlichia mikurensis,2598.0
2254,467976,0.0003600127276152004,Iamia majanohamensis,3915.0
3924,522259,0.0003591598547117171,Dyella terrae,2135.0
7219,2841594,0.00035311175564751697,Curtobacterium sp. L6-1,1740.0
6548,1891926,0.00035194764999778907,Fuerstiella marisgermanici,1987.0
1169,1824,0.00035134385039529986,Nocardia asteroides,12266.0
277,1393,0.0003501671652296321,Brevibacillus brevis,12468.0
5895,2653850,0.00034870263980164265,Erythrobacter sp. 3-20A1M,1472.0
2440,171282,0.0003477174489945243,Mycoplasmopsis columboralis,2778.0
116,1517,0.00034338547647283995,Thermoanaerobacterium thermosaccharolyticum,38310.0
1984,3036374,0.000341714566437216,Nocardioides sp. BP30,2882.0
4505,2518989,0.00033980121122216507,Aequoribacter fuscus,2436.0
3445,618,0.0003360769394865959,Serratia odorifera,1735.0
233,248903,0.0003349739795973265,Paenibacillus xylanilyticus,24273.0
4520,2580412,0.00033334157642648924,Thiomicrorhabdus sediminis,1038.0
4759,60552,0.0003242444278823535,Burkholderia vietnamiensis,4321.0
2451,2683967,0.00031600531174757687,Mycoplasma sp. NEAQ87857,7162.0
7535,419257,0.0003115356240594736,Yersinia massiliensis,966.0
861,81947,0.0003042956619930367,Vagococcus lutrae,22108.0
5729,74033,0.0003042102804730463,Antarctobacter heliothermus,2194.0
3177,188932,0.0003024550117168503,Pedobacter cryoconitis,4922.0
1036,1794,0.00030222638127530614,Mycolicibacterium gadium,1341.0
2195,2750812,0.00030182435915582077,Actinomadura graeca,4521.0
8498,2955972,0.00030156532281068856,Haifavirus tim68,23.0
1509,2596916,0.00029550297371618614,Frigoribacterium sp. NBH87,2685.0
1280,2565366,0.0002943720067353383,Arthrobacter sp. PAMC25564,2010.0
6404,35818,0.0002929642572564782,Helicobacter pullorum,3243.0
6285,1603606,0.00028560809993714327,Desulfuromonas soudanensis,3666.0
1185,37330,0.0002830435468915972,Nocardia nova,2638.0
7946,1827469,0.0002829807270559927,Brevundimonas sp. GW460-12-10-14-LB2,621.0
3546,1089444,0.0002817280262757395,Dickeya solani,1605.0
3990,47951,0.00027846721510690187,Vibrio cyclitrophicus,2435.0
1837,2548456,0.00026743892565532214,Streptomyces aquilus,1943.0
5460,2820278,0.0002657889715703118,Aquabacter sp. L1I39,4361.0
6654,81468,0.00026529869711454347,Aminobacterium colombiense,1799.0
2429,29553,0.0002602634022573603,Mycoplasmopsis bovirhinis,12083.0
376,28031,0.00025906907062044776,Lysinibacillus fusiformis,10831.0
1269,3039385,0.00025888717954012806,Arthrobacter sp. Y-9,2127.0
702,1814128,0.0002588521384040974,Streptococcus halotolerans,20673.0
504,296745,0.00024281959827294913,Caldalkalibacillus thermarum,8791.0
2130,2294034,0.00024015253910021248,Micromonospora craniellae,2400.0
1302,199136,0.0002381436307928435,Arthrobacter koreensis,2519.0
1736,2966192,0.00023226390782274186,Streptomyces sp. Je 1-369,1399.0
4663,363952,0.00022701688960134875,Comamonas thiooxydans,5953.0
5916,3032592,0.0002259104704690874,Altererythrobacter sp. CAU 1644,1450.0
9286,265949,0.00022567843176050426,Mycobacterium pseudoshottsii,93.0
8531,658666,0.0002236331966061696,Bacillus bombysepticus,998.0
344,1408,0.00021476365206129933,Bacillus pumilus,36492.0
7249,53358,0.0002130428527936784,Intrasporangium calvum,2036.0
1520,2999062,0.00020745142784323503,Brevibacterium sp. BRM-1,7940.0
6898,2189,0.00020458767921004392,Methanotorris igneus,905.0
5165,748811,0.00020067229572206253,Sulfuritalea hydrogenivorans,2288.0
5754,3012344,0.00019525667640285082,Sphingomonas sp. PAMB00755,2196.0
6007,1612173,0.0001929472449266509,Niveispirillum cyanobacteriorum,3467.0
4483,2956798,0.00018010043524325988,Gilvimarinus sp. DA14,1914.0
7131,2789424,0.00016622395963848373,Actinomyces sp. HMT897,5644.0
3890,2698682,0.00016077704125221862,Lysobacter oculi,1418.0
621,2939494,0.00013603045921060963,Rummeliibacillus sp. G93,6397.0
8725,2980108,0.00013436225375055877,Roseovarius sp. HL-MP18,693.0
4913,871742,0.00013169134280754187,Pseudoduganella flava,4011.0
579,1461582,0.0001300545239353755,Jeotgalicoccus saudimassiliensis,3996.0
9503,2955989,0.0001225914182782318,Immutovirus immuto,83.0
7696,2652721,0.00012237707655497401,Agarivorans sp. B2Z047,617.0
2152,1867,0.00011964586437986103,Actinoplanes teichomyceticus,3676.0
6911,582419,0.00011802129667071026,Thermococcus paralvinellae,766.0
834,2923363,0.00011762214517052055,Bombilactobacillus thymidiniphilus,5441.0
801,2203724,0.00011405349839819538,Oenococcus sicerae,4188.0
2238,2937800,0.00011349405656783949,Conexibacter sp. S30A1,3649.0
4675,2940492,0.00011346831357275898,Acidovorax sp. GBBC 1281,2641.0
3452,28152,0.00011212249132968493,Yersinia kristensenii,957.0
711,2749961,0.00011135700972327947,Lactococcus carnosus,640.0
1190,2987751,0.00011124238998575368,Rhodococcus sp. 75,2488.0
7064,2816909,0.00010962587545857356,Lactococcus sp. LG1074,9612.0
397,3047873,0.00010695072618696303,Neobacillus sp. WH10,9944.0
6152,920,0.00010528997227680582,Acidithiobacillus ferrooxidans,1874.0
2275,374981,0.00010524395177817305,Synechococcus sp. PCC 7003,1419.0
1957,2161816,0.00010517635909556329,Tessaracoccus timonensis,3779.0
8409,2867408,0.00010491675856925225,Pseudomonas sp. 3-2,467.0
2448,114880,0.00010452240124183777,Mycoplasmopsis columbinasalis,986.0
1321,72000,0.00010386947676750642,Kocuria rhizophila,7578.0
5828,407020,0.00010319153261101365,Sphingobium sp. MI1205,2483.0
2714,1617283,0.00010250629060994787,Flavobacterium nitrogenifigens,3085.0
6428,2740405,0.00010149657257805049,Sulfurimonas Candidatus Sulfurimonas marisnigri,2818.0
1106,146827,0.00010122495588082513,Corynebacterium simulans,3618.0
935,2983229,0.00010106617032934988,Bifidobacterium sp. ESL0769,5625.0
2633,2681766,0.00010063330351177696,Maribellus comscasis,7414.0
1440,1561023,9.971782766725539e-05,Curtobacterium sp. MR_MD2014,1768.0
1417,2609255,9.949316802670117e-05,Rathayibacter sp. VKM Ac-2801,1844.0
6686,118000,9.790695902794527e-05,Denitrovibrio acetiphilus,6435.0
3708,198620,9.778904349793523e-05,Pseudomonas koreensis,2097.0
8447,2576932,9.67568644415698e-05,Polynucleobacter sp. MG-6-Vaara-E2,494.0
2246,29539,9.595738567586081e-05,Thermoleophilum album,2642.0
6437,2893889,9.549485047617836e-05,Sulfurovum sp. HSL1-3,2762.0
6356,198,9.462623286439538e-05,Campylobacter hyointestinalis,6803.0
1894,2758572,9.424460239703785e-05,Schaalia sp. JY-X169,2599.0
1574,857417,9.401624759472985e-05,Janibacter indicus,3003.0
6667,1592106,9.397828621464847e-05,Terriglobus albidus,2963.0
6776,2961595,9.338886607614242e-05,Halomarina sp. BCD28,830.0
4190,485447,9.33092494018988e-05,Thalassomonas actiniarum,2569.0
7328,307121,9.294126752406577e-05,Micromonospora krabiensis,2670.0
1670,2136401,9.276391279403314e-05,Streptomyces sp. YIM 121038,2212.0
1803,83656,9.247448870635072e-05,Streptomyces tsukubensis,5258.0
3534,634113,9.23142581459216e-05,Arsenophonus Candidatus Arsenophonus lipoptenae,2560.0
7214,683042,9.181401893952491e-05,Leucobacter denitrificans,3913.0
2686,2183896,9.15332530909012e-05,Flavobacterium crocinum,4962.0
1254,85336,9.088587697411593e-05,Rothia nasimurium,2855.0
3912,1463158,9.025659632850684e-05,Thermomonas carbonis,1820.0
4711,47421,8.960491100952782e-05,Hydrogenophaga pseudoflava,2014.0
5903,1896196,8.888589632223108e-05,Porphyrobacter sp. LM 6,1881.0
5868,1582356,8.885612301826351e-05,Sphingomicrobium aestuariivivum,3075.0
4270,383750,8.841056776022627e-05,Marinomonas arctica,2737.0
6315,2795293,8.833892850206791e-05,Desulfolithobacter dissulfuricans,4102.0
1581,1710,8.794454253764813e-05,Cellulosimicrobium cellulans,9028.0
3172,2995161,8.779849834944521e-05,Pedobacter sp. SL55,5271.0
6926,2874846,8.747640723002127e-05,Candidatus Methanoliparum sp. LAM-1,635.0
3928,2911537,8.714698415964325e-05,Luteibacter aegosomatis,2699.0
6899,2607662,8.700841368878783e-05,Methanofervidicoccus sp. A16,794.0
7494,2681986,8.613711411967888e-05,Candidatus Blochmannia Blochmannia endosymbiont of Camponotus nipponensis,1858.0
4476,454662,8.607564275580478e-05,Cellvibrio sp. KY-YJ-3,1030.0
3020,2999067,8.600793520447401e-05,Hymenobacter sp. PAMC 29467,3442.0
6464,76859,8.453570146578135e-05,Fusobacterium animalis,39760.0
6614,2918170,8.426198587293414e-05,Anaeromyxobacter oryzae,3971.0
3167,259,8.175355206859113e-05,Sphingobacterium thalpophilum,4183.0
548,2282419,8.147909306585584e-05,Staphylococcus pseudoxylosus,4217.0
712,1281486,8.060893068884004e-05,Lactococcus formosensis,24873.0
6069,2903901,8.060290276917516e-05,Phenylobacterium sp. LH3H17,3313.0
2778,279359,8.053636952298729e-05,Christiangramia echinicola,1652.0
1744,2759525,8.046943197780428e-05,Streptomyces sp. M54,508.0
5129,281362,7.880192097059576e-05,Dechloromonas denitrificans,4358.0
8218,74969,7.754412073057362e-05,Ferroplasma acidiphilum,262.0
2923,2594269,7.603614132877816e-05,Chryseobacterium sp. SNU WT5,3372.0
7960,41899,7.497438061365967e-05,Burkholderia plantarii,1642.0
2089,632569,7.492469879518075e-05,Saccharomonospora marina,2642.0
1150,1652495,7.078165713426229e-05,Corynebacterium crudilactis,1301.0
7646,2684212,7.063536331829027e-05,Pseudomonas izuensis,603.0
2106,3028804,6.863308524946372e-05,Micromonospora sp. HUAS 3,1748.0
317,2812759,6.849045657026551e-05,Bacillus sp. PDNC022,193.0
5070,1056807,6.847940169420567e-05,Morococcus cerebrosus,1630.0
6729,2292766,6.711364126915608e-05,Persicimonas caeni,4346.0
8564,446372,6.609154841870162e-05,Vibrio celticus,487.0
892,128944,6.484830710072671e-05,Aerococcus urinaehominis,3186.0
7498,108080,6.284566100450425e-05,Candidatus Blochmannia herculeanus,681.0
7730,2004646,6.19953145249726e-05,Acinetobacter sp. WCHA55,1589.0
6605,83451,6.0251679439871345e-05,Archangium violaceum,11183.0
8970,2560568,5.936045817921492e-05,Roseolovirus Macacine betaherpesvirus 9,31.0
7445,2489010,5.8994801427225356e-05,Klebsiella africana,4349.0
5284,1969821,5.873838219737042e-05,Ciceribacter thiooxidans,2006.0
4852,576610,5.796088368503066e-05,Polynucleobacter necessarius,6416.0
6045,2813778,5.679742442232169e-05,Brevundimonas sp. CS1,824.0
768,1074467,5.588788721318842e-05,Companilactobacillus heilongjiangensis,4607.0
175,1536773,5.453137952058978e-05,Paenibacillus sp. FSL R7-0331,11490.0
4803,2654982,4.901176035958378e-05,Paraburkholderia atlantica,1697.0
3932,2911538,4.539388893324364e-05,Luteibacter aegosomaticola,2395.0
231,521520,0.0,Paenibacillus urinalis,10859.0
232,1472,0.0,Paenibacillus pabuli,14535.0
234,2726185,0.0,Paenibacillus albicereus,12557.0
235,169760,0.0,Paenibacillus stellifer,13102.0
236,189426,0.0,Paenibacillus odorifer,10030.0
237,49283,0.0,Paenibacillus thiaminolyticus,12898.0
238,1451,0.0,Paenibacillus amylolyticus,12303.0
239,1616788,0.0,Paenibacillus bovis,8210.0
240,172713,0.0,Paenibacillus kribbensis,8546.0
241,128574,0.0,Paenibacillus brasilensis,5996.0
243,2704462,0.0,Paenibacillus lycopersici,10759.0
244,1473112,0.0,Paenibacillus guangzhouensis,8174.0
245,1462996,0.0,Paenibacillus yonginensis,10455.0
246,159743,0.0,Paenibacillus terrae,4324.0
247,2020716,0.0,Paenibacillus konkukensis,12474.0
248,2495582,0.0,Paenibacillus albus,6202.0
249,162209,0.0,Paenibacillus naphthalenovorans,9740.0
250,160799,0.0,Paenibacillus borealis,8884.0
251,682956,0.0,Paenibacillus jilunlii,8652.0
252,1178515,0.0,Paenibacillus swuensis,5914.0
253,44250,0.0,Paenibacillus alvei,8030.0
254,130049,0.0,Paenibacillus dendritiformis,16068.0
255,1778678,0.0,Paenibacillus psychroresistens,12159.0
256,1333845,0.0,Paenibacillus sophorae,6779.0
257,171404,0.0,Paenibacillus agaridevorans,11920.0
258,365617,0.0,Paenibacillus sabinae,7288.0
259,1763538,0.0,Paenibacillus crassostreae,4757.0
260,59893,0.0,Paenibacillus peoriae,16472.0
261,375489,0.0,Paenibacillus cellulosilyticus,9257.0
262,253703,0.0,Paenibacillus antarcticus,11212.0
263,1452732,0.0,Paenibacillus kyungheensis,4829.0
264,3026433,0.0,Paenibacillus marchantiae,3121.0
265,116718,0.0,Paenibacillus azoreducens,8430.0
266,59843,0.0,Paenibacillus glucanolyticus,11324.0
267,562959,0.0,Paenibacillus cellulositrophicus,6785.0
268,1401,0.0,Paenibacillus lautus,5876.0
269,528191,0.0,Paenibacillus xylanexedens,3351.0
270,683737,0.0,Paenibacillus uliginis,5106.0
271,2950604,0.0,Brevibacillus sp. BB3-R1,7448.0
272,319501,0.0,Brevibacillus sp. WF146,9088.0
273,2738867,0.0,Brevibacillus sp. DP1.3A,1743.0
274,1465,0.0,Brevibacillus laterosporus,22265.0
275,51101,0.0,Brevibacillus agri,22384.0
276,54911,0.0,Brevibacillus choshinensis,8067.0
278,2895522,0.0,Brevibacillus humidisoli,6335.0
279,2796470,0.0,Brevibacillus composti,7766.0
280,2496837,0.0,Brevibacillus marinus,6625.0
281,54914,0.0,Brevibacillus parabrevis,4943.0
282,54913,0.0,Brevibacillus formosus,1647.0
283,2966586,0.0,Aneurinibacillus sp. B1,5272.0
284,3022697,0.0,Aneurinibacillus sp. Ricciae_BoGa-3,8181.0
285,1500254,0.0,Aneurinibacillus soli,8943.0
286,143495,0.0,Aneurinibacillus thermoaerophilus,1695.0
287,2674991,0.0,Cohnella candidum,9710.0
288,1619153,0.0,Cohnella sp. LGH,15971.0
289,2507935,0.0,Cohnella abietis,5920.0
290,2728023,0.0,Cohnella herbarum,7445.0
291,2598458,0.0,Cohnella cholangitidis,6437.0
292,377615,0.0,Thermobacillus composti,17713.0
293,2583377,0.0,Saccharibacillus brassicae,15472.0
294,2682541,0.0,Bacillus sp. N1-1,8195.0
295,2014076,0.0,Bacillus sp. FJAT-42376,10064.0
297,2709784,0.0,Bacillus sp. KH172YL63,5526.0
300,2589818,0.0,Bacillus sp. Cs-700,6192.0
301,2587848,0.0,Bacillus sp. THAF10,10795.0
302,352858,0.0,Bacillus sp. Y1,8041.0
304,1071080,0.0,Bacillus sp. SB49,42621.0
305,2884832,0.0,Bacillus sp. CMF21,13464.0
306,2933872,0.0,Bacillus sp. JY-23,7585.0
307,2608254,0.0,Bacillus sp. BS98,698.0
308,666686,0.0,Bacillus sp. 1NLA3E,10873.0
309,2683680,0.0,Bacillus sp. ms-22,622.0
310,2925318,0.0,Bacillus sp. N5-665,1431.0
311,1071078,0.0,Bacillus sp. NSP9.1,3320.0
312,2933563,0.0,Bacillus sp. PGP15,799.0
313,2666127,0.0,Bacillus sp. N3536,4856.0
314,2884834,0.0,Bacillus sp. CMF12,10133.0
315,580459,0.0,Bacillus sp. 3a,169.0
316,2928154,0.0,Bacillus sp. ZJS3,1075.0
318,2499213,0.0,Bacillus sp. BD59S,1406.0
319,2796141,0.0,Bacillus sp. HNR-4,7168.0
320,659243,0.0,Bacillus siamensis,1974.0
321,1390,0.0,Bacillus amyloliquefaciens,20888.0
322,1648923,0.0,Bacillus paralicheniformis,12394.0
323,1423,0.0,Bacillus subtilis,46902.0
324,72360,0.0,Bacillus mojavensis,3434.0
325,260554,0.0,Bacillus halotolerans,2883.0
326,96241,0.0,Bacillus spizizenii,2506.0
327,72361,0.0,Bacillus vallismortis,6350.0
328,483913,0.0,Bacillus inaquosorum,4169.0
329,1402,0.0,Bacillus licheniformis,6044.0
330,1452,0.0,Bacillus atrophaeus,8804.0
331,227866,0.0,Bacillus tequilensis,2525.0
332,1405,0.0,Bacillus mycoides,24809.0
334,64104,0.0,Bacillus pseudomycoides,16005.0
335,580165,0.0,Bacillus cytotoxicus,11171.0
336,2026191,0.0,Bacillus luti,3484.0
337,2026193,0.0,Bacillus nitratireducens,5700.0
338,155322,0.0,Bacillus toyonensis,4169.0
339,1392,0.0,Bacillus anthracis,26202.0
340,2217832,0.0,Bacillus sp. JAS24-2,969.0
341,1839798,0.0,Bacillus sp. FDAARGOS_235,1729.0
342,2026186,0.0,Bacillus paranthracis,7260.0
343,2026187,0.0,Bacillus pacificus,102.0
345,1455,0.0,Bacillus badius,12410.0
346,324767,0.0,Bacillus infantis,9018.0
347,293387,0.0,Bacillus altitudinis,14156.0
348,1471,0.0,Bacillus methanolicus,10419.0
349,1742359,0.0,Bacillus dafuensis,13502.0
350,1664069,0.0,Bacillus glycinifermentans,7569.0
351,2672567,0.0,Bacillus aquiflavi,14994.0
352,1547283,0.0,Bacillus weihaiensis,15940.0
353,2728853,0.0,Bacillus fonticola,3245.0
354,1479,0.0,Bacillus smithii,8202.0
355,1441095,0.0,Bacillus gobiensis,5412.0
356,561879,0.0,Bacillus safensis,8900.0
358,2715209,0.0,Bacillus rugosus,1570.0
359,1983719,0.0,Bacillus shivajii,8546.0
360,33934,0.0,Anoxybacillus flavithermus,15256.0
361,294699,0.0,Anoxybacillus amylolyticus,4429.0
362,1636720,0.0,Anoxybacillus sp. PDR2,5884.0
363,247480,0.0,Anoxybacillus caldiproteolyticus,7770.0
364,265546,0.0,Anoxybacillus ayderensis,805.0
365,198467,0.0,Anoxybacillus gonensis,2266.0
366,2169540,0.0,Lysinibacillus sp. 2017,24317.0
367,2929796,0.0,Lysinibacillus sp. PLM2,9378.0
368,2998077,0.0,Lysinibacillus sp. IRB4-01,8061.0
369,2936682,0.0,Lysinibacillus sp. Ag94,6392.0
370,2070463,0.0,Lysinibacillus sp. SGAir0095,6628.0
371,2892541,0.0,Lysinibacillus sp. CD3-6,13904.0
372,2896845,0.0,Lysinibacillus sp. GJ-1,4333.0
373,2972483,0.0,Lysinibacillus sp. OF-1,7378.0
374,3026425,0.0,Lysinibacillus sp. G01H,5461.0
375,2086577,0.0,Lysinibacillus timonensis,18584.0
377,436516,0.0,Lysinibacillus parviboronicapiens,11135.0
378,759811,0.0,Lysinibacillus pakistanensis,10678.0
379,2590012,0.0,Lysinibacillus agricola,5878.0
380,1421,0.0,Lysinibacillus sphaericus,12282.0
381,2115968,0.0,Lysinibacillus capsici,6803.0
382,1145276,0.0,Lysinibacillus varians,2820.0
383,2901381,0.0,Cytobacillus sp. CY-G,17096.0
384,1637975,0.0,Cytobacillus solani,15199.0
385,859144,0.0,Cytobacillus gottheilii,15998.0
386,665099,0.0,Cytobacillus oceanisediminis,48711.0
387,1399,0.0,Cytobacillus firmus,10924.0
388,859143,0.0,Cytobacillus kochii,14345.0
389,1426,0.0,Parageobacillus thermoglucosidasius,13711.0
390,81408,0.0,Parageobacillus caldoxylosilyticus,6180.0
391,1295642,0.0,Parageobacillus genomosp. 1,6008.0
392,153151,0.0,Parageobacillus toebii,34669.0
393,2916802,0.0,Parageobacillus sp. KH3-4,8478.0
394,3047874,0.0,Neobacillus sp. YX16,12863.0
395,2963105,0.0,Neobacillus sp. Marseille-Q6967,16913.0
396,3047875,0.0,Neobacillus sp. SuZ13,9263.0
398,3048535,0.0,Neobacillus sp. 114,6789.0
400,1193713,0.0,Neobacillus mesonae,12973.0
401,220684,0.0,Neobacillus drentensis,11954.0
402,220687,0.0,Neobacillus novalis,6248.0
403,2419841,0.0,Virgibacillus sp. Bac330,16281.0
404,2700081,0.0,Virgibacillus sp. MSP4-1,6607.0
405,403957,0.0,Virgibacillus sp. SK37,13203.0
406,2831673,0.0,Virgibacillus sp. NKC19-16,8430.0
407,1911587,0.0,Virgibacillus sp. 6R,8963.0
409,163877,0.0,Virgibacillus necropolis,8764.0
410,2017483,0.0,Virgibacillus phasianinus,8550.0
411,1216297,0.0,Virgibacillus natechei,8666.0
412,302167,0.0,Virgibacillus dokdonensis,7039.0
413,284581,0.0,Priestia koreensis,15979.0
414,1402861,0.0,Priestia filamentosa,14930.0
415,86664,0.0,Priestia flexa,25859.0
416,412384,0.0,Priestia aryabhattai,8457.0
417,2886505,0.0,Priestia sp. J2,260.0
418,228899,0.0,Peribacillus asahii,18157.0
419,450367,0.0,Peribacillus frigoritolerans,38011.0
420,1407,0.0,Peribacillus psychrosaccharolyticus,14575.0
421,421767,0.0,Peribacillus butanolivorans,11809.0
422,264697,0.0,Peribacillus muralis,3911.0
423,129338,0.0,Geobacillus subterraneus,7932.0
424,33940,0.0,Geobacillus thermodenitrificans,7637.0
425,1394,0.0,Geobacillus [Bacillus] caldolyticus,305.0
426,550542,0.0,Geobacillus sp. Y412MC52,677.0
427,1963025,0.0,Geobacillus sp. 46C-IIa,1983.0
428,691437,0.0,Geobacillus sp. C56-T3,2487.0
429,1422,0.0,Geobacillus stearothermophilus,5375.0
430,1921421,0.0,Geobacillus genomosp. 3,4492.0
431,1017270,0.0,Fictibacillus enclensis,10657.0
432,255247,0.0,Fictibacillus arsenicus,6159.0
433,2991053,0.0,Fictibacillus sp. KU28468,8459.0
434,1221500,0.0,Fictibacillus phosphorivorans,11866.0
435,2806989,0.0,Metabacillus sp. cB07,8209.0
436,2745198,0.0,Metabacillus sp. KUDC1714,11640.0
437,2897333,0.0,Metabacillus sp. B2-18,24030.0
438,2567941,0.0,Metabacillus sediminilitoris,15624.0
440,1535204,0.0,Metabacillus endolithicus,9095.0
441,189381,0.0,Rossellomorea marisflavi,12533.0
442,3038653,0.0,Rossellomorea sp. DA94,4822.0
443,218284,0.0,Rossellomorea vietnamensis,8481.0
444,545501,0.0,Oceanobacillus oncorhynchi,12925.0
445,1462527,0.0,Oceanobacillus jeddahense,10851.0
446,2052660,0.0,Oceanobacillus zhaokaii,11543.0
447,182710,0.0,Oceanobacillus iheyensis,16328.0
448,746691,0.0,Oceanobacillus kimchii,18150.0
449,2912824,0.0,Niallia sp. Man26,15813.0
450,2962858,0.0,Niallia sp. RD1,16997.0
451,1397,0.0,Niallia circulans,46687.0
452,3043332,0.0,Mesobacillus sp. AQ2,6882.0
453,2880221,0.0,Mesobacillus sp. S13,12580.0
454,279826,0.0,Mesobacillus foraminis,8820.0
455,129985,0.0,Mesobacillus jeotgali,13318.0
456,2924032,0.0,Alkalihalobacillus sp. LMS39,23008.0
457,2924034,0.0,Alkalihalobacillus sp. LMS6,5383.0
458,300825,0.0,Alkalihalobacillus lehensis,5206.0
459,79880,0.0,Alkalihalobacillus clausii,8094.0
460,2598861,0.0,Alkalihalobacillus miscanthi,349.0
461,2932257,0.0,Halobacillus sp. SSBR10-3,7133.0
462,2932259,0.0,Halobacillus sp. SSHM10-5,10143.0
463,2932258,0.0,Halobacillus sp. SSTM10-2,5313.0
464,402384,0.0,Halobacillus mangrovi,8835.0
465,554880,0.0,Halobacillus naozhouensis,5232.0
466,1570,0.0,Halobacillus halophilus,6300.0
467,45668,0.0,Halobacillus litoralis,4979.0
468,79883,0.0,Sutcliffiella horikoshii,11823.0
469,3004096,0.0,Sutcliffiella sp. NC1,6294.0
470,2829187,0.0,Psychrobacillus sp. INOP01,9870.0
471,2303505,0.0,Psychrobacillus sp. AK 1817,11034.0
472,2283160,0.0,Psychrobacillus glaciei,22751.0
473,386490,0.0,Terribacillus goriensis,10897.0
474,2850441,0.0,Terribacillus sp. DMT04,8241.0
475,1413,0.0,Evansella cellulosilytica,16399.0
476,2924033,0.0,Evansella sp. LMS18,8381.0
477,371036,0.0,Gottfriedia acidiceleris,25254.0
478,2844358,0.0,Radiobacillus kanasensis,11424.0
479,2594883,0.0,Radiobacillus deserti,6876.0
480,2932255,0.0,Gracilibacillus sp. SSPM10-3,7875.0
481,2932256,0.0,Gracilibacillus sp. SSWR10-1,8708.0
482,2663022,0.0,Gracilibacillus salitolerans,10224.0
483,38875,0.0,Heyndrickxia oleronia,15546.0
484,1476025,0.0,Heyndrickxia vini,10973.0
485,2518176,0.0,Lentibacillus sp. CBA3610,6305.0
486,2911514,0.0,Lentibacillus sp. ZS110521,5681.0
488,2692425,0.0,Pontibacillus sp. HMF3514,7428.0
489,2777185,0.0,Pontibacillus sp. ALD_SL1,19155.0
490,33936,0.0,Aeribacillus pallidus,19171.0
491,2502791,0.0,Salicibibacter halophilus,5408.0
492,2743000,0.0,Salicibibacter cibarius,2681.0
493,2743001,0.0,Salicibibacter cibi,2106.0
494,2099786,0.0,Salicibibacter kimchii,4201.0
495,85683,0.0,Salisediminibacterium selenitireducens,5725.0
496,632773,0.0,Salisediminibacterium beveridgei,16800.0
497,1398,0.0,Weizmannia coagulans,12484.0
498,35841,0.0,Caldibacillus thermoamylovorans,13222.0
499,2980027,0.0,Fervidibacillus halotolerans,6354.0
500,2980026,0.0,Fervidibacillus albus,5418.0
502,2593652,0.0,Mangrovibacillus cuniculi,7005.0
503,2651284,0.0,Pradoshia sp. D12,11030.0
506,86665,0.0,Halalkalibacterium (ex Joshi et al. 2022) Halalkalibacterium halodurans,11384.0
507,79885,0.0,Alkalihalophilus pseudofirmus,15708.0
508,1230341,0.0,Salimicrobium jeotgali,5356.0
509,1467,0.0,Lederbergia lenta,10228.0
510,208199,0.0,Pseudalkalibacillus hwajinpoensis,5324.0
511,2213194,0.0,Paraliobacillus zengyii,11805.0
512,570278,0.0,Allobacillus halotolerans,7620.0
513,254758,0.0,Siminovitchia fortis,5876.0
514,2592382,0.0,Paenalkalicoccus suaedae,14950.0
515,2924031,0.0,Salipaludibacillus sp. LMS25,15651.0
516,199441,0.0,Halalkalibacter krulwichiae,9753.0
517,1532552,0.0,Anaerobacillus isosaccharinicus,13204.0
518,1912064,0.0,Staphylococcus sp. MI 10-1553,2850.0
519,2583989,0.0,Staphylococcus sp. 17KM0847,7245.0
520,3020908,0.0,Staphylococcus sp. NRL 22/194,41320.0
521,2929481,0.0,Staphylococcus sp. IVB6181,5745.0
522,308354,0.0,Staphylococcus simiae,20387.0
523,1292,0.0,Staphylococcus warneri,23170.0
524,1283,0.0,Staphylococcus haemolyticus,20026.0
525,1282,0.0,Staphylococcus epidermidis,32207.0
526,1955013,0.0,Staphylococcus edaphicus,6541.0
527,1290,0.0,Staphylococcus hominis,36643.0
528,33028,0.0,Staphylococcus saccharolyticus,11002.0
529,28035,0.0,Staphylococcus lugdunensis,9502.0
530,985002,0.0,Staphylococcus argenteus,7339.0
531,29388,0.0,Staphylococcus capitis,24347.0
532,1286,0.0,Staphylococcus simulans,28014.0
533,283734,0.0,Staphylococcus pseudintermedius,18778.0
534,53344,0.0,Staphylococcus delphini,5345.0
535,29378,0.0,Staphylococcus arlettae,26226.0
536,61015,0.0,Staphylococcus succinus,16874.0
537,70258,0.0,Staphylococcus piscifermentans,7103.0
538,1281,0.0,Staphylococcus carnosus,6867.0
539,2912228,0.0,Staphylococcus shinii,5027.0
540,45972,0.0,Staphylococcus pasteuri,15757.0
541,2044912,0.0,Staphylococcus debuckii,3963.0
542,29385,0.0,Staphylococcus saprophyticus,16262.0
543,70255,0.0,Staphylococcus condimenti,9975.0
545,1284,0.0,Staphylococcus hyicus,16638.0
546,1294,0.0,Staphylococcus muscae,3763.0
547,1293,0.0,Staphylococcus gallinarum,9770.0
549,46126,0.0,Staphylococcus chromogenes,20526.0
550,985762,0.0,Staphylococcus agnetis,7242.0
551,170573,0.0,Staphylococcus pettenkoferi,9302.0
552,2781774,0.0,Staphylococcus lloydii,5525.0
553,214473,0.0,Staphylococcus nepalensis,9815.0
554,29384,0.0,Staphylococcus kloosii,4566.0
555,1288,0.0,Staphylococcus xylosus,23996.0
556,46127,0.0,Staphylococcus felis,8771.0
557,2892440,0.0,Staphylococcus ratti,12136.0
558,29379,0.0,Staphylococcus auricularis,5613.0
559,1295,0.0,Staphylococcus schleiferi,2735.0
560,1654388,0.0,Staphylococcus schweitzeri,5394.0
562,246432,0.0,Staphylococcus equorum,9108.0
563,155085,0.0,Staphylococcus lutrae,6059.0
564,1296,0.0,Mammaliicoccus sciuri,30791.0
565,71237,0.0,Mammaliicoccus vitulinus,10332.0
566,643214,0.0,Mammaliicoccus stepanovicii,10686.0
567,42858,0.0,Mammaliicoccus lentus,20132.0
568,2962659,0.0,Mammaliicoccus sp. Marseille-Q6498,15780.0
569,2875764,0.0,Macrococcus armenti,14213.0
570,1855823,0.0,Macrococcus canis,19665.0
571,69967,0.0,Macrococcus equipercicus,6000.0
572,198483,0.0,Macrococcus brunensis,6960.0
573,69966,0.0,Macrococcus caseolyticus,19350.0
574,1898474,0.0,Macrococcus sp. IME1552,4042.0
575,1902580,0.0,Macrococcus epidermidis,6759.0
576,1903056,0.0,Macrococcus bohemicus,5251.0
577,2708346,0.0,Jeotgalicoccus sp. WY2,6955.0
578,946435,0.0,Jeotgalicoccus sp. ATCC 8456,14618.0
580,407035,0.0,Salinicoccus halodurans,7420.0
581,489910,0.0,Nosocomiicoccus ampullae,19583.0
582,1817405,0.0,Abyssicoccus albus,13972.0
583,2058136,0.0,Planococcus sp. MB-3u-03,7610.0
584,2908840,0.0,Planococcus sp. 107-1,4843.0
585,1526927,0.0,Planococcus sp. PAMC 21323,9029.0
586,414778,0.0,Planococcus donghaensis,6924.0
588,2233542,0.0,Planococcus halotolerans,11762.0
589,459472,0.0,Planococcus glaciei,6253.0
590,1215089,0.0,Planococcus halocryophilus,18584.0
591,1499687,0.0,Planococcus massiliensis,3315.0
592,2213202,0.0,Planococcus lenghuensis,5470.0
593,161360,0.0,Planococcus antarcticus,5489.0
594,1374,0.0,Planococcus kocurii,4676.0
595,1598147,0.0,Planococcus faecalis,3488.0
596,1302659,0.0,Planococcus versutus,4065.0
597,1038856,0.0,Planococcus plakortidis,3144.0
598,200991,0.0,Planococcus rifietoensis,2828.0
599,1930546,0.0,Sporosarcina sp. P37,6172.0
600,2942204,0.0,Sporosarcina sp. Marseille-Q4943,6189.0
601,2818390,0.0,Sporosarcina sp. Te-1,5142.0
602,2283194,0.0,Sporosarcina sp. PTS2304,7646.0
603,2810514,0.0,Sporosarcina sp. Marseille-Q4063,5963.0
605,1930764,0.0,Sporosarcina sp. P33,3226.0
606,633404,0.0,Sporosarcina thermotolerans,4348.0
607,1571,0.0,Sporosarcina ureae,16259.0
608,298596,0.0,Sporosarcina ureilytica,5847.0
609,1476,0.0,Sporosarcina psychrophila,5423.0
610,1474,0.0,Sporosarcina pasteurii,3866.0
611,2048654,0.0,Solibacillus sp. R5-41,21206.0
612,2912187,0.0,Solibacillus sp. ZS111008,7837.0
613,76853,0.0,Solibacillus silvestris,6492.0
614,1508404,0.0,Jeotgalibacillus malaysiensis,10062.0
615,51173,0.0,Ureibacillus thermosphaericus,44665.0
616,367743,0.0,Ureibacillus thermophilus,8653.0
617,2320858,0.0,Paenisporosarcina cavernae,5589.0
618,417367,0.0,Paenisporosarcina antarctica,7809.0
619,1750719,0.0,Kurthia sp. 11kri321,12553.0
620,1650,0.0,Kurthia zopfii,7473.0
622,241244,0.0,Rummeliibacillus stabekisii,6301.0
623,2779527,0.0,Viridibacillus sp. JNUCC-6,14295.0
624,2840371,0.0,Gemella sp. zg-570,22368.0
625,29391,0.0,Gemella morbillorum,42647.0
626,2735868,0.0,Exiguobacterium sp. Helios,4256.0
627,2051906,0.0,Exiguobacterium sp. N4-1P,2145.0
628,1399115,0.0,Exiguobacterium sp. MH3,1319.0
629,360911,0.0,Exiguobacterium sp. AT1b,884.0
630,2829816,0.0,Exiguobacterium sp. PFWT01,885.0
631,1224749,0.0,Exiguobacterium sp. ZWU0009,4121.0
632,1849031,0.0,Exiguobacterium sp. U13-1,1295.0
633,132920,0.0,Exiguobacterium antarcticum,2952.0
634,1428684,0.0,Exiguobacterium alkaliphilum,3782.0
636,41170,0.0,Exiguobacterium acetylicum,9182.0
637,332410,0.0,Exiguobacterium sibiricum,2122.0
638,340146,0.0,Exiguobacterium mexicanum,2110.0
640,307643,0.0,Exiguobacterium profundum,1625.0
641,2866627,0.0,Hydrogenibacillus sp. N12,6264.0
642,1844999,0.0,Listeria sp. PSOL-1,7907.0
643,1638,0.0,Listeria ivanovii,10496.0
644,529731,0.0,Listeria marthii,4832.0
645,1497681,0.0,Listeria newyorkensis,3628.0
646,1642,0.0,Listeria innocua,14091.0
647,1640,0.0,Listeria seeligeri,13923.0
648,1641,0.0,Listeria grayi,11038.0
649,1006155,0.0,Listeria weihenstephanensis,8105.0
650,1643,0.0,Listeria welshimeri,7086.0
651,2756,0.0,Brochothrix thermosphacta,14881.0
652,2665646,0.0,Alicyclobacillus sp. SO9,3184.0
653,2796143,0.0,Alicyclobacillus sp. ALC3,3976.0
654,2606450,0.0,Alicyclobacillus sp. TC,2672.0
655,405212,0.0,Alicyclobacillus acidocaldarius,13122.0
656,1457,0.0,Alicyclobacillus cycloheptanicus,7637.0
657,392011,0.0,Alicyclobacillus fastidiosus,7671.0
658,1475485,0.0,Alicyclobacillus dauci,5786.0
659,2931921,0.0,Alicyclobacillus mengziensis,6968.0
660,1450,0.0,Alicyclobacillus acidoterrestris,3713.0
661,1214604,0.0,Tumebacillus algifaecis,7102.0
663,33943,0.0,Kyrpidia tusciae,3254.0
664,2055160,0.0,Kyrpidia spormannii,3448.0
665,2743772,0.0,Effusibacillus dendaii,5364.0
666,1471761,0.0,Novibacillus thermophilus,3733.0
667,714067,0.0,Kroppenstedtia eburnea,5500.0
668,1380685,0.0,Kroppenstedtia pulmonis,2634.0
669,1125966,0.0,Polycladomyces abyssicola,4450.0
670,2490858,0.0,Staphylospora marina,5140.0
671,2026,0.0,Thermoactinomyces vulgaris,3721.0
672,37482,0.0,Laceyella sacchari,5106.0
673,269673,0.0,Sporolactobacillus terrae,9260.0
674,3028315,0.0,Pullulanibacillus sp. KACC 23026,10788.0
675,2598453,0.0,Streptococcus sp. 116-D4,30703.0
676,2576376,0.0,Streptococcus sp. 1643,30697.0
677,2664091,0.0,Streptococcus sp. zg-86,6139.0
678,1902136,0.0,Streptococcus sp. NPS 308,38890.0
679,3020829,0.0,Streptococcus sp. HN38,3067.0
680,712624,0.0,Streptococcus sp. oral taxon 064,26439.0
681,2583584,0.0,Streptococcus sp. NCTC 11567,7508.0
682,3038077,0.0,Streptococcus sp. D7B5,39792.0
683,400065,0.0,Streptococcus merionis,16288.0
684,1340,0.0,Streptococcus porcinus,34453.0
685,2021971,0.0,Streptococcus respiraculi,9644.0
686,1348,0.0,Streptococcus parauberis,42725.0
687,82348,0.0,Streptococcus pluranimalium,40838.0
688,1341,0.0,Streptococcus ratti,26238.0
689,1349,0.0,Streptococcus uberis,39350.0
690,257758,0.0,Streptococcus pseudopneumoniae,27327.0
691,1433513,0.0,Streptococcus gwangjuense,17952.0
692,1345,0.0,Streptococcus ferus,19975.0
693,2173853,0.0,Streptococcus chenjunshii,15325.0
694,2819619,0.0,Streptococcus toyakuensis,19751.0
695,1811193,0.0,Streptococcus pantholopis,15864.0
696,2781599,0.0,Streptococcus oriscaviae,11861.0
697,1917441,0.0,Streptococcus ruminantium,15238.0
698,1825069,0.0,Streptococcus marmotae,4419.0
699,149016,0.0,Streptococcus urinalis,34458.0
700,1888195,0.0,Streptococcus himalayensis,10396.0
701,254785,0.0,Streptococcus halichoeri,16038.0
703,1346,0.0,Streptococcus iniae,22666.0
704,1111760,0.0,Streptococcus troglodytae,8534.0
705,1151742,0.0,Lactococcus taiwanensis,4444.0
706,2419773,0.0,Lactococcus allomyrinae,9647.0
707,2592653,0.0,Lactococcus protaetiae,3219.0
708,1366,0.0,Lactococcus raffinolactis,13509.0
709,1364,0.0,Lactococcus piscium,3761.0
710,3037457,0.0,Lactococcus sp. bn62,10587.0
713,1859475,0.0,Floricoccus penangensis,27909.0
714,1601,0.0,Ligilactobacillus agilis,24887.0
715,1622,0.0,Ligilactobacillus murinus,30550.0
716,228229,0.0,Ligilactobacillus saerimneri,3480.0
717,89059,0.0,Ligilactobacillus acidipiscis,12163.0
718,762833,0.0,Ligilactobacillus faecis,16871.0
719,2594495,0.0,Lactobacillus sp. PV034,10864.0
720,2879107,0.0,Lactobacillus sp. IBH004,3373.0
721,2099788,0.0,Lactobacillus sp. CBA3605,2162.0
722,2594496,0.0,Lactobacillus sp. PV037,3602.0
723,2993455,0.0,Lactobacillus sp. AMBV1719,7016.0
724,2983210,0.0,Lactobacillus sp. ESL0680,2283.0
725,2099789,0.0,Lactobacillus sp. CBA3606,2594.0
726,2983208,0.0,Lactobacillus sp. ESL0677,9411.0
727,2594494,0.0,Lactobacillus sp. PV012,7214.0
728,2983232,0.0,Lactobacillus sp. ESL0785,11674.0
729,227945,0.0,Lactobacillus ultunensis,6524.0
730,2269374,0.0,Lactobacillus terrae,10203.0
731,1579,0.0,Lactobacillus acidophilus,12830.0
732,1587,0.0,Lactobacillus helveticus,14485.0
733,1600,0.0,Lactobacillus acetotolerans,11988.0
734,1604,0.0,Lactobacillus amylovorus,14531.0
736,2012495,0.0,Lactobacillus panisapium,9039.0
737,47770,0.0,Lactobacillus crispatus,22926.0
738,33959,0.0,Lactobacillus johnsonii,30949.0
739,109790,0.0,Lactobacillus jensenii,16371.0
740,1596,0.0,Lactobacillus gasseri,48836.0
741,303541,0.0,Lactobacillus apis,3151.0
742,151781,0.0,Lactobacillus intestinalis,5024.0
744,508451,0.0,Lactobacillus taiwanensis,5096.0
745,2107999,0.0,Lactobacillus paragasseri,17162.0
746,267818,0.0,Lactobacillus kefiranofaciens,6572.0
747,1218493,0.0,Lactobacillus kullabergensis,5859.0
748,1218494,0.0,Lactobacillus helsingborgensis,4129.0
749,1598,0.0,Limosilactobacillus reuteri,28920.0
750,35787,0.0,Limosilactobacillus pontis,4402.0
751,1632,0.0,Limosilactobacillus oris,6172.0
752,104955,0.0,Limosilactobacillus frumenti,3032.0
753,47493,0.0,Limosilactobacillus panis,16569.0
754,1633,0.0,Limosilactobacillus vaginalis,6460.0
755,227942,0.0,Limosilactobacillus gastricus,6720.0
756,2742601,0.0,Limosilactobacillus portuensis,11553.0
757,88233,0.0,Lacticaseibacillus manihotivorans,9287.0
758,1582,0.0,Lacticaseibacillus casei,9968.0
759,3025672,0.0,Lacticaseibacillus sp. KACC 23028,4014.0
760,2100821,0.0,Lacticaseibacillus chiayiensis,2316.0
761,57037,0.0,Lacticaseibacillus zeae,3842.0
762,1612,0.0,Companilactobacillus farciminis,10705.0
763,1847728,0.0,Companilactobacillus allii,15317.0
764,2714036,0.0,Companilactobacillus pabuli,5860.0
765,392416,0.0,Companilactobacillus crustorum,5044.0
766,1007676,0.0,Companilactobacillus ginsenosidimutans,9081.0
767,2304606,0.0,Companilactobacillus zhachilii,7333.0
769,1602,0.0,Companilactobacillus alimentarius,4471.0
770,83526,0.0,Companilactobacillus paralimentarius,7539.0
771,46256,0.0,Weissella hellenica,7325.0
772,759620,0.0,Weissella ceti,7911.0
773,165096,0.0,Weissella koreensis,5019.0
774,1249,0.0,Weissella paramesenteroides,23675.0
775,1631871,0.0,Weissella jogaejeotgali,15929.0
776,1629,0.0,Weissella viridescens,5790.0
777,2714949,0.0,Weissella coleopterorum,2697.0
778,1162633,0.0,Weissella diestrammenae,6925.0
779,155866,0.0,Weissella soli,5161.0
780,1244,0.0,Leuconostoc gelidum,6174.0
781,115778,0.0,Leuconostoc gasicomitatum,10951.0
782,33968,0.0,Leuconostoc pseudomesenteroides,9738.0
783,1245,0.0,Leuconostoc mesenteroides,27710.0
784,255248,0.0,Leuconostoc garlicum,1819.0
785,33964,0.0,Leuconostoc citreum,29375.0
786,136609,0.0,Leuconostoc kimchii,5528.0
787,1255,0.0,Pediococcus pentosaceus,20511.0
788,51663,0.0,Pediococcus damnosus,7630.0
790,1254,0.0,Pediococcus acidilactici,16837.0
791,187452,0.0,Pediococcus claussenii,12934.0
792,1589,0.0,Lactiplantibacillus pentosus,12006.0
793,60520,0.0,Lactiplantibacillus paraplantarum,3125.0
794,2883998,0.0,Lentilactobacillus laojiaonis,6671.0
797,152331,0.0,Lentilactobacillus parabuchneri,2509.0
798,1581,0.0,Lentilactobacillus buchneri,4478.0
799,1138822,0.0,Lentilactobacillus curieae,3885.0
800,1247,0.0,Oenococcus oeni,5802.0
802,336988,0.0,Oenococcus kitaharae,3939.0
803,468911,0.0,Liquorilactobacillus hordei,14535.0
804,82688,0.0,Liquorilactobacillus nagelii,15098.0
805,1618,0.0,Liquorilactobacillus mali,18893.0
806,637971,0.0,Levilactobacillus koreensis,2940.0
807,1580,0.0,Levilactobacillus brevis,22864.0
808,267363,0.0,Levilactobacillus zymae,3714.0
809,2292255,0.0,Levilactobacillus suantsaii,2106.0
810,293371,0.0,Paucilactobacillus oligofermentans,17580.0
811,1296540,0.0,Paucilactobacillus nenjiangensis,5018.0
812,1193095,0.0,Paucilactobacillus hokkaidonensis,6244.0
813,2419772,0.0,Apilactobacillus bombintestini,8914.0
814,2923364,0.0,Apilactobacillus apisilvae,10972.0
815,1218495,0.0,Apilactobacillus apinorum,9667.0
816,148814,0.0,Apilactobacillus kunkeei,7672.0
817,1610,0.0,Loigolactobacillus coryniformis,14687.0
818,1607,0.0,Loigolactobacillus bifermentans,15265.0
819,375175,0.0,Loigolactobacillus backii,17654.0
820,304207,0.0,Schleiferilactobacillus harbinensis,7917.0
821,164393,0.0,Latilactobacillus fuchuensis,2918.0
822,1599,0.0,Latilactobacillus sakei,14288.0
823,28038,0.0,Latilactobacillus curvatus,13460.0
824,60519,0.0,Latilactobacillus graminis,2897.0
825,1750535,0.0,Fructilactobacillus ixorae,665.0
826,1625,0.0,Fructilactobacillus sanfranciscensis,9712.0
827,1614,0.0,Fructilactobacillus fructivorans,11093.0
828,53444,0.0,Fructilactobacillus lindneri,5608.0
829,2940299,0.0,Fructilactobacillus cliffordii,889.0
830,2940300,0.0,Fructilactobacillus hinvesii,2357.0
831,1603,0.0,Amylolactobacillus amylophilus,4144.0
832,2923362,0.0,Bombilactobacillus folatiphilus,12382.0
833,1303590,0.0,Bombilactobacillus bombi,6012.0
835,51664,0.0,Lapidilactobacillus dextrinicus,6803.0
836,240427,0.0,Secundilactobacillus paracollinoides,4124.0
837,176292,0.0,Secundilactobacillus malefermentans,10698.0
838,2925830,0.0,Nicoliella spurrieriana,3204.0
839,231049,0.0,Furfurilactobacillus rossiae,8468.0
840,2506420,0.0,Periweissella cryptocerci,2919.0
841,1720083,0.0,Acetilactobacillus jinshanensis,2493.0
842,2940302,0.0,Fructobacillus americanaquae,1747.0
843,33945,0.0,Enterococcus avium,21973.0
844,417368,0.0,Enterococcus thailandicus,20678.0
845,41997,0.0,Enterococcus saccharolyticus,14249.0
846,71452,0.0,Enterococcus raffinosus,23964.0
847,53346,0.0,Enterococcus mundtii,20290.0
848,3031993,0.0,Enterococcus sp. CoE-012-22,6250.0
849,2420313,0.0,Enterococcus sp. FDAARGOS_553,6677.0
850,160453,0.0,Enterococcus gilvus,8117.0
851,1805431,0.0,Enterococcus saigonensis,14763.0
852,44009,0.0,Enterococcus dispar,15432.0
853,118060,0.0,Enterococcus rotai,9666.0
854,2005703,0.0,Enterococcus wangshanyuanii,25623.0
855,1353,0.0,Enterococcus gallinarum,44431.0
856,2839759,0.0,Enterococcus innesii,8691.0
857,2562451,0.0,Vagococcus xieshaowenii,12909.0
858,2920380,0.0,Vagococcus luciliae,15207.0
859,2738,0.0,Vagococcus fluvialis,24422.0
860,218144,0.0,Vagococcus carniphilus,26238.0
863,2714947,0.0,Vagococcus hydrophili,17258.0
864,2571750,0.0,Vagococcus zengguangii,6032.0
865,633807,0.0,Vagococcus penaei,17906.0
866,519472,0.0,Vagococcus teuberi,11087.0
867,290335,0.0,Tetragenococcus koreensis,8786.0
868,51669,0.0,Tetragenococcus halophilus,25702.0
869,526944,0.0,Tetragenococcus osmophilus,6004.0
870,33970,0.0,Melissococcus plutonius,14667.0
871,137732,0.0,Granulicatella elegans,38641.0
872,2751,0.0,Carnobacterium maltaromaticum,20670.0
873,208596,0.0,Carnobacterium sp. 17-4,8434.0
874,2800128,0.0,Carnobacterium sp. CS13,5869.0
875,1564681,0.0,Carnobacterium sp. CP1,2225.0
876,147709,0.0,Carnobacterium inhibens,13230.0
877,174587,0.0,Carnobacterium viridans,13480.0
878,2748,0.0,Carnobacterium divergens,13181.0
879,2908211,0.0,Jeotgalibaca sp. MA1X17-3,10598.0
880,1903686,0.0,Jeotgalibaca sp. PTS2502,4162.0
881,2496265,0.0,Jeotgalibaca ciconiae,8845.0
882,1868794,0.0,Jeotgalibaca arthritidis,25500.0
883,708126,0.0,Jeotgalibaca dankookensis,12445.0
885,29394,0.0,Dolosigranulum pigrum,20760.0
886,1911586,0.0,Marinilactibacillus sp. 15R,15409.0
887,82801,0.0,Desemzia incerta,14574.0
888,119206,0.0,Aerococcus sanguinicola,5183.0
889,51665,0.0,Aerococcus urinaeequi,14245.0
890,1376,0.0,Aerococcus urinae,12503.0
891,87541,0.0,Aerococcus christensenii,6911.0
893,1377,0.0,Aerococcus viridans,3313.0
894,46125,0.0,Abiotrophia defectiva,15472.0
895,89093,0.0,Ignavigranum ruoffiae,5052.0
896,2036206,0.0,Suicoccus acidiformans,4532.0
897,2853432,0.0,Allobaculum sp. Allo2,37881.0
898,2834459,0.0,Allobaculum mucilyticum,37460.0
899,2714928,0.0,Erysipelothrix sp. HDW6A,14977.0
900,2714929,0.0,Erysipelothrix sp. HDW6B,20705.0
901,2714930,0.0,Erysipelothrix sp. HDW6C,23833.0
902,2935859,0.0,Erysipelothrix sp. Poltava,206.0
903,1648,0.0,Erysipelothrix rhusiopathiae,47097.0
904,1514105,0.0,Erysipelothrix larvae,19125.0
905,2485784,0.0,Erysipelothrix piscisicarius,20020.0
906,225084,0.0,Erysipelothrix inopinata,24552.0
907,2806443,0.0,Turicibacter sp. TJ11,38267.0
908,2948573,0.0,Peptoniphilus sp. SAHP1,42058.0
909,3016343,0.0,Peptoniphilus sp. CBA3646,18136.0
910,54006,0.0,Peptoniphilus ivorii,11872.0
911,1258,0.0,Peptoniphilus asaccharolyticus,2472.0
912,54005,0.0,Peptoniphilus harei,24924.0
913,33034,0.0,Anaerococcus prevotii,19569.0
914,1870984,0.0,Anaerococcus mediterraneensis,12599.0
915,3036300,0.0,Anaerococcus sp. Marseille-Q7828,11777.0
916,33037,0.0,Anaerococcus vaginalis,28108.0
917,1287640,0.0,Anaerococcus obesiensis,20819.0
918,1852373,0.0,Murdochiella vaginalis,30518.0
919,40091,0.0,Helcococcus kunzii,30162.0
920,2931922,0.0,Miniphocaeibacter halophilus,22337.0
921,45497,0.0,Schnuerera ultunensis,20124.0
922,1278232,0.0,Keratinibaculum paraultunense,23302.0
923,3035694,0.0,Tissierella sp. Yu-01,37942.0
924,1582259,0.0,Gudongella oleilytica,9817.0
925,1556,0.0,Gottschalkia acidurici,32669.0
926,2507161,0.0,Acidilutibacter cellobiosedens,24187.0
928,46507,0.0,Ezakiella coagulans,26191.0
929,1852374,0.0,Ezakiella massiliensis,21034.0
930,2816908,0.0,Sedimentibacter sp. zth1,38402.0
931,1871025,0.0,Ndongobacter massiliensis,27237.0
932,243899,0.0,,12716.0
933,1555112,0.0,Limnochorda pilosa,7140.0
934,2983230,0.0,Bifidobacterium sp. ESL0775,6979.0
936,2983212,0.0,Bifidobacterium sp. ESL0682,6118.0
937,2983233,0.0,Bifidobacterium sp. ESL0790,8150.0
938,2983222,0.0,Bifidobacterium sp. ESL0732,4955.0
939,2983214,0.0,Bifidobacterium sp. ESL0690,5640.0
940,2983220,0.0,Bifidobacterium sp. ESL0728,6326.0
941,2983219,0.0,Bifidobacterium sp. ESL0704,6166.0
942,2983235,0.0,Bifidobacterium sp. ESL0798,4853.0
943,2983228,0.0,Bifidobacterium sp. ESL0764,6092.0
944,78448,0.0,Bifidobacterium pullorum,21543.0
945,33905,0.0,Bifidobacterium thermophilum,18328.0
946,158787,0.0,Bifidobacterium scardovii,22883.0
947,1694,0.0,Bifidobacterium pseudolongum,23809.0
948,1765219,0.0,Bifidobacterium eulemuris,12303.0
949,1603886,0.0,Bifidobacterium lemurum,14454.0
950,77635,0.0,Bifidobacterium subtile,18320.0
951,2020965,0.0,Bifidobacterium imperatoris,11674.0
952,762210,0.0,Bifidobacterium saguini,10277.0
953,35760,0.0,Bifidobacterium choerinum,11303.0
954,1684,0.0,Bifidobacterium asteroides,10306.0
955,638619,0.0,Bifidobacterium actinocoloniiforme,7186.0
956,1691,0.0,Bifidobacterium indicum,1034.0
957,2702,0.0,Gardnerella vaginalis,15503.0
958,2792977,0.0,Gardnerella piotii,4509.0
959,78259,0.0,Scardovia inopinata,5691.0
960,78258,0.0,Parascardovia denticolens,13180.0
961,1773,0.0,Mycobacterium tuberculosis,4853.0
962,1764,0.0,Mycobacterium avium,3415.0
963,1138383,0.0,Mycobacterium paraintracellulare,1577.0
965,339268,0.0,Mycobacterium colombiense,1197.0
966,1767,0.0,Mycobacterium intracellulare,3439.0
967,2775496,0.0,Mycobacterium senriense,605.0
968,2991729,0.0,Mycobacterium sp. Aquia_216,1797.0
970,2675524,0.0,Mycobacterium sp. DL592,1254.0
971,2867005,0.0,Mycobacterium sp. IDR2000157661,3165.0
972,1920667,0.0,Mycobacterium sp. WY10,289.0
973,212767,0.0,Mycobacterium sp. JS623,1809.0
974,2857058,0.0,Mycobacterium sp. SMC-2,1378.0
975,2857059,0.0,Mycobacterium sp. SMC-4,2585.0
976,2675523,0.0,Mycobacterium sp. DL440,1759.0
977,1936029,0.0,Mycobacterium sp. MS1601,1904.0
978,185642,0.0,Mycobacterium parmense,2142.0
979,220927,0.0,Mycobacterium saskatchewanense,1493.0
980,120959,0.0,Mycobacterium kubicae,1694.0
981,722731,0.0,Mycobacterium shigaense,1659.0
982,1784,0.0,Mycobacterium simiae,1244.0
983,470076,0.0,Mycobacterium stomatepiae,942.0
984,141349,0.0,Mycobacterium lentiflavum,1065.0
985,590652,0.0,Mycobacterium paraseoulense,915.0
986,1778,0.0,Mycobacterium gordonae,2013.0
987,577492,0.0,Mycobacterium paraterrae,1880.0
988,110505,0.0,Mycobacterium heckeshornense,1168.0
989,1780,0.0,Mycobacterium malmoense,1375.0
990,43348,0.0,Mycobacterium branderi,1737.0
991,482462,0.0,Mycobacterium dioxanotrophicus,2749.0
992,2094119,0.0,Mycobacterium basiliense,1679.0
993,2738409,0.0,Mycobacterium ostraviense,1282.0
995,117567,0.0,Mycobacterium frederiksbergense,1857.0
996,486698,0.0,Mycobacterium riyadhense,1085.0
997,1389713,0.0,Mycobacterium paragordonae,1570.0
998,1768,0.0,Mycobacterium kansasii,1139.0
999,1775,0.0,Mycobacterium cookii,1751.0
1000,1769,0.0,Mycobacterium leprae,354.0
1001,2943498,0.0,Mycobacterium Candidatus Mycobacterium methanotrophicum,1928.0
1002,44010,0.0,Mycobacterium conspicuum,1424.0
1003,1719132,0.0,Mycobacterium vicinigordonae,1317.0
1004,169765,0.0,Mycobacterium lacus,1185.0
1005,398694,0.0,Mycobacterium shinjukuense,1413.0
1006,459858,0.0,Mycobacterium noviomagense,1414.0
1007,480418,0.0,Mycobacterium lepromatosis,452.0
1008,46351,0.0,Mycolicibacterium hassiacum,2782.0
1009,2761578,0.0,Mycolicibacterium baixiangningiae,2058.0
1010,39688,0.0,Mycolicibacterium duvalii,2638.0
1011,1286181,0.0,Mycolicibacterium arabiense,2135.0
1012,28047,0.0,Mycolicibacterium confluentis,2561.0
1013,39691,0.0,Mycolicibacterium moriokaense,1934.0
1014,1797,0.0,Mycolicibacterium thermoresistibile,1962.0
1015,1795,0.0,Mycolicibacterium neoaurum,3475.0
1016,67081,0.0,Mycolicibacterium alvei,1659.0
1017,85968,0.0,Mycolicibacterium brumae,2669.0
1018,53462,0.0,Mycolicibacterium mageritense,2913.0
1019,258505,0.0,Mycolicibacterium fluoranthenivorans,1519.0
1020,146017,0.0,Mycolicibacterium boenickei,1901.0
1021,212765,0.0,Mycolicibacterium madagascariense,2034.0
1022,319706,0.0,Mycolicibacterium phocaicum,3301.0
1023,1286180,0.0,Mycolicibacterium sediminis,2082.0
1024,1804,0.0,Mycolicibacterium gilvum,2095.0
1025,1793,0.0,Mycolicibacterium fallax,2202.0
1027,2487344,0.0,Mycolicibacterium nivoides,276.0
1028,1791,0.0,Mycolicibacterium aurum,1962.0
1029,319707,0.0,Mycolicibacterium aubagnense,2186.0
1030,216929,0.0,Mycolicibacterium psychrotolerans,1718.0
1031,134601,0.0,Mycolicibacterium goodii,1929.0
1032,1534349,0.0,Mycolicibacterium helvum,2176.0
1033,98668,0.0,Mycolicibacterium septicum,951.0
1034,1810,0.0,Mycolicibacterium vaccae,1873.0
1035,1249101,0.0,Mycolicibacterium celeriflavum,1976.0
1038,370526,0.0,Mycolicibacterium rutilum,1660.0
1039,2908837,0.0,Mycolicibacterium sp. YH-1,3590.0
1040,36813,0.0,Mycolicibacterium pulveris,947.0
1041,152142,0.0,Mycolicibacterium holsaticum,1110.0
1042,126673,0.0,Mycolicibacterium doricum,1313.0
1043,1534348,0.0,Mycolicibacterium sarraceniae,1097.0
1045,388459,0.0,Mycolicibacterium crocinum,1295.0
1046,2736649,0.0,Mycolicibacterium mengxianglii,1961.0
1047,1771,0.0,Mycolicibacterium phlei,1471.0
1048,39692,0.0,Mycolicibacterium parafortuitum,2006.0
1049,1801,0.0,Mycolicibacterium diernhoferi,1383.0
1050,1799,0.0,Mycolicibacterium aichiense,1430.0
1051,318424,0.0,Mycolicibacterium rufum,1896.0
1052,39694,0.0,Mycolicibacterium poriferae,1640.0
1053,444597,0.0,Mycolicibacterium insubricum,1547.0
1054,1431246,0.0,Mycolicibacterium anyangense,2314.0
1056,1772,0.0,Mycolicibacterium smegmatis,3036.0
1057,1766,0.0,Mycolicibacterium fortuitum,3816.0
1058,2855503,0.0,Mycolicibacter sp. MYC340,1684.0
1059,2875777,0.0,Mycolicibacter sp. MYC017,1331.0
1060,2855502,0.0,Mycolicibacter sp. MYC123,1454.0
1061,29314,0.0,Mycolicibacter hiberniae,1610.0
1062,1788,0.0,Mycolicibacter terrae,1277.0
1063,1795032,0.0,Mycolicibacter virginiensis,1843.0
1064,512402,0.0,Mycolicibacter heraklionensis,1926.0
1065,1118379,0.0,Mycolicibacter minnesotensis,1093.0
1066,404941,0.0,Mycobacteroides salmoniphilum,1344.0
1067,1774,0.0,Mycobacteroides chelonae,3133.0
1068,36809,0.0,Mycobacteroides abscessus,5009.0
1069,1578165,0.0,Mycobacteroides saopaulense,1132.0
1070,1069221,0.0,Mycolicibacillus parakoreensis,1677.0
1071,1069220,0.0,Mycolicibacillus koreensis,2590.0
1072,3017361,0.0,Corynebacterium sp. SCR221107,3737.0
1073,2815361,0.0,Corynebacterium sp. CNCTC7651,23832.0
1074,702967,0.0,Corynebacterium sp. NML98-0116,799.0
1075,161879,0.0,Corynebacterium kroppenstedtii,6243.0
1076,43765,0.0,Corynebacterium amycolatum,8282.0
1077,2675219,0.0,Corynebacterium occultum,3701.0
1079,203263,0.0,Corynebacterium aquilae,1972.0
1080,2763010,0.0,Corynebacterium lujinxingii,2058.0
1081,38289,0.0,Corynebacterium jeikeium,8214.0
1082,169292,0.0,Corynebacterium aurimucosum,5010.0
1083,43768,0.0,Corynebacterium matruchotii,6112.0
1084,160386,0.0,Corynebacterium casei,3469.0
1085,1223514,0.0,Corynebacterium humireducens,2235.0
1087,38301,0.0,Corynebacterium minutissimum,2909.0
1088,1718,0.0,Corynebacterium glutamicum,9924.0
1089,1705,0.0,Corynebacterium stationis,2772.0
1090,2883169,0.0,Corynebacterium uberis,2321.0
1091,1404244,0.0,Corynebacterium glyciniphilum,2070.0
1092,156976,0.0,Corynebacterium riegelii,4020.0
1093,156978,0.0,Corynebacterium imitans,2009.0
1094,37637,0.0,Corynebacterium pseudodiphtheriticum,5979.0
1095,1231000,0.0,Corynebacterium lactis,2564.0
1096,2487892,0.0,Corynebacterium urogenitale,1888.0
1097,38304,0.0,Corynebacterium tuberculostearicum,4688.0
1098,1471400,0.0,Corynebacterium pelargi,2048.0
1100,571915,0.0,Corynebacterium mustelae,2202.0
1102,2754725,0.0,Corynebacterium incognita,2460.0
1103,1737425,0.0,Corynebacterium provencense,1618.0
1104,43769,0.0,Corynebacterium propinquum,6849.0
1105,161896,0.0,Corynebacterium camporealensis,2106.0
1107,43771,0.0,Corynebacterium urealyticum,3643.0
1108,134034,0.0,Corynebacterium freneyi,3760.0
1109,35757,0.0,Corynebacterium cystitidis,2161.0
1110,152794,0.0,Corynebacterium efficiens,1920.0
1111,441500,0.0,Corynebacterium timonense,1792.0
1112,36808,0.0,Corynebacterium bovis,2276.0
1113,191493,0.0,Corynebacterium sphenisci,2530.0
1114,225326,0.0,Corynebacterium halotolerans,1901.0
1115,191610,0.0,Corynebacterium atypicum,3325.0
1116,35755,0.0,Corynebacterium kutscheri,1715.0
1118,1725,0.0,Corynebacterium xerosis,3421.0
1119,1232427,0.0,Corynebacterium ihumii,3970.0
1120,2488819,0.0,Corynebacterium endometrii,4806.0
1121,1719,0.0,Corynebacterium pseudotuberculosis,1859.0
1122,2709394,0.0,Corynebacterium lizhenjunii,2282.0
1123,258224,0.0,Corynebacterium resistens,2646.0
1124,1724,0.0,Corynebacterium renale,1968.0
1125,38288,0.0,Corynebacterium genitalium,2571.0
1126,42817,0.0,Corynebacterium argentoratense,2833.0
1127,38305,0.0,Corynebacterium vitaeruminis,3537.0
1128,575200,0.0,Corynebacterium maris,1961.0
1129,1727,0.0,Corynebacterium variabile,7850.0
1130,2768834,0.0,Corynebacterium zhongnanshanii,1773.0
1131,136857,0.0,Corynebacterium testudinoris,2485.0
1132,1050174,0.0,Corynebacterium epidermidicanis,1661.0
1133,1408191,0.0,Corynebacterium deserti,2757.0
1134,2506452,0.0,Corynebacterium suranareeae,1515.0
1135,1414719,0.0,Corynebacterium jeddahense,2023.0
1136,161895,0.0,Corynebacterium phocae,1890.0
1137,1717,0.0,Corynebacterium diphtheriae,19469.0
1138,2079535,0.0,Corynebacterium liangguodongii,2569.0
1139,38284,0.0,Corynebacterium accolens,1548.0
1140,28028,0.0,Corynebacterium flavescens,4417.0
1141,322009,0.0,Corynebacterium cyclohexanicum,2271.0
1142,39791,0.0,Corynebacterium glucuronolyticum,4454.0
1143,401472,0.0,Corynebacterium ureicelerivorans,2757.0
1144,1230998,0.0,Corynebacterium frankenforstense,1891.0
1145,1072256,0.0,Corynebacterium uterequi,2250.0
1146,53374,0.0,Corynebacterium coyleae,4075.0
1147,1697,0.0,Corynebacterium ammoniagenes,1986.0
1148,2080740,0.0,Corynebacterium yudongzhengii,2271.0
1149,1032851,0.0,Corynebacterium nuruki,1843.0
1152,1862358,0.0,Corynebacterium choanae,2037.0
1153,1721,0.0,Corynebacterium callunae,1342.0
1154,38302,0.0,Corynebacterium mycetoides,1819.0
1155,2080757,0.0,Corynebacterium pseudopelargi,1353.0
1156,43770,0.0,Corynebacterium striatum,3536.0
1157,43990,0.0,Corynebacterium segmentosum,4100.0
1158,1121358,0.0,Corynebacterium doosanense,3296.0
1159,699041,0.0,Corynebacterium hindlerae,2868.0
1160,187491,0.0,Corynebacterium glaucum,1951.0
1161,65058,0.0,Corynebacterium ulcerans,3627.0
1162,2594913,0.0,Corynebacterium sanguinis,3462.0
1163,2675216,0.0,Corynebacterium kalinowskii,2205.0
1164,2675218,0.0,Corynebacterium comes,1715.0
1165,38290,0.0,Corynebacterium macginleyi,2139.0
1166,2684405,0.0,Corynebacterium poyangense,1114.0
1167,2709392,0.0,Corynebacterium qintianiae,1440.0
1168,2719119,0.0,Corynebacterium rouxii,897.0
1170,37326,0.0,Nocardia brasiliensis,7959.0
1172,1047172,0.0,Nocardia sp. CS682,4517.0
1173,2984338,0.0,Nocardia sp. ON39_IFM12276,363.0
1175,204891,0.0,Nocardia iowensis,2562.0
1176,2382165,0.0,Nocardia yunnanensis,4343.0
1177,37332,0.0,Nocardia seriolae,3234.0
1178,2755382,0.0,Nocardia huaxiensis,3118.0
1179,135487,0.0,Nocardia cyriacigeorgica,7784.0
1180,2213200,0.0,Nocardia mangyaensis,3208.0
1181,1823,0.0,Nocardia otitidiscaviarum,2871.0
1182,37329,0.0,Nocardia farcinica,4069.0
1183,2055889,0.0,Nocardia tengchongensis,2452.0
1184,2749991,0.0,Nocardia gipuzkoensis,2666.0
1186,228602,0.0,Nocardia arthritidis,2861.0
1187,209247,0.0,Nocardia yamanashiensis,2982.0
1188,2742603,0.0,Rhodococcus sp. W8901,2352.0
1189,2499145,0.0,Rhodococcus sp. X156,3278.0
1191,1653478,0.0,Rhodococcus sp. PBTS 1,2073.0
1192,1564114,0.0,Rhodococcus sp. B7740,1304.0
1193,2962047,0.0,Rhodococcus sp. Z13,1879.0
1194,1033922,0.0,Rhodococcus sp. WB1,2422.0
1195,2507582,0.0,Rhodococcus sp. ABRD24,1311.0
1196,679318,0.0,Rhodococcus sp. WMMA185,1467.0
1197,1805827,0.0,Rhodococcus sp. MTM3W5.2,1548.0
1198,2567884,0.0,Rhodococcus sp. SGAir0479,1806.0
1199,2885078,0.0,Rhodococcus sp. RDE2,938.0
1200,2795031,0.0,Rhodococcus sp. P-2,3420.0
1201,2806442,0.0,Rhodococcus sp. USK13,801.0
1202,2054902,0.0,Rhodococcus sp. AQ5-07,573.0
1203,2789739,0.0,Rhodococcus sp. USK10,1014.0
1204,1828,0.0,Rhodococcus fascians,4457.0
1205,1833,0.0,Rhodococcus erythropolis,3126.0
1207,38310,0.0,Rhodococcus coprophilus,1741.0
1208,2811421,0.0,Rhodococcus pseudokoreensis,1174.0
1209,103816,0.0,Rhodococcus pyridinivorans,9711.0
1210,1829,0.0,Rhodococcus rhodochrous,3438.0
1211,33008,0.0,Rhodococcus globerulus,2004.0
1212,132919,0.0,Rhodococcus jostii,848.0
1213,300028,0.0,Rhodococcus triatomae,1459.0
1214,1830,0.0,Rhodococcus ruber,2636.0
1215,223392,0.0,Rhodococcus gordoniae,1462.0
1218,2811424,0.0,Gordonia sp. PDNC005,1772.0
1219,2995145,0.0,Gordonia sp. SL306,1540.0
1220,2935861,0.0,Gordonia sp. PP30,2015.0
1221,337191,0.0,Gordonia sp. KTR9,1753.0
1222,2698900,0.0,Gordonia sp. JH63,682.0
1223,36822,0.0,Gordonia rubripertincta,3472.0
1224,2055,0.0,Gordonia terrae,2920.0
1225,1136941,0.0,Gordonia phthalatica,2171.0
1226,2597659,0.0,Gordonia zhaorongruii,898.0
1227,89053,0.0,Gordonia amicalis,2060.0
1228,2054,0.0,Gordonia bronchialis,2370.0
1229,36821,0.0,Gordonia amarae,2361.0
1230,2665643,0.0,Gordonia mangrovi,1587.0
1231,2758710,0.0,Gordonia jinghuaiqii,1296.0
1232,84595,0.0,Gordonia polyisoprenivorans,2102.0
1233,2831662,0.0,Gordonia pseudamarae,1559.0
1234,84096,0.0,Gordonia alkanivorans,2455.0
1235,173559,0.0,Gordonia sihwensis,1536.0
1236,1004901,0.0,Gordonia iterans,2698.0
1237,2420509,0.0,Gordonia insulae,1629.0
1238,1701090,0.0,Gordonia hongkongensis,1362.0
1239,39122,0.0,Skermania piniformis,1420.0
1240,2915130,0.0,Dietzia sp. B32,2865.0
1241,712270,0.0,Dietzia sp. oral taxon 368,2227.0
1242,499555,0.0,Dietzia timorensis,2973.0
1243,139021,0.0,Dietzia psychralcaliphila,1186.0
1244,322509,0.0,Dietzia kunjamensis,2722.0
1246,2929795,0.0,Tsukamurella sp. PLM1,2141.0
1247,57704,0.0,Tsukamurella tyrosinosolvens,3537.0
1249,2760083,0.0,Tomitella gaofuii,2679.0
1250,2597660,0.0,Tomitella fengzijianii,2878.0
1251,1528099,0.0,Lawsonella clevelandensis,6025.0
1253,639313,0.0,Hoyosella subflava,1280.0
1255,2810516,0.0,Rothia sp. ZJ932,2142.0
1256,3047030,0.0,Rothia sp. SD9660Na,1802.0
1257,172042,0.0,Rothia aeria,15554.0
1258,37923,0.0,Rothia kristinae,36875.0
1260,169480,0.0,Rothia amarae,5352.0
1261,2879617,0.0,Arthrobacter sp. FW305-BF8,3975.0
1262,1704044,0.0,Arthrobacter sp. ERGS1:01,2937.0
1263,2987701,0.0,Arthrobacter sp. YA7-1,1137.0
1264,2828862,0.0,Arthrobacter sp. Helios,3260.0
1265,2861279,0.0,Arthrobacter sp. PAMC25284,1903.0
1266,2830998,0.0,Arthrobacter sp. NicSoilB8,1434.0
1268,2972479,0.0,Arthrobacter sp. CJ23,2546.0
1270,2830997,0.0,Arthrobacter sp. NicSoilB4,2016.0
1271,290399,0.0,Arthrobacter sp. FB24,2339.0
1272,2991715,0.0,Arthrobacter sp. ATA002,2872.0
1273,2964609,0.0,Arthrobacter sp. zg-Y859,1714.0
1274,2831000,0.0,Arthrobacter sp. NicSoilC5,2601.0
1275,1849032,0.0,Arthrobacter sp. U41,2270.0
1276,2964610,0.0,Arthrobacter sp. zg-Y1171,2010.0
1278,2017685,0.0,Arthrobacter sp. PM3,2196.0
1279,1357915,0.0,Arthrobacter sp. QXT-31,1720.0
1281,2575374,0.0,Arthrobacter sp. 24S4-2,2305.0
1282,3043847,0.0,Arthrobacter sp. EM1,1807.0
1283,2830992,0.0,Arthrobacter sp. StoSoilB5,1411.0
1284,2996261,0.0,Arthrobacter sp. MMS18-M83,1480.0
1285,2830995,0.0,Arthrobacter sp. StoSoilB20,1745.0
1286,2964616,0.0,Arthrobacter sp. zg-Y815,1914.0
1287,2830993,0.0,Arthrobacter sp. StoSoilB13,1410.0
1288,2830983,0.0,Arthrobacter sp. NtRootA1,1356.0
1289,2651199,0.0,Arthrobacter sp. CDRTa11,1316.0
1290,2578107,0.0,Arthrobacter sp. KBS0702,1282.0
1291,2020486,0.0,Arthrobacter sp. YN,1115.0
1292,2830990,0.0,Arthrobacter sp. StoSoilA2,1188.0
1293,2879618,0.0,Arthrobacter sp. FW306-2-2C-D06B,1251.0
1294,1667,0.0,Arthrobacter sp.,96.0
1295,37921,0.0,Arthrobacter agilis,4875.0
1297,656366,0.0,Arthrobacter alpinus,8629.0
1298,2817475,0.0,Arthrobacter jiangjiafuii,1981.0
1299,2211210,0.0,Arthrobacter dokdonellae,2263.0
1300,2816859,0.0,Arthrobacter sunyaminii,2710.0
1301,2886936,0.0,Arthrobacter zhangbolii,2653.0
1303,2886935,0.0,Arthrobacter caoxuetaonis,1553.0
1304,2813727,0.0,Arthrobacter polaris,1065.0
1306,2886940,0.0,Arthrobacter gengyunqii,2486.0
1307,2486855,0.0,Arthrobacter sulfonylureivorans,2420.0
1308,2895818,0.0,Arthrobacter antioxidans,1771.0
1309,2984842,0.0,Glutamicibacter sp. JL.03c,825.0
1310,3023076,0.0,Glutamicibacter sp. M10,1100.0
1311,1933880,0.0,Glutamicibacter halophytocola,2651.0
1312,37930,0.0,Glutamicibacter protophormiae,7772.0
1313,1775880,0.0,Glutamicibacter mishrai,2108.0
1314,256701,0.0,Glutamicibacter arilaitensis,1620.0
1315,37929,0.0,Glutamicibacter nicotianae,4677.0
1316,257984,0.0,Glutamicibacter mysorens,1009.0
1317,162496,0.0,Glutamicibacter creatinolyticus,1550.0
1318,388357,0.0,Kocuria turfanensis,4243.0
1319,2719588,0.0,Kocuria sp. KD4,2026.0
1320,2711328,0.0,Kocuria sp. TGY1127_2,3045.0
1322,71999,0.0,Kocuria palustris,4557.0
1323,1049583,0.0,Kocuria indica,1414.0
1324,446860,0.0,Kocuria flava,2762.0
1325,1275,0.0,Kocuria rosea,5449.0
1326,2596911,0.0,Pseudarthrobacter sp. NBSH8,1479.0
1327,3018929,0.0,Pseudarthrobacter sp. MM222,1832.0
1328,2851598,0.0,Pseudarthrobacter sp. L1SW,2014.0
1329,2590775,0.0,Pseudarthrobacter sp. NIBRBAC000502772,1264.0
1330,2973976,0.0,Pseudarthrobacter sp. NS4,1361.0
1331,2772401,0.0,Pseudarthrobacter sp. BIM B-2242,1474.0
1332,2576839,0.0,Pseudarthrobacter sp. NamE5,53.0
1333,2697569,0.0,Pseudarthrobacter psychrotolerans,1961.0
1334,728066,0.0,Pseudarthrobacter equi,1897.0
1335,85085,0.0,Pseudarthrobacter chlorophenolicus,2326.0
1336,121292,0.0,Pseudarthrobacter sulfonivorans,1553.0
1337,361575,0.0,Pseudarthrobacter phenanthrenivorans,2256.0
1338,43663,0.0,Paenarthrobacter aurescens,5064.0
1339,2979324,0.0,Paenarthrobacter sp. JL.01a,1783.0
1340,37931,0.0,Paenarthrobacter ureafaciens,4759.0
1341,29320,0.0,Paenarthrobacter nicotinovorans,529.0
1342,1270,0.0,Micrococcus luteus,7781.0
1343,2856555,0.0,Micrococcus sp. KD337-16,2769.0
1344,37927,0.0,Sinomonas atrocyanea,4093.0
1345,2020377,0.0,Sinomonas sp. R1AF57,2571.0
1346,2600320,0.0,Nesterenkonia sp. NBAIMH1,2206.0
1347,1548602,0.0,Nesterenkonia pannonica,938.0
1348,2853258,0.0,Paeniglutamicibacter sp. Y32M11,2442.0
1349,2986919,0.0,Paeniglutamicibacter sp. ZC-3,3343.0
1350,1618207,0.0,Psychromicrobium lacuslunae,1487.0
1351,1646,0.0,Renibacterium salmoninarum,1009.0
1352,678932,0.0,Auritidibacter ignavus,1027.0
1353,2567881,0.0,Citricoccus sp. SGAir0253,3019.0
1354,2483401,0.0,Microbacterium sp. 10M-3C3,2309.0
1355,3028316,0.0,Microbacterium sp. KACC 23027,2389.0
1356,1916917,0.0,Microbacterium sp. 1.5R,1740.0
1357,2014534,0.0,Microbacterium sp. PM5,3762.0
1358,2925844,0.0,Microbacterium sp. H1-D42,2817.0
1359,2268461,0.0,Microbacterium sp. ABRD_28,1680.0
1360,2734618,0.0,Microbacterium sp. NIBRBAC000506063,3122.0
1361,1906274,0.0,Microbacterium sp. JZ31,1927.0
1363,3025663,0.0,Microbacterium sp. Clip185,2609.0
1364,2962064,0.0,Microbacterium sp. M28,2253.0
1365,2766784,0.0,Microbacterium sp. Nx66,1828.0
1366,2989818,0.0,Microbacterium sp. MPKO10,2627.0
1367,2909588,0.0,Microbacterium sp. KUDC0406,1820.0
1368,912630,0.0,Microbacterium sp. LKL04,2489.0
1370,2851648,0.0,Microbacterium sp. SSW1-36,1856.0
1371,2048898,0.0,Microbacterium sp. Y-01,2511.0
1372,2606451,0.0,Microbacterium sp. 1S1,1934.0
1373,2861281,0.0,Microbacterium sp. PAMC22086,921.0
1374,2851650,0.0,Microbacterium sp. SSW1-51,1563.0
1375,1906742,0.0,Microbacterium sp. BH-3-3-3,2267.0
1376,1714373,0.0,Microbacterium sp. No. 7,3603.0
1377,2763257,0.0,Microbacterium sp. YJN-G,2163.0
1378,2875948,0.0,Microbacterium sp. cx-55,1611.0
1379,3035531,0.0,Microbacterium sp. BDGP8,2301.0
1380,2103230,0.0,Microbacterium sp. str. 'China',2254.0
1381,2992441,0.0,Microbacterium sp. J1-1,1495.0
1382,3019890,0.0,Microbacterium sp. nov. GSS16,3175.0
1383,936337,0.0,Microbacterium amylolyticum,4739.0
1384,57043,0.0,Microbacterium esteraromaticum,4627.0
1385,104336,0.0,Microbacterium foliorum,9460.0
1386,1526412,0.0,Microbacterium endophyticum,2484.0
1387,82380,0.0,Microbacterium oxydans,6423.0
1388,904291,0.0,Microbacterium sediminis,4414.0
1389,462710,0.0,Microbacterium binotii,2731.0
1391,69367,0.0,Microbacterium luteolum,1724.0
1392,743009,0.0,Microbacterium oryzae,3041.0
1393,273677,0.0,Microbacterium oleivorans,3617.0
1394,1072463,0.0,Microbacterium lemovicicum,2280.0
1395,156977,0.0,Microbacterium resistens,2324.0
1397,2769067,0.0,Microbacterium chengjingii,2075.0
1398,69362,0.0,Microbacterium schleiferi,2312.0
1399,273678,0.0,Microbacterium hydrocarbonoxydans,1449.0
1400,84292,0.0,Microbacterium chocolatum,3039.0
1401,370764,0.0,Microbacterium pygmaeum,1930.0
1402,2614639,0.0,Microbacterium lushaniae,1680.0
1403,2708079,0.0,Microbacterium fandaimingii,1118.0
1404,2782169,0.0,Microbacterium cremeum,2057.0
1405,2782168,0.0,Microbacterium atlanticum,2252.0
1406,344163,0.0,Microbacterium terricola,2307.0
1407,36805,0.0,Microbacterium aurum,7249.0
1408,33918,0.0,Microbacterium liquefaciens,1656.0
1409,2782167,0.0,Microbacterium luteum,2289.0
1410,2033,0.0,Microbacterium testaceum,4098.0
1411,1572644,0.0,Microbacterium proteolyticum,2859.0
1412,2614638,0.0,Microbacterium caowuchunii,1924.0
1413,2541726,0.0,Microbacterium wangchenii,1936.0
1414,2609253,0.0,Rathayibacter sp. VKM Ac-2760,2085.0
1415,2609254,0.0,Rathayibacter sp. VKM Ac-2762,1272.0
1416,2609258,0.0,Rathayibacter sp. VKM Ac-2805,567.0
1418,2609252,0.0,Rathayibacter sp. VKM Ac-2759,3858.0
1419,110937,0.0,Rathayibacter festucae,3046.0
1420,59737,0.0,Rathayibacter iranicus,2012.0
1421,33887,0.0,Rathayibacter rathayi,1490.0
1422,145458,0.0,Rathayibacter toxicus,1371.0
1423,33888,0.0,Rathayibacter tritici,711.0
1424,2873270,0.0,Leucobacter sp. NB 10,1586.0
1425,2813744,0.0,Leucobacter sp. CX169,2617.0
1426,2875729,0.0,Leucobacter sp. Psy1,1681.0
1427,283878,0.0,Leucobacter aridicollis,3127.0
1428,2932245,0.0,Leucobacter rhizosphaerae,2269.0
1429,2714935,0.0,Leucobacter viscericola,1911.0
1430,2714933,0.0,Leucobacter coleopterorum,1404.0
1431,1935379,0.0,Leucobacter muris,2427.0
1433,2932247,0.0,Leucobacter allii,4075.0
1434,2714934,0.0,Leucobacter insecticola,982.0
1435,1784719,0.0,Leucobacter triazinivorans,2871.0
1436,2070337,0.0,Curtobacterium sp. SGAir0471,1337.0
1437,2862880,0.0,Curtobacterium sp. TC1,1655.0
1438,2804758,0.0,Curtobacterium sp. 24E2,1098.0
1439,1793722,0.0,Curtobacterium sp. 9128,1331.0
1441,2876939,0.0,Curtobacterium sp. TXMA1,1240.0
1442,2495429,0.0,Curtobacterium sp. Csp1,1277.0
1443,2035,0.0,Curtobacterium flaccumfaciens,7428.0
1444,33881,0.0,Curtobacterium luteum,1138.0
1445,1897060,0.0,Cryobacterium sp. SO2,2574.0
1446,1897061,0.0,Cryobacterium sp. SO1,2708.0
1447,2861288,0.0,Cryobacterium sp. PAMC25264,1756.0
1448,1978566,0.0,Cryobacterium sp. LW097,1806.0
1449,1259258,0.0,Cryobacterium breve,2909.0
1450,670052,0.0,Cryobacterium arcticum,1657.0
1451,2220095,0.0,Cryobacterium soli,3304.0
1452,2933290,0.0,Agrococcus sp. SCSIO52902,2869.0
1453,2070347,0.0,Agrococcus sp. SGAir0287,2057.0
1454,2995141,0.0,Agrococcus sp. SL85,4087.0
1455,2810513,0.0,Agrococcus sp. Marseille-Q4369,3128.0
1456,684552,0.0,Agrococcus carbonis,3401.0
1457,399736,0.0,Agrococcus jejuensis,3305.0
1458,2932244,0.0,Agromyces sp. H17E-10,2806.0
1459,2929802,0.0,Agromyces sp. CFWR-12,2385.0
1460,2498704,0.0,Agromyces sp. LHK192,1846.0
1461,2080742,0.0,Agromyces badenianii,1554.0
1462,659012,0.0,Agromyces soli,4099.0
1463,1389020,0.0,Agromyces marinus,1627.0
1464,589382,0.0,Agromyces flavus,3035.0
1465,2781962,0.0,Agromyces archimandritae,2539.0
1466,2592652,0.0,Agromyces intestinalis,1710.0
1467,2585717,0.0,Agromyces laixinhei,2023.0
1468,412690,0.0,Microterricola viridarii,5207.0
1469,1798223,0.0,Leifsonia sp. 21MFCrub1.1,4214.0
1470,2724914,0.0,Leifsonia sp. PS1209,2547.0
1471,1575,0.0,Leifsonia xyli,3084.0
1472,150026,0.0,Leifsonia shinshuensis,3012.0
1473,28447,0.0,Clavibacter michiganensis,9808.0
1474,2860285,0.0,Clavibacter sp. A6099,807.0
1475,1734031,0.0,Clavibacter phaseoli,1532.0
1476,2583822,0.0,Plantibacter sp. M259,2189.0
1477,150123,0.0,Plantibacter flavus,1256.0
1478,1795630,0.0,Frondihabitans sp. PAMC 28766,2653.0
1479,3031408,0.0,Frondihabitans sp. HNR,1591.0
1480,2968831,0.0,Aquiluna sp. KACHI24,2690.0
1481,1855377,0.0,Aquiluna Candidatus Aquiluna sp. UB-MaderosW2red,1019.0
1482,2499157,0.0,Aquiluna borgnonia,1599.0
1483,529884,0.0,Rhodoluna lacicola,1200.0
1484,942880,0.0,Rhodoluna sp. KAS3,893.0
1485,535712,0.0,Rhodoluna Candidatus Rhodoluna planktonica,1918.0
1486,2419774,0.0,Protaetiibacter intestinalis,2041.0
1487,2592654,0.0,Protaetiibacter larvae,1090.0
1488,2708338,0.0,Salinibacterium sp. ZJ450,2729.0
1489,2708084,0.0,Salinibacterium sp. ZJ70,3048.0
1490,2603292,0.0,Salinibacterium sp. dk2585,1584.0
1491,2583374,0.0,Salinibacterium sp. M195,1247.0
1492,2508880,0.0,Salinibacterium sp. UTAS2018,1778.0
1493,2079791,0.0,Salinibacterium hongtaonis,1805.0
1494,2859226,0.0,Mycetocola spongiae,2819.0
1495,2116510,0.0,Mycetocola sp. JXN-3,2726.0
1496,2079792,0.0,Mycetocola zhujimingii,1419.0
1497,2963406,0.0,Microcella sp. MMS21-STM10,2202.0
1498,1804990,0.0,Microcella flavibacter,2356.0
1499,2986279,0.0,Aurantimicrobium sp. INA4,950.0
1500,2079575,0.0,Aurantimicrobium sp. MWH-Uga1,1139.0
1501,1987356,0.0,Aurantimicrobium photophilum,7918.0
1502,2599293,0.0,Humibacter ginsenosidimutans,3242.0
1503,2905871,0.0,Herbiconiux sp. L3-i23,1572.0
1504,2735133,0.0,Herbiconiux sp. SALV-R1,2712.0
1506,2846775,0.0,Subtercola sp. PAMC28395,1483.0
1507,2596912,0.0,Glaciihabitans sp. INWT7,1829.0
1508,2994664,0.0,Frigoribacterium sp. SL97,1935.0
1510,674079,0.0,Marisediminicola antarctica,1493.0
1511,1729695,0.0,Gulosibacter sediminis,3293.0
1512,256821,0.0,Gulosibacter molinativorax,2976.0
1513,2419771,0.0,Gryllotalpicola protaetiae,2725.0
1514,1619308,0.0,Cnuibacter physcomitrellae,2148.0
1515,2683590,0.0,Diaminobutyricimonas sp. LJ205,1480.0
1516,2773266,0.0,Agreia sp. COWG,1955.0
1517,2985506,0.0,Homoserinibacter sp. YIM 151385,2212.0
1519,2777556,0.0,Brevibacterium sp. SMBL_HHYL_HB1,2710.0
1522,2575923,0.0,Brevibacterium sp. CS2,3522.0
1523,2886045,0.0,Brevibacterium sp. JSBI002,2264.0
1524,3020906,0.0,Brevibacterium sp. BDJS002,1276.0
1525,2823518,0.0,Brevibacterium sp. W7.2,2179.0
1526,1703,0.0,Brevibacterium linens,5607.0
1527,273384,0.0,Brevibacterium aurantiacum,6131.0
1528,2909672,0.0,Brevibacterium spongiae,2122.0
1529,33889,0.0,Brevibacterium casei,4812.0
1530,2697563,0.0,Brevibacterium atlanticum,1721.0
1531,629680,0.0,Brevibacterium sandarakinum,1270.0
1532,199591,0.0,Brevibacterium luteolum,2676.0
1533,1496080,0.0,Brevibacterium pigmentatum,1735.0
1534,358099,0.0,Brevibacterium oceani,1844.0
1537,3039384,0.0,Cellulomonas sp. ES6,2042.0
1538,2871170,0.0,Cellulomonas sp. C5510,2780.0
1539,2591145,0.0,Cellulomonas sp. Y8,3048.0
1540,2704467,0.0,Cellulomonas sp. H30R-01,3018.0
1541,2904790,0.0,Cellulomonas sp. S1-8,2096.0
1542,2729175,0.0,Cellulomonas taurus,4025.0
1543,2566013,0.0,Cellulomonas shaoxiangyii,2705.0
1544,2819978,0.0,Cellulomonas fengjieae,2059.0
1545,1708,0.0,Cellulomonas fimi,5072.0
1546,2968083,0.0,Cellulomonas xiejunii,2587.0
1547,2816956,0.0,Cellulomonas wangleii,3854.0
1548,76862,0.0,Cellulomonas iranensis,3672.0
1549,11,0.0,Cellulomonas gilvus,2704.0
1550,2968085,0.0,Cellulomonas wangsupingiae,3323.0
1551,2968084,0.0,Cellulomonas chengniuliangii,3352.0
1552,2819979,0.0,Cellulomonas dongxiuzhuiae,1888.0
1553,2608402,0.0,Cellulomonas palmilytica,2135.0
1554,2758442,0.0,Actinotalea sp. JY-7876,2970.0
1555,545619,0.0,Paraoerskovia marina,2506.0
1556,1179673,0.0,Oerskovia sp. KBS0722,2852.0
1557,2654547,0.0,Pseudactinotalea sp. HY158,1872.0
1558,43669,0.0,Brachybacterium faecium,3106.0
1559,1903186,0.0,Brachybacterium sp. P6-10-X1,3471.0
1560,2571029,0.0,Brachybacterium sp. SGAir0954,1546.0
1561,2759167,0.0,Brachybacterium sp. Z12,2611.0
1562,2017484,0.0,Brachybacterium vulturis,2446.0
1563,556288,0.0,Brachybacterium saurashtrense,3606.0
1564,2942909,0.0,Brachybacterium kimchii,4101.0
1565,2017485,0.0,Brachybacterium avium,1986.0
1566,1331682,0.0,Brachybacterium ginsengisoli,2568.0
1568,1667168,0.0,Dermabacter jinjuensis,6611.0
1569,472569,0.0,Devriesea agamarum,1697.0
1570,2761047,0.0,Janibacter sp. YB324,1607.0
1571,2963431,0.0,Janibacter sp. CX7,2070.0
1572,3028808,0.0,Janibacter sp. DB-40,1334.0
1573,262209,0.0,Janibacter melonis,2548.0
1575,53458,0.0,Janibacter limosus,2347.0
1576,1690220,0.0,Phycicoccus endophyticus,2671.0
1577,2714941,0.0,Phycicoccus sp. HDW14,3427.0
1578,1813880,0.0,Tetrasphaera sp. HKS02,2756.0
1579,443156,0.0,Pedococcus dokdonensis,1733.0
1580,1658671,0.0,Arsenicicoccus sp. oral taxon 190,3401.0
1582,1980001,0.0,Cellulosimicrobium sp. TH-20,570.0
1583,1906273,0.0,Cellulosimicrobium sp. JZ28,1244.0
1584,2587808,0.0,Cellulosimicrobium protaetiae,2135.0
1585,3024246,0.0,Isoptericola sp. AK164,3240.0
1586,139208,0.0,Isoptericola variabilis,3427.0
1587,372663,0.0,Isoptericola dokdonensis,3017.0
1588,2509459,0.0,Xylanimonas allomyrinae,3413.0
1590,186189,0.0,Xylanimonas cellulosilytica,2943.0
1591,2934158,0.0,Ornithinimicrobium sp. HY1793,2458.0
1593,2908651,0.0,Ornithinimicrobium sp. INDO-MA30-4,1984.0
1595,2934161,0.0,Ornithinimicrobium cryptoxanthini,2942.0
1596,2594265,0.0,Ornithinimicrobium ciconiae,1798.0
1598,2283195,0.0,Ornithinimicrobium avium,2530.0
1599,1758689,0.0,Serinicoccus hydrothermalis,2094.0
1600,767452,0.0,Serinicoccus chungangensis,1769.0
1601,1078471,0.0,Serinicoccus profundi,1910.0
1602,247333,0.0,Serinicoccus marinus,2331.0
1603,2819238,0.0,Pengzhenrongella sicca,3376.0
1604,1133546,0.0,Luteimicrobium xylanilyticum,3051.0
1605,2603206,0.0,Ruania zhangjianzhongii,3272.0
1606,2897773,0.0,Ruania halotolerans,2514.0
1607,2897774,0.0,Ruania suaedae,1787.0
1609,2675754,0.0,Occultella kanbiaonis,3051.0
1610,2714931,0.0,Sanguibacter sp. HDW7,2915.0
1611,60920,0.0,Sanguibacter keddieii,3041.0
1612,2917725,0.0,Georgenia sp. TF02-10,3610.0
1613,2589797,0.0,Georgenia yuyongxinii,3427.0
1614,2585135,0.0,Georgenia wutianyii,2964.0
1615,2483799,0.0,Georgenia faecalis,1707.0
1617,2770551,0.0,Yimella sp. cx-51,2284.0
1618,571913,0.0,Luteipulveratus mongoliensis,2455.0
1619,1274,0.0,Dermacoccus nishinomiyaensis,3446.0
1620,84757,0.0,Beutenbergia cavernae,2993.0
1621,2171623,0.0,Miniimonas sp. S16,4779.0
1622,43674,0.0,Jonesia denitrificans,1878.0
1624,1863,0.0,Dermatophilus congolensis,1299.0
1625,100225,0.0,Austwickia chelonae,2074.0
1626,1276,0.0,Kytococcus sedentarius,3997.0
1627,2881056,0.0,Demequina sp. TMPB413,1983.0
1628,2039,0.0,Tropheryma whipplei,8556.0
1629,1736046,0.0,Streptomyces sp. SM18,2938.0
1630,2840373,0.0,Streptomyces sp. YPW6,2695.0
1631,2942449,0.0,Streptomyces sp. RerS4,1989.0
1632,2175864,0.0,Streptomyces sp. NHF165,4707.0
1633,2825844,0.0,Streptomyces sp. Go40/10,2045.0
1634,2136173,0.0,Streptomyces sp. So13.3,4067.0
1635,2730915,0.0,Streptomyces sp. Z423-1,2404.0
1636,2721244,0.0,Streptomyces sp. RPA4-2,2060.0
1637,2981136,0.0,Streptomyces sp. HUAS 15-9,3149.0
1638,2203204,0.0,Streptomyces sp. WAC 01438,1594.0
1639,3041765,0.0,Streptomyces sp. SH5,1570.0
1640,2867410,0.0,Streptomyces sp. MA3_2.13,3608.0
1642,2721173,0.0,Streptomyces sp. DSM 40868,1914.0
1643,1725411,0.0,Streptomyces sp. CdTB01,3607.0
1644,3020055,0.0,Streptomyces sp. HUAS 31,1598.0
1645,2692233,0.0,Streptomyces sp. HF10,6343.0
1646,2695266,0.0,Streptomyces sp. HM190,2298.0
1647,2705439,0.0,Streptomyces sp. S4.7,1772.0
1648,2801030,0.0,Streptomyces sp. DSM 40750,2354.0
1650,2781734,0.0,Streptomyces sp. A2-16,2745.0
1651,2931983,0.0,Streptomyces sp. LRE541,2139.0
1652,2720714,0.0,Streptomyces sp. 891-h,2529.0
1653,3004093,0.0,Streptomyces sp. HUAS 2-6,3119.0
1654,2750011,0.0,Streptomyces sp. Rer75,1696.0
1655,2907545,0.0,Streptomyces sp. GQFP,2729.0
1656,3043734,0.0,Streptomyces sp. BPTC-684,3227.0
1657,2837956,0.0,Streptomyces sp. FIT100,2094.0
1658,3030210,0.0,Streptomyces sp. WZ-12,3770.0
1659,2949637,0.0,Streptomyces sp. Caat 7-52,2347.0
1660,2898276,0.0,Streptomyces sp. MRC013,1405.0
1661,2203205,0.0,Streptomyces sp. WAC 01529,1570.0
1662,2742137,0.0,Streptomyces sp. NA02950,3106.0
1663,1837283,0.0,Streptomyces sp. S8,1484.0
1664,2751189,0.0,Streptomyces sp. NEAU-sy36,2408.0
1665,862751,0.0,Streptomyces sp. SirexAA-E,2400.0
1666,2203210,0.0,Streptomyces sp. WAC 06738,1499.0
1667,2305220,0.0,Streptomyces sp. W1SF4,2370.0
1669,2903629,0.0,Streptomyces sp. NBC_00162,1794.0
1671,2072505,0.0,Streptomyces sp. Go-475,2828.0
1672,1812480,0.0,Streptomyces sp. fd1-xmd,1419.0
1673,3028709,0.0,Streptomyces sp. AM 2-1-1,2159.0
1674,1848900,0.0,Streptomyces sp. ST1015,2018.0
1675,2838850,0.0,Streptomyces sp. 135,1983.0
1676,2714844,0.0,Streptomyces sp. JB150,1891.0
1677,3015154,0.0,Streptomyces sp. WMMC500,3563.0
1678,2801029,0.0,Streptomyces sp. CA-210063,2341.0
1679,1522758,0.0,Streptomyces sp. ADI95-16,2485.0
1680,2109593,0.0,Streptomyces sp. SGAir0924,1308.0
1681,2607753,0.0,Streptomyces sp. INR7,1430.0
1682,1265601,0.0,Streptomyces sp. PAMC 26508,2020.0
1683,2855836,0.0,Streptomyces sp. WY228,3341.0
1684,2094021,0.0,Streptomyces sp. WAC00288,329.0
1685,2036037,0.0,Streptomyces sp. Tue6028,156.0
1686,1664033,0.0,Streptomyces sp. R527F,770.0
1687,1333528,0.0,Streptomyces sp. GMY02,2657.0
1688,2964669,0.0,Streptomyces sp. HL-66,1781.0
1689,3031131,0.0,Streptomyces sp. VNUA24,1709.0
1690,234612,0.0,Streptomyces sp. TN58,1900.0
1691,2927875,0.0,Streptomyces sp. HP-A2021,1607.0
1692,1561022,0.0,Streptomyces sp. CCM_MD2014,1057.0
1693,2900152,0.0,Streptomyces sp. LX-29,2521.0
1694,710705,0.0,Streptomyces sp. FXJ1.172,1527.0
1695,2981135,0.0,Streptomyces sp. HUAS 14-6,1751.0
1696,2866715,0.0,Streptomyces sp. BHT-5-2,2435.0
1697,2582831,0.0,Streptomyces sp. SUK 48,1069.0
1699,2779671,0.0,Streptomyces sp. EAS-AB2608,1122.0
1700,2744474,0.0,Streptomyces sp. KMM 9044,1403.0
1701,2684469,0.0,Streptomyces sp. SCUT-3,3356.0
1702,2721245,0.0,Streptomyces sp. RPA4-5,4975.0
1703,2135430,0.0,Streptomyces sp. P3,1978.0
1704,2594459,0.0,Streptomyces sp. S1A1-7,1404.0
1705,1488356,0.0,Streptomyces sp. MBT27,2914.0
1706,2662065,0.0,Streptomyces sp. SYP-A7193,1780.0
1708,2833628,0.0,Streptomyces sp. MST-110588,2541.0
1709,3002640,0.0,Streptomyces sp. 71268,1370.0
1710,3026420,0.0,Streptomyces sp. MMBL 11-1,1798.0
1711,3028710,0.0,Streptomyces sp. AM 4-1-1,1764.0
1712,1661694,0.0,Streptomyces sp. Tue 6075,1035.0
1713,2979468,0.0,Streptomyces sp. S465,3455.0
1714,1188315,0.0,Streptomyces sp. AgN23,2120.0
1715,1841249,0.0,Streptomyces sp. RTd22,3173.0
1716,2981134,0.0,Streptomyces sp. HUAS 13-4,1898.0
1717,2879427,0.0,Streptomyces sp. WA6-1-16,1038.0
1718,2742136,0.0,Streptomyces sp. NA04227,2668.0
1719,3028711,0.0,Streptomyces sp. AM 3-1-1,1338.0
1720,1882757,0.0,Streptomyces sp. 3214.6,1732.0
1721,2721246,0.0,Streptomyces sp. S1D4-11,1347.0
1722,2986803,0.0,Streptomyces sp. VB1,1198.0
1723,2005885,0.0,Streptomyces sp. S063,719.0
1724,444103,0.0,Streptomyces sp. CNQ-509,1282.0
1725,355249,0.0,Streptomyces sp. Tu6071,1039.0
1726,1961713,0.0,Streptomyces sp. MOE7,492.0
1727,2059884,0.0,Streptomyces sp. CMB-StM0423,1663.0
1728,2605730,0.0,Streptomyces sp. BSE6.1,1055.0
1729,465541,0.0,Streptomyces sp. Mg1,1448.0
1731,2676871,0.0,Streptomyces sp. Tu 2975,1812.0
1732,2831149,0.0,Streptomyces sp. V17-9,1137.0
1733,2797167,0.0,Streptomyces sp. HSG2,2041.0
1734,2933779,0.0,Streptomyces sp. WAC00303,832.0
1735,2939414,0.0,Streptomyces sp. HU2014,1283.0
1737,2971798,0.0,Streptomyces sp. G7(2002),686.0
1738,2742133,0.0,Streptomyces sp. NA02536,620.0
1739,2721243,0.0,Streptomyces sp. RLB1-33,1437.0
1740,2692234,0.0,Streptomyces sp. GS7,1553.0
1741,2684468,0.0,Streptomyces sp. QHH-9511,2462.0
1742,2980556,0.0,Streptomyces sp. CA-278952,922.0
1745,1911,0.0,Streptomyces griseus,2076.0
1746,1892,0.0,Streptomyces anulatus,3438.0
1747,1908,0.0,Streptomyces globisporus,2390.0
1748,1226757,0.0,Streptomyces rapamycinicus,3343.0
1750,155177,0.0,Streptomyces yatensis,2363.0
1751,68280,0.0,Streptomyces violaceusniger,1613.0
1752,114686,0.0,Streptomyces phaeoluteigriseus,2091.0
1753,2184053,0.0,Streptomyces cadmiisoli,2731.0
1754,188770,0.0,Streptomyces koyangensis,1789.0
1755,132473,0.0,Streptomyces alboniger,2816.0
1756,47760,0.0,Streptomyces aurantiacus,3955.0
1757,1783515,0.0,Streptomyces qaidamensis,2481.0
1758,68232,0.0,Streptomyces lusitanus,5320.0
1759,1901,0.0,Streptomyces clavuligerus,3295.0
1760,67305,0.0,Streptomyces hawaiiensis,2077.0
1761,83291,0.0,Streptomyces armeniacus,3614.0
1762,285578,0.0,Streptomyces angustmyceticus,3618.0
1763,553510,0.0,Streptomyces gilvosporeus,2202.0
1764,1355015,0.0,Streptomyces pluripotens,1967.0
1765,665007,0.0,Streptomyces incarnatus,2795.0
1766,2282738,0.0,Streptomyces paludis,4362.0
1768,1888,0.0,Streptomyces albus,4995.0
1769,1535768,0.0,Streptomyces lunaelactis,2345.0
1770,1616117,0.0,Streptomyces formicae,4400.0
1771,68278,0.0,Streptomyces tuirus,2091.0
1772,68175,0.0,Streptomyces antimycoticus,1690.0
1773,249586,0.0,Streptomyces asoensis,2197.0
1774,67267,0.0,Streptomyces alboflavus,3320.0
1775,2768069,0.0,Streptomyces xanthii,2864.0
1776,47763,0.0,Streptomyces lydicus,6151.0
1777,67367,0.0,Streptomyces tanashiensis,2179.0
1778,68246,0.0,Streptomyces olivoreticuli,3232.0
1779,33899,0.0,Streptomyces galilaeus,1688.0
1780,53451,0.0,Streptomyces rutgersensis,1844.0
1781,2496836,0.0,Streptomyces cyaneochromogenes,2963.0
1782,1920,0.0,Streptomyces nigrescens,2697.0
1783,1914,0.0,Streptomyces lavendulae,2318.0
1784,2599401,0.0,Streptomyces qinzhouensis,2357.0
1785,66892,0.0,Streptomyces gardneri,1741.0
1786,1905,0.0,Streptomyces exfoliatus,1762.0
1787,2662397,0.0,Streptomyces fagopyri,1868.0
1788,173860,0.0,Streptomyces rectiverticillatus,3545.0
1789,67345,0.0,Streptomyces prasinus,2098.0
1790,59299,0.0,Streptomyces thermocarboxydus,1889.0
1791,1413221,0.0,Streptomyces ferrugineus,3369.0
1792,67282,0.0,Streptomyces calvus,2092.0
1793,68249,0.0,Streptomyces pactum,1089.0
1794,28894,0.0,Streptomyces nitrosporeus,2308.0
1795,319947,0.0,Streptomyces durmitorensis,2287.0
1796,68209,0.0,Streptomyces globosus,8051.0
1797,47759,0.0,Streptomyces tubercidicus,1614.0
1798,68214,0.0,Streptomyces griseochromogenes,2552.0
1799,67296,0.0,Streptomyces finlayi,2832.0
1800,1950,0.0,Streptomyces peucetius,4283.0
1804,1915,0.0,Streptomyces lincolnensis,3057.0
1805,68270,0.0,Streptomyces spectabilis,3320.0
1806,2763006,0.0,Streptomyces buecherae,2867.0
1807,2049881,0.0,Streptomyces dengpaensis,8136.0
1808,2878388,0.0,Streptomyces marincola,5120.0
1809,35621,0.0,Streptomyces mobaraensis,3001.0
1810,2923272,0.0,Streptomyces tubbatahanensis,3681.0
1811,2768068,0.0,Streptomyces genisteinicus,2697.0
1812,67287,0.0,Streptomyces cinnabarinus,1959.0
1813,1927,0.0,Streptomyces rimosus,7963.0
1814,2717324,0.0,Streptomyces liangshanensis,3277.0
1815,67385,0.0,Streptomyces xanthophaeus,2456.0
1816,2710756,0.0,Streptomyces bathyalis,3417.0
1817,202862,0.0,Streptomyces drozdowiczii,1870.0
1818,2768066,0.0,Streptomyces roseirectus,3353.0
1819,67294,0.0,Streptomyces filamentosus,770.0
1821,68203,0.0,Streptomyces fungicidicus,1192.0
1822,2686304,0.0,Streptomyces broussonetiae,1709.0
1823,58346,0.0,Streptomyces platensis,739.0
1824,51201,0.0,Streptomyces griseocarneus,2610.0
1825,1546107,0.0,Streptomyces lydicamycinicus,1296.0
1826,1889,0.0,Streptomyces ambofaciens,2696.0
1827,2880933,0.0,Streptomyces longhuiensis,3359.0
1828,2875706,0.0,Streptomyces gobiensis,1889.0
1829,1169025,0.0,Streptomyces pratensis,3052.0
1830,1038928,0.0,Streptomyces xinghaiensis,3153.0
1831,1960,0.0,Streptomyces vinaceus,1883.0
1832,1969,0.0,Streptomyces chartreusis,4213.0
1833,2293571,0.0,Streptomyces inhibens,2183.0
1834,36818,0.0,Streptomyces subrutilus,1575.0
1835,40318,0.0,Streptomyces nodosus,2395.0
1836,42684,0.0,Streptomyces collinus,2485.0
1838,2797636,0.0,Streptomyces liliifuscus,2522.0
1839,116188,0.0,Streptomyces coeruleorubidus,3490.0
1840,67581,0.0,Streptomyces viridosporus,2408.0
1841,249567,0.0,Streptomyces decoyicus,931.0
1842,73044,0.0,Streptomyces seoulensis,4594.0
1843,45398,0.0,Streptomyces griseoviridis,2142.0
1844,33903,0.0,Streptomyces avermitilis,2019.0
1845,348043,0.0,Streptomyces davaonensis,1470.0
1846,362257,0.0,Streptomyces vietnamensis,2141.0
1847,2653200,0.0,Streptomyces phaeolivaceus,2206.0
1848,1176198,0.0,Streptomyces harbinensis,3082.0
1849,1437453,0.0,Streptomyces leeuwenhoekii,1213.0
1850,1648182,0.0,Streptomyces yangpuensis,1602.0
1851,1885,0.0,Streptomyces actuosus,2932.0
1852,67258,0.0,Streptomyces cavourensis,2004.0
1853,1967,0.0,Streptomyces kanamyceticus,2081.0
1854,66871,0.0,Streptomyces aureoverticillatus,1903.0
1855,285450,0.0,Streptomyces roseochromogenus,1543.0
1856,66425,0.0,Streptomyces luteoverticillatus,2671.0
1857,2014920,0.0,Streptomyces capitiformicae,3276.0
1858,1932,0.0,Streptomyces tendae,1457.0
1859,1904616,0.0,Streptomyces fodineus,1350.0
1860,68239,0.0,Streptomyces mirabilis,1389.0
1861,66374,0.0,Streptomyces nojiriensis,1429.0
1862,1907,0.0,Streptomyces glaucescens,2271.0
1863,42881,0.0,Streptomyces chromofuscus,2245.0
1864,80860,0.0,Streptomyces cyanogenus,1628.0
1865,146923,0.0,Streptomyces parvulus,777.0
1866,68043,0.0,Streptomyces libani,603.0
1867,33900,0.0,Streptomyces murinus,1454.0
1868,38300,0.0,Streptomyces pristinaespiralis,1988.0
1869,75293,0.0,Streptomyces autolyticus,798.0
1870,1893,0.0,Streptomyces atratus,2321.0
1871,1890,0.0,Streptomyces antibioticus,2324.0
1873,2174846,0.0,Streptomyces tirandamycinicus,1626.0
1874,114687,0.0,Streptomyces auratus,806.0
1875,1977088,0.0,Streptomyces ficellus,1533.0
1878,2865673,0.0,Streptomyces akebiae,1754.0
1879,2991545,0.0,Kitasatospora sp. DSM 114396,3336.0
1880,2018025,0.0,Kitasatospora sp. MMS16-BH015,3896.0
1882,3004092,0.0,Kitasatospora sp. HUAS 3-15,3479.0
1883,2998080,0.0,Kitasatospora sp. YST-16,3347.0
1884,2066,0.0,Kitasatospora setae,3142.0
1885,1894,0.0,Kitasatospora aureofaciens,2614.0
1886,2704468,0.0,Streptacidiphilus sp. P02-A3a,3635.0
1887,2705012,0.0,Streptacidiphilus sp. PB12-B1b,4510.0
1888,1436133,0.0,Actinacidiphila bryophytorum,4380.0
1889,2126346,0.0,Peterkaempfera bronchialis,5698.0
1890,2896848,0.0,Yinghuangia sp. ASG 101,3341.0
1891,29303,0.0,Streptantibioticus cattleyicolor,3543.0
1892,131111,0.0,Schaalia turicensis,34532.0
1893,2794089,0.0,Schaalia sp. 19OD2882,3900.0
1895,2709403,0.0,Schaalia sp. ZJ405,2638.0
1896,52773,0.0,Schaalia meyeri,15460.0
1897,181487,0.0,Schaalia cardiffensis,7348.0
1898,131110,0.0,Schaalia radingae,6077.0
1899,712116,0.0,Actinomyces sp. oral taxon 169,31556.0
1900,2057798,0.0,Actinomyces sp. 432,3483.0
1901,712122,0.0,Actinomyces sp. oral taxon 414,40438.0
1902,2755559,0.0,Actinomyces sp. MAS-1,3341.0
1903,2708340,0.0,Actinomyces sp. zg-332,2990.0
1904,2789425,0.0,Actinomyces sp. HMT 175,17074.0
1905,706438,0.0,Actinomyces sp. oral taxon 171,18646.0
1906,1851395,0.0,Actinomyces sp. Chiba101,3776.0
1907,2081702,0.0,Actinomyces sp. oral taxon 897,7146.0
1908,2079536,0.0,Actinomyces sp. Z16,4010.0
1909,2057800,0.0,Actinomyces qiguomingii,5376.0
1910,52774,0.0,Actinomyces slackii,3528.0
1911,2321394,0.0,Actinomyces lilanjuaniae,2195.0
1912,52771,0.0,Actinomyces howellii,5043.0
1913,2763540,0.0,Actinomyces trachealis,2802.0
1915,2560010,0.0,Actinomyces procaprae,3798.0
1916,2744574,0.0,Actinomyces respiraculi,4989.0
1917,1656,0.0,Actinomyces viscosus,8740.0
1918,675090,0.0,Actinomyces weissii,2953.0
1919,2737173,0.0,Actinomyces marmotae,1857.0
1920,2722820,0.0,Actinomyces faecalis,3500.0
1921,1960083,0.0,Actinomyces gaoshouyii,1763.0
1922,1661,0.0,Trueperella pyogenes,30246.0
1924,312285,0.0,Trueperella bialowiezensis,1530.0
1925,82135,0.0,Fannyhessea vaginae,17395.0
1926,3036302,0.0,Mobiluncus sp. Marseille-Q7826,25557.0
1927,2051,0.0,Mobiluncus curtisii,5654.0
1928,1803177,0.0,Arcanobacterium wilhelmae,2359.0
1929,131112,0.0,Arcanobacterium phocae,2351.0
1930,28264,0.0,Arcanobacterium haemolyticum,2865.0
1931,1503041,0.0,Arcanobacterium pinnipediorum,1628.0
1932,1302235,0.0,Arcanobacterium phocisimile,1454.0
1934,2722751,0.0,Arcanobacterium buesumense,1570.0
1935,2758573,0.0,Flaviflexus equikiangi,2110.0
1937,2496867,0.0,Flaviflexus ciconiae,1683.0
1938,2758440,0.0,Changpingibacter yushuensis,3689.0
1939,2495645,0.0,Actinobaculum sp. 313,2178.0
1940,2692125,0.0,Nanchangia anserum,2226.0
1941,59505,0.0,Actinotignum schaalii,2571.0
1942,178339,0.0,Pauljensenia hongkongensis,16682.0
1943,1912795,0.0,Boudabousia tangfeifanii,1779.0
1944,33007,0.0,Winkia neuii,4192.0
1945,1747,0.0,Cutibacterium acnes,43069.0
1947,3016342,0.0,Cutibacterium sp. CBA3108,1714.0
1948,33011,0.0,Cutibacterium granulosum,2878.0
1949,2559073,0.0,Cutibacterium modestum,2191.0
1950,2760310,0.0,Tessaracoccus sp. MC1865,3640.0
1951,3041766,0.0,Tessaracoccus sp. T21,5297.0
1952,1610493,0.0,Tessaracoccus flavus,2900.0
1953,1285901,0.0,Tessaracoccus defluvii,6448.0
1954,399497,0.0,Tessaracoccus flavescens,5688.0
1956,1332264,0.0,Tessaracoccus aquimaris,3941.0
1958,119981,0.0,Propionibacterium australiense,5851.0
1959,1744,0.0,Propionibacterium freudenreichii,11892.0
1960,556499,0.0,Propionibacterium acidifaciens,21908.0
1962,1748,0.0,Acidipropionibacterium acidipropionici,5191.0
1963,2057246,0.0,Acidipropionibacterium virtanenii,2902.0
1964,2662261,0.0,Raineyella fluvialis,3619.0
1965,2672569,0.0,Microlunatus sp. Gsoil 973,2698.0
1966,630515,0.0,Microlunatus soli,3452.0
1967,2596828,0.0,Microlunatus elymi,2575.0
1968,29405,0.0,Microlunatus phosphovorus,2541.0
1969,1871034,0.0,Vaginimicrobium propionicum,4953.0
1970,1547448,0.0,Arachnia rubra,13354.0
1971,2760308,0.0,Propioniciclava sp. MC1595,6417.0
1973,675864,0.0,Auraticoccus monumenti,3360.0
1974,2592334,0.0,Nocardioides sp. JQ2195,2872.0
1975,2582905,0.0,Nocardioides sp. S-1144,3054.0
1976,2763008,0.0,Nocardioides sp. zg-1228,3292.0
1977,2714939,0.0,Nocardioides sp. HDW12B,3642.0
1978,2840457,0.0,Nocardioides sp. LMS-CY,3065.0
1980,3043848,0.0,Nocardioides sp. L-11A,2781.0
1981,2760705,0.0,Nocardioides sp. InS609-2,1978.0
1982,2662361,0.0,Nocardioides sp. dk884,2354.0
1983,2486272,0.0,Nocardioides sp. WS12,2505.0
1985,196162,0.0,Nocardioides sp. JS614,3433.0
1986,110319,0.0,Nocardioides sp. CF8,2035.0
1987,2017486,0.0,Nocardioides sp. S5,4361.0
1988,2931390,0.0,Nocardioides sp. W7,2575.0
1989,2917724,0.0,Nocardioides sp. TF02-7,2858.0
1990,2895565,0.0,Nocardioides sp. B-3,1834.0
1991,3044187,0.0,Nocardioides sp. QY071,4016.0
1992,2898796,0.0,Nocardioides sp. cx-173,2731.0
1993,2736757,0.0,Nocardioides campestrisoli,2811.0
1994,200618,0.0,Nocardioides aromaticivorans,4379.0
1995,2803858,0.0,Nocardioides faecalis,2987.0
1996,449461,0.0,Nocardioides humi,2951.0
1997,2663857,0.0,Nocardioides marmotae,2936.0
1998,2849501,0.0,Nocardioides panacis,3147.0
1999,2760089,0.0,Nocardioides dongkuii,2952.0
2000,2712223,0.0,Nocardioides anomalus,3249.0
2001,2045452,0.0,Nocardioides houyundeii,1589.0
2002,2500546,0.0,Nocardioides yefusunii,2417.0
2003,1643322,0.0,Nocardioides ungokensis,2795.0
2004,2558918,0.0,Nocardioides cynanchi,3418.0
2005,2483798,0.0,Nocardioides pantholopis,2292.0
2006,2685869,0.0,Nocardioides ochotonae,1659.0
2007,402297,0.0,Nocardioides daphniae,2285.0
2008,1774216,0.0,Nocardioides rotundus,2286.0
2009,160826,0.0,Nocardioides aquaticus,2303.0
2010,2894081,0.0,Nocardioides okcheonensis,3254.0
2011,419476,0.0,Nocardioides marinisabuli,2492.0
2012,433659,0.0,Nocardioides mesophilus,2575.0
2013,450734,0.0,Nocardioides dokdonensis,2131.0
2014,2714938,0.0,Nocardioides piscis,1942.0
2015,1804624,0.0,Nocardioides baekrokdamisoli,979.0
2016,2518370,0.0,Nocardioides euryhalodurans,1744.0
2017,627624,0.0,Nocardioides panacisoli,2053.0
2018,2589074,0.0,Nocardioides sambongensis,1593.0
2019,2968086,0.0,Aeromicrobium sp. zg.Y50,2390.0
2020,1736306,0.0,Aeromicrobium sp. Leaf245,2467.0
2021,2969247,0.0,Aeromicrobium sp. zg.Y1379,2090.0
2022,3009077,0.0,Aeromicrobium sp. HA,2357.0
2023,2107713,0.0,Aeromicrobium sp. A1-2,1671.0
2024,2041,0.0,Aeromicrobium erythreum,3274.0
2025,2662028,0.0,Aeromicrobium yanjiei,1643.0
2026,1736691,0.0,Aeromicrobium choanae,2728.0
2027,2079793,0.0,Aeromicrobium chenweiae,2438.0
2028,219314,0.0,Aeromicrobium marinum,1650.0
2029,2908642,0.0,Solicola gregarius,3762.0
2032,75385,0.0,Micropruina glycogenica,3222.0
2035,182640,0.0,Kribbella flavida,2983.0
2037,1544730,0.0,Kribbella qitaiheensis,3149.0
2039,2742131,0.0,Amycolatopsis sp. Hca4,4119.0
2040,2914159,0.0,Amycolatopsis sp. FU40,2933.0
2041,2861750,0.0,Amycolatopsis sp. TNS106,2811.0
2042,1911175,0.0,Amycolatopsis sp. BJA-103,2077.0
2043,2919322,0.0,Amycolatopsis sp. EV170708-02-1,2069.0
2044,2995223,0.0,Amycolatopsis sp. HUAS 11-8,3045.0
2046,3034022,0.0,Amycolatopsis sp. QT-25,1521.0
2047,2865832,0.0,Amycolatopsis sp. DSM 110486,4539.0
2049,1896961,0.0,Amycolatopsis sp. AA4,2718.0
2050,2745196,0.0,Amycolatopsis sp. CA-230715,3118.0
2051,2778070,0.0,Amycolatopsis sp. FDAARGOS 1241,3762.0
2052,1814,0.0,Amycolatopsis methanolica,3295.0
2053,2842453,0.0,Amycolatopsis aidingensis,3165.0
2054,1804986,0.0,Amycolatopsis albispora,4264.0
2055,218821,0.0,Amycolatopsis pretoriensis,3946.0
2056,715473,0.0,Amycolatopsis acidiphila,4854.0
2057,208439,0.0,Amycolatopsis japonica,1424.0
2058,129921,0.0,Amycolatopsis keratiniphila,3981.0
2059,33910,0.0,Amycolatopsis mediterranei,4656.0
2060,700274,0.0,Amycolatopsis roodepoortensis,2378.0
2061,944492,0.0,Amycolatopsis thermalba,3228.0
2062,31958,0.0,Amycolatopsis orientalis,2679.0
2064,103731,0.0,Saccharothrix espanaensis,4635.0
2065,2781735,0.0,Saccharothrix sp. 6-C,5070.0
2066,33914,0.0,Saccharopolyspora gregorii,3609.0
2067,60894,0.0,Saccharopolyspora spinosa,1757.0
2068,524884,0.0,Saccharopolyspora rosea,4435.0
2069,1836,0.0,Saccharopolyspora erythraea,6081.0
2070,455344,0.0,Saccharopolyspora gloriosae,2531.0
2071,333966,0.0,Saccharopolyspora pogona,2540.0
2072,2719023,0.0,Saccharopolyspora sp. ASAGF58,2314.0
2073,445576,0.0,Pseudonocardia sp. AL041005-10,3321.0
2074,1690815,0.0,Pseudonocardia sp. HH130630-07,3506.0
2076,1641402,0.0,Pseudonocardia sp. HH130629-09,2742.0
2077,2736640,0.0,Pseudonocardia broussonetiae,5691.0
2078,2074,0.0,Pseudonocardia autotrophica,4011.0
2079,2792008,0.0,Pseudonocardia abyssalis,2576.0
2082,211114,0.0,Allokutzneria albata,7615.0
2084,2802641,0.0,Kutzneria sp. CA-103260,6177.0
2085,1483604,0.0,Kutzneria chonburiensis,5658.0
2086,1470176,0.0,Actinoalloteichus hoggarensis,3154.0
2087,340345,0.0,Actinoalloteichus hymeniacidonis,2213.0
2088,75294,0.0,Saccharomonospora xinjiangensis,1889.0
2090,40989,0.0,Saccharomonospora cyanea,2385.0
2091,1852,0.0,Saccharomonospora viridis,1546.0
2094,2951806,0.0,Lentzea sp. HUAS12,3946.0
2095,1586287,0.0,Lentzea guizhouensis,3431.0
2096,530584,0.0,Prauserella marina,2099.0
2097,1653480,0.0,Alloactinosynnema sp. L-07,2771.0
2098,860235,0.0,Kibdelosporangium phytohabitans,5690.0
2099,2981138,0.0,Crossiella sp. CA-258035,4302.0
2100,2665642,0.0,Allosaccharopolyspora coralli,1898.0
2102,3015163,0.0,Micromonospora sp. WMMA1947,2290.0
2103,2201999,0.0,Micromonospora sp. B006,1640.0
2104,3015167,0.0,Micromonospora sp. WMMA1998,1007.0
2105,3016091,0.0,Micromonospora sp. WMMD964,1186.0
2107,2039870,0.0,Micromonospora sp. WMMA2032,2113.0
2108,3016097,0.0,Micromonospora sp. WMMD714,1251.0
2109,3014995,0.0,Micromonospora sp. WMMA1976,1979.0
2110,3015151,0.0,Micromonospora sp. WMMD882,2466.0
2111,3016087,0.0,Micromonospora sp. WMMD975,2028.0
2112,3016103,0.0,Micromonospora sp. WMMD1076,2290.0
2113,3018339,0.0,Micromonospora sp. LH3U1,2181.0
2114,2742132,0.0,Micromonospora Verrucosispora sp. NA02020,2065.0
2115,3016419,0.0,Micromonospora Verrucosispora sp. WMMA2044,1254.0
2116,3015149,0.0,Micromonospora Verrucosispora sp. WMMD573,1251.0
2117,3016096,0.0,Micromonospora sp. WMMD712,3201.0
2118,3016094,0.0,Micromonospora sp. WMMD1155,1305.0
2119,3016093,0.0,Micromonospora Verrucosispora sp. WMMD1129,1636.0
2120,3016092,0.0,Micromonospora sp. WMMD998,2148.0
2121,3015152,0.0,Micromonospora sp. WMMD812,2047.0
2122,1877,0.0,Micromonospora echinospora,3510.0
2123,261654,0.0,Micromonospora auratinigra,4036.0
2124,1881,0.0,Micromonospora viridifaciens,3421.0
2125,2749844,0.0,Micromonospora ferruginea,2746.0
2126,299152,0.0,Micromonospora siamensis,2375.0
2127,47865,0.0,Micromonospora inositola,1625.0
2128,285665,0.0,Micromonospora coriariae,1884.0
2129,1914461,0.0,Micromonospora terminaliae,2440.0
2131,356852,0.0,Micromonospora coxensis,2244.0
2132,47858,0.0,Micromonospora echinofusca,2456.0
2133,47857,0.0,Micromonospora echinaurantiaca,2174.0
2134,479978,0.0,Micromonospora tulbaghiae,2874.0
2135,356851,0.0,Micromonospora chokoriensis,1630.0
2136,515350,0.0,Micromonospora endophytica,2127.0
2137,47872,0.0,Micromonospora purpureochromogenes,1866.0
2138,47875,0.0,Micromonospora sagamiensis,1906.0
2139,47853,0.0,Micromonospora carbonacea,1094.0
2140,291594,0.0,Micromonospora rifamycinica,1035.0
2141,299146,0.0,Micromonospora narathiwatensis,1637.0
2142,709883,0.0,Micromonospora zamorensis,1961.0
2143,1003110,0.0,Micromonospora maris,1727.0
2144,47850,0.0,Micromonospora aurantiaca,6038.0
2145,1874,0.0,Micromonospora chalcea,2534.0
2146,649831,0.0,Actinoplanes sp. N902-109,4989.0
2147,2836373,0.0,Actinoplanes sp. L3-i22,8978.0
2148,946334,0.0,Actinoplanes sp. OR16,4471.0
2149,122358,0.0,Actinoplanes ianthinogenes,6579.0
2150,196914,0.0,Actinoplanes friuliensis,4138.0
2151,113562,0.0,Actinoplanes derwentensis,4335.0
2153,1866,0.0,Actinoplanes missouriensis,4099.0
2154,2906497,0.0,Actinoplanes hotanensis,52.0
2156,53362,0.0,Dactylosporangium vinaceum,3697.0
2157,53359,0.0,Dactylosporangium fulvum,3399.0
2158,47989,0.0,Dactylosporangium roseum,2284.0
2159,53360,0.0,Dactylosporangium matsuzakiense,4400.0
2160,1076124,0.0,Phytohabitans flavus,3450.0
2162,2728827,0.0,Catellatospora sp. IY07-71,5004.0
2163,3016090,0.0,Solwaraspora sp. WMMD937,2764.0
2164,3016086,0.0,Solwaraspora sp. WMMD791,3065.0
2165,2024580,0.0,Plantactinospora sp. KBS50,4950.0
2166,2071627,0.0,Plantactinospora sp. BB1,1599.0
2167,390989,0.0,Actinocatenispora sera,3108.0
2168,227318,0.0,Actinocatenispora thailandica,3365.0
2169,56438,0.0,Couchioplanes caeruleus,4592.0
2170,2811111,0.0,Natronosporangium hydrolyticum,3026.0
2171,338584,0.0,Polymorphospora rubra,2189.0
2172,168695,0.0,Salinispora tropica,1567.0
2173,2219224,0.0,Nonomuraea phyllanthi,6915.0
2174,404386,0.0,Nonomuraea coxensis,5108.0
2175,93944,0.0,Nonomuraea gerenzanensis,7422.0
2176,1909395,0.0,Nonomuraea sp. ATCC 55076,6346.0
2178,2202249,0.0,Streptosporangium sp. 'caverna',4801.0
2179,2006,0.0,Thermobispora bispora,3035.0
2180,280236,0.0,Nocardiopsis gilva,4045.0
2181,2014,0.0,Nocardiopsis dassonvillei,6362.0
2182,163604,0.0,Nocardiopsis exhalans,3325.0
2183,53437,0.0,Nocardiopsis alba,2673.0
2184,2831968,0.0,Nocardiopsis akebiae,5294.0
2185,2021,0.0,Thermobifida fusca,2715.0
2187,483545,0.0,Thermobifida halotolerans,2142.0
2188,1323731,0.0,Streptomonospora nanhaiensis,3379.0
2189,2820884,0.0,Spiractinospora alimapuensis,2467.0
2192,2591108,0.0,Actinomadura sp. WMMA1423,3350.0
2193,46165,0.0,Actinomadura verrucosospora,6706.0
2196,1411117,0.0,Thermomonospora amylolytica,5003.0
2197,2020,0.0,Thermomonospora curvata,3922.0
2198,1884914,0.0,Candidatus Planktophila dulcis,4463.0
2199,1884905,0.0,Candidatus Planktophila versatilis,2981.0
2201,573600,0.0,Candidatus Planktophila limnetica,896.0
2202,1884907,0.0,Candidatus Planktophila vernalis,1643.0
2203,1884916,0.0,Candidatus Nanopelagicus abundans,2412.0
2204,710111,0.0,Frankia sp. QA3,3303.0
2205,1858,0.0,Frankia sp. ArI3,2106.0
2206,106370,0.0,Frankia casuarinae,2173.0
2207,1859,0.0,Frankia alni,2988.0
2208,2716812,0.0,Protofrankia Candidatus Protofrankia datiscae,4080.0
2209,298654,0.0,Pseudofrankia inefficax,4651.0
2211,1090615,0.0,Nakamurella panacisegetis,1849.0
2212,1902245,0.0,Nakamurella antarctica,2636.0
2213,2762325,0.0,Nakamurella sp. PAMC28650,2419.0
2214,2944128,0.0,Jatrophihabitans sp. SB3-54,3734.0
2215,1907575,0.0,Jatrophihabitans sp. GAS493,2153.0
2216,2038343,0.0,Jatrophihabitans telluris,1637.0
2217,2851567,0.0,Modestobacter sp. L9-4,3846.0
2218,477641,0.0,Modestobacter marinus,3214.0
2219,1861,0.0,Geodermatophilus obscurus,3386.0
2220,2933797,0.0,Blastococcus sp. PRF04-17,3465.0
2221,138336,0.0,Blastococcus saxobsidens,2980.0
2222,419479,0.0,Jiangella alkaliphila,5342.0
2224,304895,0.0,Catenulispora acidiphila,4880.0
2225,283811,0.0,Stackebrandtia nassauensis,5139.0
2226,2811108,0.0,Natronoglycomyces albus,1671.0
2227,1891644,0.0,Epidermidibacterium keratini,4093.0
2228,28049,0.0,Acidothermus cellulolyticus,1438.0
2231,2844380,0.0,Collinsella sp. zg1085,11954.0
2232,33871,0.0,Coriobacterium glomerans,30339.0
2233,1382,0.0,Lancefieldella parvula,36394.0
2234,3022127,0.0,Lancefieldella sp. Marseille-Q7238,26244.0
2235,712157,0.0,Atopobium sp. oral taxon 416,45539.0
2236,2894156,0.0,Leptogranulimonas caecicola,46309.0
2237,84163,0.0,Cryptobacterium curtum,14473.0
2239,2812560,0.0,Conexibacter sp. SYSU D00693,5717.0
2240,2937801,0.0,Conexibacter sp. DBS9H8,2772.0
2241,191495,0.0,Conexibacter woesei,5595.0
2242,2884022,0.0,Capillimicrobium parvum,4616.0
2243,2949664,0.0,Paraconexibacter antarcticus,4543.0
2244,2843216,0.0,Miltoncostaea oceani,3723.0
2245,2843215,0.0,Miltoncostaea marina,3845.0
2248,49319,0.0,Rubrobacter xylanophilus,6791.0
2249,2653851,0.0,Rubrobacter tropicus,3753.0
2250,42256,0.0,Rubrobacter radiotolerans,2833.0
2251,2051957,0.0,Rubrobacter indicoceani,2340.0
2252,496014,0.0,Baekduia soli,4680.0
2253,2997333,0.0,Baekduia sp. 0141_2,4611.0
2255,2722752,0.0,Iamia sp. SCSIO 61187,3508.0
2257,2849779,0.0,Aquihabitans sp. G128,4014.0
2258,2789776,0.0,Actinomarinicola tropica,3039.0
2259,467094,0.0,Ilumatobacter coccineus,3325.0
2260,53635,0.0,Acidimicrobium ferrooxidans,1825.0
2261,1608957,0.0,Euzebya pacifica,4961.0
2262,1670830,0.0,Egicoccus halophilus,2692.0
2263,1670831,0.0,Egibacter rhizosphaerae,2905.0
2264,1442551,0.0,Synechococcus sp. BMK-MC-1,1607.0
2265,321327,0.0,Synechococcus sp. JA-3-3Ab,3397.0
2266,2936507,0.0,Synechococcus sp. A10-1-5-1,1360.0
2267,1442555,0.0,Synechococcus sp. NOUM97013,1067.0
2268,2789857,0.0,Synechococcus sp. CBW1107,2411.0
2269,2511069,0.0,Synechococcus sp. RSCCF101,2182.0
2270,195250,0.0,Synechococcus sp. PCC 7336,2637.0
2271,1442554,0.0,Synechococcus sp. MEDNS5,1440.0
2272,1827144,0.0,Synechococcus sp. NIES-970,1563.0
2273,1442557,0.0,Synechococcus sp. ROS8604,1375.0
2274,1173263,0.0,Synechococcus sp. PCC 7502,1944.0
2276,585425,0.0,Synechococcus sp. KORDI-52,772.0
2277,2751171,0.0,Synechococcus sp. HK01-R,1526.0
2278,1400865,0.0,Synechococcus sp. BIOS-U3-1,981.0
2279,1353147,0.0,Synechococcus sp. CBW1108,1717.0
2280,1442556,0.0,Synechococcus sp. PROS-7-1,844.0
2281,221341,0.0,Synechococcus sp. Minos11,1392.0
2282,316279,0.0,Synechococcus sp. CC9902,857.0
2283,585423,0.0,Synechococcus sp. KORDI-49,858.0
2284,1050657,0.0,Synechococcus sp. A15-62,1485.0
2285,1280380,0.0,Synechococcus sp. KORDI-100,878.0
2286,1353136,0.0,Synechococcus sp. CBW1004,3533.0
2287,221350,0.0,Synechococcus sp. RS9907,643.0
2288,1442558,0.0,Synechococcus sp. TAK9802,645.0
2289,1400864,0.0,Synechococcus sp. BIOS-E4-1,1229.0
2290,221352,0.0,Synechococcus sp. RS9909,834.0
2291,1353138,0.0,Synechococcus sp. CBW1006,1323.0
2292,2907159,0.0,Synechococcus sp. NB0720_010,1468.0
2293,59932,0.0,Synechococcus sp. WH 8101,1527.0
2294,1968775,0.0,Synechococcus sp. PROS-9-1,832.0
2295,232348,0.0,Synechococcus sp. CB0101,2354.0
2296,1050624,0.0,Synechococcus sp. A15-127,787.0
2297,1050714,0.0,Synechococcus sp. SYN20,570.0
2298,2741953,0.0,Synechococcus sp. LA31,1628.0
2299,64471,0.0,Synechococcus sp. CC9311,457.0
2300,1400866,0.0,Synechococcus sp. PROS-U-1,1662.0
2301,1442553,0.0,Synechococcus sp. M16.1,764.0
2302,166309,0.0,Synechococcus sp. MIT S9220,784.0
2303,110662,0.0,Synechococcus sp. CC9605,936.0
2304,32046,0.0,Synechococcus elongatus,3238.0
2305,1219,0.0,Prochlorococcus marinus,40404.0
2306,1501268,0.0,Prochlorococcus sp. MIT 0604,2261.0
2307,1851505,0.0,Cyanobium sp. NIES-981,3341.0
2308,261284,0.0,Cyanobium sp. NS01,2044.0
2309,2881428,0.0,Parasynechococcus marenigrum,2746.0
2310,155978,0.0,Acaryochloris marina,4147.0
2311,2740837,0.0,Acaryochloris sp. 'Moss Beach',996.0
2312,310037,0.0,Acaryochloris sp. CCMEE 5410,128.0
2313,1173032,0.0,Chamaesiphon minutus,1894.0
2314,1147,0.0,Synechocystis sp. PCC 6714,1312.0
2315,3045816,0.0,Trichothermofontia sichuanensis,1607.0
2316,2576902,0.0,Nostoc sp. C052,2344.0
2317,2914041,0.0,Nostoc sp. UHCC 0870,2293.0
2318,2764711,0.0,Nostoc sp. MS1,1832.0
2319,28072,0.0,Nostoc sp. PCC 7524,1769.0
2320,1261031,0.0,Nostoc sp. 'Peltigera membranacea cyanobiont' N6,1364.0
2322,2572090,0.0,Nostoc sp. TCL240-02,1560.0
2323,1869241,0.0,Nostoc sp. CENA543,4008.0
2324,2576904,0.0,Nostoc sp. TCL26-01,1798.0
2325,1751286,0.0,Nostoc sp. NIES-3756,1221.0
2326,3025190,0.0,Nostoc sp. UHCC 0926,1128.0
2327,2576903,0.0,Nostoc sp. C057,1540.0
2328,1973475,0.0,Nostoc sp. NIES-2111,1022.0
2329,264686,0.0,Nostoc edaphicum,1138.0
2330,92942,0.0,Nostoc linckia,2699.0
2331,1178,0.0,Nostoc commune,1504.0
2332,1306274,0.0,Nostoc flagelliforme,1473.0
2333,272131,0.0,Nostoc punctiforme,1868.0
2334,446679,0.0,Nostoc sphaeroides,1583.0
2335,224012,0.0,Nostoc piscinale,1667.0
2336,1357545,0.0,Richelia sinica,3440.0
2337,142864,0.0,Cylindrospermum stagnale,9564.0
2338,1165,0.0,Anabaena cylindrica,2813.0
2339,46234,0.0,Anabaena sp. 90,3531.0
2340,1620816,0.0,Halotia branconii,2916.0
2341,1164,0.0,Trichormus azollae,1606.0
2342,747522,0.0,Dolichospermum heterosporum,1641.0
2343,1914871,0.0,Dolichospermum sp. UHCC 0315A,1833.0
2344,1166,0.0,Dolichospermum flos-aquae,2074.0
2345,747548,0.0,Cylindrospermopsis curvispora,1437.0
2346,77022,0.0,Cylindrospermopsis raciborskii,1223.0
2347,109266,0.0,Anabaenopsis circularis,1684.0
2348,156213,0.0,Anabaenopsis elenkinii,712.0
2349,70799,0.0,Nodularia spumigena,1652.0
2350,137816,0.0,Nodularia sphaerocarpa,1381.0
2351,984207,0.0,Sphaerospermopsis torques-reginae,3244.0
2352,289435,0.0,Sphaerospermopsis kisseleviana,3277.0
2353,1954172,0.0,Calothrix sp. NIES-2100,5644.0
2354,1954171,0.0,Calothrix sp. NIES-2098,3573.0
2355,1170562,0.0,Calothrix sp. PCC 6303,6616.0
2356,2005462,0.0,Calothrix sp. NIES-3974,1521.0
2357,99598,0.0,Calothrix sp. PCC 7507,4627.0
2358,1337936,0.0,Calothrix sp. 336/3,2407.0
2359,938406,0.0,Calothrix brevissima,3077.0
2360,1973486,0.0,Calothrix parasitica,5097.0
2361,1752063,0.0,Fischerella sp. NIES-3754,2837.0
2362,2005456,0.0,Fischerella sp. NIES-4106,2842.0
2363,373994,0.0,Rivularia sp. PCC 7116,5408.0
2364,2099387,0.0,Tolypothrix sp. PCC 7910,2569.0
2365,457083,0.0,Tolypothrix tenuis,2423.0
2366,1397703,0.0,Brasilonema sennae,2094.0
2367,1137095,0.0,Scytonema sp. HK-05,2137.0
2368,1173025,0.0,Geitlerinema sp. PCC 7407,4910.0
2369,2886352,0.0,Allocoleopsis franciscana,2587.0
2370,1160,0.0,Planktothrix agardhii,4887.0
2371,59512,0.0,Planktothrix rubescens,1773.0
2372,118562,0.0,Arthrospira platensis,174.0
2373,2874213,0.0,Oxynema aestuarii,2475.0
2374,1155739,0.0,Moorena producens,4247.0
2375,2974039,0.0,Phormidium yuhuli,2233.0
2376,118323,0.0,Oscillatoria acuminata,6775.0
2377,482564,0.0,Oscillatoria nigro-viridis,2286.0
2378,241425,0.0,Crinalium epipsammum,2284.0
2379,147322,0.0,Limnospira indica,4500.0
2380,222819,0.0,Koinonema [Phormidium] sp. ETS-05,2406.0
2381,1615909,0.0,Geminocystis sp. NIES-3708,8592.0
2382,1617448,0.0,Geminocystis sp. NIES-3709,3531.0
2383,669359,0.0,Geminocystis herdmanii,3727.0
2384,1173026,0.0,Gloeocapsa sp. PCC 7428,3112.0
2385,2005460,0.0,Chondrocystis sp. NIES-4102,3781.0
2386,713887,0.0,Candidatus Atelocyanobacterium thalassa,7128.0
2387,2546360,0.0,Crocosphaera subtropica,2690.0
2388,2546356,0.0,Gloeothece citriformis,1911.0
2389,2546359,0.0,Gloeothece verrucosa,2550.0
2390,2546366,0.0,Rippkaea orientalis,2374.0
2391,65093,0.0,Halothece sp. PCC 7418,3062.0
2392,1126,0.0,Microcystis aeruginosa,7426.0
2393,1967666,0.0,Microcystis sp. MC19,271.0
2394,2976343,0.0,Cyanobacterium sp. uoEpiScrs1,1945.0
2395,379064,0.0,Cyanobacterium aponinum,3787.0
2396,1752064,0.0,Leptolyngbya sp. NIES-3755,2435.0
2397,2016057,0.0,Leptolyngbya sp. PKUAC-SCTA174,1633.0
2399,1115757,0.0,Leptolyngbya sp. BL0902,2217.0
2400,111781,0.0,Leptolyngbya sp. PCC 7376,2089.0
2401,1184,0.0,Leptolyngbya boryana,1531.0
2403,2917832,0.0,Leptothermofonsia sichuanensis,2620.0
2404,2906798,0.0,Leptodesmis sichuanensis,2071.0
2405,1112103,0.0,Pseudanabaena galeata,3092.0
2406,82654,0.0,Pseudanabaena sp. PCC 7367,1655.0
2407,685565,0.0,Pseudanabaena sp. ABRG5-3,1892.0
2408,2813673,0.0,Thermosynechococcus sp. TA-1,1520.0
2409,2933959,0.0,Thermosynechococcus sp. HN-54,1198.0
2410,2583530,0.0,Thermosynechococcus sp. CL-1,2262.0
2411,146786,0.0,Thermosynechococcus vestitus,1594.0
2412,2885951,0.0,Thermoleptolyngbya sichuanensis,1682.0
2413,1209493,0.0,Halomicronema hongdechloris,1985.0
2414,33072,0.0,Gloeobacter violaceus,3553.0
2415,1416614,0.0,Gloeobacter kilaueensis,3853.0
2416,2907343,0.0,Gloeobacter morelensis,2433.0
2417,118163,0.0,Pleurocapsa sp. PCC 7327,4578.0
2418,1807358,0.0,Stanieria sp. NIES-3757,3607.0
2419,102116,0.0,Stanieria cyanosphaera,4539.0
2420,1188228,0.0,Gloeomargarita lithophora,1332.0
2421,155894,0.0,Chroococcidiopsis sp. CCMEE 29,2024.0
2422,54299,0.0,Chroococcidiopsis thermalis,1260.0
2423,33070,0.0,Thermostichus lividus,681.0
2424,718217,0.0,,1807.0
2425,2094,0.0,Mycoplasmopsis arginini,6913.0
2426,48003,0.0,Mycoplasmopsis pullorum,13283.0
2427,142650,0.0,Mycoplasmopsis phocirhinis,11376.0
2428,114885,0.0,Mycoplasmopsis maculosa,11902.0
2430,33923,0.0,Mycoplasmopsis felis,7622.0
2431,2107,0.0,Mycoplasmopsis pulmonis,4384.0
2432,29555,0.0,Mycoplasmopsis canis,15903.0
2433,28903,0.0,Mycoplasmopsis bovis,3645.0
2434,171279,0.0,Mycoplasmopsis anatis,10255.0
2435,53558,0.0,Mycoplasmopsis edwardii,5027.0
2436,114881,0.0,Mycoplasmopsis columbina,12495.0
2437,2112,0.0,Mycoplasmopsis bovigenitalium,12618.0
2438,171284,0.0,Mycoplasmopsis cynos,8848.0
2439,171285,0.0,Mycoplasmopsis glycophila,3668.0
2441,2110,0.0,Mycoplasmopsis agalactiae,9165.0
2442,29556,0.0,Mycoplasmopsis gallinacea,4337.0
2443,76629,0.0,Mycoplasmopsis gallopavonis,15343.0
2444,2109,0.0,Mycoplasmopsis synoviae,6633.0
2445,171281,0.0,Mycoplasmopsis citelli,2895.0
2446,2115,0.0,Mycoplasmopsis fermentans,11834.0
2447,29561,0.0,Mycoplasmopsis meleagridis,4572.0
2449,754514,0.0,Mycoplasma sp. Mirounga ES2805-ORL,5198.0
2450,640330,0.0,Mycoplasma sp. Pen4,10149.0
2452,353851,0.0,Mycoplasma sp. Ms02,2492.0
2453,2725994,0.0,Mycoplasma sp. 1654_15,7418.0
2455,1749074,0.0,Mycoplasma sp. (ex Biomphalaria glabrata),5262.0
2456,2742195,0.0,Mycoplasma sp. OR1901,8266.0
2458,2967301,0.0,Mycoplasma sp. 2045,2770.0
2459,1179777,0.0,Mycoplasma feriruminatoris,14586.0
2460,2102,0.0,Mycoplasma mycoides,27783.0
2461,2095,0.0,Mycoplasma capricolum,32660.0
2462,2105,0.0,Mycoplasma leachii,4943.0
2463,519450,0.0,Mycoplasma anserisalpingitidis,12714.0
2464,353852,0.0,Mycoplasma nasistruthionis,4868.0
2465,538220,0.0,Mycoplasma struthionis,8037.0
2466,51364,0.0,Mycoplasma cottewii,26027.0
2467,50052,0.0,Mycoplasma crocodyli,3288.0
2468,51365,0.0,Mycoplasma yeatsii,8230.0
2469,754516,0.0,Mycoplasma miroungirhinis,7548.0
2470,171632,0.0,Mycoplasma ovis,3053.0
2471,2123,0.0,Mycoplasma putrefaciens,17191.0
2472,136241,0.0,Mycoplasma haemocanis,909.0
2473,292461,0.0,Mycoplasma iguanae,16585.0
2474,984991,0.0,Mycoplasma parvum,892.0
2475,547987,0.0,Mycoplasma tauri,2730.0
2476,42094,0.0,Ureaplasma diversum,10827.0
2477,134821,0.0,Ureaplasma parvum,3984.0
2478,2130,0.0,Ureaplasma urealyticum,7713.0
2479,2099,0.0,Mesomycoplasma hyopneumoniae,4108.0
2480,171288,0.0,Mesomycoplasma molare,5415.0
2481,2120,0.0,Mesomycoplasma neurolyticum,10546.0
2482,171286,0.0,Mesomycoplasma lagogenitalium,16052.0
2483,45361,0.0,Mesomycoplasma conjunctivae,8519.0
2484,29562,0.0,Mesomycoplasma ovipneumoniae,4293.0
2485,2128,0.0,Mesomycoplasma flocculare,1402.0
2486,86660,0.0,Mesomycoplasma dispar,1130.0
2487,45362,0.0,Mesomycoplasma bovoculi,2451.0
2489,295596,0.0,Candidatus Hepatoplasma crinochetorum,4939.0
2490,2145,0.0,Spiroplasma taiwanense,5952.0
2491,216936,0.0,Spiroplasma diminutum,11506.0
2492,216932,0.0,Spiroplasma chinense,12924.0
2493,2138,0.0,Spiroplasma poulsonii,8823.0
2494,2136,0.0,Spiroplasma monobiae,18061.0
2495,216942,0.0,Spiroplasma litorale,13729.0
2496,362837,0.0,Spiroplasma cantharicola,5928.0
2497,2137,0.0,Spiroplasma apis,8326.0
2498,216963,0.0,Spiroplasma sp. TIUS-1,8755.0
2499,216964,0.0,Spiroplasma sp. BIUS-1,3936.0
2500,2886375,0.0,Spiroplasma endosymbiont of Phyllotreta cruciferae,4419.0
2501,2570468,0.0,Spiroplasma sp. SV19,9860.0
2502,301585,0.0,Spiroplasma platyhelix,12801.0
2503,2141,0.0,Spiroplasma ixodetis,9910.0
2504,216935,0.0,Spiroplasma culicicola,13329.0
2505,216931,0.0,Spiroplasma alleghenense,4844.0
2506,2139,0.0,Spiroplasma clarkii,7197.0
2507,315358,0.0,Spiroplasma eriocheiris,5777.0
2508,2143,0.0,Spiroplasma gladiatoris,8748.0
2509,216937,0.0,Spiroplasma floricola,6634.0
2511,216938,0.0,Spiroplasma helicoides,12661.0
2512,47834,0.0,Spiroplasma kunkelii,13634.0
2513,216946,0.0,Spiroplasma turonicum,15786.0
2514,216945,0.0,Spiroplasma syrphidicola,12502.0
2516,324079,0.0,Spiroplasma tabanidicola,6685.0
2517,2133,0.0,Spiroplasma citri,8733.0
2518,219745,0.0,Mesoplasma tabanidae,6150.0
2519,81459,0.0,Mesoplasma melaleucae,6472.0
2521,138853,0.0,Mesoplasma lactucae,9511.0
2522,2151,0.0,Mesoplasma florum,19558.0
2523,2149,0.0,Mesoplasma entomophilum,4034.0
2524,74700,0.0,Entomoplasma freundtii,15010.0
2525,214888,0.0,Williamsoniiplasma luminosum,9858.0
2526,215578,0.0,Williamsoniiplasma somnilux,13746.0
2527,2148,0.0,Acholeplasma laidlawii,12788.0
2528,264636,0.0,Acholeplasma hippikon,18647.0
2529,29552,0.0,Haploplasma axanthum,44444.0
2530,59748,0.0,Candidatus Phytoplasma australiense,3701.0
2531,35773,0.0,Candidatus Phytoplasma luffae,2911.0
2532,229545,0.0,Candidatus Phytoplasma Aster yellows witches'-broom phytoplasma,1915.0
2533,37692,0.0,Candidatus Phytoplasma mali,2893.0
2534,399025,0.0,Candidatus Phytoplasma rubi,3274.0
2535,38986,0.0,Alteracholeplasma palmae,16663.0
2536,2735436,0.0,Mariniplasma anaerobium,14108.0
2537,61635,0.0,Paracholeplasma brassicae,18425.0
2538,92400,0.0,Metamycoplasma anseris,3696.0
2539,45363,0.0,Metamycoplasma alkalescens,4884.0
2540,29559,0.0,Metamycoplasma hyosynoviae,5272.0
2542,2111,0.0,Metamycoplasma arthritidis,2524.0
2543,2121,0.0,Metamycoplasma orale,5801.0
2544,2098,0.0,Metamycoplasma hominis,26891.0
2545,92401,0.0,Metamycoplasma cloacale,14487.0
2546,29554,0.0,Metamycoplasma canadense,4711.0
2547,142649,0.0,Metamycoplasma phocicerebrale,5284.0
2548,92758,0.0,Mycoplasmoides fastidiosum,1497.0
2549,2096,0.0,Mycoplasmoides gallisepticum,5640.0
2550,2116,0.0,Malacoplasma iowae,8328.0
2551,28227,0.0,Malacoplasma penetrans,14810.0
2552,2782163,0.0,Xianfuyuplasma coldseepsis,9202.0
2554,2652443,0.0,Deinococcus sp. AJ005,3436.0
2555,2939437,0.0,Deinococcus sp. QL22,2332.0
2556,2080419,0.0,Deinococcus sp. NW-56,2600.0
2557,2917691,0.0,Deinococcus sp. KNUC1210,3847.0
2558,328692,0.0,Deinococcus aquaticus,4320.0
2561,1211322,0.0,Deinococcus metallilatus,4953.0
2562,57497,0.0,Deinococcus radiopugnans,2989.0
2564,32062,0.0,Deinococcus radiophilus,3126.0
2565,1768108,0.0,Deinococcus actinosclerus,6630.0
2566,68909,0.0,Deinococcus geothermalis,3380.0
2567,1182568,0.0,Deinococcus puniceus,2297.0
2568,310783,0.0,Deinococcus deserti,3607.0
2570,2489213,0.0,Deinococcus psychrotolerans,2105.0
2571,200252,0.0,Deinococcus aetherius,2740.0
2572,309887,0.0,Deinococcus maricopensis,4833.0
2573,432329,0.0,Deinococcus peraridilitoris,2014.0
2574,2202254,0.0,Deinococcus irradiatisoli,3063.0
2575,1889240,0.0,Deinococcus rubellus,13809.0
2576,1299,0.0,Deinococcus radiodurans,2894.0
2577,1309411,0.0,Deinococcus soli (ex Cha et al. 2016),3027.0
2578,271,0.0,Thermus aquaticus,2113.0
2579,56957,0.0,Thermus oshimai,1429.0
2580,1111069,0.0,Thermus sp. CCB_US3_UF1,1324.0
2581,2918899,0.0,Thermus sp. NEB1569,901.0
2582,274,0.0,Thermus thermophilus,3940.0
2583,2483360,0.0,Thermus caldilimi,971.0
2584,88190,0.0,Thermus antranikianii,732.0
2585,187137,0.0,Oceanithermus profundus,3770.0
2586,186192,0.0,Marinithermus hydrothermalis,3673.0
2587,172827,0.0,Meiothermus taiwanensis,2193.0
2588,277,0.0,Meiothermus ruber,1910.0
2589,52022,0.0,Allomeiothermus silvanus,2519.0
2591,61435,0.0,Dehalococcoides mccartyi,21277.0
2592,1536648,0.0,Dehalogenimonas etheniformans,2613.0
2593,1839801,0.0,Dehalogenimonas formicexedens,2608.0
2594,357808,0.0,Roseiflexus sp. RS-1,3439.0
2595,120962,0.0,Roseiflexus castenholzii,7226.0
2596,1108,0.0,Chloroflexus aurantiacus,2854.0
2597,152260,0.0,Chloroflexus aggregans,1636.0
2600,1986204,0.0,Brevefilum fermentans,4261.0
2601,133453,0.0,Caldilinea aerophila,5650.0
2602,3004094,0.0,Tepidiforma flava,4462.0
2603,2601677,0.0,Tepidiforma bonchosmolovskayae,3956.0
2605,2509675,0.0,Ktedonosporobacter rubrisoli,3776.0
2606,166501,0.0,Thermobaculum terrenum,2094.0
2607,2710758,0.0,Phototrophicus methaneseepsis,3039.0
2608,2057,0.0,Sphaerobacter thermophilus,5521.0
2609,500,0.0,Thermomicrobium roseum,2267.0
2610,454171,0.0,Chthonomonas calidirosea,1729.0
2611,1005039,0.0,Fimbriimonas ginsengisoli,3148.0
2612,310298,0.0,Phocaeicola coprocola,11818.0
2613,2685834,0.0,Parabacteroides chongii,45777.0
2614,712710,0.0,Tannerella serpentiformis,25233.0
2615,28112,0.0,Tannerella forsythia,24171.0
2616,1796646,0.0,Muribaculum intestinale,42620.0
2617,322095,0.0,Porphyromonas somerae,27004.0
2618,712435,0.0,Porphyromonas sp. oral taxon 275,17655.0
2619,393921,0.0,Porphyromonas crevioricanis,7003.0
2620,36874,0.0,Porphyromonas cangingivalis,10354.0
2621,28124,0.0,Porphyromonas endodontalis,8514.0
2622,3031917,0.0,Microbacter sp. GSS18,2018.0
2623,2714926,0.0,Dysgonomonas sp. HDW5A,8610.0
2624,2714927,0.0,Dysgonomonas sp. HDW5B,14539.0
2625,1642647,0.0,Proteiniphilum saccharofermentans,14024.0
2626,2829812,0.0,Proteiniphilum propionicum,10659.0
2627,185300,0.0,Paludibacter propionicigenes,11773.0
2628,2590900,0.0,Tenuifilum thalassicum,5440.0
2629,1307839,0.0,Salinivirga cyanobacteriivorans,5103.0
2630,511435,0.0,Candidatus Azobacteroides pseudotrichonymphae,3467.0
2631,2706887,0.0,Draconibacterium halophilum,5583.0
2632,1168034,0.0,Draconibacterium orientale,5989.0
2634,1717717,0.0,Labilibaculum antarcticum,8030.0
2635,2949635,0.0,Alkaliflexus sp. Ai-910,7460.0
2636,889453,0.0,Alkalitalea saponilacus,4867.0
2637,2294119,0.0,Flavobacterium sp. CJ74,5847.0
2638,2665645,0.0,Flavobacterium sp. SLB02,3967.0
2639,2986827,0.0,Flavobacterium sp. N1994,2934.0
2640,3003257,0.0,Flavobacterium sp. IMCC34774,3397.0
2641,3003260,0.0,Flavobacterium sp. IMCC34777,4443.0
2642,2893884,0.0,Flavobacterium sp. F-70,9697.0
2643,2994319,0.0,Flavobacterium sp. GSB-24,4535.0
2644,2739062,0.0,Flavobacterium sp. M31R6,5734.0
2645,3003263,0.0,Flavobacterium sp. IMCC36793,2759.0
2646,3003256,0.0,Flavobacterium sp. IMCC34673,4290.0
2647,2478552,0.0,Flavobacterium sp. 140616W15,4788.0
2648,3003258,0.0,Flavobacterium sp. IMCC34775,4129.0
2649,2654325,0.0,Flavobacterium sp. xlx-214,4532.0
2650,2986829,0.0,Flavobacterium sp. N2038,4162.0
2651,2893885,0.0,Flavobacterium sp. F-323,2824.0
2652,1179672,0.0,Flavobacterium sp. KBS0721,4593.0
2653,2748319,0.0,Flavobacterium sp. I3-2,9598.0
2654,2986824,0.0,Flavobacterium sp. N1846,4863.0
2655,2986838,0.0,Flavobacterium sp. N502540,5093.0
2656,907046,0.0,Flavobacterium sp. B183,6596.0
2657,2986823,0.0,Flavobacterium sp. N1736,3434.0
2658,3003259,0.0,Flavobacterium sp. IMCC34776,4198.0
2659,3003262,0.0,Flavobacterium sp. IMCC36791,3394.0
2660,3025667,0.0,Flavobacterium sp. KACC 22758,4626.0
2661,2986835,0.0,Flavobacterium sp. N3904,2993.0
2662,1979344,0.0,Flavobacterium sp. MDT1-60,4280.0
2663,2614441,0.0,Flavobacterium sp. LPB0248,4174.0
2664,2746225,0.0,Flavobacterium sp. K5-23,2504.0
2666,2893883,0.0,Flavobacterium sp. F-29,4608.0
2667,2977321,0.0,Flavobacterium sp. TR2,4041.0
2668,2885633,0.0,Flavobacterium sp. N1719,1822.0
2669,2724135,0.0,Flavobacterium sp. CLA17,3737.0
2670,2775246,0.0,Flavobacterium sp. CS20,3899.0
2671,2986834,0.0,Flavobacterium sp. N2820,4155.0
2672,3003261,0.0,Flavobacterium sp. IMCC34779,5498.0
2673,2870839,0.0,Flavobacterium sp. CC-SYL302,3700.0
2674,3002900,0.0,Flavobacterium sp. IMCC34515,3207.0
2675,3016339,0.0,Flavobacterium sp. IMCC36792,3257.0
2676,2989816,0.0,Flavobacterium sp. MFBS3-15,4438.0
2677,2893886,0.0,Flavobacterium sp. F-340,4150.0
2678,3025668,0.0,Flavobacterium sp. KACC 22763,5356.0
2679,2986837,0.0,Flavobacterium sp. N502536,3211.0
2680,2871165,0.0,Flavobacterium sp. CHNK8,5635.0
2681,2986831,0.0,Flavobacterium sp. N2270,5821.0
2682,2845819,0.0,Flavobacterium sp. CECT 9288,4215.0
2683,2830782,0.0,Flavobacterium sp. KK2020170,3258.0
2684,3031997,0.0,Flavobacterium sp. YJ01,6442.0
2685,3003623,0.0,Flavobacterium sp. IMCC34518,4982.0
2687,2602769,0.0,Flavobacterium alkalisoli,3731.0
2689,2897181,0.0,Flavobacterium channae,4190.0
2690,1310418,0.0,Flavobacterium gyeonganense,3776.0
2691,683124,0.0,Flavobacterium haoranii,5340.0
2692,2547394,0.0,Flavobacterium nackdongense,3028.0
2693,1871076,0.0,Flavobacterium azooxidireducens,3164.0
2694,2748320,0.0,Flavobacterium inviolabile,2558.0
2695,2175091,0.0,Flavobacterium album,3307.0
2696,459526,0.0,Flavobacterium anhuiense,5780.0
2697,2518177,0.0,Flavobacterium sangjuense,3012.0
2698,1763534,0.0,Flavobacterium crassostreae,1720.0
2699,2895947,0.0,Flavobacterium cyclinae,2818.0
2700,1492737,0.0,Flavobacterium gilvum,3858.0
2701,2162713,0.0,Flavobacterium magnum,3569.0
2702,1678728,0.0,Flavobacterium kingsejongi,2909.0
2703,2249356,0.0,Flavobacterium fluviale,2947.0
2704,2906078,0.0,Flavobacterium oreochromis,4893.0
2706,2201181,0.0,Flavobacterium sediminis,5973.0
2707,96345,0.0,Flavobacterium psychrophilum,4024.0
2708,2856519,0.0,Flavobacterium litorale,2105.0
2709,996,0.0,Flavobacterium columnare,5172.0
2710,2502784,0.0,Flavobacterium cerinum,9625.0
2711,2172098,0.0,Flavobacterium pallidum,1993.0
2712,871694,0.0,Flavobacterium ginsengisoli,4617.0
2713,986,0.0,Flavobacterium johnsoniae,10069.0
2715,1306519,0.0,Flavobacterium commune,3737.0
2716,992289,0.0,Flavobacterium nitratireducens,3188.0
2717,1114861,0.0,Flavobacterium collinsii,2577.0
2718,2906077,0.0,Flavobacterium davisii,8077.0
2719,2906076,0.0,Flavobacterium covae,6608.0
2720,312277,0.0,Flavobacterium indicum,2659.0
2721,2704140,0.0,Flavobacterium bizetiae,3989.0
2722,1751095,0.0,Flavobacterium ammoniigenes,1043.0
2723,1751056,0.0,Flavobacterium ammonificans,6653.0
2724,1784713,0.0,Flavobacterium arcticum,3135.0
2725,1355330,0.0,Flavobacterium faecale,2956.0
2726,2686361,0.0,Polaribacter sp. L3A8,3631.0
2727,1855336,0.0,Polaribacter sp. KT25b,4446.0
2729,313598,0.0,Polaribacter sp. MED152,2270.0
2730,2855841,0.0,Polaribacter sp. NJDZ03,2496.0
2731,754397,0.0,Polaribacter sp. SA4-10,2987.0
2732,2806551,0.0,Polaribacter sp. Q13,5600.0
2733,1529069,0.0,Polaribacter sp. BM10,3379.0
2734,2058137,0.0,Polaribacter sp. ALD11,6985.0
2735,2745563,0.0,Polaribacter sp. R2A056_3_33,2191.0
2736,1896175,0.0,Polaribacter sp. KT 15,2246.0
2737,1336804,0.0,Polaribacter sp. Hel1_33_78,4149.0
2738,2745561,0.0,Polaribacter sp. HaHaR_3_91,5299.0
2739,985043,0.0,Polaribacter sejongensis,2524.0
2740,1888915,0.0,Polaribacter haliotis,5082.0
2741,2808900,0.0,Polaribacter batillariae,4481.0
2742,1774273,0.0,Polaribacter vadi,4611.0
2743,2738844,0.0,Polaribacter pectinis,4124.0
2744,996801,0.0,Polaribacter reichenbachii,7095.0
2745,1908341,0.0,Polaribacter litorisediminis,4061.0
2746,2818493,0.0,Polaribacter cellanae,3954.0
2748,326329,0.0,Polaribacter dokdonensis,4200.0
2749,3038772,0.0,Tenacibaculum sp. GRR-S3-23,4355.0
2750,754423,0.0,Tenacibaculum sp. SZ-18,12557.0
2751,104268,0.0,Tenacibaculum mesophilum,11885.0
2752,104270,0.0,Tenacibaculum ovolyticum,5318.0
2753,1850252,0.0,Tenacibaculum todarodis,7075.0
2754,584609,0.0,Tenacibaculum jejuense,7821.0
2755,2781243,0.0,Tenacibaculum finnmarkense,16831.0
2756,2358479,0.0,Tenacibaculum singaporense,1774.0
2757,107401,0.0,Tenacibaculum maritimum,4239.0
2758,3018314,0.0,Tenacibaculum pacificus,3731.0
2759,3018315,0.0,Tenacibaculum retecalamus,2583.0
2760,1017,0.0,Capnocytophaga gingivalis,6051.0
2761,1848904,0.0,Capnocytophaga stomatis,3073.0
2762,28188,0.0,Capnocytophaga canimorsus,6424.0
2763,1019,0.0,Capnocytophaga sputigena,6214.0
2764,2545799,0.0,Capnocytophaga sp. FDAARGOS_737,1830.0
2765,1316596,0.0,Capnocytophaga sp. oral taxon 878,4511.0
2766,2748316,0.0,Capnocytophaga sp. oral taxon 902,776.0
2767,1945658,0.0,Capnocytophaga sp. H4358,1071.0
2768,1018,0.0,Capnocytophaga ochracea,7988.0
2769,28189,0.0,Capnocytophaga cynodegmi,4168.0
2770,45243,0.0,Capnocytophaga haemolytica,5105.0
2771,327575,0.0,Capnocytophaga leadbetteri,1679.0
2772,2708117,0.0,Capnocytophaga endodontalis,3274.0
2773,2705471,0.0,Christiangramia Gramella sp. MT6,5220.0
2774,1913577,0.0,Christiangramia salexigens,2526.0
2775,411153,0.0,Christiangramia forsetii,3665.0
2776,2126553,0.0,Christiangramia fulva,3695.0
2777,1486245,0.0,Christiangramia flava,4116.0
2779,2920386,0.0,Christiangramia Gramella oceanisediminis,1087.0
2780,1714860,0.0,Aquimarina sp. BL5,3946.0
2781,1714848,0.0,Aquimarina sp. AD1,3920.0
2782,2949996,0.0,Aquimarina sp. ERC-38,2524.0
2783,2736252,0.0,Aquimarina sp. TRL1,3163.0
2784,1191912,0.0,Aquimarina sp. Aq107,4326.0
2785,1714849,0.0,Aquimarina sp. AD10,6383.0
2786,754409,0.0,Winogradskyella sp. PG-2,3357.0
2787,2929510,0.0,Winogradskyella sp. MH6,4464.0
2788,2749995,0.0,Winogradskyella sp. HaHa_3_26,5372.0
2789,754417,0.0,Winogradskyella sp. PC-19,2303.0
2790,1936080,0.0,Winogradskyella sp. J14-2,3897.0
2791,2686078,0.0,Winogradskyella schleiferi,2431.0
2792,1382466,0.0,Winogradskyella sediminis,3466.0
2793,2697010,0.0,Winogradskyella helgolandensis,6716.0
2794,2686077,0.0,Winogradskyella forsetii,6364.0
2795,2686362,0.0,Cellulophaga sp. L1A9,5264.0
2797,979,0.0,Cellulophaga lytica,5170.0
2798,76594,0.0,Cellulophaga baltica,3436.0
2799,59600,0.0,Cellulophaga algicola,4186.0
2800,1888890,0.0,Cellulophaga omnivescoria,3041.0
2802,2608253,0.0,Nonlabens sp. Ci31,3169.0
2803,2058134,0.0,Nonlabens sp. MB-3u-79,2600.0
2804,1336802,0.0,Nonlabens sp. Hel1_33_55,2303.0
2805,331648,0.0,Nonlabens spongiae,2823.0
2806,328515,0.0,Nonlabens dokdonensis,2390.0
2807,930802,0.0,Nonlabens marinus,2207.0
2808,2496866,0.0,Nonlabens ponticola,1866.0
2809,2057808,0.0,Lacinutrix sp. Bg11-31,4144.0
2810,983544,0.0,Lacinutrix sp. 5H-3-7-4,5959.0
2811,2980107,0.0,Lacinutrix sp. HL-RS19,2823.0
2812,2653681,0.0,Lacinutrix sp. WUR7,2934.0
2813,1486034,0.0,Lacinutrix venerupis,2707.0
2814,1798225,0.0,Formosa sp. Hel1_31_208,2911.0
2815,1336795,0.0,Formosa sp. Hel3_A1_48,2163.0
2817,1336794,0.0,Formosa sp. Hel1_33_131,2134.0
2818,320324,0.0,Formosa agariphila,4788.0
2819,2594004,0.0,Formosa sediminum,4115.0
2820,2980554,0.0,Maribacter sp. Hal144,2574.0
2822,2496865,0.0,Maribacter sp. MJ134,1641.0
2823,1644130,0.0,Maribacter sp. 1_2014MBL_MicDiv,3034.0
2824,2976127,0.0,Maribacter litopenaei,3188.0
2825,1836467,0.0,Maribacter hydrothermalis,3786.0
2826,1178778,0.0,Maribacter cobaltidurans,3825.0
2827,1130723,0.0,Maribacter aestuarii,1861.0
2828,320912,0.0,Maribacter dokdonensis,2357.0
2829,2767188,0.0,Amniculibacterium sp. G2-70,6609.0
2830,2570561,0.0,Psychroserpens sp. NJDZ02,7218.0
2831,2932268,0.0,Psychroserpens sp. MSW6,4180.0
2832,2918453,0.0,Lutibacter sp. A80,6106.0
2833,2918526,0.0,Lutibacter sp. A64,5622.0
2834,1622118,0.0,Lutibacter profundi,5272.0
2835,313588,0.0,Croceibacter atlanticus,3094.0
2836,3047542,0.0,Myroides sp. mNGS23_01,1518.0
2837,2968490,0.0,Myroides sp. SCSIO 72103,6835.0
2838,1458492,0.0,Myroides sp. ZB35,868.0
2839,1583100,0.0,Myroides sp. A21,1789.0
2840,702745,0.0,Myroides phaeus,10036.0
2841,256,0.0,Myroides odoratus,4262.0
2842,2572594,0.0,Myroides fluvii,1967.0
2843,2562892,0.0,Myroides albus,2962.0
2844,2908842,0.0,Muricauda sp. SCSIO 64092,1567.0
2845,2908843,0.0,Muricauda sp. SCSIO 65647,2266.0
2846,1383885,0.0,Muricauda aurantiaca,2977.0
2847,516051,0.0,Muricauda lutaonensis,2599.0
2848,2698672,0.0,Muricauda oceani,4281.0
2849,254955,0.0,Muricauda aquimarina,10088.0
2850,1803846,0.0,Flavivirga eckloniae,3297.0
2851,2494375,0.0,Aequorivita sp. H23M31,3789.0
2852,3040348,0.0,Aequorivita sp. Ant34-E75,4365.0
2853,101385,0.0,Aequorivita sublithincola,3775.0
2854,2686365,0.0,Algibacter sp. L1A34,4502.0
2855,2686366,0.0,Algibacter sp. L3A6,3347.0
2856,1736674,0.0,Algibacter alginicilyticus,5072.0
2857,3028318,0.0,Olleya sp. YS,3924.0
2859,639310,0.0,Olleya aquimaris,2812.0
2860,2779362,0.0,Mesoflavibacter sp. SCSIO 43206,5414.0
2861,2708110,0.0,Mesoflavibacter profundi,2046.0
2862,2908210,0.0,Antarcticibacterium sp. 1MA-6-2,2628.0
2863,2585771,0.0,Antarcticibacterium arcticum,2661.0
2864,2058175,0.0,Antarcticibacterium flavum,3226.0
2865,2926907,0.0,Abyssalbus ytuae,3272.0
2866,2916754,0.0,Sabulilitoribacter sp. BrNp1-15,4746.0
2867,2779359,0.0,Zunongwangia sp. SCSIO 43204,4429.0
2868,398743,0.0,Zunongwangia profunda,4684.0
2869,1453352,0.0,Sediminicola sp. YIK13,2041.0
2870,762954,0.0,Siansivirga zeaxanthinifaciens,2767.0
2871,1790137,0.0,Wenyingzhuangia fucanilytica,4310.0
2872,2675331,0.0,Bizionia sp. M204,4512.0
2873,2202721,0.0,Zhouia spongiae,4602.0
2874,2719912,0.0,Leeuwenhoekiella sp. ZYFB001,2389.0
2875,2562285,0.0,Constantimarinum furrinae,1701.0
2876,2584122,0.0,Aureibaculum algae,6322.0
2877,1936081,0.0,Seonamhaeicola sp. S2-3,3219.0
2878,2937786,0.0,Seonamhaeicola sp. ML3,3724.0
2879,2069432,0.0,Tamlana carrageenivorans,2897.0
2880,1630406,0.0,Tamlana sp. s12,4227.0
2881,1729720,0.0,Salegentibacter sp. T436,4971.0
2882,270918,0.0,Salegentibacter mishustinae,2982.0
2883,143223,0.0,Salegentibacter salegens,2259.0
2884,2027857,0.0,Mariniflexile sp. TRM1-10,3491.0
2885,2282170,0.0,Kordia sp. SMS9,3497.0
2886,1218801,0.0,Kordia antarctica,3325.0
2887,2809707,0.0,Salinimicrobium sp. HN-2-9-2,3121.0
2888,252307,0.0,Robiginitalea biformata,3804.0
2889,2777186,0.0,Psychroflexus sp. ALD_RP9,4350.0
2890,57029,0.0,Psychroflexus torquis,2674.0
2891,2900738,0.0,Sinomicrobium kalidii,3791.0
2892,2820661,0.0,Candidatus Arcticimaribacter forsetii,12845.0
2893,1170699,0.0,Galbibacter sp. BG1,2065.0
2894,1165090,0.0,Imtechella halotolerans,2813.0
2895,2893202,0.0,Aegicerativicinus sediminis,2675.0
2896,2905121,0.0,Flagellimonas sp. HMM57,1653.0
2897,2654676,0.0,Flagellimonas sp. CMM7,2336.0
2898,2507538,0.0,Muriicola soli,1447.0
2899,2583587,0.0,Aggregatimonas sangjinii,2085.0
2900,2049305,0.0,Changchengzhania lutea,3683.0
2901,2744027,0.0,Rasiella rasia,1962.0
2902,326320,0.0,Dokdonia donghaensis,5208.0
2903,2173169,0.0,Dokdonia sp. Dokd-P16,1786.0
2904,1761453,0.0,Euzebyella marina,4385.0
2905,1850246,0.0,Urechidicola croceus,23951.0
2906,2529032,0.0,Oceanihabitans sp. IOP_32,2212.0
2907,1336796,0.0,Gillisia sp. Hel1_33_143,3380.0
2908,2779360,0.0,Marixanthomonas sp. SCSIO 43207,3063.0
2909,343403,0.0,Costertonia aggregata,2960.0
2911,63186,0.0,Zobellia galactanivorans,2167.0
2912,754429,0.0,Gilvibacter sp. SZ-19,1942.0
2913,878220,0.0,Chryseobacterium sp. StRB126,4592.0
2914,2864040,0.0,Chryseobacterium sp. LJ668,1979.0
2915,2879939,0.0,Chryseobacterium sp. MEBOG07,7797.0
2916,2487065,0.0,Chryseobacterium sp. G0201,4330.0
2917,2015076,0.0,Chryseobacterium sp. T16E-39,5143.0
2918,2920939,0.0,Chryseobacterium sp. Y16C,6155.0
2919,1871047,0.0,Chryseobacterium sp.,4971.0
2920,2713414,0.0,Chryseobacterium sp. POL2,4199.0
2921,2487064,0.0,Chryseobacterium sp. G0186,4733.0
2922,2997336,0.0,Chryseobacterium sp. CY350,1821.0
2924,1721091,0.0,Chryseobacterium sp. IHB B 17019,3689.0
2925,2838877,0.0,Chryseobacterium sp. ZHDP1,3041.0
2926,2983267,0.0,Chryseobacterium sp. PET-29,1889.0
2927,2983606,0.0,Chryseobacterium sp. MMS21-Ot14,5047.0
2928,2879938,0.0,Chryseobacterium sp. MEBOG06,2875.0
2929,2478663,0.0,Chryseobacterium sp. 3008163,3435.0
2930,3042315,0.0,Chryseobacterium sp. wcd7,1801.0
2931,1932669,0.0,Chryseobacterium sp. JV274,2477.0
2932,2039166,0.0,Chryseobacterium sp. 6424,2844.0
2933,2758037,0.0,Chryseobacterium sp. CX-624,2717.0
2934,2487063,0.0,Chryseobacterium sp. G0162,3392.0
2935,253,0.0,Chryseobacterium indologenes,17315.0
2936,1241981,0.0,Chryseobacterium lactis,4278.0
2937,651561,0.0,Chryseobacterium arthrosphaerae,7368.0
2938,1685010,0.0,Chryseobacterium glaciei,4888.0
2939,192389,0.0,Chryseobacterium daecheongense,3333.0
2940,2497456,0.0,Chryseobacterium aureum,2992.0
2941,536441,0.0,Chryseobacterium taklimakanense,8321.0
2942,250,0.0,Chryseobacterium gleum,9417.0
2943,2929799,0.0,Chryseobacterium oryzae,6015.0
2944,1807141,0.0,Chryseobacterium panacisoli,885.0
2945,2759528,0.0,Chryseobacterium capnotolerans,3530.0
2946,254,0.0,Chryseobacterium indoltheticum,5609.0
2947,1324352,0.0,Chryseobacterium gallinarum,4791.0
2948,2852098,0.0,Chryseobacterium faecale,2926.0
2949,1493872,0.0,Chryseobacterium shandongense,5424.0
2950,246,0.0,Chryseobacterium balustinum,4917.0
2951,1265445,0.0,Chryseobacterium camelliae,8300.0
2952,2956784,0.0,Chryseobacterium paludis,4039.0
2953,373672,0.0,Chryseobacterium gambrini,4150.0
2954,558152,0.0,Chryseobacterium piperi,2889.0
2955,2547600,0.0,Chryseobacterium salivictor,1430.0
2956,1241982,0.0,Chryseobacterium nakagawai,3695.0
2958,1124835,0.0,Chryseobacterium carnipullorum,2970.0
2959,2898076,0.0,Chryseobacterium turcicum,3058.0
2960,1813611,0.0,Chryseobacterium cucumeris,4964.0
2961,2929800,0.0,Chryseobacterium suipulveris,2721.0
2962,1609531,0.0,Chryseobacterium rhizoplanae,2897.0
2963,2754694,0.0,Chryseobacterium manosquense,1581.0
2964,421058,0.0,Chryseobacterium oranimense,3122.0
2965,1241978,0.0,Chryseobacterium bernardetii,6818.0
2966,1854498,0.0,Chryseobacterium nepalense,3439.0
2967,2989820,0.0,Kaistella sp. BT6-1-3,2178.0
2968,2908645,0.0,Kaistella sp. 97-N-M2,1520.0
2969,2878534,0.0,Kaistella sp. GW4-15,1253.0
2970,266749,0.0,Kaistella jeonii,4125.0
2971,421525,0.0,Kaistella haifensis,1792.0
2972,2820270,0.0,Kaistella Candidatus Kaistella beijingensis,6128.0
2973,2038776,0.0,Kaistella flava (ex Peng et al. 2021),2740.0
2974,1241979,0.0,Kaistella carnis,4078.0
2975,2487074,0.0,Kaistella daneshvariae,1842.0
2976,2487072,0.0,Epilithonimonas vandammei,7931.0
2977,1416779,0.0,Epilithonimonas zeae,3298.0
2978,1117645,0.0,Elizabethkingia anophelis,22038.0
2980,2575699,0.0,Elizabethkingia sp. 2-6,1768.0
2981,2796140,0.0,Elizabethkingia sp. M8,1929.0
2982,238,0.0,Elizabethkingia meningoseptica,5110.0
2983,1756150,0.0,Elizabethkingia ursingii,1880.0
2984,172045,0.0,Elizabethkingia miricola,4255.0
2985,1756149,0.0,Elizabethkingia bruuniana,710.0
2986,2656761,0.0,Apibacter sp. B2966,2308.0
2987,2704651,0.0,Apibacter sp. ESL0404,1432.0
2988,2500547,0.0,Apibacter raozihei,4320.0
2989,2004710,0.0,Cloacibacterium caeni,11599.0
2990,237258,0.0,Cloacibacterium normanense,2345.0
2991,2976818,0.0,Cloacibacterium sp. TD35,2321.0
2992,2898187,0.0,Faecalibacter bovis,6230.0
2993,34085,0.0,Riemerella anatipestifer,16588.0
2994,247,0.0,Empedobacter brevis,6179.0
2995,343874,0.0,Empedobacter falsenii,7281.0
2996,1628248,0.0,Empedobacter stercoris,5416.0
2997,28251,0.0,Ornithobacterium rhinotracheale,15548.0
2998,2497989,0.0,Ornithobacterium Candidatus Ornithobacterium hominis,4338.0
2999,1118202,0.0,Cruoricaptor ignavus,4571.0
3000,1585976,0.0,Bergeyella cardium,2495.0
3001,1014,0.0,Weeksella virosa,3124.0
3002,298656,0.0,Blattabacterium sp. (Cryptocercus kyebangensis),1174.0
3003,1316444,0.0,Blattabacterium sp. (Nauphoeta cinerea),694.0
3004,164514,0.0,Blattabacterium punctulatus,1683.0
3005,2862509,0.0,Paracrocinitomix mangrovi,4452.0
3006,191579,0.0,Fluviicola taffensis,3486.0
3007,336810,0.0,Candidatus Karelsulcia muelleri,5297.0
3008,1415657,0.0,Candidatus Walczuchella monophlebidarum,1552.0
3009,242600,0.0,Ichthyobacterium seriolicida,3051.0
3010,2829795,0.0,Parvicella tangerina,3415.0
3011,2761580,0.0,Croceimicrobium hydrocarbonivorans,7120.0
3012,2584940,0.0,Hymenobacter sp. DG01,7539.0
3013,2932249,0.0,Hymenobacter sp. 5116S-27,3733.0
3014,2675878,0.0,Hymenobacter sp. BRD128,3892.0
3015,2932248,0.0,Hymenobacter sp. 5116S-3,4022.0
3016,2596915,0.0,Hymenobacter sp. NBH84,5671.0
3017,2987689,0.0,Hymenobacter sp. YIM 151500-1,3760.0
3018,2932251,0.0,Hymenobacter sp. 5413J-13,4092.0
3019,2761579,0.0,Hymenobacter sp. S2-20-2,2795.0
3021,2835648,0.0,Hymenobacter sp. BT18,4112.0
3022,2987688,0.0,Hymenobacter sp. YIM 151858-1,3166.0
3023,2714932,0.0,Hymenobacter sp. HDW8,6572.0
3024,1484118,0.0,Hymenobacter sp. PAMC 26628,3897.0
3025,1385663,0.0,Hymenobacter sp. DG25A,3219.0
3026,2933777,0.0,Hymenobacter sp. 5516S-25,5183.0
3027,2932254,0.0,Hymenobacter sp. 5420S-77,4864.0
3028,2932250,0.0,Hymenobacter sp. 5317J-9,4366.0
3029,2675877,0.0,Hymenobacter sp. BRD67,3360.0
3030,2932253,0.0,Hymenobacter sp. 5516J-16,5620.0
3031,1385664,0.0,Hymenobacter sp. DG25B,3182.0
3032,1356852,0.0,Hymenobacter sp. APR13,7223.0
3033,2932252,0.0,Hymenobacter sp. 5414T-23,1722.0
3034,1385715,0.0,Hymenobacter qilianensis,3329.0
3035,1411621,0.0,Hymenobacter sedentarius,3180.0
3036,2502781,0.0,Hymenobacter jejuensis,4153.0
3037,497967,0.0,Hymenobacter tibetensis,6178.0
3038,1705399,0.0,Hymenobacter monticola,3932.0
3039,1446467,0.0,Hymenobacter swuensis,1919.0
3040,2607656,0.0,Hymenobacter busanensis,3873.0
3041,748197,0.0,Hymenobacter yonginensis,3786.0
3042,2496028,0.0,Hymenobacter radiodurans,6873.0
3043,2319843,0.0,Hymenobacter oligotrophus,3500.0
3044,2615203,0.0,Hymenobacter baengnokdamensis,3735.0
3045,2571030,0.0,Pontibacter sp. SGAir0037,7697.0
3046,2592049,0.0,Pontibacter sp. XAAS-72,5260.0
3047,400092,0.0,Pontibacter korlensis,4719.0
3048,388950,0.0,Pontibacter akesuensis,5534.0
3049,323450,0.0,Pontibacter actiniarum,5861.0
3050,2694929,0.0,Pontibacter russatus,8820.0
3051,2694930,0.0,Pontibacter pudoricolor,2887.0
3052,1379909,0.0,Rufibacter sp. DG15C,4390.0
3053,1379910,0.0,Rufibacter radiotolerans,7509.0
3054,512763,0.0,Rufibacter tibetensis,4347.0
3055,2745197,0.0,Adhaeribacter radiodurans,3188.0
3056,2086471,0.0,Adhaeribacter swui,2587.0
3057,2698458,0.0,Nibribacter ruber,5432.0
3058,2909339,0.0,Dyadobacter chenhuakuii,4397.0
3059,2910158,0.0,Dyadobacter pollutisoli,4661.0
3060,2906443,0.0,Dyadobacter fanqingshengii,3155.0
3061,94254,0.0,Dyadobacter fermentans,6055.0
3062,2861765,0.0,Dyadobacter sp. NIV53,3601.0
3063,2747268,0.0,Dyadobacter sandarakinus,3708.0
3064,2906456,0.0,Dyadobacter chenwenxiniae,3832.0
3065,1834519,0.0,Fibrella sp. ES10-3-2-2,3480.0
3066,651143,0.0,Fibrella aestuarina,5616.0
3067,332158,0.0,Larkinella insperata,3511.0
3068,2907205,0.0,Larkinella sp. IE-0392,2789.0
3069,2259595,0.0,Runella rosea,4584.0
3070,106,0.0,Runella slithyformis,5404.0
3071,2268026,0.0,Runella sp. SP2,3929.0
3072,1784714,0.0,Arcticibacterium luteifluviistationis,3166.0
3074,2975157,0.0,Marinilongibacter aquaticus,3133.0
3075,2916755,0.0,Emticicia sp. 21SJ11W-3,6162.0
3076,2772483,0.0,Algoriphagus sp. Y33,5480.0
3077,2705473,0.0,Algoriphagus sp. NBT04N3,4664.0
3078,3015169,0.0,Algoriphagus sp. TR-M9,1432.0
3079,1727163,0.0,Algoriphagus sanaruensis,2627.0
3080,388413,0.0,Algoriphagus machipongonensis,4816.0
3081,2781961,0.0,Echinicola sp. 20G,3649.0
3082,390884,0.0,Echinicola vietnamensis,4664.0
3083,2591634,0.0,Echinicola soli,2728.0
3084,1795355,0.0,Echinicola strongylocentroti,4088.0
3085,2859768,0.0,Echinicola marina,4587.0
3086,1807691,0.0,Echinicola rosea,3048.0
3087,104,0.0,Cyclobacterium marinum,4211.0
3088,320787,0.0,Cyclobacterium amurskyense,3084.0
3089,232259,0.0,Belliella baltica,5242.0
3090,2782006,0.0,Mongoliitalea daihaiensis,2301.0
3091,280473,0.0,Aquiflexum balticum,5507.0
3092,2710596,0.0,Spirosoma sp. KCTC 72228,2384.0
3093,2745947,0.0,Spirosoma sp. KUDC1026,4086.0
3094,2520506,0.0,Spirosoma sp. KCTC 42546,3474.0
3095,1178516,0.0,Spirosoma montaniterrae,3148.0
3096,2735870,0.0,Spirosoma taeanense,3291.0
3097,2666025,0.0,Spirosoma endbachense,2656.0
3098,2057025,0.0,Spirosoma pollinicola,3235.0
3099,2898794,0.0,Spirosoma oryzicola,3130.0
3100,2728024,0.0,Spirosoma rhododendri,3655.0
3101,564064,0.0,Spirosoma rigui,2869.0
3102,1379870,0.0,Spirosoma radiotolerans,1751.0
3103,2692134,0.0,Spirosoma aureum,2405.0
3104,1211326,0.0,Spirosoma aerolatum,2731.0
3105,2674997,0.0,Tellurirhabdus rosea,6949.0
3106,2704465,0.0,Rhodocytophaga rosea,4268.0
3107,2516559,0.0,Aquirufa antheringensis,6674.0
3108,2696560,0.0,Aquirufa lenticrescens,6710.0
3109,2516557,0.0,Aquirufa nivalisilvae,4292.0
3110,985,0.0,Cytophaga hutchinsonii,5803.0
3111,2904245,0.0,Fulvivirga sp. SS9-22,5124.0
3112,2904247,0.0,Fulvivirga sp. SW1-E11,6187.0
3113,2904246,0.0,Fulvivirga sp. W9P-11,3314.0
3114,2810512,0.0,Fulvivirga lutea,2946.0
3115,2321403,0.0,Chryseolinea soli,5536.0
3116,367791,0.0,Flammeovirga yaeyamensis,10883.0
3117,373891,0.0,Flammeovirga kamogawensis,7628.0
3118,2494373,0.0,Flammeovirga pectinis,7274.0
3119,1191459,0.0,Flammeovirga sp. MY04,4617.0
3120,2979464,0.0,Reichenbachiella sp. BKB1-1,2823.0
3121,2979869,0.0,Reichenbachiella sp. Wsw4-B4,2855.0
3122,999,0.0,Bernardetia litoralis,6682.0
3123,2715131,0.0,Mangrovivirga cuniculi,3288.0
3124,249402,0.0,Candidatus Cardinium Cardinium endosymbiont of Encarsia pergandiella,5269.0
3125,247481,0.0,Candidatus Cardinium hertigii,578.0
3126,281120,0.0,Candidatus Amoebophilus asiaticus,1529.0
3127,1006,0.0,Marivirga tractuosa,5471.0
3128,1085624,0.0,Persicobacter sp. JZB09,6799.0
3129,2929803,0.0,Mucilaginibacter sp. SMC90,3569.0
3130,2778902,0.0,Mucilaginibacter sp. 21P,2714.0
3131,3025671,0.0,Mucilaginibacter sp. KACC 22773,3407.0
3132,3029053,0.0,Mucilaginibacter sp. SJ,2210.0
3133,3025666,0.0,Mucilaginibacter sp. KACC 22063,2919.0
3134,2703789,0.0,Mucilaginibacter sp. 14171R-50,2486.0
3135,2027860,0.0,Mucilaginibacter rubeus,15427.0
3136,652787,0.0,Mucilaginibacter mallensis,4177.0
3137,423351,0.0,Mucilaginibacter paludis,5368.0
3138,2305508,0.0,Mucilaginibacter celer,8296.0
3139,2682091,0.0,Mucilaginibacter ginkgonis,3198.0
3140,2728022,0.0,Mucilaginibacter robiniae,3439.0
3141,398053,0.0,Mucilaginibacter ginsenosidivorans,3261.0
3142,2740462,0.0,Mucilaginibacter mali,3541.0
3143,1550579,0.0,Mucilaginibacter gotjawali,3262.0
3144,862126,0.0,Mucilaginibacter ginsenosidivorax,3032.0
3145,551996,0.0,Mucilaginibacter gossypii,3266.0
3146,1234841,0.0,Mucilaginibacter xinganensis,1954.0
3147,398049,0.0,Mucilaginibacter daejeonensis,3714.0
3148,1176721,0.0,Mucilaginibacter jinjuensis,3388.0
3149,2795738,0.0,Sphingobacterium sp. UDSM-2020,4258.0
3150,2713573,0.0,Sphingobacterium sp. DR205,3870.0
3151,3025669,0.0,Sphingobacterium sp. KACC 22765,2573.0
3152,1538644,0.0,Sphingobacterium sp. ML3W,8679.0
3153,2853439,0.0,Sphingobacterium sp. E70,2606.0
3154,2662364,0.0,Sphingobacterium sp. dk4302,2890.0
3155,2557994,0.0,Sphingobacterium sp. CZ-2,2508.0
3156,2907623,0.0,Sphingobacterium sp. SRCM116780,3620.0
3157,2996035,0.0,Sphingobacterium sp. SYP-B4668,2516.0
3158,2961941,0.0,Sphingobacterium sp. LZ7M1,3645.0
3159,3031802,0.0,Sphingobacterium sp. WM,3653.0
3160,2931400,0.0,Sphingobacterium sp. PCS056,1759.0
3161,2003121,0.0,Sphingobacterium sp. G1-14,1525.0
3162,34087,0.0,Sphingobacterium faecium,7718.0
3163,258,0.0,Sphingobacterium spiritivorum,10322.0
3164,371142,0.0,Sphingobacterium daejeonense,3319.0
3165,561061,0.0,Sphingobacterium psychroaquaticum,2145.0
3166,797291,0.0,Sphingobacterium lactis,3417.0
3168,28454,0.0,Sphingobacterium multivorum,8524.0
3169,2886510,0.0,Sphingobacterium paramultivorum,2375.0
3170,459529,0.0,Sphingobacterium siyangense,2484.0
3171,2578106,0.0,Pedobacter sp. KBS0701,2710.0
3173,2482728,0.0,Pedobacter sp. G11,3254.0
3174,1727164,0.0,Pedobacter sp. PACM 27299,3451.0
3175,2856523,0.0,Pedobacter sp. D749,3128.0
3176,2714940,0.0,Pedobacter sp. HDW13,3523.0
3178,2201271,0.0,Pedobacter schmidteae,3451.0
3179,430522,0.0,Pedobacter steynii,3083.0
3180,2605747,0.0,Pedobacter aquae,4002.0
3181,336820,0.0,Pedobacter roseus,3241.0
3182,2766984,0.0,Pedobacter riviphilus,3230.0
3183,2789740,0.0,Pedobacter endophyticus,4180.0
3184,2895286,0.0,Pedobacter mucosus,3741.0
3185,2679963,0.0,Pedobacter gandavensis,2551.0
3186,332999,0.0,Pedobacter suwonensis,3301.0
3187,363852,0.0,Pedobacter ginsengisoli,4220.0
3188,984,0.0,Pedobacter heparinus,3726.0
3189,2911172,0.0,Solitalea lacus,11799.0
3190,995,0.0,Solitalea canadensis,4849.0
3191,2592345,0.0,Olivibacter sp. LS-1,3181.0
3192,2764720,0.0,Olivibacter sp. SDN3,2673.0
3193,496056,0.0,Anseongella ginsenosidimutans,3948.0
3194,151895,0.0,Pseudopedobacter saltans,4130.0
3195,2029983,0.0,Chitinophaga caeni,3888.0
3196,2725414,0.0,Chitinophaga oryzae,6453.0
3197,2920382,0.0,Chitinophaga sp. R8,4849.0
3198,2604421,0.0,Chitinophaga sp. XS-30,7751.0
3199,2952571,0.0,Chitinophaga sp. HK235,6712.0
3200,2703787,0.0,Chitinophaga agri,6202.0
3201,79329,0.0,Chitinophaga pinensis,5534.0
3202,2203219,0.0,Chitinophaga alhagiae,1842.0
3203,104663,0.0,Chitinophaga filiformis,5588.0
3204,2545455,0.0,Arachidicoccus sp. B3-10,4457.0
3205,1850526,0.0,Arachidicoccus sp. BS20,4077.0
3206,496057,0.0,Arachidicoccus ginsenosidivorans,3487.0
3207,2341117,0.0,Arachidicoccus soli,3431.0
3208,2875539,0.0,Arachidicoccus terrestris,3818.0
3209,446683,0.0,Niabella soli,3470.0
3210,1176587,0.0,Niabella ginsenosidivorans,2712.0
3211,2838156,0.0,Flavihumibacter rivuli,3943.0
3212,2838157,0.0,Flavihumibacter fluminis (ex Park et al. 2022),2819.0
3213,2502779,0.0,Pseudocnuella soli,4182.0
3214,2760713,0.0,Lacibacter sp. S13-6-22,11636.0
3215,354356,0.0,Niastella koreensis,5820.0
3216,1492898,0.0,Flavisolibacter tropicus,3959.0
3217,661481,0.0,Flavisolibacter ginsenosidimutans,3077.0
3218,563172,0.0,Ferruginibacter lapsinanis,3737.0
3219,2875540,0.0,Ferruginibacter albus,9394.0
3220,661488,0.0,Pseudobacter ginsenosidimutans,5269.0
3221,575378,0.0,Sediminibacterium sp. TEGAF015,2870.0
3222,2676868,0.0,Phnomibacter ginsenosidimutans,7145.0
3223,477680,0.0,Filimonas lacunae,4337.0
3224,2315862,0.0,Paraflavitalea soli,4951.0
3225,1813871,0.0,Panacibacter ginsenosidivorans,3207.0
3226,1008,0.0,Saprospira grandis,2435.0
3227,3023936,0.0,Saprospira sp. CCB-QB6,1978.0
3228,2864201,0.0,Aureispira sp. EL160426,4313.0
3229,2350,0.0,Haliscomenobacter hydrossis,4799.0
3230,2875962,0.0,Candidatus Sulfidibacterium hydrothermale,6768.0
3231,1092,0.0,Chlorobium limicola,4726.0
3232,1094,0.0,Chlorobium phaeovibrioides,3850.0
3233,1096,0.0,Chlorobium phaeobacteroides,2981.0
3234,1100,0.0,Pelodictyon luteolum,4402.0
3235,34090,0.0,Pelodictyon phaeoclathratiforme,2704.0
3236,281093,0.0,Prosthecochloris sp. GSB1,4258.0
3237,1868325,0.0,Prosthecochloris sp. CIB 2401,2381.0
3238,1974213,0.0,Prosthecochloris sp. HL-130-GSB,2806.0
3239,2992242,0.0,Prosthecochloris sp. SCSIO W1101,1212.0
3240,2992244,0.0,Prosthecochloris sp. SCSIO W1103,952.0
3241,1102,0.0,Prosthecochloris aestuarii,2456.0
3242,274539,0.0,Chlorobaculum parvum,5749.0
3244,274537,0.0,Chlorobaculum limnaeum,5288.0
3245,1097,0.0,Chlorobaculum tepidum,5594.0
3246,100716,0.0,Chloroherpeton thalassium,1783.0
3247,1134405,0.0,Melioribacter roseus,5577.0
3248,591197,0.0,Ignavibacterium album,5445.0
3249,29549,0.0,Rhodothermus marinus,7134.0
3250,2558931,0.0,Rhodocaloribacter litoris,6304.0
3251,146919,0.0,Salinibacter ruber,4850.0
3252,1457365,0.0,Cyclonatronum proteinivorum,5352.0
3253,173480,0.0,Gemmatimonas aurantiaca,2450.0
3254,2732249,0.0,Gemmatimonas groenlandica,2985.0
3255,1379270,0.0,Gemmatimonas phototrophica,1742.0
3256,861299,0.0,Gemmatirosa kalamazoonensis,6453.0
3257,833,0.0,Fibrobacter succinogenes,10731.0
3258,456827,0.0,Candidatus Cloacimonas acidaminovorans,4927.0
3259,726,0.0,Haemophilus haemolyticus,48466.0
3260,249188,0.0,Haemophilus pittmaniae,14303.0
3261,712310,0.0,Haemophilus sp. oral taxon 036,7991.0
3262,735,0.0,Haemophilus parahaemolyticus,17096.0
3263,730,0.0,Haemophilus [Haemophilus] ducreyi,3330.0
3264,197575,0.0,Haemophilus aegyptius,866.0
3265,47735,0.0,Bibersteinia trehalosi,33585.0
3266,732,0.0,Aggregatibacter aphrophilus,33406.0
3267,2820817,0.0,Aggregatibacter sp. 2125159857,10060.0
3268,2866570,0.0,Aggregatibacter sp. Marseille-P9115,16696.0
3269,712150,0.0,Aggregatibacter sp. oral taxon 513,18029.0
3270,714,0.0,Aggregatibacter actinomycetemcomitans,6569.0
3271,739,0.0,Aggregatibacter segnis,15864.0
3272,2827233,0.0,Pasteurella atlantica,2844.0
3274,754,0.0,Pasteurella dagmatis,2288.0
3275,97481,0.0,Pasteurella skyensis,2488.0
3276,75985,0.0,Mannheimia haemolytica,14327.0
3277,85402,0.0,Mannheimia granulomatis,4844.0
3278,85404,0.0,Mannheimia varigena,3475.0
3279,1432056,0.0,Mannheimia sp. USDA-ARS-USMARC-1261,2329.0
3280,2770636,0.0,Mannheimia bovis,2727.0
3281,2774188,0.0,Actinobacillus sp. GY-402,10192.0
3282,230709,0.0,Actinobacillus genomosp. 2,848.0
3283,718,0.0,Actinobacillus equuli,7729.0
3284,254839,0.0,Actinobacillus genomosp. 1,2506.0
3285,51161,0.0,Actinobacillus delphinicola,2406.0
3286,51049,0.0,Actinobacillus indolicus,1807.0
3287,189834,0.0,Actinobacillus porcitonsillarum,2934.0
3288,716,0.0,Actinobacillus suis,1497.0
3289,738,0.0,Glaesserella parasuis,9166.0
3290,2030797,0.0,Glaesserella sp. 15-184,5294.0
3291,2778911,0.0,Rodentibacter haemolyticus,3934.0
3292,1906744,0.0,Rodentibacter heylii,2521.0
3293,750,0.0,Gallibacterium anatis,6143.0
3294,2911527,0.0,Avibacterium sp. 21-595,1247.0
3295,2911526,0.0,Avibacterium sp. 20-132,1046.0
3296,728,0.0,Avibacterium paragallinarum,4197.0
3297,762,0.0,Avibacterium volantium,1693.0
3298,109472,0.0,Bisgaardia hudsonensis,5011.0
3299,731,0.0,Histophilus somni,3981.0
3300,157673,0.0,Basfia [Mannheimia] succiniciproducens,1459.0
3301,221402,0.0,Mergibacter septicus,10671.0
3302,1032623,0.0,Otariodibacter oris,2558.0
3304,123824,0.0,Frederiksenia canicola,1038.0
3305,2027919,0.0,Enterobacter cloacae complex sp.,5582.0
3306,1686399,0.0,Enterobacter sp. BIDMC100,17872.0
3307,1329841,0.0,Enterobacter sp. BIDMC 29,2405.0
3308,61645,0.0,Enterobacter asburiae,47887.0
3309,2497875,0.0,Enterobacter chuandaensis,3103.0
3310,299767,0.0,Enterobacter ludwigii,22278.0
3311,2071710,0.0,Enterobacter sichuanensis,837.0
3312,2494701,0.0,Enterobacter chengduensis,3264.0
3313,69218,0.0,Enterobacter cancerogenus,5480.0
3314,2742676,0.0,Enterobacter sp. RHBSTW-00994,3130.0
3315,1914861,0.0,Enterobacter sp. SA187,3803.0
3316,2976431,0.0,Enterobacter sp. CP102,2851.0
3317,3026145,0.0,Enterobacter sp. S-33,1622.0
3318,2705458,0.0,Enterobacter sp. SES19,1066.0
3319,2724468,0.0,Enterobacter sp. JUb54,2652.0
3320,2742639,0.0,Enterobacter sp. RHBSTW-00175,2098.0
3321,2836161,0.0,Enterobacter sp. SGAir0187,1854.0
3322,539813,0.0,Enterobacter mori,24704.0
3323,2494702,0.0,Enterobacter huaxiensis,7038.0
3324,2497436,0.0,Enterobacter quasiroggenkampii,2223.0
3325,881260,0.0,Enterobacter bugandensis,7750.0
3326,885040,0.0,Enterobacter soli,3283.0
3327,2044467,0.0,Escherichia sp. E4742,44126.0
3328,2058152,0.0,Klebsiella grimontii,45032.0
3329,571,0.0,Klebsiella oxytoca,26858.0
3330,548,0.0,Klebsiella aerogenes,34292.0
3331,1134687,0.0,Klebsiella michiganensis,43059.0
3332,2026240,0.0,Klebsiella quasivariicola,4404.0
3333,2153354,0.0,Klebsiella huaxiensis,5732.0
3334,2834819,0.0,Klebsiella sp. A52,639.0
3335,577,0.0,Raoultella terrigena,3049.0
3336,575,0.0,Raoultella planticola,9322.0
3337,1259973,0.0,Raoultella electrica,3375.0
3338,54736,0.0,Salmonella bongori,8102.0
3339,2077147,0.0,Citrobacter freundii complex sp. CFNIH3,913.0
3340,2066049,0.0,Citrobacter freundii complex sp. CFNIH2,1376.0
3341,1639133,0.0,Citrobacter portucalensis,30435.0
3342,57706,0.0,Citrobacter braakii,30321.0
3343,67826,0.0,Citrobacter sedlakii,1350.0
3344,2742624,0.0,Citrobacter sp. RHB25-C09,4537.0
3345,2742677,0.0,Citrobacter sp. RHBSTW-01013,1101.0
3346,2861802,0.0,Citrobacter sp. Colony219,1666.0
3347,1573676,0.0,Citrobacter sp. R56,3101.0
3348,67824,0.0,Citrobacter farmeri,5577.0
3350,2562449,0.0,Citrobacter tructae,2850.0
3351,67825,0.0,Citrobacter rodentium,6645.0
3352,545,0.0,Citrobacter koseri,5921.0
3353,1563222,0.0,Citrobacter pasteurii,5601.0
3354,2714951,0.0,Leclercia sp. 29361,6036.0
3355,2681307,0.0,Leclercia sp. J807,1175.0
3356,83655,0.0,Leclercia adecarboxylata,19644.0
3357,2815358,0.0,Leclercia pneumoniae,3740.0
3358,413503,0.0,Cronobacter malonaticus,5515.0
3359,28141,0.0,Cronobacter sakazakii,13981.0
3360,413497,0.0,Cronobacter dublinensis,4131.0
3361,1163710,0.0,Cronobacter condimenti,2369.0
3362,1906275,0.0,Cronobacter sp. JZ38,743.0
3363,535744,0.0,Cronobacter universalis,1219.0
3364,2980557,0.0,Kosakonia sp. ML.JS2a,2184.0
3365,2725560,0.0,Kosakonia sp. SMBL-WEM22,2561.0
3366,2492396,0.0,Kosakonia sp. CCTCC M2018092,1751.0
3367,2067958,0.0,Kosakonia sp. MUSA4,2068.0
3368,1005665,0.0,Kosakonia oryzendophytica,4341.0
3369,208223,0.0,Kosakonia cowanii,9249.0
3370,1646340,0.0,Kosakonia pseudosacchari,2363.0
3371,1158459,0.0,Kosakonia sacchari,7308.0
3372,551989,0.0,Kosakonia arachidis,2134.0
3373,497725,0.0,Kosakonia oryzae,2278.0
3374,283686,0.0,Kosakonia radicincitans,2643.0
3375,251538,0.0,Candidatus Blochmannia ocreatus,1708.0
3376,700220,0.0,Candidatus Blochmannia Blochmannia endosymbiont of Camponotus sp.,1423.0
3377,2945587,0.0,Candidatus Blochmannia Blochmannia endosymbiont of Camponotus modoc,1841.0
3378,2681987,0.0,Candidatus Blochmannia Blochmannia endosymbiont of Colobopsis nipponica,6269.0
3379,1505597,0.0,Candidatus Blochmannia Blochmannia endosymbiont of Camponotus (Colobopsis) obliquus,835.0
3380,1505596,0.0,Candidatus Blochmannia Blochmannia endosymbiont of Polyrhachis (Hedomyrma) turneri,768.0
3381,251540,0.0,Candidatus Blochmannia vicinus,904.0
3382,1594731,0.0,Candidatus Westeberhardia cardiocondylae,1218.0
3383,472834,0.0,Candidatus Purcelliella pentastirinorum,4478.0
3384,1410383,0.0,Candidatus Tachikawaea gelatinosa,2817.0
3385,2871826,0.0,Symbiopectobacterium purcellii,2797.0
3386,138072,0.0,Candidatus Hamiltonella defensa,2746.0
3387,1199245,0.0,,1458.0
3388,134287,0.0,,661.0
3389,1070130,0.0,Candidatus Gullanella endobia,1532.0
3390,1345117,0.0,Candidatus Annandia pinicola,1665.0
3391,82977,0.0,Buttiauxella agrestis,2547.0
3392,2986951,0.0,Buttiauxella sp. WJP83,3254.0
3393,2479367,0.0,Buttiauxella sp. 3AFRM03,892.0
3394,82989,0.0,Buttiauxella ferragutiae,1617.0
3395,158822,0.0,Cedecea neteri,8744.0
3396,2545798,0.0,Cedecea sp. FDAARGOS_727,2566.0
3397,158823,0.0,Cedecea lapagei,2387.0
3398,61646,0.0,Lelliottia amnigena,11118.0
3399,2153385,0.0,Lelliottia sp. WB101,3693.0
3400,2067959,0.0,Lelliottia sp. AC1,1333.0
3401,2675789,0.0,,1802.0
3402,2675791,0.0,,1655.0
3403,2675795,0.0,,1901.0
3404,2675796,0.0,,2956.0
3405,2675775,0.0,,9581.0
3406,2675792,0.0,,1559.0
3407,2675773,0.0,,3095.0
3408,2579935,0.0,Jejubacter calystegiae,17467.0
3409,51288,0.0,Kluyvera ascorbata,22510.0
3410,61648,0.0,Kluyvera intermedia,6428.0
3411,1081631,0.0,Candidatus Schneideria nysicola,3540.0
3412,703,0.0,Plesiomonas shigelloides,4658.0
3413,395631,0.0,Phytobacter diazotrophicus,2829.0
3414,1334193,0.0,Pluralibacter [Enterobacter] lignolyticus,4985.0
3415,61647,0.0,Pluralibacter gergoviae,9618.0
3416,1505757,0.0,Siccibacter colletis,3472.0
3417,565,0.0,Atlantibacter hermannii,4355.0
3418,255519,0.0,Atlantibacter subterranea,559.0
3419,1177216,0.0,Candidatus Profftia tarda,1242.0
3420,1987921,0.0,Candidatus Profftia lariciata,2193.0
3421,2864218,0.0,Candidatus Profftia sp. (ex Adelges kitamiensis),1646.0
3422,158877,0.0,Yokenella regensburgei,4151.0
3423,2891570,0.0,Pseudocitrobacter corydidari,48488.0
3424,566,0.0,Pseudescherichia vulneris,5141.0
3425,1048758,0.0,Candidatus Moranella endobia,415.0
3426,563,0.0,Shimwellia blattae,3021.0
3427,1851514,0.0,Scandinavium goeteborgense,3446.0
3428,379893,0.0,Trabulsiella odontotermitis,3974.0
3429,401619,0.0,Candidatus Riesia pediculicola,1737.0
3430,3031919,0.0,Superficieibacter sp. HKU1,4166.0
3431,104623,0.0,Serratia sp. ATCC 39006,2799.0
3432,3021405,0.0,Serratia sp. K-E0102,766.0
3433,2448483,0.0,Serratia sp. 3ACOL1,201.0
3434,615,0.0,Serratia marcescens,21825.0
3435,28151,0.0,Serratia proteamaculans,2897.0
3436,42906,0.0,Serratia entomophila,2472.0
3437,82995,0.0,Serratia grimesii,1339.0
3438,614,0.0,Serratia liquefaciens,3893.0
3439,2597702,0.0,Serratia rhizosphaerae,1191.0
3440,47917,0.0,Serratia fonticola,3045.0
3441,82996,0.0,Serratia plymuthica,5160.0
3442,137545,0.0,Serratia quinivorans,1143.0
3443,138074,0.0,Serratia symbiotica,1476.0
3444,61652,0.0,Serratia rubidaea,3646.0
3446,2741499,0.0,Serratia surfactantfaciens,1462.0
3447,2338073,0.0,Serratia inhibens,533.0
3448,300181,0.0,Serratia ureilytica,5503.0
3449,29485,0.0,Yersinia rohdei,2194.0
3450,630,0.0,Yersinia enterocolitica,10475.0
3451,633,0.0,Yersinia pseudotuberculosis,2074.0
3453,2890317,0.0,Yersinia alsatica,854.0
3454,263819,0.0,Yersinia aleksiciae,1012.0
3455,29486,0.0,Yersinia ruckeri,2172.0
3456,935293,0.0,Yersinia entomophaga,1143.0
3457,29483,0.0,Yersinia aldovae,965.0
3458,29484,0.0,Yersinia frederiksenii,2594.0
3459,2607663,0.0,Yersinia canariae,1750.0
3460,33060,0.0,Yersinia mollaretii,805.0
3461,58169,0.0,Rahnella inusitata,1763.0
3462,34038,0.0,Rahnella aquatilis,3837.0
3463,2816248,0.0,Rahnella bonaserana,2607.0
3464,1805933,0.0,Rahnella sp. ERMR1:05,2183.0
3465,1510570,0.0,Rahnella victoriana,1978.0
3466,2126321,0.0,Nissabacter sp. SGAir0207,4403.0
3467,1513468,0.0,Rouxiella chamberiensis,2234.0
3468,1646377,0.0,Rouxiella badensis,2244.0
3469,929813,0.0,Gibbsiella quercinecans,2549.0
3470,1639108,0.0,Chania multitudinisentens,1513.0
3471,41202,0.0,Ewingella americana,2034.0
3472,1878942,0.0,Candidatus Fukatsuia symbiotica,3304.0
3473,2886821,0.0,Pantoea sp. Z09,1701.0
3474,2052056,0.0,Pantoea sp. MSR2,1484.0
3475,592316,0.0,Pantoea sp. At-9b,1739.0
3476,2490851,0.0,Pantoea sp. CCBC3-3-1,2755.0
3477,3028622,0.0,Pantoea sp. Lij88,920.0
3478,2970818,0.0,Pantoea sp. SOD02,1590.0
3479,55209,0.0,Pantoea cypripedii,2792.0
3480,59814,0.0,Pantoea dispersa,7206.0
3481,470934,0.0,Pantoea vagans,6010.0
3482,549,0.0,Pantoea agglomerans,11716.0
3483,1891675,0.0,Pantoea alhagi,2272.0
3484,66269,0.0,Pantoea stewartii,2547.0
3485,470931,0.0,Pantoea anthophila,1177.0
3486,470932,0.0,Pantoea deleyi,1529.0
3487,1076550,0.0,Pantoea rwandensis,1991.0
3488,472693,0.0,Pantoea eucrina,1586.0
3489,553,0.0,Pantoea ananatis,4536.0
3490,1235990,0.0,Pantoea Candidatus Pantoea carbekii,1278.0
3491,55211,0.0,Erwinia persicina,2516.0
3492,2681984,0.0,Erwinia sp. J780,1959.0
3493,2675378,0.0,Erwinia sp. E602,2212.0
3494,215689,0.0,Erwinia sp. Ejp617,338.0
3495,1922217,0.0,Erwinia Candidatus Erwinia haradaeae,16239.0
3496,55212,0.0,Erwinia rhapontici,3896.0
3497,338565,0.0,Erwinia tasmaniensis,1219.0
3498,552,0.0,Erwinia amylovora,2313.0
3499,1324864,0.0,Erwinia [Pantoea] beijingensis,6513.0
3500,65700,0.0,Erwinia tracheiphila,1383.0
3501,1619313,0.0,Duffyella gerundensis,2721.0
3502,82987,0.0,Tatumella ptyseos,1999.0
3503,53336,0.0,Tatumella citrea,1768.0
3504,1458355,0.0,Mixta theicola,1924.0
3505,665914,0.0,Mixta gaviniae,1584.0
3506,665913,0.0,Mixta calida,2004.0
3507,1615494,0.0,Mixta intestinalis,1445.0
3508,51229,0.0,Wigglesworthia glossinidia,1100.0
3509,2364647,0.0,Kalamiella piersonii,2439.0
3510,126385,0.0,Providencia alcalifaciens,3846.0
3511,2939731,0.0,Providencia sp. PROV188,1207.0
3512,2828763,0.0,Providencia sp. R33,2278.0
3513,587,0.0,Providencia rettgeri,17359.0
3514,516075,0.0,Providencia sneebia,1902.0
3515,588,0.0,Providencia stuartii,6274.0
3516,333965,0.0,Providencia vermicola,1453.0
3517,333962,0.0,Providencia heimbachae,5357.0
3518,585,0.0,Proteus vulgaris,10054.0
3519,1921565,0.0,Proteus sp. CD3,2516.0
3520,2697019,0.0,Proteus sp. ZN5,1313.0
3521,584,0.0,Proteus mirabilis,9630.0
3522,1574161,0.0,Proteus terrae,5546.0
3523,582,0.0,Morganella morganii,14083.0
3524,40576,0.0,Xenorhabdus bovienii,2566.0
3525,40577,0.0,Xenorhabdus poinarii,1992.0
3526,628,0.0,Xenorhabdus nematophila,2367.0
3527,351679,0.0,Xenorhabdus hominickii,1017.0
3528,351671,0.0,Xenorhabdus doucetiae,922.0
3529,290110,0.0,Xenorhabdus budapestensis,2066.0
3530,2879119,0.0,Arsenophonus apicola,6626.0
3531,1231049,0.0,Arsenophonus endosymbiont of Aphis craccivora,3257.0
3532,3041619,0.0,Arsenophonus sp. aPb,1856.0
3533,235559,0.0,Arsenophonus endosymbiont of Aleurodicus dispersus,544.0
3535,638,0.0,Arsenophonus nasoniae,2255.0
3536,291112,0.0,Photorhabdus asymbiotica,2101.0
3537,230089,0.0,Photorhabdus thracensis,2701.0
3538,204042,0.0,Dickeya zeae,5008.0
3539,204038,0.0,Dickeya dadantii,3799.0
3540,1240404,0.0,Dickeya oryzae,1691.0
3541,2259638,0.0,Dickeya lacustris,925.0
3542,1778540,0.0,Dickeya fangzhongdai,4026.0
3543,204039,0.0,Dickeya dianthicola,2724.0
3544,556,0.0,Dickeya chrysanthemi,2842.0
3545,568768,0.0,Dickeya poaceiphila,1766.0
3547,29471,0.0,Pectobacterium atrosepticum,1283.0
3548,554,0.0,Pectobacterium carotovorum,18102.0
3549,2488639,0.0,Pectobacterium versatile,2794.0
3550,1201031,0.0,Pectobacterium aroidearum,1736.0
3551,55208,0.0,Pectobacterium wasabiae,696.0
3552,1905730,0.0,Pectobacterium parmentieri,1715.0
3553,180957,0.0,Pectobacterium brasiliense,3621.0
3554,69221,0.0,Pectobacterium cacticida,1202.0
3556,2914983,0.0,Pectobacterium sp. A5351,815.0
3557,78398,0.0,Pectobacterium odoriferum,1579.0
3558,1507808,0.0,Pectobacterium actinidiae,271.0
3559,2204145,0.0,Pectobacterium aquaticum,661.0
3560,2878098,0.0,Pectobacterium colocasium,338.0
3561,2722756,0.0,Brenneria izadpanahii,5441.0
3562,55213,0.0,Brenneria rubrifaciens,2412.0
3563,1109412,0.0,Brenneria goodwinii,4364.0
3564,1172565,0.0,Lonsdalea populi,2206.0
3565,1082704,0.0,Lonsdalea britannica,1032.0
3566,69223,0.0,Musicola paradisiaca,2217.0
3567,569,0.0,Hafnia alvei,7798.0
3568,546367,0.0,Hafnia paralvei,1388.0
3569,636,0.0,Edwardsiella tarda,2105.0
3570,93378,0.0,Edwardsiella hoshinae,1877.0
3571,1578828,0.0,Edwardsiella sp. EA181011,92.0
3572,1821960,0.0,Edwardsiella anguillarum,10014.0
3573,67780,0.0,Edwardsiella ictaluri,2161.0
3574,82983,0.0,Obesumbacterium proteus,691.0
3575,158841,0.0,Leminorella richardii,1719.0
3576,2498113,0.0,Jinshanibacter zhutongyuii,1967.0
3577,82985,0.0,Pragia fontium,1583.0
3578,2172103,0.0,Limnobaculum parvum,1323.0
3579,2697027,0.0,Sodalis ligni,4114.0
3580,1486991,0.0,Sodalis Candidatus Sodalis pierantonius,1049.0
3581,63612,0.0,Sodalis glossinidius,1634.0
3582,1239307,0.0,Sodalis praecaptivus,2169.0
3583,1028989,0.0,Pseudomonas sp. StFLB209,2489.0
3584,2961893,0.0,Pseudomonas sp. ZM23,2459.0
3585,2049589,0.0,Pseudomonas sp. HLS-6,1221.0
3586,2871095,0.0,Pseudomonas sp. DR48,1104.0
3587,2834406,0.0,Pseudomonas sp. RC3H12,909.0
3588,1981174,0.0,Pseudomonas sp. M30-35,1217.0
3589,2908006,0.0,Pseudomonas sp. T1-3-2,1381.0
3590,2730848,0.0,Pseudomonas sp. ADAK18,817.0
3592,658630,0.0,Pseudomonas sp. CMR5c,1670.0
3593,658644,0.0,Pseudomonas sp. R5-89-07,852.0
3594,2730851,0.0,Pseudomonas sp. ADAK22,980.0
3595,1294143,0.0,Pseudomonas sp. ATCC 13867,1678.0
3596,1573719,0.0,Pseudomonas sp. S35,908.0
3597,2898441,0.0,Pseudomonas sp. J452,869.0
3598,2974552,0.0,Pseudomonas sp. GCEP-101,2037.0
3599,2804761,0.0,Pseudomonas sp. 15A4,915.0
3600,2895490,0.0,Pseudomonas sp. B21-048,418.0
3601,2678259,0.0,Pseudomonas sp. Seg1,702.0
3602,2893890,0.0,Pseudomonas sp. KNUC1026,2281.0
3603,2614442,0.0,Pseudomonas sp. LPB0260,1323.0
3604,2815936,0.0,Pseudomonas sp. PP3,764.0
3605,2972478,0.0,Pseudomonas sp. LS1212,1302.0
3606,3038925,0.0,Pseudomonas sp. 905_Psudmo1,1193.0
3607,2861775,0.0,Pseudomonas sp. YeP6b,1668.0
3608,2726989,0.0,Pseudomonas sp. gcc21,1891.0
3609,2991051,0.0,Pseudomonas sp. KU26590,1306.0
3610,2850559,0.0,Pseudomonas sp. HS6,793.0
3611,2678260,0.0,Pseudomonas sp. Ost2,1382.0
3612,1898684,0.0,Pseudomonas sp. LPH1,921.0
3613,2994661,0.0,Pseudomonas sp. SL4(2022),1647.0
3614,2590776,0.0,Pseudomonas sp. NIBRBAC000502773,670.0
3615,2895480,0.0,Pseudomonas sp. B21-028,453.0
3616,2895493,0.0,Pseudomonas sp. B21-053,538.0
3617,2735906,0.0,Pseudomonas sp. B11D7D,876.0
3618,2986927,0.0,Pseudomonas sp. BT-42-2,2168.0
3619,2052956,0.0,Pseudomonas sp. ACM7,195.0
3620,2726956,0.0,Pseudomonas sp. MSPm1,1506.0
3621,1856685,0.0,Pseudomonas sp. TCU-HL1,1146.0
3622,2731552,0.0,Pseudomonas sp. Sm006,1179.0
3623,3002903,0.0,Pseudomonas sp. BSw22131,1786.0
3624,2825975,0.0,Pseudomonas sp. SCA2728.1_7,741.0
3625,2933816,0.0,Pseudomonas sp. BC42,476.0
3626,1357074,0.0,Pseudomonas sp. LS44,2277.0
3627,2870860,0.0,Pseudomonas sp. DNDY-54,818.0
3628,2498848,0.0,Pseudomonas sp. MPC6,573.0
3629,3020843,0.0,Pseudomonas sp. Q1-7,1615.0
3630,2975049,0.0,Pseudomonas sp. N3-W,1346.0
3631,2706126,0.0,Pseudomonas sp. OIL-1,1561.0
3632,2866592,0.0,Pseudomonas sp. Marseille-Q3773,641.0
3633,75692,0.0,Pseudomonas sp. 273,1202.0
3634,2745519,0.0,Pseudomonas sp. OE 28.3,461.0
3635,2870750,0.0,Pseudomonas sp. CYM-20-01,673.0
3636,2823875,0.0,Pseudomonas sp. Tri1,366.0
3637,1534110,0.0,Pseudomonas sp. DR 5-09,186.0
3638,1573711,0.0,Pseudomonas sp. R76,460.0
3639,1173273,0.0,Pseudomonas sp. R2-37-08W,825.0
3640,1649877,0.0,Pseudomonas sp. CCOS 191,795.0
3641,253237,0.0,Pseudomonas sp. phDV1,1099.0
3642,2862945,0.0,Pseudomonas sp. ArH3a,632.0
3643,2883205,0.0,Pseudomonas sp. L5B5,1311.0
3644,2931382,0.0,Pseudomonas sp. PIA16,907.0
3645,2866808,0.0,Pseudomonas sp. MM211,994.0
3646,2901380,0.0,Pseudomonas sp. NIBR-H-19,592.0
3647,2320270,0.0,Pseudomonas sp. DG56-2,1006.0
3648,2678257,0.0,Pseudomonas sp. St316,1012.0
3649,2604941,0.0,Pseudomonas sp. C27(2019),772.0
3650,2895471,0.0,Pseudomonas sp. B21-010,442.0
3651,2895473,0.0,Pseudomonas sp. B21-015,603.0
3652,2479392,0.0,Pseudomonas sp. LTJR-52,1064.0
3653,1930532,0.0,Pseudomonas sp. CC6-YY-74,1346.0
3654,1344094,0.0,Pseudomonas sp. HN11,571.0
3655,3034675,0.0,Pseudomonas sp. A34-9,660.0
3656,2678258,0.0,Pseudomonas sp. Cab53,46.0
3657,1500686,0.0,Pseudomonas sp. Os17,175.0
3658,2653853,0.0,Pseudomonas sp. SCB32,1845.0
3659,1283291,0.0,Pseudomonas sp. URMO17WK12:I11,1115.0
3660,2018067,0.0,Pseudomonas sp. FDAARGOS_380,1089.0
3661,1573712,0.0,Pseudomonas sp. R84,398.0
3662,2973088,0.0,Pseudomonas sp. BW7P1,495.0
3663,1881017,0.0,Pseudomonas sp. 7SR1,835.0
3664,2962597,0.0,Pseudomonas sp. Z8(2022),363.0
3665,1855380,0.0,Pseudomonas sp. Z003-0.4C(8344-21),702.0
3666,2748080,0.0,Pseudomonas sp. ABC1,1035.0
3667,2944234,0.0,Pseudomonas sp. LRP2-20,668.0
3668,1755504,0.0,Pseudomonas sp. DY-1,976.0
3669,2749999,0.0,Pseudomonas sp. RtIB026,513.0
3670,2874628,0.0,Pseudomonas sp. p1(2021b),992.0
3671,2895475,0.0,Pseudomonas sp. B21-019,449.0
3672,520056,0.0,Pseudomonas sp. P13,775.0
3673,3029060,0.0,Pseudomonas sp. PSKL.D1,740.0
3674,3028807,0.0,Pseudomonas sp. AA-38,1222.0
3675,3020907,0.0,Pseudomonas sp. JBR1,677.0
3676,3019968,0.0,Pseudomonas sp. MM227,1512.0
3677,517398,0.0,Pseudomonas sp. D3,425.0
3679,3003351,0.0,Pseudomonas sp. GXZC,457.0
3680,2201356,0.0,Pseudomonas sp. 31-12,417.0
3681,2895485,0.0,Pseudomonas sp. B21-036,464.0
3682,1173284,0.0,Pseudomonas sp. R3-52-08,746.0
3683,2729423,0.0,Pseudomonas sp. SK,183.0
3684,2867409,0.0,Pseudomonas sp. NEEL19,1168.0
3685,2774873,0.0,Pseudomonas sp. ADPe,349.0
3686,301,0.0,Pseudomonas oleovorans,1973.0
3688,300,0.0,Pseudomonas mendocina,4707.0
3689,95301,0.0,Pseudomonas multiresinivorans,1427.0
3690,46680,0.0,Pseudomonas nitroreducens,1341.0
3691,43263,0.0,Pseudomonas alcaligenes,3791.0
3692,53412,0.0,Pseudomonas resinovorans,2149.0
3694,29442,0.0,Pseudomonas tolaasii,23826.0
3695,76760,0.0,Pseudomonas rhodesiae,1711.0
3698,183795,0.0,Pseudomonas mediterranea,806.0
3699,47878,0.0,Pseudomonas azotoformans,1995.0
3700,76758,0.0,Pseudomonas orientalis,2637.0
3701,200451,0.0,Pseudomonas poae,1771.0
3702,129817,0.0,Pseudomonas brenneri,967.0
3703,46679,0.0,Pseudomonas mucidolens,718.0
3704,200452,0.0,Pseudomonas congelans,1165.0
3705,1421430,0.0,Pseudomonas granadensis,651.0
3706,75612,0.0,Pseudomonas mandelii,1440.0
3707,321662,0.0,Pseudomonas moraviensis,1455.0
3709,47883,0.0,Pseudomonas synxantha,2801.0
3710,298,0.0,Pseudomonas marginalis,586.0
3711,303,0.0,Pseudomonas putida,44155.0
3712,47880,0.0,Pseudomonas fulva,5063.0
3713,47885,0.0,Pseudomonas oryzihabitans,3874.0
3714,70775,0.0,Pseudomonas plecoglossicida,857.0
3715,2217867,0.0,Pseudomonas sp. SGAir0191,433.0
3716,78327,0.0,Pseudomonas mosselii,1127.0
3718,587753,0.0,Pseudomonas chlororaphis,12733.0
3719,380021,0.0,Pseudomonas protegens,7465.0
3720,86185,0.0,Pseudomonas lundensis,1811.0
3721,296,0.0,Pseudomonas fragi,14206.0
3722,47877,0.0,Pseudomonas amygdali,4661.0
3723,53410,0.0,Pseudomonas ficuserectae,1627.0
3724,317,0.0,Pseudomonas syringae,18024.0
3725,1190415,0.0,Pseudomonas asturiensis,1396.0
3726,2995658,0.0,Pseudomonas lijiangensis,1148.0
3727,251699,0.0,Pseudomonas syringae group genomosp. 7,1249.0
3729,50340,0.0,Pseudomonas fuscovaginae,3938.0
3730,86840,0.0,Pseudomonas cannabina,545.0
3731,36746,0.0,Pseudomonas cichorii,1489.0
3732,1245526,0.0,Pseudomonas guangdongensis,2070.0
3734,2746321,0.0,Pseudomonas phenolilytica,2252.0
3735,2745504,0.0,Pseudomonas hamedanensis,816.0
3736,437900,0.0,Pseudomonas marincola,1081.0
3737,157783,0.0,Pseudomonas cremoricolorata,1273.0
3738,1931241,0.0,Pseudomonas phragmitis,1853.0
3739,101564,0.0,Pseudomonas alcaliphila,1089.0
3740,395598,0.0,Pseudomonas reinekei,999.0
3741,321846,0.0,Pseudomonas simiae,951.0
3742,515393,0.0,Pseudomonas yamanorum,1757.0
3743,485898,0.0,Pseudomonas promysalinigenes,1425.0
3744,702115,0.0,Pseudomonas arsenicoxydans,1639.0
3745,930166,0.0,Pseudomonas brassicacearum,4940.0
3746,237610,0.0,Pseudomonas psychrotolerans,5137.0
3747,219572,0.0,Pseudomonas antarctica,1000.0
3748,1499686,0.0,Pseudomonas saudiphocaensis,1485.0
3749,1788301,0.0,Pseudomonas versuta,1421.0
3750,2745495,0.0,Pseudomonas vanderleydeniana,1565.0
3751,554344,0.0,Pseudomonas toyotomiensis,656.0
3752,65741,0.0,Pseudomonas knackmussii,4207.0
3753,2867264,0.0,Pseudomonas phytophila,1499.0
3754,244566,0.0,Pseudomonas lurida,899.0
3755,191390,0.0,Pseudomonas palleroniana,1292.0
3756,364197,0.0,Pseudomonas pohangensis,1855.0
3757,359110,0.0,Pseudomonas extremaustralis,2120.0
3758,2731681,0.0,Pseudomonas campi,523.0
3759,2745482,0.0,Pseudomonas kermanshahensis,999.0
3760,2725477,0.0,Pseudomonas tohonis,1577.0
3761,556533,0.0,Pseudomonas benzenivorans,2131.0
3762,2518644,0.0,Pseudomonas tructae,831.0
3763,2745514,0.0,Pseudomonas salmasensis,1354.0
3764,104087,0.0,Pseudomonas frederiksbergensis,1090.0
3765,1274359,0.0,Pseudomonas sihuiensis,1141.0
3766,86265,0.0,Pseudomonas thivervalensis,873.0
3767,2599595,0.0,Pseudomonas eucalypticola,1020.0
3768,237609,0.0,Pseudomonas alkylphenolica,1238.0
3769,319939,0.0,Pseudomonas otitidis,3437.0
3770,2964670,0.0,Pseudomonas serboccidentalis,312.0
3771,158627,0.0,Pseudomonas graminis,1265.0
3772,198618,0.0,Pseudomonas umsongensis,1216.0
3773,640205,0.0,Pseudomonas seleniipraecipitans,964.0
3774,489632,0.0,Pseudomonas chengduensis,1032.0
3775,1392877,0.0,Pseudomonas oryzae,2004.0
3776,157782,0.0,Pseudomonas parafulva,1557.0
3777,2842354,0.0,Pseudomonas maumuensis,715.0
3778,1853130,0.0,Pseudomonas silesiensis,645.0
3779,2505979,0.0,Pseudomonas viciae,672.0
3781,2774461,0.0,Pseudomonas gozinkensis,306.0
3782,2493633,0.0,Pseudomonas hydrolytica,948.0
3783,122355,0.0,Pseudomonas psychrophila,1240.0
3784,1628086,0.0,Pseudomonas kribbensis,601.0
3785,46677,0.0,Pseudomonas agarici,1219.0
3786,1306993,0.0,Pseudomonas soli,440.0
3787,95300,0.0,Pseudomonas vancouverensis,1232.0
3788,1302376,0.0,Pseudomonas Candidatus Pseudomonas adelgestsugas,915.0
3789,2842355,0.0,Pseudomonas fakonensis,705.0
3790,2666183,0.0,Pseudomonas juntendi,469.0
3791,2842357,0.0,Pseudomonas muyukensis,707.0
3792,2213015,0.0,Pseudomonas sichuanensis,595.0
3793,2681983,0.0,Pseudomonas bijieensis,683.0
3794,316,0.0,Stutzerimonas stutzeri,23569.0
3795,1211807,0.0,Stutzerimonas kunmingensis,960.0
3796,74829,0.0,Stutzerimonas balearica,3461.0
3797,2968968,0.0,Stutzerimonas degradans,1709.0
3798,2968969,0.0,Stutzerimonas frequens,4056.0
3799,1176257,0.0,Stutzerimonas [Pseudomonas] zhaodongensis,3024.0
3800,3022791,0.0,Stutzerimonas decontaminans,2881.0
3801,271420,0.0,Stutzerimonas xanthomarina,1061.0
3802,2785331,0.0,Entomomonas asaccharolytica,1643.0
3803,2213226,0.0,Entomomonas moraniae,3129.0
3804,2930213,0.0,Entomomonas sp. E2T0,1667.0
3805,353,0.0,Azotobacter chroococcum,2990.0
3806,69964,0.0,Azotobacter salinestris,2309.0
3807,354,0.0,Azotobacter vinelandii,1542.0
3808,3041098,0.0,Halopseudomonas sp. SMJS2,2541.0
3809,2918528,0.0,Halopseudomonas sp. RR6,1743.0
3810,3015994,0.0,Halopseudomonas sp. MFKK-1,709.0
3811,487184,0.0,Halopseudomonas xinjiangensis,1773.0
3812,797277,0.0,Halopseudomonas litoralis,1609.0
3813,472181,0.0,Halopseudomonas sabulinigri,1510.0
3814,1434072,0.0,Halopseudomonas salegens,1070.0
3815,521720,0.0,Denitrificimonas caeni,1372.0
3816,1510150,0.0,Permianibacter aggregans,1765.0
3817,1697053,0.0,Thiopseudomonas alkaliphila,2307.0
3818,2304594,0.0,Marinobacter sp. Arc7-DN-1,2282.0
3819,2886046,0.0,Marinobacter sp. AN1,2581.0
3820,1761794,0.0,Marinobacter sp. es.042,2192.0
3821,1415568,0.0,Marinobacter sp. LV10R510-11A,1955.0
3822,2817656,0.0,Marinobacter sp. CA1,1977.0
3823,2488665,0.0,Marinobacter sp. NP-4(2019),1515.0
3824,1749259,0.0,Marinobacter sp. LQ44,2845.0
3825,2547598,0.0,Marinobacter sp. JH2,1537.0
3826,2769486,0.0,Marinobacter sp. LPB0319,1442.0
3827,1420916,0.0,Marinobacter similis,2216.0
3828,1874317,0.0,Marinobacter salinus,1779.0
3829,1033846,0.0,Marinobacter adhaerens,1218.0
3830,2743,0.0,Marinobacter nauticus,3141.0
3831,418719,0.0,Marinobacter salsuginis,1449.0
3832,330734,0.0,Marinobacter psychrophilus,722.0
3833,2603215,0.0,Marinobacter fonticola,1667.0
3834,1420917,0.0,Marinobacter salarius,2609.0
3835,56458,0.0,Xanthomonas sacchari,4456.0
3836,56460,0.0,Xanthomonas vesicatoria,1772.0
3837,2724122,0.0,Xanthomonas sp. SS,983.0
3838,2989819,0.0,Xanthomonas sp. H13-6,1656.0
3839,2982531,0.0,Xanthomonas sp. AM6,1045.0
3840,2971236,0.0,Xanthomonas sp. CFBP 8445,894.0
3841,2081477,0.0,Xanthomonas sp. MLO165,215.0
3842,2971235,0.0,Xanthomonas sp. CFBP 8443,626.0
3843,56454,0.0,Xanthomonas hortorum,3133.0
3844,346,0.0,Xanthomonas citri,10464.0
3845,343,0.0,Xanthomonas translucens,4330.0
3846,56448,0.0,Xanthomonas arboricola,3117.0
3847,347,0.0,Xanthomonas oryzae,2388.0
3848,48664,0.0,Xanthomonas fragariae,2216.0
3849,442694,0.0,Xanthomonas perforans,130.0
3851,56453,0.0,Xanthomonas cucurbitae,965.0
3852,56464,0.0,Xanthomonas theicola,690.0
3853,2259622,0.0,Xanthomonas euroxanthea,409.0
3854,29447,0.0,Xanthomonas albilineans,1022.0
3855,40324,0.0,Stenotrophomonas maltophilia,30951.0
3856,2072406,0.0,Stenotrophomonas sp. ZAC14D2_NAIMI4_6,1090.0
3857,2072407,0.0,Stenotrophomonas sp. YAU14D1_LEIMI4_1,517.0
3858,2072414,0.0,Stenotrophomonas sp. ESTM1D_MKCIP4_1,1669.0
3859,2072412,0.0,Stenotrophomonas sp. ZAC14A_NAIMI4_1,1483.0
3860,2072408,0.0,Stenotrophomonas sp. YAU14A_MKIMI4_1,410.0
3861,2072413,0.0,Stenotrophomonas sp. SAU14A_NAIMI4_5,944.0
3862,1904944,0.0,Stenotrophomonas sp. LM091,3417.0
3863,2770322,0.0,Stenotrophomonas sp. 169,1304.0
3864,2742129,0.0,Stenotrophomonas sp. NA06056,1019.0
3865,2871174,0.0,Stenotrophomonas sp. DR822,314.0
3866,2005046,0.0,Stenotrophomonas sp. WZN-1,570.0
3867,216778,0.0,Stenotrophomonas rhizophila,4754.0
3868,2045451,0.0,Stenotrophomonas indicatrix,1142.0
3869,128780,0.0,Stenotrophomonas acidaminiphila,5292.0
3870,2904252,0.0,Lysobacter sp. KIS68-7,1794.0
3871,2904253,0.0,Lysobacter sp. 5GHs7-4,2256.0
3872,2762611,0.0,Lysobacter sp. CW239,1406.0
3874,2764185,0.0,Lysobacter sp. CJ11,898.0
3875,2781021,0.0,Lysobacter sp. H21R4,888.0
3876,2290922,0.0,Lysobacter sp. TY2-98,1653.0
3877,2925843,0.0,Lysobacter sp. S4-A87,1048.0
3878,69,0.0,Lysobacter enzymogenes,12845.0
3879,435897,0.0,Lysobacter capsici,5555.0
3880,2591633,0.0,Lysobacter alkalisoli,1600.0
3881,2992573,0.0,Lysobacter auxotrophicus,1536.0
3882,84531,0.0,Lysobacter antibioticus,2493.0
3883,2795387,0.0,Lysobacter arenosi,1478.0
3884,2865112,0.0,Lysobacter terrestris,1999.0
3885,1324796,0.0,Lysobacter lycopersici,2190.0
3886,453783,0.0,Lysobacter soli,2733.0
3887,2763317,0.0,Lysobacter solisilvae,2295.0
3888,262324,0.0,Lysobacter gummosus,1056.0
3889,2822368,0.0,Lysobacter luteus,1177.0
3891,2006110,0.0,Luteimonas chenhongjianii,3708.0
3892,1896164,0.0,Luteimonas sp. JM171,2040.0
3893,2799326,0.0,Luteimonas sp. MC1750,1961.0
3894,2508168,0.0,Luteimonas sp. YGD11-2,1180.0
3895,2799325,0.0,Luteimonas sp. MC1572,1749.0
3896,2761107,0.0,Luteimonas sp. MC1825,1256.0
3897,2901869,0.0,Luteimonas fraxinea,1205.0
3898,2565782,0.0,Luteimonas yindakuii,2852.0
3899,1176533,0.0,Luteimonas granuli,1695.0
3900,2995142,0.0,Pseudoxanthomonas sp. SL93,1751.0
3901,1664560,0.0,Pseudoxanthomonas sp. SE1,1732.0
3902,2571115,0.0,Pseudoxanthomonas sp. X-1,3266.0
3903,2969308,0.0,Pseudoxanthomonas sp. JBR18,2149.0
3904,314722,0.0,Pseudoxanthomonas suwonensis,5319.0
3905,415229,0.0,Pseudoxanthomonas spadix,1896.0
3906,128785,0.0,Pseudoxanthomonas mexicana,4941.0
3908,2771436,0.0,Thermomonas sp. XSG,2981.0
3909,2714945,0.0,Thermomonas sp. HDW16,1139.0
3910,215691,0.0,Thermomonas brevis,2852.0
3911,2202149,0.0,Thermomonas aquatica,1619.0
3913,2884874,0.0,Thermomonas paludicola,962.0
3914,2511995,0.0,Pseudolysobacter antarcticus,2814.0
3915,1444770,0.0,Xylella taiwanensis,708.0
3916,2371,0.0,Xylella fastidiosa,3510.0
3917,370777,0.0,Arenimonas daejeonensis,1342.0
3919,2994496,0.0,Dyella sp. GSA-30,1817.0
3920,2501295,0.0,Dyella sp. M7H15-1,1707.0
3921,1849581,0.0,Dyella caseinilytica,2057.0
3922,231455,0.0,Dyella japonica,2961.0
3923,2763498,0.0,Dyella telluris,1788.0
3925,1542730,0.0,Frateuria soli,1715.0
3926,2898793,0.0,Frateuria edaphi,2227.0
3927,81475,0.0,Frateuria aurantia,2583.0
3929,2780091,0.0,Luteibacter flocculans,2185.0
3930,2589080,0.0,Luteibacter pinisoli,1659.0
3931,564369,0.0,Luteibacter anthropi,1830.0
3933,2911539,0.0,Luteibacter aegosomatissinici,1512.0
3934,242606,0.0,Luteibacter rhizovicinus,2013.0
3935,2778082,0.0,Rhodanobacter sp. FDAARGOS 1247,2483.0
3936,3031330,0.0,Rhodanobacter sp. AS-Z3,1489.0
3937,416169,0.0,Rhodanobacter thiooxydans,2340.0
3938,666685,0.0,Rhodanobacter denitrificans,2405.0
3939,582702,0.0,Rhodanobacter glycinis,1989.0
3940,2010829,0.0,Aerosticca soli,2773.0
3941,323415,0.0,Dokdonella koreensis,3240.0
3942,2976241,0.0,Tahibacter amnicola,2338.0
3943,2021234,0.0,Ahniella affigens,2064.0
3944,3021011,0.0,Vibrio sp. SCSIO 43137,2489.0
3945,2819100,0.0,Vibrio sp. SCSIO 43140,1259.0
3946,2912314,0.0,Vibrio sp. JC009,5076.0
3947,2785746,0.0,Vibrio sp. VB16,1580.0
3948,2819096,0.0,Vibrio sp. SCSIO 43135,823.0
3949,2751178,0.0,Vibrio sp. B1FLJ16,1865.0
3950,2751179,0.0,Vibrio sp. B1REV9,817.0
3951,3042300,0.0,Vibrio sp. YMD68,3343.0
3952,2587865,0.0,Vibrio sp. THAF190c,935.0
3953,2163016,0.0,Vibrio sp. dhg,761.0
3954,2785123,0.0,Vibrio sp. ED002,316.0
3955,2942997,0.0,Vibrio sp. J383,2172.0
3956,2912315,0.0,Vibrio sp. DW001,1323.0
3957,2819101,0.0,Vibrio sp. SCSIO 43136,1704.0
3958,2714948,0.0,Vibrio sp. HDW18,819.0
3959,2751177,0.0,Vibrio sp. B1FIG11,606.0
3960,2779363,0.0,Vibrio sp. SCSIO 43132,559.0
3961,2976237,0.0,Vibrio sp. STUT-A16,974.0
3962,2908646,0.0,Vibrio sp. SS-MA-C1-2,2625.0
3963,2785124,0.0,Vibrio sp. ED004,529.0
3964,2802577,0.0,Vibrio sp. SCSIO 43133,687.0
3965,670,0.0,Vibrio parahaemolyticus,12345.0
3966,680,0.0,Vibrio campbellii,9552.0
3967,696485,0.0,Vibrio owensii,2525.0
3968,691,0.0,Vibrio natriegens,3429.0
3969,512649,0.0,Vibrio azureus,1155.0
3970,663,0.0,Vibrio alginolyticus,7517.0
3971,669,0.0,Vibrio harveyi,6490.0
3972,446374,0.0,Vibrio artabrorum,1930.0
3973,413403,0.0,Vibrio rarus,2944.0
3974,687,0.0,Vibrio gazogenes,2637.0
3975,45658,0.0,Vibrio scophthalmi,3335.0
3976,474394,0.0,Vibrio mangrovi,3379.0
3977,52443,0.0,Vibrio tapetis,1966.0
3978,676,0.0,Vibrio fluvialis,5611.0
3979,184755,0.0,Vibrio ruber,2466.0
3980,55601,0.0,Vibrio anguillarum,4297.0
3981,92172,0.0,Vibrio aerogenes,2512.0
3982,666,0.0,Vibrio cholerae,13668.0
3983,664643,0.0,Vibrio plantisponsor,1564.0
3984,674,0.0,Vibrio mimicus,3753.0
3985,2711221,0.0,Vibrio ziniensis,1555.0
3986,2587862,0.0,Vibrio aquimaris,3007.0
3987,672,0.0,Vibrio vulnificus,5787.0
3988,1117707,0.0,Vibrio quintilis,2691.0
3989,398736,0.0,Vibrio rhizosphaerae,1673.0
3991,136468,0.0,Vibrio lentus,1002.0
3992,28173,0.0,Vibrio nigripulchritudo,2150.0
3993,170651,0.0,Vibrio neptunius,1562.0
3994,552386,0.0,Vibrio gallaecicus,1496.0
3995,265668,0.0,Vibrio ponticus,1361.0
3996,29497,0.0,Vibrio splendidus,2178.0
3997,1918946,0.0,Vibrio palustris,1948.0
3998,170673,0.0,Vibrio kanaloae,3243.0
3999,379097,0.0,Vibrio sinaloensis,1459.0
4000,29498,0.0,Vibrio tubiashii,2048.0
4001,553239,0.0,Vibrio breoganii,1671.0
4002,1481663,0.0,Vibrio metoecus,1169.0
4003,190893,0.0,Vibrio coralliilyticus,5010.0
4004,28171,0.0,Vibrio aestuarianus,1235.0
4005,673372,0.0,Vibrio casei,1367.0
4006,1918945,0.0,Vibrio spartinae,1356.0
4007,1824638,0.0,Vibrio japonicus,1463.0
4008,675,0.0,Vibrio cincinnatiensis,1309.0
4009,28169,0.0,Vibrio pelagius,1795.0
4010,2077090,0.0,Vibrio gangliei,1630.0
4011,29494,0.0,Vibrio furnissii,3629.0
4012,1194427,0.0,Vibrio toranzoniae,443.0
4013,1481923,0.0,Vibrio astriarenae,1092.0
4014,104609,0.0,Vibrio penaeicida,2391.0
4015,1435069,0.0,Vibrio tritonius,1755.0
4016,1481914,0.0,Vibrio ishigakensis,2189.0
4017,2662262,0.0,Vibrio algicola,966.0
4018,246167,0.0,Vibrio crassostreae,1703.0
4019,435912,0.0,Vibrio porteresiae,1703.0
4020,170679,0.0,Vibrio chagasii,2040.0
4021,1074311,0.0,Vibrio alfacsensis,1900.0
4022,278860,0.0,Vibrio neonatus,4972.0
4023,212667,0.0,Vibrio fortis,950.0
4024,190897,0.0,Vibrio gallicus,1745.0
4025,28172,0.0,Vibrio metschnikovii,1147.0
4026,990268,0.0,Vibrio maritimus,845.0
4027,1328770,0.0,Vibrio cortegadensis,1238.0
4028,2841925,0.0,Vibrio ostreae,727.0
4029,2572923,0.0,Vibrio taketomensis,1350.0
4030,212663,0.0,Vibrio tasmaniensis,237.0
4031,29495,0.0,Vibrio navarrensis,2172.0
4032,1891186,0.0,Vibrio aphrogenes,1382.0
4033,2777577,0.0,Vibrio bathopelagicus,434.0
4034,1381081,0.0,Vibrio panuliri,1132.0
4036,2907534,0.0,Photobacterium sp. TLY01,1901.0
4037,2899122,0.0,Photobacterium sp. TY1-4,2169.0
4038,2912855,0.0,Photobacterium sp. CCB-ST2H9,2222.0
4039,2829502,0.0,Photobacterium sp. GJ3,2119.0
4040,3027472,0.0,Photobacterium sp. DA100,2042.0
4041,3020715,0.0,Photobacterium sp. GSS17,850.0
4042,38293,0.0,Photobacterium damselae,10305.0
4043,680026,0.0,Photobacterium swingsii,1934.0
4044,659,0.0,Photobacterium phosphoreum,1418.0
4046,865757,0.0,Photobacterium atrarenae,2234.0
4047,875932,0.0,Photobacterium sanguinicancri,1717.0
4048,1935446,0.0,Photobacterium toruni,1890.0
4049,1295392,0.0,Photobacterium gaetbulicola,1760.0
4050,320778,0.0,Photobacterium ganghwense,1284.0
4051,40269,0.0,Aliivibrio salmonicida,7317.0
4052,668,0.0,Aliivibrio fischeri,7970.0
4053,2872157,0.0,Grimontia sp. 020920N,2186.0
4054,673,0.0,Grimontia hollisae,2374.0
4055,1891207,0.0,Thaumasiovibrio subtropicus,1509.0
4056,1755811,0.0,Paraphotobacterium marinum,5107.0
4057,1908198,0.0,Salinivibrio kushneri,3094.0
4058,1927128,0.0,Enterovibrio Candidatus Enterovibrio luxaltus,573.0
4059,2803864,0.0,Shewanella sp. KX20019,1466.0
4060,2864211,0.0,Shewanella sp. FJAT-51754,621.0
4061,2864205,0.0,Shewanella sp. FJAT-53681,1543.0
4062,2590015,0.0,Shewanella sp. SNU WT4,885.0
4063,2864207,0.0,Shewanella sp. FJAT-53764,919.0
4064,2864203,0.0,Shewanella sp. FJAT-53532,927.0
4065,2746932,0.0,Shewanella sp. MTB7,1676.0
4066,2864206,0.0,Shewanella sp. FJAT-53749,915.0
4067,2864212,0.0,Shewanella sp. FJAT-51860,856.0
4068,2950245,0.0,Shewanella sp. NFH-SH190041,1158.0
4069,94122,0.0,Shewanella sp. ANA-3,751.0
4070,2029986,0.0,Shewanella sp. WE21,1606.0
4071,2908650,0.0,Shewanella sp. OMA3-2,734.0
4072,2589987,0.0,Shewanella sp. Scap07,1517.0
4073,2864208,0.0,Shewanella sp. FJAT-53870,1197.0
4074,2864202,0.0,Shewanella sp. FJAT-52076,738.0
4075,2864204,0.0,Shewanella sp. FJAT-53555,693.0
4076,2864210,0.0,Shewanella sp. FJAT-51649,464.0
4077,2590884,0.0,Shewanella glacialimarina,3610.0
4078,271097,0.0,Shewanella sediminis,1552.0
4079,60217,0.0,Shewanella violacea,1950.0
4080,271098,0.0,Shewanella halifaxensis,1351.0
4081,225848,0.0,Shewanella psychrophila,1177.0
4082,38313,0.0,Shewanella algae,3403.0
4083,150120,0.0,Shewanella livingstonensis,1058.0
4084,1028752,0.0,Shewanella aestuarii,2561.0
4085,260364,0.0,Shewanella marisflavi,2293.0
4086,62322,0.0,Shewanella baltica,5480.0
4087,43661,0.0,Shewanella benthica,1079.0
4088,2829809,0.0,Shewanella yunxiaonensis,1398.0
4089,70863,0.0,Shewanella oneidensis,609.0
4090,70864,0.0,Shewanella pealeana,1091.0
4091,2814294,0.0,Shewanella avicenniae,1272.0
4092,2588449,0.0,Shewanella polaris,893.0
4093,2520507,0.0,Shewanella maritima,1492.0
4094,24,0.0,Shewanella putrefaciens,7622.0
4095,192073,0.0,Shewanella denitrificans,900.0
4096,712036,0.0,Shewanella dokdonensis,1272.0
4097,2487742,0.0,Shewanella psychromarinicola,806.0
4098,1738770,0.0,Shewanella inventionis,1377.0
4099,518738,0.0,Shewanella vesiculosa,1266.0
4100,404011,0.0,Shewanella piezotolerans,1378.0
4101,2814292,0.0,Shewanella cyperi,1703.0
4102,93973,0.0,Shewanella japonica,1241.0
4103,60478,0.0,Shewanella amazonensis,970.0
4104,332186,0.0,Shewanella xiamenensis,2084.0
4105,558541,0.0,Shewanella chilikensis,546.0
4106,56812,0.0,Shewanella frigidimarina,689.0
4107,1965282,0.0,Shewanella khirikhana,1507.0
4108,2018305,0.0,Shewanella bicestrii,416.0
4109,768528,0.0,Shewanella indica,1140.0
4110,2814293,0.0,Shewanella sedimentimangrovi,905.0
4111,342950,0.0,Parashewanella spongiae,1815.0
4112,2547970,0.0,Parashewanella tropica,5026.0
4113,2961948,0.0,Alteromonas sp. LMIT006,953.0
4114,2267264,0.0,Alteromonas sp. RKMC-009,1695.0
4115,1777491,0.0,Alteromonas sp. Mac1,1515.0
4116,3002962,0.0,Alteromonas sp. 009811495,1390.0
4117,2358187,0.0,Alteromonas sp. 76-1,997.0
4118,314275,0.0,Alteromonas mediterranea,3155.0
4119,715451,0.0,Alteromonas naphthalenivorans,920.0
4120,1858656,0.0,Alteromonas pelagimontana,1320.0
4121,28108,0.0,Alteromonas macleodii,5964.0
4122,589873,0.0,Alteromonas australica,4763.0
4123,233316,0.0,Alteromonas stellipolaris,1291.0
4124,914153,0.0,Salinimonas lutimaris,1750.0
4125,2785918,0.0,Salinimonas marina,2858.0
4126,2572577,0.0,Salinimonas iocasae,1911.0
4127,2303538,0.0,Salinimonas sediminis,1059.0
4128,2686359,0.0,Paraglaciecola sp. L1A13,2664.0
4129,2686358,0.0,Paraglaciecola sp. L3A3,3977.0
4130,197222,0.0,Paraglaciecola mesophila,2001.0
4131,326544,0.0,Paraglaciecola psychrophila,2425.0
4132,2935863,0.0,Alkalimarinus coralli,3708.0
4133,1632866,0.0,Alkalimarinus sediminis,1086.0
4134,2961619,0.0,Alkalimarinus sp. A2M4,1309.0
4135,1526571,0.0,Lacimicrobium alkaliphilum,2145.0
4136,2183582,0.0,Saliniradius amylolyticus,1363.0
4137,300231,0.0,Glaciecola nitratireducens,1469.0
4138,680279,0.0,Agarivorans gilvus,1103.0
4139,182262,0.0,Agarivorans albus,528.0
4140,2937286,0.0,Agarivorans sp. TSD2052,1404.0
4141,1563703,0.0,Agarivorans aestuarii,888.0
4142,2831148,0.0,Paraneptunicella aestuarii,5345.0
4143,2259620,0.0,Hydrocarboniclastica marina,1309.0
4144,2984846,0.0,Catenovulum sp. TS8,2652.0
4145,1740262,0.0,Catenovulum sediminis,2687.0
4146,2172099,0.0,Saccharobesus litoralis,2156.0
4147,1234606,0.0,Gayadomonas joobiniege,207.0
4148,1709477,0.0,Pseudoalteromonas sp. R3,1650.0
4149,2894202,0.0,Pseudoalteromonas sp. SCSIO 43095,502.0
4150,2822842,0.0,Pseudoalteromonas sp. SCSIO 43201,831.0
4151,1720343,0.0,Pseudoalteromonas sp. 1_2015MBL_MicDiv,261.0
4153,2003316,0.0,Pseudoalteromonas sp. GCY,395.0
4154,649161,0.0,Pseudoalteromonas sp. 3J6,7593.0
4155,2839744,0.0,Pseudoalteromonas sp. SiA1,56.0
4156,2587843,0.0,Pseudoalteromonas sp. THAF3,342.0
4157,2822846,0.0,Pseudoalteromonas sp. SCSIO 43088,997.0
4158,43657,0.0,Pseudoalteromonas luteoviolacea,5351.0
4159,161398,0.0,Pseudoalteromonas phenolica,1606.0
4160,43658,0.0,Pseudoalteromonas rubra,3668.0
4161,298657,0.0,Pseudoalteromonas spongiae,2671.0
4162,182141,0.0,Pseudoalteromonas prydzensis,1162.0
4163,1348114,0.0,Pseudoalteromonas piratica,3637.0
4164,28107,0.0,Pseudoalteromonas espejiana,1334.0
4165,2774154,0.0,Pseudoalteromonas ostreae,863.0
4166,43660,0.0,Pseudoalteromonas undina,735.0
4167,43662,0.0,Pseudoalteromonas piscicida,1938.0
4168,339617,0.0,Pseudoalteromonas viridis,791.0
4169,267375,0.0,Pseudoalteromonas marina,1098.0
4170,206042,0.0,Pseudoalteromonas mariniglutinosa,753.0
4171,314281,0.0,Pseudoalteromonas tunicata,1583.0
4172,247523,0.0,Pseudoalteromonas aliena,1575.0
4173,394751,0.0,Pseudoalteromonas arctica,1858.0
4174,2518973,0.0,Pseudoalteromonas rhizosphaerae,1287.0
4175,77608,0.0,Pseudoalteromonas distincta,1851.0
4176,107327,0.0,Pseudoalteromonas ulvae,1254.0
4177,882626,0.0,Pseudoalteromonas xiamenensis,3183.0
4178,1190813,0.0,Pseudoalteromonas shioyasakiensis,445.0
4179,227,0.0,Pseudoalteromonas carrageenovora,4918.0
4180,2820710,0.0,Psychrosphaera ytuae,1926.0
4181,1266052,0.0,Psychrosphaera aestuarii,1658.0
4182,2744479,0.0,Flocculibacter collagenilyticus,2126.0
4183,2689569,0.0,Colwellia sp. 20A7,6385.0
4184,58049,0.0,Colwellia sp. MT41,1452.0
4185,2161872,0.0,Colwellia sp. Arc7-D,1629.0
4186,2583805,0.0,Colwellia sp. M166,5211.0
4187,2497879,0.0,Colwellia sp. Arc7-635,1550.0
4188,1816218,0.0,Colwellia sp. PAMC 20917,2198.0
4189,28229,0.0,Colwellia psychrerythraea,1622.0
4191,485448,0.0,Thalassomonas haliotis,1691.0
4192,137584,0.0,Thalassomonas viridans,1505.0
4193,2552945,0.0,Thalassotalea sp. HSM 43,1086.0
4194,2594005,0.0,Thalassotalea sp. PS06,1716.0
4195,2769490,0.0,Thalassotalea sp. LPB0316,2183.0
4196,1763536,0.0,Thalassotalea crassostreae,2665.0
4197,718192,0.0,Litorilituus sediminis,1405.0
4198,2822844,0.0,Ferrimonas sp. SCSIO 43195,3956.0
4199,2724191,0.0,Ferrimonas lipolytica,1505.0
4200,44012,0.0,Ferrimonas balearica,3277.0
4201,2746232,0.0,Moritella sp. 28,1454.0
4202,2746233,0.0,Moritella sp. 36,864.0
4203,2746231,0.0,Moritella sp. 5,1239.0
4204,2746230,0.0,Moritella sp. 24,1981.0
4206,69539,0.0,Moritella yayanosii,2066.0
4207,1096243,0.0,Idiomarina piscisalsi,829.0
4208,135577,0.0,Idiomarina loihiensis,2567.0
4209,86102,0.0,Idiomarina abyssalis,1129.0
4210,2100422,0.0,Idiomarina sp. OT37-5b,1340.0
4211,2055892,0.0,Idiomarina sp. X4,423.0
4212,357794,0.0,Psychromonas ingrahamii,1878.0
4213,314282,0.0,Psychromonas sp. CNPT3,2071.0
4214,2982691,0.0,Halomonas sp. GD1P12,10648.0
4215,2982692,0.0,Halomonas sp. M4R1S46,1773.0
4216,2773308,0.0,Halomonas sp. YLGW01,2051.0
4217,1610576,0.0,Halomonas sp. R57-5,1028.0
4218,2982694,0.0,Halomonas sp. LR3S48,2018.0
4219,2992143,0.0,Halomonas sp. BDJS001,1367.0
4220,1883416,0.0,Halomonas sp. 1513,1816.0
4221,2952527,0.0,Halomonas sp. 3H,2154.0
4222,2893469,0.0,Halomonas sp. 7T,1441.0
4223,1971364,0.0,Halomonas sp. GT,1110.0
4224,2730360,0.0,Halomonas sp. PGE1,3336.0
4225,2956797,0.0,Halomonas sp. Y3,2625.0
4226,2883106,0.0,Halomonas sp. NyZ770,297.0
4227,3036127,0.0,Halomonas sp. CKK8,1728.0
4228,2953657,0.0,Halomonas sp. DN3,2751.0
4229,2785909,0.0,Halomonas sp. A40-4,1015.0
4230,2832500,0.0,Halomonas sp. FeN2,1058.0
4231,2587844,0.0,Halomonas sp. THAF5a,1752.0
4232,1609967,0.0,Halomonas sp. HG01,5973.0
4233,2733487,0.0,Halomonas sp. MCCC 1A13316,1187.0
4234,1504981,0.0,Halomonas sp. KO116,1183.0
4235,2587849,0.0,Halomonas sp. THAF12,3202.0
4236,2306583,0.0,Halomonas sp. JS92-SW72,7134.0
4237,2749040,0.0,Halomonas sp. SH5A2,1417.0
4238,2136172,0.0,Halomonas sp. SF2003,783.0
4239,3035470,0.0,Halomonas sp. M1,285.0
4240,29570,0.0,Halomonas meridiana,3234.0
4241,507626,0.0,Halomonas chromatireducens,2291.0
4242,1081866,0.0,Halomonas socia,1912.0
4243,2562282,0.0,Halomonas binhaiensis,1530.0
4244,2746,0.0,Halomonas elongata,2448.0
4245,29571,0.0,Halomonas subglaciescola,2072.0
4246,2733488,0.0,Halomonas sulfidivorans,1297.0
4247,2497861,0.0,Halomonas tianxiuensis,2415.0
4248,1897729,0.0,Halomonas aestuarii,3167.0
4249,1178482,0.0,Halomonas huangheensis,1889.0
4250,2852117,0.0,Halomonas profundi,775.0
4251,475662,0.0,Halomonas beimenensis,2298.0
4252,232346,0.0,Halomonas alkaliantarctica,959.0
4253,44935,0.0,Halomonas venusta,1552.0
4254,115561,0.0,Halomonas hydrothermalis,957.0
4255,657387,0.0,Kushneria phosphatilytica,1485.0
4256,157779,0.0,Kushneria marisflavi,2455.0
4257,698828,0.0,Kushneria konosiri,1368.0
4258,2758724,0.0,Cobetia sp. 4B,755.0
4259,2686360,0.0,Cobetia sp. L2A1,1336.0
4260,1055101,0.0,Cobetia pacifica,465.0
4261,28258,0.0,Cobetia marina,126.0
4262,1949083,0.0,Salinicola endophyticus,2787.0
4263,1771309,0.0,Salinicola tamaricis,2390.0
4264,33074,0.0,Zymobacter palmae,1264.0
4266,91844,0.0,Candidatus Portiera aleyrodidarum,2477.0
4267,1883414,0.0,Pistricoccus aurantiacus,1785.0
4268,158080,0.0,Chromohalobacter salexigens,1750.0
4269,376489,0.0,Halotalea alkalilenta,1463.0
4271,178399,0.0,Marinomonas primoryensis,2743.0
4272,491948,0.0,Marinomonas rhizomae,1952.0
4273,2065312,0.0,Marinomonas sp. A3A,1706.0
4275,2066133,0.0,Marinomonas sp. CT5,1376.0
4276,119864,0.0,Marinomonas mediterranea,2629.0
4277,2726122,0.0,Marinomonas profundi,1152.0
4278,2773454,0.0,Marinomonas algicola,2165.0
4279,491950,0.0,Marinomonas foliarum,5132.0
4280,936476,0.0,Marinomonas posidonica,936.0
4281,420402,0.0,Marinobacterium rhizophilum,3523.0
4282,1821621,0.0,Marinobacterium aestuarii,2748.0
4283,48076,0.0,Marinobacterium iners,2212.0
4284,518898,0.0,Marinobacterium sediminicola,2319.0
4285,2668067,0.0,Marinobacterium sp. LSUCC0821,1270.0
4286,2895352,0.0,Aliamphritea hakodatensis,2405.0
4287,1524258,0.0,Aliamphritea ceti,2356.0
4288,187493,0.0,Thalassolituus oleivorans,2432.0
4289,2597518,0.0,Thalassolituus sp. C2-1,1371.0
4290,2742796,0.0,Thalassolituus hydrocarbonoclasticus,1352.0
4291,355243,0.0,Amphritea atlantica,2498.0
4292,452627,0.0,Amphritea japonica,1938.0
4293,2829569,0.0,Bacterioplanoides sp. SCSIO 12839,1751.0
4294,1031538,0.0,Neptunomonas concharum,2501.0
4295,417574,0.0,Neptunomonas japonica,1376.0
4296,1572645,0.0,Neptunomonas phycophila,1073.0
4297,1249553,0.0,Bacterioplanes sanyensis,1465.0
4298,2661630,0.0,Venatoribacter cucullus,1769.0
4299,207949,0.0,Bermanella marisrubri,1924.0
4300,2614693,0.0,Nitrincola iocasae,1463.0
4301,2259335,0.0,Alcanivorax sp. ALC70,3678.0
4302,2014542,0.0,Alcanivorax sp. N3-2A,2270.0
4303,1094342,0.0,Alloalcanivorax xenomutans,2355.0
4304,285091,0.0,Alloalcanivorax dieselolei,1687.0
4305,1306787,0.0,Isoalcanivorax pacificus,2413.0
4306,1917421,0.0,Ketobacter alkanivorans,1539.0
4307,2918516,0.0,Endozoicomonas sp. SCSIO W0465,2288.0
4308,2872754,0.0,Endozoicomonas sp. 4G,2540.0
4309,3009078,0.0,Endozoicomonas sp. GU-1,3778.0
4310,1234143,0.0,Endozoicomonas euniceicola,2212.0
4311,1027273,0.0,Endozoicomonas montiporae,3030.0
4312,1628392,0.0,Hahella sp. KA22,2535.0
4313,158327,0.0,Hahella chejuensis,1984.0
4314,1336806,0.0,Reinekea forsetii,1514.0
4315,1445505,0.0,Gynuella sunshinyii,2126.0
4316,2161747,0.0,Saccharospirillum mangrovi,1881.0
4317,2683272,0.0,Spartinivicinus ruber,2227.0
4318,141451,0.0,Oleiphilus messinensis,1857.0
4319,418701,0.0,Litorivicinus lipolyticus,940.0
4320,106654,0.0,Acinetobacter nosocomialis,3960.0
4321,48296,0.0,Acinetobacter pittii,7541.0
4322,470,0.0,Acinetobacter baumannii,46302.0
4323,1530123,0.0,Acinetobacter seifertii,3714.0
4324,471,0.0,Acinetobacter calcoaceticus,3001.0
4325,1879049,0.0,Acinetobacter sp. WCHAc010034,2097.0
4326,2983215,0.0,Acinetobacter sp. ESL0695,2071.0
4327,1808001,0.0,Acinetobacter sp. LoGeW2-3,1137.0
4328,2563897,0.0,Acinetobacter sp. 10FS3-1,1021.0
4329,2798861,0.0,Acinetobacter sp. CS-2,2558.0
4330,2773709,0.0,Acinetobacter sp. ASP199,918.0
4331,2743575,0.0,Acinetobacter sp. NEB 394,890.0
4332,2953738,0.0,Acinetobacter sp. Z1,1120.0
4333,3045147,0.0,Acinetobacter sp. KCTC 92772,1747.0
4334,2714110,0.0,Acinetobacter sp. Marseille-Q1620,1859.0
4335,1608473,0.0,Acinetobacter sp. NCu2D-2,1304.0
4336,1407071,0.0,Acinetobacter sp. TGL-Y2,1492.0
4337,3003392,0.0,Acinetobacter sp. TR3,746.0
4338,2810070,0.0,Acinetobacter sp. Colony158,282.0
4339,2836181,0.0,Acinetobacter sp. BHS4,120.0
4340,2929509,0.0,Acinetobacter sp. NyZ410,1136.0
4341,3027470,0.0,Acinetobacter sp. TAC-1,693.0
4342,2905879,0.0,Acinetobacter sp. SH20PTE14,457.0
4343,2908637,0.0,Acinetobacter sp. SCLZS86,853.0
4344,1646498,0.0,Acinetobacter sp. TTH0-4,1062.0
4345,108981,0.0,Acinetobacter schindleri,4123.0
4346,2715164,0.0,Acinetobacter shaoyimingii,1709.0
4347,29430,0.0,Acinetobacter haemolyticus,4536.0
4348,40214,0.0,Acinetobacter johnsonii,20070.0
4349,1871111,0.0,Acinetobacter defluvii,1300.0
4350,40215,0.0,Acinetobacter junii,5052.0
4351,1879050,0.0,Acinetobacter wuhouensis,6454.0
4352,202951,0.0,Acinetobacter bouvetii,1010.0
4354,70348,0.0,Acinetobacter dispersus,1043.0
4355,1324350,0.0,Acinetobacter equi,5019.0
4356,202954,0.0,Acinetobacter tandoii,1002.0
4357,108980,0.0,Acinetobacter ursingii,3314.0
4358,28090,0.0,Acinetobacter lwoffii,4355.0
4359,2004650,0.0,Acinetobacter chinensis,1494.0
4360,1776742,0.0,Acinetobacter vivianii,1022.0
4361,70346,0.0,Acinetobacter variabilis,1352.0
4362,2136182,0.0,Acinetobacter cumulans,1198.0
4363,202950,0.0,Acinetobacter baylyi,1120.0
4364,1839785,0.0,Acinetobacter portensis,4797.0
4365,1789224,0.0,Acinetobacter larvae,5984.0
4366,40216,0.0,Acinetobacter radioresistens,9818.0
4367,2662362,0.0,Acinetobacter wanghuae,6660.0
4368,202956,0.0,Acinetobacter towneri,15261.0
4369,2006115,0.0,Acinetobacter piscicola,2126.0
4370,52133,0.0,Acinetobacter venetianus,1132.0
4371,106648,0.0,Acinetobacter bereziniae,1198.0
4372,1776741,0.0,Acinetobacter proteolyticus,4225.0
4373,487316,0.0,Acinetobacter soli,1666.0
4374,34062,0.0,Moraxella osloensis,6136.0
4375,2904122,0.0,Moraxella sp. ZY201224,1021.0
4376,2953752,0.0,Moraxella sp. FZFQ2102,2439.0
4377,2904120,0.0,Moraxella sp. ZY190618,1503.0
4378,2904121,0.0,Moraxella nasovis,2584.0
4379,476,0.0,Moraxella bovis,5778.0
4380,34061,0.0,Moraxella cuniculi,740.0
4381,480,0.0,Moraxella catarrhalis,1844.0
4382,386891,0.0,Moraxella bovoculi,1722.0
4383,2517899,0.0,Psychrobacter sp. KH172YL61,2193.0
4384,2772254,0.0,Psychrobacter sp. 28M-43,468.0
4385,2708350,0.0,Psychrobacter sp. WY6,808.0
4386,1699622,0.0,Psychrobacter sp. P2G3,559.0
4387,1028416,0.0,Psychrobacter sp. DAB_AL43B,1058.0
4388,1699623,0.0,Psychrobacter sp. P11G3,636.0
4389,1699624,0.0,Psychrobacter sp. P11G5,1015.0
4390,2983299,0.0,Psychrobacter sp. SC65A.3,696.0
4391,3043330,0.0,Psychrobacter sp. WB2,2010.0
4392,1699621,0.0,Psychrobacter sp. P11F6,626.0
4393,571800,0.0,Psychrobacter sp. G,815.0
4394,861445,0.0,Psychrobacter sanguinis,1618.0
4395,330922,0.0,Psychrobacter cryohalolentis,738.0
4396,2283318,0.0,Aquirhabdus parva,1752.0
4397,654,0.0,Aeromonas veronii,20843.0
4398,2778058,0.0,Aeromonas sp. FDAARGOS 1409,1039.0
4399,2033032,0.0,Aeromonas sp. CA23,543.0
4400,1636607,0.0,Aeromonas sp. ASNIH2,174.0
4401,2778064,0.0,Aeromonas sp. FDAARGOS 1415,1310.0
4402,2778057,0.0,Aeromonas sp. FDAARGOS 1408,688.0
4403,2778051,0.0,Aeromonas sp. FDAARGOS 1402,326.0
4404,644,0.0,Aeromonas hydrophila,16925.0
4405,1114880,0.0,Aeromonas australiensis,293.0
4406,645,0.0,Aeromonas salmonicida,16518.0
4407,218936,0.0,Aeromonas simiae,2488.0
4408,652,0.0,Aeromonas schubertii,3374.0
4409,650,0.0,Aeromonas jandaei,3341.0
4410,648794,0.0,Aeromonas rivuli,2195.0
4411,648,0.0,Aeromonas caviae,14441.0
4412,73010,0.0,Aeromonas encheleia,2281.0
4413,656,0.0,Aeromonas allosaccharophila,1776.0
4414,651,0.0,Aeromonas media,3860.0
4415,196024,0.0,Aeromonas dhakensis,6723.0
4416,29489,0.0,Aeromonas enteropelogenes,2594.0
4417,633415,0.0,Aeromonas sanarellii,578.0
4418,43948,0.0,Tolumonas auensis,1808.0
4419,2047966,0.0,Dongshaea marina,2365.0
4420,347534,0.0,Zobellella denitrificans,4426.0
4422,1416627,0.0,Oceanisphaera profunda,712.0
4423,186931,0.0,Thioalkalivibrio nitratireducens,2953.0
4424,106634,0.0,Thioalkalivibrio versutus,4553.0
4425,108010,0.0,Thioalkalivibrio paradoxus,2321.0
4426,396595,0.0,Thioalkalivibrio sp. K90mix,1839.0
4427,1033854,0.0,Thioalkalivibrio sulfidiphilus,3668.0
4428,2819280,0.0,Acidihalobacter yilgarnensis,2619.0
4429,1765967,0.0,Acidihalobacter ferrooxydans,1858.0
4430,2792603,0.0,Acidihalobacter aeolianus,1977.0
4431,2182432,0.0,Spiribacter sp. E85,3714.0
4432,2666185,0.0,Spiribacter sp. 2438,1661.0
4433,1335746,0.0,Spiribacter salinus,869.0
4434,1335757,0.0,Spiribacter curvatus,1839.0
4435,421628,0.0,Ectothiorhodospira haloalkaliphila,2466.0
4436,1442136,0.0,Ectothiorhodospira sp. BSL-9,2204.0
4437,351052,0.0,Alkalilimnicola ehrlichii,4541.0
4438,2740807,0.0,Aquisalimonas sp. 2447,2349.0
4439,1053,0.0,Halorhodospira halophila,2727.0
4440,1052,0.0,Halorhodospira halochloris,794.0
4441,233100,0.0,Ectothiorhodosinus mongolicus,835.0
4442,2498451,0.0,Rheinheimera mangrovi,1996.0
4443,1763998,0.0,Rheinheimera sp. F8,1188.0
4444,2545632,0.0,Rheinheimera sp. D18,1097.0
4445,3019969,0.0,Rheinheimera sp. MM224,892.0
4446,1166950,0.0,Thiodictyon Candidatus Thiodictyon syntrophicum,4577.0
4447,1814290,0.0,Nitrosococcus wardiae,726.0
4448,1229,0.0,Nitrosococcus oceani,1421.0
4449,133539,0.0,Nitrosococcus halophilus,1249.0
4450,1050,0.0,Thermochromatium tepidum,2281.0
4451,521689,0.0,Thiocapsa bogorovii,2511.0
4452,80679,0.0,Thioflavicoccus mobilis,3192.0
4453,553982,0.0,Allochromatium tepidum,3343.0
4454,1049,0.0,Allochromatium vinosum,2424.0
4456,1630141,0.0,Candidatus Nitrosoglobus terrae,685.0
4457,553981,0.0,Candidatus Nitrosacidococcus tergens,1773.0
4458,2942908,0.0,Candidatus Nitrosacidococcus sp. I8,1351.0
4459,2699430,0.0,Caldichromatium japonicum,1910.0
4460,37487,0.0,Marichromatium purpuratum,3061.0
4461,437505,0.0,Granulosicoccus antarcticus,3358.0
4462,1811807,0.0,Sulfuriflexus mobilis,1955.0
4463,1972068,0.0,Sulfurivermis fontis,4396.0
4465,1860122,0.0,Halothiobacillus sp. LS2,1728.0
4466,2771012,0.0,Wenzhouxiangella sp. AB-CW3,2111.0
4467,1579979,0.0,Wenzhouxiangella marina,2119.0
4468,47960,0.0,Guyparkeria halophila,3263.0
4469,1548547,0.0,Woeseia oceani,1317.0
4470,447471,0.0,Simiduia agarivorans,4888.0
4471,2909669,0.0,Simiduia sp. 21SJ11W-1,1920.0
4472,1987723,0.0,Cellvibrio sp. PSBB006,2118.0
4473,2303332,0.0,Cellvibrio sp. KY-GH-1,1540.0
4474,1945512,0.0,Cellvibrio sp. PSBB023,1275.0
4475,2964606,0.0,Cellvibrio sp. QJXJ,911.0
4477,155077,0.0,Cellvibrio japonicus,1677.0
4478,3022676,0.0,Marinimicrobium sp. C6131,2094.0
4479,2721545,0.0,Marinagarivorans cellulosilyticus,1532.0
4480,1737490,0.0,Agarilytica rhodophyticola,2004.0
4481,2731755,0.0,Teredinibacter haidensis,1185.0
4482,86304,0.0,Saccharophagus degradans,2385.0
4485,2681547,0.0,Microbulbifer sp. SH-1,2325.0
4486,3034230,0.0,Microbulbifer sp. VAAF005,1126.0
4487,2587856,0.0,Microbulbifer sp. THAF38,824.0
4488,2904242,0.0,Microbulbifer sp. YPW16,2309.0
4489,3032582,0.0,Microbulbifer sp. MLAF003,1588.0
4490,3029061,0.0,Microbulbifer sp. H12,2689.0
4491,1516059,0.0,Microbulbifer sp. ALW1,1605.0
4492,2591606,0.0,Microbulbifer sp. GL-2,783.0
4493,359370,0.0,Microbulbifer sp. A4B17,1364.0
4494,435905,0.0,Microbulbifer celer,1936.0
4495,48074,0.0,Microbulbifer hydrolyticus,2219.0
4496,252514,0.0,Microbulbifer thermotolerans,2137.0
4497,260552,0.0,Microbulbifer agarilyticus,1713.0
4498,1769779,0.0,Microbulbifer aggregans,2528.0
4499,86173,0.0,Microbulbifer elongatus,1870.0
4500,930805,0.0,Halioglobus japonicus,2186.0
4501,2601894,0.0,Halioglobus maricola,1503.0
4502,393662,0.0,Congregibacter litoralis,1432.0
4503,2518994,0.0,Candidatus Paraluminiphilus aquimaris,2818.0
4504,2708301,0.0,Kineobactrum salinum,2289.0
4506,2794344,0.0,Spongiibacter nanhainus,2075.0
4507,1620392,0.0,Spongiibacter sp. IMCC21906,1235.0
4508,1748242,0.0,Spongiibacter taiwanensis,941.0
4509,716816,0.0,Oceanicoccus sagamiensis,3328.0
4510,1470434,0.0,Zhongshania aliphaticivorans,1512.0
4511,754476,0.0,Methylophaga nitratireducenticrescens,1704.0
4512,754477,0.0,Methylophaga frappieri,1548.0
4513,2881052,0.0,Methylophaga pinxianii,1358.0
4514,1238,0.0,Piscirickettsia salmonis,3143.0
4515,2739063,0.0,Thiomicrorhabdus xiamenensis,2028.0
4516,2949997,0.0,Thiomicrorhabdus sp. XGS-01,2654.0
4517,2211106,0.0,Thiomicrorhabdus aquaedulcis,2119.0
4518,2791037,0.0,Thiomicrorhabdus immobilis,965.0
4519,2267253,0.0,Thiomicrorhabdus indica,1560.0
4521,39765,0.0,Hydrogenovibrio crunogenus,1080.0
4522,265883,0.0,Hydrogenovibrio thermophilus,2029.0
4523,28885,0.0,Hydrogenovibrio marinus,3178.0
4524,92245,0.0,Thiomicrospira aerophila,942.0
4525,147268,0.0,Thiomicrospira cyclica,5491.0
4526,2675053,0.0,Thiosulfativibrio zosterae,855.0
4527,2675054,0.0,Thiosulfatimonas sediminis,1238.0
4528,1542390,0.0,Francisella frigiditurris,5493.0
4529,1395624,0.0,Francisella sp. LA112445,2579.0
4530,1547445,0.0,Francisella sp. FSC1006,2920.0
4531,2589986,0.0,Francisella sp. Scap27,2757.0
4532,28110,0.0,Francisella philomiragia,7774.0
4533,622488,0.0,Francisella hispaniensis,2584.0
4534,263,0.0,Francisella tularensis,9737.0
4535,573569,0.0,Francisella salina,2062.0
4536,2007306,0.0,Francisella adeliensis,2327.0
4537,657445,0.0,Francisella noatunensis,1201.0
4538,573570,0.0,Francisella uliginis,2266.0
4539,549298,0.0,Francisella halioticida,3330.0
4540,954,0.0,Francisella persica,2438.0
4541,594679,0.0,Allofrancisella guangzhouensis,2706.0
4542,1085644,0.0,Allofrancisella frigidaquae,2444.0
4543,2891210,0.0,Thiothrix litoralis,2692.0
4544,2735563,0.0,Thiothrix subterranea,1472.0
4545,111769,0.0,Thiothrix unzii,928.0
4546,96472,0.0,Thiothrix winogradskyi,1285.0
4547,2823902,0.0,Thiothrix Candidatus Thiothrix anitrata,1807.0
4548,288004,0.0,Beggiatoa leptomitoformis,2527.0
4549,2975055,0.0,Cysteiniphilum sp. QT6929,1997.0
4550,2993564,0.0,Methylococcus sp. 16-5,2972.0
4551,2860258,0.0,Methylococcus sp. Mc7,2385.0
4552,2812648,0.0,Methylococcus sp. EFPC2,2747.0
4553,414,0.0,Methylococcus capsulatus,4308.0
4554,2681310,0.0,Methylococcus geothermalis,2035.0
4555,3021710,0.0,Methylomonas sp. EFPC3,1608.0
4556,2785785,0.0,Methylomonas sp. LL1,2271.0
4557,107637,0.0,Methylomonas sp. LW13,947.0
4558,3040943,0.0,Methylomonas sp. UP202,1986.0
4559,1538553,0.0,Methylomonas denitrificans,2312.0
4560,421,0.0,Methylomonas methanica,1417.0
4561,2963939,0.0,Methylomonas rapida,2405.0
4562,2608981,0.0,Methylomonas rhizoryzae,3338.0
4563,1173101,0.0,Methylomonas paludis,1846.0
4564,702114,0.0,Methylomonas koyamae,2029.0
4565,2911520,0.0,Methylobacter sp. YRD-M1,3023.0
4566,2839024,0.0,Methylobacter sp. S3L5C,3297.0
4567,39775,0.0,Methylomicrobium album,2158.0
4568,1760988,0.0,Methylomagnum ishizawai,3356.0
4569,95641,0.0,Methylotuvimicrobium buryatense,1515.0
4570,271065,0.0,Methylotuvimicrobium alcaliphilum,1053.0
4571,1432792,0.0,Methylocaldum marinum,2768.0
4572,1704499,0.0,Methylovulum psychrotolerans,1989.0
4573,1295382,0.0,Methylogaea oryzae,2898.0
4574,1808979,0.0,Candidatus Methylospira mobilis,2201.0
4575,454,0.0,Legionella israelensis,3504.0
4576,446,0.0,Legionella pneumophila,18267.0
4577,28084,0.0,Legionella cherrii,1185.0
4578,29423,0.0,Legionella oakridgensis,1783.0
4579,45056,0.0,Legionella adelaidensis,1171.0
4580,456,0.0,Legionella jordanis,1541.0
4581,28082,0.0,Legionella anisa,6664.0
4582,2755562,0.0,Legionella sp. PC997,1771.0
4583,2662448,0.0,Legionella sp. MW5194,1157.0
4584,2746060,0.0,Legionella sp. PC1000,1158.0
4585,66969,0.0,Legionella waltersii,6546.0
4586,28087,0.0,Legionella sainthelensi,2342.0
4587,452,0.0,Legionella spiritensis,2261.0
4588,96230,0.0,Legionella fallonii,2124.0
4589,45065,0.0,Legionella geestiana,1227.0
4590,96232,0.0,Legionella lytica,1998.0
4591,1071983,0.0,Legionella cardiaca,1699.0
4592,2708020,0.0,Legionella antarctica,1694.0
4593,450,0.0,Legionella longbeachae,2082.0
4594,1867846,0.0,Legionella clemsonensis,2346.0
4597,463,0.0,Fluoribacter dumoffii,1253.0
4598,1656159,0.0,Coxiella endosymbiont of Dermacentor marginatus,1072.0
4599,2749996,0.0,Coxiella endosymbiont of Amblyomma nuttalli,838.0
4600,2054173,0.0,Coxiella Candidatus Coxiella mudrowiae,1666.0
4601,254247,0.0,Aquicella siphonis,1313.0
4602,676208,0.0,Rickettsiella Candidatus Rickettsiella viridis,1524.0
4603,1592897,0.0,,744.0
4604,412034,0.0,Celerinatantimonas diazotrophica,2051.0
4605,1543721,0.0,Sedimenticola thiotaurini,2337.0
4606,2738883,0.0,Candidatus Reidiella endopervernicosa,2828.0
4607,393765,0.0,Candidatus Endoriftia persephone,2756.0
4608,412965,0.0,Candidatus Vesicomyosocius okutanii,2169.0
4609,2360,0.0,,1631.0
4610,113267,0.0,,1048.0
4611,186490,0.0,Candidatus Baumannia cicadellinicola,3377.0
4612,1427364,0.0,Candidatus Pseudothioglobus singularis,4759.0
4613,2508687,0.0,Candidatus Thioglobus sp. NP1,2633.0
4614,1705394,0.0,Candidatus Thioglobus autotrophicus,10531.0
4615,1076588,0.0,Thiolapillus brandeum,2365.0
4616,1076626,0.0,Candidatus Steffania adelgidicola,599.0
4617,1249552,0.0,Pseudohongiella spirulinae,2384.0
4618,2652803,0.0,Candidatus Azoamicus ciliaticola,915.0
4619,2291597,0.0,Gallaecimonas mangrovi,2160.0
4620,1971485,0.0,Candidatus Nardonella dryophthoridicola,637.0
4621,2704655,0.0,Gilliamella sp. ESL0443,2823.0
4622,2817969,0.0,Gilliamella sp. B3022,2047.0
4623,2704654,0.0,Gilliamella sp. ESL0441,2645.0
4624,2704653,0.0,Gilliamella sp. ESL0405,1696.0
4625,1196095,0.0,Gilliamella apicola,6595.0
4626,1267021,0.0,Frischella perrara,3314.0
4627,1635327,0.0,Zophobihabitans entericus,1977.0
4628,2718,0.0,Cardiobacterium hominis,5735.0
4629,2866573,0.0,Cardiobacterium sp. Marseille-Q4385,6312.0
4630,870,0.0,Dichelobacter nodosus,1353.0
4631,2908648,0.0,Suttonella sp. R2A3,991.0
4632,2923279,0.0,Ignatzschineria sp. HR5S32,2275.0
4633,400946,0.0,Wohlfahrtiimonas chitiniclastica,1467.0
4634,2698684,0.0,Sinimarinibacterium sp. NLF-5-8,3195.0
4635,2806210,0.0,Flagellatimonas centrodinii,2424.0
4636,2303331,0.0,Solimonas sp. K1W22B-7,4231.0
4637,465721,0.0,Steroidobacter denitrificans,2900.0
4638,1144748,0.0,Kangiella sediminilitoris,4069.0
4639,1561924,0.0,Kangiella profundi,1487.0
4640,261964,0.0,Kangiella koreensis,1046.0
4641,914150,0.0,Kangiella geojedonensis,611.0
4642,1675686,0.0,Sulfurifustis variabilis,3520.0
4643,1620215,0.0,Sulfuricaulis limicola,2554.0
4644,1281578,0.0,Acidiferrobacter sp. SPIII_3,1278.0
4645,163359,0.0,Acidiferrobacter thiooxydans,1354.0
4646,1248727,0.0,,2880.0
4647,650377,0.0,,834.0
4648,596095,0.0,,798.0
4649,2919598,0.0,Candidatus Comchoanobacter bicostacola,447.0
4650,1810504,0.0,Immundisolibacter cernigliae,3092.0
4651,2183911,0.0,Salinisphaera sp. LB1,1825.0
4652,2584944,0.0,Sutterella faecalis,17933.0
4653,2918299,0.0,Comamonas sp. B21-038,2375.0
4654,2597701,0.0,Comamonas sp. NLF-7-7,2359.0
4655,2853257,0.0,Comamonas sp. Y33R10-2,2197.0
4656,2853163,0.0,Comamonas sp. NLF-1-9,2425.0
4657,3046670,0.0,Comamonas sp. ZM22,2926.0
4658,2977320,0.0,Comamonas sp. PR12,1592.0
4659,2966554,0.0,Comamonas sp. C11,1801.0
4660,225991,0.0,Comamonas aquatica,9102.0
4661,1562974,0.0,Comamonas piscis,1533.0
4662,2796366,0.0,Comamonas fluminis,2839.0
4664,285,0.0,Comamonas testosteroni,5165.0
4665,32013,0.0,Comamonas terrigena,2899.0
4666,1082851,0.0,Comamonas serinivorans,2004.0
4667,379895,0.0,Comamonas odontotermitis,2330.0
4668,2714923,0.0,Acidovorax sp. HDW3,3805.0
4669,2478662,0.0,Acidovorax sp. 1608163,2493.0
4670,2949090,0.0,Acidovorax sp. 5MLIR,2317.0
4671,2940487,0.0,Acidovorax sp. NCPPB 2350,1644.0
4672,1858609,0.0,Acidovorax sp. T1,5767.0
4673,1842533,0.0,Acidovorax sp. RAC01,2455.0
4674,358220,0.0,Acidovorax sp. KKS102,2666.0
4676,2518343,0.0,Acidovorax sp. JMULE5,2829.0
4677,80867,0.0,Acidovorax avenae,5471.0
4678,80878,0.0,Acidovorax temperans,4733.0
4679,553814,0.0,Acidovorax carolinensis,5914.0
4680,2743470,0.0,Acidovorax antarcticus,5090.0
4681,80868,0.0,Acidovorax cattleyae,2844.0
4682,758826,0.0,Acidovorax radicis,1907.0
4683,80869,0.0,Acidovorax citrulli,3068.0
4684,662548,0.0,Variovorax sp. RA8,3984.0
4685,1795631,0.0,Variovorax sp. PAMC 28711,2934.0
4686,2681552,0.0,Variovorax sp. RKNM96,3169.0
4687,434008,0.0,Variovorax sp. PBS-H4,3953.0
4688,2762323,0.0,Variovorax sp. PAMC28562,2632.0
4689,434014,0.0,Variovorax sp. PBL-E5,2950.0
4690,2762322,0.0,Variovorax sp. PAMC26660,3115.0
4691,2774875,0.0,Variovorax sp. 38R,2656.0
4692,207745,0.0,Variovorax sp. WDL1,3446.0
4693,2811425,0.0,Variovorax sp. PDNC026,4455.0
4694,282217,0.0,Variovorax sp. SRS16,2561.0
4695,1034889,0.0,Variovorax sp. HW608,3579.0
4696,1105204,0.0,Variovorax sp. WS11,465.0
4697,34073,0.0,Variovorax paradoxus,28057.0
4698,436515,0.0,Variovorax boronicumulans,2794.0
4699,80866,0.0,Delftia acidovorans,9040.0
4700,180282,0.0,Delftia tsuruhatensis,19697.0
4701,558537,0.0,Delftia lacustris,10167.0
4702,1920191,0.0,Delftia sp. HK171,663.0
4703,2806347,0.0,Hydrogenophaga sp. SL48,2141.0
4704,2565558,0.0,Hydrogenophaga sp. PAMC20947,2306.0
4705,1842537,0.0,Hydrogenophaga sp. RAC07,1780.0
4706,795665,0.0,Hydrogenophaga sp. PBC,2909.0
4707,2184519,0.0,Hydrogenophaga sp. NH-16,6204.0
4708,2651974,0.0,Hydrogenophaga sp. BPS33,2942.0
4709,2806262,0.0,Hydrogenophaga sp. YM1,2824.0
4710,434010,0.0,Hydrogenophaga sp. PBL-H3,3758.0
4712,1763535,0.0,Hydrogenophaga crassostreae,2944.0
4713,65656,0.0,Hydrogenophaga taeniospiralis,2416.0
4714,2798804,0.0,Rhodoferax sp. MIZ03,3502.0
4715,2822760,0.0,Rhodoferax sp. PAMC 29310,1401.0
4716,2752316,0.0,Rhodoferax sp. AJA081-3,2118.0
4717,81479,0.0,Rhodoferax antarcticus,1952.0
4718,1484693,0.0,Rhodoferax saidenbachensis,2672.0
4719,2527691,0.0,Rhodoferax aquaticus,1698.0
4720,192843,0.0,Rhodoferax ferrireducens,1975.0
4721,1842727,0.0,Rhodoferax koreense,4309.0
4722,2509614,0.0,Rhodoferax sediminis,2229.0
4723,2714924,0.0,Diaphorobacter sp. HDW4A,3766.0
4724,2714925,0.0,Diaphorobacter sp. HDW4B,2160.0
4725,3016636,0.0,Diaphorobacter sp. ED-3,2016.0
4726,2792224,0.0,Diaphorobacter sp. JS3051,3410.0
4727,1715720,0.0,Diaphorobacter ruginosibacter,3041.0
4728,216465,0.0,Polaromonas naphthalenivorans,2898.0
4729,37448,0.0,Polaromonas vacuolata,2456.0
4731,2816950,0.0,Ottowia testudinis,3102.0
4732,2109914,0.0,Ottowia oryzae,3025.0
4733,1658672,0.0,Ottowia sp. oral taxon 894,3884.0
4734,2714952,0.0,Kinneretia sp. DAIF2,5712.0
4735,2877940,0.0,Kinneretia sp. XES5,2936.0
4736,2109915,0.0,Simplicispira suum,3058.0
4737,179636,0.0,Alicycliphilus denitrificans,7483.0
4738,364317,0.0,Verminephrobacter eiseniae,3694.0
4739,94132,0.0,Ramlibacter tataouinensis,9450.0
4740,1678128,0.0,Limnohabitans sp. 63ED37-2,2335.0
4741,2986280,0.0,Limnohabitans sp. INBF002,1143.0
4742,2986281,0.0,Limnohabitans sp. TEGF004,1126.0
4743,1751150,0.0,Limnohabitans sp. MORI2,1599.0
4744,1844971,0.0,Curvibacter sp. AEP1-3,2231.0
4745,1458425,0.0,Serpentinimonas raichei,1961.0
4746,2116657,0.0,Pulveribacter suum,2809.0
4747,1436290,0.0,Candidatus Symbiobacter mobilis,1630.0
4748,2109913,0.0,Melaminivora suipulveris,3982.0
4749,292,0.0,Burkholderia cepacia,9716.0
4750,87883,0.0,Burkholderia multivorans,9093.0
4751,101571,0.0,Burkholderia ubonensis,7263.0
4753,488729,0.0,Burkholderia metallica,2339.0
4754,60550,0.0,Burkholderia pyrrocinia,4220.0
4755,482957,0.0,Burkholderia lata,3860.0
4756,488447,0.0,Burkholderia contaminans,5322.0
4757,179879,0.0,Burkholderia anthina,3383.0
4758,488446,0.0,Burkholderia latens,434.0
4760,2015348,0.0,Burkholderia aenigmatica,1719.0
4761,1503055,0.0,Burkholderia territorii,1341.0
4762,152480,0.0,Burkholderia ambifaria,4428.0
4763,488732,0.0,Burkholderia diffusa,1064.0
4764,95485,0.0,Burkholderia stabilis,3532.0
4765,1503054,0.0,Burkholderia stagnalis,1294.0
4766,488731,0.0,Burkholderia seminalis,850.0
4767,2571746,0.0,Burkholderia sp. DHOD12,3026.0
4768,1740163,0.0,Burkholderia sp. Bp7605,2052.0
4769,1494466,0.0,Burkholderia sp. FERM BP-3421,2927.0
4770,326454,0.0,Burkholderia sp. M701,80.0
4771,1795043,0.0,Burkholderia sp. PAMC 26561,1446.0
4772,2811788,0.0,Burkholderia sp. MS455,674.0
4773,1637862,0.0,Burkholderia sp. LA-2-3-30-S1-D2,841.0
4774,1795874,0.0,Burkholderia sp. PAMC 28687,1488.0
4775,2906514,0.0,Burkholderia sp. S-53,1012.0
4776,1637869,0.0,Burkholderia sp. MSMB0856,713.0
4777,28450,0.0,Burkholderia pseudomallei,11900.0
4778,57975,0.0,Burkholderia thailandensis,5196.0
4779,1637837,0.0,Burkholderia savannae,1221.0
4780,13373,0.0,Burkholderia mallei,2005.0
4781,28095,0.0,Burkholderia gladioli,6863.0
4782,337,0.0,Burkholderia glumae,4333.0
4783,2615214,0.0,Burkholderia perseverans,1763.0
4784,261302,0.0,Paraburkholderia phytofirmans,5575.0
4785,420953,0.0,Paraburkholderia megapolitana,1971.0
4786,2735433,0.0,Paraburkholderia sp. PGU16,1659.0
4787,3034358,0.0,Paraburkholderia sp. SUR17,2269.0
3591,2705472,0.0,Pseudomonas sp. MTM4,16912.0
4789,2735434,0.0,Paraburkholderia sp. PGU19,1287.0
4790,1926494,0.0,Paraburkholderia sp. SOS3,1628.0
4791,2026199,0.0,Paraburkholderia aromaticivorans,5075.0
4792,134537,0.0,Paraburkholderia fungorum,4180.0
4793,2571748,0.0,Paraburkholderia acidisoli,3309.0
4794,75105,0.0,Paraburkholderia caribensis,4383.0
4795,2861782,0.0,Paraburkholderia edwinii,1900.0
4796,420952,0.0,Paraburkholderia bryophila,1395.0
4797,92647,0.0,Paraburkholderia tropica,2631.0
4798,311231,0.0,Paraburkholderia ginsengisoli,1547.0
4799,2211211,0.0,Paraburkholderia dokdonensis,1999.0
4800,134536,0.0,Paraburkholderia caledonica,1859.0
4801,36873,0.0,Paraburkholderia xenovorans,2335.0
4802,311230,0.0,Paraburkholderia terrae,3389.0
4,2488810,0.0,Ruminiclostridium herbifermentans,44190.0
4804,60548,0.0,Paraburkholderia graminis,2316.0
4805,169427,0.0,Paraburkholderia terricola,1516.0
4806,948107,0.0,Paraburkholderia sprentiae,1559.0
4807,1761016,0.0,Paraburkholderia caffeinilytica,1295.0
4808,2547399,0.0,Paraburkholderia pallida,2050.0
4809,148447,0.0,Paraburkholderia phymatum,2098.0
4810,169430,0.0,Paraburkholderia hospita,2993.0
4811,2604047,0.0,Paraburkholderia dioscoreae,1599.0
4812,2571747,0.0,Paraburkholderia acidiphila,2451.0
4813,2027911,0.0,Cupriavidus sp. P-10,2857.0
4814,2839983,0.0,Cupriavidus sp. EM10,3165.0
4815,3032282,0.0,Cupriavidus sp. WKF15,2827.0
4816,2884455,0.0,Cupriavidus sp. MP-37,1041.0
4817,1478019,0.0,Cupriavidus sp. KK10,1301.0
4818,82633,0.0,Cupriavidus pauculus,12000.0
4819,106590,0.0,Cupriavidus necator,8245.0
5,288965,0.0,Acetivibrio clariflavus,39342.0
4821,82541,0.0,Cupriavidus gilardii,2046.0
4822,248026,0.0,Cupriavidus pinatubonensis,1996.0
4823,96344,0.0,Cupriavidus oxalaticus,21541.0
4824,151783,0.0,Cupriavidus campinensis,3366.0
4825,119219,0.0,Cupriavidus metallidurans,4433.0
4826,367825,0.0,Cupriavidus malaysiensis,1822.0
4827,2608999,0.0,Cupriavidus cauae,2679.0
4828,1796606,0.0,Cupriavidus nantongensis,2343.0
4829,2081041,0.0,Polynucleobacter sp. AP-Kolm-20A-A1,1860.0
4830,1855652,0.0,Polynucleobacter sp. es-EL-1,1525.0
4831,1758398,0.0,Polynucleobacter sp. VK25,2847.0
4832,2576922,0.0,Polynucleobacter sp. JS-Mosq-20-D10,441.0
4833,1855617,0.0,Polynucleobacter sp. MWH-UH2A,557.0
4834,2081052,0.0,Polynucleobacter sp. MG-Unter2-18,570.0
4835,2576917,0.0,Polynucleobacter sp. AP-Nino-20-G2,840.0
4836,2982615,0.0,Polynucleobacter sp. KF022,521.0
4837,2576923,0.0,Polynucleobacter sp. AP-Titi-500A-B4,383.0
4838,1855883,0.0,Polynucleobacter sp. MWH-Braz-FAM2G,817.0
4839,2689102,0.0,Polynucleobacter sp. AM-7D1,531.0
4840,2081051,0.0,Polynucleobacter sp. MG-5-Ahmo-C2,1202.0
4841,1855880,0.0,Polynucleobacter sp. MWH-Aus1W21,837.0
4842,1855619,0.0,Polynucleobacter sp. MWH-UH35A,825.0
4843,1855646,0.0,Polynucleobacter sp. UB-Siik-W21,681.0
4844,2081049,0.0,Polynucleobacter sp. AP-Sving-400A-A2,460.0
4845,1758374,0.0,Polynucleobacter sp. TSB-Sco08W16,428.0
4846,1743173,0.0,Polynucleobacter sp. MWH-P3-07-1,401.0
4847,2689110,0.0,Polynucleobacter sp. MWH-UH24A,1122.0
4848,2770234,0.0,Polynucleobacter sp. Adler-ghost,1024.0
4849,1819736,0.0,Polynucleobacter sp. UB-Raua-W9,1473.0
4850,1819725,0.0,Polynucleobacter ibericus,603.0
4851,576611,0.0,Polynucleobacter asymbioticus,1632.0
6,1515,0.0,Acetivibrio thermocellus,43856.0
4853,1743162,0.0,Polynucleobacter antarcticus,1114.0
4854,556053,0.0,Polynucleobacter acidiphobus,767.0
4855,2527775,0.0,Polynucleobacter paneuropaeus,686.0
4856,556054,0.0,Polynucleobacter difficilis,773.0
4857,1743165,0.0,Polynucleobacter arcticus,575.0
4858,1743159,0.0,Polynucleobacter yangtzensis,1201.0
4859,1891094,0.0,Pandoraea fibrosis,2500.0
4860,656178,0.0,Pandoraea vervacti,2887.0
4861,93220,0.0,Pandoraea pnomenusa,3395.0
4862,2508289,0.0,Pandoraea commovens,2881.0
4863,93219,0.0,Pandoraea norimbergensis,1950.0
4864,2518599,0.0,Pandoraea sp. XY-2,1363.0
4865,2904129,0.0,Pandoraea sp. NE5,709.0
4866,445709,0.0,Pandoraea thiooxydans,1774.0
4867,93218,0.0,Pandoraea apista,2234.0
4868,573737,0.0,Pandoraea oxalativorans,1267.0
4869,656179,0.0,Pandoraea faecigallinarum,2278.0
4870,93221,0.0,Pandoraea pulmonicola,2108.0
4871,2878153,0.0,Caballeronia sp. TF1N1,1688.0
4872,2878150,0.0,Caballeronia sp. Lep1P3,1652.0
4873,2878152,0.0,Caballeronia sp. Sq4a,1711.0
4874,2878151,0.0,Caballeronia sp. SL2Y3,1183.0
4875,2814653,0.0,Caballeronia sp. M1242,1966.0
4876,758793,0.0,Caballeronia insecticola,3009.0
4877,1071679,0.0,Caballeronia grimmiae,3352.0
4878,871203,0.0,Caballeronia zhejiangensis,2901.0
4879,305,0.0,Ralstonia solanacearum,13896.0
4880,329,0.0,Ralstonia pickettii,20406.0
4881,2842456,0.0,Ralstonia wenshanensis,6490.0
4882,28097,0.0,Ralstonia syzygii,2469.0
4883,2732163,0.0,Limnobacter sp. SAORIC-580,2133.0
4884,2594795,0.0,Chitinimonas arctica,2337.0
4885,356302,0.0,Chitinimonas koreensis,3635.0
4886,47671,0.0,Lautropia mirabilis,8250.0
4887,2651972,0.0,Mycoavidus sp. B2-EB,464.0
4888,2968475,0.0,Mycoavidus sp. SF9855,338.0
4889,1553431,0.0,Mycoavidus cysteinexigens,845.0
4890,2864217,0.0,Candidatus Vallotia sp. (ex Adelges kitamiensis),609.0
4891,1177211,0.0,Candidatus Vallotia cooleyia,610.0
4892,1177213,0.0,Candidatus Vallotia tarda,400.0
4893,412963,0.0,Mycetohabitans rhizoxinica,1456.0
4894,2268024,0.0,Ephemeroptericola cinctiostellae,2000.0
4895,2899220,0.0,Massilia sp. DM-R-R2A-13,3928.0
4896,2861283,0.0,Massilia sp. PAMC28688,2404.0
4897,2970464,0.0,Massilia sp. H6,2305.0
7,1677857,0.0,Acetivibrio saccincola,31180.0
4899,2852099,0.0,Massilia sp. HC52,4131.0
4900,2861282,0.0,Massilia sp. NP310,2740.0
4901,1707785,0.0,Massilia sp. WG5,4997.0
4902,2919578,0.0,Massilia sp. MB5,1673.0
4903,2769491,0.0,Massilia sp. LPB0304,2219.0
4904,1678028,0.0,Massilia sp. NR 4-1,1562.0
4905,457921,0.0,Massilia varians,3934.0
8,84032,0.0,Pseudoclostridium thermosuccinogenes,40240.0
4907,2728020,0.0,Massilia forsythiae,3690.0
4908,1141883,0.0,Massilia putida,4262.0
4909,945844,0.0,Massilia oculi,2213.0
4910,2765360,0.0,Massilia antarctica,1890.0
4911,2995154,0.0,Pseudoduganella sp. SL102,3484.0
4912,321985,0.0,Pseudoduganella lutea,3787.0
9545,2560525,0.0,Orthorubulavirus Human orthorubulavirus 2,19.0
4914,2072590,0.0,Pseudoduganella armeniaca,3883.0
4915,321983,0.0,Pseudoduganella albidiflava,2948.0
4916,864828,0.0,Pseudoduganella umbonata,2901.0
4917,321984,0.0,Pseudoduganella plicata,2490.0
4918,2728021,0.0,Duganella dendranthematis,3849.0
4919,3028312,0.0,Herbaspirillum sp. WKF16,3755.0
4920,2025949,0.0,Herbaspirillum sp. meg3,1921.0
4921,2014887,0.0,Herbaspirillum robiniae,2959.0
4922,964,0.0,Herbaspirillum seropedicae,3199.0
4923,341045,0.0,Herbaspirillum hiltneri,2561.0
4924,863372,0.0,Herbaspirillum huttiense,3904.0
4925,92645,0.0,Herbaspirillum frisingense,3658.0
24,360422,0.0,Clostridium tagluense,40300.0
4927,2861284,0.0,Janthinobacterium sp. PAMC25594,2552.0
4928,2497863,0.0,Janthinobacterium sp. 17J80-10,2670.0
4929,1938606,0.0,Janthinobacterium sp. LM6,1752.0
4930,1644131,0.0,Janthinobacterium sp. 1_2014MBL_MicDiv,2338.0
4931,375286,0.0,Janthinobacterium sp. Marseille,1238.0
4932,1236179,0.0,Janthinobacterium sp. B9-8,1500.0
4933,55508,0.0,Janthinobacterium agaricidamnosum,4629.0
4934,2590869,0.0,Janthinobacterium tructae,1623.0
4935,368607,0.0,Janthinobacterium svalbardensis,1370.0
4936,29581,0.0,Janthinobacterium lividum,2911.0
4937,847,0.0,Oxalobacter formigenes,12088.0
4938,933080,0.0,Oxalobacter vibrioformis,1983.0
4939,158899,0.0,Collimonas fungivorans,3372.0
4940,279058,0.0,Collimonas arenae,3283.0
4941,279113,0.0,Collimonas pratensis,2329.0
4942,34071,0.0,Telluria mixta,3971.0
4943,34070,0.0,Telluria chitinolytica,2480.0
4944,1809410,0.0,Herminiimonas arsenitoxidans,1551.0
4945,2058624,0.0,Undibacterium sp. KW1,1708.0
4946,2058625,0.0,Undibacterium sp. YM2,1234.0
4947,401471,0.0,Undibacterium parvum,1493.0
4948,3039386,0.0,Rugamonas sp. DEMB1,4689.0
4949,2807626,0.0,Glaciimonas sp. PAMC28666,796.0
4950,2601898,0.0,Noviherbaspirillum sp. UKPF54,2912.0
4951,1758194,0.0,Achromobacter sp. AONIH1,2770.0
4952,2860286,0.0,Achromobacter sp. ES-001,2195.0
4953,2282475,0.0,Achromobacter sp. B7,1157.0
4954,1881016,0.0,Achromobacter sp. MFA1 R4,1649.0
9561,2846017,0.0,Qeihnovirus defluviicola,25.0
4956,32002,0.0,Achromobacter denitrificans,5666.0
4957,217204,0.0,Achromobacter insolitus,3351.0
9560,10255,0.0,Orthopoxvirus Variola virus,14.0
4959,1389922,0.0,Achromobacter mucicolens,3873.0
4960,1353891,0.0,Achromobacter deleyi,4551.0
4961,1353889,0.0,Achromobacter pestifer,2878.0
4962,463025,0.0,Bordetella bronchialis,3042.0
4963,1746199,0.0,Bordetella sp. N,3490.0
4964,1697043,0.0,Bordetella sp. H567,2413.0
4965,1416806,0.0,Bordetella genomosp. 8,3031.0
4966,463040,0.0,Bordetella genomosp. 13,2867.0
4967,1331258,0.0,Bordetella pseudohinzii,1818.0
4968,94624,0.0,Bordetella petrii,5267.0
4969,103855,0.0,Bordetella hinzii,5201.0
4970,35814,0.0,Bordetella holmesii,1936.0
4971,463014,0.0,Bordetella flabilis,2468.0
4972,123899,0.0,Bordetella trematum,3262.0
4973,521,0.0,Bordetella avium,2138.0
4974,518,0.0,Bordetella bronchiseptica,6160.0
4975,2991054,0.0,Alcaligenes sp. SMD-FA,194.0
4976,2813780,0.0,Alcaligenes sp. SORT26,1565.0
4977,2953809,0.0,Alcaligenes sp. 1735tsa3,601.0
4978,511,0.0,Alcaligenes faecalis,7012.0
4979,2163011,0.0,Orrella marina,2243.0
4980,1851544,0.0,Orrella dioscoreae,4451.0
4981,2782176,0.0,Orrella daihaiensis,1139.0
4982,2962065,0.0,Pusillimonas sp. M17,2974.0
4983,1007105,0.0,Pusillimonas sp. T7-7,1510.0
4984,2716226,0.0,Pusillimonas sp. DMV24BSW_D,1350.0
4985,2028345,0.0,Pusillimonas thiosulfatoxidans,1632.0
4986,1940612,0.0,Pigmentiphaga aceris,2879.0
4987,2488560,0.0,Pigmentiphaga sp. H8,2157.0
4988,90244,0.0,Oligella ureolytica,5614.0
4989,90245,0.0,Oligella urethralis,1270.0
4990,302406,0.0,Advenella mimigardefordensis,1722.0
4991,310575,0.0,Advenella kashmirensis,1520.0
4992,2901142,0.0,Paralcaligenes sp. KSB-10,2461.0
4993,2980099,0.0,Paenalcaligenes faecalis,7197.0
4994,643674,0.0,Paenalcaligenes hominis,721.0
4995,75697,0.0,Castellaniella defragrans,2624.0
4996,1472345,0.0,Basilea psittacipulmonis,1623.0
4997,29575,0.0,Taylorella equigenitalis,10557.0
4998,206506,0.0,Kerstersia gyiorum,2134.0
4999,2652177,0.0,Pelistega ratti,3564.0
5000,413882,0.0,Caldimonas brevitalea,3490.0
5001,376175,0.0,Caldimonas Schlegelella aquatica,4138.0
5002,215580,0.0,Caldimonas thermodepolymerans,4084.0
5003,639200,0.0,Sphaerotilus sulfidivorans,4269.0
5004,2914710,0.0,Sphaerotilus sp. FB-5,4965.0
5005,1658665,0.0,Mitsuaria sp. 7,4428.0
5006,2995138,0.0,Roseateles sp. SL47,3289.0
5007,2978473,0.0,Roseateles sp. BIM B-1768,3367.0
5008,76731,0.0,Roseateles depolymerans,2613.0
5009,36863,0.0,Ideonella dechloratans,4871.0
5010,105560,0.0,Methylibium petroleiphilum,2435.0
5011,2082386,0.0,Methylibium sp. Pch-M,1824.0
5012,391953,0.0,Aquincola tertiaricarbonis,4985.0
5013,392593,0.0,Inhella inkyongensis,2254.0
5014,28068,0.0,Rubrivivax gelatinosus,5116.0
5015,3037797,0.0,Piscinibacter sp. XHJ-5,4434.0
5016,34029,0.0,Leptothrix cholodnii,2989.0
5017,926,0.0,Thiomonas intermedia,2283.0
5018,1050370,0.0,Thiomonas sp. X19,2917.0
5019,426114,0.0,Thiomonas arsenitoxydans,1628.0
2,29362,0.0,Ruminiclostridium papyrosolvens,35473.0
5021,946333,0.0,Rhizobacter gummiphilus,4771.0
5022,1296669,0.0,Aquabacterium olei,3036.0
5023,2898431,0.0,Aquabacterium sp. J223,3218.0
5024,2697032,0.0,Xylophilus rhododendri,4483.0
5025,1768242,0.0,Paucibacter sp. KCTC 42545,3086.0
5026,1561003,0.0,Candidatus Ichthyocystis hellenicum,1803.0
5027,307486,0.0,Tepidimonas taiwanensis,2102.0
5028,641148,0.0,Neisseria sp. oral taxon 014,1437.0
5029,1871109,0.0,Neisseria sp. RH3002v2g,3199.0
5030,2912675,0.0,Neisseria sp. Dent CA1/247,917.0
5031,2912188,0.0,Neisseria sp. ZJ106,1660.0
5032,2709396,0.0,Neisseria sp. ZJ785,1062.0
5033,655307,0.0,Neisseria sp. KEM232,2069.0
5034,2972775,0.0,Neisseria sp. Marseille-Q5346,2204.0
5035,28091,0.0,Neisseria weaveri,1911.0
5036,492,0.0,Neisseria animalis,1567.0
5037,28449,0.0,Neisseria subflava,20431.0
5038,490,0.0,Neisseria sicca,6268.0
9562,1458860,0.0,,18.0
5040,495,0.0,Neisseria elongata,6461.0
5041,607711,0.0,Neisseria wadsworthii,2584.0
5042,496,0.0,Neisseria macacae,3014.0
5043,493,0.0,Neisseria canis,1736.0
5044,488,0.0,Neisseria mucosa,6842.0
5045,486,0.0,Neisseria lactamica,4290.0
5046,487,0.0,Neisseria meningitidis,9749.0
5047,607712,0.0,Neisseria shayeganii,1954.0
5048,484,0.0,Neisseria flavescens,1941.0
5049,1853278,0.0,Neisseria chenwenguii,6888.0
5050,1815583,0.0,Neisseria musculi,862.0
5051,1470200,0.0,Neisseria arctica,1512.0
5052,485,0.0,Neisseria gonorrhoeae,2839.0
5053,326523,0.0,Neisseria zoodegmatis,858.0
5054,326522,0.0,Neisseria animaloris,3721.0
5055,267212,0.0,Neisseria bacilliformis,1826.0
5056,483,0.0,Neisseria cinerea,1135.0
5057,1931275,0.0,Neisseria dumasiana,1472.0
5058,640030,0.0,Neisseria zalophi,1242.0
5059,502,0.0,Kingella denitrificans,4542.0
5060,504,0.0,Kingella kingae,2503.0
5061,505,0.0,Kingella oralis,2635.0
5062,265175,0.0,Kingella potus,1773.0
9563,2733598,0.0,Drulisvirus minorna,69.0
5064,2809020,0.0,Paralysiella testudinis,3260.0
5065,2528037,0.0,Eikenella exigua,1198.0
5066,539,0.0,Eikenella corrodens,5694.0
5067,252130,0.0,Uruburuella suis,2744.0
5068,1282863,0.0,Uruburuella testudinis,2024.0
5069,153493,0.0,Conchiformibius steedae,1879.0
9564,1458859,0.0,,25.0
5071,2067065,0.0,Aquella oligotrophica,1898.0
5072,153491,0.0,Alysiella crassa,1201.0
5073,2290923,0.0,Crenobacter cavernae,2478.0
5074,2917790,0.0,Wielerella bovis,2657.0
5075,682798,0.0,Chitinolyticbacter meiyuanensis,1675.0
5076,63,0.0,Vitreoscilla filiformis,2147.0
5077,61,0.0,Vitreoscilla stercoraria,224.0
5078,72,0.0,Simonsiella muelleri,1545.0
5079,2953890,0.0,Chromobacterium sp. IIBBL 290-4,3153.0
5080,2735795,0.0,Chromobacterium sp. Beijing,1047.0
5081,2059672,0.0,Chromobacterium sp. ATCC 53434,2990.0
5082,1108595,0.0,Chromobacterium vaccinii,3443.0
5083,2202141,0.0,Chromobacterium phragmitis,3014.0
5084,536,0.0,Chromobacterium violaceum,4181.0
5085,1382803,0.0,Chromobacterium amazonense,1548.0
5086,2605945,0.0,Chromobacterium paludis,2800.0
5087,394935,0.0,Chromobacterium haemolyticum,4413.0
5088,537,0.0,Iodobacter fluviatilis,1719.0
5089,2496266,0.0,Iodobacter ciconiae,1741.0
5090,2806263,0.0,Paludibacterium sp. B53371,3487.0
5091,1225769,0.0,Paludibacterium paludis,2949.0
5092,400061,0.0,Paludibacterium yongneupense,2957.0
5093,2981137,0.0,Chitiniphilus sp. CD1,4769.0
5094,168471,0.0,Laribacter hongkongensis,4908.0
5095,2877939,0.0,Vogesella sp. XCS3,3433.0
5096,1192162,0.0,Vogesella sp. LIG4,2597.0
5097,57480,0.0,Microvirgula aerodenitrificans,3558.0
5098,2865840,0.0,Deefgea tanakiae,2028.0
5099,2739061,0.0,Deefgea piscis,2343.0
5100,519081,0.0,Aquitalea denitrificans,3019.0
5101,1537400,0.0,Aquitalea aquatilis,1702.0
5102,1590041,0.0,Aquitalea sp. USM4,2920.0
5103,332411,0.0,Aquitalea magnusonii,2081.0
5104,1938604,0.0,Aquaspirillum sp. LM1,2141.0
5105,2980100,0.0,Silvimonas sp. 17_6,2003.0
9565,3048195,0.0,Alphabaculovirus maconfiguratae,19.0
5107,1009682,0.0,Jeongeupia sp. HS-3,2285.0
5108,1737446,0.0,Chitinibacter fontanus,1815.0
5109,2739434,0.0,Chitinibacter bivalviorum,1503.0
5110,748280,0.0,Pseudogulbenkiania sp. NH8B,3295.0
5111,2005884,0.0,Thauera sp. K11,4616.0
5112,2944810,0.0,Thauera sp. GDN1,2710.0
5113,85643,0.0,Thauera sp. MZ1T,3903.0
5114,2897772,0.0,Thauera sp. WB-2,2975.0
5115,59405,0.0,Thauera aromatica,2994.0
5116,96773,0.0,Thauera chlorobenzoica,1570.0
5117,1134435,0.0,Thauera humireducens,2565.0
5118,418699,0.0,Azoarcus olearius,3777.0
5119,748247,0.0,Azoarcus sp. KH32C,2960.0
5120,2027405,0.0,Azoarcus sp. DD4,4426.0
5121,2815343,0.0,Nitrogeniibacter aestuarii,2341.0
5122,2016596,0.0,Nitrogeniibacter mangrovi,4356.0
5123,41977,0.0,Parazoarcus communis,6333.0
5124,2067960,0.0,Pseudazoarcus pumilus,2643.0
5125,2184083,0.0,Pseudothauera hydrothermalis,2640.0
5126,2231055,0.0,Dechloromonas sp. HYN0024,2266.0
5127,447588,0.0,Dechloromonas sp. A34,3270.0
5128,2654218,0.0,Dechloromonas sp. TW-R-39-2,1366.0
9566,2365044,0.0,Moineauvirus Streptococcus phage CHPC877,69.0
5130,76259,0.0,Ferribacterium limneticum,6526.0
5131,138118,0.0,Quatrionicoccus australiensis,2461.0
5132,1735038,0.0,Oryzomicrobium terrae,3496.0
5133,404405,0.0,Azospira restricta,5748.0
5134,2785627,0.0,Azospira inquinata,2229.0
5135,551760,0.0,Aromatoleum aromaticum,2608.0
5136,76116,0.0,Aromatoleum petrolei,4241.0
5137,76115,0.0,Aromatoleum bremense,1739.0
5138,2811415,0.0,Niveibacterium microcysteis,3811.0
5139,1751046,0.0,Fluviibacter phosphoraccumulans,686.0
5140,1662285,0.0,Methylophilus sp. TWE2,1503.0
5141,2588534,0.0,Methylophilus medardicus,787.0
5142,17,0.0,Methylophilus methylotrophus,1326.0
5143,1581680,0.0,Candidatus Methylopumilus turicensis,1045.0
5144,1581557,0.0,Candidatus Methylopumilus planktonicus,2197.0
5145,2588536,0.0,Candidatus Methylopumilus universalis,4592.0
5146,359408,0.0,Methylotenera mobilis,1218.0
5147,1055487,0.0,Methylotenera versatilis,2938.0
5148,266009,0.0,Methylovorus glucosotrophus,935.0
5149,887061,0.0,Methylovorus sp. MP688,1692.0
5150,2778876,0.0,Methyloradius palustris,1327.0
5151,405,0.0,Methylobacillus flagellatus,1810.0
5152,2600596,0.0,Sideroxydans sp. CL21,2108.0
5153,63745,0.0,Sideroxydans lithotrophicus,2600.0
5154,370405,0.0,Gallionella capsiferriformans,2235.0
5155,453162,0.0,Candidatus Nitrotoga arctica,1378.0
5156,2559597,0.0,Candidatus Nitrotoga sp. AM1P,970.0
5157,2764705,0.0,Sideroxyarcus emersonii,1922.0
5158,1188319,0.0,Ferriphaselus amnicola,1414.0
9567,2365029,0.0,Brussowvirus Streptococcus phage CHPC1152,318.0
5160,1981880,0.0,Denitratisoma sp. DHT3,3852.0
5161,311182,0.0,Denitratisoma oestradiolicum,2246.0
5162,1842540,0.0,Methyloversatilis sp. RAC08,2689.0
5163,157592,0.0,Sterolibacterium denitrificans,4010.0
5164,1565605,0.0,Rugosibacter aromaticivorans,1822.0
9568,2894779,0.0,Wbetavirus Bacillus Phage vB_BanS_McSteamy,30.0
5166,915,0.0,Nitrosomonas europaea,3126.0
5167,44577,0.0,Nitrosomonas ureae,3654.0
5168,916,0.0,Nitrosomonas eutropha,1322.0
5169,1444684,0.0,Nitrosomonas stercoris,1389.0
5170,1231,0.0,Nitrosospira multiformis,1595.0
5171,1985873,0.0,Sulfuriferula sp. AH1,2834.0
5172,171865,0.0,Sulfuriferula plumbiphila,2349.0
5173,2675298,0.0,Sulfuriferula nivalis,1283.0
5174,649841,0.0,Sulfuricella denitrificans,1700.0
5175,2715678,0.0,Sulfurimicrobium lacus,2471.0
5176,2732067,0.0,Usitatibacter rugosus,2810.0
5177,2732487,0.0,Usitatibacter palustris,1738.0
9569,1176422,0.0,,12.0
5179,36861,0.0,Thiobacillus denitrificans,2330.0
5180,1576550,0.0,Candidatus Kinetoplastibacterium sorsogonicusi,3714.0
5181,994692,0.0,Candidatus Kinetoplastibacterium desouzaii,2075.0
5182,994695,0.0,Candidatus Kinetoplastibacterium galatii,1638.0
5183,233181,0.0,Candidatus Kinetoplastibacterium blastocrithidii,1305.0
5184,994696,0.0,Candidatus Kinetoplastibacterium oncopeltii,1420.0
5185,2591109,0.0,Casimicrobium huifangae,2195.0
5186,1160784,0.0,Candidatus Nasuia deltocephalinicola,828.0
5187,2661583,0.0,Candidatus Profftella armatura (Diaphorina cf. continua),821.0
5188,416213,0.0,Ferrovum myxofaciens,1402.0
5189,2603277,0.0,Rhizobium sp. WL3,2072.0
5190,3019602,0.0,Rhizobium sp. 32-5/1,2206.0
5191,2775403,0.0,Rhizobium sp. TH2,2349.0
5192,2020312,0.0,Rhizobium sp. CIAT894,1982.0
5193,3039156,0.0,Rhizobium sp. CB3090,1638.0
5194,2028343,0.0,Rhizobium sp. 11515TR,2556.0
5195,2849093,0.0,Rhizobium sp. WYJ-E13,2529.0
5196,2918527,0.0,Rhizobium sp. K102,1663.0
5197,2731112,0.0,Rhizobium sp. NLR16a,1700.0
5198,2919917,0.0,Rhizobium sp. SSM4.3,646.0
5199,1981173,0.0,Rhizobium sp. NXC14,1596.0
5200,1301032,0.0,Rhizobium sp. IE4771,765.0
5201,2806346,0.0,Rhizobium sp. SL42,2076.0
5202,2020311,0.0,Rhizobium sp. Kim5,1289.0
5203,1571470,0.0,Rhizobium sp. ACO-34A,2472.0
5204,2795216,0.0,Rhizobium sp. AB2/73,2035.0
5205,2917727,0.0,Rhizobium sp. C104,1344.0
5206,2815360,0.0,Rhizobium sp. X9,2593.0
5207,3039157,0.0,Rhizobium sp. CB3171,832.0
5208,2819994,0.0,Rhizobium sp. B230/85,1426.0
5209,2613770,0.0,Rhizobium sp. BG4,2439.0
5210,1223565,0.0,Rhizobium sp. Pop5,1319.0
5211,2979863,0.0,Rhizobium sp. TRM96650,354.0
5212,2979862,0.0,Rhizobium sp. TRM95796,409.0
5213,2895568,0.0,Rhizobium sp. RCAM05350,144.0
5214,2785056,0.0,Rhizobium sp. 007,1385.0
5215,2731096,0.0,Rhizobium sp. NZLR1,1775.0
9570,2500560,0.0,,29.0
5217,398,0.0,Rhizobium tropici,3491.0
5218,240521,0.0,Rhizobium daejeonense,1935.0
5219,379684,0.0,Rhizobium pseudoryzae,2214.0
5220,1138189,0.0,Rhizobium bangladeshense,2046.0
5221,451876,0.0,Rhizobium rhizoryzae,2578.0
5222,1368430,0.0,Rhizobium rosettiformans,1432.0
5223,2267833,0.0,Rhizobium oryzihabitans,3420.0
5224,1395951,0.0,Rhizobium gei,1612.0
5225,1312183,0.0,Rhizobium jaguaris,2216.0
5226,1138190,0.0,Rhizobium binae,1117.0
5227,1076926,0.0,Rhizobium laguerreae,1022.0
5228,56730,0.0,Rhizobium gallicum,3128.0
5229,29449,0.0,Rhizobium etli,5602.0
5230,2041385,0.0,Rhizobium tumorigenes,3228.0
5231,2583231,0.0,Rhizobium indicum,1691.0
5232,50338,0.0,Rhizobium sullae,2422.0
5233,396,0.0,Rhizobium phaseoli,2878.0
5234,2867516,0.0,Rhizobium croatiense,397.0
9571,186805,0.0,Capripoxvirus Goatpox virus,18.0
9572,2560365,0.0,Orthobunyavirus Cachoeira Porteira orthobunyavirus,12.0
5237,2820002,0.0,Agrobacterium sp. S7/73,691.0
5238,2580515,0.0,Agrobacterium sp. T29,1409.0
5239,160699,0.0,Agrobacterium larrymoorei,4008.0
5240,28099,0.0,Agrobacterium rubi,5357.0
5241,2735528,0.0,Agrobacterium vaccinii,4585.0
5242,1183413,0.0,Agrobacterium salinitolerans,2271.0
5243,648995,0.0,Agrobacterium pusense,6954.0
5244,373,0.0,Agrobacterium vitis,3736.0
5245,2862866,0.0,Agrobacterium cucumeris,879.0
5246,2792015,0.0,Agrobacterium leguminum,1413.0
5247,399,0.0,Neorhizobium galegae,6724.0
5248,2060726,0.0,Neorhizobium sp. SOG26,2707.0
5249,515361,0.0,Neorhizobium petrolearium,5337.0
5250,3031126,0.0,Pararhizobium sp. T808,2916.0
5251,2986920,0.0,Pararhizobium sp. YC-54,3064.0
5252,2986923,0.0,Pararhizobium sp. BT-229,2361.0
5253,1612624,0.0,Pararhizobium polonicum,270.0
5254,1335061,0.0,Pseudorhizobium flavum,2078.0
5255,1125847,0.0,Pseudorhizobium banfieldiae,1848.0
5256,3025782,0.0,Allorhizobium ampelinum,1812.0
9573,2254,0.0,Haloferax lucentense,84.0
9574,96495,0.0,Wolbachia endosymbiont of Brugia pahangi,24.0
5259,716925,0.0,Sinorhizobium sojae,3418.0
5260,2613773,0.0,Sinorhizobium sp. BG8,2879.0
5261,194963,0.0,Sinorhizobium americanum,2467.0
5262,375549,0.0,Sinorhizobium mexicanum,1624.0
5263,110322,0.0,Sinorhizobium terangae,1968.0
5264,1752398,0.0,Sinorhizobium alkalisoli,2446.0
5265,680247,0.0,Sinorhizobium garamanticum,1644.0
5266,680248,0.0,Sinorhizobium numidicum,1730.0
5267,110321,0.0,Sinorhizobium medicae,2882.0
9575,2560778,0.0,Lacusarxvirus lacusarx,12.0
5269,2811423,0.0,Ensifer sp. PDNC004,3640.0
5270,555315,0.0,Ensifer sp. T173,376.0
5271,2715959,0.0,Shinella sp. PSBB067,4361.0
5272,2877941,0.0,Shinella sp. XGS7,5233.0
5273,879274,0.0,Shinella sp. HZN7,5843.0
5274,2919913,0.0,Shinella sp. B3.7,773.0
5275,2925841,0.0,Shinella sp. H4-D48,2342.0
5276,352475,0.0,Shinella zoogloeoides,6987.0
5277,2871820,0.0,Shinella oryzae,1791.0
5278,1273132,0.0,Liberibacter crescens,1467.0
5279,34020,0.0,Liberibacter Candidatus Liberibacter africanus,5862.0
5280,309868,0.0,Liberibacter Candidatus Liberibacter americanus,2053.0
5281,34021,0.0,Liberibacter Candidatus Liberibacter asiaticus,606.0
5282,2341112,0.0,Georhizobium profundi,3132.0
5283,1813451,0.0,Peteryoungia desertarenae,1634.0
9576,2845387,0.0,Ceduovirus CHPC1020,54.0
5285,288000,0.0,Bradyrhizobium sp. BTAi1,4770.0
5286,2782659,0.0,Bradyrhizobium sp. 191,1718.0
5287,858422,0.0,Bradyrhizobium sp. CCBAU 051011,1586.0
5288,2782641,0.0,Bradyrhizobium sp. 170,3189.0
5289,2057741,0.0,Bradyrhizobium sp. SK17,2126.0
5290,114615,0.0,Bradyrhizobium sp. ORS 278,2916.0
5291,3039153,0.0,Bradyrhizobium sp. CB1650,1537.0
5292,2736875,0.0,Bradyrhizobium sp. 14AB,1737.0
5293,1521768,0.0,Bradyrhizobium sp. WD16,2857.0
5294,115808,0.0,Bradyrhizobium sp. ORS 285,3688.0
25,1488,0.0,Clostridium acetobutylicum,47100.0
5296,3039158,0.0,Bradyrhizobium sp. CB3481,2071.0
5297,3039154,0.0,Bradyrhizobium sp. CB1717,1522.0
5298,1325120,0.0,Bradyrhizobium sp. CCBAU 53421,1543.0
5299,1325102,0.0,Bradyrhizobium sp. CCBAU 51765,1069.0
5300,1404888,0.0,Bradyrhizobium sp. 1(2017),1702.0
5301,439387,0.0,Bradyrhizobium sp. CIAT3101,1651.0
5302,2976823,0.0,Bradyrhizobium sp. CB1024,1299.0
5303,1325100,0.0,Bradyrhizobium sp. CCBAU 51753,2095.0
5304,2590772,0.0,Bradyrhizobium sp. I71,1243.0
5305,3039155,0.0,Bradyrhizobium sp. CB2312,1367.0
5306,2782654,0.0,Bradyrhizobium sp. 186,2256.0
5307,1325114,0.0,Bradyrhizobium sp. CCBAU 53351,4857.0
5308,2782665,0.0,Bradyrhizobium sp. 200,2114.0
5309,2898149,0.0,Bradyrhizobium sp. A19,2552.0
5310,1404443,0.0,Bradyrhizobium sp. 41S5,1586.0
5311,574727,0.0,Bradyrhizobium sp. C-145,1192.0
5312,2782662,0.0,Bradyrhizobium sp. 195,835.0
5313,55395,0.0,Bradyrhizobium sp. NC92,783.0
5314,1325111,0.0,Bradyrhizobium sp. CCBAU 53338,831.0
5315,2597515,0.0,Bradyrhizobium sp. SEMIA,341.0
5316,2976822,0.0,Bradyrhizobium sp. CB1015,1104.0
5317,1197460,0.0,Bradyrhizobium sp. 6(2017),821.0
5318,376,0.0,Bradyrhizobium sp.,2292.0
5319,1437360,0.0,Bradyrhizobium erythrophlei,6546.0
5320,280333,0.0,Bradyrhizobium pachyrhizi,1185.0
5321,83627,0.0,Bradyrhizobium genosp. B,1175.0
5322,1355477,0.0,Bradyrhizobium diazoefficiens,11549.0
5323,1404367,0.0,Bradyrhizobium symbiodeficiens,1992.0
5324,2840469,0.0,Bradyrhizobium sediminis,3708.0
5325,1549949,0.0,Bradyrhizobium vignae,2645.0
5326,2821406,0.0,Bradyrhizobium australafricanum,1304.0
5327,2992140,0.0,Bradyrhizobium barranii,4177.0
5328,722472,0.0,Bradyrhizobium lablabi,4979.0
5329,190148,0.0,Bradyrhizobium paxllaeri,1529.0
5330,1274631,0.0,Bradyrhizobium icense,1511.0
5331,931866,0.0,Bradyrhizobium ottawaense,1372.0
5332,858423,0.0,Bradyrhizobium arachidis,6196.0
5333,2748629,0.0,Bradyrhizobium quebecense,2388.0
5334,83637,0.0,Bradyrhizobium genosp. L,1736.0
5335,244734,0.0,Bradyrhizobium betae,3184.0
5336,44255,0.0,Bradyrhizobium oligotrophicum,3156.0
5337,375,0.0,Bradyrhizobium japonicum,14904.0
5338,1325115,0.0,Bradyrhizobium guangxiense,1686.0
26,332101,0.0,Clostridium drakei,33681.0
5340,993502,0.0,Bradyrhizobium daqingense,1419.0
5341,1325095,0.0,Bradyrhizobium guangzhouense,1855.0
5342,1404864,0.0,Bradyrhizobium cosmicum,1959.0
5343,1404411,0.0,Bradyrhizobium septentrionale,1348.0
5344,255045,0.0,Bradyrhizobium canariense,6313.0
5345,1325107,0.0,Bradyrhizobium zhanjiangense,1076.0
5346,475937,0.0,Rhodopseudomonas boonkerdii,3164.0
5347,340268,0.0,Rhodopseudomonas sp. SK50-23,2613.0
27,1497,0.0,Clostridium formicaceticum,24333.0
5349,1404741,0.0,Tardiphaga sp. 37S4,1966.0
5350,2592815,0.0,Tardiphaga sp. vice278,1516.0
5351,943830,0.0,Tardiphaga robiniae,1693.0
5352,290,0.0,Afipia [Pseudomonas] carboxydohydrogena,1655.0
5353,1882747,0.0,Afipia sp. GAS231,2057.0
5354,40137,0.0,Afipia carboxidovorans,1362.0
5355,913,0.0,Nitrobacter winogradskyi,1216.0
5356,912,0.0,Nitrobacter hamburgensis,1348.0
5357,1333996,0.0,Variibacter gotjawalensis,1590.0
28,84022,0.0,Clostridium aceticum,20478.0
5359,2897334,0.0,Methylorubrum sp. B1-46,1361.0
5360,2938232,0.0,Methylorubrum sp. GM97,140.0
5361,2603276,0.0,Methylobacterium sp. WL1,1930.0
5362,2984843,0.0,Methylobacterium sp. FF17,2928.0
5363,2202826,0.0,Methylobacterium sp. 17Sr1-1,1991.0
5364,2894310,0.0,Methylobacterium sp. NMS14P,2034.0
5365,2718876,0.0,Methylobacterium sp. SyP6R,455.0
5366,739141,0.0,Methylobacterium sp. XJLW,1863.0
5367,2202828,0.0,Methylobacterium radiodurans,2601.0
5368,1775910,0.0,Methylobacterium indicum,3066.0
5369,269660,0.0,Methylobacterium brachiatum,4705.0
5370,334852,0.0,Methylobacterium oryzae,4549.0
5371,410,0.0,Methylobacterium organophilum,3017.0
5372,270351,0.0,Methylobacterium aquaticum,4696.0
5373,2202825,0.0,Methylobacterium durans,2794.0
5374,374432,0.0,Methylobacterium tardum,2925.0
29,1548,0.0,Clostridium scatologenes,26556.0
5376,39956,0.0,Methylobacterium mesophilicum,1410.0
5377,2202827,0.0,Methylobacterium terrae,2446.0
5378,2051553,0.0,Methylobacterium currus,2736.0
5379,2807101,0.0,Microvirga sp. VF16,3722.0
30,223919,0.0,Clostridium diolis,30924.0
5381,2082949,0.0,Microvirga sp. 17 mud 1-3,2601.0
5382,1882682,0.0,Microvirga ossetica,3482.0
5383,2108445,0.0,Mesorhizobium sp. DCY119,2948.0
5384,2654249,0.0,Mesorhizobium sp. NBSH29,1965.0
5385,2584466,0.0,Mesorhizobium sp. 8,3141.0
5386,2493677,0.0,Mesorhizobium sp. M6A.T.Cr.TU.016.01.1.1,4277.0
5387,3038539,0.0,Mesorhizobium sp. WSM4875,623.0
5388,2777475,0.0,Mesorhizobium sp. J8,1952.0
5389,2493679,0.0,Mesorhizobium sp. M8A.F.Ca.ET.057.01.1.1,1749.0
5390,2493671,0.0,Mesorhizobium sp. M2A.F.Ca.ET.043.05.1.1,2681.0
5391,2865838,0.0,Mesorhizobium sp. AR07,2845.0
5392,2654248,0.0,Mesorhizobium sp. INR15,1026.0
5393,2589976,0.0,Mesorhizobium sp. B1-1-8,1593.0
5394,2589888,0.0,Mesorhizobium sp. B4-1-4,1291.0
5395,2744516,0.0,Mesorhizobium sp. 113-3-3,1707.0
5396,2865839,0.0,Mesorhizobium sp. AR10,1889.0
5397,2082387,0.0,Mesorhizobium sp. Pch-S,3887.0
5398,2493675,0.0,Mesorhizobium sp. M4B.F.Ca.ET.058.02.1.1,1671.0
5399,2744520,0.0,Mesorhizobium sp. 131-3-5,950.0
5400,2744518,0.0,Mesorhizobium sp. 131-2-1,2605.0
5401,2589974,0.0,Mesorhizobium sp. B2-1-1,1244.0
5402,2744515,0.0,Mesorhizobium sp. 113-1-2,2308.0
5403,2493680,0.0,Mesorhizobium sp. M1A.F.Ca.IN.022.06.1.1,470.0
5404,2493676,0.0,Mesorhizobium sp. M3A.F.Ca.ET.080.04.2.1,1675.0
5405,1854057,0.0,Mesorhizobium sp. AA22,1855.0
5406,2483402,0.0,Mesorhizobium sp. NZP2234,1244.0
5407,2483403,0.0,Mesorhizobium sp. NZP2298,1895.0
5408,2493670,0.0,Mesorhizobium sp. M2A.F.Ca.ET.043.02.1.1,1182.0
5409,2744521,0.0,Mesorhizobium sp. L-2-11,2009.0
5410,2493678,0.0,Mesorhizobium sp. M7D.F.Ca.US.005.01.1.1,1416.0
5411,2493668,0.0,Mesorhizobium sp. M9A.F.Ca.ET.002.03.1.2,2222.0
5412,2493669,0.0,Mesorhizobium sp. M1D.F.Ca.ET.043.01.1.1,2335.0
5413,2493673,0.0,Mesorhizobium sp. M1B.F.Ca.ET.045.04.1.1,2056.0
5414,2493681,0.0,Mesorhizobium sp. M7A.F.Ce.TU.012.03.2.1,3926.0
5415,2744523,0.0,Mesorhizobium sp. L-8-10,4488.0
5416,2744522,0.0,Mesorhizobium sp. L-8-3,2918.0
5417,3038546,0.0,Mesorhizobium sp. WSM4906,2519.0
5418,381,0.0,Mesorhizobium loti,2532.0
5419,2066070,0.0,Mesorhizobium japonicum,2096.0
5420,1777866,0.0,Mesorhizobium erdmanii,1232.0
5421,28104,0.0,Mesorhizobium huakuii,1275.0
5422,2775404,0.0,Mesorhizobium onobrychidis,1232.0
5423,2725666,0.0,Mesorhizobium terrae,2122.0
5424,593909,0.0,Mesorhizobium opportunistum,2041.0
5425,71433,0.0,Mesorhizobium amorphae,899.0
5426,536018,0.0,Mesorhizobium australicum,1009.0
5427,39645,0.0,Mesorhizobium ciceri,2965.0
5428,374606,0.0,Aminobacter sp. MSH1,3614.0
5429,2666139,0.0,Aminobacter sp. MDW-2,2070.0
5430,1756988,0.0,Nitratireductor sp. OM-1,3850.0
5431,2599600,0.0,Nitratireductor sp. SY7,2223.0
5432,430679,0.0,Nitratireductor kimnyeongensis,3255.0
5433,2978392,0.0,Phyllobacterium sp. A18/5-2,2229.0
5434,555317,0.0,Phyllobacterium sp. T1293,2260.0
5435,2718938,0.0,Phyllobacterium sp. 628,1856.0
5436,555316,0.0,Phyllobacterium sp. T1018,1630.0
5437,1867719,0.0,Phyllobacterium zundukense,5283.0
5438,1670800,0.0,Aquibium oceanicum,2994.0
5439,675281,0.0,Aquibium microcysteis,3161.0
5440,244596,0.0,Hoeflea phototrophica,2674.0
5441,1620421,0.0,Hoeflea sp. IMCC20628,1799.0
5442,1852022,0.0,Roseitalea porphyridii,3007.0
5443,2712698,0.0,Salaquimonas pukyongi,1263.0
5444,3028735,0.0,Chelativorans sp. AA-79,3173.0
5445,2742145,0.0,Oricola thermophila,2361.0
5446,2305987,0.0,Lentilitoribacter sp. Alg239-R112,1881.0
5447,280,0.0,Xanthobacter autotrophicus,4768.0
31,1538,0.0,Clostridium ljungdahlii,14147.0
32,84023,0.0,Clostridium autoethanogenum,13666.0
5450,3039801,0.0,Ancylobacter sp. WKF20,2474.0
5451,1850374,0.0,Ancylobacter sp. TS-1,2223.0
5452,2995166,0.0,Ancylobacter sp. SL191,2510.0
5453,223390,0.0,Ancylobacter polymorphus,4442.0
5454,1745854,0.0,Ancylobacter pratisalsi,2554.0
5455,2709380,0.0,Starkeya sp. ORNL1,3722.0
33,2855394,0.0,Crassaminicella indica,44629.0
5457,2562284,0.0,Pseudolabrys sp. FHR47,3286.0
5458,331696,0.0,Pseudolabrys taiwanensis,2813.0
5459,2789216,0.0,Labrys sp. KNU-23,3754.0
35,1286698,0.0,Crassaminicella profunda,35390.0
5461,7,0.0,Azorhizobium caulinodans,3318.0
5462,3026161,0.0,Devosia sp. J2-20,2248.0
5463,2759954,0.0,Devosia sp. MC521,2029.0
5464,2976680,0.0,Devosia sp. FJ2-5-3,2773.0
5465,2976459,0.0,Devosia sp. SD17-2,3637.0
5466,3026418,0.0,Devosia sp. G20-9,1324.0
5467,1736675,0.0,Devosia sp. A16,3565.0
5468,2806348,0.0,Devosia sp. SL43,2497.0
5469,3026423,0.0,Devosia sp. G2-5,1813.0
5470,2083786,0.0,Devosia sp. I507,2120.0
5471,2499144,0.0,Devosia sp. 1566,2274.0
5472,2917991,0.0,Devosia sp. JXJ CY 41,1312.0
5473,2860336,0.0,Devosia salina,3160.0
5474,2657486,0.0,Devosia beringensis,3105.0
5475,191302,0.0,Devosia neptuniae,2737.0
5476,2801335,0.0,Devosia oryziradicis,1430.0
5477,2774137,0.0,Devosia rhizoryzae,1947.0
5478,400770,0.0,Devosia ginsengisoli,2421.0
5479,531813,0.0,Pelagibacterium halotolerans,3417.0
5480,2984530,0.0,Pelagibacterium sp. YIM 151497,2339.0
5481,1447062,0.0,Youhaiella tibetensis,3951.0
5482,1335043,0.0,Paradevosia shaoguanensis,4261.0
5483,454601,0.0,Maritalea myrionectae,2918.0
5484,187304,0.0,Roseibium aggregatum,8720.0
5485,388408,0.0,Roseibium alexandrii,2494.0
5486,3016006,0.0,Roseibium sp. Sym1,3347.0
5487,121719,0.0,Pannonibacter phragmitetus,11171.0
5488,2590016,0.0,Labrenzia sp. PHM005,2111.0
5489,2587861,0.0,Labrenzia sp. THAF82,2263.0
5490,2021862,0.0,Labrenzia sp. VG12,1837.0
5491,538381,0.0,Stappia indica,5197.0
5492,1881061,0.0,Stappia sp. ES.058,1753.0
5493,1898042,0.0,Pseudovibrio brasiliensis,1842.0
5494,911045,0.0,Pseudovibrio sp. FO-BEG1,1889.0
5495,3045175,0.0,Brucella sp. NM4,2512.0
5496,2986924,0.0,Brucella sp. HL-2,1152.0
5497,2691913,0.0,Brucella sp. BO3,628.0
5498,1149953,0.0,Brucella sp. 10RB9215,426.0
5499,571256,0.0,Brucella pituitosa,1428.0
5500,529,0.0,Brucella anthropi,7328.0
5501,370111,0.0,Brucella pseudintermedia,3129.0
5502,94625,0.0,Brucella intermedia,5164.0
5503,2834768,0.0,Pseudochrobactrum algeriensis,2075.0
5504,2879116,0.0,Pseudochrobactrum sp. XF203,2530.0
5505,2864102,0.0,Pseudochrobactrum sp. Wa41.01b-1,1166.0
36,2576307,0.0,Caloramator sp. E03,34331.0
37,3029174,0.0,Caloramator sp. Dgby_cultured_2,35801.0
5508,2816454,0.0,Aureimonas sp. OT7,5428.0
5509,2758041,0.0,Aureimonas mangrovi,3011.0
5510,370622,0.0,Aureimonas altamirensis,1855.0
5511,1701758,0.0,Aureimonas populi,1751.0
5512,686597,0.0,Martelella sp. AD-3,6293.0
5513,1486262,0.0,Martelella endophytica,3434.0
5514,293089,0.0,Martelella mediterranea,4538.0
5515,2583532,0.0,Martelella lutilitoris,2735.0
5516,2986949,0.0,Jiella sp. HL-NP1,3017.0
5517,2906072,0.0,Aurantimonas sp. HBX-1,2301.0
5518,1933904,0.0,Bartonella sp. WD16.2,746.0
5519,2759660,0.0,Bartonella sp. HY038,2320.0
5520,2750929,0.0,Bartonella apihabitans,2144.0
5521,2133959,0.0,Bartonella kosoyi,1586.0
5522,52764,0.0,Bartonella alsatica,934.0
5523,165694,0.0,Bartonella schoenbuchensis,1290.0
5524,2750995,0.0,Bartonella choladocola,1245.0
5525,388640,0.0,Bartonella australis,466.0
5526,807,0.0,Bartonella elizabethae,571.0
5527,2961895,0.0,Bartonella harrusi,9450.0
5528,85701,0.0,Bartonella tribocorum,1639.0
5529,56426,0.0,Bartonella clarridgeiae,687.0
5530,38323,0.0,Bartonella henselae,782.0
5531,33046,0.0,Bartonella taylorii,1147.0
5532,2267275,0.0,Bartonella krasnovii,2621.0
5533,803,0.0,Bartonella quintana,841.0
5534,717785,0.0,Hyphomicrobium sp. MC1,3192.0
5535,3019544,0.0,Hyphomicrobium sp. DMF-1,2229.0
5536,53399,0.0,Hyphomicrobium denitrificans,2627.0
5537,1427356,0.0,Hyphomicrobium nitrativorans,2111.0
5538,1608628,0.0,Filomicrobium Candidatus Filomicrobium marinum,1420.0
5539,1069,0.0,Rhodomicrobium vannielii,3142.0
39,2731219,0.0,Alkaliphilus sp. B6464,40027.0
5541,1384459,0.0,Methyloceanibacter caenitepidi,2996.0
5542,674703,0.0,Rhodoplanes sp. Z2-YC6860,3018.0
5543,2742204,0.0,Methyloligella sp. GL2,2101.0
5544,2599640,0.0,Bosea sp. F3-2,3569.0
5545,1842539,0.0,Bosea sp. RAC05,3443.0
5546,2969621,0.0,Bosea sp. NBC_00550,2904.0
5547,1867715,0.0,Bosea sp. Tri-49,3523.0
5548,2969620,0.0,Bosea sp. NBC_00436,174.0
5549,2020412,0.0,Bosea sp. ANAM02,3006.0
5550,1792307,0.0,Bosea sp. PAMC 26642,1683.0
5551,2015316,0.0,Bosea sp. AS-1,2922.0
40,461876,0.0,Alkaliphilus oremlandii,20137.0
5553,391905,0.0,Methylocystis heyeri,3574.0
5554,2654282,0.0,Methylocystis sp. MJC1,2531.0
5555,187303,0.0,Methylocystis sp. SC2,1303.0
5556,2885079,0.0,Methylocystis sp. SS37A-Re,1666.0
5557,173366,0.0,Methylocystis rosea,3025.0
5558,134,0.0,Methylocystis parvus,2687.0
5559,655015,0.0,Methylocystis bryophila,1915.0
5560,1437009,0.0,Chenggangzhangella methanolivorans,3138.0
5561,2699395,0.0,Methylosinus sp. C49,2303.0
5562,426,0.0,Methylosinus trichosporium,2470.0
5563,2822761,0.0,Methylovirgula sp. HY1,2273.0
5564,569860,0.0,Methylovirgula ligni,2403.0
5565,199596,0.0,Methylocella silvestris,1997.0
5566,227605,0.0,Methylocella tundrae,1774.0
5567,533,0.0,Beijerinckia indica,1689.0
5568,1458461,0.0,Candidatus Phaeomarinobacter ectocarpi,1948.0
42,1424294,0.0,Geosporobacter ferrireducens,27027.0
5570,2593653,0.0,Kaustia mangrovi,4057.0
5571,1712261,0.0,Pyruvatibacter mobilis,2401.0
5572,1868589,0.0,Phreatobacter cathodiphilus,4199.0
44,49118,0.0,Candidatus Arthromitus sp. SFB-mouse,7926.0
5574,2570229,0.0,Phreatobacter sp. NMCR1094,2174.0
5575,708113,0.0,Terrihabitans soli,1459.0
5576,1235591,0.0,Pseudorhodoplanes sinuspersici,3034.0
5577,2712222,0.0,Nordella sp. HKS 07,2323.0
5578,1702325,0.0,Chelatococcus sp. CO-6,3919.0
5579,444444,0.0,Chelatococcus daeguensis,3941.0
5580,1798205,0.0,Cohaesibacter sp. ES.047,2824.0
5581,2304600,0.0,Breoghania sp. L-A4,3522.0
5582,2528642,0.0,Lichenihabitans psoromatis,2357.0
5583,2880932,0.0,Lichenihabitans sp. PAMC28606,765.0
5584,2795690,0.0,Kaistia sp. 32K,3945.0
5585,1482074,0.0,Hartmannibacter diazotrophicus,3432.0
5586,2233851,0.0,Blastochloris tepida,2830.0
5587,1079,0.0,Blastochloris viridis,1939.0
5588,2928472,0.0,Acuticoccus sp. I52.16.1,4708.0
5589,3017781,0.0,Paracoccus sp. SCSIO 75817,3752.0
5590,3017783,0.0,Paracoccus sp. SCSIO 76264,2247.0
5591,3017784,0.0,Paracoccus sp. SCSIO 80058,2294.0
5592,2895796,0.0,Paracoccus sp. MA,2695.0
5593,3030011,0.0,Paracoccus sp. S3-43,3224.0
5594,2760307,0.0,Paracoccus sp. MC1862,2452.0
5595,2589076,0.0,Paracoccus sp. AK26,2294.0
5596,2500532,0.0,Paracoccus sp. Arc7-R13,1992.0
5597,59779,0.0,Paracoccus marcusii,5577.0
5598,147645,0.0,Paracoccus yeei,6051.0
5599,34003,0.0,Paracoccus aminophilus,2069.0
5600,453842,0.0,Paracoccus aestuarii,2062.0
45,1508644,0.0,Candidatus Arthromitus sp. SFB-mouse-NL,8682.0
46,3036945,0.0,Proteiniclasticum sp. QWL-01,40014.0
5603,2812658,0.0,Paracoccus methylovorus,3627.0
5604,2065379,0.0,Paracoccus jeotgali,1941.0
5605,266,0.0,Paracoccus denitrificans,3979.0
5606,2259340,0.0,Paracoccus suum,2615.0
5607,82367,0.0,Paracoccus pantotrophus,2300.0
5608,34002,0.0,Paracoccus alcaliphilus,2406.0
5609,1545044,0.0,Paracoccus sanguinis,3101.0
5610,658446,0.0,Paracoccus fistulariae,3081.0
5611,34007,0.0,Paracoccus versutus,3617.0
48,1498,0.0,Hathewaya histolytica,41013.0
5613,184748,0.0,Paracoccus seriniphilus,2055.0
5614,1077935,0.0,Paracoccus zhejiangensis,3347.0
5615,659350,0.0,Paracoccus stylophorae,2914.0
5616,405559,0.0,Paracoccus saliphilus,1141.0
5617,2903900,0.0,Paracoccus everestensis,3290.0
5618,34004,0.0,Paracoccus aminovorans,2684.0
5619,1499308,0.0,Paracoccus mutanolyticus,761.0
5620,1850250,0.0,Rhodobacter sp. LPB0142,3940.0
5621,2033869,0.0,Rhodobacter sp. CZR27,1530.0
5622,1061,0.0,Rhodobacter capsulatus,5909.0
49,2109686,0.0,Butyricicoccus sp. GAM44,20389.0
5624,1549850,0.0,Thioclava electrotropha,1580.0
5625,308754,0.0,Rhodovulum sp. MB263,1716.0
5626,1564506,0.0,Rhodovulum sp. P5,1870.0
5627,35806,0.0,Rhodovulum sulfidophilum,4375.0
50,52694,0.0,Acetobacterium wieringae,34609.0
5629,1715691,0.0,Cognatishimia activa,2735.0
5630,2588711,0.0,Pelagovum pacificum,3812.0
5631,2483033,0.0,Parasedimentitalea marina,1595.0
5632,2579971,0.0,Paroceanicella profunda,4896.0
5633,2856823,0.0,Gymnodinialimonas ceratoperidinii,3019.0
5634,1335048,0.0,Frigidibacter mobilis,4167.0
5635,2613965,0.0,Pseudopuniceibacterium antarcticum,2126.0
5636,154981,0.0,Aliiroseovarius crassostreae,3698.0
5637,2867010,0.0,Aliiroseovarius sp. M344,734.0
5638,2169400,0.0,Gemmobacter aquarius,2864.0
5639,2840474,0.0,Gemmobacter fulva,2449.0
5640,2758038,0.0,Pontibrevibacter nitratireducens,2359.0
5641,2500533,0.0,Pseudorhodobacter turbinis,2638.0
51,33952,0.0,Acetobacterium woodii,15602.0
5643,1461694,0.0,Pseudooceanicola atlanticus,1752.0
5644,517719,0.0,Pseudooceanicola nitratireducens,1422.0
5645,2748098,0.0,Pikeienuella piscinae,3726.0
5646,991904,0.0,Polymorphum gilvum,3616.0
5647,3039851,0.0,Amylibacter sp. IMCC11727,1438.0
5648,2692330,0.0,Falsirhodobacter sp. PG104,2238.0
5649,1411902,0.0,Pacificitalea manganoxidans,2759.0
52,2184575,0.0,Acetobacterium sp. KB-1,12169.0
5651,1826607,0.0,Silicimonas algicola,1724.0
5652,2789856,0.0,Pontivivens ytuae,2646.0
53,2815577,0.0,Alkalibacter rhizosphaerae,14456.0
5654,2171755,0.0,Profundibacter amoris,1487.0
5655,379347,0.0,Tritonibacter mobilis,2752.0
5656,2807096,0.0,Neotabrizicola shimadae,3116.0
5657,2881234,0.0,Abyssibius alkaniclasticus,1949.0
5658,1075,0.0,Fuscovulum blasticum,2050.0
5659,3042299,0.0,Fuscovulum sp. YMD61,1662.0
5660,2605946,0.0,Pukyongiella litopenaei,2357.0
5661,441209,0.0,Rhodobaca barguzinensis,2069.0
5662,245188,0.0,Yoonia vestfoldensis,2073.0
5663,1267768,0.0,Brevirhabdus pacifica,3871.0
5664,2494374,0.0,Tabrizicola piscis,1675.0
5665,2599296,0.0,Qingshengfaniella alkalisoli,1345.0
5666,664426,0.0,Sulfitobacter sp. BSw21498,1475.0
5667,1389004,0.0,Sulfitobacter sp. SK011,1200.0
5668,2867026,0.0,Sulfitobacter sp. W074,1582.0
5669,2070369,0.0,Sulfitobacter sp. JL08,2407.0
5670,2867023,0.0,Sulfitobacter sp. S223,1851.0
5671,2867022,0.0,Sulfitobacter sp. S190,839.0
5672,2587855,0.0,Sulfitobacter sp. THAF37,2478.0
54,2925782,0.0,Tepidibacter sp. 8C15b,38877.0
5674,1389011,0.0,Sulfitobacter sp. SK025,778.0
5675,1389005,0.0,Sulfitobacter sp. SK012,1135.0
5676,2867024,0.0,Sulfitobacter sp. W002,1277.0
5677,2883127,0.0,Sulfitobacter sp. DSM 110093,976.0
5678,1917485,0.0,Sulfitobacter alexandrii,4831.0
55,3036126,0.0,Tepidibacter sp. SWIR-1,39475.0
5680,83219,0.0,Sulfitobacter mediterraneus,5648.0
5681,218673,0.0,Sulfitobacter dubius,933.0
5682,60137,0.0,Sulfitobacter pontiacus,1546.0
5683,2829501,0.0,Sulfitobacter albidus,2200.0
5684,225422,0.0,Sulfitobacter indolifex,1243.0
5685,2823043,0.0,Roseovarius sp. SCSIO 43702,3001.0
5686,2587846,0.0,Roseovarius sp. THAF8,1093.0
5687,391613,0.0,Roseovarius sp. TM1035,782.0
5688,2587847,0.0,Roseovarius sp. THAF9,1065.0
5689,2587850,0.0,Roseovarius sp. THAF27,1101.0
5690,540747,0.0,Roseovarius indicus,6474.0
5691,2494550,0.0,Roseovarius faecimaris,2501.0
5692,74031,0.0,Roseovarius tolerans,2019.0
5693,2930199,0.0,Leisingera sp. BMJM1,2932.0
5694,2867015,0.0,Leisingera sp. M658,1256.0
5695,2867016,0.0,Leisingera sp. S132,2003.0
5696,2508307,0.0,Leisingera sp. NJS204,936.0
5697,506591,0.0,Leisingera caerulea,4893.0
56,1731,0.0,Peptoclostridium acidaminophilum,21937.0
5699,133924,0.0,Leisingera methylohalidivorans,1068.0
5700,2867020,0.0,Ruegeria sp. B32,1391.0
5701,2793010,0.0,Ruegeria sp. SCSIO 43209,2251.0
5702,292414,0.0,Ruegeria sp. TM1040,956.0
5703,2587853,0.0,Ruegeria sp. THAF33,1297.0
5704,89184,0.0,Ruegeria pomeroyi,2729.0
5705,2966453,0.0,Ruegeria sp. YS9,943.0
5706,981384,0.0,Ruegeria conchae,1631.0
5707,92945,0.0,Ketogulonicigenium vulgare,6511.0
5708,92947,0.0,Ketogulonicigenium robustum,1574.0
5709,60890,0.0,Phaeobacter gallaeciensis,4342.0
5710,221822,0.0,Phaeobacter inhibens,28940.0
5711,1844006,0.0,Phaeobacter porticola,901.0
5712,1580596,0.0,Phaeobacter piscinae,1948.0
5713,311180,0.0,Yangia pacifica,3477.0
57,143361,0.0,Filifactor alocis,34713.0
5715,290400,0.0,Jannaschia sp. CCS1,1530.0
5716,3038773,0.0,Jannaschia sp. GRR-S6-38,1757.0
58,3003601,0.0,Peptostreptococcus sp. CBA3647,34821.0
5718,875171,0.0,Celeribacter baekdonensis,1266.0
5719,1758178,0.0,Celeribacter ethanolicus,2469.0
5720,1208324,0.0,Celeribacter indicus,4293.0
5721,1397108,0.0,Celeribacter marinus,1040.0
59,1511,0.0,Acetoanaerobium sticklandii,28958.0
5723,53946,0.0,Octadecabacter arcticus,1421.0
5724,1458307,0.0,Octadecabacter temperatus,1077.0
5725,1217908,0.0,Octadecabacter antarcticus,2050.0
5726,1402135,0.0,Pseudosulfitobacter pseudonitzschiae,4765.0
5727,2883100,0.0,Pseudosulfitobacter sp. DSM 107133,1563.0
5728,2587842,0.0,Maribius sp. THAF1,1860.0
60,2697030,0.0,Aminipila terrae,40413.0
5730,1891787,0.0,Roseobacter ponti,1544.0
5731,2434,0.0,Roseobacter denitrificans,1741.0
5732,42443,0.0,Roseobacter litoralis,948.0
5733,1229727,0.0,Salipiger profundus,3661.0
5734,1792508,0.0,Salipiger sp. CCB-MM3,2317.0
5735,1250539,0.0,Salipiger abyssi,2770.0
5736,3048007,0.0,Sagittula sp. MA-2,4706.0
5737,215813,0.0,Dinoroseobacter shibae,10589.0
5738,53501,0.0,Thalassobius gelatinovorus,875.0
5739,2017482,0.0,Thalassococcus sp. S3,1981.0
5740,1579316,0.0,Falsihalocynthiibacter arcticus,1709.0
5741,3042301,0.0,Tateyamaria sp. YMD87,1644.0
5742,299262,0.0,Tateyamaria omphalii,1541.0
5743,159346,0.0,Roseibacterium elongatum,1731.0
5744,195913,0.0,Loktanella salsilacus,1605.0
5745,2587163,0.0,Oceanicola sp. D3,2234.0
5746,561184,0.0,Mameliella alba,3216.0
5747,1609966,0.0,Actibacterium sp. EMB200-NS6,3146.0
5748,1943633,0.0,Ponticoccus alexandrii,2100.0
5749,2989821,0.0,Sphingomonas sp. BT-65,1382.0
5750,1523415,0.0,Sphingomonas sp. AAP5,4276.0
5751,2972485,0.0,Sphingomonas sp. ZFBP2030,2258.0
5752,1517551,0.0,Sphingomonas sp. HMP6,3205.0
5753,2950605,0.0,Sphingomonas sp. QA11,2682.0
61,433296,0.0,Aminipila butyrica,32235.0
5755,2596913,0.0,Sphingomonas sp. NBWT7,1750.0
5756,1030157,0.0,Sphingomonas sp. KC8,2036.0
62,86332,0.0,Mogibacterium pumilum,30713.0
5758,2942996,0.0,Sphingomonas sp. KRR8,1147.0
5759,3018036,0.0,Sphingomonas sp. CV7422,2035.0
5760,1517554,0.0,Sphingomonas sp. HMP9,1705.0
5761,1961362,0.0,Sphingomonas sp. NIC1,3951.0
5762,2565555,0.0,Sphingomonas sp. PAMC26645,3309.0
5763,2937788,0.0,Sphingomonas sp. SUN019,2026.0
5764,3018446,0.0,Sphingomonas sp. 7/4-4,2515.0
5765,2991074,0.0,Sphingomonas sp. S1-29,1849.0
5766,2219696,0.0,Sphingomonas sp. FARSPH,3567.0
5767,1938607,0.0,Sphingomonas sp. LM7,1275.0
5768,399176,0.0,Sphingomonas sp. R1,3271.0
5769,2903960,0.0,Sphingomonas sp. S2-65,2445.0
5770,2898433,0.0,Sphingomonas sp. J315,1747.0
5771,745310,0.0,Sphingomonas sp. MM-1,3898.0
5772,2653203,0.0,Sphingomonas sp. CL5.1,2534.0
5773,1390395,0.0,Sphingomonas sp. LK11,2092.0
63,2546351,0.0,Thermaerobacter sp. FW80,10307.0
5775,2714942,0.0,Sphingomonas sp. HDW15A,1230.0
5776,2997354,0.0,Sphingomonas sp. So64.6b,1297.0
5777,3014784,0.0,Sphingomonas sp. NIBR 02145,1755.0
5778,2991075,0.0,Sphingomonas sp. S6-11,1709.0
5779,2714943,0.0,Sphingomonas piscis,4027.0
5780,185951,0.0,Sphingomonas aerolata,1702.0
5781,1327635,0.0,Sphingomonas psychrotolerans,1415.0
64,2293838,0.0,Thermaerobacter sp. PB12/4term,7661.0
5783,1609977,0.0,Sphingomonas hengshuiensis,1954.0
5784,397260,0.0,Sphingomonas sanxanigenens,3316.0
5785,2899123,0.0,Sphingomonas cannabina,2403.0
5786,2890321,0.0,Sphingomonas radiodurans,1372.0
5787,363835,0.0,Sphingomonas ginsengisoli An et al. 2013,1612.0
5788,1541170,0.0,Sphingomonas morindae,2760.0
5789,1813879,0.0,Sphingomonas panacisoli,1961.0
5790,2681549,0.0,Sphingomonas profundi,2381.0
5791,2949093,0.0,Sphingomonas donggukensis,1379.0
5792,2071607,0.0,Sphingomonas rhizophila,2256.0
65,73919,0.0,Thermaerobacter marianensis,8843.0
5794,1560345,0.0,Sphingomonas panacis,1803.0
5795,2759526,0.0,Sphingomonas aliaeris,1356.0
5796,563996,0.0,Sphingomonas hankookensis,5700.0
5797,1045317,0.0,Sphingomonas lutea,1616.0
5798,2599297,0.0,Sphingomonas suaedae,1765.0
5799,296544,0.0,Sphingomonas bisphenolicum,2304.0
5800,93064,0.0,Sphingomonas koreensis,3181.0
66,178899,0.0,Carboxydocella thermautotrophica,7893.0
5802,653931,0.0,Sphingomonas alpina,3945.0
5803,2872652,0.0,Sphingomonas nostoxanthinifaciens,2112.0
5804,33051,0.0,Sphingomonas sanguinis,1510.0
5805,2594473,0.0,Sphingomonas xanthus,989.0
5806,1549858,0.0,Sphingomonas taxi,2388.0
5807,152682,0.0,Sphingomonas melonis,7506.0
5808,386874,0.0,Sphingomonas sediminicola,2131.0
5809,2764186,0.0,Sphingomonas sabuli,1382.0
5810,2918765,0.0,Sphingomonas qomolangmaensis,2523.0
5811,13689,0.0,Sphingomonas paucimobilis,2219.0
5812,2714944,0.0,Sphingomonas sinipercae,1251.0
5813,1813468,0.0,Sphingomonas naphthae,2786.0
5814,2938948,0.0,Sphingomonas glaciei,1225.0
5815,424800,0.0,Sphingomonas insulae,1569.0
67,79209,0.0,Desulfosporosinus meridiei,12336.0
5817,2930091,0.0,Sphingobium sp. AntQ-1,2065.0
5818,1855519,0.0,Sphingobium sp. EP60837,2200.0
5819,627192,0.0,Sphingobium sp. SYK-6,3567.0
5820,2733867,0.0,Sphingobium sp. KCTC 72723,1281.0
5821,2676077,0.0,Sphingobium sp. CAP-1,2248.0
5822,1315974,0.0,Sphingobium sp. TKS,2622.0
5823,1144307,0.0,Sphingobium sp. AP49,815.0
5824,2789327,0.0,Sphingobium sp. Cam5-1,1201.0
5825,2082188,0.0,Sphingobium sp. YG1,3607.0
5826,2072936,0.0,Sphingobium sp. SCG-1,1452.0
5827,2970925,0.0,Sphingobium sp. JS3065,1947.0
69,1563,0.0,Desulfosporosinus orientis,8581.0
5829,336203,0.0,Sphingobium fuliginis,5349.0
5830,332055,0.0,Sphingobium indicum,1782.0
5831,13690,0.0,Sphingobium yanoikuyae,12103.0
5832,120107,0.0,Sphingobium cloacae,4254.0
5833,121428,0.0,Sphingobium xenophagum,2680.0
5834,76947,0.0,Sphingobium herbicidovorans,3782.0
5835,1592790,0.0,Sphingobium phenoxybenzoativorans,2042.0
5836,135719,0.0,Sphingobium amiense,2829.0
5837,46429,0.0,Sphingobium chlorophenolicum,1212.0
5838,2025349,0.0,Novosphingobium sp. 9,2285.0
5839,2675225,0.0,Novosphingobium sp. Gsoil 351,1776.0
70,339862,0.0,Desulfosporosinus youngiae,11139.0
5841,2780074,0.0,Novosphingobium sp. ES2-1,1795.0
5842,2571749,0.0,Novosphingobium sp. EMRT-2,2909.0
5843,1016987,0.0,Novosphingobium sp. THN1,1966.0
5844,3025670,0.0,Novosphingobium sp. KACC 22771,2683.0
5845,702113,0.0,Novosphingobium sp. PP1Y,1006.0
5846,2282397,0.0,Novosphingobium humi,2128.0
5847,2698673,0.0,Novosphingobium decolorationis,2719.0
5848,2896849,0.0,Novosphingobium kaempferiae,2321.0
5849,158500,0.0,Novosphingobium resinovorum,3257.0
5850,2726189,0.0,Novosphingobium terrae,1112.0
5851,205844,0.0,Novosphingobium pentaromativorans,1587.0
5852,1176536,0.0,Novosphingobium ginsenosidimutans,2655.0
5853,48935,0.0,Novosphingobium aromaticivorans,2197.0
5854,1914525,0.0,Sphingopyxis sp. FD7,2017.0
5855,2911495,0.0,Sphingopyxis sp. BSN-002,1561.0
5856,2968500,0.0,Sphingopyxis sp. DBS4,1797.0
5857,2486273,0.0,Sphingopyxis sp. OPL5,1819.0
71,1131462,0.0,Dehalobacter sp. CF,12703.0
5859,2482763,0.0,Sphingopyxis sp. YF1,1113.0
5860,1874061,0.0,Sphingopyxis sp. EG6,1134.0
5861,2933562,0.0,Sphingopyxis sp. GC21,2678.0
5862,1515612,0.0,Sphingopyxis fribergensis,1659.0
5863,267128,0.0,Sphingopyxis granuli,5962.0
5864,2054227,0.0,Sphingopyxis lindanitolerans,1437.0
5865,117207,0.0,Sphingopyxis alaskensis,1036.0
5866,33052,0.0,Sphingopyxis terrae,2225.0
5867,1229164,0.0,Sphingomicrobium flavum,1501.0
72,1147129,0.0,Dehalobacter sp. DCA,3573.0
5869,2806553,0.0,Parasphingorhabdus cellanae,3124.0
5870,394733,0.0,Parasphingorhabdus litoris,1050.0
5871,2725558,0.0,Parasphingorhabdus halotolerans,1458.0
5872,2077182,0.0,Sphingorhabdus sp. YGSMI21,1509.0
5873,1806885,0.0,Sphingorhabdus sp. M41,2093.0
5874,2584094,0.0,Sphingorhabdus sp. SMR4y,1509.0
5875,392610,0.0,Sphingorhabdus lacus,1633.0
5876,1913578,0.0,Sphingorhabdus lutea,925.0
73,55583,0.0,Dehalobacter restrictus,17929.0
5878,160791,0.0,Rhizorhabdus wittichii,3480.0
5879,2711156,0.0,Rhizorhabdus phycosphaerae,1780.0
5880,2711215,0.0,Sphingosinithalassobacter tenebrarum,2490.0
5881,2762748,0.0,Sphingosinithalassobacter sp. CS137,1557.0
5882,1550733,0.0,Aquisediminimonas profunda,1816.0
5883,2762729,0.0,Novosphingopyxis iocasae,1941.0
5884,1921510,0.0,Tardibacter chloracetimidivorans,3965.0
5885,1842535,0.0,Blastomonas sp. RAC04,1335.0
5886,1550728,0.0,Blastomonas fulva,1562.0
74,49338,0.0,Desulfitobacterium hafniense,19698.0
5888,2026624,0.0,Parasphingopyxis algicola,1476.0
5889,941907,0.0,Allosphingosinicella indica,1787.0
76,233055,0.0,Desulfitobacterium dichloroeliminans,15315.0
5891,2587851,0.0,Erythrobacter sp. THAF29,1257.0
5892,3025315,0.0,Erythrobacter sp. BLCC-B19,2022.0
5893,2785907,0.0,Erythrobacter sp. A30-3,2850.0
5894,2779361,0.0,Erythrobacter sp. SCSIO 43205,2058.0
77,142877,0.0,Desulfitobacterium metallireducens,8975.0
5896,39960,0.0,Erythrobacter litoralis,4058.0
5897,2909249,0.0,Erythrobacter aurantius,1635.0
5898,2182384,0.0,Erythrobacter aureus,1187.0
5899,2739433,0.0,Erythrobacter mangrovi,882.0
5900,1112,0.0,Erythrobacter neustonensis,1283.0
5901,2003315,0.0,Porphyrobacter sp. CACIAM 03H1,3007.0
5902,2854260,0.0,Porphyrobacter sp. ULC335,1694.0
78,51197,0.0,Syntrophobotulus glycolicus,14192.0
5904,2867238,0.0,Qipengyuania psychrotolerans,1924.0
5905,2909673,0.0,Qipengyuania spongiae,2226.0
5906,2867233,0.0,Qipengyuania aurantiaca,1820.0
5907,192812,0.0,Qipengyuania flava,5887.0
5908,2782568,0.0,Qipengyuania soli,1458.0
5909,2979461,0.0,Qipengyuania sp. SS22,713.0
5910,2867231,0.0,Qipengyuania gelatinilytica,1180.0
5911,2867236,0.0,Qipengyuania xiapuensis,1216.0
5912,1348774,0.0,Croceicoccus naphthovorans,2730.0
5913,2798724,0.0,Croceicoccus sp. YJ47,1569.0
5914,1703340,0.0,Croceicoccus sp. Ery5,1450.0
5915,450378,0.0,Croceicoccus marinus,3596.0
79,1348613,0.0,Vallitalea pronyensis,31081.0
5917,2060312,0.0,Altererythrobacter sp. B11,2952.0
5918,2604537,0.0,Altererythrobacter sp. BO-6,638.0
5919,2185142,0.0,Altererythrobacter sp. ZODW24,958.0
5920,476157,0.0,Altererythrobacter ishigakiensis,1650.0
5921,361183,0.0,Altererythrobacter epoxidivorans,1648.0
5922,1982042,0.0,Tsuneonella mangrovi,1841.0
5923,2055955,0.0,Tsuneonella flava,1457.0
5924,2338327,0.0,Tsuneonella amylolytica,1528.0
5925,692370,0.0,Tsuneonella dongtanensis,715.0
5926,3009083,0.0,Aurantiacibacter sp. MUD61,1360.0
5927,3003265,0.0,Aurantiacibacter sp. MUD11,1290.0
5928,1648404,0.0,Aurantiacibacter atlanticus,1733.0
5929,502682,0.0,Aurantiacibacter gangjinensis,1126.0
5930,2872646,0.0,Caenibius sp. WL,1891.0
5931,169176,0.0,Caenibius tardaugens,1988.0
5932,543877,0.0,Pelagerythrobacter marensis,2180.0
5933,645517,0.0,Paraurantiacibacter namhicola,1643.0
5934,1267766,0.0,Croceibacterium atlanticum,1726.0
5935,2835787,0.0,Polymorphobacter megasporae,1530.0
5936,2862331,0.0,Polymorphobacter sp. PAMC 29334,1825.0
5937,335406,0.0,Sphingosinicella microcystinivorans,6215.0
5938,2771430,0.0,Sphingosinicella flava,1172.0
5939,1892855,0.0,Sphingosinicella sp. BN140058,2222.0
5940,2759707,0.0,Sandaracinobacteroides saxicola,2102.0
5941,542,0.0,Zymomonas mobilis,4847.0
5942,2768161,0.0,Roseomonas marmotae,4566.0
5943,257708,0.0,Roseomonas gilardii,6402.0
5944,2897332,0.0,Roseomonas sp. OT10,5656.0
5945,2768162,0.0,Roseomonas haemaphysalidis,4114.0
5946,207340,0.0,Roseomonas mucosa,5657.0
5947,204525,0.0,Roseomonas cervicalis,4779.0
80,2173034,0.0,Petrocella atlantisensis,26819.0
5949,65958,0.0,Komagataeibacter oboediens,16155.0
5950,33995,0.0,Komagataeibacter europaeus,1438.0
5951,28448,0.0,Komagataeibacter xylinus,5859.0
5952,265959,0.0,Komagataeibacter saccharivorans,3127.0
5953,265960,0.0,Komagataeibacter nataicola,2014.0
5954,1177712,0.0,Komagataeibacter medellinensis,2309.0
5955,215221,0.0,Komagataeibacter rhaeticus,38.0
5956,435,0.0,Acetobacter aceti,6320.0
81,2497860,0.0,Cellulosilyticum sp. WCF-2,31698.0
5958,146474,0.0,Acetobacter orientalis,1684.0
5959,104102,0.0,Acetobacter tropicalis,1167.0
5960,1076596,0.0,Acetobacter persici,2965.0
5961,438,0.0,Acetobacter pasteurianus,3470.0
5962,2592655,0.0,Acetobacter vaccinii,1698.0
5963,481146,0.0,Acetobacter ascendens,2192.0
5964,446692,0.0,Acetobacter senegalensis,1019.0
5965,38308,0.0,Gluconobacter frateurii,1588.0
5966,318683,0.0,Gluconobacter albidus,2045.0
5967,442,0.0,Gluconobacter oxydans,5600.0
5968,574987,0.0,Gluconobacter sphaericus,1307.0
5969,364410,0.0,Granulibacter bethesdensis,5330.0
5970,91915,0.0,Asaia bogorensis,3504.0
5971,2697363,0.0,Acidocella sp. MX-AZ03,3573.0
5972,504468,0.0,Rhodovastum atsumiense,5345.0
5973,1484109,0.0,Lichenicola cladoniae,3378.0
5974,153496,0.0,Kozakia baliensis,2977.0
5975,661191,0.0,Neokomagataea tanensis,2046.0
5976,1225128,0.0,Sediminicoccus rosea,3559.0
5977,436,0.0,Novacetimonas hansenii,2495.0
5978,2771361,0.0,Roseococcus microcysteis,3598.0
5979,33996,0.0,Gluconacetobacter diazotrophicus,2452.0
5980,1969806,0.0,Acidibrevibacterium fodinaquatile,2324.0
82,29360,0.0,Cellulosilyticum lentocellum,34993.0
5982,2697033,0.0,Aristophania vespae,1667.0
5983,2070537,0.0,Commensalibacter melissae,2630.0
5984,2268025,0.0,Parasaccharibacter sp. TMW 2.1888,308.0
5985,1510841,0.0,Parasaccharibacter apium,85.0
5986,320497,0.0,Neoasaia chiangmaiensis,1221.0
5987,2558360,0.0,Oecophyllibacter saccharovorans,1168.0
5988,1293412,0.0,Swingsia samuiensis,1622.0
5989,2762277,0.0,Entomobacter blattae,1052.0
5990,137722,0.0,Azospirillum sp. B510,4537.0
5991,709810,0.0,Azospirillum sp. TSA2s,3303.0
5992,664962,0.0,Azospirillum sp. TSH58,2062.0
5993,652764,0.0,Azospirillum sp. TSH100,3615.0
5994,2970906,0.0,Azospirillum argentinense,6766.0
5995,2202148,0.0,Azospirillum thermophilum,5158.0
5996,682998,0.0,Azospirillum ramasamyi,2655.0
5997,193,0.0,Azospirillum lipoferum,2383.0
5998,192,0.0,Azospirillum brasilense,9482.0
5999,1226968,0.0,Azospirillum humicireducens,2477.0
6000,528244,0.0,Azospirillum thiophilum,3673.0
6001,286727,0.0,Azospirillum oryzae,2333.0
6002,2775420,0.0,Skermanella sp. TT6,5436.0
6003,2233999,0.0,Skermanella pratensis,3032.0
6004,1817965,0.0,Skermanella rosea,4755.0
6005,1789672,0.0,Skermanella mucosa,2515.0
6006,28077,0.0,Nitrospirillum amazonense,5471.0
83,1564,0.0,Desulforamulus ruminis,16332.0
6008,2220096,0.0,Indioceanicola profundi,3804.0
6009,55518,0.0,Magnetospirillum gryphiswaldense,5567.0
6010,1639348,0.0,Magnetospirillum sp. ME-1,2629.0
84,1833852,0.0,Desulforamulus ferrireducens,9461.0
6012,84159,0.0,Magnetospirillum magneticum,3748.0
6013,34018,0.0,Rhodospirillum centenum,3941.0
6014,1085,0.0,Rhodospirillum rubrum,3957.0
6015,1084,0.0,Pararhodospirillum photometricum,3276.0
6016,2594003,0.0,Ferrovibrio terrae,3617.0
6017,111831,0.0,Defluviicoccus vanus,2060.0
6018,2602016,0.0,Hypericibacter adhaerens,4220.0
6019,2602015,0.0,Hypericibacter terrae,3593.0
6020,1549855,0.0,Haematospirillum jordaniae,1613.0
6021,1891279,0.0,Thalassospira indica,2913.0
6022,2048283,0.0,Thalassospira marina,2545.0
6023,2946605,0.0,Thalassospira sp. GO-4,1555.0
6024,2785911,0.0,Thalassospira sp. B30-1,1966.0
6025,2785908,0.0,Thalassospira sp. A40-3,1470.0
6026,220697,0.0,Thalassospira xiamenensis,1665.0
6027,1288970,0.0,Magnetospira sp. QH-2,1895.0
6028,1773489,0.0,Varunaivibrio sulfuroxidans,1456.0
6029,2560057,0.0,Terasakiella sp. SH-1,2582.0
6030,171437,0.0,Tistrella mobilis,5172.0
6031,1862145,0.0,Nisaea acidiphila,2226.0
6032,94,0.0,Stella humosa,3737.0
6033,2775080,0.0,Aestuariispira ectoiniformans,4924.0
6034,2843330,0.0,Elioraea tepida,2390.0
6035,2752515,0.0,Brevundimonas sp. AJA228-03,1222.0
6036,2986928,0.0,Brevundimonas sp. BT-123,1288.0
6037,3015999,0.0,Brevundimonas sp. NIBR11,2243.0
6038,2579977,0.0,Brevundimonas sp. SGAir0440,1066.0
6039,1938605,0.0,Brevundimonas sp. LM2,1829.0
6040,2861285,0.0,Brevundimonas sp. PAMC22021,1769.0
6041,3021811,0.0,Brevundimonas sp. 2003-09-23,1974.0
6042,3015997,0.0,Brevundimonas sp. NIBR10,1293.0
6043,2591463,0.0,Brevundimonas sp. M20,1798.0
6044,2561924,0.0,Brevundimonas sp. MF30-B,1902.0
85,59610,0.0,Desulforamulus reducens,9247.0
6046,2774189,0.0,Brevundimonas pondensis,1890.0
6047,1312364,0.0,Brevundimonas albigilva,3145.0
6048,74329,0.0,Brevundimonas mediterranea,1502.0
6049,588932,0.0,Brevundimonas naejangsanensis,3533.0
6050,2800818,0.0,Brevundimonas vitisensis,1360.0
6051,172043,0.0,Brevundimonas nasdae,2180.0
6052,1325724,0.0,Brevundimonas vancanneytii,943.0
6053,293,0.0,Brevundimonas diminuta,3679.0
6054,2774190,0.0,Brevundimonas goettingensis,1969.0
6055,74313,0.0,Brevundimonas subvibrioides,2254.0
6056,41276,0.0,Brevundimonas vesicularis,3700.0
6057,3016000,0.0,Caulobacter sp. NIBR1757,2624.0
6058,69665,0.0,Caulobacter sp. FWC26,2725.0
6059,2823693,0.0,Caulobacter sp. S6,3363.0
6060,3015996,0.0,Caulobacter sp. NIBR2454,2336.0
6061,88688,0.0,Caulobacter segnis,8080.0
6062,1679497,0.0,Caulobacter flavus,3668.0
6063,155892,0.0,Caulobacter vibrioides,5948.0
86,1561005,0.0,Acididesulfobacillus acetoxydans,9668.0
88,58138,0.0,Desulfofarcimen acetoxidans,9865.0
6066,2010972,0.0,Caulobacter rhizosphaerae,3748.0
6067,2708539,0.0,Caulobacter soli,2502.0
6068,284016,0.0,Phenylobacterium zucineum,3313.0
91,471827,0.0,Candidatus Desulforudis audaxviator,5851.0
6070,3015177,0.0,Phenylobacterium sp. NIBR 498073,3009.0
92,102134,0.0,Desulfoscipio gibsoniae,16928.0
6072,2840468,0.0,Asticcacaulis sp. AND118,2328.0
6073,2995155,0.0,Asticcacaulis sp. SL142,2493.0
6074,78587,0.0,Asticcacaulis excentricus,4550.0
6075,2686094,0.0,Terricaulis silvestris,1797.0
6076,169402,0.0,Wolbachia endosymbiont of Folsomia candida,1400.0
6077,931100,0.0,Wolbachia endosymbiont of Oedothorax gibbosus,763.0
6078,2916816,0.0,Wolbachia endosymbiont of Howardula sp.,1709.0
6079,1812111,0.0,Wolbachia endosymbiont of Cruorifilaria tuberocauda,1270.0
6080,1812115,0.0,Wolbachia endosymbiont of Dirofilaria (Dirofilaria) immitis,611.0
6081,2953978,0.0,Wolbachia endosymbiont (group A) of Anomoia purmunda,128.0
6082,2953993,0.0,Wolbachia endosymbiont (group B) of Catoptria pinella,591.0
6083,80850,0.0,Wolbachia endosymbiont of Litomosoides sigmodontis,556.0
6084,2732594,0.0,Wolbachia endosymbiont of Ctenocephalides felis wCfeJ,1138.0
6085,955,0.0,Wolbachia pipientis,1551.0
6086,1845000,0.0,Wolbachia Candidatus Wolbachia massiliensis,1255.0
6087,949,0.0,Anaplasma platys,642.0
6088,142058,0.0,Anaplasma ovis,257.0
6089,944,0.0,Ehrlichia canis,3583.0
6090,35795,0.0,Ehrlichia muris,687.0
6091,945,0.0,Ehrlichia chaffeensis,1869.0
6092,779,0.0,Ehrlichia ruminantium,6183.0
6093,951,0.0,Neorickettsia sennetsu,1403.0
6094,2686014,0.0,Neorickettsia findlayensis,662.0
6095,33994,0.0,Neorickettsia helminthoeca,575.0
93,2293317,0.0,Candidatus Syntrophocurvum alkaliphilum,18988.0
6097,2884482,0.0,Rickettsia endosymbiont of Ceutorhynchus assimilis,5118.0
6098,931099,0.0,Rickettsia endosymbiont of Oedothorax gibbosus,2006.0
6099,337479,0.0,Rickettsia endosymbiont of Bemisia tabaci,2510.0
6100,33992,0.0,Rickettsia rhipicephali,719.0
6101,782,0.0,Rickettsia prowazekii,1909.0
6102,788,0.0,Rickettsia canadensis,1237.0
6103,784,0.0,Orientia tsutsugamushi,3355.0
6104,2601646,0.0,Candidatus Sneabacter namystus,1704.0
6105,2115978,0.0,Candidatus Phycorickettsia trachydisci,1839.0
6106,988779,0.0,Candidatus Megaira polyxenophila,3064.0
6107,2163644,0.0,Candidatus Deianiraea vastatrix,2398.0
6108,2570586,0.0,Candidatus Bandiella numerosa,3010.0
6109,1802984,0.0,Candidatus Fokinia solitaria,1645.0
6110,234827,0.0,Candidatus Midichloria mitochondrii,862.0
6111,2486578,0.0,,2133.0
6112,1977864,0.0,Candidatus Pelagibacter sp. RS39,3755.0
6113,1388755,0.0,Candidatus Pelagibacter sp. HIMB1321,2380.0
6114,1002672,0.0,Candidatus Pelagibacter sp. IMCC9063,1804.0
6115,198252,0.0,Candidatus Pelagibacter ubique,3164.0
6116,2563896,0.0,Candidatus Pelagibacter giovannonii,2687.0
94,86170,0.0,Syntrophothermus lipocalidus,5612.0
6118,1873716,0.0,Hyphomonas sp. CACIAM 19H1,2446.0
6119,1906738,0.0,Hyphomonas sp. Mor2,1883.0
6120,2016196,0.0,Hyphomonas sp. KY3,1356.0
6121,1280948,0.0,Hyphomonas atlantica,2669.0
6122,81032,0.0,Hyphomonas neptunium,1514.0
6123,1759059,0.0,Candidatus Viadribacter manganicus,1623.0
6124,2724,0.0,Hirschia baltica,1307.0
6125,2582913,0.0,Luteithermobacter gelatinilyticus,2102.0
6126,2857064,0.0,Pseudemcibacter aquimaris,1803.0
6127,2043170,0.0,Paremcibacter congregatus,1755.0
6128,1509244,0.0,Candidatus Nucleicultrix amoebiphila,1249.0
6129,2806609,0.0,Candidatus Gromoviella agglomerans,650.0
6130,86106,0.0,,1384.0
6131,2601668,0.0,Candidatus Nesciobacter abundans,1133.0
6132,2601575,0.0,Candidatus Cytomitobacter indipagum,1495.0
6133,2066024,0.0,Candidatus Cytomitobacter primus,1160.0
6134,91604,0.0,Candidatus Paracaedibacter acanthamoebae,1382.0
6135,2029849,0.0,Marinicauda algicola,2624.0
6136,1434191,0.0,Glycocaulis alkaliphilus,1922.0
6137,74318,0.0,Maricaulis maris,1992.0
6138,2749086,0.0,Hyphobacterium sp. CCMP332,1382.0
6139,2599305,0.0,Sneathiella aquimaris,2375.0
6140,2950108,0.0,Sneathiella marina,2325.0
6141,2829596,0.0,Kordiimonas sp. SCSIO 12603,1959.0
6142,2829597,0.0,Kordiimonas sp. SCSIO 12610,1938.0
6143,2161677,0.0,Kordiimonas pumila,3318.0
6144,1866326,0.0,Hyphococcus flavus,1972.0
6145,208216,0.0,Parvularcula bermudensis,1315.0
6146,1526572,0.0,Aquisalinus flavus,2132.0
6147,767892,0.0,Candidatus Puniceispirillum marinum,1272.0
6148,1124597,0.0,Magnetococcus marinus,1551.0
6149,160808,0.0,Acidithiobacillus ferrivorans,2603.0
6150,1689834,0.0,Acidithiobacillus ferriphilus,1818.0
6151,33059,0.0,Acidithiobacillus caldus,1957.0
95,338645,0.0,Candidatus Contubernalis alkalaceticum,6016.0
6153,930,0.0,Acidithiobacillus thiooxidans,1601.0
6154,2927876,0.0,Acidithiobacillus sp. YTS05,2683.0
6155,1921086,0.0,Mariprofundus aestuarium,2747.0
6156,1921087,0.0,Mariprofundus ferrinatatus,2580.0
6157,297,0.0,Hydrogenophilus thermoluteolus,1104.0
6158,2766701,0.0,Treponema sp. Marseille-Q4132,4583.0
6159,1659192,0.0,Treponema sp. OMZ 305,2336.0
6160,1643512,0.0,Treponema sp. OMZ 855,2740.0
6161,2563669,0.0,Treponema sp. OMZ 787,3907.0
6162,2563664,0.0,Treponema sp. OMZ 788,3342.0
6163,2563662,0.0,Treponema sp. OMZ 906,3985.0
6164,1643513,0.0,Treponema sp. OMZ 857,3768.0
6165,120682,0.0,Treponema sp. OMZ 803,3075.0
6166,138851,0.0,Treponema parvum,23473.0
6167,81028,0.0,Treponema brennaborense,18927.0
6168,158,0.0,Treponema denticola,36322.0
6169,69710,0.0,Treponema vincentii,21256.0
6170,409322,0.0,Treponema pedis,9091.0
6171,221027,0.0,Treponema putidum,7075.0
6172,53419,0.0,Treponema socranskii,11185.0
6173,88058,0.0,Treponema primitia,6126.0
6174,58231,0.0,Treponema medium,7084.0
6175,162,0.0,Treponema phagedenis,10487.0
6176,160,0.0,Treponema pallidum,5073.0
6177,2880008,0.0,Brucepastera parasyntrophica,9396.0
6178,154,0.0,Spirochaeta thermophila,7428.0
6179,46355,0.0,Spirochaeta africana,2785.0
6180,55206,0.0,Sediminispirochaeta smaragdinae,5912.0
6181,252967,0.0,Thiospirochaeta perfilievii,5819.0
6182,2518645,0.0,Oceanispirochaeta crateris,3801.0
6183,1307761,0.0,Salinispira pacifica,5032.0
6184,2719988,0.0,Entomospira entomophilus,1110.0
6185,2719989,0.0,Entomospira culicis,4763.0
6186,2518322,0.0,Borrelia Candidatus Borrelia fainii,1188.0
6187,2887345,0.0,Borrelia sp. BU AG58,1445.0
6188,2608247,0.0,Borrelia sp. A-FGy1,2343.0
6189,2898580,0.0,Borrelia sp. RT1S,512.0
6190,29520,0.0,Borrelia crocidurae,1097.0
6191,144,0.0,Borrelia coriaceae,2053.0
6192,47466,0.0,Borrelia miyamotoi,2751.0
6193,142,0.0,Borrelia turicatae,908.0
6194,2761123,0.0,Borrelia maritima,9631.0
6195,44449,0.0,Borrelia recurrentis,325.0
6196,143,0.0,Borrelia anserina,840.0
6197,140,0.0,Borrelia hermsii,1624.0
6198,29519,0.0,Borreliella garinii,4358.0
6199,664662,0.0,Borreliella bavariensis,1470.0
6200,1674146,0.0,Borreliella mayonii,1539.0
6201,62088,0.0,Borreliella valaisiana,1045.0
6202,1964448,0.0,Borreliella Candidatus Borreliella tachyglossi,979.0
96,863,0.0,Syntrophomonas wolfei,5348.0
97,35701,0.0,Heliomicrobium modesticaldum,36480.0
6205,1131707,0.0,Sphaerochaeta pleomorpha,5669.0
98,356322,0.0,Heliorestis convoluta,6150.0
100,671077,0.0,Caldinitratiruptor microaerophilus,10906.0
101,2731377,0.0,Alkalicella caledoniensis,16957.0
6209,215591,0.0,Gracilinema caldarium,3441.0
6210,84377,0.0,Brachyspira intermedia,12104.0
6211,84378,0.0,Brachyspira murdochii,14211.0
6212,159,0.0,Brachyspira hyodysenteriae,18774.0
6213,1287055,0.0,Brachyspira hampsonii,11884.0
6214,408139,0.0,Leptospira kmetyi,1593.0
6215,28183,0.0,Leptospira santarosai,2730.0
6216,2564040,0.0,Leptospira tipperaryensis,1376.0
6217,172,0.0,Leptospira biflexa,3789.0
6218,28182,0.0,Leptospira noguchii,9964.0
6219,1513297,0.0,Leptospira sp. GIMC2001,8401.0
6220,1917830,0.0,Leptospira kobayashii,2211.0
6221,174,0.0,Leptospira borgpetersenii,1175.0
6222,1137606,0.0,Leptospira mayottensis,1272.0
6223,29507,0.0,Leptospira kirschneri,1274.0
6224,173,0.0,Leptospira interrogans,6336.0
6225,29510,0.0,Turneriella parva,2687.0
6226,2828656,0.0,Thermospira aquatica,2010.0
6227,2666132,0.0,Desulfovibrio sp. 86,42984.0
6228,631220,0.0,Desulfovibrio sp. G11,6010.0
6229,876,0.0,Desulfovibrio desulfuricans,18768.0
6230,881,0.0,Desulfovibrio vulgaris,10657.0
6231,2976983,0.0,Desulfovibrio mangrovi,8370.0
6232,2718620,0.0,Desulfovibrio subterraneus,7225.0
6233,241368,0.0,Desulfovibrio ferrophilus,3505.0
6234,1725232,0.0,Desulfovibrio Candidatus Desulfovibrio trichonymphae,3118.0
6235,63561,0.0,Desulfovibrio sulfodismutans,3337.0
6236,2880651,0.0,Pseudodesulfovibrio sp. MCM B-1480,5433.0
6237,2725288,0.0,Pseudodesulfovibrio sp. zrk46,4969.0
6238,182210,0.0,Pseudodesulfovibrio aespoeensis,6607.0
6239,2810563,0.0,Pseudodesulfovibrio sediminis,3436.0
6240,231439,0.0,Pseudodesulfovibrio portus,3803.0
6241,463192,0.0,Pseudodesulfovibrio tunisiensis,6479.0
6242,57320,0.0,Pseudodesulfovibrio profundus,5396.0
6243,2678688,0.0,Pseudodesulfovibrio cashew,4222.0
6244,641491,0.0,Pseudodesulfovibrio mercurii,6925.0
6245,1716143,0.0,Pseudodesulfovibrio indicus,5015.0
6246,2973072,0.0,Pseudodesulfovibrio nedwellii,2391.0
6247,879567,0.0,Pseudodesulfovibrio piezophilus,1986.0
6248,880,0.0,Maridesulfovibrio salexigens,6045.0
6249,191026,0.0,Maridesulfovibrio hydrothermalis,2919.0
103,1565,0.0,Desulfotomaculum nigrificans,7062.0
6251,296842,0.0,Solidesulfovibrio carbinolicus,4892.0
6252,184917,0.0,Solidesulfovibrio magneticus,4085.0
6253,879,0.0,Megalodesulfovibrio gigas,5805.0
6254,58180,0.0,Oleidesulfovibrio alaskensis,7658.0
6255,29546,0.0,Lawsonia intracellularis,5063.0
6256,370038,0.0,Oceanidesulfovibrio marinus,7044.0
6257,2583823,0.0,Salidesulfovibrio onnuriiensis,7570.0
6258,2773299,0.0,Desulfolutivibrio sulfoxidireducens,5054.0
6259,873,0.0,Desulfocurvibacter africanus,4165.0
6260,376490,0.0,Paradesulfovibrio (ex Waite et al. 2020) Paradesulfovibrio bizertensis,3723.0
6261,132132,0.0,Desulfomicrobium orale,5044.0
6262,2952228,0.0,Desulfomicrobium sp. ZS1,3120.0
6263,899,0.0,Desulfomicrobium baculatum,3263.0
6264,3004129,0.0,Thermodesulfomicrobium sp. WS,2533.0
104,2806205,0.0,Caldicellulosiruptor diazotrophicus,13848.0
6266,1277350,0.0,Geobacter sp. DSM 9736,3700.0
105,1222016,0.0,Caldicellulosiruptor changbaiensis,13056.0
6268,2495594,0.0,Geobacter sp. SVR,4611.0
6269,2815309,0.0,Geobacter benzoatilyticus,6431.0
106,1387555,0.0,Caldicellulosiruptor morganii,13469.0
6271,35554,0.0,Geobacter sulfurreducens,6314.0
6272,28232,0.0,Geobacter metallireducens,2528.0
6273,2897342,0.0,Geomonas sp. RF6,5957.0
6274,2740185,0.0,Geomonas paludis,4979.0
6275,2847991,0.0,Geomonas nitrogeniifigens,3282.0
6276,2847992,0.0,Geomonas oryzisoli,3962.0
6277,2847989,0.0,Geomonas subterranea,5080.0
6278,313985,0.0,Trichlorobacter lovleyi,9501.0
107,31899,0.0,Caldicellulosiruptor bescii,6875.0
6280,1203471,0.0,Geotalea daltonii,3063.0
6281,60035,0.0,Citrifermentans bremense,5363.0
6282,225194,0.0,Citrifermentans bemidjiense,3873.0
6283,1823759,0.0,Desulfuromonas sp. DDH964,5169.0
6284,1566351,0.0,Desulfuromonas sp. AOP6,3752.0
108,301953,0.0,Caldicellulosiruptor acetigenus,9256.0
6286,2802975,0.0,Desulfuromonas versatilis,7824.0
6287,29543,0.0,Pelobacter propionicus,6478.0
6288,2847045,0.0,Geoalkalibacter halelectricus,5364.0
6289,483547,0.0,Geoalkalibacter subterraneus,5472.0
6290,29542,0.0,Syntrophotalea acetylenica,5434.0
6291,1842532,0.0,Syntrophotalea acetylenivorans,2702.0
6292,19,0.0,Syntrophotalea carbinolica,3001.0
6293,83564,0.0,Desulfosarcina ovata,9573.0
6294,933262,0.0,Desulfosarcina sp. BuS5,5308.0
6295,571177,0.0,Desulfosarcina alkanivorans,6195.0
6296,947919,0.0,Desulfosarcina widdelii,5347.0
6297,45656,0.0,Desulfonema limicola,5746.0
6298,45655,0.0,Desulfonema magnum,6259.0
6299,897,0.0,Desulfococcus multivorans,5462.0
6300,218208,0.0,Desulfatibacillum aliphaticivorans,6372.0
6301,2296,0.0,Desulforapulum autotrophicum,4088.0
6302,28223,0.0,Desulfobacula toluolica,3303.0
6303,2293,0.0,Desulfobacter postgatei,2383.0
6304,2291,0.0,Desulfobacter hydrogenophilus,2485.0
6305,2810562,0.0,Desulfoluna limicola,6892.0
109,29324,0.0,Caldicellulosiruptor naganoensis,8611.0
6307,65555,0.0,Desulfocapsa sulfexigens,5320.0
6308,2569541,0.0,Desulfosediminicola flagellatus,3597.0
6309,2569540,0.0,Desulfosediminicola ganghwensis,5545.0
6310,84980,0.0,Desulfotalea psychrophila,2275.0
6311,1986146,0.0,Desulfobulbus oralis,4751.0
6312,894,0.0,Desulfobulbus propionicus,5246.0
6313,1909699,0.0,Desulfobulbus oligotrophicus,2812.0
6314,2772557,0.0,Desulfomarina profundi,3334.0
110,55205,0.0,Caldicellulosiruptor owensensis,8072.0
6316,427923,0.0,Desulfurivibrio alkaliphilus,2914.0
6317,1295609,0.0,Thermodesulfobacterium geofontis,6007.0
6318,1741,0.0,Thermodesulfobacterium commune,1397.0
6319,2234087,0.0,Thermodesulfobacterium sp. TA1,1900.0
6320,2047767,0.0,Thermosulfurimonas marina,1333.0
6321,1936021,0.0,Thermosulfuriphilus ammonigenes,1260.0
6322,1653476,0.0,Caldimicrobium thiodismutans,1985.0
6323,171695,0.0,Thermodesulfatator indicus,2843.0
6324,119484,0.0,Syntrophobacter fumaroxidans,3984.0
6325,361111,0.0,Desulfoglaeba alkanexedens,3082.0
6326,453230,0.0,Desulfarculus baarsii,7801.0
6327,2358,0.0,Desulfomonile tiedjei,2658.0
6328,1621989,0.0,Candidatus Desulfofervidus auxilii,2806.0
6329,60893,0.0,Desulfobacca acetoxidans,1884.0
6330,316277,0.0,Syntrophus aciditrophicus,2689.0
6331,2517362,0.0,Campylobacter sp. CCUG 57310,2364.0
6332,1032243,0.0,Campylobacter sp. RM6914,3904.0
6333,1660076,0.0,Campylobacter sp. RM12175,1133.0
6334,1660078,0.0,Campylobacter sp. RM5004,5054.0
6335,2983836,0.0,Campylobacter sp. VBCF_01 NA2,2459.0
6336,1032242,0.0,Campylobacter sp. RM10537,2472.0
6337,2840180,0.0,Campylobacter sp. 19-13652,3991.0
6338,1660079,0.0,Campylobacter sp. RM12651,9505.0
6339,1660073,0.0,Campylobacter sp. RM6137,2056.0
6340,1660080,0.0,Campylobacter sp. RM16192,1763.0
6341,1660074,0.0,Campylobacter sp. RM8964,1299.0
6342,2042961,0.0,Campylobacter blaseri,4516.0
6343,827,0.0,Campylobacter ureolyticus,9471.0
6344,1965231,0.0,Campylobacter pinnipediorum,6829.0
6345,199,0.0,Campylobacter concisus,18667.0
6346,76517,0.0,Campylobacter hominis,11492.0
6347,201,0.0,Campylobacter lari,11970.0
6348,196,0.0,Campylobacter fetus,7104.0
6349,1780362,0.0,Campylobacter geochelonis,3462.0
6350,1813019,0.0,Campylobacter hepaticus,3471.0
6351,1448857,0.0,Campylobacter corcagiensis,2513.0
6352,206,0.0,Campylobacter sputorum,6175.0
6353,374106,0.0,Campylobacter cuniculorum,4585.0
6354,1244531,0.0,Campylobacter iguaniorum,3241.0
6355,202,0.0,Campylobacter mucosalis,2516.0
111,717609,0.0,Caldicellulosiruptor obsidiansis,4681.0
6357,28080,0.0,Campylobacter upsaliensis,5430.0
6358,488546,0.0,Campylobacter peloridis,2638.0
6359,2267891,0.0,Campylobacter novaezeelandiae,4475.0
112,413888,0.0,Caldicellulosiruptor hydrothermalis,5400.0
6361,1031542,0.0,Campylobacter volucris,2516.0
6362,28898,0.0,Campylobacter helveticus,4189.0
6363,203,0.0,Campylobacter rectus,2602.0
6364,2505970,0.0,Campylobacter armoricus,2471.0
6365,204,0.0,Campylobacter showae,3322.0
6366,200,0.0,Campylobacter curvus,3560.0
6367,497724,0.0,Campylobacter subantarcticus,1842.0
6368,1848766,0.0,Campylobacter ornithocola,859.0
6369,75658,0.0,Campylobacter lanienae,3658.0
6370,2593672,0.0,Arcobacter sp. FWKO B,5229.0
6371,1278212,0.0,Arcobacter suis,4060.0
6372,1935204,0.0,Arcobacter porcinus,5465.0
6373,1849015,0.0,Arcobacter acticola,4976.0
6374,1315211,0.0,Arcobacter aquimarinus,4714.0
6375,2961520,0.0,Arcobacter roscoffensis,13783.0
6376,1054033,0.0,Arcobacter venerupis,5801.0
6377,28199,0.0,Arcobacter nitrofigilis,6183.0
6378,913109,0.0,Arcobacter ellisii,6360.0
6379,2320140,0.0,Arcobacter peruensis,18154.0
6380,1054034,0.0,Arcobacter cloacae,4140.0
6381,28198,0.0,Aliarcobacter cryaerophilus,16804.0
6382,28197,0.0,Aliarcobacter butzleri,15179.0
6383,1564138,0.0,Aliarcobacter faecis,9345.0
6384,255507,0.0,Aliarcobacter cibarius,6392.0
6385,1355374,0.0,Aliarcobacter lanthieri,3691.0
113,3019889,0.0,Caldicellulosiruptor sp. DIB 104C,5240.0
6387,28200,0.0,Aliarcobacter skirrowii,4693.0
6388,708186,0.0,Aliarcobacter trophiarum,3586.0
6389,877500,0.0,Halarcobacter anaerophilus,6576.0
6390,663364,0.0,Halarcobacter bivalviorum,5308.0
6391,1462615,0.0,Halarcobacter ebronensis,5417.0
6392,1904463,0.0,Poseidonibacter lekithochrous,6723.0
6393,603050,0.0,Malaciobacter mytili,7697.0
6394,505249,0.0,Malaciobacter marinus,5515.0
6395,1032072,0.0,Malaciobacter molluscorum,5676.0
6396,1080223,0.0,Malaciobacter pacificus,4401.0
6397,1912871,0.0,Malaciobacter canalis,4280.0
6398,197482,0.0,Malaciobacter halophilus,6199.0
114,413889,0.0,Caldicellulosiruptor kronotskyensis,5382.0
6400,32025,0.0,Helicobacter hepaticus,2555.0
6401,45498,0.0,Helicobacter cholecystus,1686.0
6402,217,0.0,Helicobacter mustelae,3565.0
6403,29419,0.0,Helicobacter canis,693.0
115,44001,0.0,Caldicellulosiruptor saccharolyticus,5857.0
6405,35817,0.0,Helicobacter heilmannii,422.0
6406,1578720,0.0,Helicobacter ailurogastricus,692.0
6407,138563,0.0,Helicobacter cetorum,2191.0
6408,222136,0.0,Helicobacter enhydrae,1126.0
6409,37372,0.0,Helicobacter bilis,3154.0
6410,213,0.0,Helicobacter cinaedi,4293.0
6411,123841,0.0,Helicobacter canadensis,4863.0
6412,76936,0.0,Helicobacter typhlonius,4964.0
6413,135569,0.0,Helicobacter apodemus,1349.0
6414,1591088,0.0,Helicobacter himalayensis,1335.0
6415,844,0.0,Wolinella succinogenes,731.0
6416,2894755,0.0,Sulfurimonas sp. HSL-3221,2279.0
6417,2878390,0.0,Sulfurimonas sp. SWIR-19,3040.0
6418,2283483,0.0,Sulfurimonas sp. CVO,2883.0
6419,1176482,0.0,Sulfurimonas gotlandica,4258.0
6420,202747,0.0,Sulfurimonas autotrophica,3057.0
6421,2672570,0.0,Sulfurimonas aquatica,3148.0
6422,2509341,0.0,Sulfurimonas hydrogeniphila,1303.0
6423,2590551,0.0,Sulfurimonas marina,2196.0
6424,2590020,0.0,Sulfurimonas sediminis,3441.0
6425,317658,0.0,Sulfurimonas paralvinellae,3572.0
6426,2740404,0.0,Sulfurimonas Candidatus Sulfurimonas baltica,2703.0
6427,39766,0.0,Sulfurimonas denitrificans,2204.0
117,1550240,0.0,Thermoanaerobacterium sp. RBIITD,19739.0
6429,2590022,0.0,Sulfurimonas lithotrophica,7370.0
6430,2590021,0.0,Sulfurimonas xiamenensis,1457.0
6431,148813,0.0,Sulfuricurvum kujiense,1885.0
6432,1854492,0.0,Sulfurospirillum diekertiae,4994.0
6433,65553,0.0,Sulfurospirillum deleyianum,1721.0
6434,366522,0.0,Sulfurospirillum cavolei,1993.0
6435,66821,0.0,Sulfurospirillum multivorans,1927.0
6436,44674,0.0,Sulfurospirillum barnesii,1926.0
118,29329,0.0,Thermoanaerobacterium xylanolyticum,10518.0
6438,2925411,0.0,Sulfurovum sp. XGS-02,1709.0
6439,387093,0.0,Sulfurovum sp. NBC37-1,1877.0
6440,206403,0.0,Sulfurovum lithotrophicum,2070.0
6441,2779528,0.0,Sulfurovum indicum,3085.0
6442,269261,0.0,Nitratifractor salsuginis,1723.0
6443,2740515,0.0,Hydrogenimonas urashimensis,1600.0
6444,387092,0.0,Nitratiruptor sp. SB155-2,4723.0
6445,2724901,0.0,Nitratiruptor sp. YY09-18,2871.0
6446,269259,0.0,Nitratiruptor tergarcus,1071.0
6447,2706014,0.0,Nitrosophilus labii,2618.0
6448,2930200,0.0,Nitrosophilus kaiyonis,5233.0
6449,2714855,0.0,Nitrosophilus alvini,1721.0
6450,1424653,0.0,Caminibacter pacificus,2619.0
6451,291048,0.0,Caminibacter mediatlanticus,7351.0
6452,2579250,0.0,Nautilia sp. PV-1,3308.0
6453,84405,0.0,Hippea maritima,3450.0
6454,850,0.0,Fusobacterium mortiferum,35239.0
6455,856,0.0,Fusobacterium varium,24993.0
6456,861,0.0,Fusobacterium ulcerans,39940.0
6457,2764326,0.0,Fusobacterium hominis,28030.0
6458,849,0.0,Fusobacterium gonidiaformans,16195.0
6459,155615,0.0,Fusobacterium vincentii,24291.0
6460,1755100,0.0,Fusobacterium gastrosuis,15116.0
6461,1583098,0.0,Fusobacterium hwasookii,33508.0
6462,859,0.0,Fusobacterium necrophorum,14076.0
6463,285729,0.0,Fusobacterium canifelinum,10594.0
120,399726,0.0,Thermoanaerobacter sp. X514,9390.0
6465,76857,0.0,Fusobacterium polymorphum,38002.0
6466,671211,0.0,Fusobacterium sp. oral taxon 203,7291.0
6467,860,0.0,Fusobacterium periodonticum,7487.0
6468,167642,0.0,Ilyobacter polytropus,10779.0
6469,712361,0.0,Leptotrichia sp. oral taxon 218,14445.0
6470,712357,0.0,Leptotrichia sp. oral taxon 212,11915.0
6471,712362,0.0,Leptotrichia sp. oral taxon 221,15343.0
6472,712368,0.0,Leptotrichia sp. oral taxon 498,6482.0
6473,1785996,0.0,Leptotrichia sp. oral taxon 847,5939.0
6474,109328,0.0,Leptotrichia trevisanii,11784.0
6475,157687,0.0,Leptotrichia wadei,31082.0
6476,157691,0.0,Leptotrichia shahii,14399.0
6477,40542,0.0,Leptotrichia buccalis,7890.0
6478,157688,0.0,Leptotrichia hofstadii,5856.0
6479,554406,0.0,Leptotrichia hongkongensis,15570.0
6480,157692,0.0,Pseudoleptotrichia goodfellowii,8565.0
6481,187101,0.0,Sneathia vaginalis,17146.0
6482,826,0.0,Sebaldella termitidis,9835.0
6483,34105,0.0,Streptobacillus moniliformis,14965.0
6484,1679444,0.0,Akkermansia glycaniphila,4980.0
6485,2824561,0.0,Luteolibacter ambystomatis,5517.0
6486,2995170,0.0,Luteolibacter sp. SL250,3535.0
6487,2728835,0.0,Luteolibacter luteus,3495.0
6488,2736,0.0,Verrucomicrobium spinosum,4435.0
6489,1882831,0.0,Verrucomicrobium sp. GAS474,4033.0
6490,2711231,0.0,Roseimicrobium sp. ORNL1,3720.0
6491,2707525,0.0,Sulfuriroseicoccus oceanibius,2598.0
6492,2974023,0.0,Fontisphaera persica,4269.0
6493,1882749,0.0,Opitutus sp. GAS368,4765.0
6494,107709,0.0,Opitutus terrae,3843.0
6495,1838286,0.0,Lacunisphaera limnophila,4474.0
6496,1796921,0.0,Ereboglobus luteus,3874.0
6497,2862869,0.0,Horticoccus luteus,3385.0
6498,2576891,0.0,Nibricoccus aquaticus,3140.0
121,2325,0.0,Thermoanaerobacter kivui,11815.0
122,583357,0.0,Thermoanaerobacter mathranii,9634.0
6501,2684113,0.0,Candidatus Pelagisphaera phototrophica,1509.0
6502,2796139,0.0,Methylacidimicrobium sp. B4,1768.0
6503,2730359,0.0,Methylacidimicrobium sp. AP8,1294.0
6504,2795386,0.0,Methylacidiphilum sp. IT6,1088.0
6505,591154,0.0,Methylacidiphilum fumariolicum,877.0
6506,511746,0.0,Methylacidiphilum infernorum,817.0
6507,1704307,0.0,Candidatus Xiphinematobacter sp. Idaho Grape,1370.0
6508,2528010,0.0,Lignipirellula cremea,3316.0
6509,2528017,0.0,Rosistilla carotiformis,1610.0
6510,2527990,0.0,Rosistilla oblonga,2027.0
6511,1930277,0.0,Rosistilla ulvae,1337.0
6512,2795974,0.0,Stieleria maiorica,2578.0
6513,2527979,0.0,Stieleria neptunia,2057.0
6514,2527984,0.0,Bremerella volcania,3704.0
6515,3026424,0.0,Bremerella sp. P1,1524.0
6516,980251,0.0,Mariniblastus fucicola,2001.0
6517,2943192,0.0,Blastopirellula sp. J2-11,1722.0
6518,1930273,0.0,Rubripirellula lacrimiformis,3099.0
6519,2127060,0.0,Rhodopirellula sp. P2,1708.0
6520,265606,0.0,Rhodopirellula baltica,1340.0
6521,125,0.0,Pirellula staleyi,2745.0
6522,1632865,0.0,Pirellula sp. SH-Sr6A,1902.0
6523,2528021,0.0,Anatilimnocola aggregata,1799.0
123,46354,0.0,Thermoanaerobacter wiegelii,3916.0
6525,2528009,0.0,Pirellulimonas nuda,5915.0
6526,2650471,0.0,Lacipirellula parvula,2723.0
6527,2528024,0.0,Lacipirellula limnantheis,2035.0
6528,2528022,0.0,Botrimarina mediterranea,3733.0
6529,1400387,0.0,Bythopirellula goksoeyrii,1082.0
6530,2527972,0.0,Aeoliella mucimassa,1969.0
6531,1930276,0.0,Adhaeretor mobilis,1511.0
6532,1331910,0.0,Thermogutta terrifontis,3130.0
6533,2527978,0.0,Gimesia panareensis,3237.0
6534,122,0.0,Gimesia maris,2667.0
6535,2527964,0.0,Gimesia aquarii,3110.0
6536,2527976,0.0,Gimesia fumaroli,1479.0
6537,2527973,0.0,Gimesia alba,1529.0
6538,2527971,0.0,Gimesia algae,1378.0
6539,2605989,0.0,Gimesia chilikensis,3072.0
6540,1636152,0.0,Planctomyces sp. SH-PL62,6187.0
6541,1632864,0.0,Planctomyces sp. SH-PL14,3084.0
6542,2527994,0.0,Thalassoglobus polymorphus,1168.0
6543,2527989,0.0,Alienimonas californiensis,4105.0
6544,2527995,0.0,Symmachiella dynata,7923.0
6545,2527996,0.0,Crateriforma conspicua,2067.0
6546,120,0.0,Planctopirus limnophila,1388.0
6547,2528019,0.0,Planctopirus ephydatiae,1038.0
124,108150,0.0,Thermoanaerobacter italicus,7048.0
6549,2527983,0.0,Caulifigura coniformis,3284.0
6550,2528026,0.0,Maioricimonas rarisocia,4002.0
6551,119,0.0,Rubinisphaera brasiliensis,2427.0
125,911092,0.0,Caldanaerobacter subterraneus,14776.0
6553,1210884,0.0,Gemmata massiliana,2267.0
126,2796927,0.0,Gelria sp. Kuro-4,10555.0
6555,1630693,0.0,Gemmata sp. SH-PL17,1992.0
6556,692036,0.0,Tuwongella immobilis,2316.0
6557,2528023,0.0,Urbifossiella limnaea,5437.0
6558,2774151,0.0,Frigoriglobus tundricola,3974.0
6559,2598579,0.0,Limnoglobus roseus,3574.0
6560,1123043,0.0,Telmatocola sphagniphila,2091.0
6561,1387353,0.0,Paludisphaera borealis,4312.0
6562,406548,0.0,Aquisphaera giovannonii,6658.0
6563,2527974,0.0,Tautonia plasticadhaerens,3430.0
6564,128,0.0,Isosphaera pallida,1815.0
6565,466153,0.0,Singulisphaera acidiphila,2872.0
6566,1940790,0.0,Sedimentisphaera cyanobacteriorum,3624.0
6567,1941349,0.0,Sedimentisphaera salicampi,2106.0
6568,1851148,0.0,Limihaloglobus sulfuriphilus,3917.0
6569,1936003,0.0,Anaerohalosphaera lusitana,4232.0
6570,2807512,0.0,Humisphaera borealis,4824.0
6571,2528020,0.0,Poriferisphaera corsica,1852.0
6572,547188,0.0,Phycisphaera mikurensis,3590.0
127,85874,0.0,Thermacetogenium phaeum,7221.0
6574,174633,0.0,Candidatus Kuenenia stuttgartiensis,4534.0
6575,2596890,0.0,Candidatus Uabimicrobium amorphum,4092.0
6576,2494525,0.0,Chlamydia buteonis,661.0
6577,1967783,0.0,Chlamydia poikilotherma,637.0
6578,2766982,0.0,Chlamydia crocodili,262.0
6579,813,0.0,Chlamydia trachomatis,406.0
6580,83557,0.0,Chlamydia caviae,617.0
6581,83555,0.0,Chlamydia abortus,247.0
6582,1967782,0.0,Chlamydia serpentis,1090.0
6583,1457153,0.0,Chlamydia gallinacea,452.0
6584,83556,0.0,Chlamydia felis,505.0
6585,2681469,0.0,Chlamydiifrater phoenicopteri,364.0
6586,362787,0.0,Candidatus Protochlamydia amoebophila,3072.0
6587,389348,0.0,Candidatus Protochlamydia naegleriophila,1804.0
6588,83552,0.0,Parachlamydia acanthamoebae,1323.0
6589,1353976,0.0,Neochlamydia sp. S13,2060.0
6590,2720720,0.0,Candidatus Rhabdochlamydia oedothoracis,1426.0
6591,71667,0.0,Waddlia chondrophila,1879.0
6592,2697043,0.0,Tichowtungia aerotolerans,4824.0
6593,1307763,0.0,Kiritimatiella glycovorans,5838.0
6594,1930593,0.0,Candidatus Velamenicoccus archaeovorus,2865.0
6595,2996785,0.0,Myxococcus sp. NMCA1,1791.0
6596,2813577,0.0,Myxococcus sp. SCHIC003,3560.0
128,42838,0.0,Ammonifex degensii,5312.0
6598,83455,0.0,Myxococcus stipitatus,2760.0
129,129958,0.0,Carboxydothermus hydrogenoformans,5327.0
6600,1521117,0.0,Corallococcus sp. EGB,3368.0
6601,2996782,0.0,Corallococcus sp. NCRR,3267.0
6602,35,0.0,Corallococcus macrosporus,6887.0
6603,184914,0.0,Corallococcus coralloides,5809.0
131,1794699,0.0,Thermodesulfobium acidiphilum,3364.0
132,656519,0.0,Halanaerobium hydrogeniformans,13784.0
6606,48,0.0,Archangium gephyra,5605.0
6607,83453,0.0,Melittangium boletus,5517.0
6608,43,0.0,Cystobacter fuscus,6264.0
6609,41,0.0,Stigmatella aurantiaca,4837.0
6610,2918171,0.0,Anaeromyxobacter paludicola,6228.0
6611,404589,0.0,Anaeromyxobacter sp. Fw109-5,5338.0
6612,447217,0.0,Anaeromyxobacter sp. K,4497.0
133,2331,0.0,Halanaerobium praevalens,18454.0
134,2682810,0.0,Iocasia fonsfrigidae,9419.0
6615,1391653,0.0,Vulgatibacter incomptus,3332.0
6616,56,0.0,Sorangium cellulosum,25727.0
6617,52,0.0,Chondromyces crocatus,4015.0
6618,2567896,0.0,Polyangium aurulentum,5425.0
6619,1882918,0.0,Pajaroellobacter abortibovis,1248.0
135,42422,0.0,Halobacteroides halobius,12915.0
6621,1391654,0.0,Labilithrix luteola,4529.0
136,28187,0.0,Acetohalobium arabaticum,8250.0
137,1323375,0.0,Anoxybacter fermentans,13780.0
6624,2809031,0.0,Marinitoga sp. BP5-C20A,11291.0
6625,1545835,0.0,Marinitoga sp. 1137,5166.0
6626,149715,0.0,Marinitoga piezophila,5416.0
6627,2108365,0.0,Tepiditoga spiralis,17307.0
6628,1006576,0.0,Defluviitoga tunisiensis,5190.0
6629,2984951,0.0,Oceanotoga sp. DSM 15011,10378.0
6630,69499,0.0,Petrotoga mobilis,3306.0
6631,46541,0.0,Thermosipho melanesiensis,5161.0
6632,2571116,0.0,Thermosipho ferrireducens,6091.0
6633,2421,0.0,Thermosipho africanus,10232.0
6634,93466,0.0,Fervidobacterium pennivorans,5720.0
6635,2424,0.0,Fervidobacterium nodosum,3342.0
6636,1508419,0.0,Thermotoga caldifontis,1883.0
6637,1508420,0.0,Thermotoga profunda,2392.0
6638,57487,0.0,Pseudothermotoga hypogea,1370.0
6639,119394,0.0,Pseudothermotoga thermarum,2017.0
6640,1184387,0.0,Mesotoga prima,3107.0
6641,1236046,0.0,Mesotoga infera,2607.0
6642,651457,0.0,Kosmotoga olearia,2159.0
6643,1330330,0.0,Kosmotoga pacifica,1951.0
6644,1441386,0.0,Athalassotoga saccharophila,1840.0
6645,2572088,0.0,Candidatus Nanosynbacter featherlites,13314.0
6646,2841264,0.0,Candidatus Minimicrobia vallesae,14302.0
6647,2665156,0.0,Candidatus Mycosynbacter amalyticus,787.0
6648,2735562,0.0,Candidatus Absconditicoccus praedator,2817.0
6649,2026885,0.0,Candidatus Bipolaricaulis anaerobius,1021.0
6650,673862,0.0,Candidatus Babela massiliensis,3974.0
6651,638849,0.0,Pyramidobacter piscolens,37247.0
138,31909,0.0,Halothermothrix orenii,5752.0
139,2138101,0.0,Moorella sp. Hama-1,8875.0
140,1525,0.0,Moorella thermoacetica,7084.0
6655,1197717,0.0,Cloacibacillus porcorum,30922.0
6656,81462,0.0,Thermanaerovibrio acidaminovorans,2741.0
6657,108007,0.0,Thermanaerovibrio velox,3243.0
6658,81412,0.0,Aminomonas paucivorans,5530.0
6659,3029084,0.0,Aminithiophilus ramosus,5664.0
6660,336261,0.0,Thermovirga lienii,1214.0
6661,2763071,0.0,Edaphobacter sp. 4G125,1482.0
6662,2703788,0.0,Edaphobacter sp. 12200R-103,2422.0
141,55779,0.0,Moorella glycerini,6309.0
6664,1933044,0.0,Edaphobacter flagellatus,2901.0
6665,392734,0.0,Terriglobus roseus,6329.0
6666,870903,0.0,Terriglobus saanensis,2163.0
142,161154,0.0,Thermanaeromonas toyohensis,2879.0
6668,2211140,0.0,Acidisarcina polymorpha,3365.0
6669,2602070,0.0,Granulicella sp. WH15,3069.0
6670,1617967,0.0,Granulicella sp. 5B5,2777.0
6671,940615,0.0,Granulicella tundricola,2399.0
6672,940614,0.0,Granulicella mallensis,2009.0
6673,33075,0.0,Acidobacterium capsulatum,3288.0
6674,1002689,0.0,Occallatibacter riparius,4130.0
6675,2763107,0.0,Alloacidobacterium dinghuense,3017.0
6676,658062,0.0,Candidatus Koribacter versatilis,3661.0
6677,1473598,0.0,Paludibaculum fermentans,5340.0
6678,2802971,0.0,Luteitalea sp. TBR-22,5575.0
6679,1855912,0.0,Luteitalea pratensis,4182.0
6680,2821543,0.0,Chloracidobacterium validum,1369.0
6681,2851959,0.0,Chloracidobacterium aggregatum,3183.0
6682,2818388,0.0,Sulfidibacter corallicola,5271.0
6683,981385,0.0,Thermotomaculum hydrothermale,2984.0
143,2528593,0.0,Zhaonella formicivorans,9209.0
6685,2352,0.0,Flexistipes sinusarabici,3486.0
144,2742683,0.0,Natranaerofaba carboxydovora,7650.0
6687,139438,0.0,Geovibrio thiophilus,4375.0
6688,477976,0.0,Calditerrivibrio nitroreducens,3433.0
6689,197162,0.0,Deferribacter desulfuricans,6027.0
6690,2231053,0.0,Bdellovibrio sp. ZAP7,2276.0
6691,1732569,0.0,Bdellovibrio sp. SKB1291214,736.0
6692,2748865,0.0,Bdellovibrio sp. KM01,913.0
145,375929,0.0,Natranaerobius thermophilus,10344.0
6694,959,0.0,Bdellovibrio bacteriovorus,6346.0
6695,2835041,0.0,Bdellovibrio reynosensis,1177.0
146,2316383,0.0,Biomaibacter acetigenes,8143.0
6697,349221,0.0,Micavibrio aeruginosavorus,4820.0
6698,960,0.0,Bacteriovorax stolpii,2998.0
6699,2109558,0.0,Halobacteriovorax sp. BALOs_7,5508.0
6700,97084,0.0,Halobacteriovorax marinus,4240.0
6701,2976982,0.0,Pigmentibacter sp. JX0631,3951.0
6702,1915309,0.0,Silvanigrella aquatica,2796.0
6703,2493639,0.0,Fluviispira sanaruensis,2809.0
6704,1325564,0.0,Nitrospira japonica,1532.0
6705,1715989,0.0,Nitrospira Candidatus Nitrospira inopinata,2151.0
6706,1936990,0.0,Nitrospira sp. KM1,2171.0
6707,42253,0.0,Nitrospira moscoviensis,3344.0
6708,1660083,0.0,Leptospirillum sp. Group II 'CF-1',343.0
6709,2715679,0.0,Dissulfurispira thermophila,4744.0
147,499229,0.0,Tepidanaerobacter acetatoxydans,8417.0
6711,309806,0.0,Sulfurihydrogenibium azorense,2585.0
6712,436114,0.0,Sulfurihydrogenibium sp. YO3AOP1,4389.0
6713,309805,0.0,Persephonella marina,2082.0
6714,63363,0.0,Aquifex aeolicus,1711.0
6715,940,0.0,Hydrogenobacter thermophilus,1298.0
6716,1632019,0.0,Hydrogenobacter sp. T-8,891.0
6717,75906,0.0,Thermocrinis ruber,531.0
6718,381751,0.0,Thermocrinis minervae,646.0
6719,136094,0.0,Thermocrinis albus,810.0
6720,547144,0.0,Hydrogenobaculum sp. HO,257.0
6721,412593,0.0,Thermosulfidibacter takaii,1310.0
150,248315,0.0,Veillonella rodentium,16009.0
6723,228745,0.0,Thermovibrio ammonificans,1445.0
6724,1408281,0.0,Endomicrobium proavitum,12173.0
6725,423605,0.0,Elusimicrobium minutum,7107.0
6726,14,0.0,Dictyoglomus thermophilum,6023.0
6727,513050,0.0,Dictyoglomus turgidum,4420.0
6728,1548548,0.0,Bradymonas sediminis,3800.0
151,2144175,0.0,Megasphaera stantonii,43422.0
6730,2600177,0.0,Microvenator marinus,2144.0
6731,1750598,0.0,Dissulfurimicrobium hydrothermale,2564.0
6732,1323948,0.0,Nitrospina watsonii,5027.0
6733,2847778,0.0,Atribacter laminatus,3252.0
6734,2355,0.0,,1979.0
152,1675036,0.0,Megasphaera hexanoica,21565.0
6736,187145,0.0,Caldithrix abyssi,4451.0
6737,936456,0.0,Desulfurispirillum indicum,3701.0
6738,35786,0.0,Coprothermobacter proteolyticus,599.0
6739,1710540,0.0,Natronomonas salina,870.0
153,1232428,0.0,Megasphaera massiliensis,22800.0
6741,1932360,0.0,Halorientalis sp. IM1011,1073.0
6742,2931977,0.0,Halorientalis litorea,1881.0
6743,3034023,0.0,Halosegnis sp. DT85,1406.0
6744,2962671,0.0,Halosegnis sp. ZY10,1760.0
6745,1679096,0.0,Halococcoides cellulosivorans,942.0
6746,2841257,0.0,Halapricum desulfuricans,2046.0
6747,3026162,0.0,Halosimplex sp. XZYJT29,1339.0
6748,869889,0.0,Halosimplex rubrum,903.0
6749,1198301,0.0,Halosimplex litoreum,686.0
154,39950,0.0,Dialister pneumosintes,32951.0
6751,146826,0.0,Halorhabdus utahensis,601.0
6752,1380432,0.0,Halorhabdus sp. CBA1104,387.0
6753,3033387,0.0,Halomicroarcula sp. SHR3,548.0
6754,3032579,0.0,Halomicroarcula sp. GDY20,1018.0
6755,3033390,0.0,Halomicroarcula sp. ZS-22-S1,734.0
6756,3033389,0.0,Halomicroarcula sp. YJ-61-S,554.0
6757,3033388,0.0,Halomicroarcula sp. XH51,289.0
6758,3032584,0.0,Halomicroarcula sp. DFY41,517.0
6759,1932004,0.0,Haloarcula taiwanensis,717.0
6760,1592728,0.0,Haloarcula sp. CBA1115,222.0
6761,35742,0.0,Haloarcula sinaiiensis,223.0
6762,1586233,0.0,Halosiccatus urmianus,2343.0
6763,2610902,0.0,Halomicrobium sp. LC1Hm,588.0
6764,3034026,0.0,Haloglomus sp. DT116,1176.0
6765,2953750,0.0,Halorussus sp. YCN54,787.0
6766,2953748,0.0,Halorussus sp. XZYJ18,1536.0
6767,2938695,0.0,Halorussus sp. XZYJT49,1194.0
6768,2953749,0.0,Halorussus sp. XZYJT10,1147.0
6769,2937524,0.0,Halorussus sp. XZYJT40,693.0
6770,2902623,0.0,Halobacterium sp. Gai3-17,473.0
6771,2902624,0.0,Halobacterium sp. XZYJT26,1076.0
6772,2810537,0.0,Halobacterium sp. BOL4-2,498.0
6773,2039234,0.0,Halobacterium litoreum,585.0
6774,1407499,0.0,Halobacterium hubeiense,1685.0
6775,2961599,0.0,Halomarina sp. BND7,1206.0
155,712528,0.0,Selenomonas sp. oral taxon 126,22601.0
6777,1873524,0.0,Halodesulfurarchaeum formicicum,516.0
6778,2884875,0.0,Haladaptatus halobius,897.0
6779,2884876,0.0,Haladaptatus salinisoli,620.0
6780,413810,0.0,Halalkalicoccus jeotgali,863.0
6781,2934340,0.0,Halocatena salina,439.0
6782,2934937,0.0,Halocatena marina,900.0
6783,555573,0.0,Salarchaeum japonicum,719.0
6784,1853682,0.0,Halarchaeum sp. CBA1220,1058.0
6785,1364945,0.0,Salinirubellus salinus,1085.0
6786,2962676,0.0,Salinirubellus sp. BND22,1278.0
6787,1333523,0.0,Salinarchaeum sp. Harcht-Bsk1,747.0
6788,2862870,0.0,Salinarchaeum sp. IM2453,259.0
156,1884263,0.0,Selenomonas sp. oral taxon 920,19955.0
6790,179637,0.0,Halococcus dombrowskii,566.0
6791,3032281,0.0,Halobaculum sp. SYNS20,781.0
6792,2904243,0.0,Halobaculum sp. CBA1158,660.0
6793,2743090,0.0,Halobaculum halophilum,1295.0
6794,1017351,0.0,Halobaculum magnesiiphilum,1561.0
6795,2949307,0.0,Halorubrum sp. 1-13-28,873.0
6796,2497325,0.0,Halorubrum sp. BOL3-1,606.0
6797,29284,0.0,Halorubrum trapanicum,1075.0
6798,2247,0.0,Halorubrum lacusprofundi,375.0
6799,2739057,0.0,Halorubrum salinarum,1530.0
6800,337243,0.0,Halorubrum ezzemoulense,1270.0
6801,1853690,0.0,Halolamina sp. CBA1230,1365.0
6802,755307,0.0,Salinigranum rubrum,1237.0
6803,1048396,0.0,Halopenitus persicus,660.0
6804,1073996,0.0,Halohasta litchfieldiae,434.0
6805,2246,0.0,Haloferax volcanii,717.0
6806,114529,0.0,Haloferax alexandrinus,581.0
6807,35746,0.0,Haloferax gibbonsii,600.0
6808,2252,0.0,Haloferax mediterranei,631.0
6809,60847,0.0,Halogeometricum borinquense,661.0
6810,2876190,0.0,Haloprofundus salilacus,1774.0
6811,2876193,0.0,Haloprofundus salinisoli,654.0
6812,660522,0.0,Haloplanus aerogenes,497.0
6813,293091,0.0,Haloquadratum walsbyi,839.0
6814,88724,0.0,Natrinema versiforme,588.0
6815,370324,0.0,Natrinema longum,553.0
6816,2871694,0.0,Natrinema sp. SYSU A 869,593.0
157,712538,0.0,Selenomonas sp. oral taxon 478,14779.0
6818,406552,0.0,Natrinema sp. J7-2,411.0
6819,1710539,0.0,Natrinema zhouii,621.0
6820,2961598,0.0,Natrinema marinum,473.0
6821,2878535,0.0,Natrinema salinisoli,323.0
6822,69527,0.0,Natrinema pallidum,416.0
6823,2963433,0.0,Halovivax sp. WLHSJ27,670.0
158,713030,0.0,Selenomonas sp. oral taxon 136,13225.0
6825,1453760,0.0,Halovivax limisalsi,1145.0
6826,2961596,0.0,Natribaculum sp. AD-4,852.0
6827,2953881,0.0,Natribaculum sp. CGA3,1007.0
6828,1586232,0.0,Natribaculum luteum,768.0
6829,2675099,0.0,Haloterrigena salifodinae,897.0
6830,2816475,0.0,Haloterrigena alkaliphila,597.0
6831,44930,0.0,Natronobacterium gregoryi,618.0
6832,348826,0.0,Natronorubrum aibiense,892.0
6833,2951804,0.0,Natronococcus sp. CG52,718.0
6834,387343,0.0,Halopiger xanaduensis,750.0
6835,2963434,0.0,Natronobiforma sp. CGA73,985.0
6836,2953753,0.0,Saliphagus sp. WLHS1,573.0
6837,229731,0.0,Halobiforma lacisalsi,1074.0
6838,29291,0.0,Methanococcoides burtonii,3552.0
6839,2226,0.0,Methanococcoides methylutens,3962.0
6840,2822137,0.0,Methanococcoides orientis,1681.0
6841,2208,0.0,Methanosarcina barkeri,8406.0
6842,1434100,0.0,Methanosarcina sp. MTP4,1457.0
6843,1434099,0.0,Methanosarcina sp. Kolksee,860.0
6844,2209,0.0,Methanosarcina mazei,2713.0
6845,418008,0.0,Methanosarcina horonobensis,1601.0
6846,2214,0.0,Methanosarcina acetivorans,1202.0
6847,2210,0.0,Methanosarcina thermophila,1412.0
6848,38027,0.0,Methanosarcina siciliae,1970.0
6849,1715806,0.0,Methanosarcina flavescens,565.0
6850,170861,0.0,Methanosarcina lacustris,1138.0
6851,2215,0.0,Methanosarcina vacuolata,1802.0
6852,536044,0.0,Methanolobus zinderi,906.0
6853,39669,0.0,Methanosalsum zhilinae,2140.0
6854,101192,0.0,Methanomethylovorans hollandica,1124.0
6855,487686,0.0,Methanomicrobium antiquum,2071.0
6856,1789226,0.0,Methanogenium sp. S4BF,1110.0
6857,2315,0.0,Methanoplanus limicola,1379.0
6858,33865,0.0,Methanoplanus endosymbiosus,1114.0
6859,118126,0.0,Methanoculleus chikugoensis,1496.0
6860,83986,0.0,Methanoculleus bourgensis,1649.0
6861,54120,0.0,Methanolacinia petrolearia,1150.0
6862,83984,0.0,Methanocorpusculum labreanum,3526.0
6863,358766,0.0,Methanoregula boonei,335.0
6864,882104,0.0,Methanoregula formicica,1439.0
6865,475088,0.0,Methanosphaerula palustris,1179.0
6866,2834276,0.0,Methanospirillum sp. J.3.6.1-F.2.7.3,485.0
6867,2203,0.0,Methanospirillum hungatei,2209.0
6868,2223,0.0,Methanothrix soehngenii,2009.0
6869,301375,0.0,Methanothrix harundinacea,1240.0
6870,2224,0.0,Methanothrix thermoacetophila,279.0
6871,570267,0.0,Methanocella paludicola,1317.0
6872,1175445,0.0,Methanocella arvoryzae,1254.0
6873,83816,0.0,Methanobrevibacter ruminantium,6832.0
6874,224719,0.0,Methanobrevibacter sp. AbM4,10931.0
6875,1609968,0.0,Methanobrevibacter sp. YE315,22752.0
6876,294671,0.0,Methanobrevibacter olleyae,7767.0
6877,230361,0.0,Methanobrevibacter millerae,27624.0
159,971,0.0,Selenomonas ruminantium,37773.0
6879,868131,0.0,Methanobacterium paludis,1168.0
6880,2731220,0.0,Methanobacterium alkalithermotolerans,1038.0
6881,59277,0.0,Methanobacterium subterraneum,765.0
6882,877455,0.0,Methanobacterium lacus,1520.0
6883,2162,0.0,Methanobacterium formicicum,1238.0
6884,1789762,0.0,Methanosphaera sp. BMS,2959.0
6885,2317,0.0,Methanosphaera stadtmanae,16594.0
6886,2606912,0.0,Methanothermobacter sp. THM-2,180.0
6887,2180,0.0,Methanothermus fervidus,1075.0
6888,39152,0.0,Methanococcus maripaludis,5749.0
6889,2187,0.0,Methanococcus vannielii,2527.0
6890,42879,0.0,Methanococcus aeolicus,1483.0
6891,2186,0.0,Methanothermococcus thermolithotrophicus,1249.0
6892,155863,0.0,Methanothermococcus okinawensis,1549.0
6893,1301915,0.0,Methanocaldococcus bathoardescens,971.0
6894,2546128,0.0,Methanocaldococcus lauensis,1327.0
6895,644281,0.0,Methanocaldococcus sp. FS406-22,1211.0
6896,2190,0.0,Methanocaldococcus jannaschii,1820.0
6897,67760,0.0,Methanocaldococcus infernus,1519.0
160,2754044,0.0,Selenomonas timonae,19870.0
161,158847,0.0,Megamonas hypermegale,27539.0
6900,1937005,0.0,Methanopyrus sp. SNP6,94.0
6901,2320,0.0,Methanopyrus kandleri,168.0
6902,54262,0.0,Thermococcus chitonophagus,322.0
6903,1042877,0.0,Thermococcus sp. 4557,875.0
6904,1674923,0.0,Thermococcus sp. 2319x1,406.0
6905,2969672,0.0,Thermococcus sp. 813A4,754.0
6906,122420,0.0,Thermococcus sp. P6,365.0
6907,195522,0.0,Thermococcus nautili,1023.0
6908,172049,0.0,Thermococcus sibiricus,893.0
6909,71998,0.0,Thermococcus pacificus,194.0
6910,277988,0.0,Thermococcus thioreducens,486.0
162,865,0.0,Pectinatus frisingensis,13921.0
6912,55802,0.0,Thermococcus barophilus,952.0
6913,2016373,0.0,Thermococcus camini,257.0
6914,72803,0.0,Thermococcus siculi,242.0
6915,1712654,0.0,Thermococcus piezophilus,280.0
6916,187880,0.0,Thermococcus radiotolerans,136.0
6917,342948,0.0,Thermococcus onnurineus,269.0
6918,2264,0.0,Thermococcus celer,364.0
6919,1183377,0.0,Pyrococcus sp. ST04,948.0
6920,2261,0.0,Pyrococcus furiosus,643.0
6921,971279,0.0,Palaeococcus pacificus,273.0
6922,113653,0.0,Geoglobus ahangari,450.0
6923,54261,0.0,Ferroglobus placidus,309.0
6924,3037654,0.0,Methanonatronarchaeum sp. AMET-Sl,588.0
6925,2933293,0.0,Methanonatronarchaeum sp. AMET6-2,421.0
163,484770,0.0,Pelosinus sp. UFO1,10228.0
6927,76887,0.0,Caldivirga maquilingensis,991.0
6928,181486,0.0,Pyrobaculum calidifontis,158.0
6929,121277,0.0,Pyrobaculum arsenaticum,185.0
6930,2271,0.0,Thermoproteus tenax,293.0
6931,1891280,0.0,Sulfolobus sp. A20,1282.0
6932,43080,0.0,Sulfolobus islandicus,1615.0
6933,563177,0.0,Acidianus hospitalis,803.0
6934,312539,0.0,Acidianus sulfidivorans,1369.0
6935,41673,0.0,Acidianus brierleyi,1453.0
6936,282676,0.0,Acidianus manzaensis,1668.0
6937,111955,0.0,Sulfurisphaera tokodaii,1132.0
6938,69656,0.0,Sulfurisphaera ohwakuensis,361.0
6939,1006005,0.0,Metallosphaera cuprina,434.0
6940,1702097,0.0,Saccharolobus caldissimus,1487.0
6941,2287,0.0,Saccharolobus solfataricus,821.0
6942,1577685,0.0,Acidilobus sp. 7A,317.0
6943,242703,0.0,Acidilobus saccharovorans,167.0
6944,200415,0.0,Caldisphaera lagunensis,927.0
6945,54254,0.0,Thermosphaera aggregans,226.0
6946,2280,0.0,Staphylothermus marinus,647.0
6947,84599,0.0,Staphylothermus hellenicus,478.0
6948,94694,0.0,Desulfurococcus amylolyticus,348.0
6949,1550241,0.0,Infirmifilum uzonense,247.0
6950,1582439,0.0,Nitrosopumilus piranensis,1103.0
6951,2508726,0.0,Nitrosopumilus Candidatus Nitrosopumilus sp. SW,1848.0
6952,2795383,0.0,Nitrosopumilus sp. K4,581.0
6953,1470066,0.0,Nitrosopumilus cobalaminigenes,530.0
6954,1510466,0.0,Nitrosopumilus Candidatus Nitrosopumilus koreensis,389.0
6955,338192,0.0,Nitrosopumilus maritimus,772.0
6956,1898749,0.0,Candidatus Nitrosomarinus catalina,919.0
6957,1826872,0.0,Candidatus Nitrosocosmicus hydrocola,865.0
6958,1798806,0.0,Candidatus Nitrosocosmicus franklandus,557.0
6959,1353260,0.0,Candidatus Nitrosocosmicus oleophilus,1481.0
6960,1459637,0.0,Nitrososphaera Candidatus Nitrososphaera evergladensis,426.0
6961,1903276,0.0,Candidatus Nitrosotalea okcheonensis,559.0
6962,1603555,0.0,Candidatus Nitrosotenuis cloacae,498.0
6963,1291540,0.0,Candidatus Methanomethylophilus alvus,2876.0
6964,1406512,0.0,Methanomassiliicoccus Candidatus Methanomassiliicoccus intestinalis,2846.0
6965,1577791,0.0,Candidatus Methanoplasma termitum,664.0
6966,46632,0.0,Picrophilus oshimae,511.0
6967,97393,0.0,Ferroplasma acidarmanus,441.0
6968,1673428,0.0,Cuniculiplasma divulgatum,728.0
6969,2303,0.0,Thermoplasma acidophilum,457.0
6970,379547,0.0,Aciduliprofundum Candidatus Aciduliprofundum boonei,848.0
6971,2282148,0.0,Candidatus Micrarchaeum sp.,118.0
6972,1920749,0.0,Candidatus Mancarchaeum acidiphilum,211.0
6973,2594042,0.0,Candidatus Prometheoarchaeum syntrophicum,3112.0
6974,2734248,0.0,Lughvirus lugh,14000.0
6975,2734146,0.0,Taranisvirus taranis,35450.0
6976,2734150,0.0,Toutatisvirus toutatis,8836.0
6977,2955232,0.0,Afonbuvirus coli,23119.0
6978,2955234,0.0,Afonbuvirus intestinihominis,34118.0
6979,2955233,0.0,Afonbuvirus faecalis,22980.0
6980,2955578,0.0,Canhaevirus faecalis,15659.0
6981,2955563,0.0,Cacepaovirus simiae,5456.0
6982,2955552,0.0,Buchavirus hominis,2483.0
6983,2955551,0.0,Buchavirus hiberniae,8713.0
6984,2956054,0.0,Kehishuvirus splanchnicus,2447.0
6985,2956679,0.0,Whopevirus animalis,1468.0
6986,2955765,0.0,Drivevirus gastrointestinalis,11785.0
6987,2163605,0.0,,258.0
6988,59241,0.0,,47.0
6989,2968680,0.0,,44.0
6990,3025408,0.0,,233.0
6991,1150991,0.0,,146.0
6992,335797,0.0,,41.0
6993,1691958,0.0,,16.0
6994,396359,0.0,,73.0
6995,1701814,0.0,,71.0
6996,2732591,0.0,Andhravirus andhra,34550.0
6997,2732597,0.0,Rosenblumvirus CSA13,1338.0
6998,2844149,0.0,Minhovirus IME199,118.0
6999,2734262,0.0,Oengusvirus oengus,41533.0
7000,2734126,0.0,Nodensvirus spm2,54.0
7001,2365054,0.0,Moineauvirus Streptococcus phage CHPC950,159.0
7002,2365038,0.0,Moineauvirus Streptococcus phage CHPC642,262.0
7003,2845654,0.0,Thetabobvirus Mycobacterium virus Renaud18,256.0
7004,1084719,0.0,Donellivirus gee,540.0
7005,2843984,0.0,Sherbrookevirus MMP04,571.0
7006,2843641,0.0,Lazarusvirus fhyacithree,221.0
7007,2560485,0.0,Betterkatzvirus betterkatz,165.0
7008,1982358,0.0,Pamexvirus PaMx74,206.0
7009,2734105,0.0,Eponavirus epona,43838.0
7010,2734007,0.0,Wilsonroadvirus Sd1,120.0
7011,2734235,0.0,Franklinbayvirus fv9A,47.0
7012,2560728,0.0,Seunavirus PVPSE1,58.0
7013,2956710,0.0,Zhonglingvirus SAP012,1733.0
7014,1195085,0.0,Derbicusvirus Cronobacter phage CR5,24.0
7015,2734104,0.0,Derbicusvirus derbicus,41.0
7016,2955750,0.0,Denvervirus dv9183,46.0
7017,2846435,0.0,Shirahamavirus PTm1,92.0
7018,2943841,0.0,Bosavirus Stenotrophomonas phage vB_Sm_QDWS359,65.0
7019,2846436,0.0,Kungbxnavirus pT24,213.0
7020,2560706,0.0,Weaselvirus weasel,22.0
7021,2843650,0.0,Plateaulakevirus pv4L372XY,50.0
7022,2843752,0.0,Jarrellvirus BCAJ1,25.0
7023,2841283,0.0,Kujavirus kuja,55.0
7024,2863194,0.0,Petsuvirus Kosakonia phage Kc263,12.0
7025,2956283,0.0,Penintadodekavirus 5012,213.0
7026,2845127,0.0,Tybeckvirus tv521B,207.0
7027,2054179,0.0,,29.0
7028,1094892,0.0,Mimivirus Megavirus chiliensis,1677.0
7029,3047343,0.0,Mimivirus bradfordmassiliense,965.0
7030,2126985,0.0,Tupanvirus soda lake,508.0
7031,2126984,0.0,Tupanvirus deep ocean,524.0
7032,985782,0.0,,2731.0
7033,3047716,0.0,Rheavirus sinusmexicani,874.0
7034,1826170,0.0,Marseillevirus Tokyovirus A1,55.0
7035,1255301,0.0,,215.0
7036,1898060,0.0,Lymphocystivirus Lymphocystis disease virus Sa,125.0
7037,176652,0.0,Iridovirus Invertebrate iridescent virus 6,92.0
7038,1499987,0.0,,1982.0
7039,83442,0.0,Chlorovirus Paramecium bursaria Chlorella virus NYs1,140.0
7040,2565304,0.0,Prymnesiovirus Chrysochromulina parva virus,359.0
7041,181082,0.0,Coccolithovirus Emiliania huxleyi virus 86,71.0
7042,83191,0.0,Deltaentomopoxvirus Melanoplus sanguinipes entomopoxvirus,267.0
7043,10288,0.0,Betaentomopoxvirus Choristoneura biennis entomopoxvirus,230.0
7044,10266,0.0,Capripoxvirus Sheeppox virus,61.0
7045,1076255,0.0,Centapoxvirus Yokapox virus,148.0
7046,2905570,0.0,,447.0
7047,2956147,0.0,Madalivirus amapaense,122.0
7048,2846617,0.0,Vohsuavirus soladaptatum,58.0
7049,2846072,0.0,Rubivirus ruteetense,1039.0
7050,40062,0.0,Orbivirus Warrego virus,22.0
7051,2933796,0.0,Alphabaculovirus Olene mendosa nucleopolyhedrovirus,57.0
7052,1349409,0.0,Pandoravirus dulcis,261.0
7053,2740746,0.0,,1613.0
7054,39640,0.0,Bracoviriform congregatae,184.0
7055,84025,0.0,Clostridium haemolyticum,461.0
7056,106578,0.0,Thermoanaerobacter siderophilus,4045.0
7057,184064,0.0,Thermodesulfobium narugense,3100.0
7058,2763068,0.0,Streptococcus sp. NSJ-72,36652.0
7059,1940319,0.0,Streptococcus sp. DAT741,2527.0
7060,1319,0.0,Streptococcus sp. 'group B',17597.0
7061,2816912,0.0,Lactococcus sp. LG606,40183.0
7062,2816911,0.0,Lactococcus sp. LG592,38979.0
7063,2816910,0.0,Lactococcus sp. LG1267,15132.0
164,365349,0.0,Pelosinus fermentans,10361.0
7065,2060307,0.0,Enterococcus sp. FDAARGOS_375,10365.0
7066,2057791,0.0,Enterococcus sp. CR-Ec1,1628.0
7067,3044568,0.0,Enterococcus sp. ZQ21,18349.0
7068,2603296,0.0,Enterococcus sp. DA9,29567.0
7069,246144,0.0,Enterococcus italicus,3627.0
7070,2714946,0.0,Vagococcus coleopterorum,7674.0
7071,887702,0.0,Weissella tructae,958.0
165,2377,0.0,Sporomusa termitida,10210.0
7073,1545702,0.0,Lactobacillus sp. wkB8,937.0
7074,2983213,0.0,Lactobacillus sp. ESL0684,1200.0
7075,2983211,0.0,Lactobacillus sp. ESL0681,1008.0
7076,1252,0.0,Leuconostoc carnosum,15350.0
7077,979982,0.0,Leuconostoc sp. C2,1126.0
7078,2571156,0.0,Leuconostoc sp. LN180020,3053.0
7079,1246,0.0,Leuconostoc lactis,20112.0
7080,2766470,0.0,Leuconostoc falkenbergense,1866.0
7081,1511761,0.0,Leuconostoc suionicum,1742.0
7082,2940297,0.0,Fructilactobacillus carniphilus,2117.0
7083,2940301,0.0,Fructilactobacillus myrtifloralis,763.0
7084,271881,0.0,Lactiplantibacillus argentoratensis,3349.0
7085,2053832,0.0,Bacillus sp. HBCD-sjtu,591.0
7086,1892404,0.0,Bacillus sp. ABP14,708.0
7087,2026188,0.0,Bacillus tropicus,1422.0
7088,2026190,0.0,Bacillus mobilis,147.0
7089,2026189,0.0,Bacillus albus,495.0
7090,2665175,0.0,Bacillus sp. AM1(2019),390.0
7091,2831519,0.0,Bacillus sp. FS02,142.0
7092,3035514,0.0,Bacillus sp. HSf4,2116.0
7093,2233998,0.0,Bacillus sp. COPE52,353.0
7094,2821409,0.0,Bacillus sp. LJBV19,618.0
7095,2876713,0.0,Bacillus sp. 41-22,342.0
7096,2930532,0.0,Bacillus sp. H8-1,79.0
7097,2856338,0.0,Bacillus sp. FDAARGOS_1420,446.0
7098,1178537,0.0,Bacillus xiamenensis,605.0
7099,2913506,0.0,Lysinibacillus sp. ACHW1.5,15977.0
7100,3039426,0.0,Lysinibacillus sp. 1 U-2021,3785.0
7101,2749809,0.0,Lysinibacillus sp. JK80,3607.0
7102,2072025,0.0,Lysinibacillus sp. YS11,3743.0
7103,2874282,0.0,Metabacillus dongyingensis,41533.0
7104,135735,0.0,Priestia endophytica,523.0
7105,2419842,0.0,Virgibacillus sp. Bac332,5250.0
7106,447199,0.0,Virgibacillus salarius,9561.0
7107,3025676,0.0,Alkalihalobacillus sp. DSM 23008,629.0
7108,33938,0.0,Geobacillus thermocatenulatus,1720.0
7109,1462,0.0,Geobacillus kaustophilus,2144.0
7110,33941,0.0,Geobacillus thermoleovorans,4624.0
7111,1813182,0.0,Geobacillus sp. JS12,753.0
7112,1233873,0.0,Geobacillus sp. GHH01,1692.0
7113,213419,0.0,Geobacillus zalihae,1674.0
7114,33932,0.0,Sutcliffiella cohnii,6154.0
7115,2963940,0.0,Rossellomorea sp. KS-H15a,2492.0
7116,373067,0.0,Staphylococcus sp. 693-2,484.0
7117,2989770,0.0,Staphylococcus sp. IVB6238,809.0
7118,2989772,0.0,Staphylococcus sp. IVB6246,140.0
7119,2799680,0.0,Staphylococcus sp. 11-B-312,575.0
7120,2799681,0.0,Staphylococcus sp. T93,4511.0
7121,94138,0.0,Staphylococcus ureilyticus,1917.0
7122,1276936,0.0,Staphylococcus petrasii,431.0
7123,2871175,0.0,Paenibacillus sp. DR312,8859.0
7124,2777984,0.0,Paenibacillus sp. JNUCC-32,3255.0
7125,2823905,0.0,Paenibacillus sp. S25,2708.0
7126,2487928,0.0,Paenibacillus sp. M-152,2962.0
7127,2738979,0.0,Brevibacillus sp. HD3.3A,1148.0
7128,2683193,0.0,Brevibacillus sp. 7WMA2,385.0
7129,1785995,0.0,Gemella sp. oral taxon 928,13520.0
7130,2040624,0.0,Gemella sp. ND 6198,8628.0
167,2072642,0.0,Paenibacillus sp. PK3_47,13746.0
7132,2057743,0.0,Actinomyces wuliandei,2560.0
7133,2857060,0.0,Mycobacterium sp. SMC-8,2191.0
7134,1545728,0.0,Mycobacterium sp. EPa45,1093.0
7135,2991728,0.0,Mycobacterium sp. Aquia_213,802.0
7136,701042,0.0,Mycobacterium marseillense,1236.0
168,1306526,0.0,Paenibacillus sp. HWE-109,9680.0
7138,53376,0.0,Mycobacterium heidelbergense,1447.0
7139,1809,0.0,Mycobacterium ulcerans,1441.0
7140,1781,0.0,Mycobacterium marinum,2018.0
7141,29311,0.0,Mycobacterium haemophilum,1083.0
7142,386911,0.0,Mycobacterium seoulense,1247.0
7143,1789,0.0,Mycobacterium xenopi,885.0
7144,886343,0.0,Mycobacterium spongiae,867.0
7145,39687,0.0,Mycolicibacterium austroafricanum,5361.0
7146,56689,0.0,Mycolicibacterium mucogenicum,1565.0
7147,36814,0.0,Mycolicibacterium rhodesiae,1150.0
7148,1796,0.0,Mycolicibacterium senegalense,924.0
7149,110539,0.0,Mycolicibacterium vanbaalenii,2766.0
7150,85693,0.0,Mycolicibacterium monacense,1953.0
7151,1802,0.0,Mycolicibacterium farcinogenes,1534.0
7152,2872309,0.0,Mycolicibacter sp. MYC098,911.0
7153,2872311,0.0,Mycolicibacter sp. MYC101,360.0
7154,875328,0.0,Mycolicibacter sinensis,4627.0
7155,83262,0.0,Mycobacteroides immunogenum,1469.0
7156,1520670,0.0,Mycobacteroides [Mycobacterium] stephanolepidis,1012.0
7157,2599641,0.0,Corynebacterium sp. sy039,1353.0
7158,2778078,0.0,Corynebacterium sp. FDAARGOS 1242,1049.0
7159,2079234,0.0,Corynebacterium gerontici,1729.0
7160,2320431,0.0,Corynebacterium silvaticum,1164.0
7161,89154,0.0,Corynebacterium terpenotabidum,1161.0
7162,2684406,0.0,Corynebacterium anserum,1506.0
7163,38303,0.0,Corynebacterium pseudogenitalium,1215.0
7164,1302308,0.0,Rhodococcus sp. P1Y,1852.0
7165,1570939,0.0,Rhodococcus sp. 2G,700.0
7166,935199,0.0,Rhodococcus sp. p52,1012.0
7167,2594007,0.0,Rhodococcus sp. WB9,344.0
7168,2749906,0.0,Rhodococcus sp. ZPP,1238.0
7169,1723645,0.0,Rhodococcus sp. 008,161.0
7170,2663121,0.0,Rhodococcus sp. WAY2,848.0
7171,2722825,0.0,Rhodococcus sp. DMU1,933.0
7172,3031999,0.0,Rhodococcus sp. RCBS9,127.0
7173,334542,0.0,Rhodococcus qingshengii,4860.0
7174,99653,0.0,Rhodococcus koreensis,978.0
7175,1990687,0.0,Rhodococcus oxybenzonivorans,192.0
7176,2986278,0.0,Nocardia sp. Y13_IFM12275,158.0
7177,2982699,0.0,Gordonia sp. L191,422.0
7178,2059875,0.0,Gordonia sp. YC-JH1,756.0
7179,2878678,0.0,Gordonia sp. WA4-43,835.0
7180,2676309,0.0,Gordonia sp. 135,2265.0
7181,249058,0.0,Gordonia otitidis,1432.0
7182,546160,0.0,Dietzia lutea,1925.0
7183,2600159,0.0,Arthrobacter sp. UKPF54-2,1330.0
7184,2830999,0.0,Arthrobacter sp. NicSoilB11,2381.0
7185,2879620,0.0,Arthrobacter sp. FW306-05-C,725.0
7186,1477518,0.0,Arthrobacter sp. D5-1,1465.0
7187,2963432,0.0,Arthrobacter sp. DNA4,1398.0
7188,2886932,0.0,Arthrobacter sp. zg-Y1110,1479.0
7189,2879622,0.0,Arthrobacter sp. FW306-07-I,222.0
7190,2879621,0.0,Arthrobacter sp. FW306-06-A,1616.0
7191,1670,0.0,Arthrobacter citreus,2434.0
7192,1702043,0.0,Kocuria sp. BT304,997.0
7193,1272,0.0,Kocuria varians,16567.0
7194,2931399,0.0,Pseudarthrobacter sp. SSS035,1667.0
7195,2590785,0.0,Pseudarthrobacter sp. NIBRBAC000502770,1066.0
7196,2590774,0.0,Pseudarthrobacter sp. NIBRBAC000502771,1200.0
7197,566027,0.0,Micrococcus yunnanensis,802.0
7198,3041264,0.0,Paenarthrobacter sp. OM7,391.0
7199,3031125,0.0,Paenarthrobacter sp. Y-19,357.0
7200,2735317,0.0,Paenarthrobacter sp. YJN-D,720.0
7201,3004095,0.0,Citricoccus sp. NR2,1340.0
7202,169134,0.0,Citricoccus muralis,1629.0
7203,556325,0.0,Neomicrococcus aestuarii,2162.0
7204,2489212,0.0,Microbacterium sp. RG1,1273.0
7205,2995140,0.0,Microbacterium sp. SL75,2133.0
7206,2567934,0.0,Microbacterium sp. 4R-513,1495.0
7207,2782166,0.0,Microbacterium sp. A18JL241,1487.0
7208,1938334,0.0,Microbacterium sp. TPU 3598,1334.0
7209,2851642,0.0,Microbacterium sp. KSW4-10,1415.0
7210,1696072,0.0,Microbacterium sp. CGR1,768.0
7211,582680,0.0,Microbacterium azadirachtae,3112.0
7212,300019,0.0,Microbacterium paludicola,2378.0
7213,199592,0.0,Microbacterium paraoxydans,3398.0
169,2762320,0.0,Paenibacillus sp. PAMC21692,8556.0
7215,453304,0.0,Agromyces aureus,2453.0
7216,2509455,0.0,Agromyces protaetiae,1749.0
7217,2795488,0.0,Curtobacterium sp. YC1,680.0
7218,1905847,0.0,Curtobacterium sp. BH-2-1-1,1217.0
171,2996034,0.0,Paenibacillus sp. SYP-B4298,11830.0
7220,2495430,0.0,Curtobacterium sp. Csp2,697.0
7221,2898151,0.0,Curtobacterium sp. C1,560.0
7222,2609257,0.0,Rathayibacter sp. VKM Ac-2804,1267.0
7223,1671680,0.0,Rathayibacter tanaceti,1154.0
7224,2781978,0.0,Leifsonia sp. ZF2019,2348.0
7225,2768071,0.0,Clavibacter zhangzhiyongii,1600.0
7226,1401995,0.0,Clavibacter californiensis,584.0
7227,1926290,0.0,Cryobacterium sp.,123.0
7228,232537,0.0,Rhodoluna limnophila,1794.0
7229,2994972,0.0,Microcella sp. MMS21-STM26,1257.0
7230,2994971,0.0,Microcella sp. MMS21-STM12,1210.0
7231,2772253,0.0,Microcella Chryseoglobus sp. 28M-23,869.0
7232,279828,0.0,Microcella alkaliphila,2074.0
7233,2750620,0.0,Microcella indica,1275.0
7234,1446794,0.0,Frondihabitans sp. 762G35,2321.0
172,2859228,0.0,Paenibacillus sp. R14(2021),9324.0
7236,708131,0.0,Aurantimicrobium minutum,527.0
7237,2480625,0.0,Plantibacter sp. PA-3-X8,2048.0
7238,1159327,0.0,Pontimonas salivibrio,732.0
173,1532905,0.0,Paenibacillus sp. CAA11,12503.0
7240,2173174,0.0,Cellulomonas sp. WB94,285.0
7241,1711,0.0,Cellulomonas flavigena,1864.0
7242,2996004,0.0,Brachybacterium sp. NBEC-018,2790.0
7243,2795215,0.0,Brachybacterium halotolerans,3333.0
7244,1630135,0.0,Dermabacter vaginalis,4426.0
7245,2697565,0.0,Brevibacterium limosum,1723.0
7246,1136497,0.0,Brevibacterium siliguriense,1369.0
7247,2898795,0.0,Brevibacterium zhoupengii,1275.0
7248,1285192,0.0,Janibacter cremeus,959.0
174,1870819,0.0,Paenibacillus sp. BIHB 4019,17617.0
7250,2762331,0.0,Dermacoccus sp. PAMC28757,1987.0
7251,2879846,0.0,Streptomyces sp. ST13-2-2,3215.0
7252,1964449,0.0,Streptomyces sp. 3211,947.0
7253,2083284,0.0,Streptomyces sp. CB09001,1234.0
176,324057,0.0,Paenibacillus sp. JDR-2,14273.0
7255,1938841,0.0,Streptomyces sp. 2323.1,642.0
7256,2782004,0.0,Streptomyces sp. XC 2026,921.0
7257,1881022,0.0,Streptomyces sp. 2114.2,728.0
7258,1649184,0.0,Streptomyces sp. CFMR 7,1180.0
7259,2944250,0.0,Streptomyces sp. M92,1681.0
7260,1262452,0.0,Streptomyces sp. 769,1838.0
7261,2748873,0.0,Streptomyces sp. CB04723,729.0
7262,3042026,0.0,Streptomyces sp. NA07423,1626.0
7263,2726118,0.0,Streptomyces sp. Jing01,996.0
7264,2202000,0.0,Streptomyces sp. NEAU-S7GS2,823.0
7265,2306165,0.0,Streptomyces sp. CC0208,2201.0
7266,1851167,0.0,Streptomyces sp. 11-1-2,715.0
7267,2420135,0.0,Streptomyces sp. S501,727.0
7268,2841662,0.0,Streptomyces sp. G11C(2021),1433.0
7269,2742134,0.0,Streptomyces sp. NA03103,915.0
7270,1972846,0.0,Streptomyces sp. Sge12,796.0
7271,2692235,0.0,Streptomyces sp. GF20,374.0
7272,2609807,0.0,Streptomyces sp. LBUM 1475,828.0
7273,1577075,0.0,Streptomyces sp. PBH53,821.0
7274,1495638,0.0,Streptomyces sp. M56,1102.0
7275,2996051,0.0,Streptomyces sp. NA13,1446.0
7276,2987533,0.0,Streptomyces sp. BPPL-273,842.0
7277,1436085,0.0,Streptomyces sp. F8,70.0
7278,2801033,0.0,Streptomyces sp. CA-256286,389.0
7279,2892996,0.0,Streptomyces sp. SCSIO ZS0520,349.0
7280,2835531,0.0,Streptomyces sp. EMB24,531.0
7281,646637,0.0,Streptomyces sp. M2,600.0
7282,2929798,0.0,Streptomyces sp. PLM4,799.0
7283,1218177,0.0,Streptomyces sp. GBA 94-10 4N24,310.0
7284,2871487,0.0,Streptomyces sp. A144,680.0
7285,2305221,0.0,Streptomyces sp. KPB2,1354.0
7286,92644,0.0,Streptomyces malaysiensis,590.0
7287,1919,0.0,Streptomyces microflavus,2622.0
7288,1077946,0.0,Streptomyces hundungensis,2155.0
7289,42239,0.0,Streptomyces sampsonii,767.0
7290,1902,0.0,Streptomyces coelicolor,1325.0
7291,67376,0.0,Streptomyces vinaceusdrappus,2168.0
7292,1928,0.0,Streptomyces rochei,118.0
177,2909671,0.0,Paenibacillus sp. PHS-Z3,8744.0
7294,2746961,0.0,Streptomyces caniscabiei,1135.0
7295,424188,0.0,Streptomyces deccanensis,1384.0
7296,68192,0.0,Streptomyces cyaneogriseus,1032.0
178,2777983,0.0,Paenibacillus sp. JNUCC-31,6843.0
7298,67260,0.0,Streptomyces cinereoruber,1645.0
7299,408015,0.0,Streptomyces xiamenensis,1203.0
7300,2991496,0.0,Streptomyces endophytica,1323.0
7301,1906,0.0,Streptomyces fradiae,680.0
7302,285473,0.0,Streptomyces rubrolavendulae,1021.0
7303,156453,0.0,Streptomyces yunnanensis,1394.0
179,1566358,0.0,Paenibacillus sp. IHBB 10380,16329.0
7305,1942,0.0,Streptomyces goshikiensis,600.0
7306,47716,0.0,Streptomyces olivaceus,2407.0
7307,67351,0.0,Streptomyces californicus,862.0
7308,2906474,0.0,Streptomyces spinosirectus,905.0
7309,546874,0.0,Microlunatus sagamiharensis,4179.0
7310,2575440,0.0,Nocardioides jishulii,1558.0
7311,2872154,0.0,Nocardioides coralli,1055.0
7312,2518371,0.0,Nocardioides seonyuensis,1539.0
7313,2663859,0.0,Aeromicrobium sp. zg-629,1797.0
7314,2983236,0.0,Bifidobacterium sp. ESL0800,5939.0
7315,1687,0.0,Bifidobacterium coryneforme,567.0
7316,2792979,0.0,Gardnerella swidsinskii,1437.0
7317,2792978,0.0,Gardnerella leopoldii,1508.0
7318,40990,0.0,Saccharomonospora glauca,1416.0
7319,1612552,0.0,Actinoalloteichus fjordicus,1290.0
7320,40567,0.0,Actinosynnema mirum,1162.0
7321,3015156,0.0,Micromonospora Verrucosispora sp. WMMC514,1317.0
7322,2583243,0.0,Micromonospora sp. HM134,4221.0
7323,3016089,0.0,Micromonospora sp. WMMD987,1956.0
7324,2675222,0.0,Micromonospora sp. WMMC415,1999.0
7325,648999,0.0,Micromonospora sp. L5,1222.0
7326,3015150,0.0,Micromonospora sp. WMMD1128,531.0
7327,3015158,0.0,Micromonospora sp. WMMC264,558.0
180,3039392,0.0,Paenibacillus sp. RC67,7598.0
7329,2108470,0.0,Plantactinospora sp. BC1,1302.0
7330,3031114,0.0,Spongiactinospora sp. TRM90649,292.0
7331,3029201,0.0,Nocardiopsis sp. DZFXJ 01,542.0
7332,2498135,0.0,Streptomonospora litoralis,3322.0
7333,1884904,0.0,Candidatus Planktophila sulfonica,4182.0
7334,1884634,0.0,Candidatus Nanopelagicus limnes,2138.0
7335,1884915,0.0,Candidatus Nanopelagicus hibericus,1059.0
7336,2810348,0.0,Mycoplasma sp. SG1,4957.0
7337,2963128,0.0,Mycoplasma sp. T158T,3645.0
7338,2963127,0.0,Mycoplasma sp. 97/66,4026.0
7339,754517,0.0,Mycoplasma phocoenae,5727.0
7340,754515,0.0,Mycoplasma miroungigenitalium,6259.0
7341,1612150,0.0,Mycoplasma tullyi,6669.0
7342,2726117,0.0,Mycoplasma phocoeninasale,3513.0
7343,65123,0.0,Mycoplasma wenyonii,679.0
7344,141391,0.0,Mycoplasma Candidatus Mycoplasma haemolamae,198.0
7345,57372,0.0,Mycoplasma suis,1096.0
7346,29501,0.0,Mycoplasma haemofelis,428.0
7347,114883,0.0,Mycoplasmopsis equigenitalium,4087.0
7348,55603,0.0,Mycoplasmopsis caviae,3398.0
7349,2113,0.0,Mycoplasmopsis californica,7875.0
7350,2792084,0.0,Spiroplasma endosymbiont of 'Nebria riversi',9502.0
7351,2134,0.0,Spiroplasma melliferum,12955.0
7352,216944,0.0,Spiroplasma sabaudiense,4213.0
7353,47835,0.0,Spiroplasma phoeniceum,4204.0
7354,216427,0.0,Mesoplasma chauliocola,3924.0
7355,225999,0.0,Mesoplasma syrphidae,11490.0
7356,69896,0.0,Candidatus Phytoplasma solani,2262.0
7357,135727,0.0,Candidatus Phytoplasma ziziphi,3437.0
7358,39647,0.0,Candidatus Phytoplasma Paulownia witches'-broom phytoplasma,1909.0
7359,1193712,0.0,Candidatus Phytoplasma 'Catharanthus roseus' aster yellows phytoplasma,779.0
7360,142651,0.0,Metamycoplasma [Mycoplasma] phocidae,2735.0
7361,2097,0.0,Mycoplasmoides genitalium,2040.0
7362,1618022,0.0,Nostoc sp. 'Lobaria pulmonaria (5183) cyanobiont',1563.0
7363,1647413,0.0,Anabaena sp. WA102,1464.0
7364,136073,0.0,Dolichospermum compactum,1996.0
7365,1188,0.0,Tolypothrix sp. PCC 7601,694.0
7366,2005464,0.0,Scytonema sp. NIES-4073,2549.0
7367,132604,0.0,Planktothrix pseudagardhii,786.0
7368,1678309,0.0,Planktothrix tepida,1297.0
7369,577489,0.0,Euhalothece natronophila,3336.0
7370,1386941,0.0,Synechococcus sp. MVIR-18-1,811.0
7371,2751170,0.0,Synechococcus sp. LTW-R,1463.0
7372,1916956,0.0,Synechococcus sp. SynAce01,1469.0
7373,321332,0.0,Synechococcus sp. JA-2-3B'a(2-13),1484.0
7374,195253,0.0,Synechococcus sp. PCC 6312,1016.0
7375,2579791,0.0,Synechococcus sp. PCC 11901,449.0
7376,166314,0.0,Synechococcus sp. WH 8109,496.0
7377,221345,0.0,Synechococcus sp. RS9902,836.0
7378,195498,0.0,Synechococcus sp. PCC 7117,1048.0
7379,1353134,0.0,Synechococcus sp. CBW1002,1546.0
7380,1050646,0.0,Synechococcus sp. A15-44,2003.0
7381,32049,0.0,Synechococcus sp. PCC 7002,623.0
7382,32052,0.0,Synechococcus sp. WH 8020,296.0
7383,292566,0.0,Dactylococcopsis salina,2556.0
7384,59930,0.0,Cyanobium gracile,3406.0
7385,2732530,0.0,Synechocystis sp. PCC 7338,191.0
7386,1933929,0.0,Synechocystis sp. CACIAM 05,793.0
7387,2803751,0.0,Leptolyngbya sp. Cla-17,158.0
7388,2963092,0.0,Pseudanabaena sp. Chao 1811,2570.0
7389,2857077,0.0,Anthocerotibacter panamensis,2440.0
7390,2653189,0.0,Chroococcidiopsis sp. CCNUC1,1194.0
7391,1763363,0.0,,1608.0
7392,3034674,0.0,,987.0
7393,56956,0.0,Thermus brockianus,1280.0
7394,456163,0.0,Thermus parvatiensis,763.0
7395,1522671,0.0,Dehalococcoides sp. UCH007,1349.0
7396,2530391,0.0,Duncaniella freteri,3209.0
7397,2816357,0.0,Flavobacterium endoglycinae,3425.0
7398,2745562,0.0,Polaribacter sp. AHE13PA,3671.0
7399,1945657,0.0,Capnocytophaga sp. H2931,1381.0
7400,1316593,0.0,Capnocytophaga sp. oral taxon 864,1374.0
7401,1705617,0.0,Capnocytophaga sp. oral taxon 323,721.0
7402,480520,0.0,Myroides profundi,2830.0
7403,76832,0.0,Myroides odoratimimus,3788.0
7404,2749994,0.0,Cellulophaga sp. HaHa_2_1,979.0
7405,2745558,0.0,Cellulophaga sp. HaHa_2_95,767.0
7406,111501,0.0,Muricauda ruestringensis,1911.0
7407,2745560,0.0,Olleya sp. HaHaR_3_96,4372.0
7408,1250205,0.0,Christiangramia Gramella sp. MAR_2010_147,2268.0
7409,3015168,0.0,Zunongwangia sp. HGR-M22,2282.0
7410,2719911,0.0,Nonlabens sp. SY33080,1931.0
7411,1476901,0.0,Nonlabens sp. MIC269,1226.0
7412,323273,0.0,Nonlabens tegetincola,1421.0
7413,573501,0.0,Leeuwenhoekiella palythoae,1881.0
7414,983548,0.0,Dokdonia sp. 4H-3-7-5,1659.0
181,2758563,0.0,Paenibacillus sp. 19GGS1-52,7360.0
7416,1239415,0.0,Dokdonia sp. PRO95,1603.0
7417,2094025,0.0,Pukyongia salina,1764.0
7418,2966625,0.0,Chryseobacterium sp. MA9,3352.0
7419,2825845,0.0,Chryseobacterium sp. PCH239,1281.0
7420,3031803,0.0,Chryseobacterium sp. WX,2690.0
7421,2856522,0.0,Chryseobacterium sp. D764,3764.0
7422,266748,0.0,Kaistella antarctica,2054.0
7423,2704652,0.0,Apibacter sp. ESL0432,5277.0
7424,2656760,0.0,Apibacter sp. B3706,1471.0
7425,39768,0.0,Blattabacterium sp. (Mastotermes darwiniensis),1195.0
7426,1186051,0.0,Blattabacterium sp. (Blaberus giganteus),510.0
7427,624186,0.0,Blattabacterium sp. (Blattella germanica),349.0
7428,1075399,0.0,Blattabacterium sp. (Cryptocercus punctulatus) str. Cpu,1032.0
7429,367806,0.0,Blattabacterium sp. (Blatta orientalis),482.0
7430,164516,0.0,Blattabacterium clevelandi,714.0
7431,253245,0.0,Owenweeksia hongkongensis,2393.0
7432,1850093,0.0,Hymenobacter nivis,3702.0
182,2282849,0.0,Paenibacillus sp. H1-7,9199.0
7434,2991499,0.0,Algoriphagus sp. TR-M5,2162.0
7435,650378,0.0,Candidatus Cardinium Cardinium endosymbiont of Sogatella furcifera,775.0
7436,672794,0.0,Candidatus Cardinium Cardinium endosymbiont of Bemisia tabaci,405.0
7437,931101,0.0,Candidatus Cardinium Cardinium endosymbiont of Oedothorax gibbosus,661.0
7438,649196,0.0,Sphingobacterium hotanense,2951.0
7439,2567937,0.0,Pedobacter sp. BS3,744.0
7440,2725997,0.0,Escherichia sp. SCLE84,12249.0
7441,2906475,0.0,Shigella sp. PIB,540.0
7442,2873296,0.0,Klebsiella sp. CTHL.F3a,1426.0
7443,2787706,0.0,Klebsiella sp. BDA134-6,1223.0
7444,2851540,0.0,Klebsiella sp. PL-2018,453.0
183,2748863,0.0,Paenibacillus sp. E222,7033.0
7446,2587529,0.0,Klebsiella pasteurii,1009.0
7447,2923366,0.0,Raoultella sp. HC6,2227.0
7448,599,0.0,Salmonella sp.,1211.0
7449,2077136,0.0,Enterobacter cloacae complex sp. FDA-CDC-AR_0164,2210.0
7450,1915310,0.0,Enterobacter cloacae complex sp. ECNIH7,1338.0
7451,2969431,0.0,Enterobacter cloacae complex sp. R_G8,2394.0
7452,2831891,0.0,Enterobacter sp. JBIWA005,7310.0
7453,2866201,0.0,Enterobacter sp. Colony194,1783.0
7454,1560339,0.0,Enterobacter sp. E20,631.0
7455,1868135,0.0,Enterobacter sp. HK169,889.0
7456,2831892,0.0,Enterobacter sp. JBIWA008,423.0
7457,2596949,0.0,Enterobacter sp. E76,1713.0
7458,2720029,0.0,Enterobacter sp. DNB-S2,706.0
7459,2831890,0.0,Enterobacter sp. JBIWA003,1377.0
7460,2565914,0.0,Enterobacter sp. 18A13,761.0
7461,2478464,0.0,Enterobacter oligotrophicus,2748.0
7462,67827,0.0,Citrobacter werkmanii,4652.0
7463,1686384,0.0,Citrobacter sp. BIDMC107,155.0
7464,133448,0.0,Citrobacter youngae,3517.0
7465,2971264,0.0,Citrobacter sp. S171,2744.0
7466,184912,0.0,Citrobacter sp. TSA-1,10051.0
7467,2781952,0.0,Citrobacter sp. BDA59-3,1267.0
7468,2742627,0.0,Citrobacter sp. RHB36-C18,457.0
7469,1439319,0.0,Citrobacter sp. MGH 55,462.0
7470,1920110,0.0,Citrobacter sp. CFNIH10,678.0
7471,2742626,0.0,Citrobacter sp. RHB35-C21,678.0
7472,2742630,0.0,Citrobacter sp. RHBSTW-00021,2891.0
7473,2697370,0.0,Citrobacter sp. LUTT5,596.0
7474,2546350,0.0,Citrobacter arsenatis,3075.0
7475,1748967,0.0,Citrobacter cronae,4107.0
7476,2675793,0.0,,2146.0
7477,2675780,0.0,,2122.0
7478,2675790,0.0,,843.0
7479,2675774,0.0,,1475.0
7480,2675787,0.0,,1252.0
7481,2675797,0.0,,1213.0
7482,2675772,0.0,,802.0
7483,2675776,0.0,,1728.0
7484,2675777,0.0,,2074.0
7485,2675781,0.0,,1171.0
7486,2675794,0.0,,1997.0
7487,2675784,0.0,,744.0
7488,2675783,0.0,,1507.0
7489,2675782,0.0,,1540.0
7490,2675779,0.0,,1374.0
7491,2675788,0.0,,1253.0
7492,2675786,0.0,,1282.0
7493,2675785,0.0,,1253.0
184,2908839,0.0,Paenibacillus sp. YPD9-1,8861.0
7495,2945589,0.0,Candidatus Blochmannia Blochmannia endosymbiont of Camponotus sp. C-046,605.0
7496,251535,0.0,Candidatus Blochmannia vafer,1601.0
7497,251542,0.0,Candidatus Blochmannia chromaiodes,584.0
185,1695218,0.0,Paenibacillus sp. 32O-W,10506.0
7499,1302411,0.0,Candidatus Annandia adelgestsuga,1692.0
7500,1835721,0.0,,1607.0
7501,1778262,0.0,Candidatus Doolittlea endobia,1149.0
7502,1778263,0.0,Candidatus Hoaglandella endobia,576.0
7503,1778264,0.0,Candidatus Mikella endobia,789.0
7504,2898725,0.0,Leclercia sp. G3L,1769.0
7505,2681308,0.0,Leclercia sp. 119287,1152.0
7506,2282310,0.0,Leclercia sp. W6,1234.0
7507,413501,0.0,Cronobacter muytjensii,1343.0
7508,2873269,0.0,Kluyvera sp. CRP,7853.0
7509,2774055,0.0,Kluyvera genomosp. 3,7932.0
7510,428411,0.0,Candidatus Riesia pediculischaeffi,905.0
7511,168169,0.0,Candidatus Ishikawaella capsulata,1136.0
7512,3024247,0.0,Pantoea sp. SS70,719.0
7513,2547962,0.0,Erwinia sp. QL-Z3,637.0
7514,2991500,0.0,Erwinia sp. INIA01,136.0
7515,79967,0.0,Erwinia pyrifoliae,961.0
7516,2872648,0.0,Mixta hanseatica,1936.0
7517,3015951,0.0,Providencia sp. 21OH12SH02B-Prov,544.0
7518,158850,0.0,Providencia rustigianii,2113.0
7519,1987580,0.0,Proteus columbae,814.0
7520,183417,0.0,Proteus hauseri,1782.0
7521,102862,0.0,Proteus penneri,1118.0
7522,171438,0.0,Photorhabdus akhurstii,1763.0
7523,2218628,0.0,Photorhabdus laumondii,1372.0
7524,158849,0.0,Moellerella wisconsensis,2454.0
7525,488142,0.0,Serratia sp. SCBI,791.0
7526,671990,0.0,Serratia sp. FGI94,642.0
7527,2785630,0.0,Serratia sp. CMO1,573.0
7528,2420306,0.0,Serratia sp. FDAARGOS_506,445.0
7529,2773264,0.0,Serratia sp. Tan611,311.0
187,1536769,0.0,Paenibacillus sp. FSL P4-0081,8654.0
7531,632,0.0,Yersinia pestis,974.0
7532,2339259,0.0,Yersinia hibernica,1388.0
7533,631,0.0,Yersinia intermedia,3960.0
7534,1604335,0.0,Yersinia rochesterensis,233.0
188,1536772,0.0,Paenibacillus sp. FSL R7-0273,9612.0
7536,2949614,0.0,Pectobacterium sp. F1-1,799.0
7537,2738983,0.0,Pectobacterium sp. PL64,415.0
7538,2774015,0.0,Pectobacterium quasiaquaticum,936.0
7539,2485124,0.0,Pectobacterium polonicum,754.0
7540,2778550,0.0,Pectobacterium parvum,764.0
7541,568766,0.0,Dickeya sp. NCPPB 3274,628.0
7542,2893572,0.0,Dickeya parazeae,463.0
7543,1929246,0.0,Sodalis endosymbiont of Henestaris halophilus,525.0
7544,715,0.0,Actinobacillus pleuropneumoniae,4937.0
7545,157339,0.0,Actinobacillus arthritidis,1000.0
7546,720,0.0,Actinobacillus lignieresii,690.0
7547,2679994,0.0,Mannheimia ovis,439.0
7548,111844,0.0,Mannheimia pernigra,1522.0
7549,2724123,0.0,Xanthomonas sp. SI,586.0
7550,2724121,0.0,Xanthomonas sp. GW,364.0
7551,53413,0.0,Xanthomonas axonopodis,1204.0
7552,56450,0.0,Xanthomonas cassavae,1082.0
7553,2053930,0.0,Xanthomonas prunicola,890.0
7554,1985254,0.0,Xanthomonas phaseoli,764.0
7555,56455,0.0,Xanthomonas hyacinthi,985.0
7556,2072405,0.0,Stenotrophomonas sp. ZAC14D2_NAIMI4_7,494.0
7557,2691571,0.0,Stenotrophomonas sp. 364,563.0
7558,2599307,0.0,Stenotrophomonas sp. SBJS02,482.0
7559,2871169,0.0,Stenotrophomonas sp. DFS-20110405,899.0
7560,1827305,0.0,Stenotrophomonas sp. MYb57,247.0
7561,2714936,0.0,Lysobacter sp. HDW10,928.0
7562,2781024,0.0,Lysobacter sp. H23M47,1258.0
7563,1605891,0.0,Lysobacter maris,1710.0
7564,2781022,0.0,Lysobacter ciconiae,572.0
7565,2781023,0.0,Lysobacter avium,1252.0
7566,2925842,0.0,Luteimonas sp. S4-F44,1517.0
7567,993689,0.0,Metallibacterium scheffleri,100.0
7568,1573720,0.0,Pseudomonas sp. S49,836.0
7569,1736226,0.0,Pseudomonas sp. Leaf58,1238.0
7570,2073078,0.0,Pseudomonas sp. DTU12.3,412.0
7571,1500687,0.0,Pseudomonas sp. St29,195.0
7572,1611770,0.0,Pseudomonas sp. MRSN 12121,679.0
7573,2879114,0.0,Pseudomonas sp. HS-18,2070.0
7574,2892442,0.0,Pseudomonas sp. CIP-10,14344.0
7575,2054914,0.0,Pseudomonas sp. 02C 26,433.0
7576,1636610,0.0,Pseudomonas sp. PONIH3,1697.0
7577,1827300,0.0,Pseudomonas sp. MYb193,459.0
7578,2811422,0.0,Pseudomonas sp. PDNC002,1487.0
7579,2895496,0.0,Pseudomonas sp. B21-059,264.0
7580,2895488,0.0,Pseudomonas sp. B21-044,604.0
7581,2738843,0.0,Pseudomonas sp. B14-6,461.0
7582,1608357,0.0,Pseudomonas sp. LFM046,202.0
7583,2749808,0.0,Pseudomonas sp. Y5-11,741.0
7584,2895486,0.0,Pseudomonas sp. B21-040,455.0
7585,2895495,0.0,Pseudomonas sp. B21-056,640.0
7586,2961531,0.0,Pseudomonas sp. KHPS1,247.0
7587,2939495,0.0,Pseudomonas sp. NY11382,565.0
7588,2662033,0.0,Pseudomonas sp. NY5710,332.0
7589,1173280,0.0,Pseudomonas sp. R2-60-08W,729.0
7590,1173288,0.0,Pseudomonas sp. R4-39-08,962.0
7591,2920387,0.0,Pseudomonas sp. LS.1a,567.0
7592,2812000,0.0,Pseudomonas sp. SDM007,577.0
7593,2664899,0.0,Pseudomonas sp. CFSAN084952,71.0
7594,2025658,0.0,Pseudomonas sp. NS1(2017),495.0
7595,658632,0.0,Pseudomonas sp. R11-23-07,1435.0
7596,658641,0.0,Pseudomonas sp. R2-7-07,851.0
7597,2795724,0.0,Pseudomonas sp. MPFS,259.0
7598,2083054,0.0,Pseudomonas sp. LG1D9,137.0
7599,3019098,0.0,Pseudomonas sp. TUM22785,889.0
7600,2054919,0.0,Pseudomonas sp. S09G 359,1036.0
7601,2998079,0.0,Pseudomonas sp. GOM7,804.0
7602,2976883,0.0,Pseudomonas sp. SD17-1,653.0
7603,2976884,0.0,Pseudomonas sp. FJ2-5-13,203.0
7604,2841064,0.0,Pseudomonas sp. SK3(2021),223.0
7605,2219057,0.0,Pseudomonas sp. LG1E9,521.0
7606,2126069,0.0,Pseudomonas sp. LBUM920,331.0
7607,1702250,0.0,Pseudomonas sp. IB20,343.0
7608,3042028,0.0,Pseudomonas sp. PMCC200344,417.0
7609,2895476,0.0,Pseudomonas sp. B21-021,497.0
7610,95619,0.0,Pseudomonas sp. M1,911.0
7611,2866386,0.0,Pseudomonas sp. ERGC3:05,48.0
7612,2821559,0.0,Pseudomonas sp. IsoF,181.0
7613,2866807,0.0,Pseudomonas sp. MM213,351.0
7614,118613,0.0,Pseudomonas sp. B10,234.0
7615,2895482,0.0,Pseudomonas sp. B21-031,447.0
7616,2895472,0.0,Pseudomonas sp. B21-012,904.0
7617,2083053,0.0,Pseudomonas sp. SWI44,487.0
7618,1573718,0.0,Pseudomonas sp. S34,677.0
7619,2678261,0.0,Pseudomonas sp. Pc102,401.0
7620,2724470,0.0,Pseudomonas sp. BIGb0427,740.0
7621,2866278,0.0,Pseudomonas sp. S07E 245,277.0
7622,200450,0.0,Pseudomonas trivialis,782.0
7623,169669,0.0,Pseudomonas extremorientalis,361.0
7624,75588,0.0,Pseudomonas libanensis,530.0
7625,78543,0.0,Pseudomonas migulae,312.0
7626,1114970,0.0,Pseudomonas ogarae,204.0
7627,76759,0.0,Pseudomonas monteilii,12081.0
7628,1940636,0.0,Pseudomonas shirazica,1542.0
7629,53408,0.0,Pseudomonas citronellolis,3954.0
7630,29438,0.0,Pseudomonas savastanoi,1135.0
7631,1691904,0.0,Pseudomonas sediminis,828.0
7632,2320867,0.0,Pseudomonas cavernae,2168.0
7633,2842346,0.0,Pseudomonas siliginis,1354.0
7634,2565368,0.0,Pseudomonas atacamensis,2407.0
7635,1148509,0.0,Pseudomonas prosekii,500.0
7636,289370,0.0,Pseudomonas argentinensis,983.0
7637,2745498,0.0,Pseudomonas zarinae,401.0
7638,216142,0.0,Pseudomonas rhizosphaerae,912.0
7639,2745511,0.0,Pseudomonas tensinigenes,334.0
7640,2219225,0.0,Pseudomonas asiatica,2807.0
7641,1615674,0.0,Pseudomonas lactis,228.0
7642,47884,0.0,Pseudomonas taetrolens,1054.0
7643,53407,0.0,Pseudomonas asplenii,580.0
7644,163011,0.0,Pseudomonas lini,504.0
7645,1163398,0.0,Pseudomonas donghuensis,292.0
189,1536774,0.0,Paenibacillus sp. FSL H7-0357,11369.0
7647,2745518,0.0,Pseudomonas tritici,577.0
7648,2774460,0.0,Pseudomonas allokribbensis,299.0
7649,2842348,0.0,Pseudomonas alvandae,670.0
7650,2502979,0.0,Pseudomonas khazarica,525.0
7651,2842349,0.0,Pseudomonas asgharzadehiana,885.0
7652,2842356,0.0,Pseudomonas xanthosomae,1145.0
7653,2965074,0.0,Pseudomonas serbica,166.0
7654,2056231,0.0,Pseudomonas qingdaonensis,360.0
7655,2837969,0.0,Pseudomonas fitomaticsae,252.0
7656,1785145,0.0,Pseudomonas glycinae,104.0
7657,2842350,0.0,Pseudomonas azerbaijanoriens,472.0
7658,2906062,0.0,Pseudomonas wenzhouensis,1171.0
7659,2894079,0.0,Pseudomonas oryziphila,481.0
7660,2745490,0.0,Pseudomonas xantholysinigenes,956.0
7661,2815720,0.0,Pseudomonas germanica,207.0
7662,2859001,0.0,Pseudomonas canavaninivorans,174.0
7663,203192,0.0,Stutzerimonas chloritidismutans,1047.0
7664,2998559,0.0,Stutzerimonas sp. R40042,1050.0
7665,857252,0.0,Halopseudomonas aestusnigri,1624.0
7666,2830842,0.0,Halopseudomonas nanhaiensis,1355.0
7667,2575361,0.0,Shewanella sp. MEBiC00475,805.0
7668,2698686,0.0,Shewanella sp. Arc9-LZ,1410.0
7669,2775245,0.0,Shewanella sp. WPAGA9,746.0
7670,2864213,0.0,Shewanella sp. FJAT-52072,339.0
7671,2864209,0.0,Shewanella sp. FJAT-54031,530.0
7672,2059264,0.0,Shewanella sp. Pdp11,271.0
7673,60961,0.0,Shewanella woodyi,1550.0
7674,238836,0.0,Shewanella donghaensis,1699.0
7675,1173586,0.0,Shewanella litorisediminis,1538.0
7676,1987584,0.0,Shewanella carassii,469.0
7677,359303,0.0,Shewanella loihica,1034.0
7678,116092,0.0,Pseudoalteromonas sp. A25,1461.0
7679,1390185,0.0,Pseudoalteromonas sp. DL-6,583.0
7680,2759705,0.0,Pseudoalteromonas sp. MT33b,882.0
7681,2916633,0.0,Pseudoalteromonas sp. KAN5,8909.0
7682,87791,0.0,Pseudoalteromonas sp. PS1M3,396.0
7683,288,0.0,Pseudoalteromonas atlantica,1232.0
190,715179,0.0,Paenibacillus sp. sptzw28,8113.0
7685,570156,0.0,Pseudoalteromonas lipolytica,685.0
7686,176102,0.0,Pseudoalteromonas agarivorans,649.0
7687,137779,0.0,Pseudoalteromonas flavipulchra,73.0
7688,28109,0.0,Pseudoalteromonas nigrifaciens,594.0
7689,874454,0.0,Pseudoalteromonas arabiensis,108.0
7690,621376,0.0,Pseudoalteromonas donghaensis,371.0
7691,151081,0.0,Pseudoalteromonas ruthenica,577.0
7692,152297,0.0,Pseudoalteromonas issachenkonii,164.0
7693,1714845,0.0,Alteromonas sp. BL110,930.0
7694,2785913,0.0,Alteromonas sp. B31-7,505.0
7695,1917158,0.0,Alteromonas sp. RW2A1,1077.0
191,2866810,0.0,Paenibacillus sp. PSB04,7190.0
7697,2976236,0.0,Vibrio sp. STUT-A11,762.0
7698,2993714,0.0,Vibrio sp. gvc,815.0
7699,2589990,0.0,Vibrio sp. Scap24,1220.0
7700,2817385,0.0,Vibrio sp. ABG19,1435.0
7701,2883075,0.0,Vibrio sp. LQ2,83.0
7702,2661921,0.0,Vibrio sp. THAF191c,5830.0
7703,1116375,0.0,Vibrio sp. EJY3,123.0
7704,50719,0.0,Vibrio diabolicus,4036.0
7705,766224,0.0,Vibrio jasicida,353.0
7706,300876,0.0,Vibrio europaeus,1346.0
7707,76258,0.0,Vibrio rumoiensis,1223.0
7708,296199,0.0,Vibrio gigantis,1203.0
7709,1534743,0.0,Vibrio hyugaensis,731.0
7710,2025808,0.0,Vibrio qinghaiensis,374.0
7711,689,0.0,Vibrio mediterranei,1271.0
7712,2100116,0.0,Vibrio echinoideorum,1300.0
7713,693153,0.0,Vibrio atlanticus,852.0
7714,2479546,0.0,Vibrio zhugei,1177.0
7715,198832,0.0,Vibrio pomeroyi,384.0
7716,1763883,0.0,Vibrio cidicii,566.0
7717,2003370,0.0,Salinivibrio sp. YCSC6,1586.0
7718,334715,0.0,Salinivibrio proteolyticus,852.0
7719,51367,0.0,Salinivibrio costicola,292.0
7720,2929512,0.0,Acinetobacter sp. YH16040_T,644.0
7721,2601122,0.0,Acinetobacter sp. YH12138,1399.0
7722,2004647,0.0,Acinetobacter sp. WCHAc010052,372.0
7723,2923375,0.0,Acinetobacter sp. XS-4,437.0
7724,2609668,0.0,Acinetobacter sp. C16S1,655.0
7725,2871688,0.0,Acinetobacter sp. AS23,386.0
7726,1827285,0.0,Acinetobacter sp. MYb10,986.0
7727,3020716,0.0,Acinetobacter sp. GSS19,789.0
7728,2950074,0.0,Acinetobacter sp. C32I,529.0
7729,2708348,0.0,Acinetobacter sp. WY4,558.0
192,2925845,0.0,Paenibacillus sp. N3/727,5744.0
7731,2004644,0.0,Acinetobacter sp. WCHA45,445.0
7732,710648,0.0,Acinetobacter sp. Tol 5,1228.0
7733,2785295,0.0,Acinetobacter sp. SK-43,57.0
7734,2913495,0.0,Acinetobacter sp. AHP123,377.0
7735,2853158,0.0,Acinetobacter sp. F9,317.0
7736,1758189,0.0,Acinetobacter sp. ACNIH2,586.0
7737,2929514,0.0,Acinetobacter sp. YH16056_T,420.0
7738,2715163,0.0,Acinetobacter lanii,1896.0
7739,106649,0.0,Acinetobacter guillouiae,1243.0
7740,2053287,0.0,Acinetobacter pseudolwoffii,1769.0
7741,2943497,0.0,Acinetobacter tibetensis,477.0
7742,134534,0.0,Acinetobacter gyllenbergii,173.0
7743,280145,0.0,Acinetobacter colistiniresistens,2958.0
7744,465797,0.0,Acinetobacter septicus,299.0
7745,56811,0.0,Psychrobacter sp.,746.0
7746,1720344,0.0,Psychrobacter sp. AntiMn-1,1403.0
7747,2733866,0.0,Psychrobacter sp. KCTC 72983,322.0
7748,334543,0.0,Psychrobacter arcticus,792.0
7749,256326,0.0,Psychrobacter arenosus,1155.0
7750,45610,0.0,Psychrobacter urativorans,720.0
7751,29433,0.0,Moraxella ovis,2585.0
7752,478,0.0,Moraxella nonliquefaciens,1441.0
7753,1666906,0.0,Halomonas sp. HL-93,1203.0
7754,2855441,0.0,Halomonas sp. 18071143,798.0
7755,999141,0.0,Halomonas sp. TD01,950.0
7756,2717374,0.0,Halomonas sp. A020,1008.0
7757,1761789,0.0,Halomonas sp. hl-4,475.0
7758,664683,0.0,Halomonas titanicae,2289.0
7759,2609667,0.0,Halomonas piezotolerans,1335.0
7760,2866211,0.0,Halomonas qaidamensis,709.0
7761,2661587,0.0,Candidatus Carsonella ruddii (Diaphorina cf. continua),170.0
7762,2609415,0.0,Cobetia sp. cqz5-12,1257.0
7763,1055104,0.0,Cobetia amphilecti,553.0
7764,475375,0.0,Francisella sp. MA067296,3277.0
7765,2599927,0.0,Francisella salimarina,1679.0
7766,299583,0.0,Francisella orientalis,1248.0
7767,2249302,0.0,Francisella marina,1074.0
7768,2016517,0.0,Francisella opportunistica,426.0
7769,1085647,0.0,Allofrancisella inopinata,1890.0
7770,406020,0.0,Thiomicrospira microaerophila,1541.0
7771,728003,0.0,Cycloclasticus sp. PY97N,948.0
7772,385025,0.0,Cycloclasticus sp. P1,1060.0
7773,111770,0.0,Thiothrix fructosivorans,281.0
7774,2005262,0.0,Legionella endosymbiont of Polyplax serrata,6441.0
7775,449,0.0,Legionella hackeliae,1076.0
7776,2487929,0.0,Coxiella endosymbiont of Amblyomma sculptum,188.0
7777,777,0.0,Coxiella burnetii,934.0
7778,2856608,0.0,Rickettsiella endosymbiont of Dermanyssus gallinae,1425.0
7779,254246,0.0,Aquicella lusitana,1314.0
7780,2778056,0.0,Aeromonas sp. FDAARGOS 1407,549.0
7781,2560028,0.0,Aeromonas sp. 1805,509.0
7782,2778068,0.0,Aeromonas sp. FDAARGOS 1419,53.0
7783,105751,0.0,Aeromonas bestiarum,314.0
7784,1903694,0.0,Oceanisphaera avium,662.0
7785,473531,0.0,Nitrosococcus watsonii,1890.0
7786,2795687,0.0,Thiohalobacter sp. COW1,3815.0
7787,927,0.0,Halothiobacillus neapolitanus,1288.0
7788,2731756,0.0,Teredinibacter purpureus,1213.0
7789,2426,0.0,Teredinibacter turnerae,1314.0
7790,266805,0.0,Microbulbifer variabilis,1082.0
7791,2812647,0.0,Methylomonas sp. EFPC1,1269.0
7792,2732590,0.0,Candidatus Vesicomyosocius sp. SY067_SCS001,789.0
7793,386487,0.0,Candidatus Ruthturnera calyptogenae,1002.0
7794,2738852,0.0,Candidatus Ruthturnera Candidatus Ruthia endofausta,754.0
7795,1971488,0.0,Candidatus Nardonella endosymbiont of Pachyrhynchus infernalis,889.0
7796,1972134,0.0,Candidatus Nardonella endosymbiont of Sipalinus gigas,546.0
7797,883811,0.0,,599.0
7798,1325112,0.0,Bradyrhizobium sp. CCBAU 53340,2339.0
7799,2782674,0.0,Bradyrhizobium sp. 40,1029.0
7800,1223566,0.0,Bradyrhizobium sp. CCGE-LA001,1707.0
7801,2782686,0.0,Bradyrhizobium sp. CW1,1388.0
7802,2976824,0.0,Bradyrhizobium sp. CB3035,1027.0
7803,2599819,0.0,Bradyrhizobium sp. TM102,259.0
7804,2782643,0.0,Bradyrhizobium sp. 172,872.0
7805,2782655,0.0,Bradyrhizobium sp. 187,1842.0
7806,2782678,0.0,Bradyrhizobium sp. 4,1199.0
7807,1404768,0.0,Bradyrhizobium amphicarpaeae,1332.0
7808,29448,0.0,Bradyrhizobium elkanii,7020.0
7809,2592817,0.0,Tardiphaga sp. vice304,124.0
7810,1320552,0.0,Afipia sp. NBIMC_P1-C1,178.0
7811,3045157,0.0,Rhizobium sp. BT04,2396.0
7812,3045156,0.0,Rhizobium sp. BT03,1328.0
7813,2048897,0.0,Rhizobium sp. NXC24,1327.0
7814,555319,0.0,Rhizobium sp. T136,1337.0
7815,3039160,0.0,Rhizobium sp. CC1099,929.0
7816,2986922,0.0,Rhizobium sp. BT-226,2310.0
7817,1914541,0.0,Rhizobium sp. Y9,30.0
7818,1538158,0.0,Rhizobium acidisoli,1675.0
7819,1138194,0.0,Rhizobium lentis,1503.0
7820,1120045,0.0,Rhizobium grahamii,178.0
7821,2081791,0.0,Rhizobium ruizarguesonis,204.0
7822,1183401,0.0,Agrobacterium fabacearum,2391.0
7823,2664893,0.0,Agrobacterium sp. MA01,1030.0
7824,1841651,0.0,Agrobacterium sp. 13-2099-1-2,484.0
7825,359,0.0,Agrobacterium rhizogenes,1397.0
7826,556287,0.0,Liberibacter Candidatus Liberibacter solanacearum,1551.0
7827,2493672,0.0,Mesorhizobium sp. M1E.F.Ca.ET.045.02.1.1,2375.0
7828,2880934,0.0,Mesorhizobium sp. PAMC28654,1349.0
7829,2589967,0.0,Mesorhizobium sp. B2-1-8,1085.0
7830,2865837,0.0,Mesorhizobium sp. AR02,2057.0
7831,278153,0.0,Mesorhizobium sp. WSM1497,1295.0
7832,2483404,0.0,Mesorhizobium sp. NZP2077,1462.0
7833,2493674,0.0,Mesorhizobium sp. M2A.F.Ca.ET.046.03.2.1,1726.0
7834,2589903,0.0,Mesorhizobium sp. B2-8-5,1719.0
7835,3038545,0.0,Mesorhizobium sp. WSM4904,887.0
7836,2744517,0.0,Mesorhizobium sp. 113-3-9,1584.0
7837,2854036,0.0,Nitratireductor rhodophyticola,170.0
7838,2979870,0.0,Aminobacter sp. NyZ550,2934.0
7839,2774562,0.0,Aminobacter sp. SR38,3386.0
7840,83263,0.0,Aminobacter aminovorans,526.0
7841,2979331,0.0,Bartonella sp. HY406,4847.0
7842,515256,0.0,Bartonella sp. 1-1C,677.0
7843,1318743,0.0,Bartonella ancashensis,7795.0
7844,111504,0.0,Bartonella birtlesii,2426.0
7845,33047,0.0,Bartonella vinsonii,1979.0
193,1906272,0.0,Paenibacillus sp. JZ16,7323.0
7847,155194,0.0,Bartonella bovis,1106.0
7848,2893471,0.0,Bartonella machadoae,1212.0
7849,33045,0.0,Bartonella grahamii,1416.0
7850,2813779,0.0,Methylobacterium sp. OT2,405.0
7851,418223,0.0,Methylobacterium phyllosphaerae,634.0
7852,31998,0.0,Methylobacterium radiotolerans,3083.0
7853,2651334,0.0,Microvirga thermotolerans,1845.0
7854,2883126,0.0,Microvirga roseola,223.0
7855,2986424,0.0,Brucella sp. MAB-22,943.0
7856,2975052,0.0,Brucella sp. 2716,718.0
7857,2886044,0.0,Brucella sp. JSBI001,584.0
7858,693750,0.0,Brucella sp. BO2,418.0
7859,271865,0.0,Brucella [Ochrobactrum] quorumnocens,1039.0
7860,419475,0.0,Brucella pseudogrignonensis,1761.0
7861,1218315,0.0,Brucella inopinata,312.0
7862,743836,0.0,Methylocystis sp. SB2,751.0
7863,3041435,0.0,Methylocapsa sp. D3K7,2153.0
7864,573658,0.0,Candidatus Hodgkinia cicadicola,1005.0
7865,304378,0.0,Sphingomonas sp. IC081,2284.0
7866,1843368,0.0,Sphingobium sp. RAC03,1538.0
7867,2878545,0.0,Sphingobium sp. CFD-1,1748.0
7868,2878542,0.0,Sphingobium sp. CFD-2,734.0
7869,1332080,0.0,Sphingobium baderi,3527.0
7870,164608,0.0,Novosphingobium sp. KA1,1799.0
7871,292913,0.0,Sphingopyxis sp. 113P3,2622.0
7872,1357916,0.0,Sphingopyxis sp. QXT-31,1042.0
7873,2830667,0.0,Sphingopyxis sp. USTB-05,2212.0
7874,2565556,0.0,Sphingopyxis sp. PAMC25046,1240.0
7875,1866325,0.0,Sphingopyxis sp. MG,711.0
194,2878915,0.0,Paenibacillus sp. YPG26,4978.0
7877,1634516,0.0,Citromicrobium sp. JL477,1863.0
7878,2724527,0.0,Parasphingopyxis sp. CP4,1048.0
7879,2829500,0.0,Erythrobacter sp. JK5,1694.0
7880,2011159,0.0,Erythrobacter sp. KY5,938.0
7881,1798193,0.0,Erythrobacter sp. HL-111,1437.0
7882,2023229,0.0,Porphyrobacter sp. HT-58-2,1254.0
7883,1532023,0.0,Qipengyuania sediminis,1066.0
7884,266951,0.0,Qipengyuania seohaensis,1234.0
7885,255984,0.0,Qipengyuania aquimaris,736.0
7886,1703338,0.0,Croceicoccus sp. Ery15,1463.0
7887,2067415,0.0,Altererythrobacter sp. TH136,708.0
7888,681157,0.0,Phaeobacter sp. LSS9,278.0
7889,2867013,0.0,Leisingera sp. M523,571.0
195,1536775,0.0,Paenibacillus sp. FSL H7-0737,5453.0
7891,2508306,0.0,Leisingera sp. NJS201,1251.0
7892,215743,0.0,Roseovarius mucosus,1224.0
7893,2293862,0.0,Ruegeria sp. AD91A,735.0
7894,2587852,0.0,Roseivivax sp. THAF30,2771.0
7895,1379903,0.0,Roseivivax marinus,2470.0
7896,266809,0.0,Thalassobacter stenotrophicus,826.0
7897,2922394,0.0,Paracoccus sp. TK19116,194.0
7898,1945662,0.0,Paracoccus contaminans,2018.0
7899,43057,0.0,Cereibacter azotoformans,1376.0
7900,195105,0.0,Haematobacter massiliensis,4007.0
7901,3048493,0.0,Tritonibacter sp. AK171,505.0
7902,1591409,0.0,Pseudohalocynthiibacter aestuariivivens,3084.0
7903,2500548,0.0,Acetobacter oryzoeni,521.0
7904,1633874,0.0,Acetobacter oryzifermentans,697.0
7905,257438,0.0,Gluconobacter thailandicus,645.0
7906,62140,0.0,Acidiphilium multivorum,2137.0
7907,524,0.0,Acidiphilium cryptum,758.0
7908,1064539,0.0,Azospirillum baldaniorum,2382.0
7909,1263979,0.0,Candidatus Endolissoclinum faulkneri,1809.0
7910,1812112,0.0,Wolbachia endosymbiont of Dipetalonema caudispina,3006.0
7911,2883238,0.0,Wolbachia endosymbiont of Chironomus riparius,757.0
7912,2954008,0.0,Wolbachia endosymbiont (group A) of Epistrophe grossularia,2403.0
7913,2732593,0.0,Wolbachia endosymbiont of Ctenocephalides felis wCfeT,1469.0
196,2741301,0.0,Paenibacillus sp. URB8-2,8249.0
7915,2886377,0.0,Wolbachia endosymbiont of Phyllotreta cruciferae,220.0
7916,2954068,0.0,Wolbachia endosymbiont (group A) of Yponomeuta plumbellus,163.0
7917,2953987,0.0,Wolbachia endosymbiont (group A) of Bibio marci,585.0
7918,2954025,0.0,Wolbachia endosymbiont (group A) of Lasioglossum morio,1890.0
7919,2954021,0.0,Wolbachia endosymbiont (group B) of Ischnura elegans,105.0
7920,2954019,0.0,Wolbachia endosymbiont (group A) of Icerya purchasi,75.0
7921,2902422,0.0,Wolbachia endosymbiont of Frankliniella intonsa,54.0
7922,2953997,0.0,Wolbachia endosymbiont (group B) of Chorthippus parallelus,215.0
7923,2748871,0.0,Wolbachia endosymbiont of Anopheles demeilloni,353.0
7924,2954016,0.0,Wolbachia endosymbiont (group A) of Gymnosoma rotundatum,102.0
198,3025665,0.0,Paenibacillus sp. KACC 21273,6723.0
7926,948,0.0,Anaplasma phagocytophilum,949.0
7927,770,0.0,Anaplasma marginale,695.0
7928,769,0.0,Anaplasma centrale,494.0
7929,950,0.0,Neorickettsia risticii,486.0
7930,786,0.0,Rickettsia akari,780.0
7931,2761623,0.0,Rickettsia tillamookensis,809.0
7932,35793,0.0,Rickettsia sibirica,322.0
7933,444612,0.0,Rickettsia endosymbiont of Ixodes scapularis,674.0
7934,1068590,0.0,Rickettsia asembonensis,1270.0
7935,781,0.0,Rickettsia conorii,1855.0
7936,35789,0.0,Rickettsia helvetica,312.0
7937,35792,0.0,Rickettsia parkeri,1352.0
7938,787,0.0,Rickettsia australis,428.0
7939,33989,0.0,Rickettsia amblyommatis,206.0
7940,238800,0.0,Rickettsia asiatica,598.0
7941,35794,0.0,Rickettsia slovaca,66.0
7942,785,0.0,Rickettsia typhi,1516.0
7943,33990,0.0,Rickettsia bellii,3168.0
7944,2995143,0.0,Brevundimonas sp. SL130,1127.0
7945,2560058,0.0,Brevundimonas sp. Bb-A,803.0
199,3047872,0.0,Paenibacillus sp. G2S3,8475.0
7947,2268451,0.0,Candidatus Pelagibacter sp. FZCC0015,2364.0
7948,1977865,0.0,Candidatus Pelagibacter sp. RS40,3194.0
7949,2558174,0.0,Candidatus Hydrogenosomobacter endosymbioticus,1132.0
7950,1207504,0.0,Burkholderia pseudomultivorans,494.0
7951,2978683,0.0,Burkholderia orbicola,455.0
7952,1385591,0.0,Burkholderia mayonis,1890.0
7953,342113,0.0,Burkholderia oklahomensis,1251.0
7954,1636423,0.0,Burkholderia sp. MSMB1588,1233.0
7955,1637853,0.0,Burkholderia sp. NRF60-BP8,607.0
7956,2217913,0.0,Burkholderia sp. JP2-270,677.0
7957,416344,0.0,Burkholderia sp. KJ006,257.0
7958,2811789,0.0,Burkholderia sp. MS389,705.0
7959,1179675,0.0,Burkholderia sp. KBS0801,527.0
200,1536770,0.0,Paenibacillus sp. FSL R5-0345,7774.0
7961,876364,0.0,Cupriavidus sp. USMAA2-4,1653.0
7962,1040979,0.0,Cupriavidus neocaledonicus,1210.0
7963,252970,0.0,Paraburkholderia phenoliruptrix,2928.0
7964,1855909,0.0,Polynucleobacter sp. MWH-Svant-W18,1003.0
7965,1758395,0.0,Polynucleobacter sp. JS-JIR-5-A7,1108.0
7966,2576919,0.0,Polynucleobacter sp. JS-JIR-II-50,440.0
7967,2689109,0.0,Polynucleobacter sp. MWH-Spelu-300-X4,1161.0
7968,1855616,0.0,Polynucleobacter sp. MWH-UH25E,421.0
7969,2689107,0.0,Polynucleobacter sp. MWH-CaK5,490.0
7970,1743174,0.0,Polynucleobacter tropicus,632.0
7971,1835254,0.0,Polynucleobacter duraquae,564.0
7972,1855895,0.0,Polynucleobacter paludilacus,782.0
7973,3002643,0.0,Pandoraea sp. XJJ-1,1546.0
7974,93222,0.0,Pandoraea sputorum,1418.0
7975,190721,0.0,Ralstonia insidiosa,4747.0
7976,105219,0.0,Ralstonia mannitolilytica,3917.0
7977,1310165,0.0,Ralstonia pseudosolanacearum,1152.0
7978,2018052,0.0,Candidatus Vallotia lariciata,491.0
7979,434009,0.0,Variovorax sp. PBL-H6,3272.0
7980,2738413,0.0,Acidovorax sp. YS12,2442.0
201,2975482,0.0,Paenibacillus sp. SS4,9270.0
7982,1926868,0.0,Acidovorax monticola,2684.0
7983,160825,0.0,Comamonas koreensis,1749.0
7984,2716225,0.0,Hydrogenophaga crocea,2929.0
7985,742013,0.0,Delftia sp. Cs1-4,634.0
7986,2866628,0.0,Diaphorobacter sp. MNS-0,1107.0
7987,1288495,0.0,Diaphorobacter aerolatus,3196.0
7988,164759,0.0,Diaphorobacter nitroreducens,835.0
7989,721785,0.0,Diaphorobacter [Acidovorax] ebreus,1571.0
7990,2741720,0.0,Rhodoferax sp. BAB1,3019.0
7991,1678129,0.0,Limnohabitans sp. 103DPR2,1618.0
7992,1267217,0.0,Melaminivora jejuensis,1867.0
7993,1458426,0.0,Serpentinimonas maccroryi,1631.0
7994,80880,0.0,Hylemonella gracilis,1634.0
7995,2738142,0.0,Massilia sp. erpn,2471.0
7996,1537274,0.0,Janthinobacterium sp. HH102,969.0
7997,2751478,0.0,Janthinobacterium rivuli,1100.0
7998,2756133,0.0,Achromobacter sp. 77,1441.0
7999,1416803,0.0,Bordetella genomosp. 9,2433.0
8000,463024,0.0,Bordetella genomosp. 6,538.0
8001,519,0.0,Bordetella parapertussis,1389.0
8002,520,0.0,Bordetella pertussis,1408.0
8003,323284,0.0,Alcaligenes aquatilis,2327.0
8004,2582914,0.0,Alcaligenes ammonioxydans,1999.0
202,2023772,0.0,Paenibacillus sp. RUD330,12058.0
8006,2937985,0.0,Neisseria sp. Marseille-Q6792,1570.0
8007,1853276,0.0,Neisseria weixii,836.0
8008,2666100,0.0,Neisseria brasiliensis,957.0
8009,194196,0.0,Alysiella filiformis,1455.0
8010,1689272,0.0,Vitreoscilla massiliensis,946.0
8011,96942,0.0,Vitreoscilla sp. C1,103.0
8012,2292447,0.0,Chromobacterium sp. Rain0013,1134.0
8013,1778675,0.0,Chromobacterium rhizoryzae,2886.0
8014,2588535,0.0,Candidatus Methylopumilus rimovensis,1218.0
8015,1288494,0.0,Nitrosospira lacus,1969.0
8016,35799,0.0,Nitrosospira briensis,750.0
8017,204461,0.0,Thauera sp. PIV-1,1406.0
8018,1765049,0.0,Azospira sp. I09,2027.0
8019,146939,0.0,Azospira oryzae,2058.0
8020,33056,0.0,Candidatus Kinetoplastibacterium crithidii,3461.0
203,2835869,0.0,Paenibacillus sp. 481,7145.0
8022,2563668,0.0,Treponema sp. OMZ 799,2451.0
8023,2749432,0.0,Treponema sp. B152,784.0
8024,1539298,0.0,Treponema sp. OMZ 838,1603.0
8025,229155,0.0,Borrelia turcica,4318.0
8026,1882662,0.0,Borrelia sp. HM,1174.0
8027,141,0.0,Borrelia parkeri,753.0
8028,2756107,0.0,Borrelia puertoricensis,352.0
8029,57863,0.0,Borreliella turdi,343.0
8030,64897,0.0,Borreliella bissettiae,857.0
8031,139,0.0,Borreliella burgdorferi,2045.0
8032,88916,0.0,Borreliella spielmanii,113.0
8033,29518,0.0,Borreliella afzelii,1878.0
8034,2719987,0.0,Entomospira nematocera,1818.0
8035,28184,0.0,Leptospira weilii,1117.0
8036,1500960,0.0,Campylobacter sp. RM16704,1902.0
8037,2984146,0.0,Campylobacter sp. CN_NE2,2702.0
8038,1660063,0.0,Campylobacter sp. RM16187,2618.0
204,867076,0.0,Paenibacillus sp. IHB B 3084,6589.0
205,1980674,0.0,Paenibacillus sp. Cedars,9709.0
8041,260714,0.0,Campylobacter insulaenigrae,2937.0
8042,1655500,0.0,Campylobacter vulpis,2277.0
8043,522485,0.0,Campylobacter avium,3047.0
8044,824,0.0,Campylobacter gracilis,3454.0
8045,944547,0.0,Arcobacter sp. L,6866.0
8046,873191,0.0,Arcobacter defluvii,6983.0
8047,1850254,0.0,Poseidonibacter parvus,7291.0
8048,2849642,0.0,Helicobacter sp. NHP19-012,609.0
8049,2849641,0.0,Helicobacter sp. NHP19-003,456.0
8050,157268,0.0,Helicobacter winghamensis,2865.0
8051,104628,0.0,Helicobacter suis,859.0
8052,56877,0.0,Helicobacter bizzozeronii,533.0
8053,212,0.0,Helicobacter acinonychis,257.0
8054,214,0.0,Helicobacter felis,396.0
8055,1581011,0.0,Sulfurospirillum sp. UCH001,7379.0
8056,194424,0.0,Sulfurospirillum halorespirans,922.0
8057,244787,0.0,Nautilia profundicola,2194.0
8058,980254,0.0,Roseimaritima ulvae,1774.0
8059,1930274,0.0,Roseimaritima multifibrata,942.0
8060,2608982,0.0,Gimesia benthica,592.0
8061,2528027,0.0,Calycomorphotria hydatis,915.0
8062,1457141,0.0,Chlamydia avium,581.0
8063,83558,0.0,Chlamydia pneumoniae,761.0
8064,1806891,0.0,Chlamydia Candidatus Chlamydia sanziniae,756.0
8065,83560,0.0,Chlamydia muridarum,2070.0
8066,83559,0.0,Chlamydia suis,489.0
8067,2681470,0.0,Chlamydiifrater volucris,476.0
8068,225148,0.0,Candidatus Rhabdochlamydia porcellionis,1276.0
8069,83561,0.0,Simkania negevensis,1301.0
8070,1658616,0.0,Lentisphaera profundi,2320.0
8071,2093824,0.0,Candidatus Nanosynbacter lyticus,10383.0
8072,1332188,0.0,Candidatus Saccharimonas aalborgensis,1322.0
8073,2066483,0.0,Candidatus Chromulinivorax destructor,1778.0
8074,1437364,0.0,Thermosipho sp. 1070,3635.0
8075,2423,0.0,Fervidobacterium islandicum,955.0
8076,1157948,0.0,Thermotoga sp. 2812B,833.0
8077,93929,0.0,Thermotoga petrophila,1106.0
8078,97477,0.0,Acetomicrobium mobile,1885.0
8079,2821536,0.0,Chloracidobacterium sp. D,460.0
8080,458033,0.0,Chloracidobacterium thermophilum,499.0
8081,178606,0.0,Leptospirillum ferriphilum,1144.0
8082,180,0.0,Leptospirillum ferrooxidans,1465.0
206,2823904,0.0,Paenibacillus sp. S02,9318.0
8084,2747817,0.0,Natronomonas halophila,843.0
8085,416273,0.0,Natronomonas moolapensis,445.0
8086,2961939,0.0,Natronomonas sp. ZY43,668.0
8087,2931976,0.0,Halorientalis marina,1481.0
8088,3033392,0.0,Halomicroarcula sp. SYNS111,422.0
8089,2961574,0.0,Halomicroarcula marina,830.0
8090,2878391,0.0,Halomicrobium salinisoli,1053.0
8091,2778916,0.0,Halomicrobium sp. IBSBa,146.0
8092,57705,0.0,Halomicrobium mukohataei,98.0
8093,51589,0.0,Haloarcula hispanica,117.0
8094,2962673,0.0,Haloglomus sp. ZY58,311.0
8095,2962672,0.0,Haloglomus sp. ZY41,1046.0
8096,1457250,0.0,Halapricum salinum,433.0
8097,2980181,0.0,Halorhabdus sp. BNX81,317.0
8098,430914,0.0,Halorhabdus tiamatea,400.0
8099,3034025,0.0,Halorussus sp. DT72,775.0
8100,3034024,0.0,Halorussus sp. DT80,353.0
8101,2650975,0.0,Halorussus halophilus,789.0
8102,2505977,0.0,Halorussus pelagicus,470.0
8103,223182,0.0,Halobacterium noricense,551.0
8104,2599399,0.0,Salarchaeum sp. JOR-1,778.0
8105,3033386,0.0,Halomarina sp. PSR21,772.0
8106,1008152,0.0,Haladaptatus pallidirubidus,643.0
8107,1510225,0.0,Halovenus salina,385.0
8108,1604004,0.0,Halanaeroarchaeum sulfurireducens,445.0
8109,2866382,0.0,Halanaeroarchaeum sp. HSR-CO,436.0
8110,869888,0.0,Salinarchaeum laminariae,413.0
8111,2836432,0.0,Halorubrum sp. 2020YC2,620.0
8112,1853699,0.0,Halorubrum sp. CBA1229,1191.0
8113,2527867,0.0,Halorubrum sp. DM2,614.0
8114,634157,0.0,Halorubrum sp. PV6,343.0
8115,2982524,0.0,Halorubrum ruber,593.0
8116,3031998,0.0,Halobaculum sp. DT92,766.0
8117,3032001,0.0,Halobaculum sp. DT31,692.0
8118,3031916,0.0,Halobaculum sp. YSMS11,429.0
8119,3031996,0.0,Halobaculum sp. DT55,525.0
8120,2872158,0.0,Halobaculum rubrum,653.0
8121,2743089,0.0,Halobaculum salinum,708.0
8122,2175149,0.0,Halobaculum roseum,994.0
8123,3032283,0.0,Salinigranum sp. XZGYJ-43,573.0
8124,2866381,0.0,Halalkaliarchaeum sp. AArc-CO,472.0
8125,2055893,0.0,Halalkaliarchaeum desulfuricum,387.0
8126,2949995,0.0,Haloplanus sp. HW8-1,1108.0
8127,2949993,0.0,Haloplanus sp. GDY1,728.0
8128,1547898,0.0,Haloplanus rubicundus,928.0
8129,1912324,0.0,Haloplanus salinarum,126.0
8130,2572921,0.0,Haloprofundus sp. MHR1,768.0
8131,2876194,0.0,Haloprofundus halobius,509.0
8132,302484,0.0,Haloferax larsenii,628.0
8133,699433,0.0,Halobellus limi,1073.0
8134,1379040,0.0,Halobellus ramosii,441.0
8135,2953746,0.0,Halovivax sp. AGai3-5,331.0
8136,2961597,0.0,Halovivax sp. CGA30,331.0
8137,387341,0.0,Halovivax ruber,512.0
8138,1487865,0.0,Halovivax cerinus,405.0
8139,2961571,0.0,Natrinema gelatinilyticum,216.0
8140,2961570,0.0,Natrinema caseinilyticum,390.0
8141,1699371,0.0,Natrinema halophilum,558.0
8142,69525,0.0,Natrinema pellirubrum,982.0
8143,62320,0.0,Haloterrigena turkmenica,781.0
8144,61858,0.0,Natronorubrum bangense,489.0
8145,588898,0.0,Natronorubrum daqingense,308.0
8146,1552990,0.0,Halosolutus halophilus,686.0
8147,2931975,0.0,Halosolutus gelatinilyticus,697.0
8148,745377,0.0,Natrarchaeobaculum aegyptiacum,439.0
8149,2044521,0.0,Natrarchaeobaculum sulfurireducens,494.0
8150,29288,0.0,Natronococcus occultus,384.0
8151,2961994,0.0,Saliphagus sp. WLHSJ1,358.0
8152,13769,0.0,Natrialba magadii,543.0
8153,2177,0.0,Methanohalophilus halophilus,704.0
8154,39664,0.0,Methanohalophilus portucalensis,805.0
8155,2176,0.0,Methanohalophilus mahii,400.0
8156,2322,0.0,Methanohalobium evestigatum,1551.0
8157,2199,0.0,Methanogenium organophilum,644.0
8158,126734,0.0,Methanofollis aquaemaris,1266.0
8159,2201,0.0,Methanofollis liminatans,965.0
8160,118062,0.0,Methanobacterium congolense,864.0
8161,680118,0.0,Methanothermobacter tenebrarum,528.0
8162,145262,0.0,Methanothermobacter thermautotrophicus,330.0
8163,2606911,0.0,Methanothermobacter sp. THM-1,122.0
8164,83171,0.0,Methanocaldococcus fervens,1360.0
8165,73913,0.0,Methanocaldococcus vulcanius,921.0
8166,2008440,0.0,Thermococcus sp. 5-4,674.0
8167,163003,0.0,Thermococcus cleftensis,297.0
8168,110164,0.0,Thermococcus guaymasensis,563.0
8169,311400,0.0,Thermococcus kodakarensis,584.0
8170,71997,0.0,Thermococcus gorgonarius,134.0
8171,2265,0.0,Thermococcus litoralis,519.0
8172,53952,0.0,Thermococcus peptonophilus,285.0
8173,1505907,0.0,Thermococcus eurythermalis,580.0
8174,2598455,0.0,Thermococcus aciditolerans,485.0
8175,2866384,0.0,Thermococcus argininiproducens,559.0
8176,342949,0.0,Pyrococcus sp. NA2,184.0
8177,1609559,0.0,Pyrococcus kukulkanii,265.0
8178,1008460,0.0,Pyrococcus yayanosii,115.0
8179,53953,0.0,Pyrococcus horikoshii,346.0
8180,29292,0.0,Pyrococcus abyssi,151.0
8181,58290,0.0,Archaeoglobus veneficus,302.0
8182,2234,0.0,Archaeoglobus fulgidus,730.0
8183,1316941,0.0,Archaeoglobus sulfaticallidus,302.0
8184,84156,0.0,Archaeoglobus profundus,537.0
8185,1580092,0.0,Nitrosopumilus adriaticus,3236.0
8186,1229909,0.0,Nitrosopumilus Candidatus Nitrosopumilus sediminis,4388.0
8187,1470067,0.0,Nitrosopumilus ureiphilus,1181.0
207,481743,0.0,Paenibacillus sp. Y412MC10,5829.0
8189,718286,0.0,Nitrosopumilus zosterae,581.0
8190,2259673,0.0,Nitrosarchaeum sp. AC2,868.0
8191,497727,0.0,Nitrososphaera Candidatus Nitrososphaera gargensis,327.0
8192,1410606,0.0,Candidatus Nitrosopelagicus brevis,816.0
8193,2259672,0.0,Candidatus Nitrosotenuis sp. DW1,364.0
8194,1874277,0.0,Conexivisphaera calida,209.0
8195,2886040,0.0,Acidianus sp. HS-5,603.0
8196,2283,0.0,Acidianus ambivalens,625.0
8197,2285,0.0,Sulfolobus acidocaldarius,999.0
8198,2286,0.0,Saccharolobus shibatae,726.0
8199,41675,0.0,Stygiolobus azoricus,435.0
8200,2824673,0.0,Stygiolobus caldivivus,329.0
8201,1294262,0.0,Sulfuracidifex tepidarius,444.0
8202,79601,0.0,Metallosphaera hakonensis,200.0
8203,2275,0.0,Desulfurococcus mucosus,122.0
208,3032287,0.0,Paenibacillus sp. BR1-192,11196.0
8205,229980,0.0,Aeropyrum camini,81.0
8206,56636,0.0,Aeropyrum pernix,73.0
8207,54252,0.0,Pyrolobus fumarii,275.0
8208,54248,0.0,Hyperthermus butylicus,46.0
8209,1273541,0.0,Pyrodictium delaneyi,288.0
8210,164451,0.0,Vulcanisaeta distributa,184.0
8211,985052,0.0,Vulcanisaeta moutnovskia,1011.0
8212,164452,0.0,Vulcanisaeta souniana,149.0
8213,13773,0.0,Pyrobaculum aerophilum,256.0
8214,2277,0.0,Pyrobaculum islandicum,323.0
8215,2776706,0.0,Infirmifilum lucidum,267.0
8216,2269,0.0,Thermofilum pendens,296.0
8217,498846,0.0,Candidatus Korarchaeum cryptofilum,71.0
209,2986930,0.0,Paenibacillus sp. BT-177,570.0
8219,50339,0.0,Thermoplasma volcanium,243.0
8220,2586965,0.0,Nanobdella aerobiophila,792.0
8221,2956047,0.0,Kahnovirus oralis,46905.0
8222,2956268,0.0,Paundivirus hollandii,24054.0
8223,2956255,0.0,Pamirivirus faecium,13904.0
8224,2956053,0.0,Kehishuvirus primarius,5176.0
8225,2956179,0.0,Mahlunavirus rarus,8879.0
8226,2956099,0.0,Lahndsivirus rarus,31509.0
8227,2956064,0.0,Kolpuevirus hominis,3034.0
8228,2956063,0.0,Kolpuevirus coli,3406.0
8229,2956106,0.0,Lebriduvirus gastrointestinalis,4276.0
8230,2956699,0.0,Wulfhauvirus bangladeshii,416.0
8231,2956698,0.0,Wotdevirus murinus,15464.0
8232,2955969,0.0,Hacihdavirus animalis,13621.0
8233,2955735,0.0,Dabirmavirus hominis,35475.0
8234,2955761,0.0,Diorhovirus copri,25171.0
8235,2955996,0.0,Jahgtovirus intestinalis,752.0
8236,2955998,0.0,Jahgtovirus secundus,4603.0
8237,2955701,0.0,Chuhaivirus simiae,23310.0
8238,2955384,0.0,Aurodevirus intestinalis,6435.0
8239,2955498,0.0,Birpovirus hiberniae,8257.0
8240,2956035,0.0,Junduvirus copri,5806.0
8241,2956034,0.0,Junduvirus communis,29494.0
8242,2853091,0.0,Gamaleyavirus Escherichia phage U1G,923.0
8243,1920755,0.0,Gamaleyavirus APEC7,2990.0
8244,2713224,0.0,Litunavirus Pseudomonas phage PAP02,18.0
8245,2365028,0.0,Moineauvirus Streptococcus phage CHPC1148,5431.0
8246,2041504,0.0,Moineauvirus Streptococcus phage L5A1,886.0
8247,2365015,0.0,Moineauvirus Streptococcus phage CHPC1041,438.0
8248,2069609,0.0,Moineauvirus Streptococcus phage vB_SthS_VA460,512.0
8249,1718281,0.0,Moineauvirus Streptococcus phage 128,476.0
8250,1971430,0.0,Moineauvirus Streptococcus phage P7574,17346.0
8251,2365049,0.0,Moineauvirus Streptococcus phage CHPC928,118.0
8252,2365039,0.0,Moineauvirus Streptococcus phage CHPC663,462.0
8253,64186,0.0,Moineauvirus Sfi21,112.0
8254,2894790,0.0,,112.0
8255,2365027,0.0,,855.0
8256,12402,0.0,,94.0
8257,1837862,0.0,,1085.0
8258,2724322,0.0,,48.0
8259,1051631,0.0,,7306.0
8260,2894788,0.0,,464.0
8261,1026955,0.0,,113.0
8262,2365031,0.0,,222.0
8263,2795745,0.0,,116.0
8264,537874,0.0,,1046.0
8265,1131315,0.0,,70.0
8266,55884,0.0,,127.0
8267,2603260,0.0,,254.0
8268,1161927,0.0,,13.0
8269,673376,0.0,,290.0
8270,1007869,0.0,,90.0
8271,646413,0.0,,856.0
8272,1675029,0.0,,141.0
8273,2094736,0.0,,70.0
8274,871584,0.0,,28.0
8275,2419952,0.0,,48.0
8276,2763529,0.0,,44.0
8277,754075,0.0,,14.0
8278,1914203,0.0,Tequatrovirus RB3,851.0
8279,260149,0.0,Ishigurovirus osborne,54.0
8280,227470,0.0,Cinqassovirus aeh1,37.0
8281,2955964,0.0,Gualtarvirus mp1,38.0
8282,2560335,0.0,Siophivirus SIOphi,22.0
8283,1921018,0.0,Nitunavirus NIT1,13.0
8284,1805956,0.0,Wphvirus Bacillus phage Zuko,52.0
8285,1985178,0.0,Caeruleovirus BM15,12.0
8286,1924730,0.0,Kayvirus SA12,67.0
8287,2560358,0.0,Klumppvirus A9,22.0
8288,1006972,0.0,Firehammervirus Campylobacter virus IBB35,67.0
8289,2734125,0.0,Nerrivikvirus srim2,60.0
8290,2956125,0.0,Lipsvirus ssm7,19.0
8291,2734111,0.0,Kanaloavirus scam9,46.0
8292,2560427,0.0,Efquatrovirus LY0322,1084.0
8293,2560415,0.0,Efquatrovirus AL2,240.0
8294,2844309,0.0,Latrobevirus FNU1,163.0
8295,1922246,0.0,Sextaecvirus sextaec,46.0
8296,2560261,0.0,Busanvirus ACP17,148.0
8297,2956650,0.0,Vipetofemvirus vipetofem,92.0
8298,2956649,0.0,Vipetofemvirus nattely,365.0
8299,2734080,0.0,Alexandravirus AD1,38.0
8300,2734249,0.0,Majavirus maja,89.0
8301,2734108,0.0,Eurybiavirus PHM2,64.0
8302,2382122,0.0,Septimatrevirus Pseudomonas phage vB_PaeS_SCUT-S3,25.0
8303,2844675,0.0,Secretariatvirus secretariat,38.0
8304,1982369,0.0,Pepyhexavirus poco6,44.0
8305,2739834,0.0,,47.0
8306,2734109,0.0,Goslarvirus goslar,25.0
8307,2734281,0.0,Squashvirus squash,41.0
8308,2696356,0.0,Arawnvirus arawn,117.0
8309,2560700,0.0,Ripduovirus RP12,105.0
8310,2811091,0.0,,765.0
8311,2024608,0.0,Klosneuvirus Bodo saltans virus,770.0
8312,1128151,0.0,Mimivirus terra2,138.0
8313,2023057,0.0,,947.0
8314,1474867,0.0,,304.0
8315,455364,0.0,,433.0
8316,322019,0.0,Chlorovirus Acanthocystis turfacea chlorella virus 1,84.0
8317,1917232,0.0,Chlorovirus Only Syngen Nebraska virus 5,37.0
8318,251749,0.0,Prymnesiovirus Phaeocystis globosa virus,188.0
8319,933845,0.0,Prasinovirus Bathycoccus sp. RCC1105 virus BpV,20.0
8320,345198,0.0,Chloriridovirus Invertebrate iridescent virus 22,348.0
8321,1720526,0.0,Marseillevirus Golden Marseillevirus,17.0
8322,28321,0.0,Betaentomopoxvirus Amsacta moorei entomopoxvirus,214.0
8323,1179664,0.0,Betaentomopoxvirus Mythimna separata entomopoxvirus,497.0
8324,2259792,0.0,,57.0
8325,62099,0.0,Alphaentomopoxvirus Anomala cuprea entomopoxvirus,135.0
8326,10261,0.0,Avipoxvirus Fowlpox virus,58.0
8327,2059380,0.0,Avipoxvirus Flamingopox virus FGPVKD09,42.0
8328,240426,0.0,Sciuripoxvirus Squirrelpox virus,26.0
8329,160796,0.0,Orthopoxvirus Skunkpox virus,92.0
8330,1329402,0.0,Vespertilionpoxvirus Eptesipox virus,148.0
8331,304399,0.0,Cervidpoxvirus Mule deerpox virus,48.0
8332,2955911,0.0,Foveavirus RuV1,659.0
8333,1131702,0.0,Alphaendornavirus Persea americana alphaendornavirus 1,39.0
8334,1985704,0.0,Cytorhabdovirus gramineae,325.0
8335,2749935,0.0,Alphanucleorhabdovirus colocasiae,92.0
8336,2501945,0.0,Ganiavirus tachengense,33.0
8337,1933305,0.0,Orthobunyavirus Minatitlan orthobunyavirus,57.0
8338,2955855,0.0,Emaravirus aceris,68.0
8339,2734493,0.0,Orthotospovirus Pepper chlorotic spot orthotospovirus,32.0
8340,2844860,0.0,Orthonairovirus Huangpi orthonairovirus,79.0
8341,2607629,0.0,Sobemovirus Physalis rugose mosaic virus,295.0
8342,3048277,0.0,Badnavirus tessellopolysciatis,529.0
8343,1751715,0.0,Vaccinivirus Blueberry fruit drop associated virus,29.0
8344,340921,0.0,,29.0
8345,1349410,0.0,Pandoravirus salinus,122.0
8346,1450746,0.0,Pithovirus sibericum,126.0
8347,2077300,0.0,,18.0
8348,2080449,0.0,,271.0
8349,1932881,0.0,,225.0
8350,1678078,0.0,,75.0
8351,3048334,0.0,Betabaculovirus spofrugiperdae,51.0
8352,3047787,0.0,Betabaculovirus cypomonellae,45.0
8353,38012,0.0,Alphabaculovirus Malacosoma neustria nucleopolyhedrovirus,34.0
8354,447897,0.0,Alphabaculovirus Mythimna unipuncta nucleopolyhedrovirus,56.0
8355,2844101,0.0,Alphanudivirus Drosophila melanogaster nudivirus A,14.0
8356,2747309,0.0,Glossinavirus Glossina hytrosavirus,298.0
8357,1074044,0.0,,358.0
8358,2972761,0.0,Bacteroides sp. BFG-257,46999.0
8359,2530392,0.0,Duncaniella sp. C9,13608.0
8360,3015170,0.0,Zunongwangia sp. HRR-M8,2122.0
8361,1806216,0.0,Bacillus sp. RZ2MS9,147.0
8362,2080759,0.0,Bacillus sp. DU-106,699.0
8363,756828,0.0,Bacillus sp. WP8,154.0
8364,2846779,0.0,Bacillus sp. NP247,426.0
8365,2049935,0.0,Bacillus sp. Lzh-5,3191.0
8366,2009331,0.0,Bacillus sp. MD-5,247.0
210,414771,0.0,Paenibacillus donghaensis,13168.0
8368,3039400,0.0,Gordonia sp. SMJS1,991.0
8369,2830994,0.0,Arthrobacter sp. StoSoilB19,1079.0
8370,2735316,0.0,Paenarthrobacter sp. YJN-5,413.0
8371,2603598,0.0,Microbacterium sp. CBA3102,1767.0
8372,2850561,0.0,Streptomyces sp. HNA39,749.0
8373,2609809,0.0,Streptomyces sp. LBUM 1482,3300.0
8374,2930049,0.0,Streptomyces sp. BJ20,780.0
8375,1818004,0.0,Streptomyces zhihengii,140.0
8376,1642299,0.0,Streptomyces alfalfae,462.0
211,307580,0.0,Paenibacillus woosongensis,14243.0
8378,195248,0.0,Synechococcus sp. PCC 8807,332.0
8379,1501269,0.0,Prochlorococcus sp. MIT 0801,1367.0
8380,2782213,0.0,Synechocystis sp. PCC 7339,613.0
8381,186171,0.0,Candidatus Phytoplasma Mulberry dwarf phytoplasma,829.0
8382,37636,0.0,Thermus scotoductus,1064.0
8383,653940,0.0,Basfia succiniciproducens,995.0
8384,1827481,0.0,Enterobacter sp. ODB01,10622.0
8385,2500132,0.0,Enterobacter sp. N18-03635,1462.0
8386,2742640,0.0,Klebsiella sp. RHBSTW-00215,10011.0
8387,2742657,0.0,Citrobacter sp. RHBSTW-00599,1147.0
8388,2575375,0.0,Pantoea sp. SO10,1250.0
8389,2044610,0.0,Pantoea Candidatus Pantoea edessiphila,48.0
8390,470933,0.0,Pantoea eucalypti,525.0
8391,182337,0.0,Erwinia billingiae,3236.0
8392,2883107,0.0,Proteus sp. NMG38-2,1138.0
8393,2831895,0.0,Serratia sp. JSRIV004,513.0
8394,2831896,0.0,Serratia sp. JSRIV006,171.0
8395,458197,0.0,Serratia nematodiphila,264.0
8396,2703885,0.0,Rahnella aceris,525.0
8397,2037915,0.0,Dickeya sp. Secpp 1600,839.0
8398,1225785,0.0,Dickeya sp. DW 0440,1156.0
8399,1173270,0.0,Pseudomonas sp. R1-43-08,369.0
8400,2895491,0.0,Pseudomonas sp. B21-051,184.0
8401,1886807,0.0,Pseudomonas sp. TMW 2.1634,2109.0
8402,658643,0.0,Pseudomonas sp. R4-35-07,241.0
8403,107445,0.0,Pseudomonas sp. A2,1064.0
8404,658642,0.0,Pseudomonas sp. R4-34-07,833.0
8405,2605424,0.0,Pseudomonas sp. J380,343.0
212,79263,0.0,Paenibacillus chitinolyticus,12049.0
8407,2730847,0.0,Pseudomonas sp. ADAK13,635.0
213,1338368,0.0,Paenibacillus lentus,10897.0
214,2704463,0.0,Paenibacillus rhizovicinus,12123.0
8410,2069256,0.0,Pseudomonas sp. XWY-1,53.0
8411,53409,0.0,Pseudomonas coronafaciens,914.0
8412,2745510,0.0,Pseudomonas zeae,1013.0
8413,2961896,0.0,Pseudomonas nunensis,592.0
8414,2853159,0.0,Pseudomonas pergaminensis,147.0
8415,2011015,0.0,Pseudomonas laurylsulfatiphila,435.0
8416,1583341,0.0,Pseudomonas cerasi,288.0
8417,2762577,0.0,Pseudomonas kielensis,123.0
8418,1671721,0.0,Marinobacter sp. CP1,2346.0
8419,60480,0.0,Shewanella sp. MR-4,508.0
8420,2593655,0.0,Shewanella psychropiezotolerans,785.0
8421,256839,0.0,Shewanella decolorationis,681.0
8422,562716,0.0,Pseudoalteromonas sp. CF6-2,416.0
8423,2752475,0.0,Pseudoalteromonas sp. JSTW,155.0
8424,2699396,0.0,Pseudoalteromonas sp. APM04,763.0
8425,2692624,0.0,Pseudoalteromonas sp. M8,179.0
8426,1967665,0.0,Cognaticolwellia beringensis,1730.0
8427,2751176,0.0,Vibrio sp. B1ASS3,1680.0
8428,2819104,0.0,Vibrio sp. SCSIO 43097,718.0
8429,190895,0.0,Vibrio rotiferianus,933.0
8430,1785128,0.0,Acinetobacter lactucae,407.0
8431,1636603,0.0,Acinetobacter sp. ACNIH1,203.0
8432,2725684,0.0,Acinetobacter sp. NEB149,794.0
8433,1118153,0.0,Halomonas sp. GFAJ-1,545.0
8434,2733484,0.0,Halomonas sulfidoxydans,834.0
8435,2661553,0.0,Cobetia sp. AM6,675.0
8436,2053669,0.0,Cobetia sp. ICG0124,398.0
8437,2970966,0.0,Aeromonas sp. BC14,665.0
8438,2778063,0.0,Aeromonas sp. FDAARGOS 1414,278.0
8439,1636609,0.0,Aeromonas sp. ASNIH4,150.0
8440,2778059,0.0,Aeromonas sp. FDAARGOS 1410,569.0
8441,2778054,0.0,Aeromonas sp. FDAARGOS 1405,392.0
8442,2735554,0.0,Diaphorobacter sp. JS3050,1338.0
8443,1855910,0.0,Polynucleobacter sp. MWH-S4W17,893.0
8444,2576930,0.0,Polynucleobacter sp. AP-Elch-400A-B2,461.0
8445,2576926,0.0,Polynucleobacter sp. AP-Ainpum-60-G11,329.0
8446,2576928,0.0,Polynucleobacter sp. AP-Jannik-300A-C4,479.0
215,2509456,0.0,Paenibacillus protaetiae,9415.0
8448,2705547,0.0,Caballeronia sp. SBC2,2090.0
8449,2709302,0.0,Massilia sp. Dwa41.01b,1477.0
8450,90060,0.0,Aromatoleum toluolicum,6189.0
8451,2116706,0.0,Nitrosomonas supralitoralis,22.0
8452,2979861,0.0,Rhizobium sp. TRM96647,286.0
8453,3024248,0.0,Rhizobium sp. MJ22,450.0
8454,1538159,0.0,Rhizobium hidalgonense,597.0
8455,1184720,0.0,Rhizobium anhuiense,1132.0
8456,1842536,0.0,Agrobacterium sp. RAC06,1159.0
8457,2493093,0.0,Bradyrhizobium sp. LCT2,578.0
8458,2782660,0.0,Bradyrhizobium sp. 192,880.0
8459,2592814,0.0,Tardiphaga sp. vice154,236.0
8460,1380604,0.0,Mesorhizobium sp. NBIMC_P2-C4,217.0
8461,520734,0.0,Sphingobium sp. RSMS,1190.0
8462,2907154,0.0,Erythrobacter sp. SDW2,598.0
8463,1968541,0.0,Sulfitobacter sp. D7,985.0
8464,2494548,0.0,Azospirillum sp. 412522,99.0
8465,1532555,0.0,Brevundimonas sp. DS20,912.0
8466,125593,0.0,Wolbachia endosymbiont of Trichogramma pretiosum,232.0
8467,2898581,0.0,Borrelia sp. RT5S,1140.0
8468,2715735,0.0,Candidatus Chazhemtobacterium aquaticus,209.0
8469,2978283,0.0,Halorhabdus sp. SVX81,155.0
8470,1046043,0.0,Natronomonas gomsonensis,785.0
8471,224402,0.0,Halococcus qingdaonensis,534.0
8472,353800,0.0,Halostagnicola larsenii,281.0
8473,299308,0.0,Methanofollis formosanus,644.0
8474,246969,0.0,Thermococcus sp. AM4,346.0
8475,49899,0.0,Thermococcus profundus,161.0
8476,110163,0.0,Thermococcus aggregans,332.0
8477,70771,0.0,Pyrobaculum neutrophilum,308.0
8478,184117,0.0,Thermoproteus uzoniensis,194.0
8479,54259,0.0,Ignicoccus islandicus,97.0
8480,683846,0.0,Fervidicoccus fontis,350.0
8481,1365176,0.0,Thermofilum adornatum,211.0
8482,2955557,0.0,Buhlduvirus porcinus,1098.0
8483,2955556,0.0,Buhlduvirus animalis,1925.0
8484,2955512,0.0,Bohxovirus oralis,1490.0
8485,2955711,0.0,Cohcovirus hiberniae,11581.0
8486,2956201,0.0,Mosigvirus 25307,52.0
8487,2844193,0.0,Tequatrovirus efftwo,56.0
8488,2560383,0.0,Moonvirus cf1,26.0
8489,2956491,0.0,Tegunavirus fheyen901,26.0
8490,762660,0.0,,26.0
8491,2732595,0.0,Rosenblumvirus rv66,11.0
8492,1636182,0.0,,67.0
8493,754058,0.0,,51.0
8494,644007,0.0,,267.0
8495,2718943,0.0,,22.0
8496,2956240,0.0,Ormenosvirus syn9,46.0
8497,2955956,0.0,Glaucusvirus ssm5,21.0
216,483937,0.0,Paenibacillus riograndensis,7181.0
8499,2956315,0.0,Phobosvirus PspYZU01,14.0
8500,2846605,0.0,Aphroditevirus USC1,39.0
8501,2560618,0.0,Lilyvirus lily,42.0
8502,2734084,0.0,Aokuangvirus SCBWM1,99.0
8503,2734053,0.0,Sciuriunavirus SscM1,42.0
8504,2734088,0.0,Aurunvirus STIM5,48.0
8505,2560751,0.0,Eneladusvirus BF,158.0
8506,2748760,0.0,Poindextervirus rogue,23.0
8507,2560406,0.0,Ionavirus W14,16.0
8508,10683,0.0,Takahashivirus PBS1,292.0
8509,2560395,0.0,Chunghsingvirus Corynebacterium virus P1201,18.0
8510,2844659,0.0,Tanisvirus avazak,37.0
8511,2560495,0.0,Bendigovirus GMA6,50.0
8512,2560836,0.0,Jesfedecavirus phi3,21.0
8513,3050246,0.0,Rhadinovirus bovinegamma4,74.0
8514,3050285,0.0,Percavirus felidgamma1,32.0
8515,3050258,0.0,Cytomegalovirus cercopithecinebeta5,19.0
8516,3050254,0.0,Quwivirus caviidbeta2,10.0
8517,47418,0.0,Varicellovirus Phocid alphaherpesvirus 1,53.0
8518,2060617,0.0,,316.0
8519,2079134,0.0,Prasinovirus Dishui lake phycodnavirus 1,15.0
8520,755272,0.0,Prasinovirus Micromonas pusilla virus 12T,36.0
8521,39444,0.0,Oryzopoxvirus Cotia virus,139.0
8522,1557034,0.0,,98.0
8523,1923269,0.0,,23.0
8524,3048275,0.0,Betabaculovirus plinterpunctellae,105.0
8525,3048240,0.0,Alphabaculovirus Aphabaculovirus oxochraceae,66.0
8526,2955240,0.0,Alphabaculovirus ranus,43.0
8527,285013,0.0,,13.0
8528,2420308,0.0,Streptococcus sp. FDAARGOS_520,1938.0
8529,2420309,0.0,Streptococcus sp. FDAARGOS_521,1667.0
8530,2698683,0.0,Leuconostoc sp. MTCC 10508,3196.0
217,373687,0.0,Paenibacillus sonchi,5525.0
8532,2851015,0.0,Bacillus sp. 7D3,2124.0
8533,2874284,0.0,Bacillus sp. CRB-7,371.0
8534,2093834,0.0,Bacillus sp. ZY-1-1,582.0
8535,1473,0.0,Virgibacillus pantothenticus,1872.0
8536,1963026,0.0,Geobacillus sp. 47C-IIb,2357.0
8537,2025492,0.0,Staphylococcus sp. M0911,298.0
8538,370524,0.0,Mycolicibacterium pallens,70.0
8539,1155384,0.0,Glutamicibacter sp. ZJUTW,795.0
8540,2995171,0.0,Micrococcus sp. SL257,1055.0
8541,1476754,0.0,Streptomyces sp. 604F,894.0
8542,1930,0.0,Streptomyces scabiei,912.0
8543,3031113,0.0,Sphaerisporangium sp. TRM90804,174.0
8544,76335,0.0,Nostoc sp. ATCC 53789,948.0
8545,1866938,0.0,Synechococcus sp. A18-25c,628.0
8546,2849039,0.0,Thermus sp. PS18,1083.0
8547,2715232,0.0,Blattabacterium sp. DPU,541.0
8548,2267618,0.0,Klebsiella sp. P1CD1,582.0
8549,2675778,0.0,,1316.0
8550,101534,0.0,Candidatus Blochmannia pennsylvanicus,1235.0
8551,2681309,0.0,Leclercia sp. Colony189,1500.0
8552,2576762,0.0,Pantoea sp. Aalb,89.0
8553,2992843,0.0,Yersinia sp. SCPM-O-B-9106 (C-191),244.0
218,198119,0.0,Paenibacillus barcinonensis,12235.0
8555,2866626,0.0,Pseudomonas sp. 2hn,626.0
8556,2986947,0.0,Pseudomonas sp. WJP1,625.0
8557,3042029,0.0,Pseudomonas sp. PMCC200367,243.0
8558,2005388,0.0,Pseudomonas sp. RU47,155.0
8559,2864101,0.0,Pseudomonas sp. So3.2b,371.0
8560,2813842,0.0,Pseudomonas sp. SORT22,163.0
8561,2895494,0.0,Pseudomonas sp. B21-054,339.0
8562,2169583,0.0,Pseudomonas sp. SXM-1,282.0
8563,47886,0.0,Pseudomonas luteola,476.0
219,1619311,0.0,Paenibacillus physcomitrellae,9757.0
8565,283699,0.0,Pseudoalteromonas sp. Bsw20308,430.0
220,61624,0.0,Paenibacillus mucilaginosus,21018.0
8567,2785910,0.0,Pseudoalteromonas sp. A41-2,424.0
8568,272774,0.0,Halomonas alkaliphila,140.0
8569,2033033,0.0,Aeromonas sp. CU5,595.0
8570,948519,0.0,Aeromonas rivipollensis,678.0
8571,1803865,0.0,Thiomicrospira sp. S5,587.0
8572,1727196,0.0,Methylomonas sp. DH-1,610.0
8573,1132836,0.0,Rhizobium sp. CCGE 510,229.0
8574,2986929,0.0,Rhizobium sp. BT-175,362.0
8575,1479019,0.0,Methylobacterium sp. C1,750.0
8576,29429,0.0,Methylorubrum zatmanii,708.0
8577,29459,0.0,Brucella melitensis,1025.0
8578,1381597,0.0,Sphingomonas sp. ERG5,39.0
8579,28214,0.0,Sphingomonas sp.,49.0
8580,2185111,0.0,Sphingobium sp. LF-16,867.0
8581,3024245,0.0,Sphingobium sp. YC-XJ3,917.0
8582,2867021,0.0,Sulfitobacter sp. M368,332.0
8583,2562582,0.0,Brevundimonas sp. 'scallop',1138.0
8584,116598,0.0,Wolbachia endosymbiont of Diaphorina citri,484.0
8585,2953971,0.0,Wolbachia endosymbiont (group A) of Acrocera orbiculus,202.0
8586,77038,0.0,Wolbachia endosymbiont of Drosophila simulans,195.0
8587,2732364,0.0,Burkholderia sp. MBR-1,503.0
8588,1758390,0.0,Polynucleobacter sp. JS-JIR-II-b4,737.0
8589,1743168,0.0,Polynucleobacter wuianus,666.0
8590,2614801,0.0,Acidithiobacillus sp. 'AMD consortium',2060.0
8591,2838238,0.0,Leptospira sp. mild_001,681.0
8592,2795384,0.0,Methylacidiphilum sp. IT5,655.0
8593,431057,0.0,Methylacidiphilum kamchatkense,492.0
8594,85991,0.0,Chlamydia pecorum,368.0
8595,126738,0.0,Thermotoga sp. RQ7,2054.0
8596,1175444,0.0,Methanocella conradii,813.0
8597,187878,0.0,Thermococcus gammatolerans,199.0
8598,1670455,0.0,Sulfodiicoccus acidiphilus,238.0
8599,1846278,0.0,Candidatus Nitrosotenuis aquarius,308.0
8600,2955499,0.0,Birpovirus hominis,8989.0
8601,1567014,0.0,,185.0
8602,2656551,0.0,,14.0
8603,979525,0.0,,34.0
8604,2846389,0.0,Menderavirus mendera,34.0
8605,2734116,0.0,Llyrvirus SSKS1,62.0
8606,2734193,0.0,Bertelyvirus SC,32.0
8607,1034152,0.0,Anayavirus anaya,25.0
8608,1983119,0.0,Coopervirus stinger,34.0
8609,2560683,0.0,Samunavirus SM1,50.0
8610,2560475,0.0,Fipvunavirus Fpv1,19.0
8611,2734135,0.0,Qingdaovirus J21,22.0
8612,10372,0.0,Roseolovirus Human betaherpesvirus 7,16.0
8613,1195167,0.0,,69.0
8614,3050270,0.0,Cyvirus cyprinidallo2,71.0
8615,36363,0.0,Lymphocystivirus Lymphocystis disease virus 1,29.0
8616,648998,0.0,Avipoxvirus Penguinpox virus,517.0
8617,67082,0.0,Oryzopoxvirus BeAn 58058 virus,53.0
8618,362830,0.0,Betabaculovirus arrapae,65.0
8619,3048268,0.0,Betabaculovirus phoperculellae,51.0
8620,10454,0.0,Alphabaculovirus Spodoptera exigua multiple nucleopolyhedrovirus,36.0
8621,1449897,0.0,,406.0
8622,2749962,0.0,Lactococcus paracarnosus,18.0
8623,2920934,0.0,Enterococcus sp. LX10,1927.0
8624,2582830,0.0,Enterococcus sp. M190262,1885.0
8625,119858,0.0,Bacillus sonorensis,444.0
8626,2809036,0.0,Bacillus sp. LJBS06,1052.0
8627,2762329,0.0,Bacillus sp. PAMC26543,66.0
8628,1941347,0.0,Bacillus sp. 275,732.0
8629,1127744,0.0,Bacillus sp. JS,259.0
8630,1925021,0.0,Bacillus haynesii,260.0
8631,2069255,0.0,Paenibacillus sp. lzh-N1,3638.0
8632,2813777,0.0,Staphylococcus sp. SB1-57,1205.0
8633,2922858,0.0,Bifidobacterium sp. TKU,24321.0
8634,2070348,0.0,Microbacterium sp. SGAir0570,752.0
8635,1795053,0.0,Microbacterium sp. PAMC 28756,673.0
221,2707005,0.0,Paenibacillus lutimineralis,9845.0
8637,2997335,0.0,Arthrobacter sp. FX8,1038.0
8638,936902,0.0,Micrococcus sp. MG-2010-D12,133.0
8639,2170745,0.0,Auritidibacter sp. NML130574,414.0
8640,2051552,0.0,Mycobacterium sp. PYR15,80.0
8641,133549,0.0,Mycobacterium shottsii,152.0
8642,2492438,0.0,Mycobacterium novum,838.0
8643,1045808,0.0,Rhodococcus sp. YL-1,384.0
8644,1727214,0.0,Rhodococcus sp. H-CA8f,417.0
8645,2907624,0.0,Rhodococcus sp. DMF-1,583.0
8646,1925550,0.0,Rhodococcus sp. M8,625.0
8647,2913412,0.0,Streptomyces sp. CB09030,597.0
8648,1436084,0.0,Streptomyces sp. F12,26.0
8649,2563602,0.0,Streptomyces sp. SS52,609.0
8650,2738410,0.0,Streptomyces sp. A1-5,213.0
8651,349971,0.0,Streptomyces sp. FR1,74.0
8652,2594462,0.0,Streptomyces sp. S1D4-20,309.0
222,1126833,0.0,Paenibacillus beijingensis,10734.0
8654,2884220,0.0,Streptomyces sp. WA1-19,362.0
8655,2153485,0.0,Streptomyces sp. endophyte_N2,258.0
8656,2933778,0.0,Streptomyces sp. WAC00276,61.0
8657,1886,0.0,Streptomyces albidoflavus,2205.0
8658,2823109,0.0,Streptomyces liliiviolaceus,66.0
8659,2792013,0.0,Pseudonocardia oceani,51.0
8660,2104,0.0,Mycoplasmoides pneumoniae,385.0
8661,374982,0.0,Synechococcus sp. PCC 73109,526.0
8662,44822,0.0,Microcystis viridis,275.0
8663,1394889,0.0,Thermosynechococcus sp. NK55a,266.0
223,1873425,0.0,Paenibacillus tritici,9081.0
8665,2813843,0.0,Burkholderia sp. LAS2,342.0
8666,1705310,0.0,Burkholderia sp. IDO3,435.0
8667,2771360,0.0,Cupriavidus sp. ISTL7,50.0
8668,2840467,0.0,Mycoavidus sp. HKI,251.0
8669,72557,0.0,Achromobacter ruhlandii,150.0
8670,1871054,0.0,Janthinobacterium sp.,21.0
8671,155925,0.0,Nitrosospira sp. NRS527,692.0
8672,2697371,0.0,Klebsiella sp. MPUS7,1219.0
8673,2874627,0.0,Salmonella sp. A7,375.0
8674,2683822,0.0,Citrobacter sp. 172116965,1064.0
8675,3037258,0.0,Pantoea sp. X85,898.0
8676,2447890,0.0,Serratia sp. 1D1416,696.0
8677,1327989,0.0,Serratia sp. FS14,621.0
8678,2724469,0.0,Serratia sp. JUb9,89.0
8679,2482769,0.0,Serratia sp. P2ACOL2,247.0
8680,61651,0.0,Serratia ficaria,208.0
8681,634,0.0,Yersinia bercovieri,100.0
8682,1263550,0.0,Edwardsiella piscicida,508.0
8683,2512235,0.0,Pseudomonas sp. REST10,483.0
8684,2749807,0.0,Pseudomonas sp. Y39-6,196.0
8685,2067572,0.0,Pseudomonas sp. NC02,168.0
8686,1259844,0.0,Pseudomonas sp. FGI182,850.0
8687,2654238,0.0,Pseudomonas sp. DTU12.1,246.0
8688,2083055,0.0,Pseudomonas sp. LH1G9,99.0
8689,2054915,0.0,Pseudomonas sp. 09C 129,498.0
8690,1173283,0.0,Pseudomonas sp. R3-18-08,327.0
8691,1758730,0.0,Pseudomonas sp. BIOMIG1BAC,321.0
8692,2479393,0.0,Pseudomonas sp. LTGT-11-2Z,965.0
8693,1573704,0.0,Pseudomonas sp. R32,127.0
8694,2895474,0.0,Pseudomonas sp. B21-017,531.0
8695,76761,0.0,Pseudomonas veronii,898.0
8696,46257,0.0,Pseudomonas avellanae,407.0
8697,485870,0.0,Pseudomonas anuradhapurensis,371.0
8698,2745509,0.0,Pseudomonas monsensis,237.0
8699,2917715,0.0,Marinobacter sp. M3C,1620.0
8700,490759,0.0,Marinobacter sp. BSs20148,403.0
8701,2040586,0.0,Stenotrophomonas sp. Pemsol,176.0
8702,1930557,0.0,Shewanella sp. FDAARGOS_354,835.0
8703,2991940,0.0,Shewanella sp. DAU305,214.0
8704,2806008,0.0,Shewanella sp. LZH-2,295.0
8705,755175,0.0,Shewanella seohaensis,243.0
8706,1761891,0.0,Pseudoalteromonas sp. 13-15,3743.0
8707,327511,0.0,Pseudoalteromonas sp. A22,175.0
8708,2799564,0.0,Pseudoalteromonas sp. LC2018020214,375.0
8709,234831,0.0,Pseudoalteromonas sp. SM9913,994.0
8710,43659,0.0,Pseudoalteromonas tetraodonis,368.0
8711,2854257,0.0,Halomonas sp. SS10-MC5,790.0
8712,2557993,0.0,Halomonas sp. XH26,481.0
8713,1747384,0.0,Aeromonas sp. ARM81,31.0
8714,1758179,0.0,Aeromonas sp. ASNIH5,1684.0
8715,2079596,0.0,Acinetobacter sp. SWBY1,438.0
8716,2930198,0.0,Acinetobacter sp. PK01,304.0
8717,1148157,0.0,Acinetobacter oleivorans,224.0
8718,2565531,0.0,Psychrobacter sp. PraFG1,351.0
8719,2203895,0.0,Psychrobacter sp. YP14,970.0
8720,2579248,0.0,Agrobacterium sp. CGMCC 11546,834.0
8721,1449788,0.0,Sinorhizobium sp. LM21,62.0
8722,794846,0.0,Sinorhizobium sp. CCBAU 05631,322.0
8723,2949630,0.0,Bradyrhizobium sp. CCGUVB23,130.0
8724,2979330,0.0,Bartonella sp. HY761,1535.0
224,44251,0.0,Paenibacillus durus,11352.0
8726,2919914,0.0,Sphingomonas sp. LaA6.9,49.0
8727,2565554,0.0,Sphingobium sp. PAMC28499,678.0
8728,47589,0.0,Rickettsia peacockii,44.0
8729,35791,0.0,Rickettsia massiliae,813.0
8730,783,0.0,Rickettsia rickettsii,1665.0
8731,1133329,0.0,Rickettsia endosymbiont of Ixodes pacificus,197.0
8732,282263,0.0,Wolbachia endosymbiont of Drosophila innubila,257.0
8733,2954055,0.0,Wolbachia endosymbiont (group A) of Scambus nigricans,59.0
8734,2883236,0.0,Wolbachia endosymbiont of Psylliodes chrysocephala,173.0
8735,2954030,0.0,Wolbachia endosymbiont (group B) of Melanostoma mellinum,52.0
8736,244582,0.0,Candidatus Paracaedibacter symbiosus,31.0
8737,2946555,0.0,Akkermansia biwaensis,9481.0
8738,340071,0.0,Criblamydia sequanensis,23.0
8739,866790,0.0,Methanothermobacter sp. CaT2,105.0
8740,145263,0.0,Methanothermobacter marburgensis,70.0
8741,2993314,0.0,Haladaptatus sp. ZJ1,677.0
8742,3033384,0.0,Haladaptatus sp. YSMS36,83.0
8743,1816183,0.0,Haloplanus rallus,475.0
8744,3034020,0.0,Halovivax sp. TS33,430.0
8745,2586643,0.0,Thermococcus indicus,307.0
8746,54077,0.0,Thermococcus barossii,236.0
8747,2016361,0.0,Thermococcus henrietii,198.0
8748,1034015,0.0,Nitrososphaera viennensis,257.0
8749,1104324,0.0,Pyrobaculum ferrireducens,387.0
8750,2955579,0.0,Canhaevirus hiberniae,5901.0
8751,2955510,0.0,Blohavirus americanus,39213.0
8752,2955511,0.0,Blohavirus faecalis,31025.0
8753,2955550,0.0,Buchavirus faecalis,6597.0
8754,2955554,0.0,Buchavirus oralis,12386.0
8755,2955549,0.0,Buchavirus copri,1813.0
8756,2955555,0.0,Buchavirus splanchnicus,12390.0
8757,2955548,0.0,Buchavirus coli,10199.0
8758,2955553,0.0,Buchavirus intestinalis,860.0
8759,2955559,0.0,Buorbuivirus hominis,8490.0
8760,2955382,0.0,Aurodevirus hiberniae,44385.0
8761,2955383,0.0,Aurodevirus hominis,3201.0
8762,2956321,0.0,Pipoluvirus rarus,7245.0
8763,2894395,0.0,Litunavirus Pseudomonas phage VB_PaeS_VL1,219.0
8764,2846609,0.0,Pacinivirus phi1,18.0
8765,1567012,0.0,,86.0
8766,1567011,0.0,,12.0
8767,1690818,0.0,,32.0
8768,753085,0.0,,12.0
8769,2955507,0.0,Bixzunavirus quasimodo,21.0
8770,2955509,0.0,Bixzunavirus tonenili,18.0
8771,2734051,0.0,Harbinvirus Lpa804,56.0
8772,1918005,0.0,Bequatrovirus B4,40.0
8773,2734095,0.0,Bellamyvirus bellamy,28.0
8774,2844134,0.0,Tequatrovirus T6,242.0
8775,1190451,0.0,Firehammervirus CP21,22.0
8776,2560463,0.0,Asteriusvirus PBECO4,174.0
8777,2872676,0.0,Septimatrevirus Pseudomonas phage Guyu,48.0
8778,2734226,0.0,Bridgettevirus peas,55.0
8779,2734263,0.0,Oneupvirus brutongaster,176.0
8780,2734192,0.0,Bertelyvirus BL9,18.0
8781,2869557,0.0,Alexandravirus Erwinia phage pEa_SNUABM_35,29.0
8782,1481186,0.0,Saclayvirus Acinetobacter phage vB_AbaM_Acibel004,48.0
8783,2956463,0.0,Skogvirus Skog,152.0
8784,2845092,0.0,Marfavirus marfa,15.0
8785,2956059,0.0,Kimonavirus kimona,31.0
8786,2843953,0.0,Citrovirus coptotermitis,31.0
8787,2560286,0.0,Polybotosvirus Atuph07,102.0
8788,2843753,0.0,Becedseptimavirus BCD7,24.0
8789,2956044,0.0,Kablunavirus nosilaM,13.0
8790,2843722,0.0,Ayohtrevirus abba,60.0
8791,3050273,0.0,Proboscivirus elephantidbeta1,11.0
8792,28304,0.0,Muromegalovirus Murid betaherpesvirus 2,18.0
8793,2560570,0.0,Rhadinovirus Macacine gammaherpesvirus 11,40.0
8794,97195,0.0,Raphidovirus Heterosigma akashiwo virus 01,64.0
8795,345199,0.0,Iridovirus Invertebrate iridescent virus 31,21.0
8796,10264,0.0,Avipoxvirus Pigeonpox virus,83.0
8797,336486,0.0,Avipoxvirus Turkeypox virus,128.0
8798,38804,0.0,Yatapoxvirus Yaba monkey tumor virus,13.0
8799,10276,0.0,Suipoxvirus Swinepox virus,101.0
8800,2734576,0.0,Salmonpoxvirus Salmon gillpox virus,30.0
8801,694015,0.0,Gammacoronavirus Beluga whale coronavirus SW1,17.0
8802,1655644,0.0,,262.0
8803,566270,0.0,Alphabaculovirus Spodoptera litura nucleopolyhedrovirus II,22.0
8804,3048338,0.0,Alphabaculovirus spliturae,18.0
8805,2846589,0.0,Usarudivirus SIRV11,131.0
8806,2770772,0.0,Clostridioides sp. ES-S-0107-01,164.0
8807,2770786,0.0,Clostridioides sp. ES-S-0173-01,47.0
8808,78535,0.0,Streptococcus viridans,23250.0
8809,2690380,0.0,Lactobacillus sp. JM1,5405.0
8810,1218492,0.0,Bombilactobacillus mellifer,50.0
8811,2789208,0.0,Bacillus sp. N447-1,655.0
8812,1868655,0.0,Bacillus sp. B25(2016b),231.0
8813,2842458,0.0,Bacillus sp. JNUCC-24,691.0
8814,2859227,0.0,Bacillus sp. LJBS17,376.0
8815,2660750,0.0,Bacillus sp. A260,160.0
8816,2912260,0.0,Bacillus sp. R45,163.0
8817,2529386,0.0,Bacillus sp. SYJ,128.0
8818,3048891,0.0,Metabacillus sp. CT-WN-B3,7935.0
8819,2607911,0.0,Paenibacillus sp. 37,2264.0
8820,1450761,0.0,Aneurinibacillus sp. XH2,1732.0
8821,2058328,0.0,Planococcus sp. Urea-3u-39,111.0
8822,2903536,0.0,Mycobacterium sp. 20KCMC460,178.0
8823,1968788,0.0,Mycolicibacterium sp. CBMA 213,74.0
8824,2184581,0.0,Arthrobacter sp. AQ5-05,959.0
8825,2809708,0.0,Microbacterium sp. EF45047,828.0
8826,2935040,0.0,Curtobacterium sp. Arg-1,325.0
8827,2731680,0.0,Cellulosimicrobium sp. 72-3,1159.0
8828,1821625,0.0,Streptomyces sp. VN1,917.0
8829,317660,0.0,Streptomyces sp. F2,59.0
8830,2594463,0.0,Streptomyces sp. S1D4-23,1165.0
8831,1984801,0.0,Streptomyces sp. CLI2509,399.0
8832,1935,0.0,Streptomyces violaceoruber,372.0
8833,146922,0.0,Streptomyces griseofuscus,174.0
8834,285458,0.0,Streptomyces agglomeratus,24.0
8835,1096856,0.0,Pseudonocardia sp. EC080619-01,702.0
8836,75291,0.0,Pseudonocardia alaniniphila,35.0
8837,588067,0.0,Prauserella muralis,34.0
8838,264691,0.0,Trichormus variabilis,1636.0
8839,367488,0.0,Blattabacterium sp. (Periplaneta americana),262.0
8840,1933220,0.0,Sphingobacterium sp. B29,732.0
8841,498741,0.0,Borreliella finlandensis,71.0
8842,2675710,0.0,Klebsiella sp. WP3-W18-ESBL-02,4304.0
8843,2675713,0.0,Klebsiella sp. WP4-W18-ESBL-05,958.0
8844,1905288,0.0,Klebsiella sp. LTGPAF-6F,847.0
8845,2993656,0.0,Raoultella sp. DY2415,885.0
8846,3030529,0.0,Salmonella sp. SA14318,55.0
8847,2745895,0.0,Salmonella sp. SJTUF14178,1635.0
8848,2945588,0.0,Candidatus Blochmannia Blochmannia endosymbiont of Camponotus sp. C-003,189.0
8849,2942480,0.0,Citrobacter sp. XT1-2-2,997.0
8850,2742653,0.0,Citrobacter sp. RHBSTW-00524,1213.0
8851,2742675,0.0,Citrobacter sp. RHBSTW-00986,1142.0
8852,3015952,0.0,Citrobacter sp. 21OH12SH02A-Citro,966.0
8853,1756993,0.0,Phytobacter sp. SCO41,495.0
8854,1835724,0.0,Pantoea sp. OXWO6B1,72.0
8855,2768165,0.0,Pantoea sp. MT58,341.0
8856,2679995,0.0,Mannheimia sp. ZY171111,762.0
8857,2072409,0.0,Stenotrophomonas sp. SAU14A_NAIMI4_8,318.0
8858,2939415,0.0,Stenotrophomonas sp. NY11291,181.0
8859,2282124,0.0,Stenotrophomonas sp. ASS1,201.0
8860,2303750,0.0,Stenotrophomonas sp. G4,295.0
8861,1855331,0.0,Pseudomonas sp. A214,2825.0
8862,1207075,0.0,Pseudomonas sp. UW4,169.0
8863,2855434,0.0,Pseudomonas sp. AO-1,668.0
8864,2895483,0.0,Pseudomonas sp. B21-032,525.0
8865,2697023,0.0,Pseudomonas sp. AN-B15,366.0
8866,2884805,0.0,Pseudomonas sp. HN2,200.0
8867,2895489,0.0,Pseudomonas sp. B21-047,379.0
8868,2651048,0.0,Pseudomonas sp. CFA,84.0
8869,2083052,0.0,Pseudomonas sp. SWI36,176.0
8870,2777367,0.0,Pseudomonas sp. OST1909,217.0
8871,528343,0.0,Pseudomonas sp. G11,242.0
8872,2886360,0.0,Pseudomonas sp. HN2-3,324.0
8873,658629,0.0,Pseudomonas sessilinigenes,151.0
8874,2045200,0.0,Pseudomonas rhizophila,364.0
8875,2490635,0.0,Pseudoalteromonas sp. Xi13,218.0
8876,351745,0.0,Shewanella sp. W3-18-1,424.0
8877,2589790,0.0,Shewanella sp. LC6,576.0
8878,2058133,0.0,Alteromonas sp. MB-3u-76,539.0
8879,2766781,0.0,Vibrio sp. sp1,233.0
8880,2819098,0.0,Vibrio sp. SCSIO 43153,219.0
8881,1603038,0.0,Vibrio sp. qd031,43.0
8882,150340,0.0,Vibrio antiquarius,100.0
8883,650003,0.0,Vibrio paracholerae,1338.0
8884,2014742,0.0,Vibrio tarriae,693.0
8885,28176,0.0,Candidatus Photodesmus katoptron,15.0
8886,3003393,0.0,Acinetobacter sp. TR11,336.0
8887,1113728,0.0,Alcanivorax sp. NBRC 101098,176.0
8888,2778065,0.0,Aeromonas sp. FDAARGOS 1416,129.0
8889,2675707,0.0,Aeromonas sp. WP2-W18-CRE-05,3814.0
8890,2778052,0.0,Aeromonas sp. FDAARGOS 1403,1452.0
8891,2020313,0.0,Rhizobium sp. TAL182,802.0
8892,430451,0.0,Sinorhizobium sp. M14,166.0
8893,2744519,0.0,Mesorhizobium sp. 131-2-5,420.0
8894,3038924,0.0,Methylobacterium sp. 391_Methyba4,1718.0
8895,1149952,0.0,Brucella sp. 09RB8471,160.0
8896,29461,0.0,Brucella suis,6411.0
8897,56193,0.0,Sphingobium chungbukense,17.0
8898,1525218,0.0,Sulfitobacter sp. CB2047,700.0
8899,2018065,0.0,Roseomonas sp. FDAARGOS_362,212.0
8900,80849,0.0,Wolbachia endosymbiont of Brugia malayi,93.0
8901,215173,0.0,Wolbachia endosymbiont of Bemisia tabaci,132.0
8902,2953988,0.0,Wolbachia endosymbiont (group A) of Bombylius major,26.0
8903,2954056,0.0,Wolbachia endosymbiont (group A) of Sicus ferrugineus,187.0
8904,2769078,0.0,Wolbachia endosymbiont of Spodoptera picta,93.0
8905,2954014,0.0,Wolbachia endosymbiont (group B) of Euphydryas aurinia,230.0
8906,33991,0.0,Rickettsia montanensis,496.0
8907,109232,0.0,Rickettsia monacensis,535.0
8908,2081042,0.0,Polynucleobacter corsicus,270.0
8909,2880988,0.0,Ralstonia sp. RS642,1684.0
8910,177758,0.0,Pseudothermotoga lettingae,1542.0
8911,126740,0.0,Thermotoga sp. RQ2,136.0
8912,2337,0.0,Thermotoga neapolitana,468.0
8913,1911685,0.0,Methanobacterium sp. MZ-A1,403.0
8914,2238,0.0,Haloarcula marismortui,348.0
8915,2242,0.0,Halobacterium salinarum,314.0
8916,3033391,0.0,Haladaptatus sp. QDMS2,49.0
8917,1434103,0.0,Methanosarcina sp. WWM596,311.0
8918,1434102,0.0,Methanosarcina sp. WH1,169.0
8919,1532350,0.0,Metallosphaera tengchongensis,176.0
8920,2565781,0.0,Candidatus Nanohalobium constans,150.0
8921,2956180,0.0,Mahstovirus faecalis,1013.0
8922,2591406,0.0,,14.0
8923,2845816,0.0,,17.0
8924,754053,0.0,,28.0
8925,2805750,0.0,,29.0
8926,407392,0.0,,81.0
8927,764562,0.0,,226.0
8928,1283076,0.0,,283.0
8929,1305708,0.0,,88.0
8930,2767581,0.0,,20.0
8931,2908744,0.0,,46.0
8932,2560847,0.0,Salvovirus salvo,15.0
8933,1985175,0.0,Caeruleovirus Bc431,94.0
8934,2560337,0.0,Shalavirus Shbh1,59.0
8935,55510,0.0,Twortvirus twort,33.0
8936,2560418,0.0,Kochikohdavirus ECP3,41.0
8937,2560628,0.0,Mimasvirus CBB,310.0
8938,2560400,0.0,Mimasvirus GAP32,61.0
8939,2863193,0.0,Kanagawavirus Kosakonia phage 305,126.0
8940,2956050,0.0,Karamvirus mypsh1140,17.0
8941,1913684,0.0,Gaprivervirus vr20,241.0
8942,2844211,0.0,Pseudotevenvirus lw1,35.0
8943,329381,0.0,Pseudotevenvirus RB16,52.0
8944,2843629,0.0,Lasallevirus Acinetobacter virus Acj61,30.0
8945,2956010,0.0,Jiangsuvirus pspyzu05,36.0
8946,2734103,0.0,Cymopoleiavirus swam2,56.0
8947,2734147,0.0,Tefnutvirus siom18,35.0
8948,2734102,0.0,Charybdisvirus scam3,42.0
8949,2955536,0.0,Bristolvirus rhodeisland,25.0
8950,2060092,0.0,Cetovirus ceto,301.0
8951,2006134,0.0,Bixzunavirus Bxz1,99.0
8952,2560849,0.0,Eneladusvirus Yen904,206.0
8953,2955598,0.0,Cellubavirus phi19una,80.0
8954,934027,0.0,Fletchervirus NCTC12673,17.0
8955,2955347,0.0,Anayavirus niklas,22.0
8956,2560541,0.0,Alcyoneusvirus K641,79.0
8957,2560269,0.0,Metrivirus ME3,51.0
8958,2734106,0.0,Eurybiavirus MED4213,13.0
8959,2844300,0.0,Tantvirus tant,19.0
8960,2956076,0.0,Korravirus urla,84.0
8961,2845155,0.0,Fremauxvirus fv1706,16.0
8962,2560688,0.0,Nickievirus nickie,46.0
8963,2843993,0.0,Susfortunavirus susfortuna,64.0
8964,1980926,0.0,Chiangmaivirus RSF1,25.0
8965,1982098,0.0,Abidjanvirus Pseudomonas virus PaMx11,14.0
8966,2955570,0.0,Callevirus phi38una,33.0
8967,1982747,0.0,Woodruffvirus YDN12,32.0
8968,2956353,0.0,Quesadillavirus quesadilla,14.0
8969,1940555,0.0,Roseolovirus Murine roseolovirus,54.0
225,189425,0.0,Paenibacillus graminis,6721.0
8971,3050251,0.0,Varicellovirus canidalpha1,34.0
8972,1586712,0.0,,31.0
8973,381899,0.0,Chlorovirus Paramecium bursaria Chlorella virus A1,57.0
8974,1301280,0.0,Chloriridovirus Invertebrate iridovirus 25,37.0
8975,2704413,0.0,Lymphocystivirus Lymphocystis disease virus 4,87.0
8976,1813599,0.0,Marseillevirus Brazilian marseillevirus,23.0
8977,999883,0.0,,44.0
8978,158684,0.0,Ascovirus TnAV2a,20.0
8979,44088,0.0,Avipoxvirus Canarypox virus,166.0
8980,10256,0.0,Orthopoxvirus Raccoonpox virus,37.0
8981,10244,0.0,Orthopoxvirus Monkeypox virus,33.0
8982,2734573,0.0,Mustelpoxvirus Sea otterpox virus,40.0
8983,10279,0.0,Molluscipoxvirus Molluscum contagiosum virus,12.0
8984,1993630,0.0,Betaentomopoxvirus Adoxophyes honmai entomopoxvirus,78.0
8985,10497,0.0,Asfivirus African swine fever virus,258.0
8986,2015370,0.0,Mastadenovirus Bat mastadenovirus C,25.0
8987,1557035,0.0,,36.0
8988,1172985,0.0,,21.0
8989,2956359,0.0,Replylivirus allogus,99.0
8990,2108205,0.0,,38.0
8991,694009,0.0,Betacoronavirus Severe acute respiratory syndrome-related coronavirus,100.0
8992,3048371,0.0,Solendovirus venanicotianae,29.0
8993,2107708,0.0,Pandoravirus neocaledonia,105.0
8994,1605721,0.0,Pandoravirus inopinatum,135.0
8995,1732180,0.0,,30.0
8996,552509,0.0,,66.0
8997,3047352,0.0,Alphabaculovirus agipsilonis,71.0
8998,307466,0.0,Alphabaculovirus Euproctis digramma nucleopolyhedrovirus,14.0
8999,2560521,0.0,Alphabaculovirus Hemileuca species nucleopolyhedrovirus,16.0
9000,3048237,0.0,Alphabaculovirus orleucostigmae,21.0
9001,3047348,0.0,Alphabaculovirus adhonmai,16.0
9002,3048337,0.0,Betabaculovirus spliturae,13.0
9003,3047765,0.0,Betabaculovirus cnamedinalis,49.0
9004,3047782,0.0,Deltabaculovirus cunigripalpi,23.0
9005,3047953,0.0,Gammanudivirus hogammari,23.0
9006,342409,0.0,Whispovirus White spot syndrome virus,36.0
9007,1391746,0.0,Begomovirus Tomato yellow leaf curl Saudi virus,83.0
9008,2844857,0.0,Hoswirudivirus ARV3,22.0
9009,116759,0.0,Bracoviriform indiense,34.0
9010,2989769,0.0,Staphylococcus sp. IVB6233,164.0
9011,404582,0.0,Micrococcus sp. V7,13.0
9012,2683591,0.0,Rhodococcus sp. 21391,655.0
9013,2911367,0.0,Streptomyces sp. NBU3104,287.0
9014,1096868,0.0,Pseudonocardia sp. EC080625-04,813.0
9015,2918755,0.0,Alcaligenes sp. NLF5-7,715.0
9016,33053,0.0,Neisseria perflava,1564.0
9017,2488567,0.0,Klebsiella sp. FDAARGOS_511,519.0
9018,2259647,0.0,Raoultella sp. X13,1106.0
9019,2742654,0.0,Citrobacter sp. RHBSTW-00535,3102.0
9020,2282309,0.0,Leclercia sp. W17,1007.0
9021,2831893,0.0,Serratia sp. JSRIV001,125.0
9022,1848580,0.0,Hafnia sp. CBA7124,172.0
9023,645292,0.0,Pseudomonas sp. T8,544.0
9024,1206777,0.0,Pseudomonas sp. Lz4W,43.0
9025,1495066,0.0,Pseudomonas capeferrum,422.0
9026,2014541,0.0,Halomonas sp. N3-2A,230.0
9027,2778053,0.0,Aeromonas sp. FDAARGOS 1404,398.0
9028,2364272,0.0,Rhizobium sp. CCGE532,621.0
9029,2819999,0.0,Rhizobium sp. L51/94,1040.0
9030,2769351,0.0,Brucella sp. 6810,222.0
9031,35788,0.0,Rickettsia africae,1294.0
9032,1157947,0.0,Thermotoga sp. Cell2,284.0
9033,2336,0.0,Thermotoga maritima,705.0
9034,2603820,0.0,Methanothermobacter sp. KEPCO-1,37.0
9035,2955429,0.0,Besingivirus coli,243.0
9036,2955235,0.0,Akihdevirus balticus,48.0
9037,1105171,0.0,,226.0
9038,2653271,0.0,,26.0
9039,331278,0.0,,102.0
9040,2801834,0.0,,20.0
9041,2845481,0.0,Teubervirus Q1,24.0
9042,2560426,0.0,Efquatrovirus IME196,475.0
9043,2560436,0.0,Asteriusvirus av121Q,58.0
9044,1982368,0.0,Pepyhexavirus pepy6,25.0
9045,2781608,0.0,,37.0
9046,2734117,0.0,Loughboroughvirus Rosemountvirus ZCSE2,32.0
9047,2956196,0.0,Minorvirus HRTV27,16.0
9048,2955338,0.0,Anayavirus chris,32.0
9049,2845137,0.0,Elpedvirus LpeD,55.0
9050,650121,0.0,Dinodnavirus Heterocapsa circularisquama DNA virus 01,640.0
9051,328615,0.0,Ascovirus Trichoplusia ni ascovirus 2c,30.0
9052,3047860,0.0,Alphanudivirus grybimaculati,129.0
9053,1195166,0.0,Clostridium sp. MT351,22.0
9054,321961,0.0,Candidatus Phytoplasma tritici,16.0
9055,2747372,0.0,Enterobacter sp. DSM 30060,2376.0
9056,1702170,0.0,Citrobacter sp. FDAARGOS_156,1546.0
9057,2609418,0.0,Pseudomonas sp. KUIN-1,97.0
9058,2925837,0.0,Acinetobacter sp. LUNF3,1064.0
9059,2420300,0.0,Acinetobacter sp. FDAARGOS_493,440.0
226,44252,0.0,Paenibacillus macerans,12782.0
9061,2778066,0.0,Aeromonas sp. FDAARGOS 1417,200.0
9062,1636608,0.0,Aeromonas sp. ASNIH3,574.0
9063,1389192,0.0,Cupriavidus sp. USMAHM13,780.0
9064,2364271,0.0,Rhizobium sp. CCGE531,303.0
9065,2821140,0.0,Brucella sp. 458,121.0
9066,849864,0.0,Sphingomonas sp. SH,181.0
9067,2663020,0.0,Sulfolobus sp. E11-6,418.0
9068,2955995,0.0,Jahgtovirus gastrointestinalis,5454.0
9069,1566990,0.0,,108.0
9070,1971414,0.0,,1383.0
9071,1448274,0.0,,78.0
9072,2859655,0.0,,65.0
9073,2509576,0.0,,19.0
9074,2955423,0.0,Benedictvirus theia,22.0
9075,2846064,0.0,Whackvirus whack,22.0
9076,2560785,0.0,Bingvirus bing,46.0
9077,2956233,0.0,Oliverocinquevirus OLIVR5,14.0
9078,1921128,0.0,Homburgvirus LP110,15.0
9079,10245,0.0,Orthopoxvirus Vaccinia virus,49.0
9080,28874,0.0,Orthopoxvirus Volepox virus,50.0
9081,2029293,0.0,,42.0
9082,99000,0.0,Yatapoxvirus Tanapox virus,49.0
9083,1873698,0.0,Pteropopoxvirus Pteropox virus,63.0
9084,307461,0.0,Alphabaculovirus Apocheima cinerarium nucleopolyhedrovirus,13.0
9085,2054641,0.0,Bacillus stercoris,615.0
9086,2070759,0.0,Bacillus sp. MBGLi79,408.0
9087,745774,0.0,Bacillus sp. K1,158.0
9088,1715860,0.0,Staphylococcus sp. AntiMn-1,689.0
9089,2609256,0.0,Rathayibacter sp. VKM Ac-2803,75.0
9090,379067,0.0,Streptomyces bingchenggensis,2757.0
9091,2894082,0.0,Spirosoma sp. KNUC1025,94.0
9092,1411316,0.0,Pedobacter sp.,18.0
9093,2742641,0.0,Citrobacter sp. RHBSTW-00229,2396.0
9094,1703250,0.0,Citrobacter sp. CRE-46,395.0
9095,2566012,0.0,Citrobacter sp. CF971,1077.0
9096,2742625,0.0,Citrobacter sp. RHB35-C17,262.0
9097,2077137,0.0,Enterobacter cloacae complex sp. FDA-CDC-AR_0132,949.0
9098,2831894,0.0,Serratia sp. JSRIV002,134.0
9099,1179669,0.0,Yersinia sp. KBS0713,413.0
9100,2662034,0.0,Pseudomonas sp. 13159349,283.0
9101,676210,0.0,Pseudomonas sp. ATCC 43928,72.0
9102,1415630,0.0,Pseudomonas sp. TKP,2516.0
9103,2597770,0.0,Pseudomonas sp. BJP69,196.0
9104,1338689,0.0,Pseudomonas sp. JY-Q,183.0
9105,2871493,0.0,Pseudomonas sp. SC3(2021),160.0
9106,2861799,0.0,Pseudomonas sp. Colony2,75.0
9107,2926671,0.0,Pseudomonas sp. I3-I5,195.0
9108,2793103,0.0,Pseudomonas sp. IAC-BECa141,120.0
9109,69328,0.0,Pseudomonas sp. VLB120,449.0
9110,2994495,0.0,Pseudomonas paraeruginosa,345.0
9111,251701,0.0,Pseudomonas syringae group genomosp. 3,1082.0
9112,200454,0.0,Pseudomonas tremae,268.0
9113,470150,0.0,Pseudomonas taiwanensis,290.0
9114,487698,0.0,Stenotrophomonas pavanii,185.0
9115,507763,0.0,Halomonas sp. MS1,279.0
9116,213554,0.0,Halomonas campaniensis,235.0
9117,59754,0.0,Alcanivorax borkumensis,301.0
9118,2929515,0.0,Acinetobacter sp. YH12068_T,360.0
9119,1703960,0.0,Rhizobium sp. N113,2282.0
9120,2506430,0.0,Rhizobium rhododendri,263.0
9121,2782629,0.0,Bradyrhizobium sp. 155,323.0
9122,2782609,0.0,Bradyrhizobium sp. 131,726.0
9123,1844051,0.0,Brucella sp. 09RB8910,276.0
9124,1628059,0.0,Sphingomonas sp. JE1,133.0
9125,2955313,0.0,Sphingomonas sp. H160509,70.0
9126,2785912,0.0,Sulfitobacter sp. B30-2,138.0
9127,74349,0.0,Sulfitobacter guttiformis,20.0
9128,185588,0.0,Ruegeria sp. PR1b,27.0
9129,2588299,0.0,Roseivivax sp. THAF197b,545.0
9130,2953980,0.0,Wolbachia endosymbiont (group A) of Apoderus coryli,245.0
9131,2954063,0.0,Wolbachia endosymbiont (group A) of Tiphia femorata,220.0
9132,2954053,0.0,Wolbachia endosymbiont (group A) of Rhinocyllus conicus,55.0
9133,35790,0.0,Rickettsia japonica,288.0
9134,2854261,0.0,Burkholderia sp. EMB26,220.0
9135,2705548,0.0,Caballeronia sp. SBC1,547.0
9136,1232575,0.0,Acidithiobacillus ferridurans,149.0
9137,2572050,0.0,Campylobacter sp. CFSAN093246,2141.0
9138,310769,0.0,Fervidobacterium changbaicum,549.0
9139,2419619,0.0,,42.0
9140,1636271,0.0,,72.0
9141,1567013,0.0,,66.0
9142,1985341,0.0,Moonvirus merlin,20.0
9143,2844109,0.0,Kanagawavirus pei20,37.0
9144,2955534,0.0,Bragavirus pm2,118.0
9145,2733368,0.0,Ahphunavirus Ahp1,12.0
9146,2560297,0.0,Aqualcavirus P14,24.0
9147,2733929,0.0,Krakvirus S39C11,92.0
9148,2560430,0.0,Efquatrovirus SHEF2,594.0
9149,2844120,0.0,Eceepunavirus EcP1,15.0
9150,2734044,0.0,Schiekvirus EFP01,737.0
9151,2956440,0.0,Sharonstreetvirus A18P4,13.0
9152,2734140,0.0,Salacisavirus pssm2,52.0
9153,2845184,0.0,Audreyjarvisvirus av949,44.0
9154,2845502,0.0,Nylescharonvirus LE3,45.0
9155,2734268,0.0,Rogerhendrixvirus hendrix,35.0
9156,1981024,0.0,Cequinquevirus Ld25A,28.0
9157,2956343,0.0,Puppervirus Pupper,32.0
9158,2696355,0.0,Otagovirus Pseudomonas phage PE09,26.0
9159,2956711,0.0,Zitchvirus verity,18.0
9160,1918720,0.0,Cbastvirus ST,17.0
9161,2956211,0.0,Myrnavirus Myranavirus phabba,51.0
9162,2560407,0.0,Nanhaivirus D5C,16.0
9163,2845501,0.0,Saintgironsvirus LE1,24.0
9164,455367,0.0,,144.0
9165,1586714,0.0,Prasinovirus Yellowstone lake phycodnavirus 2,46.0
9166,373996,0.0,Prasinovirus Micromonas pusilla virus SP1,263.0
9167,1993631,0.0,Betaentomopoxvirus Choristoneura rosaceana entomopoxvirus,72.0
9168,2083214,0.0,,29.0
9169,1932926,0.0,Sputnikvirus Mimivirus-dependent virus Zamilon,90.0
9170,2170049,0.0,Ophiovirus ranunculi,45.0
9171,2107707,0.0,Pandoravirus macleodensis,29.0
9172,3047354,0.0,Alphabaculovirus agsegetum,29.0
9173,3047752,0.0,Alphabaculovirus chorosaceanae,12.0
9174,3048204,0.0,Betabaculovirus molatipedis,18.0
9175,2845934,0.0,Porprismacovirus sheas2,43.0
9176,1961679,0.0,Gammapapillomavirus 22,16.0
9177,2083300,0.0,Bracoviriform facetosae,84.0
9178,48221,0.0,Carnobacterium sp.,34.0
9179,361500,0.0,Anaerococcus degeneri,1441.0
9180,2024615,0.0,Mycolicibacterium sp. P1-18,51.0
9181,2861280,0.0,Microbacterium sp. PAMC21962,1134.0
9182,2594455,0.0,Streptomyces sp. RLB3-17,178.0
9183,469590,0.0,Bacteroides sp. 2_2_4,14904.0
9184,2972764,0.0,Bacteroides sp. BFG-637,11185.0
9185,671267,0.0,Phocaeicola sartorii,771.0
9186,2791982,0.0,Providencia sp. 2.29,1523.0
9187,2083051,0.0,Pseudomonas sp. SWI6,250.0
9188,2762896,0.0,Pseudomonas sp. MPDS,96.0
9189,1346287,0.0,Halomonas sp. A3H3,1100.0
9190,1636606,0.0,Aeromonas sp. ASNIH1,647.0
9191,2778060,0.0,Aeromonas sp. FDAARGOS 1411,186.0
9192,1329899,0.0,Cycloclasticus zancles,510.0
9193,2819993,0.0,Rhizobium sp. B21/90,1001.0
9194,1983755,0.0,Sphingobium sp. LB126,201.0
9195,100901,0.0,Wolbachia endosymbiont of Onchocerca ochengi,38.0
9196,2126319,0.0,Variovorax sp. PMC12,463.0
9197,53435,0.0,Treponema paraluiscuniculi,66.0
9198,2663019,0.0,Sulfolobus sp. E5-1-F,218.0
9199,1200300,0.0,Thermogladius calderae,125.0
9200,2955739,0.0,Delmidovirus copri,930.0
9201,2955997,0.0,Jahgtovirus intestinihominis,3935.0
9202,12417,0.0,,19.0
9203,1206110,0.0,,231.0
9204,1572712,0.0,,78.0
9205,2955593,0.0,Cebadecemvirus phi10una,172.0
9206,2733591,0.0,Higashivirus RSB1,22.0
9207,2956317,0.0,Phrappuccinovirus Phreappuccinovirus Phrappuccino,33.0
9208,2686228,0.0,Mementomorivirus Microbacterium phage Matzah,11.0
9209,2560782,0.0,Delepquintavirus DLP5,23.0
9210,1910935,0.0,Agatevirus agate,58.0
9211,345195,0.0,Chloriridovirus Invertebrate iridescent virus 9,110.0
9212,10986,0.0,Phytoreovirus Rice gall dwarf virus,120.0
9213,2107709,0.0,Pandoravirus quercus,160.0
9214,2955936,0.0,Gammanudivirus camaenasi,79.0
9215,2942275,0.0,Rhodococcus sp. GA1,287.0
9216,206662,0.0,Streptomyces sp. FR-008,579.0
9217,1265399,0.0,Streptomyces sp. ID38640,260.0
9218,1535304,0.0,Streptomyces sp. OUCMDZ-3434,221.0
9219,2742673,0.0,Enterobacter sp. RHBSTW-00975,1248.0
9220,2682487,0.0,Stenotrophomonas sp. SXG-1,85.0
9221,80852,0.0,Aliivibrio wodanis,26.0
9222,2895487,0.0,Pseudomonas sp. B21-041,58.0
9223,1566379,0.0,Bradyrhizobium sp. UASWS1016,55.0
9224,42862,0.0,Rickettsia felis,61.0
9225,2954060,0.0,Wolbachia endosymbiont (group A) of Sphecodes monilicornis,89.0
9226,2184051,0.0,,256.0
9227,2845180,0.0,Skunavirus sv79201,145.0
9228,1971429,0.0,Moineauvirus Streptococcus phage P7573,187.0
9229,1971432,0.0,Moineauvirus Streptococcus phage P7602,252.0
9230,2108111,0.0,Moineauvirus Streptococcus phage D1811,109.0
9231,72638,0.0,Moineauvirus Sfi19,79.0
9232,2955533,0.0,Bragavirus p43,70.0
9233,2955704,0.0,Cinqassovirus ah1,33.0
9234,2783674,0.0,Sedonavirus Synechococcus phage S-H9-1,23.0
9235,2588487,0.0,,93.0
9236,1924733,0.0,Kayvirus MCE2014,54.0
9237,1922247,0.0,Sextaecvirus SEP9,71.0
9238,2734207,0.0,Lenusvirus SAC12,54.0
9239,1981020,0.0,Cequinquevirus Ldb,69.0
9240,1814283,0.0,Fipvunavirus Flavobacterium phage Fpv20,47.0
9241,2845949,0.0,Shandongvirus H101,240.0
9242,159183,0.0,Lymphocystivirus Lymphocystis disease virus 2,125.0
9243,2956100,0.0,Lakivirus lakamhaense,82.0
9244,2846590,0.0,Usarudivirus SIRV4,14.0
9245,1559,0.0,Clostridium tertium,1584.0
9246,2854796,0.0,Rhodococcus sp. 11-3,266.0
9247,2609808,0.0,Streptomyces sp. LBUM 1480,827.0
9248,54297,0.0,Limnospira fusiformis,188.0
9249,2811482,0.0,Thermoleptolyngbya sp. PKUAC-SCTB121,544.0
9250,2815206,0.0,Klebsiella sp. AqSCr,4720.0
9251,2675716,0.0,Klebsiella sp. WP7-S18-CRE-02,189.0
9252,2850492,0.0,Enterobacter cloacae complex sp. ECL78,4186.0
9253,1848517,0.0,Enterobacter sp. LU1,780.0
9254,2742656,0.0,Enterobacter sp. RHBSTW-00593,450.0
9255,2980499,0.0,Enterobacter sp. 155105,4891.0
9256,2742636,0.0,Citrobacter sp. RHBSTW-00127,6337.0
9257,3020826,0.0,Serratia sp. K-M0706,427.0
9258,1659194,0.0,Pseudomonas sp. GR 6-02,199.0
9259,2775920,0.0,Stenotrophomonas sp. CW117,276.0
9260,2592625,0.0,Brucella sp. 2280,305.0
9261,1208583,0.0,Commensalibacter papalotli (ex Servin-Garciduenas et al. 2014),19.0
9262,2560431,0.0,Efquatrovirus SHEF4,887.0
9263,2560429,0.0,Efquatrovirus SANTOR1,340.0
9264,2560417,0.0,Efquatrovirus AUEF3,553.0
9265,2560416,0.0,Efquatrovirus AL3,255.0
9266,683735,0.0,,29.0
9267,2783539,0.0,,23.0
9268,2500559,0.0,,45.0
9269,1718158,0.0,,1963.0
9270,2956206,0.0,Mosugukvirus pm2,64.0
9271,2844671,0.0,Kenoshavirus ohmyward,74.0
9272,2365051,0.0,Moineauvirus Streptococcus phage CHPC930,329.0
9273,112023,0.0,Moineauvirus mv7201,122.0
9274,2955965,0.0,Gundelvirus Gundel,36.0
9275,2560545,0.0,Alcyoneusvirus RaK2,30.0
9276,2956145,0.0,Macdonaldcampvirus SB28,87.0
9277,2734275,0.0,Sashavirus sasha,985.0
9278,2734292,0.0,Zetavirus zeta1847,31.0
9279,2859474,0.0,Mudcatvirus Arthrobacter phage Kardesai,16.0
9280,1586713,0.0,Prasinovirus Yellowstone lake phycodnavirus 1,21.0
9281,1903266,0.0,,26.0
9282,3047704,0.0,Alphabaculovirus busuppressariae,11.0
9283,2762328,0.0,Bacillus sp. PAMC28748,2597.0
9284,2897335,0.0,Staphylococcus sp. HL28,386.0
9285,1179670,0.0,Micrococcus sp. KBS0714,376.0
227,2810347,0.0,Paenibacillus tianjinensis,16378.0
9287,2856851,0.0,Rhodococcus sp. LW-XY12,360.0
9288,1807790,0.0,Rhodococcus sp. BH4,173.0
9289,2987521,0.0,Streptomyces sp. BI87,227.0
9290,67313,0.0,Streptomyces lateritius,34.0
9291,1050655,0.0,Synechococcus sp. A15-60,244.0
9292,2992243,0.0,Prosthecochloris sp. SCSIO W1102,55.0
9293,2897413,0.0,Klebsiella sp. KPN54798,4749.0
9294,2861801,0.0,Citrobacter sp. Colony322,459.0
9295,2861800,0.0,Citrobacter sp. Colony475,347.0
9296,2487150,0.0,Metakosakonia sp. MRY16-398,331.0
9297,2935858,0.0,Pectobacterium sp. 21LCBS03,75.0
9298,2560029,0.0,Aeromonas sp. 2692-1,196.0
9299,2898483,0.0,Pseudomonas sp. 7-41,215.0
9300,2886361,0.0,Pseudomonas sp. HN8-3,58.0
9301,2058316,0.0,Shewanella sp. GutDb-MelDb,46.0
9302,2545797,0.0,Acinetobacter sp. FDAARGOS_724,304.0
9303,2866199,0.0,Bradyrhizobium sp. ISRA463,830.0
9304,2954049,0.0,Wolbachia endosymbiont (group B) of Polyommatus icarus,437.0
9305,2709303,0.0,Massilia sp. Se16.2.3,931.0
9306,2867247,0.0,Thermosulfurimonas sp. F29,12.0
9307,38322,0.0,Pseudothermotoga elfii,763.0
9308,2734045,0.0,Schiekvirus EfV12,290.0
9309,2845126,0.0,Watanabevirus wv3521,21.0
9310,52979,0.0,,24.0
9311,1445858,0.0,,1948.0
9312,2900314,0.0,,21.0
9313,2956382,0.0,Roskildevirus cronus,27.0
9314,1993863,0.0,Fromanvirus twister,32.0
9315,2169990,0.0,Machinavirus machina,14.0
9316,2846052,0.0,Mydovirus Ro1,19.0
9317,2656554,0.0,Quhwahvirus Microbacterium phage Teamocil,14.0
9318,2955229,0.0,Acadianvirus serendipitous,15.0
9319,2843987,0.0,Brucesealvirus CPS2,40.0
9320,2560680,0.0,Otagovirus Psa374,15.0
9321,2341050,0.0,Lymphocryptovirus Macaca arctoides gammaherpesvirus 1,37.0
9322,2604840,0.0,,44.0
9323,10506,0.0,Chlorovirus Paramecium bursaria Chlorella virus 1,59.0
9324,880161,0.0,Prasinovirus Micromonas sp. RCC1109 virus MpV1,12.0
9325,2025360,0.0,Centapoxvirus NY_014 poxvirus,118.0
9326,1125677,0.0,Flavivirus Hanko virus,16.0
9327,2508226,0.0,Alphamononivirus Planidovirus 1,23.0
9328,56947,0.0,Betabaculovirus Choristoneura fumiferana granulovirus,16.0
9329,3048329,0.0,Alphabaculovirus altersperidanae,37.0
9330,3047753,0.0,Alphabaculovirus chrychalcites,21.0
9331,1100043,0.0,,14.0
9332,36344,0.0,Bracoviriform inaniti,44.0
9333,2812863,0.0,Rhodococcus sp. PSBB049,181.0
9334,2742655,0.0,Citrobacter sp. RHBSTW-00570,813.0
9335,2587597,0.0,Pseudomonas sp. SWI7,144.0
9336,1675689,0.0,Aeromonas sp. Ne-1,45.0
9337,1840265,0.0,Polaromonas sp. E3S,159.0
9338,1653839,0.0,Borrelia venezuelensis,120.0
9339,145261,0.0,Methanothermobacter wolfeii,114.0
9340,1667322,0.0,,24.0
9341,2845142,0.0,Tybeckvirus SAC12B,117.0
9342,2218618,0.0,,17.0
9343,2845480,0.0,Audreyjarvisvirus L47,49.0
9344,2955351,0.0,Anayavirus validus,21.0
9345,2955243,0.0,Alphachrysovirus cryphonectriae,33.0
9346,3047383,0.0,Alphabaculovirus aucalifonicae,12.0
9347,3047759,0.0,Alphabaculovirus clabilineatae,28.0
9348,419435,0.0,Ichnoviriform fumiferanae,19.0
9349,644410,0.0,Rhodococcus sp. C1,131.0
9350,1225337,0.0,Streptomyces sp. PVA_94-07,149.0
9351,1072658,0.0,Shigella sp. MO17,468.0
9352,2500542,0.0,Salmonella sp. SSDFZ54,359.0
9353,1938820,0.0,Serratia sp. JKS000199,768.0
9354,2509586,0.0,,26.0
9355,2365037,0.0,Brussowvirus Streptococcus phage CHPC640,300.0
9356,3050252,0.0,Varicellovirus caprinealpha1,31.0
9357,2560413,0.0,Orthobunyavirus Enseada orthobunyavirus,22.0
9358,2863583,0.0,Alphabaculovirus Trabala vishnou gigantina nucleopolyhedrovirus,18.0
9359,338644,0.0,Sulfobacillus thermotolerans,33.0
9360,2922857,0.0,Bifidobacterium sp. FKU,6140.0
9361,2917990,0.0,Actinomadura sp. ATCC 31491,16.0
9362,2742642,0.0,Citrobacter sp. RHBSTW-00271,347.0
9363,2716879,0.0,Citrobacter sp. Y3,428.0
9364,2799495,0.0,Raoultella sp. XY-1,847.0
9365,484429,0.0,Sphingobium sp. YBL2,271.0
9366,2953999,0.0,Wolbachia endosymbiont (group A) of Coremacera marginata,308.0
9367,2890407,0.0,Burkholderia sp. B21-007,249.0
9368,2956048,0.0,Kahucivirus intestinalis,16740.0
9369,632112,0.0,Mooreparkvirus Lb3381,36.0
9370,1980964,0.0,Kayvirus S254,32.0
9371,2656546,0.0,Quhwahvirus Microbacterium phage Ariadne,16.0
9372,2845430,0.0,Audreyjarvisvirus P1048,63.0
9373,1982377,0.0,Saphexavirus BC611,43.0
9374,2560476,0.0,Fipvunavirus Fpv4,18.0
9375,2560506,0.0,Nyceiraevirus nyceirae,22.0
9376,10243,0.0,Orthopoxvirus Cowpox virus,48.0
9377,1933179,0.0,Orthobunyavirus Bunyamwera orthobunyavirus,13.0
9378,306276,0.0,Orbivirus Yunnan orbivirus,16.0
9379,53988,0.0,Bracoviriform demolitoris,15.0
9380,2912630,0.0,Enterobacter cloacae complex sp. ECL405,1907.0
9381,2850494,0.0,Enterobacter cloacae complex sp. ECL68,1119.0
9382,2850493,0.0,Enterobacter cloacae complex sp. ECL112,1918.0
9383,648691,0.0,Enterobacter sp. YSU,18307.0
9384,42895,0.0,Enterobacter sp.,341.0
9385,2894203,0.0,Enterobacter sp. AN-K1,956.0
9386,2742650,0.0,Klebsiella sp. RHBSTW-00465,389.0
9387,182180,0.0,Aromatoleum anaerobium,57.0
9388,2968613,0.0,,260.0
9389,749413,0.0,,31.0
9390,2712971,0.0,Tequintavirus NBEco002,34.0
9391,2955958,0.0,Greenvirus ssm4,14.0
9392,10325,0.0,Simplexvirus Macacine alphaherpesvirus 1,14.0
9393,2560581,0.0,Cytomegalovirus Mandrilline betaherpesvirus 1,29.0
9394,1655645,0.0,,358.0
9395,2949629,0.0,Bradyrhizobium sp. CCGUVB1N3,31.0
9396,2587858,0.0,Roseivivax sp. THAF40,290.0
9397,2365045,0.0,Moineauvirus Streptococcus phage CHPC879,787.0
9398,2419632,0.0,Moineauvirus Streptococcus phage SW12,43.0
9399,1971410,0.0,Moineauvirus Streptococcus phage P0091,74.0
9400,2365012,0.0,Moineauvirus Streptococcus phage CHPC1036,35.0
9401,2365058,0.0,Moineauvirus Streptococcus phage CHPC979,57.0
9402,1971443,0.0,Moineauvirus Streptococcus phage P9851,164.0
9403,2006928,0.0,Moineauvirus Streptococcus phage D4276,79.0
9404,633135,0.0,Moineauvirus Abc2,1124.0
9405,1814960,0.0,,309.0
9406,2365016,0.0,,191.0
9407,2365056,0.0,,236.0
9408,2365055,0.0,Brussowvirus Streptococcus phage CHPC951,287.0
9409,682370,0.0,Brussowvirus ALQ132,130.0
9410,2956221,0.0,Neritesvirus scam8,15.0
9411,2843793,0.0,Goettingenvirus goe8,24.0
9412,2560484,0.0,Bantamvirus bantam,30.0
9413,2734128,0.0,Petsuvirus pEtSU,17.0
9414,1934253,0.0,,116.0
9415,1511891,0.0,Dependoparvovirus primate1,12.0
9416,2955314,0.0,Arthrobacter sp. H16F315,21.0
9417,2967300,0.0,Mycoplasma sp. 3686d,450.0
9418,2015795,0.0,Klebsiella sp. LY,5318.0
9419,2986524,0.0,Klebsiella sp. KP20-425-1,1673.0
9420,2989727,0.0,Shewanella sp. JNE2,523.0
9421,2799184,0.0,Pseudomonas sp. Eqa60,239.0
9422,1933912,0.0,Bartonella sp. Raccoon60,1171.0
228,1712516,0.0,Paenibacillus baekrokdamisoli,8100.0
9424,2365042,0.0,Moineauvirus Streptococcus phage CHPC873,79.0
9425,85154,0.0,Brussowvirus bvO1205,205.0
9426,2956045,0.0,Kagamiyamavirus ecs1,48.0
9427,2955945,0.0,Gelderlandvirus cgg41,35.0
9428,2956431,0.0,Sentinelvirus sentinel,12.0
9429,2734194,0.0,Colossusvirus colossus,14.0
9430,130310,0.0,Mastadenovirus Human mastadenovirus D,1084.0
9431,2955431,0.0,Betabaculovirus maphaseoli,72.0
9432,2844103,0.0,Alphanudivirus Drosophila melanogaster nudivirus C,22.0
9433,28896,0.0,Thermoanaerobacterium saccharolyticum,739.0
9434,2989768,0.0,Staphylococcus sp. IVB6227,187.0
9435,1737359,0.0,Gordonia sp. 1D,418.0
9436,2678565,0.0,Citrobacter sp. On28M,18.0
9437,2787629,0.0,Pantoea sp. SM3640,264.0
9438,2027290,0.0,Providencia huaxiensis,62.0
9439,200254,0.0,Aromatoleum buckelii,29.0
9440,2686312,0.0,,302.0
9441,2734274,0.0,Sansavirus Caulobacter virus Sansa,56.0
9442,2734244,0.0,Lentavirus PMBT5,43.0
9443,2955329,0.0,Aminayvirus aminay,21.0
9444,3050272,0.0,Bossavirus delphinidgamma1,35.0
9445,1146872,0.0,Atadenovirus Snake atadenovirus A,27.0
9446,2594461,0.0,Streptomyces sp. S1D4-14,861.0
9447,147212,0.0,Pseudomonas sp. SW-3,496.0
9448,1602166,0.0,Pseudomonas sp. St290,134.0
9449,2745512,0.0,Pseudomonas shahriarae,105.0
9450,2886359,0.0,Stenotrophomonas sp. SI-NJAU-1,57.0
9451,375919,0.0,Wolbachia endosymbiont of Drosophila pseudotakahashii,82.0
9452,99179,0.0,,67.0
9453,1643324,0.0,,11.0
9454,2734118,0.0,Mazuvirus scam7,20.0
9455,2733604,0.0,Drulisvirus KpV74,61.0
9456,2733907,0.0,Fussvirus S30C28,42.0
9457,1980966,0.0,Fletchervirus CP30A,40.0
9458,2955497,0.0,Birdsnestvirus birdsnest,35.0
9459,2956122,0.0,Lilbeanievirus lilbeanie,35.0
9460,2560671,0.0,Noxifervirus noxifer,24.0
9461,548914,0.0,Proboscivirus Elephant endotheliotropic herpesvirus 4,26.0
9462,3047737,0.0,Alphabaculovirus capomonae,22.0
9463,3048365,0.0,Deltanudivirus tipoleraceae,34.0
9464,1096935,0.0,Veillonella sp. OK1,63.0
9465,1589270,0.0,,27.0
9466,2955237,0.0,Alisovirus socal22,36.0
9467,1922785,0.0,,31.0
9468,1229325,0.0,,15.0
9469,2845389,0.0,Ceduovirus CHPC1170,210.0
9470,2845393,0.0,Ceduovirus CHPC1242,132.0
9471,2845406,0.0,Ceduovirus CHPC972,97.0
9472,2845390,0.0,Ceduovirus CHPC1182,39.0
9473,2845149,0.0,Ceduovirus cv05802,71.0
9474,294631,0.0,,13.0
9475,73422,0.0,,97.0
9476,1971411,0.0,,155.0
9477,2560332,0.0,Matervirus mater,29.0
9478,2419631,0.0,Brussowvirus Streptococcus phage SW1151,145.0
9479,2169686,0.0,Nezavisimistyvirus Ea2809,23.0
9480,235201,0.0,Coetzeevirus JL1,48.0
9481,2956056,0.0,Keshuvirus keshu,26.0
9482,2733662,0.0,Pijolavirus PspYZU08,23.0
9483,3047946,0.0,Betabaculovirus helarmigerae,33.0
9484,2782013,0.0,Streptomyces sp. A10(2020),162.0
9485,201847,0.0,,23.0
9486,1003177,0.0,,31.0
9487,1993867,0.0,Fromanvirus trixie,23.0
9488,2956110,0.0,Leonardvirus emoore,16.0
9489,2742670,0.0,Citrobacter sp. RHBSTW-00903,634.0
9490,2841063,0.0,Pseudomonas sp. SK2,182.0
9491,148943,0.0,,21.0
9492,115987,0.0,Biquartavirus 44RR2,19.0
9493,2015375,0.0,Mastadenovirus Bat mastadenovirus F,14.0
9494,2873234,0.0,,22.0
9495,2789210,0.0,Bacillus sp. A1(2020),402.0
9496,1389960,0.0,Exiguobacterium sp. S3-2,131.0
9497,2778067,0.0,Aeromonas sp. FDAARGOS 1418,237.0
9498,1637831,0.0,Burkholderia sp. MSMB617WGS,139.0
9499,1922550,0.0,,12.0
9500,2778055,0.0,Aeromonas sp. FDAARGOS 1406,69.0
9501,2365043,0.0,Moineauvirus Streptococcus phage CHPC875,89.0
9502,1971445,0.0,Brussowvirus Streptococcus phage P9853,161.0
229,1870820,0.0,Paenibacillus ihbetae,9882.0
9504,129728,0.0,Parapoxvirus of red deer in New Zealand,13.0
9505,161675,0.0,Flavivirus Tamana bat virus,79.0
9506,2841656,0.0,Bacillus sp. ZHX3,6166.0
9507,10664,0.0,Tequatrovirus T2,566.0
9508,1980931,0.0,Sepunavirus IPLAC1C,82.0
9509,2845179,0.0,Skunavirus sv66901,59.0
9510,2419643,0.0,,370.0
9511,1913082,0.0,,64.0
9512,2734038,0.0,Webervirus mezzogao,155.0
9513,2888526,0.0,Bacillus sp. BC1-43,148.0
9514,2954061,0.0,Wolbachia endosymbiont (group A) of Sympetrum striolatum,241.0
9515,1403390,0.0,,32.0
9516,929833,0.0,,24.0
9517,194966,0.0,Zindervirus SP6,40.0
9518,1985696,0.0,Sripuvirus madureira,23.0
9519,2594454,0.0,Streptomyces sp. RLB1-9,347.0
9520,2895484,0.0,Pseudomonas sp. B21-035,169.0
9521,167957,0.0,Wolbachia endosymbiont of Aedes albopictus,29.0
9522,3032580,0.0,Haladaptatus sp. DYSN1,83.0
9523,2365032,0.0,,207.0
9524,32604,0.0,Roseolovirus Human betaherpesvirus 6B,13.0
9525,202462,0.0,Candidatus Phytoplasma Maize bushy stunt phytoplasma,420.0
9526,2599866,0.0,,22.0
9527,1971421,0.0,Moineauvirus Streptococcus phage P7132,194.0
9528,2560689,0.0,Chakrabartyvirus pf16,14.0
9529,2734195,0.0,Colossusvirus PW,26.0
9530,2956556,0.0,Triduovirus Tr2,45.0
9531,2776867,0.0,Dismasvirus Microbacterium phage Lahqtemish,20.0
9532,3050269,0.0,Cyvirus cyprinidallo1,22.0
9533,2955325,0.0,Amginevirus amohnition,21.0
9534,1922641,0.0,,13.0
9535,78541,0.0,Brussowvirus Sfi11,114.0
9536,1933276,0.0,Orthobunyavirus Kairi orthobunyavirus,26.0
9537,2742646,0.0,Enterobacter sp. RHBSTW-00422,1675.0
9538,2742671,0.0,Citrobacter sp. RHBSTW-00944,657.0
9539,1105106,0.0,Rickettsia philipii,128.0
9540,2845108,0.0,Yonseivirus soft,38.0
9541,2969597,0.0,,14.0
9542,2843766,0.0,Eldridgevirus eldridge,16.0
9543,1955558,0.0,Marseillevirus Noumeavirus,30.0
9544,2169960,0.0,Ilarvirus Privet ringspot virus,76.0
9,236753,0.0,Fastidiosipila sanguinis,32782.0
10,1510,0.0,Thermoclostridium stercorarium,35665.0
11,2483110,0.0,Clostridium sp. JN-1,48454.0
12,1970093,0.0,Clostridium sp. 001,17929.0
13,755731,0.0,Clostridium sp. BNL1100,26526.0
14,2779445,0.0,Clostridium sp. 'deep sea',25822.0
15,2212991,0.0,Clostridium sp. AWRP,15355.0
16,1702238,0.0,Clostridium sp. MF28,16730.0
17,2843318,0.0,Clostridium sp. CF011,13189.0
230,189691,0.0,Paenibacillus elgii,12180.0
19,1443109,0.0,Clostridium sp. K25,275.0
20,1519,0.0,Clostridium tyrobutyricum,41284.0
21,1716543,0.0,Clostridium thermarum,48265.0
22,1494,0.0,Clostridium cochlearium,43677.0
23,2068654,0.0,Clostridium fermenticellae,36701.0
1,2681861,0.0,Sporofaciens musculi,8834.0
0,2934315,0.0,Anaeropeptidivorans aminofermentans,33972.0
9546,3050133,0.0,Ictavirus acipenseridallo2,20.0
9547,3050271,0.0,Cyvirus cyprinidallo3,11.0
9548,1591,0.0,Lactobacillus sp.,13.0
9549,1984778,0.0,Agricanvirus Ea3570,60.0
9550,2955912,0.0,Foxborovirus GTE8,19.0
9551,2734196,0.0,Poindextervirus BL10,29.0
9552,2733624,0.0,Ghunavirus shl2,12.0
9553,88773,0.0,Halobacterium sp. GN101,115.0
9554,998086,0.0,,13.0
9555,2955985,0.0,Herugrimvirus gladden,15.0
9556,3047776,0.0,Betabaculovirus cryleucotretae,24.0
9557,1123964,0.0,,13.0
9558,1465751,0.0,Chloriridovirus Anopheles minimus iridovirus,22.0
9559,65959,0.0,Acetobacter pomorum,236.0
3,1521,0.0,Ruminiclostridium cellulolyticum,32105.0
